sample_id,canny_edge_density,canny_f1,canny_f1_strict,canny_precision,canny_recall,canny_tol_px,dists,lpips,maniqa,musiq,niqe,psnr,qalign,ssim
00022,0.18271255493164062,0.7025362916851141,0.24951868336611116,0.7123410652024135,0.6929977624042863,1,0.27816444635391235,0.6145970225334167,0.7100590467453003,75.84484100341797,3.6973051551939577,11.877431869506836,4.90234375,0.19202904572190832
00027,0.051296234130859375,0.6920550276437571,0.25933003158756773,0.6845393024466424,0.6997376188914398,1,0.25950169563293457,0.6207143068313599,0.6514101624488831,75.4768295288086,4.362356880443719,7.522149085998535,4.95703125,0.5030789947989356
00057,0.03055572509765625,0.4828826172119681,0.20291947385306383,0.37702871410736577,0.6713772992373261,1,0.2091183066368103,0.4165521264076233,0.5828751921653748,71.83883666992188,3.7458716470105573,12.607064247131348,4.55078125,0.5294916259937389
00064,0.06559371948242188,0.626205453356246,0.22693799032132014,0.6006978772899099,0.6539753639417694,1,0.20277416706085205,0.4261764883995056,0.5529129505157471,75.59342956542969,3.2213463730347494,13.093744277954102,4.94921875,0.449198574723361
00072,0.1129913330078125,0.709613590331887,0.26057999631854617,0.712592842673869,0.7066591459570656,1,0.15519452095031738,0.3303188681602478,0.7033181190490723,75.33777618408203,3.5703915342821593,13.644153594970703,4.9453125,0.46222467940130146
00078,0.13281631469726562,0.724834686256863,0.2554712726154477,0.8098055547577333,0.6560020357646841,1,0.19156914949417114,0.44112449884414673,0.6876860857009888,76.1493148803711,2.9563363938574057,14.899395942687988,4.85546875,0.36282927260989556
00080,0.072357177734375,0.6603935457377905,0.2569174972735804,0.6824652045550401,0.6397048042617662,1,0.2832719683647156,0.5108520984649658,0.6066849231719971,76.396728515625,4.220111555888305,9.541475296020508,4.859375,0.4619833347815778
00101,0.10284805297851562,0.6223798773331136,0.2175431317636483,0.6661103074811765,0.584037558685446,1,0.2725154161453247,0.6178008317947388,0.6415624022483826,75.56981658935547,3.2387383992339647,13.27912712097168,4.68359375,0.3164307201811165
00106,0.1479644775390625,0.7243488616698077,0.25480911863481553,0.7859905125296484,0.6716726401196157,1,0.26131826639175415,0.60892653465271,0.6197193264961243,76.89888000488281,2.3840676703084642,8.612068176269531,4.78515625,0.23498981149539
00115,0.0694427490234375,0.6056352278460743,0.21371602336685427,0.6155240606460118,0.5960591133004927,1,0.16783595085144043,0.40774446725845337,0.6396543979644775,75.26261138916016,3.377206766560182,16.545339584350586,4.83203125,0.5288215984651885
00155,0.15228652954101562,0.7334023274242873,0.26232597879077246,0.7311690588913103,0.7356492802581491,1,0.1880139708518982,0.4451324939727783,0.6396617889404297,75.80333709716797,2.805047514233954,13.549461364746094,4.87890625,0.39158672788667787
00160,0.08795547485351562,0.5824327103107683,0.201264724116553,0.5188879732836015,0.6637132267778549,1,0.31968897581100464,0.6139599084854126,0.6224730014801025,73.74072265625,3.5412826878441996,10.003300666809082,4.609375,0.4124082457207452
00166,0.07461166381835938,0.7106112293115322,0.26851699786500244,0.6712510864563628,0.7548748159057438,1,0.2643710970878601,0.5260241627693176,0.5500514507293701,72.42803955078125,2.6295613781688254,11.173564910888672,4.0390625,0.5100007763715579
00169,0.09481430053710938,0.814635825090699,0.3464245355960429,0.8249044457855562,0.8046197139060424,1,0.29710161685943604,0.47864824533462524,0.47595345973968506,72.91654205322266,4.57088067288317,7.949249267578125,3.369140625,0.32585878392069195
00174,0.04697418212890625,0.4228626337782323,0.1451012996105544,0.3961344810784473,0.45345858240819814,1,0.2623963952064514,0.5171760320663452,0.622886061668396,73.1778335571289,3.129501797900529,14.069623947143555,4.67578125,0.4679229384252703
00176,0.03314208984375,0.6317147537554153,0.2386634844868735,0.5689456721915286,0.7100513573000734,1,0.28759580850601196,0.6309592127799988,0.7067434191703796,75.32913208007812,4.201695864328564,5.949531078338623,4.93359375,0.45894269045031305
00181,0.18292617797851562,0.7737978051171793,0.2785801999883048,0.8272892206952641,0.7268036521325454,1,0.31435269117355347,0.5755510330200195,0.6908410787582397,76.4640884399414,3.78298200220569,10.138879776000977,4.43359375,0.27576353339381593
00199,0.08550262451171875,0.7055017671523526,0.25228511702258477,0.7672436869813509,0.6529567854435178,1,0.2281816601753235,0.39074966311454773,0.572901725769043,71.17733001708984,3.5935240991277597,11.25729751586914,4.45703125,0.29504939124629914
00206,0.08637619018554688,0.6506638715253898,0.23222179218186634,0.708342534116504,0.6016712038717483,1,0.2258816957473755,0.4308536946773529,0.5933620929718018,70.69523620605469,3.8656351393258803,11.759576797485352,4.53125,0.4350662315023048
00210,0.1290130615234375,0.700911397252724,0.255293374743869,0.7906564163217031,0.6294629600018274,1,0.1670209765434265,0.39417511224746704,0.679726779460907,73.29704284667969,3.8961885306067336,13.10136604309082,4.859375,0.38805488697416585
00214,0.06694412231445312,0.5672518678206938,0.212990387113536,0.6160464983759758,0.52561959791796,1,0.2063075304031372,0.4832587242126465,0.7091604471206665,74.74401092529297,4.041178329938283,12.453060150146484,4.9375,0.4803587363707936
00228,0.15964508056640625,0.8053482830355968,0.2848424589433264,0.8395459976105137,0.7738275174694969,1,0.22022545337677002,0.4921531677246094,0.7245092988014221,75.05327606201172,4.6174563065874965,11.999101638793945,4.6796875,0.4004827629052386
00230,0.10283660888671875,0.677634062126523,0.2531195602382043,0.6793159729950293,0.6759604591374878,1,0.18508219718933105,0.3992824852466583,0.7106508612632751,75.66561889648438,4.261682037550299,12.983867645263672,4.91796875,0.4774294704965317
00237,0.08491897583007812,0.6820389831236914,0.24696186030864975,0.7244957549076861,0.6442828346705664,1,0.2335817813873291,0.5063939094543457,0.7291984558105469,76.3763656616211,3.891250984492792,6.137507438659668,4.30859375,0.2987865717989861
00243,0.08197402954101562,0.523967956990086,0.17856925047264743,0.4105356228768207,0.724015922158337,1,0.3202395439147949,0.593463659286499,0.5594314932823181,75.16939544677734,3.7191456002060277,10.710601806640625,4.51171875,0.4754054066439217
00245,0.046298980712890625,0.672114862411273,0.251655020228025,0.6210760484468979,0.7322932917316692,1,0.22849249839782715,0.4162163734436035,0.6646869778633118,73.5148696899414,3.9583376838608553,17.69681739807129,4.8671875,0.6926766045780376
00260,0.062274932861328125,0.6353577442292717,0.2362055549917115,0.5803369065849924,0.7019041861870938,1,0.284942626953125,0.6239064931869507,0.680793285369873,76.78834533691406,3.9624163643472956,12.764892578125,4.671875,0.560563500436868
00264,0.04347991943359375,0.5624429917505313,0.21957319993613963,0.4657834707843481,0.7097254159339916,1,0.2607496380805969,0.42972391843795776,0.5404126048088074,74.2531967163086,4.9403829489109965,13.272714614868164,4.14453125,0.5854283948576333
00294,0.058231353759765625,0.7610504771870021,0.28567325367647056,0.8417949557811988,0.6944401820878727,1,0.27298903465270996,0.3004157245159149,0.5734828114509583,74.28092193603516,4.67420328857969,12.82303237915039,4.609375,0.7194039901865592
00315,0.10336685180664062,0.6829382773924149,0.24994202853741865,0.8029302136767907,0.59414737962224,1,0.18957626819610596,0.44458216428756714,0.6395691633224487,76.01113891601562,3.6378275389043266,14.160184860229492,4.90625,0.410581021450419
00324,0.053508758544921875,0.6196588180706569,0.23598517700859417,0.5678334640336494,0.681894346944175,1,0.21333587169647217,0.4048565924167633,0.5672909021377563,75.83499908447266,3.5865698094205487,14.508074760437012,4.78125,0.666415061136732
00330,0.11236953735351562,0.6850477035545525,0.2437295075146048,0.7011236717927827,0.6696924182067524,1,0.31379634141921997,0.6884973049163818,0.5928821563720703,75.26947784423828,2.7447003518857316,6.773837089538574,4.55078125,0.20283138597513772
00391,0.09984970092773438,0.614526936978583,0.21462340521986917,0.5587010506208214,0.6827476672622593,1,0.26644933223724365,0.6745389699935913,0.5579046010971069,75.50920104980469,3.2371200760609975,14.66435432434082,4.61328125,0.4366102743107704
00395,0.07138824462890625,0.6379353814116899,0.23111777944486123,0.5757721491931175,0.7151461227842036,1,0.2466617226600647,0.5692065954208374,0.40545445680618286,69.09648895263672,2.702670810914001,11.057403564453125,4.2421875,0.475243926366183
00399,0.08209991455078125,0.6772734873625832,0.24525691236134237,0.6734504228231577,0.6811402055021545,1,0.2245258092880249,0.5529787540435791,0.6132139563560486,75.77364349365234,3.4356965620774766,12.92242431640625,4.81640625,0.4301872936089814
00405,0.14112091064453125,0.7691033939787141,0.2860066762505787,0.838244039573985,0.7104994677075941,1,0.23757517337799072,0.5586423873901367,0.6543898582458496,72.96115112304688,3.2325305550995425,12.074824333190918,4.625,0.3270204377023175
00423,0.15883255004882812,0.5723644204185515,0.19578063657234457,0.5162475682686073,0.6421691268451338,1,0.37888091802597046,0.6721063852310181,0.5919922590255737,75.916748046875,2.7363177496459223,9.812662124633789,4.4921875,0.21592550544916164
00432,0.08638381958007812,0.6818631362361923,0.24756725172483537,0.6677412232280857,0.6965952773201538,1,0.1946011781692505,0.4189430773258209,0.5981825590133667,76.89849853515625,2.7972714195366706,10.888871192932129,4.703125,0.3324999651369484
00434,0.08353805541992188,0.6535302167293783,0.2467780751670003,0.6587972053518425,0.6483467777679284,1,0.2566690444946289,0.5147496461868286,0.7123703956604004,75.78280639648438,3.1331217130148223,9.086385726928711,4.93359375,0.278970680926747
00443,0.06815719604492188,0.5420539048348766,0.19002698694415404,0.6250629652431857,0.4785075653370014,1,0.20775872468948364,0.5282721519470215,0.5090107917785645,74.70258331298828,3.174449223073927,13.631828308105469,4.8203125,0.3690596924466402
00464,0.0587921142578125,0.6495472831754422,0.24077248714270721,0.6103685439916948,0.694100675726976,1,0.23658770322799683,0.44785934686660767,0.645614743232727,75.2722396850586,4.276793866295482,13.720392227172852,4.34375,0.6313323727834859
00471,0.045299530029296875,0.5366177172074914,0.18251950556675725,0.5131789473684211,0.5623000274248103,1,0.282961368560791,0.6021062135696411,0.49620118737220764,69.2449951171875,3.587586749196346,13.901372909545898,4.15234375,0.6316912801587082
00476,0.10455322265625,0.5930529320582562,0.2142375320411926,0.48507734967892585,0.7628618305402555,1,0.239657461643219,0.48583683371543884,0.7137747406959534,76.49063873291016,3.6387952907666565,8.40239143371582,4.8984375,0.30552838104495406
00500,0.170989990234375,0.7220336283167843,0.256918902622852,0.789643940746029,0.6650879566982408,1,0.3061820864677429,0.6258227229118347,0.6612970232963562,74.66376495361328,3.6527300357920667,10.557026863098145,4.88671875,0.18555170153732092
00510,0.06587600708007812,0.46753288625716033,0.16623144584936778,0.3973594301928311,0.5678073510773131,1,0.2397177815437317,0.5324013829231262,0.6423054337501526,74.39331817626953,3.064629868093466,15.302236557006836,4.7578125,0.5138302408803777
00511,0.21574783325195312,0.7699653654928811,0.2892991941242477,0.8501865374754672,0.7035777771507576,1,0.3463444113731384,0.7311014533042908,0.7222298979759216,75.74955749511719,3.842802004725851,8.664545059204102,4.8828125,0.1211064788716652
00536,0.04729461669921875,0.5447886643396014,0.19916203839033422,0.4553153734473302,0.6780265748031497,1,0.3139880895614624,0.5619403123855591,0.5464891791343689,65.55317687988281,3.382986211163388,15.737261772155762,4.234375,0.5351440903734423
00548,0.07576370239257812,0.6373298740797987,0.22184998259658892,0.7239313226927143,0.5692343049756771,1,0.2168503999710083,0.49461326003074646,0.6391215324401855,75.62898254394531,2.976948084231152,11.608763694763184,4.8828125,0.3886360808516984
00564,0.034168243408203125,0.45481500521894463,0.17318586458052335,0.3827174277101708,0.5603815363651848,1,0.281261682510376,0.6046071648597717,0.5537746548652649,73.25560760498047,3.865044091128509,13.679615020751953,4.55078125,0.3253336789557855
00569,0.06430435180664062,0.41822091535995154,0.15431189657993782,0.3050364833600285,0.6649532094371952,1,0.25941526889801025,0.6363976001739502,0.4493942856788635,76.51506042480469,3.302871634231764,11.689920425415039,4.9765625,0.39796350882280324
00577,0.13422393798828125,0.6564165568297616,0.23728680445567235,0.7101403967487069,0.610249690616583,1,0.25400906801223755,0.5639973282814026,0.6774487495422363,74.31732940673828,3.415773655312141,9.917095184326172,4.81640625,0.23246814079940173
00587,0.13447952270507812,0.6631869272462203,0.23960658311054425,0.7570135874960996,0.5900537924776945,1,0.2732904553413391,0.5068306922912598,0.5983779430389404,73.72228240966797,3.7538796260787457,12.439268112182617,4.43359375,0.28433473067399234
00606,0.06689834594726562,0.5945744659797741,0.2047514848390122,0.5506643097451104,0.646094236490694,1,0.3209543824195862,0.5658975839614868,0.5603480339050293,69.99311065673828,4.031494628412673,11.54603099822998,4.53515625,0.46056215364858794
00635,0.06185150146484375,0.5829654522682584,0.20533554266777132,0.547859874182805,0.6228780173340018,1,0.177556574344635,0.5179639458656311,0.6154369115829468,75.25778198242188,3.0373448864515615,14.078827857971191,4.87890625,0.42783765631617016
00641,0.08083724975585938,0.7296438928123867,0.27421984431330226,0.7474399509225614,0.7126755523749888,1,0.20766180753707886,0.32832759618759155,0.7259684205055237,74.54612731933594,4.000161403312696,12.890791893005371,4.9140625,0.5594729890615597
00645,0.03939056396484375,0.5256187961150415,0.18779227172040364,0.621344179740461,0.4554511813265016,1,0.2597113847732544,0.5733826160430908,0.6091158986091614,73.82803344726562,4.66799817510542,12.764872550964355,4.48828125,0.4718601526363713
00651,0.23828125,0.7553477455375761,0.2667213607096552,0.822905993852459,0.6980405925485801,1,0.5905657410621643,0.8704311847686768,0.7823992967605591,78.19927978515625,3.6543037894403363,11.829483032226562,4.8515625,0.10931559161473736
00656,0.04412841796875,0.4939163300143574,0.16624450762470921,0.41675311203319504,0.6061463289186061,1,0.22867357730865479,0.47982704639434814,0.5674619078636169,74.68389892578125,3.878231760480484,9.786962509155273,4.91796875,0.526288391508349
00658,0.18331146240234375,0.7963042323160306,0.28848571267753614,0.8633828609481,0.7388972396829735,1,0.22625994682312012,0.4575955271720886,0.5366953611373901,67.63420867919922,3.785513333538894,11.873926162719727,3.80859375,0.286675593418648
00666,0.15510177612304688,0.6439592426085996,0.22419173940605647,0.6510735630487715,0.6369987188474462,1,0.24443680047988892,0.5365010499954224,0.6717636585235596,76.14449310302734,2.876739881789762,12.52259635925293,4.9140625,0.23067528067381918
00687,0.12869644165039062,0.7254905126159388,0.26665781260375854,0.800634318404126,0.6632417344434285,1,0.21076226234436035,0.4962477684020996,0.48643824458122253,73.65994262695312,3.891164214536734,11.236810684204102,4.31640625,0.3123270902564104
00690,0.08843994140625,0.5405395986538601,0.18769522663643304,0.5323930296756384,0.5489393561267781,1,0.40900492668151855,0.762121856212616,0.5533193945884705,64.62351989746094,4.48485372100164,13.161556243896484,3.22265625,0.27241890370173005
00694,0.10243606567382812,0.6630204407611652,0.232690879236874,0.6430938815029978,0.6842213536309402,1,0.27248501777648926,0.5269289612770081,0.5923586487770081,72.9013442993164,3.1161903205032657,13.4882173538208,4.80859375,0.40312089666332085
00699,0.059711456298828125,0.5511459760092571,0.18841410954975624,0.6081262377818949,0.5039288130301296,1,0.25771546363830566,0.5635812282562256,0.6689563393592834,77.20417022705078,4.04419172596756,14.951162338256836,4.94140625,0.48361711253311157
00708,0.06349945068359375,0.4752494929788862,0.179305566248364,0.3750450558692779,0.6485212173167595,1,0.29782772064208984,0.5702224969863892,0.5262704491615295,72.12429809570312,3.2352185164299794,11.348637580871582,4.1015625,0.30303875816719017
00711,0.09768295288085938,0.6287632910496274,0.2211428309581634,0.5464130901706564,0.7403403736349021,1,0.3382812738418579,0.6320324540138245,0.6682391166687012,71.4078140258789,3.5381934611988344,14.570030212402344,4.53515625,0.41372809323180837
00728,0.059749603271484375,0.6648377481237542,0.2556282209698321,0.6960352422907489,0.6363169311565248,1,0.32771551609039307,0.5816392302513123,0.5315846800804138,75.20464324951172,3.9643978339791555,9.624679565429688,3.966796875,0.4231086667425803
00732,0.07755661010742188,0.6741689046872448,0.25458145317248365,0.7117210171659043,0.6403808699415711,1,0.17875653505325317,0.28476789593696594,0.6900023221969604,76.43875122070312,3.984104883773959,16.141149520874023,4.90625,0.5387931124496538
00734,0.041904449462890625,0.6758963604054578,0.24686861508394778,0.6824761037778789,0.669442275999653,1,0.23948729038238525,0.42505010962486267,0.5380789041519165,76.1553726196289,4.794434698040792,13.47459602355957,4.05859375,0.6528822210278852
00737,0.056865692138671875,0.5386355334148135,0.18623113750681777,0.5879788019051453,0.4969328543796629,1,0.20232248306274414,0.4075877070426941,0.6457723379135132,74.90562438964844,3.606316989881048,14.27808666229248,4.55859375,0.5018512983281411
00741,0.1600494384765625,0.781009171761805,0.282473721764875,0.8618791114500906,0.7140134378068267,1,0.2663249373435974,0.5942729711532593,0.7105769515037537,76.0318832397461,3.861913720313869,11.356535911560059,4.9296875,0.31519021709947015
00780,0.05541229248046875,0.8319072729514955,0.3079591321897074,0.902657304144293,0.7714418712905854,1,0.2486078143119812,0.24720928072929382,0.6195765137672424,75.4849853515625,4.987271456371819,13.714776039123535,4.84375,0.7612736242294381
00784,0.0798492431640625,0.6068097867189837,0.21184043188247814,0.5622969615899102,0.6589759618116724,1,0.18641233444213867,0.40561798214912415,0.6114939451217651,74.1153564453125,3.088976177567124,13.333976745605469,4.59375,0.4700714871275264
00786,0.03601837158203125,0.6950324906129296,0.3000667556742323,0.6605592035585681,0.7333020857745489,1,0.20347750186920166,0.43385013937950134,0.6768571138381958,74.06060028076172,5.522344175042928,11.961896896362305,4.91796875,0.6584412044723238
00791,0.058628082275390625,0.5964891153106205,0.20605034905859954,0.5663998958943327,0.6299545909335796,1,0.4397081136703491,0.8369705677032471,0.5549192428588867,69.08776092529297,4.104506019103065,13.466514587402344,4.21484375,0.31221256315140555
00867,0.09976959228515625,0.582485830306129,0.20621083634782264,0.5692819454003212,0.596316758747698,1,0.3969627022743225,0.6045023798942566,0.6174083352088928,76.53515625,3.8257735149256695,9.062376976013184,4.015625,0.2901247896519904
00872,0.03984832763671875,0.4611178311999489,0.16540454364288562,0.33744974152785756,0.7278645833333334,1,0.2985385060310364,0.48432907462120056,0.5651618838310242,73.38087463378906,4.39796096006751,11.569194793701172,4.7109375,0.650681828399014
00880,0.054889678955078125,0.6605752623039409,0.23254710586959468,0.6730141079991661,0.6485878695680931,1,0.3354383111000061,0.6969515085220337,0.6191436648368835,73.39543151855469,3.5322978239829457,11.525603294372559,4.4375,0.44573673382737256
00884,0.04288482666015625,0.6102150183984428,0.289423740510697,0.6195516811955168,0.6011555853290906,1,0.2901346683502197,0.3970559239387512,0.6897315382957458,75.40477752685547,5.415226477922991,11.600564956665039,4.80078125,0.6551211651638252
00885,0.071319580078125,0.6282600356069922,0.2340762846218409,0.5443945228925974,0.7426705262376605,1,0.3017526865005493,0.6116167306900024,0.6925102472305298,73.94061279296875,3.469143248818355,9.974976539611816,4.91796875,0.35096949722497833
00886,0.10583114624023438,0.6324151144464029,0.2242580254391278,0.6131276358000216,0.6529554784965522,1,0.2683074474334717,0.5138248801231384,0.6459848880767822,75.67317199707031,3.1708607526770987,14.516111373901367,4.80078125,0.42365555670106636
00896,0.02574920654296875,0.5113638260214409,0.18935119887165022,0.43525925925925923,0.6197213757074445,1,0.19585829973220825,0.364048570394516,0.5880946516990662,72.94076538085938,4.324106345969116,17.47564125061035,4.5703125,0.6378695884187284
00921,0.07584762573242188,0.36232749955826393,0.12803674597193815,0.2559975858773827,0.6197394789579158,1,0.2926148772239685,0.7239993214607239,0.5998546481132507,74.62120056152344,2.3376635367385643,8.854848861694336,4.7890625,0.3292837184853746
00929,0.050457000732421875,0.5655765019123613,0.2073766849355651,0.5817645724654117,0.5502649343108079,1,0.27000540494918823,0.6404600143432617,0.6535100936889648,74.29013061523438,3.494313746059515,10.492815017700195,4.890625,0.37595596927767555
00931,0.0618743896484375,0.5322680124382234,0.18338626315461734,0.5255240443896424,0.5391873191596427,1,0.2592853307723999,0.536688506603241,0.5614674687385559,74.54383087158203,3.0724528629459438,13.284414291381836,4.40625,0.4506663125711634
00933,0.1363372802734375,0.7442393419325518,0.2721838386126528,0.8087856743144936,0.6892340065414789,1,0.2095949649810791,0.47485482692718506,0.5991629958152771,76.15746307373047,2.5714195134093782,10.836191177368164,4.5078125,0.3448419937888918
00948,0.055721282958984375,0.6342018897525772,0.23868748346123314,0.5786266858355583,0.7015870335978389,1,0.1630418300628662,0.27919697761535645,0.5831705331802368,74.4090576171875,3.6709405120133547,16.007585525512695,4.68359375,0.6382395446613601
00952,0.13864517211914062,0.7767538862407398,0.28085106382978725,0.778043747420553,0.775468294713473,1,0.3163529634475708,0.5986728072166443,0.6606059670448303,75.53360748291016,4.291513560123635,10.225076675415039,4.79296875,0.41414895838014293
00997,0.10747146606445312,0.7613879205097737,0.2787128345814488,0.7361658325346964,0.7883996120271581,1,0.20615792274475098,0.5121210813522339,0.6413779854774475,76.6968765258789,3.2146877762079216,12.29922103881836,4.796875,0.45825892981698885
01001,0.048114776611328125,0.7182790594446143,0.2768287699223539,0.689685245381749,0.7493463776672008,1,0.22354388236999512,0.4028624892234802,0.558086633682251,72.58171844482422,3.9677309174955164,13.442364692687988,4.71484375,0.6468317244329004
01014,0.11758804321289062,0.5611485911706807,0.19420169807413543,0.4500243309002433,0.745147437732608,1,0.3188343048095703,0.6356673836708069,0.6082625389099121,74.00840759277344,3.123203520526344,12.368125915527344,4.67578125,0.2322747875935746
01018,0.0661468505859375,0.5974869267636367,0.2165993337585938,0.49048442906574397,0.7642029784886928,1,0.18062525987625122,0.267344206571579,0.6203165650367737,73.56678771972656,3.14228422028808,17.141706466674805,4.5859375,0.6327449514596136
01027,0.11600112915039062,0.6461991668234571,0.23001871821630307,0.6390871123680489,0.6534712950600801,1,0.3309682607650757,0.5576560497283936,0.5498648881912231,73.67899322509766,3.43979441051523,12.535356521606445,4.62109375,0.3232844026092
01029,0.05654144287109375,0.5763646460340734,0.21157546371122912,0.5170692214276076,0.6510211393765676,1,0.3981543183326721,0.6736025214195251,0.49030622839927673,73.982421875,4.242801557608445,8.511898040771484,3.5625,0.41243665424111203
01071,0.09145355224609375,0.6918069591388789,0.24844741926580183,0.8220989405188954,0.5971642054480203,1,0.24927496910095215,0.7037464380264282,0.7033734321594238,76.18980407714844,3.5956616857196426,11.004952430725098,4.86328125,0.4541505806886709
01080,0.007781982421875,0.49816728443210506,0.19442832269297736,0.43676470588235294,0.5796586059743954,1,0.31945306062698364,0.4623144865036011,0.7053492069244385,74.3919448852539,4.971777868990195,15.246349334716797,4.515625,0.7573963241279396
01091,0.08686447143554688,0.5628854584695587,0.18952180028129395,0.4968161257740108,0.649222645937225,1,0.22780650854110718,0.42539313435554504,0.6905244588851929,76.04312896728516,4.386231358990489,11.14838981628418,4.91796875,0.4605771276896208
01093,0.10941696166992188,0.6919225235649612,0.24081584571630513,0.719938639612314,0.6660052049446975,1,0.25322288274765015,0.5172381401062012,0.5851408243179321,77.09337615966797,3.1911845103948466,10.499265670776367,4.8515625,0.2713113372437672
01118,0.15956497192382812,0.7702158067607731,0.2736248236953456,0.7832126036960004,0.7576433121019108,1,0.18868952989578247,0.405548095703125,0.48883092403411865,76.7013931274414,2.12856512010043,14.121284484863281,4.7421875,0.38836010210142247
01119,0.07094955444335938,0.5595923961547856,0.19625099443118535,0.6047099306414323,0.5207398843930636,1,0.20103001594543457,0.32338646054267883,0.7238121628761292,76.1900863647461,4.129537101755435,15.293235778808594,4.98046875,0.5119170468176476
01136,0.10223770141601562,0.5814716930618549,0.2027620632279534,0.6564307301966344,0.5218775338598757,1,0.303677499294281,0.6308749318122864,0.5471082329750061,75.42211151123047,4.0150976485905625,9.096944808959961,4.125,0.22045195671630996
01168,0.03435516357421875,0.314660024959526,0.1023784050695416,0.21563402176326893,0.5818759936406995,1,0.45656949281692505,0.8390294909477234,0.5809533596038818,76.82209777832031,4.22469626832323,5.808171272277832,4.49609375,0.25914330340471475
01175,0.061115264892578125,0.6766164498073473,0.28269441039064314,0.6387865925972162,0.7192090395480226,1,0.23063933849334717,0.4429456889629364,0.47192656993865967,73.67787170410156,4.7243470377040895,10.702901840209961,4.70703125,0.5833800477120901
01207,0.06398773193359375,0.5576159626100579,0.1895356566327984,0.535173482770955,0.5820230784803293,1,0.2190588116645813,0.5274771451950073,0.5865187048912048,71.94647216796875,3.905878132351595,15.407305717468262,4.57421875,0.4627792320744864
01209,0.058925628662109375,0.5412649332890446,0.19696396737075253,0.6520359940441509,0.4626651216685979,1,0.26406747102737427,0.45779967308044434,0.6379693150520325,76.16767120361328,3.5516064197040893,14.497880935668945,4.80078125,0.484877539038911
01217,0.19367599487304688,0.7402452173250257,0.2653072639089754,0.882511670047862,0.637479497727945,1,0.20910680294036865,0.4934365749359131,0.6759373545646667,74.36019134521484,3.7270810133007157,11.80107593536377,4.75390625,0.19083041891354566
01227,0.01845550537109375,0.4577489982827705,0.15025627191799298,0.35262505167424557,0.6521739130434783,1,0.2735530734062195,0.6859676241874695,0.41299521923065186,66.15122985839844,3.440182002573913,14.092731475830078,4.42578125,0.6569682576172682
01236,0.09442138671875,0.6946119534595669,0.2596953418205902,0.7584437621202327,0.6406904472368599,1,0.18515491485595703,0.4261033535003662,0.6956604719161987,74.98045349121094,3.7135258822884434,13.36574649810791,4.8359375,0.45833780001538393
01248,0.04566192626953125,0.5991614911591429,0.15301178039564348,0.5690893901420218,0.6325890736342042,1,0.2155390977859497,0.4826870262622833,0.6368755102157593,76.2623291015625,4.116463914449681,12.191059112548828,4.953125,0.5610855756284387
01250,0.144378662109375,0.684662876906175,0.2400214168249557,0.7069065736630733,0.6637763271338835,1,0.2707337737083435,0.5438119173049927,0.5364044904708862,67.2861557006836,2.904312207585332,10.179609298706055,4.203125,0.2342715304696741
01262,0.19003677368164062,0.722771238369724,0.25795633712345567,0.8497701587811389,0.628796962430056,1,0.37177330255508423,0.7130928635597229,0.5809350609779358,74.75321960449219,3.6382767780372682,10.652151107788086,4.10546875,0.15251570445577145
01273,0.13153839111328125,0.6897459863142541,0.2423163803135054,0.7307000754016588,0.6531390192671732,1,0.21570634841918945,0.5368525981903076,0.6877219080924988,73.53479766845703,3.299177821345286,14.286918640136719,4.9453125,0.32947018861667143
01274,0.058124542236328125,0.7462148698943444,0.27487907126733313,0.7657675395419046,0.7276358333861662,1,0.20755469799041748,0.28194954991340637,0.49639594554901123,75.88574981689453,4.262101173640169,17.284107208251953,4.91015625,0.708522827145119
01311,0.09087753295898438,0.6869900222378851,0.2571518958738193,0.6446711161482601,0.7352552493759483,1,0.1983993649482727,0.3424467444419861,0.5860564112663269,70.81132507324219,3.637229417990367,14.144451141357422,3.9453125,0.508201338952924
01318,0.15001678466796875,0.7113096456804336,0.259998142040968,0.7713980572649138,0.6599059628125667,1,0.24291086196899414,0.5295628309249878,0.6572244763374329,75.75971984863281,3.625940722223101,13.095488548278809,4.6015625,0.34345591628111016
01324,0.12404632568359375,0.6390023693353803,0.22817580758945416,0.6065256165815855,0.6751538596799719,1,0.35332632064819336,0.6454962491989136,0.5646604895591736,72.37060546875,3.704338100314855,9.768744468688965,3.890625,0.31223038150276866
01327,0.13290786743164062,0.6122756905139707,0.21657334540770123,0.6860595275680951,0.5528212662412194,1,0.34734201431274414,0.7067329287528992,0.6146990656852722,75.21846008300781,3.321506270261188,10.087200164794922,4.7421875,0.14877071525394625
01329,0.09580612182617188,0.6604690046288186,0.23580979859068968,0.7045590284690424,0.6215721489258824,1,0.21921652555465698,0.4254951477050781,0.6266538500785828,76.2531509399414,3.604184668596148,13.05917739868164,4.79296875,0.41999739109013234
01340,0.13070297241210938,0.704768054836651,0.24650334622705225,0.8156028368794326,0.6204528109895701,1,0.2024434208869934,0.45906442403793335,0.6763015985488892,72.75836181640625,3.412582249718417,11.316993713378906,4.953125,0.3225036120897641
01381,0.14523696899414062,0.7090201330822865,0.24807429664026223,0.6985265148530455,0.7198338407260932,1,0.28497540950775146,0.5071466565132141,0.6383960843086243,77.13395690917969,2.243891807589621,12.171393394470215,4.78125,0.34993905230461647
01384,0.1370849609375,0.7079819238328653,0.2598645193600253,0.7465215939447908,0.6732261779580392,1,0.2125062346458435,0.5038361549377441,0.6318344473838806,73.82386016845703,3.469601379501484,12.350141525268555,4.62109375,0.30339088332509695
01386,0.10378265380859375,0.6761692823863372,0.247566229855241,0.8094537969565537,0.5805723458152542,1,0.21141833066940308,0.42725133895874023,0.7060073018074036,75.413818359375,3.8360140740667514,12.97212028503418,4.89453125,0.4003112413014949
01387,0.13084030151367188,0.6852248979398432,0.24239937527298716,0.7455902504446194,0.6339021670625878,1,0.24182796478271484,0.49241507053375244,0.6090210676193237,74.04492950439453,3.946918772995958,10.378971099853516,4.28515625,0.2960856372554731
01391,0.08245468139648438,0.6481675871408489,0.2440807714012317,0.5967152440434883,0.709330268519486,1,0.25218284130096436,0.5533912181854248,0.6549599170684814,76.1357650756836,3.377584779733842,8.346418380737305,4.93359375,0.36564798021158773
01401,0.06441497802734375,0.7801162189155871,0.2909315455187015,0.7845552528722018,0.775727134680528,1,0.24668079614639282,0.49012821912765503,0.7527301907539368,76.18453216552734,5.627901053345873,14.121463775634766,4.94921875,0.5712624937625064
01408,0.22103500366210938,0.8008504566654904,0.29024231113538773,0.893326199886095,0.7257245739194,1,0.26582080125808716,0.6046044230461121,0.6685131192207336,77.2536849975586,4.119660270856299,10.603582382202148,4.890625,0.19343071480305415
01410,0.076568603515625,0.6677476413115122,0.251367359084082,0.5947588680749303,0.7611567532040749,1,0.3061869144439697,0.5868848562240601,0.6734217405319214,76.23210906982422,3.4788282827616834,8.616581916809082,4.8984375,0.44252322783808307
01454,0.1301727294921875,0.7647979012500801,0.26653132677229063,0.7686379088031884,0.7609960712492246,1,0.29882901906967163,0.7377564311027527,0.6484571695327759,74.96529388427734,3.801212147884106,13.449037551879883,4.76171875,0.4368436817132898
01455,0.04860687255859375,0.737164093264311,0.30806925841228355,0.7111128551247842,0.7651966626936829,1,0.25365787744522095,0.574621856212616,0.6366283893585205,76.47512817382812,3.553037725122763,7.834109306335449,4.66796875,0.3717481913533599
01463,0.03179931640625,0.6502089628232401,0.24649784482758622,0.5878119001919386,0.7274262899262899,1,0.2595897316932678,0.47549182176589966,0.44255340099334717,68.25643157958984,3.393954365108626,16.067035675048828,3.927734375,0.5365794672183306
01465,0.055942535400390625,0.623021082702435,0.22203363678444685,0.5548585066484828,0.7102762234656719,1,0.2977486252784729,0.530819296836853,0.4155700206756592,70.47159576416016,3.2913508916894783,14.393648147583008,3.6484375,0.5186377335430856
01466,0.08133316040039062,0.7077216117631235,0.2679979228626729,0.6948548379531917,0.7210738892848657,1,0.18120694160461426,0.46542516350746155,0.6439779996871948,75.16861724853516,4.444573001850134,13.703937530517578,4.76953125,0.48535531470110094
01474,0.12941360473632812,0.6690476592843162,0.23509300337824088,0.7217096536477524,0.6235483384445226,1,0.2173336148262024,0.521593451499939,0.7321125268936157,76.12428283691406,3.0415604319998413,13.568114280700684,4.94140625,0.34288694570453415
01475,0.114654541015625,0.7262444701975129,0.26934485426876453,0.7502994410433856,0.7036840130097574,1,0.1687946915626526,0.4292994439601898,0.4860007166862488,75.3548355102539,3.1584065167110316,10.464912414550781,4.703125,0.451571760473149
01476,0.0841217041015625,0.6214257555958732,0.217087751450888,0.6426627970252131,0.6015473887814313,1,0.37209123373031616,0.6507434248924255,0.6657701730728149,74.71477508544922,3.3869256968450188,11.829453468322754,4.7578125,0.40122094662124635
01483,0.09217453002929688,0.6748680539408138,0.2445744563417596,0.635061871456359,0.7199981071360969,1,0.23805856704711914,0.5306262373924255,0.6841366291046143,77.0444107055664,2.874628681145123,11.774602890014648,4.75,0.362800259416224
01490,0.24792098999023438,0.825421951468068,0.300210976320684,0.8965241341108768,0.7647690926789801,1,0.22364968061447144,0.6437872052192688,0.70943683385849,76.73722839355469,3.4745880671319402,11.007368087768555,4.89453125,0.1395554278358571
01515,0.04116058349609375,0.5561540528754584,0.19732995517442994,0.5293790546802595,0.5857817957674132,1,0.25148922204971313,0.48349201679229736,0.6161002516746521,76.51708984375,3.171225702043253,15.374883651733398,4.609375,0.5352040126442892
01518,0.095733642578125,0.751250452132921,0.27008894341358686,0.7735495696525343,0.7302009456264775,1,0.34403687715530396,0.7626656889915466,0.6109099388122559,78.07100677490234,4.759332786530073,4.3214192390441895,4.3515625,0.2000350431380209
01525,0.08781051635742188,0.5638270938747973,0.19492396774717247,0.4637473391546114,0.7189898844967357,1,0.21494019031524658,0.4813341200351715,0.6420345902442932,75.89818572998047,3.2197260708613293,13.206018447875977,4.76953125,0.47227205701616437
01532,0.17126846313476562,0.6709959164559743,0.22919280635717273,0.6965944272445821,0.6472121111846459,1,0.23706495761871338,0.46704187989234924,0.7001459002494812,75.64926147460938,4.046219777012682,9.826704025268555,4.7421875,0.18194531953277476
01535,0.1124725341796875,0.7190957112847032,0.2605058365758755,0.7465065798399132,0.6936265374580693,1,0.20450633764266968,0.47144052386283875,0.5930189490318298,75.2390365600586,3.7138958077193114,9.146803855895996,4.1796875,0.3250530449629018
01537,0.08889389038085938,0.6423131581898176,0.2292845114210458,0.6333519289361885,0.6515316098196828,1,0.23873239755630493,0.44907209277153015,0.7144750952720642,75.34756469726562,4.894716896087912,14.167961120605469,4.91796875,0.46270596925530355
01539,0.09170913696289062,0.7120896521735426,0.25014146139047116,0.7740942556466037,0.6592814991199917,1,0.27400946617126465,0.4869026839733124,0.6995700597763062,77.26789093017578,4.155622380865318,6.271137714385986,4.984375,0.2548208359428025
01546,0.032566070556640625,0.7273189522693648,0.30188906994990644,0.6977861075319198,0.7594621513944223,1,0.26193273067474365,0.4190729856491089,0.5684868693351746,74.20144653320312,5.796440349172125,12.751688003540039,4.7421875,0.7163698924417794
01548,0.039478302001953125,0.28968565740042396,0.10405453893074991,0.23847714755048796,0.3689000470735917,1,0.32763099670410156,0.6593175530433655,0.6247302889823914,69.46936798095703,3.5413164058174633,12.865694999694824,4.30859375,0.5080709145367236
01552,0.209808349609375,0.7536873288483634,0.26877096607154916,0.8788181818181818,0.6597487572043808,1,0.3025285601615906,0.7050243616104126,0.7047114372253418,74.78273010253906,4.049789018584605,9.207572937011719,4.71484375,0.11351353742351243
01554,0.16566085815429688,0.6855112849713997,0.24225392856773872,0.7568102793193174,0.6264897683831797,1,0.26584184169769287,0.5352733135223389,0.609255850315094,77.55677032470703,2.758430380325266,10.671606063842773,4.86328125,0.20507766329489555
01561,0.09805679321289062,0.7025752073697556,0.2524491194281376,0.7350320949231667,0.6728635046299569,1,0.23931807279586792,0.5274008512496948,0.6198787689208984,75.5459976196289,4.009844292833096,12.936511993408203,4.75390625,0.5151564277197311
01578,0.18364715576171875,0.7143117514448865,0.25062601701417286,0.8641518840098044,0.6087561200596041,1,0.3446509838104248,0.7925387620925903,0.6682156324386597,77.32012939453125,2.81475726810477,10.846771240234375,4.82421875,0.14976295586837868
01582,0.18202972412109375,0.6956188431549969,0.24323529411764705,0.8611006328848653,0.5834873195683029,1,0.3678967356681824,0.6560077667236328,0.6542233228683472,76.58453369140625,3.7195776541461565,10.628852844238281,4.6328125,0.14754422432830294
01588,0.10298919677734375,0.7775506565431234,0.28518394772988825,0.7723905474479591,0.7827801756213723,1,0.27062326669692993,0.6067046523094177,0.6515863537788391,75.49810028076172,4.252282244612514,8.3579740524292,4.8828125,0.23351235685514918
01594,0.08109283447265625,0.7500820749064194,0.2722199653631524,0.8122118731771568,0.6967820326892172,1,0.2883641719818115,0.6216404438018799,0.6806468963623047,75.03203582763672,3.593492073906132,7.544284343719482,4.65234375,0.3109722136254988
01596,0.15261077880859375,0.715188451119179,0.2605399140387309,0.7380142978553217,0.6937321937321937,1,0.34304219484329224,0.6598080396652222,0.6943667531013489,76.16587829589844,3.3185777782139163,9.840446472167969,4.953125,0.23102985105509488
01628,0.19284439086914062,0.7169693533658765,0.25245780149951513,0.8700373865052519,0.6097027055369127,1,0.25548022985458374,0.5762588977813721,0.7210918664932251,76.58372497558594,4.215078814243363,11.638894081115723,4.73046875,0.1511755812282843
01650,0.06311798095703125,0.6359722680258784,0.2358862598588626,0.7247068777952376,0.5665969633603055,1,0.25917553901672363,0.46235162019729614,0.7563490867614746,76.64448547363281,4.101440130841526,8.461069107055664,4.94140625,0.46592330205197124
01666,0.07477188110351562,0.6010967300127649,0.21699768007695355,0.5534411509616857,0.6577326135281042,1,0.2051091194152832,0.4663330316543579,0.5890467166900635,73.57572937011719,3.963147083022788,13.645753860473633,4.5859375,0.46851615260915136
01667,0.14016342163085938,0.8083849962838361,0.29111512604009193,0.8798954902974716,0.7476243836844464,1,0.23992401361465454,0.5204729437828064,0.7341448068618774,76.93641662597656,3.7119694660821105,12.735504150390625,4.8828125,0.3605441384403724
01669,0.15820693969726562,0.6790501987029512,0.23992402579783348,0.7675596171002821,0.6088428489944617,1,0.2826566696166992,0.5366084575653076,0.6105273962020874,76.10794067382812,3.4790032064929717,12.900284767150879,4.83984375,0.2217700956016197
01677,0.079254150390625,0.6798338176777359,0.24689071845048924,0.6562860993453985,0.7051342194422726,1,0.21104294061660767,0.39689427614212036,0.6971704959869385,75.96228790283203,4.10314438894658,15.225964546203613,4.890625,0.5072356380043822
01738,0.06800079345703125,0.5840259555711809,0.20565167933904088,0.5480197464377875,0.6250962772785622,1,0.2194196581840515,0.5409458875656128,0.6831210255622864,75.88975524902344,3.682160388540892,10.248900413513184,4.921875,0.4397209413016224
01746,0.12897109985351562,0.6533542322144285,0.2284622689428237,0.8435327871276879,0.5331524324705302,1,0.2441948652267456,0.5823860168457031,0.6663872599601746,75.55079650878906,2.8604412910235184,11.516938209533691,4.828125,0.2114868015822373
01751,0.15940475463867188,0.7939497488353378,0.2881788987599916,0.8114724675138201,0.7771677960261858,1,0.35936135053634644,0.6874231100082397,0.6298465132713318,73.0877456665039,4.57326249203961,9.740530967712402,4.25,0.2506690010229636
01755,0.16417694091796875,0.7594078936503642,0.26947116199690313,0.7761048375853896,0.743414247672704,1,0.19024795293807983,0.4161427915096283,0.6930628418922424,76.14581298828125,3.526704357299837,12.992605209350586,4.89453125,0.3606835969572264
01758,0.12530517578125,0.6130091472419993,0.22175647993558548,0.7703056502679007,0.5090591996899525,1,0.18591153621673584,0.43131518363952637,0.7432654500007629,76.25440979003906,3.778197684169796,12.853039741516113,4.89453125,0.2884151941381308
01768,0.19401168823242188,0.7960902417774245,0.2899553249747802,0.9703493973534675,0.6748907164555086,1,0.28949230909347534,0.668261706829071,0.7234878540039062,76.17881774902344,5.075096269229156,10.96756362915039,4.921875,0.18480113327355946
01771,0.06414413452148438,0.5204773180486227,0.1843711493824684,0.5408266428783824,0.5016038048888397,1,0.32463860511779785,0.5390088558197021,0.6712877750396729,74.54608917236328,4.352730506725089,9.000262260437012,4.828125,0.34602990862886723
01776,0.03884124755859375,0.5644996504812603,0.25004032908533635,0.5155175800432135,0.623767082590612,1,0.32439321279525757,0.587216317653656,0.622398853302002,75.79603576660156,3.4886116973126606,9.729052543640137,4.890625,0.4302840931871474
01791,0.1143646240234375,0.7685538074318998,0.2872020766144891,0.8010006671114076,0.7386333184457347,1,0.19993966817855835,0.36754554510116577,0.7085747718811035,75.9151840209961,3.5138244962290877,12.555727005004883,4.82421875,0.49541060169231116
01792,0.11553955078125,0.699561635902244,0.25241274611559494,0.7422081352350766,0.6615496862687874,1,0.28074413537979126,0.6207010746002197,0.6318924427032471,75.66358184814453,3.089371746854058,5.533032417297363,4.35546875,0.20342741064360162
01802,0.09364700317382812,0.6170182406992168,0.21725168035847647,0.6667888712371176,0.5741615249388163,1,0.19990479946136475,0.5080456137657166,0.6236463189125061,77.01268768310547,3.509941540835837,11.820049285888672,4.86328125,0.40454344504102885
01810,0.16287612915039062,0.6838297577016526,0.2526872997201152,0.771716982457784,0.6139139765715819,1,0.2761530876159668,0.6071162223815918,0.6162097454071045,74.87733459472656,2.277137967453992,11.293933868408203,4.40234375,0.1836842442247524
01832,0.033023834228515625,0.6873407047653526,0.25253378378378377,0.6572715721381541,0.7202929662836217,1,0.2136925458908081,0.39818912744522095,0.6747626662254333,75.19893646240234,4.24595209131376,14.48146915435791,4.93359375,0.6254179813405846
01835,0.14407730102539062,0.6930628096014437,0.2390969857485181,0.7277926341708809,0.6614965920859324,1,0.24343836307525635,0.5276731252670288,0.7596629858016968,78.7229232788086,3.748908398554024,10.543781280517578,4.9765625,0.33011634078612206
01843,0.1245269775390625,0.7703330210414655,0.27365277199431387,0.8200281828207328,0.7263169274845266,1,0.25769519805908203,0.4544878602027893,0.782260000705719,79.39978790283203,4.247816368021281,8.845328330993652,4.90234375,0.271702126824944
01848,0.05837249755859375,0.5737766969549036,0.20705625060302962,0.592929028885113,0.5558229371160788,1,0.24107253551483154,0.4844731092453003,0.6107392907142639,73.37800598144531,4.175450050154704,13.62275505065918,4.6796875,0.5500793078852452
01851,0.07558822631835938,0.6002517878750238,0.22113048936925134,0.5604340146353772,0.6461602472658108,1,0.21682298183441162,0.4892957806587219,0.3802901804447174,72.51545715332031,3.583161086137761,12.792960166931152,3.9921875,0.4403098837531676
01853,0.11321640014648438,0.7722581153338445,0.27794767244308527,0.7344250143198895,0.8142007774982849,1,0.20763260126113892,0.4146307110786438,0.7114588618278503,75.10102081298828,3.349315446577358,12.33452320098877,4.9375,0.45365691888759513
01873,0.019931793212890625,0.6411801025850598,0.22934417259438755,0.7613397129186603,0.5537790697674418,1,0.23068183660507202,0.22957086563110352,0.7642831206321716,76.91748809814453,6.352732506661792,14.77756118774414,4.9453125,0.8064464423026366
01909,0.05269622802734375,0.6696120839122683,0.24075355632449058,0.6331258143911973,0.7105608396195474,1,0.2109953761100769,0.43974190950393677,0.3618571162223816,68.79194641113281,3.2341106090813514,11.557002067565918,4.33984375,0.5176839452569135
01915,0.061603546142578125,0.6148690050117177,0.23766491957346828,0.6314942101678123,0.5990967212153205,1,0.1505177617073059,0.31243160367012024,0.5814249515533447,75.25473022460938,3.834023781996466,17.970067977905273,4.828125,0.5954848129876699
01940,0.10641098022460938,0.6560568248727985,0.23646518640350878,0.6931708191432157,0.6227151904965051,1,0.2367224097251892,0.6367315053939819,0.5421014428138733,72.78003692626953,3.632407835361177,12.740039825439453,4.7734375,0.34011498114168315
01944,0.08818817138671875,0.7100724069872771,0.262528261299032,0.7041699108919457,0.7160746913855341,1,0.14814090728759766,0.3727177679538727,0.587651789188385,76.098876953125,3.015706485586382,13.82326889038086,4.8359375,0.5580805691569015
01946,0.043506622314453125,0.5155478444550629,0.2017452732183669,0.6403331871985971,0.43146568992159334,1,0.18211793899536133,0.4320313334465027,0.6458381414413452,76.01995086669922,3.237743399877818,15.730624198913574,4.7421875,0.52627590079478
01956,0.059787750244140625,0.7494507694203361,0.27586440448372784,0.7048427231544695,0.8000866050808314,1,0.2612849473953247,0.5809733867645264,0.6186317801475525,75.7457046508789,3.8323751011641467,10.352816581726074,4.67578125,0.5491805092374296
01958,0.05422210693359375,0.6679164519174811,0.25645332067618387,0.6473195441114394,0.6898671726755218,1,0.18805146217346191,0.41771891713142395,0.7126627564430237,75.9759750366211,3.8016869284224613,10.513446807861328,4.90234375,0.5029686254650527
01960,0.053119659423828125,0.6633754227762332,0.2543189114814249,0.6224775583482944,0.7100253288667375,1,0.21173208951950073,0.4237426519393921,0.6821799874305725,75.52775573730469,4.522210061793671,10.20638370513916,4.93359375,0.4408713882042031
01967,0.028011322021484375,0.6069228023060816,0.23035728558868196,0.5198147895955332,0.7291021671826625,1,0.28879761695861816,0.644530177116394,0.4413987696170807,73.68272399902344,4.496602039670568,7.230330467224121,4.265625,0.28695904862931365
01998,0.10350799560546875,0.672682972961496,0.24177294914186742,0.632711726984595,0.7180451127819549,1,0.2923979163169861,0.5062831044197083,0.5822778344154358,74.77467346191406,3.457409353015719,12.438654899597168,4.63671875,0.3827501153674816
01999,0.04625701904296875,0.5469976972357258,0.2026103714085494,0.5239980207817911,0.5721090977022231,1,0.3113848567008972,0.5301795601844788,0.6303005814552307,71.99251556396484,3.3117213871838778,12.021918296813965,4.15234375,0.5441943453805623
02042,0.06816864013671875,0.687689363406493,0.25764539735524455,0.736205931729155,0.6451720047449585,1,0.2378252148628235,0.5805123448371887,0.4977155029773712,74.76144409179688,2.846713389591686,11.28176212310791,4.31640625,0.4843137622121074
02043,0.10225677490234375,0.6535036886553902,0.2448380429953837,0.6233305976273968,0.686746505387111,1,0.20163482427597046,0.5535499453544617,0.7316120266914368,77.97651672363281,3.7780528560343525,11.98166275024414,4.8984375,0.36701624515313264
02049,0.06811904907226562,0.47159458560888906,0.1691764268451385,0.35963487707901665,0.6847753927860146,1,0.3510170578956604,0.7333097457885742,0.6177880167961121,74.29444885253906,3.0870538892573056,8.866081237792969,4.875,0.26303217813854024
02051,0.054073333740234375,0.6910950622135511,0.2932826869252299,0.7220458553791888,0.662688640525352,1,0.16434156894683838,0.3144650459289551,0.6691668033599854,73.16027069091797,3.6955587658818403,15.148597717285156,4.921875,0.5956256387870187
02061,0.115631103515625,0.6781683594314855,0.26471848360837386,0.7513855898653998,0.6179531772575251,1,0.285586953163147,0.5266363620758057,0.6835770010948181,75.59931182861328,3.3225567636257245,9.392803192138672,4.859375,0.31794405617007515
02087,0.11097335815429688,0.7946568370350467,0.2855911125849776,0.8156818259942937,0.7746884909830551,1,0.22318238019943237,0.46421897411346436,0.7109509706497192,77.69017028808594,4.598875318229683,11.260071754455566,4.921875,0.45639009795301944
02104,0.09738922119140625,0.6758547064924845,0.2319707788036196,0.7238934586760674,0.6337950329867708,1,0.25431323051452637,0.5751802921295166,0.7107913494110107,77.51646423339844,5.142553093683825,11.22061538696289,4.63671875,0.4244207744048247
02108,0.1726531982421875,0.742499720514742,0.27034919089913617,0.8033141847105612,0.6902450906910508,1,0.23524433374404907,0.45031702518463135,0.5891258120536804,73.51846313476562,3.4102979227528682,13.666723251342773,4.51953125,0.2838549075464852
02110,0.07437896728515625,0.6876359594556563,0.2431999256695547,0.7440763155195405,0.6391542478665139,1,0.26936978101730347,0.5269904732704163,0.7160447835922241,75.48289489746094,4.585582402630563,7.799820899963379,4.9921875,0.401607129984112
02111,0.03459930419921875,0.5068289714521184,0.17895316804407713,0.5057331863285557,0.5079295154185022,1,0.25305354595184326,0.6204995512962341,0.6230195164680481,76.63016510009766,4.820265723555176,9.491299629211426,4.625,0.5189029491356273
02130,0.05010986328125,0.5151631166818267,0.19970428782651553,0.40118757612667477,0.7195974280123009,1,0.1871369481086731,0.40811944007873535,0.530427098274231,61.97078323364258,4.2402631470936045,18.784286499023438,3.57421875,0.5679778196169513
02147,0.14828872680664062,0.7991648887842313,0.290832614322692,0.9108635814061173,0.7118688134900737,1,0.2232135534286499,0.43331378698349,0.6913886666297913,76.89970397949219,4.8400451258721455,14.019976615905762,4.8203125,0.4217890910012292
02157,0.06697463989257812,0.7183581756799642,0.26595744680851063,0.7206812097738794,0.7160500695410292,1,0.19031846523284912,0.45847225189208984,0.465435653924942,75.06019592285156,4.023350654559821,12.379920959472656,4.84375,0.501728716059864
02176,0.033077239990234375,0.5376503260964665,0.2239853524565151,0.4076807749971168,0.789272030651341,1,0.2647086977958679,0.4988625645637512,0.6185311675071716,72.78356170654297,3.5938907740411246,13.316197395324707,4.8515625,0.5957826017092828
02185,0.06182861328125,0.5719846276672771,0.21390921960181922,0.5807008884501481,0.5635261578296946,1,0.2229577898979187,0.5313973426818848,0.6518357396125793,73.99488067626953,4.2806086363090445,11.860433578491211,4.75,0.552383073440594
02186,0.0664825439453125,0.6956435677861513,0.2659022191796452,0.6950883635529034,0.6961996596710153,1,0.19762402772903442,0.3336375653743744,0.48698723316192627,76.05561828613281,3.9048314084577647,14.94884967803955,4.23828125,0.6601767675129668
02191,0.1642608642578125,0.7636195640605637,0.2692103764507197,0.8720157919182536,0.6791923247031606,1,0.3165019154548645,0.5688176155090332,0.7850221991539001,75.61119842529297,4.7196770440717755,11.609333038330078,4.95703125,0.2308626258623479
02207,0.05936431884765625,0.6970521996505926,0.24073952665049497,0.683652486826886,0.710987687366167,1,0.20972472429275513,0.4128883183002472,0.6222589612007141,75.25654602050781,4.414639482901261,13.32490062713623,4.75390625,0.5888814852572418
02208,0.045925140380859375,0.7085838339277691,0.2634763226129282,0.6536257164216297,0.7736323411102172,1,0.18961000442504883,0.3975065350532532,0.5064395070075989,73.63765716552734,3.6153468426948345,11.130691528320312,4.87890625,0.6547652572765561
02215,0.05267333984375,0.4275087496115624,0.14032636359099757,0.31467265353418306,0.6665061787835018,1,0.22854876518249512,0.3201621174812317,0.7172253131866455,76.27288818359375,4.654758327994154,9.609983444213867,4.9765625,0.5721167492348289
02223,0.10720443725585938,0.7679158450597762,0.2830807571787213,0.7489591858520442,0.7878570349100801,1,0.1958904266357422,0.48613694310188293,0.6093015074729919,75.64410400390625,3.317920777447076,13.644979476928711,4.98046875,0.45078164088235345
02232,0.06684494018554688,0.4869712165115736,0.18099185573007562,0.3869771157906751,0.656647630497946,1,0.24481183290481567,0.5441440939903259,0.6670486927032471,73.71662139892578,3.7858585913038563,15.688251495361328,4.9609375,0.49841330219376034
02236,0.0529327392578125,0.5388621984374025,0.17707065194576213,0.47016431248198326,0.6310708898944193,1,0.21202588081359863,0.4890970289707184,0.5334672927856445,77.20069885253906,3.3037014723857006,13.785654067993164,4.9453125,0.5948238865049629
02237,0.11738204956054688,0.6839881274473605,0.25323996655518394,0.6367033895551005,0.7388594811728048,1,0.2619152069091797,0.5365664958953857,0.5911064147949219,72.61746978759766,3.283037248807118,9.97313404083252,4.46875,0.36879058578270424
02238,0.09050369262695312,0.7225684334024625,0.27778408445907593,0.800927291886196,0.6581757011912527,1,0.20138388872146606,0.3822856545448303,0.6927673816680908,76.16508483886719,3.364278815033,11.670768737792969,4.88671875,0.5093722818712871
02241,0.12308120727539062,0.7362186707021928,0.27094532386920495,0.7581280024794669,0.7155400974997862,1,0.20145195722579956,0.49383899569511414,0.7018452882766724,75.10721588134766,3.3573008768444037,11.808378219604492,4.7890625,0.3475186063808042
02245,0.14318466186523438,0.7645458591438135,0.27242966885344255,0.7814839483149061,0.7483264346670755,1,0.21532827615737915,0.42294207215309143,0.6665329933166504,77.23030090332031,3.1971204390831205,13.121780395507812,4.94140625,0.39172292559631033
02252,0.08205795288085938,0.6207296004968103,0.2175844059711313,0.7006647761610338,0.5571655052907126,1,0.26135921478271484,0.4886816740036011,0.6939133405685425,73.89305114746094,5.77447784644153,10.776947021484375,4.8359375,0.4204568612647425
02266,0.11459732055664062,0.6801954128174789,0.25113132376155756,0.7421856795712526,0.6277622415967539,1,0.19253236055374146,0.4473705291748047,0.688301146030426,75.55319213867188,3.650127676693529,12.387290954589844,4.8671875,0.4322081232736299
02269,0.08109283447265625,0.6377831688026271,0.223588129717503,0.6132750023520557,0.6643317022920422,1,0.2311631441116333,0.4420727491378784,0.7191343903541565,74.79267883300781,4.704082178117249,11.478946685791016,4.93359375,0.5025926691098204
02271,0.15453720092773438,0.7567537023164077,0.2755668584522026,0.7394041124632815,0.7749370471247238,1,0.22539514303207397,0.5303229689598083,0.6084804534912109,75.29411315917969,3.038402015772286,11.772048950195312,4.8046875,0.37866293314249033
02279,0.049793243408203125,0.6422203846093065,0.22570613044774848,0.5799433080517888,0.7194817658349328,1,0.1855405569076538,0.4239484667778015,0.5985861420631409,74.17063903808594,3.3713828447890157,13.951705932617188,4.85546875,0.5151613709972996
02298,0.11069869995117188,0.686451679237681,0.2561349693251534,0.6996450601330163,0.6737466707123833,1,0.2391047477722168,0.48475778102874756,0.5530152916908264,72.99430847167969,2.9615104568929658,10.105260848999023,4.76953125,0.32249095327536287
02303,0.20845794677734375,0.7990670097594824,0.2948584512905912,0.8331259378545548,0.7676834295136027,1,0.19836187362670898,0.45478299260139465,0.6641016006469727,75.16007232666016,3.5356704379957042,11.242420196533203,4.546875,0.2723529257692931
02304,0.07462692260742188,0.6822579313315832,0.24893728093071818,0.7012728109185707,0.6642469996128533,1,0.20026767253875732,0.5612550973892212,0.7256920337677002,78.14127349853516,3.430907454476347,11.003713607788086,4.83203125,0.5437789516633657
02309,0.08516693115234375,0.7252950312811026,0.26790912031047864,0.791453910239183,0.6693435496942459,1,0.23345476388931274,0.44387581944465637,0.6697677969932556,75.94646453857422,3.2033737094764985,11.950231552124023,4.53515625,0.4270971409680795
02313,0.028072357177734375,0.597711545701487,0.20866489832007074,0.6340535398831363,0.5653097345132744,1,0.20974254608154297,0.48556452989578247,0.579224169254303,77.16641235351562,4.386032971143137,12.519354820251465,4.91015625,0.6282612633774544
02315,0.04189300537109375,0.6998904808585424,0.26101450581133434,0.706519759606629,0.6933844507845934,1,0.1702783703804016,0.1469290554523468,0.5898960828781128,73.97301483154297,4.078409323927021,18.375499725341797,4.69140625,0.7796423946215945
02318,0.061191558837890625,0.6222304290573953,0.22895644604919566,0.6015834424287763,0.644345039391107,1,0.20380985736846924,0.4733622074127197,0.48037075996398926,74.60527038574219,3.1997279909335328,11.514368057250977,4.75390625,0.41756564351226
02325,0.13947296142578125,0.6719812815277092,0.23743566454738116,0.7337125977791149,0.6198314212128307,1,0.38802677392959595,0.660105288028717,0.717091977596283,75.22185516357422,3.8674638783183366,13.379423141479492,4.98046875,0.2291557171891598
02331,0.12540435791015625,0.6677452635165684,0.23618058309560055,0.7818336679442721,0.5827133237664202,1,0.21458077430725098,0.5063198804855347,0.6557176113128662,75.04622650146484,2.505890604158667,9.29766845703125,4.93359375,0.2712085751465614
02338,0.10477828979492188,0.7367756795241924,0.28700347658850506,0.7338624531255689,0.7397121274756662,1,0.16253644227981567,0.36394453048706055,0.6627750992774963,76.16519165039062,3.8694879521141186,12.758272171020508,4.84375,0.5302493736933804
02343,0.094482421875,0.7801171657017932,0.2986644151059257,0.8166989664082688,0.7466720304271504,1,0.16577208042144775,0.31391263008117676,0.5721046328544617,70.37895965576172,4.059461414123132,12.267791748046875,3.9375,0.48611742427084725
02344,0.030567169189453125,0.7149687386191943,0.3152676801057502,0.8088106826407089,0.6406388642413487,1,0.19147717952728271,0.243187814950943,0.6644927263259888,75.32867431640625,6.409008252495675,11.887297630310059,4.4765625,0.7560209733759412
02350,0.20383453369140625,0.8031151881467535,0.29215411558669,0.8506568851293184,0.7606062600796498,1,0.22709017992019653,0.5986360311508179,0.6431244611740112,76.11166381835938,3.38278855684264,11.726186752319336,4.7578125,0.22909149551158434
02353,0.11088943481445312,0.6387488604170058,0.23139421514462138,0.6065912140080498,0.6745069726792567,1,0.20524311065673828,0.47005021572113037,0.5206730365753174,73.99354553222656,2.9159641373111627,12.57874870300293,4.8515625,0.3587253423926684
02356,0.0963287353515625,0.6396117109055564,0.24730431613157974,0.7973625851417709,0.5339705375178598,1,0.2351245880126953,0.48408064246177673,0.6148701906204224,73.40953826904297,3.612897162027097,13.119453430175781,4.91015625,0.3710821037117305
02364,0.056583404541015625,0.6820591464695615,0.24488118879682258,0.6761275534281669,0.6880957350587907,1,0.242622971534729,0.46791979670524597,0.7506991028785706,75.11032104492188,5.308339007183033,7.534371376037598,4.93359375,0.4509506005197351
02372,0.061191558837890625,0.5979880741979005,0.21498730824412315,0.5134966647964591,0.7157601866810267,1,0.16935497522354126,0.27944427728652954,0.6213239431381226,75.15804290771484,3.5324598089207235,13.803204536437988,4.8984375,0.6145845443976096
02374,0.16695404052734375,0.6508428668012395,0.22581947276359232,0.7039939679203034,0.6051541125049668,1,0.3501940965652466,0.6556838750839233,0.6700818538665771,76.52255249023438,3.5764808697943877,11.811105728149414,4.46875,0.16561413710318193
02380,0.15264129638671875,0.7375965698120175,0.2728227307224469,0.8573499275253661,0.6471970519644669,1,0.2706664800643921,0.5720311403274536,0.6918809413909912,73.66224670410156,3.6626408494635023,10.001463890075684,4.84375,0.21813732164672464
02385,0.06444931030273438,0.6600442805048362,0.24711600085451826,0.7248890204202427,0.6058482946528487,1,0.20203089714050293,0.38254284858703613,0.6862354874610901,72.8042221069336,5.000432217214557,13.97234058380127,4.9296875,0.5787311182944456
02393,0.07018661499023438,0.651316668078644,0.2411203463666248,0.6592749605956846,0.6435482174781786,1,0.18209701776504517,0.4190617799758911,0.67002272605896,74.95555877685547,3.0300542897968006,11.237756729125977,4.875,0.454097786608573
02396,0.052032470703125,0.5875327506407916,0.22328135127921608,0.5619501466275659,0.6155557321045523,1,0.2189931869506836,0.561125636100769,0.6939737796783447,75.94024658203125,4.037997598401133,10.507116317749023,4.671875,0.42016614967310023
02437,0.13516616821289062,0.7487542174038955,0.2650213135673753,0.7715406541924195,0.7272751052865626,1,0.3521677851676941,0.6745954155921936,0.6094030141830444,74.81526184082031,3.7829737178225162,10.448982238769531,4.6640625,0.3465290623602571
02439,0.11659622192382812,0.7081843748230174,0.24654420868739294,0.6935056437101259,0.7234979220962175,1,0.19507944583892822,0.5394247174263,0.5662874579429626,71.65388488769531,3.265421448499461,12.002829551696777,4.5703125,0.3296610089987826
02447,0.06744766235351562,0.6106137433362553,0.2294351630867144,0.6418754595328319,0.5822557291926707,1,0.19828897714614868,0.4590451121330261,0.6158145070075989,74.57347106933594,3.897041327990906,16.246990203857422,4.4765625,0.5405316783743073
02456,0.08996963500976562,0.5443040051949827,0.2074882599314634,0.46682213271146916,0.6526249209361163,1,0.2156057357788086,0.45322415232658386,0.6187875866889954,76.02033233642578,2.638819862121018,11.027069091796875,4.8203125,0.3718554321506759
02459,0.080780029296875,0.5323783824885256,0.18840831739249247,0.5158670192670948,0.5499816532997851,1,0.3064401149749756,0.6032892465591431,0.6660849452018738,76.89324188232422,3.414499728281801,12.327256202697754,3.853515625,0.4240699148098288
02482,0.08322525024414062,0.587108243514086,0.20373549763279747,0.5204656918916442,0.6733233082706767,1,0.2524864077568054,0.5716679096221924,0.7059829235076904,74.48680114746094,4.631586171677704,13.726459503173828,4.9375,0.495905586901917
02492,0.05037689208984375,0.6884722985542017,0.30938595775911276,0.6414508556716644,0.7429328621908127,1,0.2192854881286621,0.4093306064605713,0.6428658366203308,75.58570098876953,4.311275086894857,10.573564529418945,4.62109375,0.5031548004208516
02493,0.10614776611328125,0.7122575383265559,0.24966789529814581,0.7066772083662761,0.7179267007532883,1,0.20759880542755127,0.41992777585983276,0.680871307849884,76.16158294677734,3.421103953830175,13.62179946899414,4.921875,0.4673024300181768
02498,0.09506988525390625,0.5900022468666262,0.20458808252777377,0.5836208971992617,0.5965246874337783,1,0.2500341534614563,0.49336957931518555,0.6763917803764343,77.98058319091797,3.1519461137491254,10.428937911987305,4.96875,0.37811760190884824
02512,0.056758880615234375,0.49013038227277034,0.1614092585006145,0.4432421533705222,0.5481122619445372,1,0.23736274242401123,0.4962611496448517,0.7125357389450073,77.27316284179688,4.1658650592674515,13.467878341674805,4.98046875,0.5978183050412647
02519,0.13957595825195312,0.703896002042345,0.25157009124303825,0.6480089644428654,0.7703327620217961,1,0.3310402035713196,0.6458352208137512,0.6536553502082825,76.56722259521484,3.3916069459259623,9.276021957397461,4.89453125,0.30371952279999276
02521,0.07829666137695312,0.7045677852705998,0.26714429423166575,0.692667478684531,0.7168841439304072,1,0.15585654973983765,0.3344852924346924,0.5114974975585938,76.70426177978516,3.4354374535621157,14.252437591552734,4.81640625,0.6082904348307238
02529,0.14626312255859375,0.7018270968272708,0.2540981684294458,0.770617077878045,0.6443118875159779,1,0.25798213481903076,0.46799200773239136,0.5004950761795044,72.55728149414062,3.1637545630685877,10.852270126342773,4.26953125,0.24912429275206804
02551,0.05188751220703125,0.6688054621855046,0.25706981317600786,0.6325540361711512,0.7094646028926669,1,0.17072641849517822,0.45237427949905396,0.6118035316467285,75.00383758544922,3.8160362201079874,12.555387496948242,4.94140625,0.49943591631112927
02559,0.045452117919921875,0.6523537003054628,0.24489604794905412,0.5894250944187999,0.7303251774176465,1,0.24126780033111572,0.49494168162345886,0.47785112261772156,72.97233581542969,4.868143228634018,17.265777587890625,3.830078125,0.5948738171455202
02578,0.19011688232421875,0.7294899331124726,0.26420792961458733,0.7778402022553071,0.6867987670629678,1,0.23506426811218262,0.5708609223365784,0.7059282064437866,77.69245910644531,3.4842748147501448,11.719837188720703,4.859375,0.2180297517609955
02597,0.036102294921875,0.475040172655401,0.18543230469835975,0.36189771766694845,0.6911047928513404,1,0.25380468368530273,0.5395680069923401,0.626737654209137,72.93065643310547,3.930008079309906,15.53104019165039,4.92578125,0.64053024629478
02607,0.06641387939453125,0.5862548820223058,0.21829546118348034,0.5792647903503734,0.5934157356786308,1,0.17554563283920288,0.39616167545318604,0.746625542640686,77.90471649169922,4.076573731641267,13.620657920837402,4.9453125,0.4378643024220278
02625,0.05501556396484375,0.5535527433682067,0.20353878143512888,0.4911940091526834,0.6340471672539983,1,0.24546056985855103,0.6060687303543091,0.6132250428199768,75.36662292480469,3.310163241729771,10.18919849395752,4.73046875,0.5603549521515202
02627,0.08252716064453125,0.6644726871947214,0.24238070805541304,0.6112600536193029,0.7278335062838694,1,0.23516225814819336,0.44858938455581665,0.5625672936439514,75.38343811035156,2.8837577310599247,13.639915466308594,4.796875,0.5129947891388296
02647,0.05988311767578125,0.5380845289050257,0.1984382470119522,0.5431902153140528,0.5330739299610895,1,0.3483200669288635,0.5645384192466736,0.6503866314888,74.86206817626953,3.753678332323884,5.726918697357178,4.7578125,0.18543344747903812
02660,0.06507492065429688,0.6163120542807385,0.22200622083981336,0.5621665982765696,0.6819992756247736,1,0.24941396713256836,0.5170790553092957,0.671959400177002,76.80607604980469,3.573805755484039,9.873176574707031,4.7578125,0.27954376213413484
02672,0.14374542236328125,0.6971036650596784,0.2580653653271557,0.7059073297595669,0.6885168838630488,1,0.20359337329864502,0.38518333435058594,0.6294454336166382,70.64234924316406,3.162652108735676,11.421890258789062,4.1796875,0.31549853067772204
02679,0.061946868896484375,0.6218660890228445,0.22404550373744747,0.7540488946363693,0.5291138162935217,1,0.1897757649421692,0.3889769911766052,0.5091040134429932,68.66590118408203,3.46578273126345,15.255237579345703,3.232421875,0.19183008967964973
02680,0.2027740478515625,0.804722046565769,0.2951116234020924,0.9154752050568139,0.7178744095969236,1,0.2721942067146301,0.807137668132782,0.699058473110199,73.64773559570312,4.254699808330904,11.53707504272461,4.84765625,0.20318109364272743
02720,0.09320449829101562,0.6404863899599816,0.2325235982723915,0.6696680718700119,0.6137417713943746,1,0.22899079322814941,0.4583578407764435,0.6886554956436157,76.27079772949219,2.6802003971274404,10.670677185058594,4.98828125,0.32495723771953006
02730,0.15427398681640625,0.7093684597337705,0.2557257301868539,0.7906878987191533,0.6432159829308506,1,0.26556313037872314,0.5837650299072266,0.694806694984436,72.0136947631836,4.449202186555717,12.109431266784668,4.07421875,0.20866084297098797
02744,0.05124664306640625,0.31654646720403024,0.11096752678310892,0.29038261128479975,0.3478919943154903,1,0.34307587146759033,0.6114890575408936,0.6321269869804382,75.57757568359375,3.5136630333523167,12.48796558380127,4.20703125,0.3974141322400117
02756,0.01795196533203125,0.5104073837744233,0.1815996795299773,0.40331491712707185,0.6949335249730507,1,0.27994608879089355,0.4731212556362152,0.5146737098693848,73.40911865234375,3.8279343271659676,14.985164642333984,4.1484375,0.757506551812907
02759,0.11528396606445312,0.5609696120217237,0.20474507824331145,0.4697395850567486,0.69617695814339,1,0.2671929597854614,0.4940674304962158,0.5834940671920776,74.5235366821289,2.6300579544347746,15.627710342407227,4.51171875,0.44509031116066755
02762,0.035045623779296875,0.7179897097842923,0.25,0.6478719930336345,0.8051267525846197,1,0.2932615876197815,0.5675705671310425,0.5477278828620911,64.23524475097656,4.292873938867432,13.752117156982422,4.07421875,0.6548533578424328
02765,0.037601470947265625,0.34472207391935294,0.11011066052649666,0.25849649994927465,0.5172634271099744,1,0.38344883918762207,0.7218562364578247,0.5172573328018188,67.44985961914062,4.562785728153316,9.796857833862305,4.0234375,0.4995842245079752
02771,0.09289169311523438,0.6583302013783926,0.239786262941111,0.6136503634347665,0.7100272320560203,1,0.22153770923614502,0.4249633550643921,0.5127747058868408,73.04609680175781,3.11480960397946,14.75131893157959,4.15625,0.4700500682883496
02794,0.19680023193359375,0.7627326378350346,0.2771406554553284,0.806047683659624,0.7238354764540578,1,0.2510714530944824,0.5725968480110168,0.6822220087051392,75.88243103027344,3.3671293604870343,10.187777519226074,4.8828125,0.19444312397300142
02821,0.056766510009765625,0.46876216870509774,0.16611493082081316,0.3735636045964653,0.6290749913604423,1,0.25937771797180176,0.48000839352607727,0.662085771560669,75.3744125366211,3.7715263381002915,14.80763053894043,4.98046875,0.5230502339925557
02825,0.0766754150390625,0.5525650477335323,0.19648990983254616,0.5204477611940298,0.5889070146818923,1,0.26451796293258667,0.5784327387809753,0.6572574973106384,73.5533218383789,3.417404468303437,11.400049209594727,4.9296875,0.38528551118801974
02830,0.11929702758789062,0.7741628911793407,0.2926902829567888,0.8256962875323761,0.7286842168414485,1,0.24502074718475342,0.5999529361724854,0.6523342132568359,76.47172546386719,3.4559387652905933,10.030517578125,4.91796875,0.3732693747543851
02851,0.08122634887695312,0.633303570851529,0.2244660888213743,0.8115812708401822,0.5192429750158675,1,0.293520987033844,0.5826228857040405,0.6608814597129822,77.51681518554688,2.5400551565358476,9.056349754333496,4.94140625,0.3186045160056464
02852,0.08835601806640625,0.7001436092010724,0.26269426065548546,0.7739400742595631,0.6391952826916406,1,0.20677149295806885,0.44113889336586,0.6445221304893494,74.32087707519531,4.294531867706311,11.822534561157227,4.7578125,0.5313025403449066
02859,0.04979705810546875,0.559853932731879,0.21671639209581875,0.49586333690822737,0.6428075052119527,1,0.1668950319290161,0.3730684518814087,0.6884013414382935,75.23484802246094,4.38504329863214,13.902029037475586,4.95703125,0.4933144854171098
02870,0.07433700561523438,0.5576739060795314,0.200951485628009,0.5063888746343717,0.6205174180327869,1,0.29052019119262695,0.6308402419090271,0.5818307399749756,72.78278350830078,3.2174014892412086,8.213430404663086,4.64453125,0.3552747704439451
02881,0.140472412109375,0.713651257213455,0.2661743418631468,0.7683847490766891,0.6661968049402605,1,0.2154337763786316,0.5440704226493835,0.6386391520500183,75.05713653564453,3.3474747908543563,11.543045043945312,4.94921875,0.27397092402978523
02903,0.09345626831054688,0.7030450417183651,0.2691315563198624,0.7307645210008572,0.6773516289881153,1,0.2390049695968628,0.533087432384491,0.7451949119567871,77.68573760986328,3.2579433503311988,10.160616874694824,4.98046875,0.42601217051969165
02907,0.17298126220703125,0.728026404451231,0.2664188487399552,0.7412120142901248,0.7153017194648627,1,0.2966901659965515,0.5726237297058105,0.5586583018302917,73.95264434814453,3.488539815671598,11.578495025634766,4.62890625,0.2663856090333204
02910,0.1482391357421875,0.7575554760230632,0.2808391388612435,0.7430262480699948,0.7726642491467577,1,0.23634028434753418,0.48430249094963074,0.6958562731742859,75.99639892578125,3.3168625335624644,13.349672317504883,4.90625,0.33693613464643435
02915,0.050365447998046875,0.6204656183317917,0.22266866347664097,0.6448534423994546,0.5978552278820375,1,0.19636988639831543,0.37657058238983154,0.6625733375549316,75.52376556396484,4.415029850787622,11.135408401489258,4.96484375,0.600934952110463
02949,0.08591079711914062,0.630659900508945,0.2293641508082424,0.5940677589805071,0.6720557851239669,1,0.2884650230407715,0.55433189868927,0.6452615857124329,77.21492004394531,5.065925030515929,6.795166015625,4.30859375,0.3393826890751225
02960,0.106048583984375,0.6027103676997517,0.21165492635623456,0.5956834532374101,0.6099050456153416,1,0.2274996042251587,0.5042932629585266,0.5835975408554077,74.05767822265625,3.197796747952955,13.563097953796387,4.63671875,0.3138727551448673
02962,0.038509368896484375,0.4827960453846436,0.18607388035305655,0.37107478949975237,0.6907692307692308,1,0.24052906036376953,0.49189239740371704,0.673608660697937,75.37542724609375,4.5181996721908835,16.3863468170166,4.9609375,0.6680401781288647
02969,0.040584564208984375,0.6624808609592184,0.25143281681171725,0.5942287809004606,0.7484460694698355,1,0.27510392665863037,0.4937219023704529,0.6111156344413757,73.16190338134766,5.93743849374762,4.628553867340088,4.9296875,0.31746868970035136
02974,0.01290130615234375,0.24237345749768774,0.03408545367258761,0.15109402720283854,0.6122448979591837,1,0.4423145055770874,0.7148975133895874,0.5337602496147156,74.95254516601562,6.089973478421352,5.138265609741211,4.39453125,0.3027425858315049
02976,0.20029830932617188,0.750156801994346,0.2668900378383062,0.7484906774334851,0.751830360619986,1,0.25655943155288696,0.5284454226493835,0.6411151885986328,78.60369873046875,2.5024018814248503,12.802525520324707,4.9453125,0.22550556636351723
02982,0.0267486572265625,0.6043658294591436,0.2202769606084523,0.6012549914432401,0.6075090252707581,1,0.23338216543197632,0.4732801020145416,0.6479313969612122,74.88890075683594,4.479722859417165,13.25350570678711,4.73828125,0.6101568414648592
02994,0.07671356201171875,0.5433451550130954,0.19207647869563943,0.4684733963202387,0.6467014509327424,1,0.3162688612937927,0.5483003258705139,0.6774149537086487,71.16142272949219,3.6929131702947995,15.708900451660156,4.88671875,0.3498756410035113
03013,0.04827880859375,0.46261361442197796,0.15795586527293845,0.35414032869785084,0.6668787782373529,1,0.2910059690475464,0.7075632810592651,0.5869472026824951,73.57166290283203,3.995856898619625,13.028120040893555,4.73828125,0.6158430329106387
03045,0.0610809326171875,0.6539244458820149,0.2344335003744024,0.7035348488633525,0.6108498129342598,1,0.2803608775138855,0.5367072820663452,0.5304495096206665,76.84528350830078,4.163327261822316,8.94682788848877,4.6875,0.38903997735041906
03046,0.0609283447265625,0.6839134124779227,0.2345833096953537,0.7518782870022539,0.6272170936624831,1,0.2041618824005127,0.3383775055408478,0.6888537406921387,76.2997055053711,3.4921090229849936,13.951678276062012,4.9765625,0.6296108413434522
03063,0.08354949951171875,0.6788426178286541,0.25605049156451026,0.643959455757465,0.7177214533768724,1,0.2462337613105774,0.43724116683006287,0.5975266695022583,74.47549438476562,3.530665460436655,14.747371673583984,4.56640625,0.5573976442200911
03079,0.09832763671875,0.6895107026584146,0.2468835018475657,0.6683736809435133,0.7120282817957236,1,0.2302262783050537,0.447681188583374,0.6167375445365906,74.84255981445312,3.143560301422995,15.108665466308594,4.7421875,0.4830631842036302
03088,0.065277099609375,0.562189545756049,0.20939322496587667,0.5303295932678822,0.5981221898968527,1,0.21367037296295166,0.43914827704429626,0.5996869206428528,76.08402252197266,3.009838000175282,15.177724838256836,4.8125,0.5266489752191154
03108,0.178314208984375,0.6407060213263542,0.2234573149866755,0.6619459181927092,0.6207867994768085,1,0.3136453628540039,0.5871407985687256,0.6863391995429993,75.1928482055664,3.3875906293290066,13.69796371459961,4.81640625,0.21902357514230122
03114,0.023632049560546875,0.713940930714933,0.3111428118560786,0.7241323648103309,0.7040323836213608,1,0.2700604796409607,0.533201277256012,0.5932952165603638,74.98700714111328,4.405551961793418,5.942008018493652,4.9375,0.40873333148593927
03119,0.04763031005859375,0.3893049548052108,0.13899920571882446,0.27927278551978213,0.6424124513618678,1,0.31419283151626587,0.575512170791626,0.5248627662658691,73.00963592529297,3.135936641445192,14.345746994018555,4.0703125,0.550498234875576
03125,0.08181381225585938,0.4718621131808555,0.15542921580604238,0.4704620692870798,0.47327051470240067,1,0.25696563720703125,0.5439200401306152,0.6327981948852539,76.75225067138672,2.8235459686524447,13.02291488647461,4.96875,0.3563977519212498
03141,0.1058349609375,0.6549144131354404,0.23838060540025197,0.6917171280276817,0.6218300316190231,1,0.2517032027244568,0.5017680525779724,0.7593482732772827,77.81192779541016,2.9000824176706095,10.983809471130371,4.79296875,0.3646514523342308
03165,0.03342437744140625,0.7086840609408023,0.2932422542083435,0.666057977630678,0.7571391144878177,1,0.23896819353103638,0.36851951479911804,0.6075344681739807,75.36736297607422,4.8104709792432905,7.974871635437012,4.90625,0.6251039643852565
03178,0.12231063842773438,0.652622426080613,0.2301119384903649,0.6351245984468078,0.6711117067613751,1,0.246920645236969,0.46556806564331055,0.5567160844802856,75.6714859008789,3.4231185631736616,13.713488578796387,4.5546875,0.43067950521485976
03192,0.08400344848632812,0.7434143284943638,0.2976271186440678,0.7438808410153944,0.742948400737775,1,0.19061559438705444,0.40282177925109863,0.5826468467712402,76.54927062988281,4.272785363278279,12.982095718383789,4.84375,0.5502436338131642
03194,0.11600875854492188,0.7382084081937567,0.26402397813758044,0.8214461872348822,0.670287641762503,1,0.28699010610580444,0.5942661762237549,0.7053892612457275,75.1856460571289,3.7073381287782015,9.886823654174805,4.93359375,0.3124606029602471
03196,0.15764617919921875,0.7567677228980174,0.2737016026876687,0.8186371775637613,0.7035928749064883,1,0.23653548955917358,0.520807147026062,0.6445273756980896,75.14897918701172,3.5365122370742395,12.373954772949219,4.95703125,0.2960538620606665
03235,0.09677505493164062,0.5770080657595136,0.19740721142943532,0.6017974693523592,0.5541801285076415,1,0.33846861124038696,0.6142273545265198,0.6687247157096863,75.93333435058594,2.9210124670140867,13.422837257385254,4.8203125,0.33505245188832067
03239,0.0801544189453125,0.6523090998496259,0.24855362705829995,0.6924614505996574,0.6165580073553996,1,0.2556670308113098,0.5384348034858704,0.5946086645126343,74.07356262207031,4.142008973123497,9.545858383178711,4.66796875,0.38676243006693467
03242,0.053955078125,0.5565034540030405,0.19033255410602518,0.5303308823529411,0.5853934399741477,1,0.3765103816986084,0.7298211455345154,0.4839935898780823,72.50505828857422,4.742720474445783,8.500934600830078,3.943359375,0.4374250293568391
03247,0.09128570556640625,0.6392662046777869,0.23558324530579688,0.6187630589218555,0.6611746894064212,1,0.2188168168067932,0.4649059474468231,0.6694368720054626,76.64183807373047,3.395821234909166,11.536942481994629,4.7890625,0.4666633927112151
03254,0.023502349853515625,0.4601305740571568,0.16848128427243106,0.4705404966726181,0.45017128620367486,1,0.21435439586639404,0.44141989946365356,0.560795247554779,66.49971008300781,3.5703243836938134,17.468482971191406,4.0625,0.6540186568325298
03256,0.03186798095703125,0.5894587617488273,0.2844223081460122,0.535432128321762,0.6556118754525706,1,0.20115911960601807,0.4004066288471222,0.6083371043205261,72.7203598022461,3.9761950015891365,14.421540260314941,4.05859375,0.7034181532915884
03259,0.12030410766601562,0.663712590902331,0.2408405605882637,0.6540571392332816,0.6736573892591141,1,0.23998349905014038,0.509902834892273,0.7349889874458313,78.21102142333984,3.426720042903208,11.162185668945312,4.984375,0.3896575756353348
03260,0.02048492431640625,0.5976100457439344,0.27268764711010374,0.6277467411545624,0.5702343878052778,1,0.2819141745567322,0.5885226726531982,0.4944726228713989,60.96473693847656,4.247590813203333,12.050633430480957,3.486328125,0.609023036419142
03261,0.13785171508789062,0.7003408593422222,0.25012211770894655,0.7620444419846695,0.6478812008054182,1,0.21818029880523682,0.5575951933860779,0.7089782953262329,74.3355941772461,3.992315699168456,11.529759407043457,4.9765625,0.2867682622379179
03265,0.20268630981445312,0.7439864340231085,0.26393763558440186,0.792520655713022,0.7010536795818468,1,0.2868693470954895,0.5926135778427124,0.7036399245262146,75.9815673828125,3.7368799694121697,13.504805564880371,4.86328125,0.20360114237378146
03268,0.16226577758789062,0.8405537004526568,0.3137195793574418,0.8442062204668876,0.8369326500732065,1,0.26289623975753784,0.5523694753646851,0.7052827477455139,76.72313690185547,3.7516306961115586,10.191104888916016,4.890625,0.31549650647005967
03273,0.15836715698242188,0.7637551912275388,0.27218325042331437,0.8548476454293629,0.6902068399044206,1,0.2226528525352478,0.5271416306495667,0.7073761224746704,76.44788360595703,3.3042678058334847,12.057371139526367,4.890625,0.3071889229101063
03279,0.15910720825195312,0.7581766207242077,0.2719954128440367,0.7993958138531252,0.7209997581939285,1,0.30631738901138306,0.5754300355911255,0.5645037293434143,72.25833892822266,3.2862671368769734,11.920867919921875,4.48046875,0.28159415834304496
03284,0.09399032592773438,0.2751004423110448,0.09425878320479864,0.18604651162790697,0.5276844593753889,1,0.30263280868530273,0.5798453092575073,0.632314145565033,76.8056640625,2.7078393153075866,11.922860145568848,4.1015625,0.3448931645254809
03288,0.021335601806640625,0.7905578543094341,0.37011005271432534,0.773109243697479,0.8088122605363984,1,0.18995273113250732,0.2511334717273712,0.5979187488555908,73.29541015625,4.973097789835575,14.115266799926758,4.57421875,0.8241974904877297
03294,0.10541915893554688,0.6909003387752785,0.2586978987254564,0.6599240094083589,0.7249279012145091,1,0.1705530881881714,0.40610048174858093,0.5913316011428833,66.32223510742188,3.581572936256582,15.434640884399414,4.4140625,0.4085383010485468
03297,0.12274551391601562,0.8062216360659367,0.2893393612366924,0.8450135189731796,0.7708350506965626,1,0.30750954151153564,0.5418588519096375,0.6739477515220642,74.84346771240234,4.746484886632341,11.454919815063477,4.6875,0.4626445325057798
03305,0.09159088134765625,0.6827916303669741,0.2615397503560358,0.668429820907955,0.6977841435672761,1,0.20749318599700928,0.4522703289985657,0.47768592834472656,74.14588928222656,3.1295994483251284,10.029829025268555,4.3515625,0.33888535584414037
03316,0.13573837280273438,0.7053485372041786,0.24598155629505017,0.7914734564258213,0.6361277096872683,1,0.24587589502334595,0.5025445222854614,0.7168037295341492,75.77886962890625,3.120152115126704,10.884713172912598,4.98046875,0.27938640846941043
03331,0.1731109619140625,0.8122842025040925,0.3089867525957751,0.7611062141912737,0.8708409268419682,1,0.29105520248413086,0.6006642580032349,0.5272883176803589,72.09058380126953,3.890999825080157,8.870464324951172,4.421875,0.24568410595099674
03341,0.14892578125,0.6791709619373726,0.2393327000403399,0.6695440573770491,0.6890787420318989,1,0.2533976435661316,0.5393473505973816,0.6174242496490479,75.33977508544922,2.4093124912695782,11.208096504211426,4.2109375,0.2683014171769475
03353,0.09653091430664062,0.6710423485111735,0.22917845792154642,0.6205492985575973,0.7304802985508652,1,0.3419262766838074,0.6167223453521729,0.6532067060470581,73.16986846923828,3.4616124609417738,11.026144981384277,4.671875,0.3695926222820277
03373,0.10786056518554688,0.6440192349447288,0.22486841923496664,0.7893899204244031,0.5438636260597542,1,0.20016366243362427,0.4177352488040924,0.7001710534095764,74.88908386230469,3.7819674433184227,14.63040542602539,4.8046875,0.37465323175472875
03391,0.06431961059570312,0.6570669360596134,0.2344139650872818,0.625467054148627,0.6920296997174584,1,0.24842268228530884,0.487848162651062,0.5721315145492554,75.2024154663086,3.7993001940353803,14.36731243133545,4.75390625,0.5571820595251353
03399,0.0974273681640625,0.6287997374474471,0.20946789248861777,0.6990994518402506,0.5713465403387884,1,0.21075356006622314,0.4748382568359375,0.6295066475868225,74.07561492919922,4.5194821203418005,13.238479614257812,4.59375,0.4114117066114459
03412,0.15163803100585938,0.4460090927167985,0.14812748448287885,0.3289476994289452,0.6924169270093723,1,0.3809196949005127,0.6358960270881653,0.6977109313011169,74.01484680175781,3.789467749716911,14.49404239654541,4.6640625,0.25873148354524766
03449,0.12992477416992188,0.7003310506567914,0.26241310462421846,0.703338324671893,0.6973493836448869,1,0.24422800540924072,0.4919883608818054,0.5922127962112427,73.29051971435547,3.1392607062169637,11.06310749053955,4.2265625,0.3244521596583981
03463,0.12656784057617188,0.7322333768270829,0.2670218623963806,0.752041954248169,0.7134415240783207,1,0.2321142554283142,0.4267619848251343,0.6023973226547241,74.31458282470703,4.466729390859247,11.555177688598633,4.78125,0.42860038020460645
03469,0.0096435546875,0.5028339322773565,0.19934994582881907,0.4564873417721519,0.5596550071873503,1,0.2646905779838562,0.6133368015289307,0.45434340834617615,70.94808959960938,4.283851372988051,13.544450759887695,4.62890625,0.474917402590754
03477,0.10721206665039062,0.7301501200576636,0.2643593272684548,0.7649528553638143,0.6983763861087281,1,0.22122067213058472,0.4668408930301666,0.6805629730224609,74.79502868652344,4.1465348329889915,12.895652770996094,4.8203125,0.4845660676242774
03478,0.047863006591796875,0.7476098375804513,0.26859604910169904,0.7422491432214872,0.7530485275819162,1,0.33740007877349854,0.6170103549957275,0.6510271430015564,76.8333740234375,6.865252109729511,7.49152946472168,4.94921875,0.5575678939594259
03485,0.08486175537109375,0.5817387776834975,0.20278809968994815,0.5580329047918727,0.607548112971757,1,0.21062254905700684,0.501883327960968,0.6223403811454773,74.11773681640625,2.9804050360508203,15.467084884643555,4.63671875,0.38872993743851275
03493,0.031688690185546875,0.6083351456015476,0.233543541415716,0.521728662573733,0.7294178436100586,1,0.15482747554779053,0.22154341638088226,0.6953014731407166,76.13421630859375,4.24056380768067,20.80010223388672,4.90625,0.7570948500140479
03502,0.09760284423828125,0.634137876785675,0.22710867252206204,0.6035722660830142,0.6679643800062648,1,0.26691800355911255,0.5132465362548828,0.6238487362861633,74.77839660644531,3.3099132532666737,15.362369537353516,4.66796875,0.41788781684538
03512,0.1020965576171875,0.6463827214943466,0.2345358517590189,0.7900164399940218,0.5469425264517411,1,0.2220361828804016,0.4278200566768646,0.6749468445777893,73.67112731933594,4.053153497205361,13.424424171447754,4.671875,0.40186377130026096
03513,0.061916351318359375,0.6541529371182477,0.24380544509024166,0.6563366397634157,0.651983717115256,1,0.16957026720046997,0.42197656631469727,0.6613068580627441,74.84129333496094,3.29118241652177,14.992216110229492,4.6328125,0.45123536256080843
03516,0.13714981079101562,0.7073813493690586,0.2517264686003115,0.6722943843351041,0.7463323469864507,1,0.2554684281349182,0.5391695499420166,0.5959862470626831,76.61970520019531,2.1310501564589828,11.41952896118164,4.96875,0.32901613001185065
03529,0.044162750244140625,0.6830138363674267,0.2566329452185532,0.6111255074717111,0.7740697302484273,1,0.31244194507598877,0.4753871560096741,0.584348738193512,71.99517059326172,3.953149864611139,9.513262748718262,4.5703125,0.5435680319311638
03532,0.06488037109375,0.6182713985200495,0.2180237418491891,0.5489181561618062,0.7076839575094983,1,0.2603604197502136,0.5989723205566406,0.6000267267227173,69.89849853515625,2.942113047917297,10.873350143432617,4.953125,0.3823550602187173
03539,0.11321640014648438,0.5826730447622992,0.20825551581146529,0.6241450183631524,0.5463689818822195,1,0.2756459712982178,0.6540240049362183,0.6276270747184753,72.08206176757812,3.810446446514336,15.665103912353516,4.21484375,0.2697104427035961
03550,0.07036209106445312,0.6380164684122714,0.2149720262709803,0.5747357007319057,0.716956311015717,1,0.3403276801109314,0.5959290266036987,0.6666690111160278,75.61195373535156,3.9685272474121787,9.169219017028809,4.9609375,0.4588157326010193
03565,0.05261993408203125,0.6619681760853374,0.23003259299082693,0.6932724372915761,0.6333688231978456,1,0.24828648567199707,0.5000919103622437,0.7082866430282593,72.51245880126953,4.301294354610902,10.602173805236816,4.67578125,0.4913174047041086
03567,0.17858123779296875,0.7208897218886534,0.256681988822004,0.8187080787798522,0.6439511357765445,1,0.25486254692077637,0.544051468372345,0.7036201357841492,75.603759765625,3.5056977384421835,11.895455360412598,4.7109375,0.2001424802251209
03652,0.09683609008789062,0.696143077254598,0.27065478555347444,0.7275950364388418,0.6672976121141526,1,0.1812833547592163,0.3991893231868744,0.7146527767181396,75.74951934814453,4.051710774329908,11.568340301513672,4.89453125,0.4721244257289115
03655,0.14636611938476562,0.6733996320376595,0.24235104669887278,0.8894941228596002,0.5417792907967214,1,0.2959698438644409,0.6663339138031006,0.817612886428833,74.90534973144531,3.7304274292721513,11.194838523864746,4.9453125,0.18118021311359644
03658,0.0735321044921875,0.5652161644585804,0.19472475839607026,0.5540568582693505,0.5768342316576834,1,0.22212231159210205,0.55604487657547,0.698390781879425,75.01392364501953,2.57243159306226,11.47775650024414,4.98828125,0.2747565779695066
03669,0.11605072021484375,0.649751278166295,0.22074976828570866,0.5534810334626258,0.7865628234830186,1,0.333346426486969,0.6293686628341675,0.6854346990585327,75.50702667236328,4.6618581040486795,11.493802070617676,4.5390625,0.41711859133914503
03703,0.06092071533203125,0.5521273012238447,0.18821257242539405,0.5590482154038823,0.545375650880238,1,0.3667951822280884,0.641451358795166,0.6513334512710571,74.15882873535156,3.812663930499233,10.266242027282715,4.70703125,0.38947139091873184
03705,0.07886123657226562,0.5187904284352501,0.19120436225699383,0.42959415662942,0.6547318491316655,1,0.23315900564193726,0.515531599521637,0.6471256017684937,75.14082336425781,3.345624587703344,13.347357749938965,4.66015625,0.4576743177460137
03726,0.09714508056640625,0.7039770749151791,0.2530393651538251,0.709848425351449,0.6982020547945206,1,0.30751168727874756,0.5452214479446411,0.7547756433486938,75.61144256591797,4.219929712402998,7.780951976776123,4.984375,0.3063170490713329
03744,0.133819580078125,0.7662829208913324,0.28625140663268683,0.8135119726339795,0.7242368063280188,1,0.20161372423171997,0.41674306988716125,0.6344046592712402,74.68806457519531,2.9397913611233024,12.149524688720703,4.3046875,0.37203596764450614
03749,0.04718017578125,0.6145287603610414,0.2614023732470334,0.5767302716688227,0.6576293143333025,1,0.21302849054336548,0.39322394132614136,0.6850859522819519,75.21674346923828,4.138906751691175,9.444011688232422,4.59375,0.4580092358764389
03753,0.061588287353515625,0.6435422696624332,0.22973228346456692,0.6376587178693094,0.649535405318808,1,0.3568715453147888,0.5600584149360657,0.7342051267623901,75.84832763671875,3.8871321170898985,4.693624019622803,4.95703125,0.22079921806482414
03772,0.09218215942382812,0.7236354547458944,0.26805400223677905,0.7421891164907924,0.7059867989346509,1,0.19330757856369019,0.28692254424095154,0.5725136399269104,72.83145904541016,3.8470367705873247,15.772486686706543,4.16796875,0.5704040147595841
03782,0.09375,0.6677769208680893,0.23787825163687842,0.6270345052083334,0.7141818534315626,1,0.294123113155365,0.4825376272201538,0.5585750937461853,74.27765655517578,3.7916508287077457,12.37782096862793,4.1484375,0.46885379623969675
03785,0.05855560302734375,0.5246116572667934,0.1870264973050394,0.46123778501628665,0.608174581879975,1,0.2915615439414978,0.5013858675956726,0.5811706185340881,72.39679718017578,3.89219016467311,13.858518600463867,4.79296875,0.4885505742743789
03786,0.06014251708984375,0.732822641143906,0.28353371667537897,0.6675757960167449,0.8122051202722562,1,0.16729706525802612,0.35654333233833313,0.6757674217224121,75.15449523925781,3.844335320202966,16.36837387084961,4.94921875,0.5903342999503216
03820,0.13778305053710938,0.7733988111749038,0.2812465123200357,0.8496359256900801,0.7097165446296213,1,0.30685776472091675,0.6582837700843811,0.5492087602615356,75.4172592163086,3.1790204385429344,8.30016803741455,4.64453125,0.20794920249449722
03835,0.18221664428710938,0.7618808919831889,0.27692678082397904,0.787928904892499,0.7375,1,0.2626967430114746,0.5351698994636536,0.6072294116020203,75.50968933105469,2.695136644338707,10.548696517944336,4.734375,0.2560908492660084
03846,0.12506484985351562,0.7714433585039726,0.2922421909030871,0.8261705048040262,0.7235162315668803,1,0.20738661289215088,0.3700498938560486,0.6838599443435669,76.07179260253906,3.7269955737380656,11.908913612365723,4.9375,0.4628530448341793
03856,0.02834320068359375,0.7412524878998034,0.26378227494766227,0.7816958277254374,0.7047881915276611,1,0.2720452547073364,0.4991580843925476,0.6396006941795349,71.75769805908203,5.275600709073733,12.469108581542969,4.91796875,0.5439216595278288
03859,0.056797027587890625,0.689362814918289,0.25640840493898476,0.6463832359460004,0.7384651416972441,1,0.20679688453674316,0.5067418813705444,0.5407165884971619,76.43283081054688,3.727560712080297,12.438787460327148,4.90625,0.5427592815755025
03860,0.169281005859375,0.7059161982362041,0.24660129998898314,0.7250315485848207,0.6877829029615898,1,0.33227819204330444,0.7214213609695435,0.5753985047340393,75.63949584960938,2.3634281642013146,12.236099243164062,4.56640625,0.221582328944985
03868,0.07579803466796875,0.48593787095679364,0.17550946581454238,0.4126824358329139,0.5908134115170651,1,0.350463330745697,0.6776187419891357,0.5361660718917847,74.48136138916016,3.580654163894376,10.18155574798584,4.7421875,0.3055293187916777
03870,0.12892913818359375,0.6766340275821624,0.23695012911796756,0.6749215929936683,0.6783551739719837,1,0.24215519428253174,0.6236859560012817,0.6036866903305054,73.01749420166016,3.2559694263917516,12.519771575927734,4.84375,0.278386311109551
03879,0.15326309204101562,0.70247245839313,0.25096530049387467,0.6893496278965577,0.7161046111493462,1,0.22324872016906738,0.47408512234687805,0.5874080061912537,74.1955337524414,2.348957808199394,11.531888961791992,4.82421875,0.2645659116785326
03885,0.155059814453125,0.689889832140361,0.23914843930321916,0.6329216689628026,0.7581275564308438,1,0.2689926028251648,0.638012707233429,0.6565099954605103,72.9205322265625,2.8259789836961584,13.323652267456055,4.85546875,0.27559180510789866
03917,0.05802154541015625,0.8086536228642817,0.30591012143234264,0.8437212360289283,0.7763847195243981,1,0.2929936647415161,0.5756623148918152,0.6738417744636536,74.77635192871094,5.434634186002637,6.765876293182373,4.9765625,0.5926235661619995
03930,0.047794342041015625,0.7441696969458499,0.26540016168148745,0.7391651368824328,0.7492424862828597,1,0.22780615091323853,0.3371485471725464,0.5885969400405884,73.5821304321289,4.819086331340916,15.849531173706055,4.63671875,0.7136903444217699
03937,0.06334686279296875,0.566909812516387,0.2047632425008584,0.540467300975551,0.5960728403862355,1,0.30059748888015747,0.5445958971977234,0.611284613609314,74.1029052734375,5.450851807481427,6.528270244598389,4.921875,0.3084695883437493
03944,0.08690643310546875,0.46897337095972547,0.16521564232968422,0.3626986217189009,0.6633391564761667,1,0.2617686986923218,0.525966227054596,0.6128302216529846,77.9966049194336,2.655610471969982,11.356203079223633,4.94140625,0.4382803872108671
03948,0.16617584228515625,0.7266331643682485,0.2626212590299278,0.7831366787567146,0.6777344482357793,1,0.16638457775115967,0.4380672872066498,0.6575887799263,74.99491882324219,3.7004078848588575,11.393442153930664,4.7734375,0.24804420672688565
03951,0.14264297485351562,0.7283641544418975,0.2612962265865341,0.7451929505522424,0.7122786661958331,1,0.27048689126968384,0.5205608606338501,0.691791296005249,75.60795593261719,3.691145226592256,8.306854248046875,4.765625,0.2557560362419577
03964,0.14913558959960938,0.7234767019693946,0.25511315241884186,0.8367310397749073,0.6372260325033547,1,0.24300408363342285,0.5279451012611389,0.7576205134391785,75.6473388671875,4.050850197328279,11.352445602416992,4.88671875,0.2621661887638047
03970,0.12407684326171875,0.7336885232352871,0.275825933484088,0.7868781897558876,0.6872343617180859,1,0.15037071704864502,0.3830462396144867,0.6918727159500122,75.08169555664062,3.776168453506129,13.979353904724121,4.90625,0.40434271495907376
03978,0.0703887939453125,0.605115628969092,0.24268474887943914,0.703988727509213,0.5305951383067896,1,0.2730672359466553,0.48638418316841125,0.706986665725708,75.54124450683594,4.509264879112302,7.999909400939941,4.9296875,0.3231867390583348
03997,0.10124588012695312,0.6114213246512952,0.20821534696731342,0.6549112693568442,0.5733476800678209,1,0.3121405243873596,0.534257173538208,0.6949065327644348,75.00587463378906,3.3252972027484056,10.83795166015625,4.80859375,0.3233777944283006
04006,0.16949844360351562,0.7916912858204188,0.2862361222270106,0.8603740463169266,0.7331636020744932,1,0.1999700665473938,0.5051475167274475,0.7004180550575256,74.93595123291016,3.9072676477993755,12.503034591674805,4.71484375,0.30124506964941167
04009,0.115692138671875,0.6285019475932931,0.22055306427503737,0.5609997362173569,0.7144705070714039,1,0.30985599756240845,0.5954214334487915,0.6826255321502686,74.39847564697266,2.949867799288697,12.460923194885254,4.58984375,0.3573917266825947
04015,0.1267852783203125,0.7276065987904862,0.2565623254700673,0.8087314959682272,0.6612734118095601,1,0.23563110828399658,0.5790572166442871,0.6281252503395081,71.52405548095703,3.0173347363221388,13.225640296936035,4.91796875,0.352878002344034
04016,0.07137680053710938,0.7609802131461705,0.2879066421549037,0.7782053337608893,0.7445011157156519,1,0.2450239658355713,0.4709469676017761,0.5746837854385376,70.54560089111328,4.340217835036676,9.955423355102539,4.265625,0.6035707921046947
04025,0.029052734375,0.48542950961259274,0.18395981292222416,0.3704044117647059,0.7040712468193384,1,0.25302714109420776,0.5144929885864258,0.4918730556964874,72.04048919677734,5.081160347469219,13.72602653503418,4.0859375,0.5802204777183656
04037,0.08410263061523438,0.6110354672090177,0.2145828235869831,0.5829364539393115,0.6419805557031292,1,0.2805607318878174,0.623857319355011,0.5329484939575195,71.81224822998047,4.494456018203638,14.135499954223633,4.9296875,0.29462788539468554
04054,0.061267852783203125,0.7645029609345975,0.28125381144041955,0.7810846149056722,0.7486106961458022,1,0.2629552483558655,0.519822359085083,0.6972901225090027,75.77982330322266,4.87433793244966,8.397052764892578,4.921875,0.4826833253790976
04057,0.13663101196289062,0.7137896113038454,0.25750333828356065,0.7888712064103638,0.6517579094642777,1,0.27341121435165405,0.6112925410270691,0.4243105947971344,71.24818420410156,3.5911088428384574,10.08332347869873,4.046875,0.3388167837551812
04062,0.05374908447265625,0.5997039500096399,0.2062430780589852,0.5255500354861604,0.698221401496744,1,0.26809626817703247,0.5286563038825989,0.4727466106414795,71.26057434082031,3.5904448014406922,11.811151504516602,4.08203125,0.6333327004312117
04068,0.07391738891601562,0.6156747599144198,0.23648105402391265,0.6077824224596171,0.6237747653806048,1,0.16252678632736206,0.4181041121482849,0.4653647243976593,73.60296630859375,3.4814788041315023,12.051648139953613,4.71484375,0.39923665874016806
04070,0.0169219970703125,0.6605668309005595,0.2494029695774063,0.7082957619477006,0.6188642925890279,1,0.2162443995475769,0.2550673186779022,0.6742839217185974,75.83023071289062,7.187497320976899,16.95140266418457,4.90234375,0.8417923789327669
04078,0.03368377685546875,0.5439632420215023,0.2217937554422192,0.49365798414496037,0.6056843267108167,1,0.22402364015579224,0.4520038366317749,0.6197722554206848,75.7794189453125,4.416128553707314,12.751178741455078,4.91015625,0.4711809134507575
04090,0.054271697998046875,0.6054324384373972,0.23458779917801595,0.5336332325859282,0.699556226985176,1,0.24763327836990356,0.45707106590270996,0.7381566762924194,76.04377746582031,4.936582772997251,8.425568580627441,4.828125,0.48629689279666444
04094,0.0614013671875,0.49384019627009307,0.17647427068987104,0.4913643141153082,0.49634115569013376,1,0.27095097303390503,0.5043204426765442,0.6807754635810852,78.99703979492188,3.536988893221612,12.743448257446289,4.703125,0.4421518286958313
04101,0.048030853271484375,0.6845421746358299,0.25580774365821096,0.7123342069732348,0.6588373458602467,1,0.2777363657951355,0.5079778432846069,0.6511196494102478,75.14879608154297,4.638369056676473,9.850870132446289,4.7578125,0.4409912370762801
04102,0.15975570678710938,0.821575209387535,0.2995777464997407,0.7993266314859476,0.845097788572159,1,0.18816089630126953,0.4170747995376587,0.7044886946678162,74.77936553955078,3.1899779341774566,12.098051071166992,4.84375,0.27534252720611896
04116,0.14075851440429688,0.647981983431804,0.22788310686840216,0.6542724735087672,0.6418113010570273,1,0.25926709175109863,0.534366250038147,0.6730278134346008,75.08493041992188,4.288860491408159,13.42213249206543,4.671875,0.24649299192788718
04121,0.1605682373046875,0.7998319153063828,0.2925845001337733,0.8475719851753303,0.7571830630933378,1,0.2716072201728821,0.6392945051193237,0.696244478225708,76.29656982421875,3.5549631829548174,12.348748207092285,4.60546875,0.35502693821957143
04130,0.012615203857421875,0.3122579571397888,0.11778093883357041,0.3314182038100998,0.2951920494225087,1,0.2884581685066223,0.4296242594718933,0.4632115364074707,60.98564910888672,5.383910991931785,21.196870803833008,4.234375,0.6315131999075586
04132,0.042636871337890625,0.556352496618187,0.22715572715572716,0.46855148966627896,0.6846473029045643,1,0.2216627597808838,0.5372517704963684,0.6422514319419861,75.28907012939453,3.812333565267153,12.511159896850586,4.9296875,0.5373936289881932
04140,0.06319808959960938,0.6345651321768223,0.23381916142847275,0.5664875958230217,0.7212400096875757,1,0.2991183400154114,0.455047070980072,0.5883730053901672,75.42581939697266,5.310736028022658,10.710599899291992,4.33984375,0.4614120580511202
04142,0.062236785888671875,0.6686149170821779,0.23886105984708675,0.7030953110634386,0.6373583211760745,1,0.20397084951400757,0.5221576690673828,0.6475325226783752,76.15953063964844,4.035931298758791,12.55587387084961,4.953125,0.46664883044704103
04163,0.06955337524414062,0.3410917435052808,0.12029899556178462,0.24373388910217736,0.5679592110559506,1,0.2558668851852417,0.5508003234863281,0.7171825766563416,77.09051513671875,5.308517496134224,14.092309951782227,4.96875,0.49494218042156324
04175,0.056186676025390625,0.6962077834312974,0.25359907527409015,0.6850431122275783,0.7077424023154848,1,0.18022555112838745,0.20771479606628418,0.4208347201347351,70.32125091552734,5.774346952452335,16.723520278930664,3.845703125,0.6956698287988238
04223,0.10004043579101562,0.657297294994138,0.2382012786437756,0.688045757864633,0.629179537662514,1,0.22373563051223755,0.4824329614639282,0.6903137564659119,75.36608123779297,3.7724654685787784,9.332662582397461,4.83984375,0.33608710858447294
04224,0.06453323364257812,0.7079074616521331,0.24760477439383397,0.7691079978719632,0.6557288864981172,1,0.32371485233306885,0.6521002054214478,0.6283047199249268,76.02010345458984,3.8771346645070404,9.884197235107422,4.58203125,0.495348077438612
04230,0.07724380493164062,0.5873562961773973,0.19420791615982033,0.6246728233493012,0.5542468554157962,1,0.2734811305999756,0.5557020306587219,0.5304555892944336,76.36673736572266,3.3521344013790473,10.388696670532227,4.73828125,0.3578853199398432
04235,0.05448150634765625,0.6952908838229173,0.264983164983165,0.7218176725948746,0.6706447009988326,1,0.23816251754760742,0.4604589641094208,0.6318336129188538,76.7449722290039,4.4160234348039396,6.177692413330078,4.68359375,0.5223605306265584
04256,0.07695770263671875,0.738634130056167,0.32062912801007426,0.7105184891444434,0.7690665528099482,1,0.2810570001602173,0.45598140358924866,0.7155627012252808,76.7275161743164,3.3554296327226556,10.014345169067383,4.55859375,0.43892174789876154
04259,0.18438720703125,0.7133232471931554,0.2595318303532867,0.8360228401191658,0.6220304297535368,1,0.2714565396308899,0.4591498076915741,0.739789605140686,74.64315032958984,4.001985176610974,9.641902923583984,4.39453125,0.17300460089120953
04260,0.05411529541015625,0.5309309438017393,0.17571519389701207,0.4402227548287044,0.6687214369220958,1,0.2655293345451355,0.6000176668167114,0.6185088157653809,76.11975860595703,3.9251546575406238,10.482882499694824,4.8203125,0.31138487479640736
04262,0.123687744140625,0.6849910166015619,0.2402246647496708,0.7746113989637305,0.6139578075146436,1,0.21243035793304443,0.5087376236915588,0.7762079238891602,77.63302612304688,4.195231554756581,12.237371444702148,4.77734375,0.34814372796170007
04267,0.060665130615234375,0.7827676095128977,0.29839236701084826,0.7509274979563605,0.8174273858921162,1,0.35503530502319336,0.641268789768219,0.5061041116714478,73.59149169921875,4.876420224800685,3.4931037425994873,3.978515625,0.09530386054793961
04268,0.07823944091796875,0.5011704754997407,0.17945556293275158,0.39127254997562166,0.6969151902149474,1,0.27950966358184814,0.5690022706985474,0.489590048789978,71.93495178222656,3.013463068781799,9.153757095336914,4.0390625,0.33928642424037564
04270,0.06887435913085938,0.7260070342595251,0.2591974174876162,0.7182497923013016,0.7339336651938028,1,0.23680198192596436,0.43944886326789856,0.6199164986610413,75.75907897949219,4.002335877412709,12.587142944335938,4.52734375,0.5998334464059378
04272,0.10479354858398438,0.7079691731745277,0.2539860728631317,0.7317170834698409,0.6857142857142857,1,0.22010952234268188,0.4771028757095337,0.6000806093215942,75.78539276123047,2.981867519705833,12.087600708007812,4.80859375,0.43485878044116116
04278,0.009349822998046875,0.6858164409878662,0.28923076923076924,0.9024887800897593,0.5530406950160036,1,0.20010679960250854,0.10053245723247528,0.5503320693969727,69.93862915039062,9.072880442627927,19.185623168945312,4.2265625,0.9379112120998656
04291,0.06823348999023438,0.6324174884488567,0.22902453620586474,0.5946776988874601,0.6752720015450976,1,0.20433270931243896,0.5229204297065735,0.6624565720558167,75.66167449951172,3.5169368031066175,10.116424560546875,4.7109375,0.441825584266569
04297,0.045856475830078125,0.6102188116869661,0.2409424524332663,0.5489559936777306,0.6868729989327641,1,0.3015596270561218,0.6323962807655334,0.6304628849029541,75.71613311767578,4.34704637796947,6.0973219871521,4.3515625,0.3253782061812926
04302,0.13635635375976562,0.768583480151332,0.28156556959235124,0.7850328717303119,0.7528092937408393,1,0.2711215615272522,0.34002748131752014,0.5708816647529602,73.7410888671875,5.759989764049946,11.312050819396973,4.66015625,0.44415402600695536
04317,0.058917999267578125,0.6317041314893381,0.22430043642498257,0.5650372288766591,0.7162070715614955,1,0.25227785110473633,0.5201368927955627,0.5440974831581116,73.30420684814453,3.5663312075234783,12.852546691894531,4.68359375,0.43663213034214776
04337,0.0667877197265625,0.7397537001628829,0.27424978565304375,0.7348640621430204,0.7447088433817641,1,0.24232226610183716,0.4549992084503174,0.7235920429229736,76.34972381591797,4.534729986287679,10.598705291748047,4.3203125,0.5806319076144066
04344,0.13944625854492188,0.7925615345171577,0.2899258546954475,0.8466967583093968,0.7449327903199228,1,0.25206810235977173,0.5409460663795471,0.7330459356307983,75.58504486083984,3.27257203843176,9.60170841217041,4.8984375,0.276533548388824
04360,0.082733154296875,0.598277166165322,0.20673601513057394,0.5781077093323497,0.6199048739323889,1,0.2666282057762146,0.5443032383918762,0.5937322378158569,75.40123748779297,4.240845894054458,14.159950256347656,4.8828125,0.5196560171503387
04366,0.0205230712890625,0.6449336596656023,0.2549320053629573,0.6271375464684015,0.6637692611615962,1,0.1416553258895874,0.18554311990737915,0.6622766852378845,75.58399200439453,4.728219254317681,17.599348068237305,4.96484375,0.8296406593642599
04368,0.11526870727539062,0.6471595772598032,0.2333321518448942,0.6037329979812688,0.6973177152886413,1,0.2888522744178772,0.44104352593421936,0.5959115028381348,72.86805725097656,3.7940458898350506,13.933542251586914,4.54296875,0.42298900173033765
04376,0.14286041259765625,0.7333015479087706,0.25878680627242784,0.7913484646194927,0.6831883793998452,1,0.2673491835594177,0.5085695385932922,0.7156316637992859,75.60717010498047,5.086133169213413,13.09362506866455,4.859375,0.3976481214334499
04380,0.08555221557617188,0.7668507053122877,0.30445479517496715,0.7161011281045169,0.8253421133861508,1,0.34290438890457153,0.4697944223880768,0.6518954634666443,75.05311584472656,5.153702791988226,8.748537063598633,4.74609375,0.534046606546826
04388,0.05225372314453125,0.636697930549313,0.2611549472802179,0.6624324718937071,0.6128881156316917,1,0.29318928718566895,0.5556931495666504,0.6078999638557434,74.59407043457031,5.0918672628484245,9.082690238952637,4.9140625,0.46253104040034937
04403,0.08439254760742188,0.6625129430860293,0.22829256680354698,0.7425756000542422,0.5980343632892597,1,0.21902215480804443,0.4652557671070099,0.7394539713859558,76.37390899658203,4.6817104071684135,13.308080673217773,4.96484375,0.46157571218728655
04407,0.15582275390625,0.7422763064861324,0.27068790714477164,0.7759988249118684,0.7113626759780264,1,0.20833712816238403,0.5188319683074951,0.7302011251449585,76.31041717529297,3.2110259545235813,10.979400634765625,4.65234375,0.2571251962037887
04420,0.024440765380859375,0.7187355840804279,0.3716244115946816,0.6837833619478695,0.7574535250789197,1,0.21770024299621582,0.30822324752807617,0.5165078043937683,70.74866485595703,5.872800317458293,16.458662033081055,4.515625,0.8023475127303616
04433,0.05318450927734375,0.5947177121212737,0.21259679489833946,0.5213742648113614,0.6920740668168903,1,0.2504218816757202,0.42691636085510254,0.6451155543327332,74.88957214355469,3.425236139343107,12.710573196411133,4.66015625,0.5438091928787069
04443,0.121490478515625,0.6406645178331523,0.2247441146366428,0.7642238131122834,0.551498531698048,1,0.24100768566131592,0.5691273212432861,0.7048228979110718,76.28560638427734,3.491840757319988,10.474481582641602,4.49609375,0.25719988972495117
04451,0.00623321533203125,0.6911996961469966,0.25166889185580776,0.6401468788249693,0.751101321585903,1,0.24727195501327515,0.13103243708610535,0.4933502674102783,74.9382553100586,5.61618043702987,18.062583923339844,4.80859375,0.9110979679709686
04453,0.059906005859375,0.6822109975634234,0.26647256594225505,0.6223255221599593,0.754849014984407,1,0.2405930757522583,0.4105660319328308,0.458639532327652,70.94587707519531,4.456310691212487,13.030887603759766,3.98046875,0.3148328344562659
04463,0.14652252197265625,0.8027456889663274,0.2956691544284835,0.7934392085394428,0.8122730773462427,1,0.24072223901748657,0.5168625712394714,0.6222121119499207,75.87384033203125,3.3969121252062737,13.435334205627441,4.76171875,0.39509605095473266
04497,0.11337661743164062,0.7431609962896051,0.2688100541942348,0.7532048046835571,0.7333815266322742,1,0.2222614884376526,0.462719589471817,0.6036835312843323,75.28643035888672,3.7858384889026904,11.527243614196777,4.8203125,0.4464108878945003
04509,0.07134628295898438,0.42670562781528604,0.14386985624311577,0.4122867989092659,0.4421695402298851,1,0.36804014444351196,0.7917070984840393,0.6624460816383362,73.6065902709961,3.441356282380677,8.830628395080566,4.61328125,0.219980864467255
04524,0.09051513671875,0.6591672750263985,0.23838590741499385,0.6776803776129467,0.6416387693288698,1,0.21475154161453247,0.47905614972114563,0.5557934641838074,73.15086364746094,2.986345740305467,11.573097229003906,4.7109375,0.360595092405634
04525,0.06862640380859375,0.666964474784704,0.27819867549668875,0.7052251250694831,0.6326417004048583,1,0.3024197220802307,0.5489023923873901,0.6299712657928467,75.04057312011719,4.075904028022874,10.703587532043457,4.58984375,0.4482802819298379
04526,0.07158660888671875,0.6888931457162677,0.25268817204301075,0.6770755621869338,0.7011305822498587,1,0.181396484375,0.42948517203330994,0.6514792442321777,75.9073715209961,4.261543693443338,12.038350105285645,4.9296875,0.5198029052845162
04528,0.10811233520507812,0.6275801511206067,0.2218689277512807,0.685367488797149,0.5787798408488064,1,0.23200929164886475,0.5053433775901794,0.7262876629829407,74.85941314697266,4.6096314360681445,12.978593826293945,4.9140625,0.3813475359938421
04535,0.0988922119140625,0.6745939705484723,0.23305751467022084,0.7017049837987965,0.6494999466135175,1,0.22197741270065308,0.45469850301742554,0.6453611254692078,76.03239440917969,4.406382792859322,7.926234245300293,4.80078125,0.14256557659700486
04537,0.041595458984375,0.6160772936005059,0.223872970954683,0.7071716801173881,0.5457734369626521,1,0.36550211906433105,0.6261504292488098,0.7043373584747314,75.7872314453125,3.243617845729194,3.3649649620056152,4.91796875,0.1181424093697089
04548,0.19180679321289062,0.777327898786439,0.2879712328425048,0.9017521529006981,0.6830766147503435,1,0.27796441316604614,0.6744011640548706,0.7310858368873596,76.66202545166016,3.956333795789311,10.696138381958008,4.98828125,0.1995892383263803
04568,0.07709503173828125,0.7503055003441297,0.27534496224941424,0.7178129638792677,0.7858791208791209,1,0.24189192056655884,0.41092586517333984,0.6335765719413757,71.09323120117188,3.72868026253223,12.157469749450684,2.91015625,0.49448512400133954
04579,0.10015106201171875,0.7176464544350122,0.2527584287989561,0.7019882684543308,0.7340191036002939,1,0.25198525190353394,0.5537095069885254,0.6564491987228394,73.84654998779297,3.7965953840463462,11.496809005737305,4.703125,0.4997508164221585
04581,0.1776885986328125,0.7473261276300813,0.27724339943791315,0.8019106912838128,0.6996989278895579,1,0.20099425315856934,0.4776674509048462,0.5721499919891357,69.48021697998047,3.4870999044170827,10.73066234588623,4.16796875,0.20864123068690138
04583,0.030426025390625,0.7074892664545076,0.2600530984912258,0.6706369107321966,0.7486272934244007,1,0.2659260034561157,0.4422420263290405,0.5921783447265625,76.97349548339844,5.775642500102075,14.904398918151855,4.80078125,0.7532947195584238
04592,0.09254074096679688,0.7232978691456058,0.2690893169877408,0.6830454676614864,0.7685915690210541,1,0.2073129415512085,0.42605024576187134,0.5621535181999207,69.69600677490234,3.3236635025168435,15.480995178222656,4.24609375,0.4807074375275083
04608,0.11411285400390625,0.6799352315880673,0.24655714107763213,0.8012970515477703,0.5905000354300022,1,0.34606629610061646,0.6573644280433655,0.6253064870834351,76.17003631591797,3.999412940698789,11.03664779663086,4.7734375,0.3020338031282939
04641,0.11344528198242188,0.6855069185028388,0.24268355296936506,0.6801842698140489,0.6909135268899655,1,0.262508749961853,0.5313313007354736,0.5624489188194275,75.19327545166016,3.3567704048084672,10.076943397521973,4.3984375,0.36867425164082784
04653,0.022846221923828125,0.7339360924588619,0.3648092744951384,0.660878276840875,0.8251540259188442,1,0.3909410834312439,0.5537119507789612,0.45726117491722107,65.9094467163086,4.497696296606305,8.691283226013184,3.578125,0.1692869109817328
04659,0.15294265747070312,0.7904854707523941,0.28234488698475096,0.8669842615917991,0.7263919159896969,1,0.28496426343917847,0.5059870481491089,0.7308491468429565,75.33460998535156,3.9199275111582024,11.067672729492188,4.97265625,0.3460835737535761
04675,0.13243484497070312,0.673688267704832,0.2517942666759214,0.698447446495953,0.6506243635778981,1,0.33081674575805664,0.5444106459617615,0.6335868835449219,73.3228530883789,3.469414426090952,11.456275939941406,4.53515625,0.29726703795934367
04678,0.031215667724609375,0.6219489385701584,0.2224594363791631,0.53855554197727,0.7359004941216561,1,0.31088268756866455,0.6828081011772156,0.45580893754959106,73.12907409667969,4.874873225136522,13.247017860412598,4.6640625,0.6153003347055489
04694,0.10153961181640625,0.6715437801385599,0.27662623367711464,0.6297618153129462,0.7192638143835318,1,0.2512773871421814,0.5877667665481567,0.5784493684768677,73.70231628417969,3.2966735366797324,7.638041973114014,4.6484375,0.3454540430800259
04697,0.0681610107421875,0.6166069650499841,0.22771707878090858,0.6302887844190732,0.6035065143960109,1,0.19009119272232056,0.4281325340270996,0.6587525010108948,76.04493713378906,2.9506146069083794,11.907312393188477,4.95703125,0.5138233048908786
04701,0.11419677734375,0.5519750296432135,0.1963696994960021,0.49241715660074825,0.6279222484896244,1,0.3456534147262573,0.6179078221321106,0.6315702199935913,74.70622253417969,3.839725257507204,14.399824142456055,4.13671875,0.32887489159502065
04704,0.09531784057617188,0.732252582164786,0.29036874399639295,0.7435066234441909,0.7213341530894559,1,0.20386582612991333,0.3667568564414978,0.670815110206604,75.1147232055664,4.961873754973483,12.395310401916504,4.8828125,0.5253750902342945
04712,0.09613418579101562,0.6620061506782215,0.22722813227401265,0.6956469981349946,0.6314688970203868,1,0.2182481288909912,0.5428493022918701,0.5867879986763,72.98588562011719,3.049012984432921,10.012784957885742,4.83203125,0.2754252111557989
04719,0.053821563720703125,0.5866802101209897,0.21388312073568674,0.5611311928556241,0.6146667703553931,1,0.308041512966156,0.6592042446136475,0.5429545044898987,76.29956817626953,4.643834469353537,7.19276237487793,4.58984375,0.3483696845235574
04720,0.10475921630859375,0.7086459528261806,0.25516191325014853,0.7078144344912971,0.7094794271425324,1,0.30628013610839844,0.7028433680534363,0.6417344808578491,72.3884506225586,4.103946460684963,12.244416236877441,4.68359375,0.2821310536173281
04756,0.10155105590820312,0.6735656019286077,0.24902961815713492,0.6683821043537057,0.6788301269569281,1,0.23135828971862793,0.4804953932762146,0.5965886116027832,75.01607513427734,3.574434987236171,14.260059356689453,4.68359375,0.4270738768637678
04765,0.15562820434570312,0.747330094418061,0.27056739886390635,0.8352084712111185,0.6761838574544893,1,0.19387030601501465,0.5113696455955505,0.7228842973709106,75.751220703125,3.6576523239487955,12.229530334472656,4.93359375,0.30435297435637
04774,0.08701324462890625,0.6870752364954715,0.256597238047491,0.6604997807978956,0.7158788914198937,1,0.2295386791229248,0.5082070827484131,0.5199365615844727,69.92230987548828,3.7473540417387126,12.079500198364258,4.625,0.31737441519520637
04775,0.1476593017578125,0.6699342037426413,0.2410952211760526,0.7661982019220833,0.5951592803177818,1,0.1962023377418518,0.4387531280517578,0.550434947013855,75.76866149902344,2.6854163650610077,11.63984203338623,4.9140625,0.29561558110419733
04780,0.0539703369140625,0.6473185506385692,0.24106940073326627,0.6971303364433136,0.6041504228393211,1,0.20471030473709106,0.3432823419570923,0.6685730218887329,74.59143829345703,3.1562113157402565,16.326984405517578,4.875,0.5575815392502532
04783,0.09178543090820312,0.7566369303597725,0.2752869696413644,0.7609409417729937,0.7523813335467862,1,0.2213904857635498,0.40519604086875916,0.6604358553886414,72.65081024169922,4.799191964816298,8.991880416870117,4.80078125,0.507243926948281
04795,0.09967041015625,0.6208615601048733,0.22263357172907025,0.7064451928965095,0.5537736132384299,1,0.23849058151245117,0.4998890161514282,0.6605345606803894,76.22441864013672,2.4641630842621964,11.034241676330566,4.953125,0.3018802754984008
04830,0.00827789306640625,0.6425110775194226,0.26569563033651433,0.5963133640552996,0.6964679911699779,1,0.3082255721092224,0.540058970451355,0.5312544107437134,66.65287780761719,6.109016946552818,9.133222579956055,3.759765625,0.7477904980191225
04839,0.07001113891601562,0.7182356818465249,0.2659429396507928,0.7245137034817196,0.7120655255696734,1,0.23089468479156494,0.3448764979839325,0.7621364593505859,76.44796752929688,5.432978639505416,18.69007682800293,4.890625,0.6678136429169098
04856,0.026580810546875,0.7062948346278158,0.2733835779452598,0.643369690011481,0.7828632251197446,1,0.29790329933166504,0.5165385007858276,0.4750603437423706,71.5983657836914,5.061527835189304,10.919424057006836,4.11328125,0.7209665840697892
04864,0.08953475952148438,0.6804469515085345,0.2469538393742426,0.6637126666950706,0.6980469106507255,1,0.18586790561676025,0.42313092947006226,0.62618488073349,74.83684539794922,3.1843249792864574,11.537017822265625,4.66015625,0.4847848350344081
04870,0.14564132690429688,0.7272992659484915,0.2621689599053114,0.8184080253542524,0.6544437288681372,1,0.2527329921722412,0.5078819990158081,0.6681816577911377,74.4608154296875,4.056219632796411,8.633932113647461,4.890625,0.21795331251016983
04873,0.0662078857421875,0.5539718345961847,0.18909614421632448,0.5206844895137128,0.5918059742395176,1,0.3203597664833069,0.552698016166687,0.6489758491516113,73.97432708740234,3.6251358497137436,9.25115966796875,4.4921875,0.4302972976997179
04878,0.08101272583007812,0.7392732329507222,0.2735670183285527,0.7219946320101709,0.7573991256720768,1,0.19691187143325806,0.4937611520290375,0.5799769759178162,74.88793182373047,2.9991611521463146,11.889965057373047,4.875,0.45232622319834626
04890,0.09631729125976562,0.6718776067219157,0.23742569323318977,0.7483860746960276,0.6095613666483499,1,0.2952888011932373,0.5798957943916321,0.7301325798034668,74.25634002685547,4.121678944093856,11.65307903289795,4.98046875,0.37128854046881526
04897,0.09508514404296875,0.6913033499912778,0.25559259408008356,0.6935328572574821,0.6890881312319074,1,0.16175216436386108,0.29165852069854736,0.736280083656311,76.46090698242188,3.459594997530403,16.477632522583008,4.9375,0.5625977035614556
04911,0.051239013671875,0.6455990084356963,0.23031871424679923,0.7071917808219178,0.5938755020080321,1,0.3060253858566284,0.6386448740959167,0.5474302768707275,69.6588363647461,5.600481562990729,6.6964240074157715,4.03125,0.3713310892470614
04916,0.059661865234375,0.41518479088866406,0.16695425080445833,0.2876598465473146,0.7458211270032742,1,0.2498633861541748,0.41683804988861084,0.5518299341201782,70.78653717041016,3.6236128976745907,17.696918487548828,4.4296875,0.6443079521398116
04953,0.10849380493164062,0.6758175907386434,0.2483160178102523,0.6307795084561021,0.7277816945216273,1,0.2212335467338562,0.49402716755867004,0.675704300403595,76.79667663574219,3.0605815787442365,12.472939491271973,4.87109375,0.4169365399880305
04958,0.10262680053710938,0.5952641312668839,0.21350474588489726,0.5523175853993978,0.6454525721727805,1,0.34620797634124756,0.5989688038825989,0.7035761475563049,74.59191131591797,3.6056211152012163,8.581220626831055,4.87890625,0.28494125027537537
04960,0.03145599365234375,0.5053829083886494,0.1743614342247272,0.5043657530924084,0.506404174573055,1,0.32954978942871094,0.5490946173667908,0.7300739288330078,77.11779022216797,4.8684950925201536,8.746649742126465,4.984375,0.5263003623075667
04969,0.088958740234375,0.673219958284196,0.23862829683831158,0.7847341337907375,0.589455707011607,1,0.27607595920562744,0.5580374002456665,0.7554057836532593,75.33292388916016,4.291844608482689,8.033805847167969,4.859375,0.25016886245194114
04972,0.037445068359375,0.635961730023397,0.23270189431704885,0.6511817440912795,0.621436938695822,1,0.22795027494430542,0.4622386395931244,0.6449434757232666,73.10587310791016,6.57391809198929,14.764421463012695,4.66796875,0.774441973293876
04976,0.09714126586914062,0.6651020340893643,0.23186946710640513,0.7440408403691341,0.6013065795613626,1,0.19405174255371094,0.45544207096099854,0.7054494619369507,75.7939682006836,3.665723284311384,13.466489791870117,4.95703125,0.457058697820743
04994,0.07068252563476562,0.6580803683830136,0.23735158840517703,0.6651735117923255,0.6511369057083797,1,0.3090227246284485,0.5954862236976624,0.6764590740203857,76.60354614257812,4.111638019875751,10.13801383972168,4.92578125,0.504320759368965
