sample_id,depth_mse,depth_rmse,maniqa,musiq,niqe,qalign
00000,745.4903105684643,27.30366844525593,0.33241263031959534,65.65890502929688,2.852911512717231,4.08984375
00001,2162.4237848774724,46.501868617050995,0.19430507719516754,58.311370849609375,5.057173789653979,3.08203125
00002,1635.3819411093968,40.4398558492658,0.496284157037735,76.41497039794922,1.8861996624142938,4.9296875
00003,5972.262169639499,77.2804125871459,0.2686530649662018,64.0751953125,4.586288705008914,4.1484375
00004,587.0878276597977,24.22989532911353,0.2973586320877075,67.27152252197266,2.4814343420176455,3.587890625
00005,1912.003415215876,43.72646127021802,0.29903483390808105,65.2469482421875,4.076407242658481,3.865234375
00006,3238.0849364628552,56.90417327808968,0.17233270406723022,56.3307991027832,6.012174056010401,2.5625
00007,2055.661601851902,45.33940451585025,0.4732740819454193,73.08062744140625,1.6965325475731032,4.6171875
00008,173.4832339634895,13.17130342690083,0.38803622126579285,74.33942413330078,1.6284782963666398,4.63671875
00009,462.0271494414312,21.494816804090963,0.39732590317726135,76.49954986572266,1.6215621810512344,4.54296875
00010,1325.2166465526848,36.40352519403423,0.23860113322734833,65.28959655761719,3.85002990459418,4.69921875
00011,2709.2718209474274,52.05066590301634,0.33095043897628784,70.4311752319336,3.0126147968930748,4.5703125
00012,574.0101350470771,23.958508614834045,0.34321528673171997,71.02630615234375,1.567339919357545,4.421875
00013,468.57249712387943,21.64653545313613,0.44965022802352905,71.42849731445312,2.3434131353132432,3.974609375
00014,3940.2592301615655,62.771484211874146,0.335628479719162,62.77054214477539,7.255357683923234,3.697265625
00015,1896.1611221730896,43.54493222147773,0.20664161443710327,60.03517532348633,5.60804237441492,3.35546875
00016,67.33325649064066,8.205684401111261,0.4039114713668823,69.32704162597656,1.5967749388940968,4.25390625
00017,1260.396981487549,35.50207010143985,0.2761579751968384,70.75447082519531,4.402792078440504,3.859375
00018,777.9874862719356,27.89242704161715,0.29106616973876953,73.22796630859375,3.152819287146883,4.80078125
00019,1034.1490004552486,32.158187145037395,0.3234826326370239,74.4169921875,2.854782999325595,4.96484375
00020,471.9615635651485,21.724676374232793,0.3442390561103821,72.17911529541016,2.7435613412010547,4.8828125
00021,885.7930874558526,29.762276247892274,0.2777687907218933,69.73328399658203,2.924884820661372,4.0703125
00022,1461.4553690391795,38.22898597974029,0.4087595045566559,72.89410400390625,2.6838589272165128,4.2109375
00023,179.27782493336255,13.389466939850987,0.4779752492904663,71.5530014038086,2.909550753901035,4.75390625
00024,359.01567983713045,18.94770909205465,0.30202969908714294,73.75016021728516,3.357034959970149,4.80859375
00025,1016.266051793166,31.878928021393158,0.4635778069496155,76.31079864501953,1.4447440854918405,4.69921875
00026,206.355651963503,14.365084474638602,0.2906731069087982,71.75736236572266,3.8161883316678993,4.4296875
00027,1949.546768958151,44.15367220241314,0.3514586389064789,65.66059875488281,3.4303007843227236,4.63671875
00028,180.88213608364774,13.44924295578185,0.5441633462905884,72.42070007324219,3.264347742782239,4.88671875
00029,636.9204906360466,25.237283741243758,0.26944857835769653,70.6682357788086,4.383893861281136,4.375
00030,1686.1008613605177,41.062158508297124,0.3351292610168457,75.1551284790039,3.371898439440393,3.62890625
00031,416.63631277476554,20.411670994182852,0.31292691826820374,66.26502990722656,3.787972716995991,3.935546875
00032,1661.3946792369788,40.76020950923804,0.18335871398448944,59.94807815551758,4.565344704053434,3.365234375
00033,354.4872719959771,18.82783237645739,0.3629377484321594,71.56400299072266,3.478287289198649,4.16796875
00034,504.9810608007886,22.47178365864153,0.2617172598838806,64.61027526855469,3.9922598208812587,4.32421875
00035,462.3070754143671,21.50132729424784,0.48599350452423096,73.71768188476562,3.140790576924877,4.37109375
00036,1158.2404164078944,34.03293135196988,0.44238635897636414,75.58267974853516,1.7584324125254365,4.85546875
00037,778.9875278813244,27.910348042998752,0.29855218529701233,71.28780364990234,3.655225387854066,3.455078125
00038,1795.128690516112,42.36895904451881,0.23909932374954224,65.30903625488281,4.716341508423466,4.02734375
00039,1134.3794862345724,33.68055056311539,0.40525713562965393,51.425479888916016,2.2941782695948514,4.68359375
00040,364.694051167807,19.09696444903763,0.1757044494152069,61.062740325927734,3.4580892932142286,2.8046875
00041,889.9002523950437,29.831195959851218,0.23303431272506714,64.62737274169922,4.128750442869161,4.49609375
00042,1681.2046930126771,41.00249618026538,0.20259547233581543,62.86385726928711,4.021694363133348,2.7578125
00043,4192.45484328108,64.7491686686484,0.2350892424583435,57.3927116394043,6.8723020995509225,3.220703125
00044,1488.365751593026,38.57934358686039,0.24352960288524628,47.846805572509766,6.571762859536663,3.251953125
00045,1905.1657135904622,43.64820401334357,0.2967299818992615,56.15609359741211,2.130261065243547,3.625
00046,6493.701897909214,80.58350884585018,0.22170569002628326,57.8790397644043,6.390951814311368,3.490234375
00047,199.76995374524927,14.133999920236636,0.48502737283706665,73.197265625,2.3401284080961235,4.91796875
00048,562.0841746812637,23.70831446310057,0.21305270493030548,60.262760162353516,3.2149117332107915,4.01953125
00049,153.39863226460497,12.385420148893012,0.35774052143096924,76.22887420654297,4.008373830094926,4.5546875
00050,3491.8267889345016,59.0916812160096,0.31719791889190674,67.94734191894531,1.9933846662246433,3.708984375
00051,188.93113511214824,13.745222264923482,0.4510681629180908,74.60843658447266,2.188611095693045,4.33203125
00052,927.6250036104414,30.45693687176111,0.30331841111183167,74.7080307006836,3.383059667539073,4.3125
00053,634.976783202626,25.19874566724753,0.35232895612716675,68.78998565673828,2.446560736471623,4.72265625
00054,1531.1466386973486,39.12986888167846,0.2966877520084381,71.21366119384766,3.2391640764532035,3.568359375
00055,500.5174938623841,22.37224829699474,0.36087363958358765,69.89434814453125,2.5372227120173534,4.05078125
00056,2322.362173612079,48.1908930568015,0.2593393623828888,68.87735748291016,3.151586413764421,4.56640625
00057,422.615384441847,20.557611350588544,0.2662159204483032,63.06282043457031,5.076195077574894,4.1953125
00058,983.0577567496654,31.353751876763734,0.21368782222270966,65.51793670654297,5.145027416866724,3.611328125
00059,265.48641059481315,16.29375372941463,0.15427011251449585,58.153724670410156,5.31358346837252,3.056640625
00060,423.6256826195093,20.58216904554788,0.2654564380645752,72.21347045898438,4.137607579397418,4.6953125
00061,2741.8995775184176,52.36315095101151,0.30263420939445496,73.10172271728516,2.704230217438624,4.49609375
00062,1265.3908964122825,35.572333300084246,0.34412574768066406,72.82827758789062,4.100929072243485,3.494140625
00063,1616.4136680465365,40.20464734388969,0.3025309145450592,71.65324401855469,3.390210051312244,3.94921875
00064,391.06489218267546,19.77536073457765,0.23843419551849365,72.15447998046875,5.823884117204032,3.927734375
00065,4417.316883762734,66.46289855071575,0.4392375349998474,74.22273254394531,2.361477709823987,4.02734375
00066,1104.3549521064156,33.2318364239236,0.2827621102333069,69.15641784667969,3.102395850781355,3.306640625
00067,2519.1588481201375,50.19122281953427,0.21424619853496552,60.31698226928711,3.9575473580052614,4.46484375
00068,267.84581235079764,16.365995611352144,0.1840834617614746,59.277122497558594,6.540887372850544,2.96875
00069,229.96572735120697,15.16462091023732,0.23621661961078644,69.19271087646484,5.956243400962856,4.296875
00070,551.6164266372981,23.486515847125943,0.2464878410100937,60.779624938964844,4.764355965212481,4.56640625
00071,1351.3403200390069,36.76058106231466,0.332778662443161,70.76115417480469,3.574442016802826,3.634765625
00072,445.01738286331516,21.095435119080033,0.39591076970100403,71.36219787597656,1.9611713173858356,4.80859375
00073,1610.9123584317226,40.136172692867994,0.1786656379699707,54.635318756103516,5.922016310078216,3.013671875
00074,211.5773020165769,14.545697027525938,0.3709927797317505,72.00434875488281,1.8006072201216001,4.41015625
00075,213.85807446216853,14.62388711875774,0.30940496921539307,65.35115814208984,3.5598285866264883,4.28125
00076,2149.5434864417048,46.36316950383898,0.2442001849412918,57.25300979614258,4.6936114536421645,4.0390625
00077,673.8097956704372,25.957846514501878,0.17786270380020142,59.14129638671875,7.1045743097968135,2.607421875
00078,1328.5014764562873,36.44861419116353,0.38331693410873413,73.9669418334961,1.8635521415547487,3.970703125
00079,137.34463637695018,11.719412800006243,0.43646278977394104,73.6257095336914,2.549296241315915,4.62109375
00080,2005.2918510878221,44.780485159138486,0.28272613883018494,62.56636047363281,3.800039110806067,2.900390625
00081,254.09172597883773,15.94025489064832,0.24500134587287903,70.87026977539062,3.3899117654151736,4.09375
00082,1311.8187492315237,36.219038491262076,0.21541327238082886,57.032066345214844,5.308561947020321,2.98046875
00083,819.8121821092378,28.632362496120326,0.3412189483642578,70.79781341552734,3.620712786254264,4.03515625
00084,941.451417572859,30.683080314284922,0.2658421993255615,62.376956939697266,3.8802358538234003,3.6640625
00085,147.19242849567692,12.132288675088345,0.4787033498287201,73.56684875488281,4.722456054584924,4.78515625
00086,1091.1817778388372,33.033040699258024,0.23660507798194885,64.26809692382812,2.9717327303152463,4.76171875
00087,1037.3175559349875,32.20741461115728,0.3846464157104492,73.88256072998047,2.4695912361895616,4.12109375
00088,480.4832745373345,21.919928707396256,0.34581607580184937,68.06778717041016,4.395550662719566,4.83984375
00089,594.8402468779559,24.389346995726555,0.12351273000240326,53.24524688720703,6.234165171404649,2.275390625
00090,166.23954159810538,12.893391392419039,0.4968006908893585,73.14414978027344,2.3679997958910617,4.78515625
00091,2412.207311123311,49.114227176280714,0.28976649045944214,67.25996398925781,2.4624531759210257,3.80859375
00092,764.856805897794,27.65604465388704,0.30828896164894104,73.50885009765625,2.59239546625135,4.90625
00093,343.89678730178304,18.544454354382687,0.24111559987068176,62.57354736328125,4.469823623383142,4.26953125
00094,2551.41540806833,50.51153737581475,0.29918211698532104,72.53047943115234,3.4718482839811626,4.14453125
00095,874.4250745463185,29.570679304782946,0.30432119965553284,71.21015167236328,3.910983488644553,4.8828125
00096,142.23418735724937,11.926197522984825,0.48686888813972473,75.57563781738281,2.258152706293942,4.8046875
00097,768.449463616777,27.720921045607,0.2902545928955078,66.94951629638672,3.2629887142013914,3.83984375
00098,1265.0479478687535,35.56751253417581,0.1529679298400879,53.83097839355469,6.442535223971127,3.3046875
00099,1639.8114496751762,40.49458543651455,0.20584192872047424,71.17359924316406,3.719207889833385,4.140625
00100,2051.099356719765,45.28906442751677,0.32277610898017883,71.70706176757812,2.5888456977558683,4.234375
00101,645.2493954320843,25.401759691645072,0.27519145607948303,69.03854370117188,3.3422072908525,4.1171875
00102,524.3758316564113,22.89925395414469,0.2904266119003296,69.04083251953125,4.108910824450357,3.71875
00103,700.639816365196,26.46960174171867,0.12295844405889511,54.94224548339844,6.349038971914039,3.333984375
00104,3049.898545676528,55.22588655401132,0.25248295068740845,65.86368560791016,3.493560470361031,4.0
00105,6499.8489022055555,80.62164040879816,0.20489978790283203,54.684120178222656,5.364402923448353,3.416015625
00106,923.2737430976782,30.385419909846206,0.36179229617118835,73.31856536865234,2.9225354980740037,4.58984375
00107,1409.9106219146727,37.54877657014504,0.4167536795139313,76.05757904052734,3.5963158065079974,4.97265625
00108,559.9135480690625,23.662492431463395,0.20765259861946106,62.915199279785156,4.024031012285038,3.607421875
00109,115.56686489885598,10.75020301663443,0.4403621256351471,72.10710144042969,1.5031654391011222,4.46875
00110,1592.0233533087257,39.90016733434492,0.32302019000053406,65.47889709472656,1.7025848731553834,3.97265625
00111,841.6465385639916,29.011145075022316,0.24716897308826447,65.67971801757812,3.1148191087920205,3.984375
00112,363.568210384996,19.067464707847133,0.25654056668281555,70.41854858398438,4.217698901449985,4.80078125
00113,439.3376386592351,20.96038259811197,0.22208474576473236,55.04545974731445,6.463026254744651,3.115234375
00114,483.80616801101274,21.99559428637955,0.2707684338092804,72.47794342041016,4.829003309592751,4.6015625
00115,1958.9234192630936,44.259726832224054,0.2898837625980377,70.09967803955078,3.072632620925474,4.03125
00116,225.21098780695894,15.007031278935848,0.3028154969215393,74.65496826171875,3.182226514523294,4.70703125
00117,122.96472383174664,11.08894601987703,0.2209317982196808,62.286766052246094,3.431289357459072,2.94140625
00118,1366.2705665809456,36.963097361841115,0.33584126830101013,66.67186737060547,2.8431663815561183,3.955078125
00119,2585.286618871992,50.84571386923378,0.20200809836387634,70.19652557373047,5.380241034329622,4.3203125
00120,707.3688584349151,26.59640687075822,0.5094942450523376,73.2217788696289,1.9528607800152447,4.87109375
00121,1339.0757403264652,36.59338383268846,0.28359711170196533,59.954463958740234,3.546828728238215,2.2421875
00122,410.4935608997473,20.260640683348278,0.2428557425737381,47.9632453918457,2.6868933800022132,3.119140625
00123,334.3345485504436,18.284817432789524,0.3580947518348694,74.70562744140625,2.793637902406476,4.5234375
00124,107.00118234193404,10.344137583285232,0.3541180491447449,69.72087860107422,5.610967560200831,4.65625
00125,841.1636016824401,29.002820581495865,0.16702976822853088,55.581356048583984,5.226272282674465,3.1796875
00126,1006.2561145841843,31.721540230325896,0.34230679273605347,69.70523071289062,3.1967991286174127,4.90625
00127,1684.638467753794,41.044347573737774,0.29048705101013184,71.48076629638672,3.218136910695624,4.64453125
00128,499.40471194074706,22.34736476501753,0.23632951080799103,68.08390808105469,3.900748511581005,4.09375
00129,3237.8284635207397,56.90191968221055,0.355087548494339,74.32817840576172,3.4832427975247913,3.9296875
00130,142.57117181288353,11.940317073381408,0.24786794185638428,69.77388000488281,3.8978107611234916,4.10546875
00131,2338.266592589843,48.355626276472144,0.20724274218082428,70.70243072509766,4.061646503118366,3.08203125
00132,1924.7760773259197,43.87227002704464,0.2110208123922348,62.584930419921875,4.01944193108022,3.330078125
00133,1520.2012825545644,38.98975868807813,0.2340470552444458,71.61322784423828,2.848975295695502,4.59375
00134,62.098745829135176,7.880275745755042,0.5446285605430603,77.09248352050781,2.348406726764797,4.796875
00135,470.74294748349814,21.69661142859636,0.3635851740837097,71.96044158935547,4.122536124922701,4.36328125
00136,1109.5904245003487,33.31051522418032,0.21323245763778687,61.822383880615234,4.035194794500066,4.01171875
00137,386.36144818129185,19.656079166031354,0.4222151041030884,73.30435180664062,2.1937861669201997,4.8203125
00138,234.14535393028956,15.301808845044745,0.4898775517940521,72.1841812133789,2.6388308867024346,4.82421875
00139,177.40361749237846,13.319294932254428,0.5257008075714111,74.91534423828125,2.4682749521468765,4.8671875
00140,2728.261512427322,52.23276282590575,0.30271950364112854,69.88884735107422,4.43225422395598,4.02734375
00141,198.28348374641084,14.08131683282536,0.2741423547267914,65.96987915039062,4.127977552094644,4.0546875
00142,214.2437245749494,14.63706680229852,0.4923487603664398,72.64693450927734,1.9402517509682378,4.87890625
00143,417.3066623654521,20.428085137022805,0.3864962160587311,73.26034545898438,2.5017376920502077,3.763671875
00144,1598.5520162060275,39.98189610568798,0.3061073124408722,73.2952880859375,3.2627408137304066,4.28125
00145,678.5488849074552,26.048970899201667,0.3077380061149597,72.00887298583984,2.9628577117205777,4.2421875
00146,510.05896893330197,22.58448513766258,0.32703688740730286,68.22171783447266,3.12246771982837,4.578125
00147,263.11237772164833,16.22073912377757,0.4531748592853546,72.49556732177734,1.5152716893923657,4.9140625
00148,99.96807783492568,9.998403764347872,0.5650896430015564,73.12590026855469,2.5439687044295303,4.859375
00149,66.72383889529358,8.16846612867395,0.49399420619010925,73.14208984375,3.0571764201573455,4.234375
00150,739.8629553987973,27.200421970969444,0.2972491979598999,68.9154052734375,4.049790634253416,3.404296875
00151,815.3611547407539,28.554529496049376,0.31493079662323,70.42839813232422,2.6503346002526014,4.359375
00152,1129.9340720235896,33.61449199413238,0.4638855457305908,74.88477325439453,2.401731554996197,4.85546875
00153,1202.5506096697527,34.67781148904516,0.2686150074005127,61.728511810302734,3.3239494082696606,3.587890625
00154,791.2991512905728,28.13004001580113,0.2345646470785141,64.88034057617188,3.945839987041669,4.1953125
00155,751.7237028903937,27.417580179337374,0.2396794557571411,58.20661163330078,2.9626426439448283,3.078125
00156,498.87769601106623,22.335570196685516,0.2626734673976898,70.5470199584961,3.8156513254983477,3.98046875
00157,524.0484366498478,22.89210424250789,0.3123221695423126,71.80900573730469,4.903429639274975,4.71484375
00158,2019.801904066903,44.94220626612476,0.2942441999912262,65.95254516601562,3.119789401446434,4.00390625
00159,367.500882312274,19.170312525159154,0.434863418340683,68.99320220947266,1.9490939160637026,4.703125
00160,238.4966621583022,15.443337144487334,0.3050753176212311,69.08395385742188,3.6590499920704898,3.990234375
00161,467.64695996699464,21.625146472729256,0.5123150944709778,74.94995880126953,1.7240642959938601,4.69921875
00162,393.99250241117676,19.849244378846684,0.2603701651096344,67.1616439819336,2.7794644492921674,4.59765625
00163,1744.046620953752,41.7617842165987,0.28405317664146423,67.01490783691406,4.476956233679813,3.771484375
00164,591.532924319217,24.321449881107355,0.3659832775592804,71.01583099365234,2.788174366553652,4.30078125
00165,4473.778117513262,66.88630739929707,0.41983503103256226,59.971031188964844,1.7001100844948833,3.521484375
00166,1199.1770615252958,34.62913602048564,0.3301481008529663,64.28629302978516,3.6108727138273107,3.880859375
00167,582.6698777238688,24.138555833435205,0.22792865335941315,59.38422775268555,4.458804650707611,3.7265625
00168,1708.5578654192618,41.334705338483566,0.25030794739723206,65.4738998413086,4.187081502082073,3.64453125
00169,1842.0888252540412,42.91956226773569,0.3210029900074005,69.13438415527344,2.844433247207611,3.611328125
00170,1011.3814470888758,31.802223933066,0.4019920825958252,74.97554016113281,3.003589763110945,4.9765625
00171,2778.903245327242,52.71530371085082,0.2012345790863037,55.97640609741211,4.045167198744865,3.0703125
00172,1234.7794727904443,35.13942903335859,0.38459768891334534,73.10191345214844,2.7112124199369187,4.921875
00173,5152.4241197881065,71.78038812787311,0.29160428047180176,66.92244720458984,3.9919362741744924,3.35546875
00174,1034.5760925889185,32.16482694790877,0.2959868609905243,65.64746856689453,2.638922354558364,3.625
00175,1512.9981140745642,38.89727643517685,0.299439400434494,68.99510192871094,3.609354235749975,4.59375
00176,3465.8518597488037,58.87148596518355,0.19807197153568268,62.6233024597168,4.113884500982688,3.724609375
00177,466.9546307645888,21.609133040559236,0.19349180161952972,65.78532409667969,4.789538564934015,3.98828125
00178,176.54260791102163,13.286933728705868,0.45905816555023193,76.40965270996094,2.485858933437535,4.7421875
00179,534.4996942925408,23.119249431859608,0.30258631706237793,68.64530181884766,4.878063882324641,4.6328125
00180,1451.005375113384,38.09206446378804,0.3705527186393738,63.542137145996094,2.944022114577315,4.60546875
00181,543.1374586126956,23.30530966566837,0.29940706491470337,74.04318237304688,2.519489826108135,4.015625
00182,606.7899780677102,24.633107357126306,0.13649286329746246,54.942012786865234,5.9197081257590485,3.16796875
00183,1556.8944382755085,39.457501673009006,0.3929683268070221,74.70321655273438,2.8823543561393743,3.90234375
00184,706.0850012159218,26.572259994511604,0.22026264667510986,62.55366516113281,3.950581912131534,2.8671875
00185,293.73166991990007,17.13860174926473,0.22868497669696808,70.74604034423828,4.817151636745635,3.720703125
00186,403.8170535287707,20.09519976334574,0.31622689962387085,72.25627899169922,3.092006376313131,4.90625
00187,4681.626375688065,68.42241135540361,0.31262731552124023,69.55633544921875,3.07199703109104,4.20703125
00188,1476.9264574000945,38.43080089459618,0.2658739984035492,65.43228149414062,3.2710567078988606,4.10546875
00189,161.66866123562573,12.714899183069669,0.43441760540008545,70.28612518310547,1.7816147471251678,3.943359375
00190,137.5269420594196,11.727188156562493,0.49844837188720703,75.40170288085938,2.2193765946347015,4.87109375
00191,1627.7140091284668,40.344937837707306,0.28941479325294495,65.27433013916016,3.9401889188298678,4.09375
00192,1452.0296904159813,38.10550735019784,0.2295805811882019,63.84964370727539,5.329096545168814,3.72265625
00193,123.40608223498275,11.10882902177285,0.33461466431617737,71.33369445800781,3.960961324722331,4.64453125
00194,1747.9738230674673,41.808776866436396,0.4233818054199219,71.9085693359375,3.346322128965689,4.5625
00195,598.1335777030938,24.456769568017233,0.27578604221343994,71.31047058105469,2.7865597449915716,4.51171875
00196,1379.0223429702805,37.135190089324716,0.16156819462776184,55.456363677978516,4.711601003833359,3.068359375
00197,309.2456735593107,17.58538238308484,0.3301953375339508,67.66263580322266,3.030894696907352,4.69921875
00198,5264.228031133405,72.55500004226728,0.37135958671569824,71.33772277832031,4.422848452643643,4.8828125
00199,688.5083331007959,26.239442316878534,0.16661690175533295,53.72373580932617,6.230987605585548,3.798828125
00200,1231.775428751287,35.096658370153804,0.43197935819625854,69.16899871826172,1.645545915297918,4.81640625
00201,1106.8086861218746,33.26873436309044,0.26665186882019043,65.33787536621094,3.963584508515555,4.12109375
00202,46.36953395331002,6.809517894338043,0.4781220555305481,75.35185241699219,2.467033414818711,4.546875
00203,3177.5914581688075,56.37012913031872,0.2852850556373596,53.37089538574219,5.875664484322498,2.826171875
00204,389.2429624518109,19.729241304515764,0.306682288646698,69.08822631835938,4.738890722283846,4.87109375
00205,144.3799355468037,12.015820219477474,0.3764258921146393,73.16273498535156,2.154008301535205,4.546875
00206,3591.952862776125,59.93290300641314,0.31709766387939453,64.66099548339844,2.834283997160835,3.990234375
00207,123.34168750997473,11.105930285661563,0.4407978057861328,69.6062240600586,2.1905124127293134,4.7578125
00208,255.99339511427897,15.999793595989885,0.47213509678840637,72.2195053100586,2.9337832962815695,4.6328125
00209,859.3976242649034,29.315484377115506,0.21350285410881042,59.89043426513672,4.8893347839811225,3.677734375
00210,320.41803572429967,17.900224460165287,0.47418221831321716,74.10533905029297,1.928159874713895,4.90234375
00211,252.91909032976469,15.903430143518243,0.4228326082229614,70.63130187988281,2.3365235930050554,4.359375
00212,320.91072293534495,17.91398121399442,0.35181763768196106,67.10519409179688,3.8145146595307167,4.81640625
00213,550.1488760039827,23.45525263142528,0.18186236917972565,64.05752563476562,4.473888607331845,4.48046875
00214,158.84453829631693,12.60335424783089,0.4675882160663605,74.0854263305664,2.143095656212349,4.8125
00215,136.71664334196464,11.692589248834693,0.39612099528312683,66.9461898803711,2.2809294365010904,3.5078125
00216,1465.2119328374886,38.27808684923384,0.4046339988708496,70.04418182373047,3.3497217010268834,3.822265625
00217,100.60637262220136,10.030272808961946,0.4404152035713196,73.7488021850586,2.6395599610559355,4.72265625
00218,150.45083903282017,12.265840331294884,0.4671085476875305,72.99491882324219,2.9877143062032205,4.8125
00219,1092.6971028419532,33.055969246748056,0.35415810346603394,70.83354949951172,3.479781422883757,4.55078125
00220,172.91696919261,13.149789701459488,0.17593348026275635,58.67158126831055,6.004939746061708,3.5390625
00221,161.48131266307007,12.707529762431015,0.48541608452796936,73.51610565185547,2.2379964226895614,4.09765625
00222,273.8456937243413,16.54828370932591,0.5047494173049927,73.6434326171875,1.7503857612139202,4.7578125
00223,703.464028957218,26.52289631539546,0.5554269552230835,72.60813903808594,2.5480878096784,4.88671875
00224,551.9323164766922,23.49323980375402,0.24164074659347534,67.54273223876953,3.9094049989080535,3.900390625
00225,53.500003999488385,7.3143696925632895,0.44663918018341064,73.27330780029297,2.0867901915633222,3.982421875
00226,567.2774367724802,23.817586711765745,0.2513924837112427,71.99105072021484,4.657520321363906,4.296875
00227,2510.569337300284,50.105581897631765,0.3363926410675049,71.8684310913086,3.168530000986933,3.767578125
00228,1911.3847862013258,43.719386846127264,0.46802470088005066,68.18273162841797,2.0744029580823424,4.73828125
00229,129.90571195479862,11.397618696675135,0.3804607093334198,74.61502838134766,2.6201808043335713,4.82421875
00230,195.0313535706479,13.965362636560782,0.4783998429775238,73.02185821533203,2.4588346139092923,4.86328125
00231,1386.7584220081897,37.23920544276139,0.25833460688591003,65.68982696533203,4.082818445779568,4.8359375
00232,1158.7400139456847,34.040270474038316,0.2583099901676178,52.02813720703125,5.358624068729173,2.9296875
00233,1095.8763903213846,33.104023778407736,0.09769485145807266,59.9049072265625,5.159182608866651,3.81640625
00234,1377.8674957972817,37.11963760325903,0.2541038990020752,69.06682586669922,6.388132171394884,4.0546875
00235,566.2255440675692,23.79549419675013,0.23413336277008057,56.6712532043457,4.342116370568618,3.384765625
00236,881.635042530529,29.692339795484777,0.5124912858009338,73.87689971923828,2.332060111346816,4.28125
00237,436.03309344205763,20.88140544700135,0.5325514078140259,73.97911071777344,2.7515786430656957,4.26171875
00238,2213.2545189919006,47.045239068282996,0.3051875829696655,71.7615737915039,2.6909245910588933,3.8515625
00239,2702.543338864327,51.98599175609067,0.2756502628326416,70.2590560913086,2.616437003416225,4.109375
00240,818.5843700136215,28.610913477441112,0.515246570110321,71.57744598388672,3.0589105283322424,4.84375
00241,453.5856562105836,21.297550474422724,0.31471264362335205,70.4150619506836,3.093752040293936,4.22265625
00242,1135.5065623812961,33.697278263701,0.27653175592422485,71.40950775146484,3.8879115481067292,3.9296875
00243,1045.2488214393204,32.33030809378903,0.24224992096424103,64.30032348632812,3.307642149293775,3.087890625
00244,270.5874423900514,16.449542315519036,0.19505640864372253,60.030094146728516,5.512225303256592,3.439453125
00245,157.21793225550672,12.538657514084461,0.4839717745780945,74.78761291503906,2.521761431212516,4.6484375
00246,187.12912275702124,13.679514712043744,0.33064472675323486,71.95116424560547,3.13442480753075,4.05078125
00247,771.7995762536287,27.781281040542908,0.45079007744789124,75.330322265625,2.245428586308682,4.55859375
00248,2168.0841401733483,46.562690431002245,0.3329635262489319,67.04906463623047,3.367535259063227,3.337890625
00249,457.76484523916315,21.395439823456847,0.31760233640670776,72.6986312866211,4.62078455665035,4.3359375
00250,2984.101280335491,54.626928161260274,0.1983715146780014,62.41017532348633,4.784923773385759,3.162109375
00251,603.6068057904708,24.568410729847198,0.1422518938779831,48.16055679321289,6.058577628345331,2.91796875
00252,2118.378340279293,46.025844264709505,0.3418051302433014,71.31123352050781,2.1105766783720314,4.0390625
00253,1661.0546882125416,40.75603867174215,0.266376256942749,65.6635971069336,3.8614784354995617,3.77734375
00254,490.1169751364598,22.13858566251376,0.28324592113494873,67.5172348022461,4.066903038567732,3.90234375
00255,994.8182574083055,31.540739645866037,0.2608048617839813,63.77344512939453,3.832092217036441,4.078125
00256,326.99272371733014,18.082940129230373,0.3307395577430725,72.56327819824219,3.391816846559559,4.671875
00257,478.77439515454665,21.880913946966352,0.3454343378543854,71.69707489013672,4.658188287622016,4.65625
00258,2688.0344998367473,51.846258301219265,0.27377402782440186,73.47242736816406,3.8433330963952406,3.96875
00259,222.38505730991616,14.912580504725403,0.3216799795627594,71.67011260986328,3.0569062514810965,4.7109375
00260,244.54646859892412,15.637981602461492,0.28390997648239136,69.1927719116211,4.21245266190673,3.5625
00261,410.6273056398917,20.263941019453537,0.45048391819000244,74.4686508178711,1.3952370703677812,4.37890625
00262,405.53931835140565,20.13800681178268,0.28998997807502747,67.36354064941406,2.551475074279589,2.95703125
00263,793.4156529867352,28.16763484900241,0.15370066463947296,48.01053237915039,4.954658339501786,3.146484375
00264,1361.311028128987,36.89594866823439,0.22774963080883026,65.33084106445312,4.486936101814046,3.38671875
00265,1501.453806796824,38.7485974816744,0.2544662654399872,70.05396270751953,4.278490708918727,3.42578125
00266,445.6976006227914,21.11155135518921,0.220413938164711,60.936038970947266,4.630575727200023,3.482421875
00267,298.74406479828014,17.284214324009064,0.2695614993572235,66.81280517578125,2.842687738861718,4.80859375
00268,1946.8457946823148,44.123075535169974,0.15387843549251556,52.53569030761719,6.206601345517517,2.376953125
00269,538.4067276125298,23.203592989287884,0.3675082325935364,73.49040985107422,3.2990206637834585,3.9609375
00270,755.6971624584166,27.48994657067228,0.3796587586402893,69.96913146972656,2.0555739284468086,4.140625
00271,2974.238159672553,54.536576347186966,0.49548959732055664,76.12278747558594,2.413450419109247,4.41796875
00272,1030.9039287432563,32.10769267236835,0.26907697319984436,66.9233627319336,3.722121457328212,3.576171875
00273,997.6880331629709,31.586200043103805,0.1605920046567917,62.9017219543457,4.298608119723201,3.6796875
00274,419.1205680987968,20.472434347160497,0.3089773952960968,46.91798400878906,4.749538945913374,2.869140625
00275,5889.714727380869,76.7444768526105,0.2661769688129425,60.62499237060547,3.943874866043825,3.423828125
00276,101.0435630572988,10.052042730574657,0.48255887627601624,74.25118255615234,3.0855512663177955,4.81640625
00277,2799.2246266812417,52.90769912480831,0.23483049869537354,61.857913970947266,4.338910578579588,4.1015625
00278,439.52717064885627,20.964903306451387,0.3573317527770996,71.52393341064453,2.1284576862150937,4.56640625
00279,694.6173885582316,26.35559501430828,0.3782726526260376,74.90104675292969,1.6340691272209114,3.48828125
00280,1003.6777069941038,31.680872888765293,0.24845360219478607,68.98914337158203,2.8496154529477002,3.775390625
00281,288.4436072411166,16.98362762312918,0.44046223163604736,71.56401824951172,2.7813494761614375,4.5625
00282,104.78487036981508,10.236448132522094,0.41190552711486816,73.76573944091797,1.9957251502981275,4.6328125
00283,155.11593493901822,12.454554786864852,0.5050719976425171,75.50590515136719,2.131223317349062,4.93359375
00284,438.0299768010827,20.929165697683285,0.35575366020202637,72.89234161376953,2.809647727284378,4.8671875
00285,1487.4978543380487,38.568093734822426,0.2918970286846161,68.47337341308594,4.0550765670749795,4.71484375
00286,1593.8274910286927,39.92276908017144,0.2680312991142273,63.1808967590332,3.269251898903923,4.0078125
00287,319.74584774902314,17.88143863756558,0.3801846206188202,73.83088684082031,1.4516647227726878,4.12109375
00288,845.5932099367056,29.07908543845053,0.3324067294597626,72.7387924194336,3.0302730318145863,4.96875
00289,1003.172592613383,31.672899971637946,0.241719588637352,70.5595474243164,3.6502801293224065,4.23828125
00290,4215.721867604714,64.9285905253203,0.3674086332321167,74.34449768066406,2.2274376689000777,4.359375
00291,129.54270549526925,11.38168289381097,0.35160231590270996,70.10861206054688,2.762578767113284,4.64453125
00292,1045.5102520751814,32.334350961093705,0.27403488755226135,65.69252014160156,2.735815515858134,3.6484375
00293,402.99680967869887,20.074780439115614,0.2413913905620575,67.12452697753906,2.8587096422889395,3.08984375
00294,4681.246848320205,68.4196378850415,0.15462638437747955,60.11796951293945,4.482395645967246,3.919921875
00295,452.70519816084624,21.276870027352384,0.3658275604248047,74.66382598876953,3.01027753441148,4.4609375
00296,785.3327200887056,28.023788467812587,0.2264951467514038,67.48331451416016,5.416507553027303,3.85546875
00297,172.70848824125153,13.141860151487366,0.4111853837966919,74.84342193603516,1.7157720772260252,3.908203125
00298,1167.6208551460873,34.170467587466334,0.3388935625553131,75.57379913330078,2.6543046400590122,4.59375
00299,994.772116790845,31.540008192624885,0.2643357813358307,69.41931915283203,3.2294719077533696,3.978515625
00300,891.3373683043493,29.8552737100893,0.15442900359630585,61.8082160949707,5.8613618865798385,3.142578125
00301,904.8037306415616,30.079955628982592,0.25272002816200256,69.51840209960938,3.4843274535153808,3.07421875
00302,3155.6536360988425,56.17520481581569,0.3206464350223541,66.00496673583984,3.8148368592306796,4.71484375
00303,677.8168817983048,26.034916589040666,0.17953398823738098,61.332698822021484,5.745131097507028,3.544921875
00304,616.8956254844055,24.837383627999255,0.28886011242866516,64.09373474121094,2.1469360546790455,4.30859375
00305,638.904688972147,25.27656402623084,0.31170132756233215,70.94927978515625,3.3010352427110243,3.75390625
00306,74.69167368769713,8.64243447691084,0.4573313593864441,73.89254760742188,1.9928716094027563,4.40234375
00307,992.7199056701382,31.507457937290628,0.32423290610313416,71.33033752441406,3.153151097160099,4.65234375
00308,1191.2630658983303,34.5146789916744,0.3689105808734894,71.30621337890625,3.0920857885971653,4.3046875
00309,345.0908442045799,18.57662090382909,0.523094892501831,74.62847900390625,2.583653249792845,4.80859375
00310,544.716304508605,23.339158179090457,0.41651323437690735,70.01034545898438,1.621425487863998,4.19140625
00311,1170.6849817529385,34.21527410021639,0.33584877848625183,74.52245330810547,2.2765870269574497,4.0078125
00312,265.77581280755743,16.30263208219941,0.23140257596969604,63.168846130371094,4.971124318016767,3.0859375
00313,288.9219484041406,16.99770420980847,0.42293161153793335,72.39885711669922,2.6452718356112377,4.59375
00314,1155.153702518954,33.98755217015421,0.2627124488353729,62.797176361083984,3.609549349887407,3.671875
00315,157.36935222872924,12.544694186337475,0.3726620674133301,69.68571472167969,2.5360604650763596,4.234375
00316,494.52170066004084,22.2378438851441,0.40126246213912964,68.83439636230469,1.8363757368121056,4.265625
00317,709.460242718763,26.635694898364545,0.256745845079422,63.5157356262207,2.925671545841492,3.908203125
00318,387.5257164584209,19.685672872889587,0.4387367367744446,71.58074951171875,2.8866465725884822,4.55859375
00319,229.683348112551,15.155307588846588,0.4988623857498169,75.07896423339844,3.122929125636332,4.19921875
00320,3087.830033893295,55.56824663324635,0.26150575280189514,65.7080307006836,3.7819225085716965,4.01953125
00321,411.32574136434886,20.281167159814764,0.29462525248527527,64.70384216308594,4.146572468585043,4.22265625
00322,321.2617196057409,17.92377526096946,0.3693201541900635,71.37225341796875,2.414736897475819,4.76171875
00323,2377.5016137362704,48.75963098441446,0.27880069613456726,69.7790298461914,4.281163113996065,4.25
00324,260.29878643098175,16.133777810264455,0.33670610189437866,75.09834289550781,4.71644208539761,4.75390625
00325,761.7730440220528,27.60023630373575,0.2760935127735138,65.8050308227539,3.3433627666415515,4.45703125
00326,3368.168020611172,58.03592008929618,0.18150705099105835,65.75751495361328,3.2119565738715457,4.18359375
00327,462.7262090588229,21.511071778477774,0.2570667862892151,69.82614135742188,3.9796773858044174,4.24609375
00328,369.4438514906697,19.220922233094583,0.18977436423301697,64.2340087890625,6.560384677132212,3.150390625
00329,437.54666072937636,20.917616038386793,0.3522265553474426,62.78089904785156,2.4261917531145354,3.640625
00330,819.723125539787,28.630807280616224,0.3714332580566406,68.30520629882812,2.412367140005105,4.23046875
00331,194.33393843735956,13.94037081419858,0.5433968305587769,71.35172271728516,2.145296233844382,4.8203125
00332,409.5063467169126,20.23626316089294,0.3807598054409027,74.54552459716797,3.9340963751889997,4.86328125
00333,890.1795270877323,29.83587650945975,0.2017233818769455,63.249210357666016,4.632289796498322,3.8515625
00334,1397.0551053886338,37.377200341767626,0.24133028090000153,66.62940216064453,4.198699171612403,4.12890625
00335,335.9122442922714,18.327908890330924,0.3439699113368988,74.88262939453125,2.6396640180549564,4.51171875
00336,631.9559174665617,25.1387334101494,0.2809334993362427,65.09617614746094,3.4709566655935387,4.0625
00337,200.74653050879573,14.16850487908995,0.4407486319541931,72.35803985595703,2.6134740630215605,4.53125
00338,920.1209847505845,30.333496085195726,0.33398330211639404,69.88880920410156,3.428075045103752,4.24609375
00339,286.9863437762908,16.940671290603888,0.37481433153152466,69.0992202758789,3.1861471437170965,4.0
00340,699.7125152992223,26.45207960254207,0.233263298869133,67.62464904785156,3.8153793282209687,4.484375
00341,1328.3215707167913,36.44614617098482,0.33053699135780334,71.24237823486328,3.7152346551783215,3.46484375
00342,928.9413519149571,30.47853920244468,0.230032816529274,73.21575164794922,3.4964672457715755,4.45703125
00343,1043.8287713831726,32.30833903782695,0.24458953738212585,63.298492431640625,4.406551101351162,3.775390625
00344,677.6934732288655,26.03254642229349,0.28693896532058716,69.21186828613281,3.3411199146459616,4.5546875
00345,252.14485516084082,15.87906971962907,0.414262592792511,73.51885986328125,2.773760081689395,4.33984375
00346,122.68610494949299,11.076375984476735,0.49876439571380615,74.42613983154297,2.5475632315332795,4.84765625
00347,334.24319711354786,18.28231924875911,0.2734641432762146,59.349124908447266,4.146886920703637,4.734375
00348,589.7942679493817,24.285680306497113,0.46570590138435364,75.8150863647461,1.7199087633651142,4.62890625
00349,537.6438587329269,23.187148568397255,0.345511257648468,75.76416015625,2.4987000753212953,4.8515625
00350,2060.923387459081,45.39739406022201,0.13966843485832214,61.04283142089844,5.890963818337272,3.671875
00351,1846.762972136516,42.97398017564252,0.2401150017976761,74.28727722167969,4.392658910703292,2.982421875
00352,70.54144436102435,8.398895425055866,0.4391104280948639,72.72620391845703,2.625697493203095,4.5390625
00353,421.34411900755697,20.526668482916484,0.2618405818939209,71.68148040771484,3.5988336598891677,4.64453125
00354,246.71853091871188,15.707276368572366,0.3694383203983307,69.8595199584961,2.547633565796097,4.6328125
00355,721.2372123116821,26.855859925008584,0.2128857672214508,63.87718200683594,4.953767582522866,4.05859375
00356,1876.942522510022,43.32369470059106,0.2804678678512573,66.0530776977539,3.389643886093666,4.0234375
00357,583.5150667425596,24.156056523003908,0.11157987266778946,56.929866790771484,7.543560433245632,3.1015625
00358,625.2301555800499,25.004602687906278,0.42769739031791687,60.72796630859375,1.8519317726270075,4.828125
00359,239.07399716311676,15.462017887815184,0.35856881737709045,66.49974822998047,2.0535493666681153,4.5078125
00360,167.25977311033876,12.932895001133302,0.44756942987442017,73.0712661743164,3.969980153130665,4.078125
00361,188.13287042990964,13.71615363102607,0.1757403463125229,61.37276077270508,5.039051517866445,2.990234375
00362,558.2377617497868,23.627055714789915,0.5202682018280029,74.2575454711914,2.464540361121163,4.92578125
00363,2784.73829557827,52.770619624733136,0.24718061089515686,69.23878479003906,4.5302655805240954,3.6171875
00364,62.78942697839287,7.9239779768997884,0.3938630223274231,69.77754974365234,2.592506363662428,4.421875
00365,452.75484247692987,21.2780366217593,0.30228689312934875,71.50321197509766,3.845707873133919,4.80859375
00366,370.4163847413013,19.246204424283277,0.22817334532737732,58.69842529296875,3.6467240728794152,3.390625
00367,323.7542390696089,17.993172012449858,0.46223899722099304,73.02374267578125,2.238009480017865,4.7421875
00368,340.95564045506933,18.464984171535846,0.3982386291027069,73.29521179199219,2.6359191753638225,4.8203125
00369,374.07188805084763,19.340938137816575,0.2769668400287628,69.99858856201172,3.9081081230633323,3.64453125
00370,657.3581209763788,25.63899609923093,0.14192622900009155,56.204673767089844,7.186562119021781,2.943359375
00371,1230.107520369952,35.07288868014655,0.33047133684158325,73.45133209228516,2.9525637433870666,4.125
00372,936.2451305359973,30.598122990405756,0.36812350153923035,73.36992645263672,2.8839450296501488,4.34375
00373,1571.1167778084423,39.63731547176779,0.2277223914861679,64.20545196533203,4.698385484151434,4.00390625
00374,710.5523304943117,26.65618747109781,0.2907273769378662,61.899776458740234,4.735099023814114,3.583984375
00375,157.05559883298784,12.532182524723611,0.3547758162021637,70.99131774902344,1.9086312043853364,4.046875
00376,293.4478841896682,17.13032060965784,0.38548558950424194,73.5540542602539,3.055521792471734,4.3125
00377,748.3015360847209,27.35510073249084,0.3014824390411377,58.85932159423828,4.166884767282681,4.15234375
00378,2040.2195086894524,45.16878909921598,0.2577981650829315,70.30929565429688,4.5373359070303,3.724609375
00379,759.6270022553938,27.561331648804522,0.18456996977329254,48.54979705810547,6.527234628261341,1.9658203125
00380,1913.4199612508075,43.742656083630855,0.3707219958305359,60.81333923339844,3.195536525584134,3.16015625
00381,691.5057319562895,26.296496571906484,0.35179585218429565,68.75836181640625,3.4581829465993117,4.1015625
00382,587.0716947746855,24.229562414015767,0.21543793380260468,64.51483154296875,4.023440053434683,4.09375
00383,897.1724053287908,29.95283634864636,0.26069584488868713,66.24322509765625,4.401558005355436,4.60546875
00384,542.6790784546306,23.295473346867855,0.3694852590560913,72.30154418945312,3.95276342798636,4.5390625
00385,1025.6359994955594,32.02555229025035,0.24322566390037537,68.71929931640625,2.829070954054236,2.689453125
00386,163.46010003524637,12.785151545259303,0.49739593267440796,76.76302337646484,2.185607036858426,4.58984375
00387,854.1081990443339,29.225129581309538,0.16428279876708984,49.47660827636719,6.697138069030519,3.03515625
00388,685.6911840271364,26.18570571947864,0.28683364391326904,62.45952224731445,3.2060520994282116,4.23046875
00389,571.7277328496913,23.910828777976125,0.39880821108818054,74.35375213623047,2.0783404488716557,4.015625
00390,645.2664249396054,25.402094892736805,0.4740096628665924,72.40768432617188,2.695185143363764,4.703125
00391,367.79803991010033,19.17806142210678,0.22037087380886078,64.96084594726562,4.383031003602433,3.716796875
00392,406.8522374008061,20.17057850932407,0.47737109661102295,72.71768188476562,2.030120133961264,4.8984375
00393,309.94868074985936,17.605359432566534,0.5075411796569824,68.11927032470703,2.342888966909397,4.92578125
00394,1643.6333654504242,40.54174842616465,0.2458128035068512,62.178932189941406,4.003817173047105,2.982421875
00395,251.39639870472277,15.85548481455937,0.20534686744213104,65.1340103149414,3.176194325281249,4.23046875
00396,1393.9144168518014,37.33516327608333,0.10216256231069565,56.891361236572266,7.9033389965656005,3.041015625
00397,623.3082041770864,24.966141155114187,0.21427443623542786,65.11063385009766,2.0364342470214565,2.78125
00398,434.50976997589845,20.84489793632721,0.4658232033252716,74.22308349609375,2.9332949987344032,4.4921875
00399,1403.4072456415524,37.46207743360681,0.26655682921409607,67.01094818115234,3.283636164106301,3.95703125
00400,3172.6127480413647,56.325950928869055,0.2946835458278656,71.28952026367188,2.995865803473258,4.80859375
00401,637.0752820201083,25.240350275305378,0.22073861956596375,68.29566955566406,2.9514375736182736,3.625
00402,1269.635057577332,35.631938728861385,0.28181856870651245,64.79161071777344,4.434106323252544,4.08203125
00403,92.86671562989197,9.636737810581543,0.3420599699020386,64.77043914794922,4.520650300786784,3.826171875
00404,167.4260922777176,12.939323486091443,0.49308034777641296,73.85205841064453,2.104583104096317,4.9296875
00405,158.8199388061685,12.6023782995976,0.16417589783668518,59.73042297363281,6.095081530960786,2.79296875
00406,1116.6093489286716,33.41570512391848,0.2398519665002823,60.95156478881836,4.638477887653755,4.3046875
00407,213.67233088481015,14.61753504818135,0.22502927482128143,67.84793853759766,4.077209788745656,4.015625
00408,907.486347149222,30.124514056648646,0.393853098154068,62.032806396484375,2.779614929244287,3.716796875
00409,243.92138452847755,15.617982729164401,0.2930532395839691,71.35411834716797,4.151235508544029,4.953125
00410,1187.892692377383,34.46581918912393,0.5010480284690857,77.08709716796875,1.4892213111944759,4.84375
00411,1525.8741171387294,39.062438699327636,0.30340614914894104,66.38422393798828,2.5237460564619116,4.08203125
00412,1019.8396985806496,31.93492913066584,0.25686201453208923,62.32491683959961,4.445064018121543,4.00390625
00413,345.66140148130944,18.59197142535749,0.3053802251815796,70.08577728271484,3.0461753337660022,3.96875
00414,472.1332477169608,21.728627377654593,0.08270761370658875,54.25719451904297,5.335945482043528,3.365234375
00415,1990.7624672726383,44.61796126306802,0.36458051204681396,72.31209564208984,2.6791509408939205,3.8125
00416,402.6189809341767,20.0653676999495,0.259550005197525,68.14805603027344,4.009486421988952,4.640625
00417,2032.4641140198505,45.082858316879715,0.41465523838996887,73.59320831298828,1.5433579690254202,4.65234375
00418,975.7170909635972,31.23647052667118,0.22947955131530762,65.47562408447266,4.986311408537625,3.64453125
00419,559.0040162456958,23.64326576946797,0.23410159349441528,70.60337829589844,4.54655606918382,4.05078125
00420,3855.148441851024,62.08984169613435,0.2772783637046814,63.819549560546875,3.316470981292781,3.9765625
00421,545.0247840830755,23.34576587056153,0.26184651255607605,70.69790649414062,4.8888402816753205,4.1953125
00422,387.5849415278673,19.687177083773776,0.5042433142662048,72.27021026611328,2.042170102884067,4.78515625
00423,1680.8050542166172,40.99762254346729,0.27550703287124634,66.49419403076172,3.450015261782838,3.9375
00424,915.3413528002159,30.25460878610424,0.2599719762802124,67.57486724853516,3.3489750793889628,3.603515625
00425,4192.161678511028,64.74690477938717,0.4163472354412079,71.69947052001953,2.1442584432928093,4.1640625
00426,1340.3925401383212,36.61137173254126,0.267129510641098,57.083187103271484,6.323863908116584,1.9521484375
00427,1556.0837362584061,39.44722723156098,0.2144148051738739,63.192176818847656,3.544771616369803,3.892578125
00428,116.46282099757019,10.791794151000573,0.4718562364578247,75.65815734863281,1.795091050267983,4.25390625
00429,1255.8158492916439,35.437492141680174,0.2514474093914032,62.68301773071289,3.8029897359677434,4.8984375
00430,314.7373190454843,17.740837608339813,0.22338531911373138,63.05533218383789,4.021772760611672,2.73046875
00431,315.09013811246234,17.75077852130611,0.2597001791000366,69.44893646240234,4.122704832868699,4.67578125
00432,1589.0536534363155,39.86293583563955,0.12357107549905777,57.566715240478516,5.352236221448452,2.923828125
00433,1586.0528354726434,39.82527884990441,0.24214698374271393,59.1319694519043,2.3380454396515535,3.865234375
00434,753.1565144019008,27.4436971707877,0.484568327665329,74.89956665039062,1.8680039443785332,4.87109375
00435,418.22694184746115,20.450597591450993,0.33637937903404236,68.81720733642578,3.506060974665241,4.23046875
00436,4035.316864558881,63.52414394983124,0.2731338143348694,71.4588623046875,3.7947845592783165,3.876953125
00437,754.4745690681963,27.467700469245624,0.1743997186422348,57.61141586303711,5.276282800172834,2.953125
00438,297.37183372838257,17.24447255581865,0.3371254503726959,66.58859252929688,2.955270974525808,3.591796875
00439,2378.9114063112597,48.77408539697346,0.24939388036727905,58.75680923461914,3.3223763877881374,3.9765625
00440,124.52174776079819,11.158931300120017,0.4567170739173889,75.21558380126953,1.4141984552457179,4.55078125
00441,392.683856957322,19.81625234390504,0.3552224338054657,72.7023696899414,3.437588553354723,4.421875
00442,266.6227612936991,16.328587241206726,0.4781474769115448,76.3577651977539,2.1950440780005565,4.69921875
00443,657.9394020073723,25.650329471711906,0.2708296477794647,63.833553314208984,5.408239074283702,3.814453125
00444,226.1738049283513,15.039075933326199,0.5128806233406067,70.99691772460938,2.5814071092432838,4.8203125
00445,4902.180094623347,70.01557037276314,0.254578173160553,64.5217514038086,4.497411139858046,3.046875
00446,292.7866864064244,17.111010677526455,0.45048803091049194,74.36990356445312,2.296182344226052,4.83984375
00447,2262.5994514474633,47.56678937501945,0.20072625577449799,57.0609245300293,6.846081822485365,2.904296875
00448,1129.4556014668453,33.60737421261657,0.26774337887763977,66.46287536621094,5.174415996935041,2.81640625
00449,1626.5418987637677,40.330409107319596,0.22782230377197266,61.9999885559082,4.504055710203895,3.7734375
00450,1853.491766909346,43.05219816582361,0.1661849170923233,57.43791198730469,4.8759606162157745,3.40625
00451,1537.9608755369409,39.21684428325335,0.33639901876449585,70.76097869873047,2.0480128100666075,4.87890625
00452,372.4908235459909,19.300021335376574,0.41801613569259644,73.61415100097656,1.8542103001819095,4.703125
00453,4563.755419057468,67.5555728201417,0.3507501482963562,74.36763000488281,2.212680071007203,4.29296875
00454,683.2980494218984,26.13997034087641,0.3250119388103485,73.40312194824219,3.3647407274509726,3.435546875
00455,1563.8354249210026,39.54535908195806,0.30829453468322754,67.93043518066406,2.775302398171846,4.3203125
00456,4104.053586710493,64.0628877487621,0.23938457667827606,63.649749755859375,3.260815477130815,3.48046875
00457,343.0174853595907,18.52073123177351,0.2995773255825043,71.0613021850586,4.427311782055742,3.87109375
00458,1166.1495010726524,34.14893118492367,0.417968213558197,69.7394790649414,2.13746466336454,4.73046875
00459,432.9699065122287,20.807928933755726,0.21580234169960022,66.35060119628906,4.004060196521307,3.7421875
00460,137.69618820214652,11.73440191071307,0.48304516077041626,72.25011444091797,1.9838710132236321,4.91015625
00461,1350.758135322105,36.75266160867952,0.34480658173561096,62.39921569824219,2.951644021405671,3.765625
00462,5309.411723384714,72.86571020298034,0.24879997968673706,57.70331954956055,4.07028063663298,2.34765625
00463,914.3131970095027,30.237612290151198,0.42497700452804565,71.48070526123047,2.8381455972521095,3.37890625
00464,469.7946384365687,21.674746559915498,0.2709205746650696,67.68086242675781,3.1474080630937955,3.728515625
00465,884.55266745772,29.741430151519612,0.4399331212043762,76.01092529296875,2.1143537712511367,4.30078125
00466,549.7210879764817,23.44613162072758,0.22050626575946808,62.163211822509766,3.723683262751502,4.25
00467,2376.56047055912,48.7499791852173,0.45994988083839417,71.19879150390625,2.0268184579001898,4.6015625
00468,202.6417057983115,14.235227634228808,0.4210904538631439,75.24836730957031,3.732833813394259,4.9296875
00469,64.42092822206358,8.026264898572908,0.47564446926116943,75.28297424316406,3.0555854090917625,4.71875
00470,3415.9025948935164,58.4457234953381,0.4070676267147064,75.7083511352539,2.4848229931465693,3.982421875
00471,178.94232371945535,13.376932522796672,0.33524996042251587,69.07999420166016,3.674652997787398,3.83984375
00472,1614.1773326526395,40.17682581604275,0.3932217061519623,72.21973419189453,1.749463972422175,4.53515625
00473,601.2260560624669,24.51991142036339,0.4319348633289337,68.16344451904297,1.8783794873365747,4.4609375
00474,1999.24686663258,44.712938470118246,0.22694489359855652,67.65970611572266,3.7028513118544066,4.45703125
00475,911.4074106614569,30.18952484987892,0.4621170461177826,71.07282257080078,2.5847892536139376,4.625
00476,372.35117668298597,19.29640320585642,0.18018899857997894,64.17679595947266,4.127621828112132,4.43359375
00477,2805.8894713293294,52.97064726175554,0.31853094696998596,55.67560577392578,2.227906993802595,3.9921875
00478,1995.1077269606658,44.6666287843695,0.2626524865627289,63.50320053100586,2.8070885585584042,4.7109375
00479,184.2637956131754,13.57438011892902,0.4993831217288971,75.91547393798828,1.993606948161065,4.7890625
00480,361.0835693588353,19.002199066393217,0.3183271586894989,70.67198181152344,3.443552307097279,3.962890625
00481,135.35082130222526,11.63403718844947,0.3018302023410797,71.51510620117188,3.783843307644916,4.36328125
00482,1433.8248858411812,37.865880233281004,0.32009008526802063,70.1453857421875,3.7035135887367594,2.974609375
00483,216.86373213758336,14.7262939036807,0.38862544298171997,68.90682983398438,2.066429521394305,3.44921875
00484,4678.71200343944,68.40111112722833,0.2570321261882782,64.98736572265625,3.1042115074467147,3.28125
00485,932.0386684548604,30.529308352055086,0.21764972805976868,57.48641586303711,4.052661419722373,3.849609375
00486,468.3277899214431,21.6408823739108,0.29638993740081787,66.76773834228516,5.01553009927411,3.296875
00487,929.9789888784901,30.49555687109993,0.49417826533317566,73.37798309326172,2.2833626124984674,4.85546875
00488,170.07695483092684,13.041355559562312,0.2748924195766449,64.47429656982422,3.6284119754163786,4.4921875
00489,1636.1002397462855,40.44873594744693,0.3671931326389313,72.83555603027344,3.159564921252781,4.46875
00490,2533.9153945025596,50.33801142777255,0.2544037103652954,55.83457946777344,6.886712114811771,2.205078125
00491,1954.0127956073284,44.204216943718485,0.24836978316307068,63.252933502197266,4.40850638382887,3.3671875
00492,95.34317996958023,9.76438323549318,0.2593196928501129,69.04948425292969,2.5764060315626693,4.26171875
00493,4797.56292833944,69.26444201998194,0.27111199498176575,65.03606414794922,3.8914204680256943,3.560546875
00494,804.9783532633365,28.37214044204872,0.2474854439496994,58.740211486816406,5.555316814620164,4.125
00495,525.740901881091,22.929040579167086,0.1846894919872284,62.32807540893555,5.27693872808972,4.1640625
00496,320.2570258829541,17.89572646982944,0.3896578550338745,66.30950164794922,3.5370344051069726,3.919921875
00497,59.21281376258817,7.69498627435996,0.2236860692501068,60.60404968261719,6.933096157788528,2.306640625
00498,1508.736937069099,38.84246306645729,0.4497142434120178,72.97489166259766,2.0924907664066708,4.9140625
00499,363.6773671856445,19.070326876738232,0.41940662264823914,74.03702545166016,1.904010722892512,4.328125
00500,1933.8348147130623,43.975388738623586,0.23112575709819794,60.028228759765625,3.7141731323967275,3.94921875
00501,1260.7768009954386,35.507418957105834,0.3281787633895874,63.445152282714844,2.9742428080783485,3.125
00502,1296.8192296787586,36.01137639245074,0.23670482635498047,65.31149291992188,2.8804142498755705,3.94140625
00503,2705.6123163505363,52.015500731517875,0.2625228762626648,60.48411178588867,4.572620424010582,3.94921875
00504,2456.475303954375,49.56284196809516,0.38805997371673584,65.74368286132812,2.005564472745626,4.828125
00505,1157.8762789883463,34.0275811510067,0.22208771109580994,63.559471130371094,5.0681869025558735,3.970703125
00506,239.5352600941908,15.476926700549782,0.42514699697494507,67.71780395507812,1.874542924142298,4.24609375
00507,1056.662041212995,32.50633847748767,0.3464969992637634,65.75765991210938,1.9943617667493807,3.90625
00508,1131.4422423110636,33.63691784796971,0.3923127055168152,74.35948181152344,1.8109521009832654,4.5234375
00509,1037.8524446626313,32.21571735446273,0.24800103902816772,64.75523376464844,4.477668049586078,4.1875
00510,451.81872089837356,21.25602787207369,0.3263276517391205,68.31145477294922,3.4855830055892825,3.845703125
00511,121.39153351088783,11.017782604085443,0.49660274386405945,75.6423110961914,2.0451230072204134,4.72265625
00512,309.6801820901782,17.597732299650946,0.3218454420566559,71.68910217285156,2.3317973764390674,4.375
00513,2220.3095990643073,47.12016128011774,0.18142083287239075,57.280941009521484,6.23636064260087,3.85546875
00514,686.3583856400398,26.198442427748255,0.5199203491210938,71.37580871582031,2.8167708238739007,4.80078125
00515,1917.1770209679255,43.78558005745642,0.3674459755420685,72.39120483398438,3.326907768620514,4.56640625
00516,369.95040523856073,19.234094864031444,0.4859257936477661,72.48594665527344,2.8741339088101707,4.78125
00517,1351.1796052834752,36.75839503138671,0.2478344887495041,60.71637725830078,3.540052464725002,4.05078125
00518,491.44771285621107,22.168620003424007,0.19207072257995605,53.28123474121094,5.189014880671489,2.609375
00519,255.1716986578081,15.974094611520494,0.4071609377861023,70.3581314086914,2.755033016337061,4.296875
00520,1214.722013752492,34.85286234662072,0.4003925919532776,77.52473449707031,1.4857733942693698,4.1015625
00521,2444.306692509811,49.43993014264696,0.2167329341173172,65.38634490966797,5.168827512804702,3.775390625
00522,5721.044751697539,75.63758821973066,0.23142974078655243,58.254112243652344,3.4701734626617893,3.62109375
00523,1771.2052615011755,42.08568950963232,0.2294084131717682,51.373191833496094,6.2926777713325635,2.953125
00524,4198.030516472336,64.7922103070449,0.3440091609954834,73.2231216430664,3.247322479876479,2.833984375
00525,1135.8171847930782,33.70188696190583,0.2497154176235199,65.60816955566406,4.340624885052046,3.568359375
00526,3716.9736170899732,60.96698792863211,0.4539748430252075,75.14761352539062,1.90354305799377,4.734375
00527,800.2375405917794,28.28847009987955,0.2886621057987213,68.45110321044922,3.709310573760005,2.908203125
00528,155.7376902648614,12.479490785479246,0.4716458022594452,72.23953247070312,2.0988520550383263,4.8125
00529,1118.2499984505812,33.440245191244955,0.15773576498031616,59.089317321777344,6.990776795462971,3.708984375
00530,573.000912575033,23.93743746884852,0.2044709324836731,59.98335266113281,4.479212838848452,3.41015625
00531,3120.0966477452007,55.85782530447458,0.3114997148513794,66.56224822998047,4.120893590136483,3.95703125
00532,4615.077713322681,67.93436327310856,0.3316674530506134,70.944091796875,3.155509274305735,3.98828125
00533,474.74292191976974,21.788596143849418,0.35916265845298767,70.82489013671875,2.277211393298578,4.21484375
00534,319.6839108761712,17.87970667757643,0.210875004529953,64.78591918945312,4.229182236363781,3.171875
00535,187.01158668969177,13.675217975948017,0.32697057723999023,72.62850952148438,3.520207425645706,4.5234375
00536,859.2922202376388,29.313686568523565,0.32774585485458374,61.038856506347656,3.2779588683543253,4.17578125
00537,916.4695083663904,30.273247403712578,0.2545846700668335,65.14607238769531,4.016406761814571,3.611328125
00538,461.60891340922313,21.48508583667338,0.5362435579299927,75.10543823242188,2.4271485257777896,4.60546875
00539,1110.1521263992659,33.31894545749108,0.40165504813194275,70.20195770263672,2.3629023489600725,4.6484375
00540,686.4695231527135,26.20056341288701,0.3121844232082367,64.00823974609375,2.4553678519679063,4.23046875
00541,1209.135160958258,34.772620852594045,0.28997287154197693,63.90434265136719,2.4999044119564564,2.708984375
00542,1699.9035834724114,41.22988701745872,0.27645766735076904,65.98745727539062,3.803277996787839,4.09765625
00543,225.2594637770104,15.008646300616535,0.36270585656166077,71.58606719970703,2.4579356468381097,4.8203125
00544,909.1762452958641,30.15254956543251,0.34043899178504944,48.60280227661133,1.9306734163871218,3.484375
00545,209.24529610842364,14.46531355029761,0.38180941343307495,69.14933013916016,2.3368928592729543,3.896484375
00546,547.0943452859075,23.390047996656772,0.22609637677669525,62.259178161621094,4.334732409605991,3.83203125
00547,94.7335474841343,9.733116021302443,0.43521934747695923,72.94537353515625,2.478457276750165,4.6796875
00548,186.72852706126474,13.664864692387727,0.24736809730529785,67.32933044433594,4.5521435814012685,4.64453125
00549,4269.281207815782,65.33973682083348,0.18795756995677948,55.34579086303711,5.242399381685095,2.890625
00550,1383.8669175910195,37.20036179381888,0.3142639696598053,55.418907165527344,2.785144900768302,3.396484375
00551,1373.1871843292722,37.056540371832774,0.41371864080429077,73.46141052246094,2.6129528224061924,4.12890625
00552,1088.1649400816364,32.987345150551846,0.3341187834739685,74.18795013427734,3.3321773158041568,4.5078125
00553,1254.5172560707044,35.419165095618844,0.16306033730506897,52.86098098754883,4.618006160335281,3.22265625
00554,3980.774156455948,63.093376486410584,0.33481308817863464,63.8216667175293,4.417618133643016,4.40625
00555,463.82751918933576,21.536655246099283,0.30656659603118896,68.68407440185547,4.0539446142102555,3.734375
00556,273.95077914605463,16.551458520204637,0.31215083599090576,68.9993667602539,3.208438178707715,4.7890625
00557,1097.7479402799559,33.132279430790085,0.36185842752456665,74.3019027709961,3.157565502904884,4.5234375
00558,453.4966086807446,21.295459813789996,0.17738282680511475,56.53335189819336,6.2911459116549535,2.962890625
00559,2635.9310053132267,51.3413186947241,0.2803701162338257,65.7276840209961,3.2638732494007887,2.73828125
00560,2552.7359250659088,50.524607124310315,0.39925089478492737,74.12787628173828,1.9966359502590316,4.21875
00561,451.0622153630146,21.23822533459457,0.2807745933532715,62.218685150146484,3.1089558451747075,2.45703125
00562,135.43134814702273,11.637497503631213,0.26809537410736084,61.108036041259766,4.829192986147834,4.34375
00563,1756.3492985643243,41.90882124999848,0.2967797815799713,69.13177490234375,2.946260633894248,4.2421875
00564,513.4463872753598,22.65935540290941,0.27439236640930176,68.21549224853516,3.862642802943382,4.2421875
00565,1007.7903148096154,31.74571332967044,0.3925588130950928,70.38316345214844,1.8782886609277116,4.25
00566,426.7564812148132,20.65808512943088,0.48836761713027954,76.55709838867188,1.9750004305830613,4.734375
00567,821.3527914998801,28.65925315670107,0.20187662541866302,56.90839385986328,4.348500154813468,4.1328125
00568,437.8883819942875,20.925782709239037,0.5153484344482422,74.41948699951172,1.864452603653379,4.90625
00569,976.7428679505309,31.25288575396728,0.24873577058315277,59.73146438598633,4.927646425766323,4.9296875
00570,3150.404705236397,56.12846608661595,0.3577229976654053,72.17503356933594,2.402962928013695,4.796875
00571,1124.3995492006873,33.53206747578633,0.1527283638715744,59.357154846191406,5.025800913601969,3.890625
00572,686.4187820200185,26.1995950735888,0.278063029050827,72.062744140625,4.235086675481452,4.8203125
00573,765.5589457711048,27.66873589037101,0.3395063281059265,74.58267211914062,2.1547824107565168,4.53125
00574,1035.0355871560303,32.17196896610511,0.24898473918437958,64.36058807373047,5.7346470791517286,3.994140625
00575,458.3760737350393,21.409719141900002,0.24495576322078705,59.505027770996094,3.4818110542473693,3.81640625
00576,2212.840533349529,47.04083899495765,0.3150365948677063,74.84382629394531,3.545361882487146,3.8671875
00577,502.96321338372246,22.426841359935697,0.2705424129962921,66.90974426269531,3.01919700874801,4.03515625
00578,2793.7261863258846,52.85571100955775,0.25233736634254456,66.93883514404297,3.417230970398418,4.7109375
00579,500.4129360508243,22.36991140015589,0.45760419964790344,75.45108032226562,1.5638937231893097,4.5625
00580,2130.930922400763,46.162007348042856,0.19410060346126556,56.76308822631836,4.4640046879570505,3.98046875
00581,1982.7613477186833,44.528208449461374,0.19325673580169678,67.08134460449219,4.003399484526958,3.439453125
00582,264.08432773103874,16.250671608614788,0.38258153200149536,68.65160369873047,2.7563046857314926,4.1328125
00583,201.6626939317446,14.200799059621419,0.48266205191612244,73.22176361083984,2.3491721631166658,4.93359375
00584,4372.574798744137,66.12544743700519,0.3015938401222229,71.60810089111328,2.607753413754559,4.609375
00585,1150.039719561719,33.912235543557415,0.3916385769844055,68.3640365600586,3.8364319727299647,3.0390625
00586,337.5544265378222,18.372654313893303,0.35017088055610657,73.3785171508789,2.966422723177463,4.0625
00587,1283.767284740259,35.82969836239567,0.20847003161907196,67.14546203613281,4.120915745461643,3.841796875
00588,1309.0115724780826,36.18026495864952,0.373833566904068,71.41472625732422,1.9690297971609234,4.57421875
00589,751.9005144561996,27.42080440935677,0.36717185378074646,69.25721740722656,2.2226408431115154,4.3671875
00590,1181.3958009482947,34.37143873841033,0.1457315981388092,61.35366439819336,4.999855048600642,3.326171875
00591,827.0097834416821,28.757777790394066,0.2741490602493286,60.5827751159668,3.9377527695344896,4.17578125
00592,2742.291531324187,52.36689346642769,0.27625414729118347,70.93423461914062,3.182761073076643,4.08984375
00593,559.9874355706276,23.664053658885823,0.3555189073085785,68.85367584228516,3.6919944715534925,3.55078125
00594,983.8465167464593,31.366327753603215,0.26088032126426697,65.49481201171875,3.7874994090896976,4.15234375
00595,1069.9271551400557,32.70974098246661,0.13237364590168,53.438804626464844,5.911429461936829,2.630859375
00596,359.6700453328786,18.964968898811264,0.48402562737464905,75.34764862060547,1.64727139622923,4.73046875
00597,177.61087888987163,13.32707315541832,0.3909054696559906,70.93099212646484,2.290471198809606,3.732421875
00598,245.6927222257155,15.674588422849114,0.43756136298179626,74.19380950927734,1.9631275785881874,4.22265625
00599,366.9488733397385,19.155909619220346,0.4006968140602112,72.2565689086914,2.561347898121656,4.7734375
00600,270.53355548046835,16.447904288403077,0.4978320002555847,71.7549057006836,2.732607405763863,4.55078125
00601,773.0713293856566,27.80416028916638,0.19385138154029846,55.553382873535156,4.6276988456277195,3.06640625
00602,291.37892408401785,17.06982495762677,0.35874253511428833,68.56511688232422,2.196443566756636,4.69140625
00603,1165.4784712116484,34.13910472188233,0.30155816674232483,72.47205352783203,2.2138120262055385,4.8671875
00604,2301.4888925491473,47.973835499667395,0.32991352677345276,72.09004211425781,2.443580271187239,3.9921875
00605,580.8861522041259,24.101579869463453,0.20275771617889404,46.3767204284668,5.158055369970642,1.9462890625
00606,71.95988954703982,8.482917513865134,0.299196720123291,66.45587921142578,3.048146903265582,4.32421875
00607,541.2076071031454,23.263869134414108,0.27075549960136414,65.28781127929688,4.343412119095194,4.08984375
00608,401.9267963372245,20.04811203922266,0.2986135184764862,73.8505630493164,2.8618323154534693,4.53125
00609,2203.5031273585105,46.9414862073892,0.2958661913871765,69.30592346191406,2.1446185027593243,4.6328125
00610,1905.4222671646335,43.65114279334086,0.3648359477519989,72.07122802734375,2.5117172249652246,3.6484375
00611,493.55402939031484,22.216075922410663,0.4149852991104126,70.92329406738281,2.0499816387259013,4.79296875
00612,577.1260774622103,24.0234484923004,0.35758352279663086,72.45489501953125,3.0038769419100437,4.1640625
00613,226.42353663544458,15.04737640372715,0.5136594176292419,74.71345520019531,1.8782755180256356,4.83984375
00614,2510.8761904619864,50.1086438697156,0.3010586202144623,73.61165618896484,3.2725016420535233,4.83203125
00615,1689.206552110209,41.09995805484732,0.2762422263622284,74.3250503540039,3.810651769629095,3.7109375
00616,4033.837466105468,63.51249850309361,0.20449702441692352,72.61248779296875,4.42971294346036,4.47265625
00617,3396.6873912786527,58.28110664082017,0.12034432590007782,44.88008117675781,5.492812911024587,1.9287109375
00618,493.1932910250802,22.20795557959085,0.245621457695961,69.07801055908203,4.259130167594987,3.763671875
00619,2975.0498857519246,54.544017873199664,0.21535353362560272,59.33479690551758,4.875478114339506,3.033203125
00620,503.1247409916339,22.430442282568436,0.43250250816345215,71.68775939941406,2.2085528793248983,4.6953125
00621,1544.7717333551411,39.303584230387195,0.3492480218410492,71.78516387939453,2.901645017210775,4.95703125
00622,1315.387658504209,36.2682734425587,0.2980576157569885,69.94159698486328,3.814926263981911,4.69921875
00623,148.02419433105837,12.166519400841736,0.36643821001052856,68.10187530517578,2.6751843446274117,3.875
00624,1307.1915012688949,36.15510339176055,0.13148733973503113,54.47761917114258,5.913167817490698,3.111328125
00625,419.81453920117445,20.489376252125744,0.463903546333313,73.070556640625,2.274928983111558,4.828125
00626,2047.483043407164,45.24912201808079,0.31431105732917786,53.255619049072266,1.9798082769459042,4.28515625
00627,705.6661768544343,26.56437796852082,0.3189844489097595,73.34033203125,3.1137210660492487,4.62109375
00628,917.4558974799256,30.28953445465819,0.27183809876441956,68.35175323486328,4.160838629472007,4.63671875
00629,451.2988005390745,21.243794400696746,0.35760438442230225,68.7818603515625,3.9720340481813317,3.8515625
00630,210.32972935494894,14.50274902751023,0.35634908080101013,69.84561920166016,2.133099128440003,4.0546875
00631,1110.4744203724592,33.32378160372048,0.3546539545059204,75.02430725097656,2.913722303252708,4.92578125
00632,80.79870041150673,8.988809732745862,0.2299683839082718,72.29573822021484,2.7836113400581475,3.611328125
00633,523.1987123347386,22.87353738132208,0.22404173016548157,53.09417724609375,5.466871581419984,2.232421875
00634,469.50458215285477,21.668054415495057,0.28203868865966797,67.46195983886719,3.161884021228787,4.015625
00635,519.663136165743,22.79612107718642,0.1856178343296051,51.88288116455078,5.446366867574985,3.625
00636,164.03684742615013,12.807687044355438,0.3315820097923279,72.33493041992188,2.697001251499259,4.78515625
00637,390.29172798772095,19.75580238784851,0.34868910908699036,69.58927154541016,2.5334334160776026,4.875
00638,475.9552121266215,21.81639778072039,0.25985509157180786,64.41573333740234,4.581651612866682,4.21484375
00639,1105.7904913843108,33.25342826513246,0.1749701350927353,65.0062026977539,4.859501966534701,4.3125
00640,121.28532533008622,11.012961696568558,0.2517600655555725,70.3843765258789,3.5742566830503595,4.1796875
00641,499.88259746187043,22.35805442031731,0.37989291548728943,72.8124008178711,2.535383457406992,4.8359375
00642,305.19645616011144,17.46987281465184,0.3662378489971161,50.57253646850586,1.6601439077997766,3.900390625
00643,142.59000905857752,11.941105855764679,0.4511473774909973,76.69605255126953,1.5748682592099577,4.31640625
00644,475.03879206211536,21.79538465047395,0.2136813849210739,63.33950424194336,4.230124064463972,4.13671875
00645,637.5063119013892,25.248887339868844,0.291255921125412,66.84380340576172,3.6030741584981834,3.845703125
00646,118.06898595211656,10.865955363064794,0.32404083013534546,66.42837524414062,3.543979089529657,3.9609375
00647,658.2626794064801,25.65663032057172,0.25787588953971863,63.5849494934082,3.3890813969775424,3.64453125
00648,1639.6605308265055,40.49272194884539,0.20774810016155243,62.051841735839844,3.974487647163549,3.94140625
00649,1516.4455405660187,38.9415657179577,0.428702175617218,66.87749481201172,1.956432818798055,4.1796875
00650,1086.3098239496924,32.95921455298491,0.24880379438400269,64.13178253173828,3.6277173270347065,4.45703125
00651,746.2591970101114,27.317745093805076,0.39964181184768677,73.19024658203125,2.7948633900403737,4.34765625
00652,2670.9217008367086,51.68096071897956,0.3249472379684448,67.7004165649414,2.5826025705743203,4.50390625
00653,236.7519134652235,15.386744732568468,0.3367064595222473,67.18650817871094,3.8309082953053744,3.873046875
00654,757.9806841686036,27.53144900234282,0.2720002233982086,70.19976043701172,4.003645950795324,4.01953125
00655,731.8295720936552,27.052348735251346,0.4336096942424774,75.18787384033203,2.5219930885799133,4.37890625
00656,2220.583722599577,47.12306996153346,0.3229001462459564,59.987552642822266,4.01122241348786,4.23828125
00657,2079.468529014263,45.601189995594005,0.19955739378929138,54.10246276855469,3.535511929896108,3.544921875
00658,783.7247432522126,27.9950842694251,0.3555241525173187,58.33464050292969,3.973255004229293,2.97265625
00659,533.8764417600545,23.10576641793244,0.19747686386108398,65.40939331054688,4.419810266291459,3.9921875
00660,369.2223919069448,19.21516047049685,0.39648404717445374,72.43405151367188,2.5888220699564655,2.59375
00661,360.4522586044628,18.98558028095172,0.4761355221271515,75.00091552734375,1.9115609951269374,4.8828125
00662,1888.1509472707976,43.45285890791074,0.27337348461151123,68.47264099121094,3.404004964584087,3.9765625
00663,736.1196482700839,27.131524989762074,0.3805650472640991,74.0540771484375,3.561302842974025,4.2109375
00664,917.0515956334344,30.2828597664328,0.2790490984916687,73.52987670898438,3.1879784647930967,4.6328125
00665,129.1847452535366,11.365946738109264,0.42166489362716675,74.13888549804688,2.234813231659885,4.55078125
00666,1282.9347591169435,35.8180786631129,0.3001604676246643,62.81174087524414,3.312339359609247,4.20703125
00667,3090.565369706358,55.5928535848481,0.260066956281662,68.13304901123047,3.824222100876888,4.14453125
00668,710.2979472891142,26.65141548378086,0.3065797686576843,72.86771392822266,2.590243319713709,4.15234375
00669,1097.7912294505263,33.13293270223036,0.4071333408355713,73.31752014160156,2.6252196460159865,4.8125
00670,64.06375695488522,8.003983817755083,0.502763569355011,75.43099212646484,2.1202125474658144,4.765625
00671,1102.9810913835474,33.21115913941498,0.24416178464889526,63.804805755615234,4.010926177009432,2.923828125
00672,223.57281087475496,14.952351349361576,0.44036561250686646,73.71012878417969,2.1715108075373357,4.91015625
00673,1022.6917533844493,31.97955211356859,0.17354707419872284,54.286685943603516,6.2202611722269605,3.09375
00674,272.57711393591916,16.509909567769267,0.34644392132759094,73.12049865722656,3.5897695228733792,4.0546875
00675,1714.7361937958374,41.40937326011875,0.26710882782936096,63.18330383300781,3.036065037249822,4.37109375
00676,2645.6664504274686,51.43604232857995,0.24933451414108276,63.64328384399414,3.495910022027371,3.84375
00677,1787.209774697786,42.275403897512156,0.360175222158432,72.11478424072266,3.4148458556284926,4.17578125
00678,461.5333186443368,21.48332652650275,0.3179701864719391,70.59916687011719,3.4886515393247297,4.3984375
00679,351.63265533953097,18.751870715732096,0.3374716639518738,73.1990966796875,4.448101473478834,3.943359375
00680,537.4684718936438,23.183366276139534,0.42160987854003906,70.33854675292969,1.5799737134426364,4.6796875
00681,169.905232530052,13.03477013721577,0.5130855441093445,73.00089263916016,2.398457867265103,4.9375
00682,758.2346689255833,27.536061245675338,0.4327023923397064,63.62162780761719,2.430863247904613,4.62109375
00683,166.24977158041352,12.893788100492948,0.48304104804992676,71.86170196533203,2.1710273191936884,4.859375
00684,525.7711858104035,22.929700953357493,0.37751081585884094,75.75601196289062,3.0613202691252606,4.66796875
00685,309.01367553968424,17.57878481407871,0.18870659172534943,54.23130416870117,3.5846149697061818,3.20703125
00686,317.95512992491757,17.831296361311413,0.3605765998363495,63.470123291015625,2.43546776907286,4.203125
00687,138.4822596737488,11.767848557563477,0.40205883979797363,72.87065124511719,1.5986928689725985,4.34765625
00688,1004.8164879044703,31.698840482018742,0.34364205598831177,67.8200454711914,3.605055240764609,3.443359375
00689,433.47421255813725,20.82004352920851,0.26041796803474426,68.83745574951172,3.4127462301818303,4.1328125
00690,1202.5037012188423,34.677135135689085,0.34380677342414856,69.15607452392578,2.911514249162977,3.982421875
00691,1753.4405817032396,41.87410395104879,0.21390584111213684,63.7518424987793,3.791666508636583,4.0625
00692,265.6041173271103,16.29736534925539,0.27302035689353943,69.00040435791016,3.343886229836924,4.2265625
00693,144.88287170586028,12.036730108541118,0.4286904036998749,73.41333770751953,2.4433786368903427,4.8984375
00694,142.99641117222652,11.958110685732363,0.2528611421585083,63.092567443847656,3.3488931331521434,4.4296875
00695,104.2404626101193,10.209821869656654,0.4379066824913025,70.92776489257812,3.231701618480906,4.6875
00696,1989.204810307007,44.60050235487272,0.19852524995803833,56.659461975097656,5.422377855759843,4.0625
00697,702.0059297935703,26.49539450156518,0.18094155192375183,47.93416976928711,7.350463794439167,2.583984375
00698,383.4265734237592,19.58128119975195,0.3040173351764679,71.46199798583984,2.3202044205255956,3.640625
00699,3225.857398036947,56.7966319251146,0.252288818359375,65.04463958740234,3.6376209954575867,4.08984375
00700,904.9498763021522,30.082384817400236,0.3191687762737274,70.01331329345703,2.52860273046074,4.55859375
00701,541.2501339269495,23.264783126583183,0.26748520135879517,72.29197692871094,3.2850848807814708,4.765625
00702,3152.582705271746,56.14786465460415,0.4098471403121948,70.04601287841797,2.0585278972471177,4.3203125
00703,740.6854279207924,27.215536517232074,0.24095085263252258,68.52684783935547,4.052327277830916,3.96484375
00704,2093.199506028427,45.751497309141996,0.3030656576156616,66.61251068115234,2.7338213503067097,3.3203125
00705,1202.9921629273954,34.68417741459923,0.2729279696941376,58.07716751098633,5.04919763356825,3.89453125
00706,368.5268522802563,19.197053218665,0.27425453066825867,49.100093841552734,3.2712693399679513,3.380859375
00707,1344.6491150378642,36.66945752309221,0.18932878971099854,64.13433074951172,4.1407708136691985,3.34375
00708,405.8613496190627,20.146000834385536,0.13010410964488983,52.67139434814453,6.561872868020367,3.748046875
00709,1046.6496547607567,32.35196523799994,0.38357025384902954,69.83055114746094,3.288922130211966,3.283203125
00710,194.1620654508545,13.934204873291282,0.2549160122871399,72.25013732910156,3.5611425112789687,4.67578125
00711,400.89578518869376,20.022382105750896,0.3395308554172516,70.64179992675781,1.7438652637916348,4.3125
00712,453.84119533276953,21.30354889056679,0.4794861376285553,76.4214859008789,2.8147912308778493,3.146484375
00713,1213.6656509489849,34.83770444430839,0.27348828315734863,67.06096649169922,4.71465074900153,4.50390625
00714,885.3491200617955,29.754816753960952,0.37104836106300354,72.69998931884766,4.095422625092509,4.01171875
00715,202.5924601489549,14.233497818489836,0.4507637321949005,76.96311950683594,4.1843854474671875,4.87109375
00716,573.670873990495,23.951427389416587,0.2687647342681885,61.97037887573242,3.87506447239203,3.7890625
00717,2262.8195497318707,47.56910288971057,0.2946191132068634,72.51319122314453,3.609949205462478,3.54296875
00718,1407.5933215151308,37.517906678213414,0.3118892312049866,62.52812576293945,2.776020871182534,4.62890625
00719,397.16262949083654,19.928939497395152,0.16027557849884033,49.0579719543457,5.6618771149115625,2.833984375
00720,429.12000637087533,20.715211955731355,0.2694166600704193,63.760467529296875,3.028684880703995,4.078125
00721,806.5836822657734,28.40041693823831,0.07431293278932571,52.082855224609375,7.091641488748549,2.9453125
00722,118.2960990215879,10.87640101419527,0.325063556432724,65.68365478515625,2.134599738257939,4.421875
00723,298.3350687311266,17.272378780328047,0.25470325350761414,69.1352310180664,3.8574120484054375,4.19921875
00724,2422.078888362827,49.214620676815414,0.4083932638168335,61.97649383544922,1.7656816659741241,4.49609375
00725,1064.7878718536,32.631087506450044,0.42191803455352783,73.14094543457031,2.9730105072756516,4.6875
00726,795.433733316139,28.203434778695645,0.4945448338985443,74.31150817871094,2.038748674126899,4.55859375
00727,382.40257621878203,19.555116369349022,0.21834516525268555,61.424400329589844,3.6660597992073596,3.486328125
00728,1668.558398613428,40.84799136571378,0.29888445138931274,67.73722839355469,3.665934851551559,3.92578125
00729,345.49039562780945,18.587371939782383,0.28287774324417114,71.3162841796875,3.52711447154791,4.3046875
00730,300.32478801868,17.329881361933207,0.46147167682647705,70.7477035522461,2.321800819276427,4.1171875
00731,562.0173040431224,23.706904142952162,0.389222651720047,58.20957565307617,1.3715071890081463,4.03515625
00732,312.8812108119296,17.688448513420546,0.4891759157180786,74.608642578125,1.9357407766990464,4.8671875
00733,337.805121346447,18.379475546011832,0.20176592469215393,65.81084442138672,5.727249114960329,3.50390625
00734,1625.5858430310404,40.31855457517098,0.2983722686767578,68.07501220703125,3.2585837983701262,3.93359375
00735,185.18639536767918,13.608320813666879,0.26861801743507385,64.08162689208984,4.100024601370464,4.1171875
00736,502.92716090327144,22.426037565813346,0.2797353267669678,66.03915405273438,3.1162047921475837,3.255859375
00737,240.4602741422334,15.506781553315099,0.29711228609085083,70.21373748779297,4.313454382314764,4.109375
00738,828.1928168847297,28.77833936982344,0.23288846015930176,66.72745513916016,4.929928426735712,4.2421875
00739,725.3681279650312,26.932659132826657,0.31053870916366577,71.66486358642578,3.3720254352186045,4.37109375
00740,181.61063779720632,13.476299113525432,0.48958808183670044,74.44430541992188,2.062821327560724,4.4453125
00741,497.6598679015051,22.308291460833686,0.32337334752082825,72.53802490234375,2.2919018164048675,4.109375
00742,244.28837257723197,15.629727207383754,0.5202549695968628,73.25464630126953,2.13775150035986,4.85546875
00743,2925.0944574917685,54.084142384730185,0.24897733330726624,71.6680679321289,4.032186552019079,4.66015625
00744,1257.727800003371,35.4644582646256,0.2653541564941406,67.8055419921875,4.618964108114289,4.04296875
00745,781.0897608419544,27.947983126550554,0.25406157970428467,71.48600769042969,4.4322283819978185,3.93359375
00746,483.99528859174643,21.99989292227911,0.3115166127681732,69.73493194580078,2.3766986488658555,3.986328125
00747,595.3646265636327,24.40009480644763,0.2296154797077179,54.38387680053711,2.345787691227493,3.0703125
00748,637.1374696603525,25.24158215445998,0.33952850103378296,70.546630859375,3.3765329922639693,4.36328125
00749,5349.1938939330485,73.13818355642317,0.330667644739151,71.14557647705078,3.265280854146036,3.861328125
00750,276.2251896698306,16.620023756596456,0.5268601775169373,75.40291595458984,2.3402876193715074,4.8515625
00751,115.48098826593544,10.746208087783124,0.3235197365283966,73.594970703125,4.107124206929216,4.76171875
00752,1341.1491470679757,36.621703224563106,0.2364250272512436,56.892433166503906,5.35618434893425,4.265625
00753,783.5171366957843,27.991376112934933,0.2657337188720703,67.54061126708984,3.3363180203894887,4.078125
00754,1238.7112160210138,35.195329463169024,0.29689133167266846,66.52372741699219,2.9362087780740307,4.46484375
00755,1438.8528865998087,37.93221436457156,0.18326336145401,52.88465118408203,4.930287293504895,3.435546875
00756,333.4288822288846,18.260035110286196,0.10018010437488556,52.062374114990234,5.771320528036678,2.849609375
00757,1624.3643319734176,40.303403478781014,0.17530694603919983,64.12155151367188,5.295815565848726,4.01953125
00758,2768.1744246675917,52.6134433834889,0.29986143112182617,71.48982238769531,3.8780355427408533,2.80859375
00759,392.9087173208673,19.821925166866798,0.5223303437232971,74.21483612060547,1.8823155562334921,4.8359375
00760,411.3484471408005,20.281726926985296,0.3148672580718994,67.50190734863281,3.1233905415910423,3.96484375
00761,500.2560814568865,22.366405197458228,0.26686927676200867,69.26573944091797,3.1747404409361777,4.75
00762,210.3227523736804,14.502508485557952,0.5303252339363098,76.37513732910156,2.638006287065901,4.87109375
00763,939.3244013362807,30.648399653754854,0.422258585691452,76.09696197509766,2.9852490741034456,4.734375
00764,844.37000565296,29.058045454795476,0.3478526175022125,72.70452880859375,3.6806132613645506,4.06640625
00765,897.4327273851519,29.957181566114524,0.28349271416664124,65.87728881835938,4.074494664613226,4.1484375
00766,1713.9977558070746,41.400455985497004,0.2758233845233917,64.83423614501953,3.3776854740126736,4.24609375
00767,2446.730344817476,49.464435151101,0.24996650218963623,63.74271774291992,3.638288805025833,4.05078125
00768,2010.0394704046707,44.833463734187106,0.42975789308547974,72.3681411743164,1.941029466726444,3.876953125
00769,3484.966781815143,59.03360722347181,0.44136783480644226,74.6185073852539,1.9506637153087902,4.2578125
00770,282.86758008638117,16.81866760734575,0.4813736081123352,74.22528839111328,2.0339714947025405,4.74609375
00771,1074.990103058754,32.787041694223554,0.27248677611351013,70.72050476074219,4.323541784905854,4.90625
00772,282.33804191710965,16.80291766084419,0.26425623893737793,71.00496673583984,6.107738693076631,4.39453125
00773,73.37862104860275,8.566132210548863,0.3477185070514679,71.33078002929688,1.834399203793353,4.4765625
00774,330.72596545901956,18.185872688958856,0.20511935651302338,62.713863372802734,4.551010225521202,3.939453125
00775,2293.4780643396584,47.89027108233632,0.25306564569473267,64.08098602294922,3.667080416950634,3.296875
00776,811.8857225664847,28.49360845113312,0.4815020263195038,75.98512268066406,1.7700725900809595,4.59765625
00777,1778.7989031553848,42.17580945465522,0.2083629071712494,63.39358901977539,4.9683824185179475,3.54296875
00778,624.6647096243934,24.99329329288946,0.24129167199134827,64.07134246826172,3.4633671733175477,3.005859375
00779,1807.25353811444,42.51180469133767,0.17699147760868073,56.12752151489258,6.210445006699602,2.23046875
00780,1924.4244463112877,43.86826240360208,0.3925606608390808,71.9899673461914,3.861498474112874,4.63671875
00781,328.88172965796775,18.13509662665098,0.41150644421577454,66.11016845703125,1.9059104254493313,4.69140625
00782,420.2663906229802,20.5003997673943,0.3441007733345032,45.0330924987793,2.925930826714668,3.7109375
00783,888.6705645655593,29.81057806493459,0.29489198327064514,64.27291107177734,3.835646956077377,3.0546875
00784,788.0784012688091,28.07273412528265,0.20282642543315887,65.9606704711914,3.9477218647987127,3.099609375
00785,1131.2583468042467,33.63418420007012,0.27465397119522095,68.51294708251953,3.988069150810131,4.35546875
00786,186.59550936442616,13.65999668244565,0.4519840180873871,68.93814086914062,2.705385545251255,4.34765625
00787,901.6505427041009,30.027496444160988,0.3132999837398529,64.31587219238281,3.465511751643322,3.388671875
00788,824.8365324142757,28.71996748630255,0.3358859419822693,74.9959716796875,3.529150257847838,4.71484375
00789,781.238408686379,27.950642366256613,0.24573029577732086,62.68331527709961,3.1419879696651565,3.32421875
00790,1619.8221836526518,40.247014593043446,0.2419641762971878,64.92670440673828,4.550185288056854,3.6875
00791,1006.414536608627,31.72403720538461,0.16475071012973785,58.20142364501953,3.9785462025133467,3.77734375
00792,300.9529779037787,17.34799636568381,0.5151140093803406,73.02045440673828,2.846676647230545,4.8203125
00793,181.0523216689877,13.455568426082479,0.2702477276325226,68.70381927490234,4.442817717544181,4.55078125
00794,759.5423428693649,27.559795769732492,0.40577152371406555,72.00108337402344,2.1145155925741537,4.79296875
00795,536.3391854999664,23.158997938165772,0.2933533191680908,73.7069091796875,3.898242879406366,4.0859375
00796,491.49422327614184,22.16966899338242,0.560018002986908,75.53509521484375,2.012769035479168,4.85546875
00797,628.3866695458229,25.067641882431282,0.4334094822406769,72.7300033569336,1.8987218765804428,4.6640625
00798,282.62955179915474,16.811589805820113,0.3255889117717743,67.03246307373047,2.712037011584007,4.05859375
00799,966.3447109077409,31.08608548704293,0.46828141808509827,72.29252624511719,2.3299850083836686,4.65625
00800,425.88001397762423,20.636860564960557,0.3349388539791107,60.64753341674805,3.888133607183117,3.59375
00801,657.9472072139056,25.650481617581875,0.26801201701164246,59.6513671875,3.1470126673551104,2.701171875
00802,899.9480501464043,29.99913415661199,0.39852648973464966,72.61643981933594,2.510681623293459,4.02734375
00803,51.93863936531943,7.206846700556314,0.4510628581047058,73.89012145996094,1.7441587880122655,4.59375
00804,846.7092173185672,29.098268287280725,0.15800434350967407,56.93925094604492,6.649564284570138,2.376953125
00805,926.9156122815144,30.445288835573795,0.3946415185928345,67.49508666992188,3.257169404015849,3.7890625
00806,860.753100916563,29.33859405146339,0.2230943739414215,66.6342544555664,4.050117671648334,4.0546875
00807,275.88042015543795,16.60964840553339,0.27086323499679565,72.98555755615234,4.237753927262526,4.81640625
00808,270.47643951561776,16.446167927989116,0.19722504913806915,59.19536209106445,4.91037018439169,2.9765625
00809,366.1566518231593,19.135220192701187,0.33005955815315247,73.94642639160156,2.596969379008097,4.87890625
00810,144.96936403194556,12.040322422258697,0.46340593695640564,67.90416717529297,1.8319462060268827,4.35546875
00811,2457.649551644847,49.574686601579714,0.16369347274303436,60.22376251220703,5.466388611489709,3.14453125
00812,2056.2800136986734,45.34622380858933,0.19669421017169952,57.759830474853516,4.408340854963519,3.79296875
00813,452.82873582332843,21.279772926968192,0.4193105101585388,72.34909057617188,2.522611184411364,4.3671875
00814,541.4915133090798,23.269970204301504,0.4868698716163635,75.70169830322266,2.1820481101171563,4.5390625
00815,268.10501719343176,16.373912702632555,0.470887690782547,72.730224609375,2.479063175937128,4.7890625
00816,3510.333442966847,59.248066997724464,0.33287233114242554,71.08616638183594,1.9376781126537699,3.96875
00817,1959.440082476823,44.26556316683233,0.29382359981536865,70.70874786376953,3.7235348777540342,4.8828125
00818,878.3546614907034,29.637048798601782,0.4828188419342041,75.71661376953125,2.7965753955235453,4.421875
00819,193.61910673792215,13.914708287920453,0.4892982244491577,76.93115234375,2.1842934835342707,4.76953125
00820,1190.6584866417975,34.50591958840972,0.31775540113449097,71.51509857177734,2.032877149259205,4.515625
00821,1111.7126622836358,33.342355379961326,0.2787109911441803,71.117431640625,3.703347394960927,3.17578125
00822,891.0597611221582,29.850624132874646,0.3768290579319,74.92261505126953,3.464699170189881,4.19140625
00823,2120.438000717313,46.04821387108639,0.450949102640152,73.9456558227539,1.709658112071052,4.3828125
00824,333.22279273493416,18.254391053522824,0.14596225321292877,58.1805305480957,5.94406924698676,2.943359375
00825,1798.9453145357088,42.41397546252542,0.1939041018486023,61.246280670166016,5.809083470936416,3.21484375
00826,3223.7982938313157,56.77850203933982,0.22946955263614655,64.7177734375,4.97682194119286,3.48828125
00827,470.71808292747664,21.6960384155144,0.2566324770450592,57.7016487121582,3.907867486850272,4.10546875
00828,612.79077773723,24.754611241892487,0.3523930311203003,67.61246490478516,2.679536269151733,4.4140625
00829,809.6020570145297,28.45350693701094,0.25522610545158386,67.00288391113281,4.390483764626373,4.62890625
00830,209.61803876296983,14.478191833339197,0.39523550868034363,73.6083984375,2.1407264937902792,4.1796875
00831,287.44009316369295,16.95405830955211,0.1892658919095993,50.39496994018555,5.692765638066759,2.216796875
00832,530.5817549194823,23.034360310620354,0.4877678155899048,74.73158264160156,2.004102221281875,4.65234375
00833,385.948039109963,19.64556029004933,0.5311316251754761,73.794189453125,3.1220650784352313,4.72265625
00834,925.4738549488299,30.4216017814452,0.32455384731292725,73.52213287353516,3.902763546871798,4.7421875
00835,83.54212916181915,9.140138355726304,0.35709652304649353,74.07787322998047,2.9809101442772215,4.42578125
00836,151.11689100004125,12.29296103467514,0.2704108655452728,67.63206481933594,2.751278908277962,3.86328125
00837,362.05005670514146,19.027613005974803,0.16958265006542206,58.38081741333008,5.4609203460092015,3.287109375
00838,1063.929281917953,32.61792884163482,0.4690972864627838,70.59829711914062,1.6928265931357207,4.58984375
00839,924.9550652227614,30.41307391933215,0.23107996582984924,67.90434265136719,5.625121539611364,3.765625
00840,1668.8873639834444,40.852017869175626,0.11703355610370636,59.40975570678711,5.224120307568109,2.75
00841,468.35444874746156,21.641498301815002,0.1779053509235382,61.69765853881836,5.670853338749343,3.923828125
00842,129.8340389208035,11.394474051960604,0.4789499044418335,71.95559692382812,2.5984605339834386,4.89453125
00843,1249.4339273546043,35.347332676661814,0.32109740376472473,68.62999725341797,3.321584053614951,4.4140625
00844,1044.7758991749035,32.32299335109457,0.3336564004421234,69.6673583984375,4.749100698008645,4.02734375
00845,4553.35658085334,67.4785638618172,0.2426774501800537,61.53640365600586,3.791077143642662,3.865234375
00846,408.2829255712265,20.206012114497668,0.3719392418861389,71.6102294921875,3.3636795347131434,4.5859375
00847,2278.3065686493687,47.731609742909036,0.18014271557331085,63.29939651489258,5.722365086251224,2.970703125
00848,294.0411579866036,17.14762834874268,0.2972685396671295,72.97994995117188,2.9671524288357736,4.61328125
00849,2030.4901205190067,45.06096004879397,0.28226807713508606,73.11026763916016,1.911260966684373,3.9296875
00850,1097.1841924355253,33.12377080640918,0.3406399190425873,71.93098449707031,2.9270690440280234,4.68359375
00851,390.30224984887263,19.75606868404928,0.5081712603569031,74.74173736572266,2.3324825791651502,4.91796875
00852,1576.806263293506,39.70901992360811,0.3034307062625885,75.2752685546875,3.247298714843715,4.66015625
00853,555.78029836565,23.57499307244119,0.38950446248054504,76.15451049804688,3.8441783858166096,4.20703125
00854,294.70560608745893,17.166991759986924,0.2919756770133972,68.7485122680664,4.804487862701875,4.75390625
00855,1016.8328365974874,31.887816428810037,0.40397313237190247,69.18971252441406,1.4427487436069732,4.05859375
00856,742.2386914604497,27.244057911046394,0.5154174566268921,73.62203216552734,2.679245707010089,4.7734375
00857,1947.1529302058082,44.126555838925476,0.33619600534439087,73.1355209350586,2.289520085354352,4.5546875
00858,1283.7798610118132,35.82987386262772,0.3096802830696106,68.94081115722656,2.913033853986733,4.078125
00859,828.1902610399554,28.77829496408631,0.16283437609672546,61.85603332519531,4.880700369293071,3.22265625
00860,4312.775969398298,65.67172884429264,0.14026062190532684,57.0939826965332,5.812140967872585,2.794921875
00861,548.4811534118796,23.41967449414871,0.38924312591552734,76.61662292480469,3.60475754410113,4.90234375
00862,1994.8463459662198,44.66370277939593,0.32591164112091064,68.82359313964844,3.6872943276944876,3.240234375
00863,1436.3434655838253,37.89912222708892,0.3045899569988251,71.37283325195312,3.432911148634653,3.9375
00864,3144.584465264451,56.076594629706705,0.3008190095424652,64.02992248535156,2.185450779295162,2.876953125
00865,1267.439078217689,35.60111063180037,0.17074793577194214,56.82964324951172,4.632399786429522,3.05078125
00866,251.4374229904409,15.856778455614522,0.27495965361595154,67.6080322265625,3.647539659328123,4.65234375
00867,878.0592999899529,29.63206540202611,0.3100581467151642,74.032470703125,3.5420795902730555,3.896484375
00868,1982.7630739998865,44.528227833587614,0.29537272453308105,71.57166290283203,3.6838188656235102,4.69921875
00869,3267.204737749674,57.15946761254582,0.3216741681098938,64.88763427734375,3.495538712922842,4.015625
00870,163.83989935347728,12.799996068494602,0.4896952509880066,75.25428009033203,1.5665798794772097,4.59375
00871,579.2728480828001,24.06808775293127,0.29470357298851013,71.42107391357422,3.086960054889167,4.296875
00872,1045.0102559532309,32.32661838103749,0.4504576325416565,73.38121032714844,2.0327935507312924,4.03125
00873,241.1070102841197,15.52762088293373,0.3595511317253113,73.06599426269531,3.8533155056056643,3.5390625
00874,522.7196569557022,22.863063157759555,0.3395058512687683,72.2150650024414,2.7129756032903845,4.296875
00875,1090.648850520934,33.024973134295415,0.18536387383937836,54.54726791381836,5.279946070403588,2.234375
00876,833.5052915416901,28.870491709385384,0.2252402901649475,70.111572265625,3.7773538164523868,4.21484375
00877,183.7651558404457,13.556000731795704,0.23903195559978485,56.720829010009766,3.289483635131815,4.3203125
00878,3167.8463706777457,56.28362435627032,0.21048793196678162,50.02354431152344,2.7701992679193053,2.57421875
00879,57.26801946800332,7.5675636414901275,0.35797762870788574,70.97389221191406,1.8881725290765559,3.8515625
00880,1287.1879655637156,35.8774018786717,0.3301668167114258,70.35848236083984,3.2015362943850767,3.853515625
00881,774.4044261503313,27.82812293616534,0.2628985345363617,66.5798110961914,3.2353385250037965,4.5625
00882,966.8018500150631,31.093437410731273,0.24461659789085388,67.41622924804688,4.753014033575137,3.87109375
00883,916.2569495037039,30.269736528481776,0.2766122817993164,67.61036682128906,2.9842614862236925,4.30859375
00884,6129.137927812459,78.28881100011967,0.511906087398529,75.39912414550781,2.7495661984758457,4.171875
00885,1957.1734325389207,44.23995289937503,0.24412402510643005,59.23411178588867,3.221287220507485,4.515625
00886,510.1086535310927,22.585585082771107,0.3698992431163788,72.22539520263672,3.3833703392731778,3.658203125
00887,95.86571213840746,9.791103724218607,0.5590943694114685,73.8229751586914,2.397501707175439,4.8046875
00888,515.367694051884,22.701711258226414,0.24761153757572174,61.31930160522461,6.220624299742062,3.216796875
00889,87.33560224806908,9.345351906058385,0.4206576347351074,72.39881134033203,2.20814280866127,4.59375
00890,374.9847620709445,19.364523285403763,0.4344966411590576,72.15663146972656,2.612091919037439,4.59375
00891,992.8508670896648,31.509536129395254,0.31658485531806946,73.20037078857422,1.56703179217061,4.515625
00892,739.0079633438339,27.18470090591092,0.33138981461524963,74.46302795410156,3.869910849233468,4.67578125
00893,491.82672913127703,22.177166841850585,0.37338149547576904,69.69622039794922,2.7834964679036607,4.15625
00894,859.4481559655782,29.316346224684587,0.4216136932373047,71.0674057006836,2.834654614336002,4.640625
00895,1578.7724722809091,39.73376992283654,0.33172184228897095,65.25094604492188,3.6717409363082387,4.66015625
00896,561.41872653294,23.69427623990528,0.23538373410701752,59.1340217590332,4.8185655216929035,3.951171875
00897,95.80081797010257,9.787789227915697,0.35525426268577576,66.20297241210938,2.1797023824135553,4.0703125
00898,1351.5588940052344,36.76355388159902,0.25255507230758667,69.48200988769531,3.4239559177204093,4.24609375
00899,2160.055406784739,46.47639623276248,0.21928544342517853,70.37846374511719,4.426910388453032,3.3984375
00900,3734.2748306216295,61.10871321359688,0.19671089947223663,57.62422561645508,6.190565988116428,3.611328125
00901,4876.596900710417,69.83263492601733,0.28880876302719116,72.74380493164062,3.465049345778755,3.609375
00902,1665.7841713946184,40.81401929967959,0.29595378041267395,64.97486114501953,3.5649212057994935,4.5
00903,1043.0637508697641,32.29649750158311,0.192958265542984,66.01126861572266,4.142514329153385,4.2421875
00904,656.0754061687835,25.6139689655622,0.17291712760925293,54.8754997253418,7.660515331618069,2.92578125
00905,573.5209066987182,23.948296530206868,0.45048242807388306,71.71699523925781,2.552092403439085,4.6640625
00906,342.99274943699527,18.520063429615874,0.5151545405387878,73.41629028320312,2.3783911982569435,4.9453125
00907,700.7405541886228,26.471504569793964,0.3135828971862793,61.14767074584961,4.264798359232412,4.30859375
00908,896.8556838696065,29.947548879158816,0.28798699378967285,67.97198486328125,4.024808242322241,4.49609375
00909,1106.0054636869143,33.256660440984064,0.2517060935497284,68.01559448242188,2.1659107389501817,3.927734375
00910,167.15360971741907,12.928789955653974,0.4096284508705139,71.44694519042969,1.3491447864687738,4.35546875
00911,1013.6542629212838,31.837937479071783,0.3790399432182312,72.09696197509766,2.733203643980093,4.38671875
00912,1081.5998068942922,32.88768472991512,0.35069409012794495,70.67501831054688,3.8501830386258566,4.4375
00913,333.1399029486196,18.252120505536325,0.42611047625541687,70.21891784667969,1.9670378406383762,4.7265625
00914,5379.270441154506,73.34350987752431,0.21348875761032104,61.40215301513672,4.994928215787622,2.48046875
00915,991.5298973210436,31.488567724192276,0.14234007894992828,54.766021728515625,5.185261962878139,2.458984375
00916,1407.8053498322793,37.520732266738605,0.28452834486961365,67.5569076538086,3.19611521198952,4.109375
00917,547.0493538094863,23.389086211510836,0.28376203775405884,66.99679565429688,3.2274197263353988,4.078125
00918,356.442208032512,18.87967711674413,0.37337127327919006,72.48652648925781,2.980477812003866,4.72265625
00919,2293.4843961745046,47.890337190027225,0.1471792310476303,60.43456268310547,5.859059037389575,3.638671875
00920,1969.1847395067907,44.37549706208135,0.37464985251426697,67.14689636230469,2.0272083523331514,4.37890625
00921,2813.9721666635905,53.04688649358783,0.34623289108276367,59.17292022705078,2.5342207974162805,2.96484375
00922,645.6864689554124,25.410361448736072,0.2753072679042816,72.94451904296875,4.0133951594445945,3.703125
00923,2277.4382611150677,47.72251314751841,0.11092378944158554,57.09861755371094,6.736810192864209,2.072265625
00924,723.4303535144176,26.89666063871903,0.2195652723312378,64.08903503417969,2.8401157031814277,3.908203125
00925,573.1450299054762,23.940447571118554,0.40143412351608276,77.26666259765625,2.7887679213399887,4.91015625
00926,323.9754033193377,17.99931674590282,0.2919342517852783,67.22331237792969,3.5028152251074807,4.25
00927,552.0814707971718,23.49641399867588,0.18005043268203735,58.58545684814453,6.068481212331986,3.478515625
00928,1798.0747205794587,42.40371116517349,0.24677015841007233,58.77902603149414,4.311624180947273,3.49609375
00929,1054.5982748941192,32.47457890249109,0.18000856041908264,59.01088333129883,5.657943320264576,3.990234375
00930,631.0609460582315,25.120926457004558,0.3621029853820801,63.40748977661133,3.6473875018205324,4.453125
00931,907.8677064356366,30.130843108609433,0.2981472313404083,65.52120971679688,3.9610991822487187,4.265625
00932,461.4683759909059,21.481815006905396,0.23149095475673676,64.9901351928711,4.0371205627505,3.9921875
00933,388.379853338981,19.70735531061895,0.400793194770813,77.04328918457031,2.790669333013557,4.82421875
00934,321.979462188489,17.94378617205658,0.4784621000289917,76.32868957519531,2.3929939470567194,4.73046875
00935,862.2397483524952,29.363919158594875,0.18555310368537903,58.59679412841797,7.105744284027693,4.1328125
00936,853.0146434937666,29.20641442378312,0.42615827918052673,73.23141479492188,1.465204988500826,4.7421875
00937,122.52384219836277,11.06904883891849,0.4230097234249115,72.84528350830078,2.77727969747135,4.04296875
00938,2734.6456145892266,52.293839164754644,0.17572303116321564,56.28727722167969,7.878377152067812,3.05078125
00939,492.6009181914825,22.19461462137792,0.2356729507446289,68.39777374267578,3.4585147990503042,4.66015625
00940,1294.7095568038105,35.982072714114324,0.21853375434875488,57.7412109375,5.5968077965558685,4.375
00941,3574.388416084672,59.78618917513201,0.2836376130580902,61.2508430480957,3.633873605408654,4.40625
00942,564.2208706757074,23.753333885492946,0.43842777609825134,68.19731903076172,2.0220012521890527,4.65234375
00943,2631.749855835947,51.300583386896754,0.3334348201751709,66.81742095947266,3.7982949973560967,4.4375
00944,1790.0727370058123,42.309251198831355,0.24431711435317993,65.30819702148438,4.512434917475278,4.0
00945,639.2602242231065,25.283595951191487,0.38506031036376953,72.29669189453125,1.6695360799583685,4.45703125
00946,1338.246601804275,36.58205300149617,0.24152405560016632,68.32935333251953,3.538611855961805,4.13671875
00947,302.95382516765886,17.405568797590583,0.43671736121177673,72.9013900756836,2.3649707219947222,4.390625
00948,213.8283877887614,14.622872077289106,0.3011629283428192,64.92255401611328,3.9086729462787204,4.4140625
00949,836.3804589206693,28.920243064688606,0.29831013083457947,62.39134979248047,2.923525743834014,3.521484375
00950,521.1771276571484,22.82930414307778,0.22520385682582855,63.01987075805664,3.5111945001159386,3.328125
00951,627.3954568326501,25.04786331870745,0.238673597574234,73.18856048583984,3.781992959865243,4.82421875
00952,713.7117303229674,26.71538377644924,0.3511073589324951,70.64334869384766,2.428843324228786,2.732421875
00953,2299.723865039527,47.955436240738415,0.4124542772769928,70.3724594116211,2.1567239599051353,4.1484375
00954,598.0762577082332,24.455597676365084,0.38319098949432373,66.72026062011719,2.5556310555001547,4.2265625
00955,540.0829280530572,23.23968433634711,0.27314481139183044,72.09674835205078,3.2384456584754315,4.234375
00956,2176.1385802662708,46.649100530088155,0.1478521227836609,55.676544189453125,6.186343595751684,2.935546875
00957,159.8654341378081,12.64379033904818,0.373237282037735,75.61042022705078,1.8211445164034474,4.140625
00958,1081.7466989684547,32.88991789239454,0.3440456986427307,71.2593994140625,2.91364542797181,4.2265625
00959,1158.621153068425,34.03852454305893,0.2864842712879181,70.9701156616211,3.3231195144045684,4.29296875
00960,2537.2579821759355,50.37120191315605,0.32543691992759705,75.20271301269531,4.8829920897784005,4.81640625
00961,96.49936243703496,9.823408901040155,0.48489800095558167,75.507080078125,1.9885396537734785,4.76953125
00962,972.3460533338738,31.18246387529173,0.4269021451473236,75.0040054321289,3.007374854104262,4.57421875
00963,2121.6492313207063,46.0613637588023,0.33975622057914734,68.26372528076172,1.9460746576597845,4.58984375
00964,459.79396462438945,21.44280682710147,0.38684025406837463,76.29591369628906,4.491506617296208,4.96875
00965,1675.2410232571583,40.929708321183504,0.27675503492355347,58.58547592163086,3.713398966290236,3.541015625
00966,3935.970985309831,62.73731732637148,0.2232343703508377,68.40921020507812,4.053458783985569,4.34765625
00967,1177.3245804335966,34.3121637387326,0.34047508239746094,64.69322967529297,3.3769440884135298,4.83203125
00968,2880.9623181078377,53.6745965807647,0.21397295594215393,53.28207015991211,4.56102811297601,3.935546875
00969,290.53093923298417,17.04496814995511,0.5033944249153137,76.44377899169922,1.8949927891235205,4.83984375
00970,1627.7855439162317,40.345824367785966,0.19869355857372284,63.24565124511719,4.292535048958609,4.22265625
00971,906.1477750349842,30.10228853484373,0.23152905702590942,58.305606842041016,4.838666957127409,3.861328125
00972,63.72332837975175,7.982689294952657,0.46233615279197693,71.04462432861328,2.7218349699615736,3.94140625
00973,139.2197310793937,11.79914111617425,0.4269651472568512,74.52166748046875,1.923766104942856,4.0234375
00974,399.3754851271595,19.9843810293729,0.33500370383262634,74.11396789550781,3.5073588132348417,4.7734375
00975,525.1689910280793,22.916565864633366,0.3045329749584198,75.79049682617188,2.903132446460796,4.37109375
00976,4033.149335062262,63.507080983637266,0.21483467519283295,61.142147064208984,7.0802508934010335,2.259765625
00977,1490.7006101805077,38.609592204276225,0.22374804317951202,53.76882553100586,3.623001165279167,3.80078125
00978,150.33109251590884,12.260958058647327,0.44375279545783997,69.87335205078125,5.2962654789066095,4.7734375
00979,232.64216802739946,15.252611842809069,0.2431419938802719,61.65166091918945,4.078694205321924,3.96875
00980,719.4573529038211,26.822702192430594,0.12748964130878448,50.83115005493164,5.478967117324182,2.962890625
00981,512.8087877158946,22.64528179811182,0.33534204959869385,72.21998596191406,3.3896742768250667,4.94921875
00982,1336.0218184349135,36.55163222668604,0.26001036167144775,65.34336853027344,4.369579213272201,4.7734375
00983,403.71861776965324,20.092750378423887,0.2597772479057312,67.56185913085938,4.186301345142155,4.25
00984,444.9655926162609,21.094207560756125,0.4208449125289917,69.2213363647461,2.730452072965924,4.42578125
00985,195.93300361249823,13.997607067370417,0.20200909674167633,55.118412017822266,4.569124518650685,2.97265625
00986,390.99593006158244,19.773617020200994,0.31533360481262207,72.816650390625,3.6729927488033267,4.796875
00987,884.5144033692941,29.74078686533519,0.44001924991607666,73.5174331665039,2.072826092259201,4.5546875
00988,170.12433084215695,13.04317180911748,0.237730011343956,65.67407989501953,4.271589847730523,4.13671875
00989,830.5427204488641,28.819138093441726,0.32143527269363403,72.70882415771484,5.229913847097946,4.1015625
00990,2855.5039595538115,53.43691570023303,0.48676711320877075,76.924560546875,1.8760582560909294,4.48828125
00991,440.09883675758044,20.978532759885294,0.4806702136993408,74.50208282470703,1.700460280958441,4.90625
00992,1072.3606197851889,32.74691771427028,0.34285756945610046,73.12493896484375,2.4134804266539356,4.203125
00993,1086.354485369487,32.95989207156915,0.16435377299785614,51.5946044921875,5.424949374979652,3.27734375
00994,1196.339239957318,34.58813727215326,0.23886294662952423,69.0155029296875,4.023696921505021,3.3046875
00995,3437.7900253332805,58.6326702899781,0.37822410464286804,76.43360137939453,3.0963446051463315,4.06640625
00996,768.4411419132564,27.720770947310545,0.46696946024894714,74.44518280029297,2.992578234199494,4.88671875
00997,239.29640771579923,15.469208373921376,0.3250342011451721,73.27484893798828,2.74169128778098,3.71484375
00998,822.1131426485085,28.672515457289556,0.18070614337921143,57.712066650390625,5.749384872630134,3.958984375
00999,768.9399647969865,27.729766764201003,0.23940756916999817,54.92207336425781,5.107652532447203,3.048828125
01000,2037.4717537466236,45.138362329028105,0.5246171355247498,74.01435852050781,1.8693198792877905,4.8125
01001,1530.2352761109487,39.118221791269455,0.24836315214633942,57.320884704589844,3.4613088304853346,4.5234375
01002,1168.4612318589793,34.182762203470034,0.32690560817718506,71.5422592163086,2.646422211779775,4.52734375
01003,370.3552806511349,19.244616926588456,0.4461412727832794,75.48068237304688,2.5261327267698834,3.865234375
01004,1043.2153664130205,32.29884466065343,0.3282855749130249,68.82923126220703,3.5941434411203064,4.28515625
01005,1703.0125231399797,41.267572295205106,0.34276604652404785,70.54817199707031,1.76419515663837,4.69921875
01006,1082.5243903467583,32.901738409189846,0.18054160475730896,59.8453254699707,4.052278986787568,4.01171875
01007,2544.9674966749853,50.447670874629935,0.33165135979652405,72.10846710205078,3.668122438326427,4.38671875
01008,3198.9317542384606,56.559099659015615,0.19159670174121857,60.051448822021484,6.6181641924842465,3.00390625
01009,2721.870480482581,52.171548572786115,0.3446730077266693,72.52206420898438,3.087471898670294,4.9765625
01010,367.6327292029319,19.17375104675483,0.39443808794021606,68.1844253540039,2.106522626088195,4.9765625
01011,266.41690564806726,16.32228248891886,0.4849146008491516,74.58057403564453,1.625705020804824,4.83203125
01012,609.5153536474436,24.688364742271684,0.48464053869247437,67.98530578613281,2.599963455462889,4.08203125
01013,175.88132142636888,13.262025540103927,0.30858081579208374,70.00933074951172,3.0465230468456714,4.74609375
01014,354.1217407877767,18.81812266905965,0.14843443036079407,57.50548553466797,5.64808652971703,3.125
01015,577.4074066892084,24.029303083718602,0.5048857927322388,76.88111877441406,2.0661693519967423,4.25
01016,317.56926214494973,17.82047311787624,0.3123680651187897,67.94617462158203,3.81740910011947,4.7890625
01017,1616.1607175451804,40.20150143396612,0.3760718107223511,71.7174072265625,1.8116981434558308,4.22265625
01018,3656.1038760200413,60.46572480356157,0.24563905596733093,66.26799011230469,5.254518463627328,3.9765625
01019,2374.516587778309,48.72901176689621,0.19935651123523712,57.43632888793945,3.4400922165951053,3.21484375
01020,907.8982008787442,30.13134913804465,0.4681272506713867,74.37847900390625,2.232352910128701,4.51171875
01021,1744.3243680381795,41.76510945799352,0.4298957288265228,58.018333435058594,1.9155349211045447,2.6484375
01022,1547.6556598363106,39.34025495388039,0.3485127389431,76.46729278564453,2.513283695039983,4.06640625
01023,255.54753889634065,15.985854337392814,0.33502134680747986,73.32308197021484,2.8997021675671877,4.76953125
01024,2161.105331601961,46.48769010826373,0.3556230664253235,68.81303405761719,3.053816077524655,4.40234375
01025,2124.234128495466,46.08941449503851,0.2624056339263916,67.95594024658203,3.5024079196991686,4.30078125
01026,456.90760376595705,21.375397160426214,0.36352285742759705,68.92845916748047,3.323862824269766,3.88671875
01027,894.9527692911512,29.91576121864779,0.30427026748657227,64.72021484375,3.3069321079550926,3.970703125
01028,2977.188413136119,54.5636180356116,0.26689210534095764,62.28314208984375,3.210854538428714,3.748046875
01029,1864.2160072518004,43.17656780305494,0.29231515526771545,67.3811264038086,4.154146281202336,3.259765625
01030,2534.1782023922283,50.34062179187131,0.17077071964740753,51.681880950927734,4.4296270193451495,3.060546875
01031,3237.218664792552,56.896561098123954,0.16873382031917572,65.6935806274414,3.5163784300659056,3.912109375
01032,128.0966893880987,11.317980799952732,0.4214491546154022,72.73709106445312,1.7091863900669182,4.6640625
01033,2235.0578900967676,47.27639886980361,0.2905455529689789,68.08822631835938,2.7351153703399347,4.0859375
01034,454.921891437906,21.32889803618335,0.31265801191329956,73.86421203613281,3.7628531732872426,4.84765625
01035,3369.1549359413234,58.04442209154402,0.24449369311332703,64.44215393066406,3.2838703659428656,3.2734375
01036,3004.1437061325933,54.810069386314346,0.23150475323200226,69.37732696533203,4.040303502921804,3.064453125
01037,1164.885401094722,34.13041753472585,0.32637453079223633,72.67724609375,2.2659862192638296,4.6328125
01038,360.0610891328349,18.97527573272217,0.5355976819992065,74.05548858642578,2.1034382148339255,4.91015625
01039,861.1039686405469,29.344573069658843,0.29428011178970337,71.19666290283203,2.424169793692074,4.234375
01040,310.66666992904453,17.625738847748895,0.18904633820056915,51.733787536621094,5.497434321937389,3.70703125
01041,1277.0624143566697,35.73601005088103,0.29459264874458313,66.31391906738281,2.8199450043310703,4.52734375
01042,70.09558814819212,8.372310800979148,0.36230960488319397,74.55699920654297,2.8579278121266247,4.890625
01043,762.5418078663859,27.61415955386631,0.3070739507675171,68.66619873046875,2.781105177103772,3.89453125
01044,882.8464248207325,29.712731695701297,0.3121179938316345,73.89598846435547,4.228069767731895,3.708984375
01045,309.00989006536645,17.578677142076604,0.2134569138288498,53.43873596191406,4.389410396410142,2.70703125
01046,1500.9943750607833,38.74266866209378,0.35917019844055176,66.87035369873047,2.2196875421307665,4.33984375
01047,262.6103968581308,16.205258308898713,0.4878157377243042,75.74747467041016,2.4664545387365577,4.74609375
01048,290.6582383813289,17.048701955906463,0.490759015083313,73.48775482177734,2.3405263525700666,4.75390625
01049,887.5578564632647,29.791909245015912,0.2764446437358856,67.7578353881836,5.264802424759893,4.44140625
01050,683.0768893988104,26.135739694885437,0.31026387214660645,71.93419647216797,2.2237778656867695,4.1640625
01051,1097.5726811391676,33.12963448544471,0.23109708726406097,60.36093521118164,4.307531719986952,3.98828125
01052,790.8625173475141,28.122277954453015,0.295735627412796,69.27149963378906,4.508278763817953,3.830078125
01053,373.65114614988596,19.3300581000132,0.3929886817932129,73.6514663696289,3.9662749021031343,4.31640625
01054,1327.7793768418933,36.438707123632874,0.24249067902565002,57.484275817871094,3.4851086476480373,3.2265625
01055,365.6373835891217,19.121646989449463,0.5042933821678162,69.22615051269531,2.429011823997459,4.8984375
01056,4755.969009306508,68.9635339096432,0.24632145464420319,67.09859466552734,3.619553685797988,3.599609375
01057,695.9320038667528,26.380523191679742,0.3839273452758789,72.16677856445312,1.8936085768485433,4.58984375
01058,1140.568876590552,33.77230931681385,0.18895426392555237,59.86787033081055,6.7172290278406654,2.720703125
01059,1022.4157013331568,31.975235751017642,0.3014833629131317,69.20317840576172,3.5536540473068103,4.23828125
01060,1517.966342592071,38.961087543754104,0.3536340296268463,68.40402221679688,3.588188284440458,4.4453125
01061,772.2547933289454,27.789472706925288,0.3078268766403198,66.35244750976562,3.459868554296321,4.00390625
01062,435.03961324770677,20.85760324792153,0.33160415291786194,68.06732940673828,1.9229137754266072,4.12890625
01063,1092.6571373067118,33.05536472808478,0.3484475910663605,73.53158569335938,3.526616958506825,4.921875
01064,706.3304150867648,26.576877451776852,0.2736547589302063,70.59933471679688,3.0544094720280635,3.96484375
01065,734.3181076123574,27.098304515455528,0.45417410135269165,75.0726089477539,4.118874050387449,4.5
01066,270.4424665585997,16.44513504227313,0.42003166675567627,70.53823852539062,1.6136745800081822,4.55859375
01067,1023.6779882373143,31.99496817059386,0.2824191153049469,65.32721710205078,3.3906819970357187,4.12109375
01068,166.88668824237874,12.918463075860794,0.49683600664138794,76.57781982421875,1.9709768522679882,4.67578125
01069,1078.3301974220144,32.837938385684545,0.11394263058900833,54.92677688598633,4.453679419427532,2.234375
01070,167.2228031674578,12.931465623333567,0.4171302914619446,74.09246826171875,3.5610879765957963,3.908203125
01071,2453.725444374715,49.535093059110274,0.46114790439605713,74.83028411865234,2.7494765556718375,4.7265625
01072,74.54557195745953,8.633977759842768,0.3879624903202057,65.88212585449219,1.8709207483273205,4.703125
01073,855.296800344567,29.245457772867347,0.3911082446575165,75.05219268798828,2.601935085837421,4.74609375
01074,869.8068147172337,29.49248742844919,0.36535173654556274,69.8545913696289,1.5363053476967388,4.17578125
01075,441.86311499425636,21.02054031166317,0.22246989607810974,55.7583122253418,4.929906773901814,2.935546875
01076,3264.0944883465836,57.13225436079504,0.19651299715042114,59.752281188964844,6.063326872755702,3.181640625
01077,215.99183707920443,14.696660745870282,0.22310484945774078,64.55093383789062,3.254356751946809,4.203125
01078,470.5293505583094,21.691688513306413,0.3413591980934143,65.5686264038086,3.3292048179963927,4.91796875
01079,5124.069572256277,71.58260663217202,0.4918179512023926,75.31101989746094,2.851618179858685,3.37109375
01080,21.2232282975204,4.6068675146481475,0.44711002707481384,74.198486328125,3.3076357785108064,4.64453125
01081,928.3221426266384,30.468379389567776,0.2519729435443878,65.20596313476562,4.006315456907269,3.548828125
01082,1500.3284741861112,38.73407381345411,0.23712113499641418,55.40543746948242,5.46715828136775,2.484375
01083,387.75430773830203,19.691478048595084,0.44359928369522095,51.29478073120117,2.191727233686298,4.0078125
01084,3395.232906783195,58.26862712286257,0.2319944202899933,69.57190704345703,3.8950622241667427,4.71484375
01085,367.6580760408112,19.174412012909578,0.26321932673454285,70.23687744140625,3.1550786797534163,3.37109375
01086,287.11916790381576,16.94459111055253,0.2909892499446869,70.32962036132812,3.143858220795255,4.4140625
01087,1286.487826407225,35.86764316772465,0.2660689651966095,73.0007095336914,3.4603295133256,3.666015625
01088,278.58565790007384,16.690885473816955,0.3516324758529663,72.72285461425781,4.020253969323619,4.05859375
01089,1830.0734409859103,42.779357650459296,0.4027582108974457,70.2271499633789,3.225156590148529,3.87109375
01090,342.96871835586006,18.5194146331859,0.46235600113868713,76.24785614013672,2.2988396617315727,4.27734375
01091,1754.2167206676124,41.88337045496234,0.3980330228805542,69.52442932128906,3.5736400701075084,4.73046875
01092,927.8797386966389,30.461118474157164,0.12646131217479706,57.440277099609375,5.966263623363618,3.974609375
01093,190.96467627509494,13.81899693447737,0.3290504515171051,74.03477478027344,2.6765832337932034,4.7734375
01094,290.3408319783214,17.039390598795528,0.48650944232940674,68.91896057128906,2.4419851305957,4.69140625
01095,1854.9297168627393,43.068895003967064,0.5574796199798584,75.738037109375,2.9520918410373698,4.8203125
01096,899.1267708344553,29.98544264863294,0.44072195887565613,72.43820190429688,3.9250177206768466,4.93359375
01097,232.03932613107852,15.23283710052328,0.4667188227176666,75.38420867919922,2.250089944959929,4.6875
01098,629.8312192627743,25.096438378040304,0.3162815570831299,71.25624084472656,4.771304967565897,4.546875
01099,1358.3657731281533,36.856014070001564,0.30344682931900024,63.634910583496094,3.41928776940919,2.802734375
01100,345.2917658840271,18.582028034744408,0.4069630801677704,63.21192932128906,2.135193290649382,4.0546875
01101,842.9265878213905,29.033198029521145,0.32551297545433044,73.5374984741211,4.540730357755178,4.40234375
01102,811.5296362642916,28.487359236410306,0.2370389997959137,61.88914108276367,3.9546709414817394,3.96484375
01103,728.6198967652904,26.992960133436465,0.4754757881164551,75.12598419189453,2.3436780667139536,4.65234375
01104,5298.804337021282,72.79288658255889,0.4087323546409607,74.18682861328125,2.0379341511958096,4.9375
01105,810.178165107715,28.46362881130435,0.4444989264011383,75.19326782226562,3.0635455201477666,4.73046875
01106,643.8240825859054,25.373688785549206,0.398983359336853,72.7807388305664,2.0970116627925965,4.45703125
01107,418.8057154549179,20.464743229635644,0.30314314365386963,72.11137390136719,3.2558833334570467,4.796875
01108,491.96135931017534,22.18020196729902,0.13756835460662842,44.50446319580078,5.0398752657592105,2.693359375
01109,733.0361468297655,27.074640289942273,0.4454360902309418,74.31990814208984,1.704056908692055,3.662109375
01110,1899.2387479493516,43.580256400683915,0.21760936081409454,57.635746002197266,4.410880736767083,3.740234375
01111,1251.6218415444052,35.378267927421284,0.2042085826396942,64.89421081542969,4.717912496297448,4.3984375
01112,306.3253976994144,17.502154087409195,0.5134445428848267,75.05812072753906,1.7106574116679865,4.8984375
01113,777.0828965734124,27.876206638877758,0.3003368079662323,65.87667846679688,2.810419901193464,2.87109375
01114,1792.5749276272395,42.33881112675744,0.20776045322418213,57.77210998535156,5.828205779948852,3.404296875
01115,1227.4930976912938,35.03559757862414,0.36325374245643616,71.81097412109375,2.8898750643853677,4.015625
01116,1735.1819367733115,41.65551508231907,0.4277510941028595,74.32251739501953,1.4279071396849985,3.462890625
01117,1305.9981993778467,36.13859708646486,0.2520468533039093,64.0831069946289,4.257291358313192,4.34765625
01118,593.6791065446179,24.36553111558658,0.22935272753238678,69.90682983398438,4.05809838042651,4.2109375
01119,434.87026156305774,20.853543141707544,0.47075775265693665,72.57038116455078,3.3963755591447837,4.9140625
01120,4405.873165717627,66.37675169603908,0.27775993943214417,60.48237991333008,4.3809223740805665,4.4609375
01121,1851.0492268003954,43.023821620125695,0.3802844285964966,59.47746276855469,2.166747795127959,3.7734375
01122,3082.954441786941,55.52435899483164,0.3080454468727112,66.57392883300781,3.1151232298592055,4.25
01123,308.89829025366004,17.57550256048629,0.2647830843925476,51.54420471191406,7.729709652261965,2.25390625
01124,786.8344093806793,28.050568788897657,0.3496173024177551,69.9874496459961,2.735160134240396,3.314453125
01125,579.1761997822751,24.06607985905214,0.3723304271697998,72.50070190429688,3.1146999315723614,4.9296875
01126,1086.9399467097212,32.96877229606406,0.3209768533706665,71.85884857177734,3.212234312215002,4.48046875
01127,189.32543882387412,13.75955808970165,0.29368242621421814,74.80427551269531,4.085107348185973,4.921875
01128,267.25182505191,16.3478385437314,0.31966114044189453,68.61717987060547,1.9340731181032225,4.26953125
01129,377.0280112547394,19.417209152057342,0.4552347660064697,76.0871353149414,1.9931895714333945,4.28125
01130,506.4843318224543,22.50520677137747,0.1677233874797821,58.29401397705078,3.8684303711306223,2.78515625
01131,1388.0810645514255,37.256959947792645,0.36122170090675354,75.44790649414062,2.5248841857197704,4.35546875
01132,540.7153441899236,23.25328673951112,0.4239294230937958,75.7541732788086,1.8733802133509436,4.94140625
01133,1630.3482368417276,40.377570962623885,0.48112359642982483,74.22948455810547,1.634014512687499,4.45703125
01134,428.39184655436225,20.697629008037666,0.38495102524757385,74.797119140625,2.277253636756372,4.953125
01135,232.30181422459955,15.241450528889944,0.520397961139679,77.63538360595703,1.820760657464233,4.93359375
01136,1064.563967794889,32.627656486405655,0.2495354264974594,69.41219329833984,4.418294643433249,3.8828125
01137,549.8018009119169,23.44785279960442,0.2878875732421875,70.81156158447266,2.265253329401105,3.01171875
01138,324.7796774143759,18.02164469226868,0.20845972001552582,64.69556427001953,5.5536213049158,4.0703125
01139,665.8020005481741,25.803139354508282,0.36778345704078674,71.88846588134766,2.31953334707264,4.62890625
01140,948.7717552611717,30.802138809848444,0.2807692885398865,64.21514892578125,3.954097521294748,4.515625
01141,1299.2626239565905,36.045285738312444,0.30093827843666077,66.69908905029297,3.1398745645972794,3.8359375
01142,1977.2483982833764,44.466261348165716,0.3716791868209839,68.97769165039062,2.093928214077821,4.92578125
01143,604.8417041712567,24.593529721682014,0.2581314444541931,71.02423858642578,3.5553000714214833,4.29296875
01144,838.0428591121049,28.94896991452554,0.46057379245758057,74.76229858398438,2.0746313834110244,4.1015625
01145,66.51381793218017,8.155600402924371,0.3204498887062073,68.3243408203125,3.8304100284113094,4.00390625
01146,157.39214970923985,12.54560280374123,0.3261471688747406,75.02835845947266,2.2195104760052575,4.46875
01147,673.6043596046181,25.95388910365108,0.32472237944602966,64.79743957519531,2.6660371900259783,4.43359375
01148,1125.1875931880163,33.5438160200657,0.1824604868888855,58.961647033691406,3.820639773897353,3.544921875
01149,119.65707091919194,10.938787451961572,0.2947748303413391,43.36980056762695,2.6384299678158394,2.01171875
01150,1314.9891672927681,36.26277936524954,0.23283268511295319,61.080020904541016,3.4853754650459376,4.3203125
01151,153.82241931204442,12.402516652359086,0.2962389588356018,70.87867736816406,3.016957731569245,3.970703125
01152,523.2013944488446,22.873596010440608,0.403425395488739,74.00284576416016,3.2845968261686167,4.73046875
01153,3943.02415534837,62.793504085600844,0.29464390873908997,66.6037368774414,3.6734086137135615,3.8203125
01154,586.146084875253,24.210454041080126,0.31142285466194153,72.47228240966797,3.2363397198844615,3.93359375
01155,940.5832384840197,30.66892952947689,0.25564804673194885,70.48849487304688,3.662910212704021,4.703125
01156,242.45200469584475,15.570870389796607,0.2726188898086548,71.77484893798828,3.5785213539584606,4.37890625
01157,542.9783938720145,23.30189678700029,0.1867186278104782,51.349937438964844,6.969890061746436,2.783203125
01158,326.8574546533839,18.079199502560503,0.3118017911911011,68.82041931152344,3.6968867922514486,4.8046875
01159,777.2543711874216,27.879282113917885,0.3407551944255829,72.54722595214844,3.1276121285257332,4.23828125
01160,1856.7359279781672,43.08985876024853,0.26319006085395813,68.34143829345703,4.142942032264695,4.15234375
01161,1640.7034471931047,40.5055977266489,0.32170620560646057,71.0882797241211,3.332085713616394,3.5703125
01162,378.76701203559384,19.461937520082472,0.4552769362926483,76.31022644042969,1.9234953813978648,4.69921875
01163,1073.8963554794268,32.77035787841547,0.35434046387672424,72.41058349609375,3.4141792415006322,4.75390625
01164,2036.2635529835045,45.124977041362634,0.3263009190559387,66.044677734375,2.611069811747042,4.0703125
01165,521.2706950064982,22.831353332785557,0.28557661175727844,67.98430633544922,2.8368592214725634,4.41015625
01166,916.8662883913157,30.279800005801157,0.3884328305721283,67.56251525878906,2.0214950200457285,4.546875
01167,227.8917331626963,15.096083371613192,0.2515491843223572,64.4152603149414,5.528174871331539,3.2578125
01168,4866.403119135896,69.75960951106232,0.2849291265010834,67.22212982177734,3.765674980216406,3.7421875
01169,580.2978948740401,24.089373069344088,0.42321452498435974,73.7427749633789,2.1641463589007617,4.86328125
01170,461.12818476460853,21.47389542594935,0.2361070215702057,68.36677551269531,5.617909944366809,3.62890625
01171,1074.8644390803436,32.78512527168904,0.21576867997646332,60.58072280883789,5.00891508444288,3.8828125
01172,1035.2338833324834,32.17505063449759,0.37016546726226807,72.8698959350586,2.796525222996712,4.75390625
01173,463.35768452048785,21.525744691426773,0.2936480641365051,61.960693359375,5.005470390728429,4.08984375
01174,1318.1141086052437,36.30584124635103,0.36992621421813965,72.2250747680664,2.0099874302000615,4.00390625
01175,749.7986463082128,27.382451429852164,0.18908262252807617,58.3883056640625,4.292365792776443,3.455078125
01176,1152.5631100195847,33.94941987751167,0.3279666304588318,69.00682830810547,3.648311704471473,4.16796875
01177,432.1473401164622,20.788153840985068,0.30977663397789,70.4811782836914,4.250762985178587,4.0625
01178,316.2141967324657,17.78241256782852,0.3276780843734741,69.31086730957031,1.7482964348251406,4.265625
01179,985.9930323743729,31.400525988817016,0.30536580085754395,73.17449951171875,2.778370505341749,3.650390625
01180,235.90352971071806,15.359151334325672,0.31933414936065674,70.07006072998047,2.8499333325094685,4.61328125
01181,425.4059508838887,20.62537153323277,0.35284706950187683,66.7658462524414,3.235009267825845,3.90234375
01182,1531.3611140952034,39.13260934432054,0.4532712399959564,70.717529296875,1.795692657184841,4.40625
01183,339.23694069701105,18.41838594168911,0.4395979940891266,71.5652084350586,1.7745803981358812,4.71484375
01184,76.44841136035825,8.743478218670088,0.4145680367946625,71.13433074951172,1.959748207769366,4.6015625
01185,245.53375294585643,15.669516678757404,0.27386176586151123,68.67666625976562,4.352014275990471,4.26953125
01186,793.5198756822974,28.169484831680847,0.2677905559539795,74.74798583984375,4.020669380228349,3.583984375
01187,2156.563022352182,46.43880944158864,0.3204650580883026,60.464351654052734,3.7312969212758627,4.37890625
01188,93.58689837073625,9.674032167133634,0.4934460520744324,74.30195617675781,2.257873515821061,4.79296875
01189,669.6165002751469,25.876949207260637,0.383606493473053,73.27935791015625,2.860830598513477,4.921875
01190,1400.056004755396,37.41732225527898,0.20412708818912506,61.06689453125,4.478938931431427,1.9814453125
01191,1302.7990875939458,36.09430824373762,0.2704196870326996,60.09474182128906,2.777870624795266,4.80859375
01192,576.2043322297451,24.004256543991215,0.37470024824142456,70.36808776855469,1.4975379157615603,4.44140625
01193,336.48302754230235,18.343473704353336,0.3159070909023285,73.15779876708984,3.5783611167659544,4.8515625
01194,428.4675443501492,20.699457585892176,0.34190672636032104,73.00230407714844,2.554159031410624,4.38671875
01195,219.09697891249263,14.80192483809091,0.2856258749961853,65.09951782226562,3.659415284147615,4.859375
01196,1586.861659085652,39.8354322065878,0.3064233064651489,54.094261169433594,2.742992202688606,3.8359375
01197,557.5783216188998,23.613096400491397,0.3990987539291382,70.43087768554688,2.239415576215863,4.265625
01198,2199.1284803659137,46.89486624744668,0.3987160921096802,50.53470993041992,2.525492631609982,3.083984375
01199,2014.5398092612536,44.883625179582516,0.35466477274894714,74.78182220458984,2.5003389387157973,4.76953125
01200,1518.8800760672198,38.972812011288326,0.22662822902202606,63.03389358520508,3.2664094615582413,4.796875
01201,261.35777080254303,16.166563357824167,0.4461486339569092,69.68680572509766,2.2687093963844074,4.72265625
01202,178.92971420401793,13.376461198837976,0.4589594006538391,71.72856140136719,1.8415087886125623,4.0078125
01203,1290.1279862867693,35.91835166438974,0.43099021911621094,75.68109893798828,2.7115608133499984,3.908203125
01204,513.6067664983085,22.662894045075276,0.33038318157196045,73.5024185180664,4.393355424586621,4.8984375
01205,362.0915965925875,19.028704543204917,0.37901487946510315,71.93644714355469,3.2838150106406454,4.90625
01206,608.677574194748,24.671391817138083,0.3761312663555145,72.56768035888672,3.542640622722205,4.96875
01207,418.2296317557059,20.45066335735117,0.3665788769721985,67.87162780761719,3.6120110570998714,4.078125
01208,405.2993398885453,20.132047583108513,0.46696794033050537,74.5860824584961,3.8624058645322608,4.5546875
01209,981.2633331468023,31.32512303482306,0.27035555243492126,72.30891418457031,4.4081824859884104,3.62109375
01210,1074.2999246782717,32.77651483422653,0.21090197563171387,56.4441032409668,4.524355766510981,3.28515625
01211,1250.221727566455,35.35847462160175,0.3603854477405548,70.91004943847656,1.969976900696185,3.87109375
01212,626.8744249445379,25.03746043320963,0.28302717208862305,70.06761169433594,3.709030473819051,4.0625
01213,1170.9878110701582,34.21969916685648,0.27009642124176025,53.17973709106445,3.1369356601118463,3.890625
01214,533.2036748168337,23.0912034077229,0.37808147072792053,73.58180236816406,1.8049625541056977,3.69921875
01215,938.6171898960091,30.636859987538035,0.2115074098110199,59.81391906738281,4.36429765414965,2.796875
01216,1341.183157934448,36.62216757558799,0.23024965822696686,67.15872955322266,4.348192900087739,4.20703125
01217,108.37670632575663,10.410413359985117,0.29842329025268555,69.31146240234375,2.330138063352101,4.1796875
01218,2451.6000478368965,49.51363496893453,0.22991295158863068,64.17011260986328,3.5793259703549105,3.931640625
01219,1178.476027178651,34.32893862586857,0.3098786771297455,72.11936950683594,4.518949403982559,4.15234375
01220,1160.8818496036763,34.071716270297806,0.27219951152801514,70.82440185546875,3.9740913618002414,3.234375
01221,915.4265906062715,30.256017428046796,0.28292879462242126,70.73826599121094,3.3772642932971673,4.796875
01222,2893.563356563099,53.791852139177166,0.22611530125141144,57.90662384033203,5.498149096921039,4.08203125
01223,209.45461616985892,14.472546982817466,0.3221656382083893,67.8731460571289,3.186419092105162,4.76171875
01224,435.5388021299689,20.869566409726122,0.31021302938461304,60.77295684814453,1.821174356649759,4.05078125
01225,141.49806251764744,11.895295814633927,0.2750224173069,71.48673248291016,3.894813303441307,4.2421875
01226,54.960230710522765,7.413516757283467,0.4295613765716553,73.39054870605469,2.518833811614247,4.98828125
01227,2340.07512106137,48.37432295196874,0.2159060537815094,64.86412048339844,5.152692700539783,4.015625
01228,981.7013861639147,31.33211429450484,0.2979554831981659,67.4640884399414,3.5891985749446667,3.82421875
01229,1752.0150938197487,41.85707937517558,0.2891641855239868,70.58836364746094,3.2808717310553717,4.27734375
01230,409.07524521488637,20.225608648811694,0.27363964915275574,71.78666687011719,3.4212082512238413,4.421875
01231,561.4932721786771,23.69584926054935,0.3129037022590637,71.55693817138672,3.366587528702848,4.3046875
01232,1555.1571668536378,39.4354810653254,0.2354603111743927,63.561439514160156,3.481669669325675,3.82421875
01233,375.1696260343595,19.36929596124649,0.2735394835472107,72.32730865478516,4.033202390857429,4.72265625
01234,241.49359849095345,15.540064301377695,0.30391350388526917,69.48372650146484,3.4262731871452665,4.890625
01235,1313.1530067613594,36.23745309429678,0.31662845611572266,73.77790069580078,3.660029813044018,3.462890625
01236,426.1014444627194,20.642224794404296,0.4912305772304535,72.25199127197266,2.301666515919614,4.49609375
01237,2188.233452255511,46.77855761196054,0.29345470666885376,63.901939392089844,2.368355252521416,3.54296875
01238,882.9965194402814,29.715257351069358,0.25959742069244385,63.81760787963867,3.4307599795684958,3.927734375
01239,450.40863697367223,21.222832915840247,0.2759724259376526,61.00685501098633,3.721152852602241,4.1875
01240,357.53848391920314,18.908688053886845,0.3713139593601227,76.87479400634766,4.410437562881368,3.560546875
01241,975.6726260426219,31.235758771680604,0.24752703309059143,68.4288101196289,4.146057101686783,4.06640625
01242,380.7377230323744,19.51250171127153,0.22823962569236755,68.97577667236328,4.925984858046954,4.1796875
01243,2664.625462944577,51.62001029585888,0.3866123855113983,73.3236312866211,1.2877153052211094,4.234375
01244,494.24378764898984,22.23159435688295,0.18997013568878174,57.358726501464844,8.121337766705,2.33984375
01245,1056.6108769245172,32.505551478547744,0.3578072488307953,73.13102722167969,2.163670670465476,4.48828125
01246,313.98335173309863,17.719575382415307,0.257444828748703,67.06595611572266,2.8468780489742196,4.15625
01247,402.51842840362,20.062861919567208,0.35649678111076355,72.82557678222656,2.6423622938999816,3.9765625
01248,757.7226137069478,27.526761772990078,0.2593371868133545,72.51831817626953,3.928641600128151,4.66015625
01249,911.8128125928307,30.19623838481924,0.1740993857383728,60.99221420288086,4.961949415142172,4.27734375
01250,1546.676774269951,39.32781171473886,0.1003677099943161,60.79912185668945,7.3382306889117395,3.099609375
01251,1485.2382007116664,38.538788262108945,0.3489161729812622,66.52985382080078,4.102431932192995,4.67578125
01252,904.0639026905434,30.067655423902664,0.2036353200674057,67.14262390136719,3.8315649420513216,4.14453125
01253,2589.611094401016,50.88822156846333,0.30430513620376587,67.30194091796875,2.482039796921006,3.03515625
01254,5902.793362314372,76.8296385668602,0.3627862334251404,72.381591796875,3.633356716836399,3.962890625
01255,144.51022128730747,12.021240422157252,0.3797556459903717,53.91962432861328,2.0259696508054197,4.78515625
01256,1671.7132163943725,40.88658968897226,0.2523021399974823,59.92148971557617,3.6873078683470433,4.5703125
01257,1602.050811493346,40.025626934419726,0.27105507254600525,63.36756134033203,3.301826968869489,3.1875
01258,2909.1000562365402,53.9360737933022,0.2565501630306244,68.16028594970703,4.78743832344995,4.03515625
01259,462.3651163532769,21.502676957841246,0.5024474263191223,74.54165649414062,2.3627269168680733,4.79296875
01260,1619.0021526832911,40.23682582763321,0.18395337462425232,63.350555419921875,4.526777122717397,4.1328125
01261,215.2574500129613,14.671654644686853,0.2567775845527649,72.491455078125,5.15479591003959,4.29296875
01262,1024.6183146952217,32.00965970914439,0.26009079813957214,67.31063842773438,2.879002817889777,3.509765625
01263,841.9527743655156,29.01642249426203,0.32812976837158203,72.49889373779297,4.0116235686880595,4.64453125
01264,364.2251489537414,19.084683622049944,0.43051430583000183,70.87150573730469,4.646014173411081,3.646484375
01265,796.3874226417201,28.22033703983211,0.2731943428516388,74.3655776977539,4.680345669699309,3.80859375
01266,38.29939454343888,6.188650462212168,0.512053906917572,75.5532455444336,2.712112115502703,4.40625
01267,102.029258836407,10.100953362747845,0.48478636145591736,76.36003112792969,1.812178651252278,4.859375
01268,2424.7929625180195,49.242186816976556,0.4164274334907532,75.50089263916016,1.8535490853774024,4.94140625
01269,2116.2543212653377,46.00276427852285,0.24280861020088196,57.36323547363281,4.679220084462841,4.05859375
01270,747.3736334623578,27.338135149683453,0.1988362967967987,62.87112045288086,3.229554154620236,3.166015625
01271,2996.6321031641132,54.74150256582398,0.17670616507530212,60.17975997924805,4.643480927841806,2.544921875
01272,1851.4409945877687,43.028374296361335,0.2916368246078491,63.76413345336914,3.6808612162132155,3.974609375
01273,235.49904740525122,15.345978215977345,0.37848737835884094,70.05447387695312,2.244127918527814,4.828125
01274,205.74340677285753,14.343758460489271,0.4402894973754883,73.89524841308594,4.889053971760462,4.83203125
01275,1184.7923067479205,34.420812116333344,0.3926505446434021,71.08187866210938,3.1889826917240223,4.67578125
01276,1878.8384033088619,43.34556959262229,0.29845547676086426,64.5133285522461,3.1201066901792642,3.189453125
01277,1332.1500427023427,36.49863069626507,0.34497228264808655,75.1440200805664,2.2587306889375305,4.94140625
01278,370.8699597948409,19.257984312872438,0.4472266435623169,75.21849060058594,2.679641544673319,4.4921875
01279,607.1557925772636,24.640531499488066,0.19748780131340027,60.444122314453125,4.212702649440173,3.146484375
01280,1040.5957347050046,32.258266145361944,0.309414267539978,71.02420806884766,2.7732216646100776,4.0625
01281,440.5205769751056,20.98858206204282,0.18915300071239471,61.64547348022461,3.557732659404032,3.56640625
01282,686.2427924811863,26.196236227389353,0.4733750820159912,75.941650390625,2.0679986108204207,4.8125
01283,276.91799017189925,16.640853048203365,0.39981910586357117,70.33649444580078,1.8958025809049779,4.75390625
01284,1800.598567537493,42.433460470924274,0.325416624546051,71.22720336914062,3.6840391862681074,3.873046875
01285,366.9555395456045,19.156083617107242,0.25032278895378113,68.15522003173828,3.772406450634622,3.83203125
01286,2838.9690897370056,53.28197715679295,0.4468817114830017,72.50675964355469,2.1309483650914554,4.8515625
01287,3435.8064684347823,58.61575273281733,0.29380330443382263,68.46966552734375,3.499214029053475,3.8125
01288,764.6592395109137,27.652472574996143,0.27126601338386536,63.47822570800781,4.00644955701398,4.03125
01289,172.5701841858691,13.13659713113975,0.3225327730178833,67.55274963378906,3.0200460189102682,4.8828125
01290,838.6673615946754,28.95975417013541,0.22690308094024658,64.02627563476562,5.034961496996522,3.71875
01291,719.6374410866175,26.826058992826685,0.4419713020324707,76.7977294921875,1.6266837024776877,4.30078125
01292,441.1223266630673,21.002912337651352,0.33829495310783386,70.03726959228516,1.956969577733707,4.25
01293,74.28437476674239,8.618838365275357,0.4210875928401947,72.68714141845703,1.5651891853785367,4.53515625
01294,402.28691847617233,20.057091475988546,0.2965976297855377,66.68418884277344,2.0449365518411184,3.994140625
01295,1143.521640981242,33.81599682075396,0.2975058853626251,65.04366302490234,5.55734635090436,3.583984375
01296,34.37701611984233,5.863191632536185,0.31902486085891724,65.22818756103516,1.7126450925449024,4.3203125
01297,1038.4778563550233,32.22542251631502,0.3755619525909424,75.96455383300781,1.8879167093160283,4.73828125
01298,1573.2445251521515,39.66414659553577,0.13891614973545074,56.79338073730469,5.463027717154676,3.06640625
01299,302.34667819288023,17.38811888022624,0.26832425594329834,68.8435287475586,4.038712957443863,3.92578125
01300,379.6255904951358,19.48398292175231,0.17936328053474426,66.79021453857422,4.464192849657083,3.166015625
01301,519.0928258220268,22.7836087093776,0.3527868390083313,65.33914184570312,4.75013435342233,4.97265625
01302,568.0749934137569,23.834323850568047,0.15713833272457123,52.99293899536133,5.536474617841639,2.853515625
01303,1424.6658897485406,37.74474651853607,0.24259603023529053,66.56456756591797,3.6062744805983016,4.6328125
01304,3207.269044160708,56.63275592941516,0.2827230393886566,71.04942321777344,3.0620966459923906,4.81640625
01305,88.4293594814975,9.403688610406956,0.41454681754112244,70.26834106445312,1.837913993931666,4.5703125
01306,1006.0486297403049,31.718269652367624,0.24155431985855103,55.899600982666016,4.609942404100894,2.5
01307,570.4303035151833,23.883682787945062,0.2720269560813904,70.42594146728516,3.052589817743979,4.16015625
01308,3194.4774040309003,56.51970810284586,0.21962879598140717,54.12213897705078,5.158555900022972,3.935546875
01309,1327.1819537512742,36.43050855740658,0.19836732745170593,59.079402923583984,4.850969490874751,3.810546875
01310,905.5635824450076,30.092583512304284,0.27143028378486633,68.96508026123047,3.864268905782233,4.57421875
01311,2223.0022844682617,47.14872516270468,0.4131004512310028,74.95453643798828,2.26786671826651,3.71484375
01312,633.6509159083769,25.17242371938739,0.3746996223926544,72.37950134277344,1.9680489226772104,4.0625
01313,270.3521646324742,16.442389261675878,0.2760776877403259,69.62213897705078,3.119137127059045,4.2265625
01314,1016.0632262569943,31.875746677638695,0.21462321281433105,65.69477844238281,2.983303147791233,3.9453125
01315,1315.7147214996928,36.27278210310994,0.3127325177192688,68.17084503173828,3.875736923291811,3.9921875
01316,309.3971776284606,17.589689526209966,0.41413038969039917,74.108154296875,1.7919015801408695,4.57421875
01317,883.8530509508895,29.729666176243715,0.27882131934165955,70.6475601196289,3.586799883263742,4.2890625
01318,492.80922947684024,22.199306959381417,0.34789666533470154,73.4800033569336,2.5448852110193694,3.8125
01319,345.26770142999084,18.581380503880514,0.3925299346446991,65.71538543701172,3.2433248961052588,4.5546875
01320,433.1433198045296,20.812095516899053,0.3095848262310028,65.06317901611328,2.4813231300129552,4.67578125
01321,3385.982811295215,58.189198407395295,0.23429229855537415,57.267330169677734,4.975903037932542,2.94140625
01322,538.6162608915027,23.208107654255286,0.46412205696105957,75.70496368408203,1.8748808340803595,4.5625
01323,144.0172353872859,12.000718119649585,0.4539215862751007,70.9011459350586,2.6343402397988336,4.5859375
01324,1668.4414247423656,40.84655952148682,0.2465934306383133,64.02156829833984,3.5965492202499214,3.2578125
01325,1217.908056123331,34.89853945544614,0.27041345834732056,67.61344909667969,3.6474124655698166,4.38671875
01326,278.459200281824,16.687096820053032,0.3360772132873535,73.96853637695312,4.968945517657793,4.78515625
01327,1746.9030620022747,41.795969446853064,0.27570950984954834,62.219905853271484,3.256806298051535,4.140625
01328,843.2586820745132,29.038916682178645,0.422970712184906,74.5270004272461,2.39279686448043,4.4375
01329,846.9570708059163,29.102526880082358,0.22173398733139038,45.50950241088867,4.895247966835508,2.6328125
01330,322.95215384628693,17.970869590709487,0.2220824956893921,66.00556182861328,3.751846071912484,3.16015625
01331,698.5510683864776,26.430116692638297,0.4031226933002472,56.54330825805664,4.1834169307089635,1.8154296875
01332,1068.2102930113804,32.68348654919454,0.31853607296943665,69.01263427734375,3.7427633151885926,4.30078125
01333,431.97545401000986,20.784019197691524,0.1967109888792038,63.88177490234375,4.206973380770265,4.17578125
01334,465.7513583056503,21.581273324473937,0.17509451508522034,55.5843391418457,3.8869872037263855,2.021484375
01335,721.3048781363312,26.857119691737818,0.18985316157341003,58.566978454589844,5.8435583087431935,3.79296875
01336,2132.3623800283335,46.177509461082174,0.23444867134094238,64.35125732421875,3.1374262518410894,3.8515625
01337,3476.9456782460293,58.96563133085263,0.2695363163948059,63.14483642578125,3.994546212115197,4.01171875
01338,223.17981342148954,14.939203908558499,0.36974090337753296,65.30403137207031,1.655039643650942,3.724609375
01339,3511.426135016104,59.2572876110281,0.18589501082897186,62.47193145751953,3.5794951846888594,3.8828125
01340,88.82908803905913,9.424918463257873,0.4617239832878113,71.72711181640625,1.803886066989057,4.85546875
01341,1608.6615235034915,40.108122911743095,0.163541778922081,54.81474304199219,4.883413901764773,4.05078125
01342,1374.836104111867,37.07878239791413,0.38041606545448303,70.10093688964844,2.5279856982993656,3.95703125
01343,376.3829187094994,19.400590679396835,0.2762947082519531,61.97816848754883,4.5446460781489915,4.0390625
01344,1101.5054809641838,33.18893612281333,0.39778390526771545,74.87104797363281,1.6743805255250044,4.3984375
01345,1344.5995003842297,36.668781004885204,0.3076706528663635,65.88229370117188,2.8530723650699144,4.00390625
01346,473.31874433520983,21.75588987688644,0.20707941055297852,62.12713623046875,4.178954269860153,3.9609375
01347,907.8417329891334,30.130412094578684,0.28561657667160034,66.83258819580078,3.3450892080432144,2.900390625
01348,1538.0359121159502,39.21780095971663,0.2735433876514435,64.51824951171875,3.2430679346309077,2.185546875
01349,108.61059292449322,10.42164060618544,0.41582271456718445,75.26807403564453,3.535241326752695,4.23828125
01350,797.8054103356893,28.24544937393791,0.4313836991786957,71.60684967041016,1.5168271389677748,4.40234375
01351,5891.482520049882,76.75599338194954,0.252385675907135,58.08721160888672,4.434056874812694,4.17578125
01352,3646.241700994191,60.38411795326807,0.21439088881015778,53.54081726074219,4.6690040581427645,3.501953125
01353,361.7221436987844,19.018994287258842,0.3490426540374756,74.4520263671875,2.990246807609084,4.8671875
01354,943.4641125871364,30.715860928633212,0.3000822961330414,65.7770004272461,2.784119677369106,4.12890625
01355,1761.7680205026481,41.973420405092654,0.26674768328666687,66.75953674316406,5.152585243776267,3.802734375
01356,3070.1976530400902,55.40936430821139,0.25289639830589294,56.489139556884766,6.058806599864636,3.75390625
01357,300.3803294395257,17.331483763357532,0.4203529357910156,73.53927612304688,2.4498033814934774,4.875
01358,317.4451238128307,17.81698975171818,0.31585022807121277,72.01483917236328,2.7366875336727197,4.54296875
01359,890.6766608795641,29.844206487684744,0.35907357931137085,71.015380859375,2.6947861928465464,3.86328125
01360,35.45545625193741,5.954448442293997,0.4059264659881592,68.57403564453125,3.3433485083192336,4.58203125
01361,719.7159104755827,26.82752151197689,0.23737946152687073,61.51532745361328,5.4883183092541366,3.287109375
01362,445.82498483130155,21.114568071151766,0.30289217829704285,70.20700073242188,3.1878637119157167,4.765625
01363,357.0303730969442,18.895247367974417,0.25332629680633545,71.02598571777344,2.878148940208941,4.546875
01364,1891.6640036837503,43.49326388860406,0.2938656210899353,64.63018035888672,4.138555401994011,4.05078125
01365,396.4003939267355,19.909806476375792,0.2376411259174347,71.17109680175781,4.395253192503554,4.484375
01366,1029.4234528881248,32.08462954263497,0.30754995346069336,73.3766860961914,3.057761733496553,4.3515625
01367,2149.7834273890053,46.3657570561401,0.18672063946723938,59.04969787597656,4.658522881283908,4.40625
01368,86.42524568323186,9.296517933249625,0.3727467954158783,75.96024322509766,3.7937173597123146,3.314453125
01369,1983.141765951753,44.53247989896535,0.17415107786655426,57.37736129760742,4.679541297130149,3.806640625
01370,567.3576430096476,23.81927041304262,0.18727049231529236,62.00099182128906,5.1222725586544415,3.638671875
01371,1120.4070315201627,33.47248170542726,0.23577311635017395,55.865909576416016,3.71071603345814,3.96875
01372,488.90208703557676,22.111130388009943,0.4761107563972473,72.82422637939453,2.0162560985465565,4.5625
01373,1037.336770578383,32.20771290511611,0.27174270153045654,60.680721282958984,6.445825335502361,3.732421875
01374,292.22170290548416,17.09449335035947,0.25808069109916687,70.67756652832031,4.224429452847135,4.2109375
01375,1439.9878808901933,37.94717223839206,0.3622063100337982,76.17472076416016,2.936772535884057,3.384765625
01376,2474.1848358265725,49.74117847243441,0.3792321979999542,65.9379653930664,3.0040378719012857,4.19140625
01377,553.9282206476248,23.535679736256288,0.38196614384651184,75.89800262451172,3.015159413823114,4.1015625
01378,483.3481689949238,21.985180667779918,0.2642747759819031,71.67221069335938,2.9710757555232234,4.734375
01379,1010.0264282147067,31.78091295439303,0.25006207823753357,60.338741302490234,3.8502161442316147,3.7109375
01380,824.520768512717,28.714469671451656,0.34923097491264343,65.72769927978516,3.0133817990324543,4.91796875
01381,260.798929186951,16.149270236978232,0.307353675365448,70.64392852783203,3.8321735060314506,3.90234375
01382,251.05992667314115,15.844870673916564,0.47575652599334717,75.43609619140625,2.309721494463255,4.546875
01383,1077.136740027982,32.819761425518955,0.15799365937709808,58.81678771972656,4.1577907489576535,3.337890625
01384,580.5263310062177,24.094114032398405,0.1805797666311264,61.636104583740234,3.402907402663541,3.912109375
01385,2399.24043705432,48.982041985347244,0.37842029333114624,60.5982551574707,1.909499769923974,3.94921875
01386,380.18170736722254,19.498248828221023,0.39132800698280334,72.18585205078125,2.1028461439130934,3.412109375
01387,505.78057437762664,22.489565900159715,0.4040376543998718,70.00969696044922,2.025848976837783,2.994140625
01388,944.2793601797767,30.729128854879317,0.30704909563064575,69.52234649658203,2.4844524192160162,3.861328125
01389,472.26232326091963,21.73159734720206,0.3113695979118347,67.99520111083984,2.4973552738327736,4.05859375
01390,286.75601136991634,16.933871718243182,0.2677997946739197,58.22105026245117,2.456125089223141,3.6875
01391,755.9069133838624,27.49376135387558,0.27470752596855164,72.16976928710938,3.7185488128967576,4.80078125
01392,325.4491759246884,18.040209974517715,0.2524515986442566,64.49427032470703,3.7096335190305725,4.625
01393,797.1230597681325,28.233367843176847,0.2570502460002899,69.42359924316406,3.469712720841818,3.3125
01394,1851.9953257715324,43.03481527521098,0.1323048323392868,59.685386657714844,5.824336327424296,3.5625
01395,834.5927549969763,28.889319046958796,0.244283527135849,56.984798431396484,3.1055109245758246,4.69140625
01396,1309.8302181622132,36.191576618906964,0.3149706721305847,67.0160903930664,4.218742806658187,3.775390625
01397,2314.480149659164,48.10904436443489,0.21801741421222687,66.53304290771484,5.192735711752183,4.28515625
01398,2938.129177950042,54.20451252386689,0.279259592294693,70.21407318115234,4.424471360933743,3.1171875
01399,2473.5314085662612,49.73460976589905,0.29355043172836304,71.80489349365234,3.668794625411068,4.00390625
01400,1454.7824258555759,38.141610163384236,0.26116660237312317,69.16192626953125,3.5546368589208397,4.33984375
01401,1355.3881258171757,36.8155962306354,0.2773689925670624,64.46817016601562,3.0451099819924954,3.591796875
01402,500.99284573986216,22.382869470643442,0.183238685131073,58.69602584838867,4.933829179502261,3.931640625
01403,1523.5254137550708,39.03236367112643,0.1722785085439682,63.16840362548828,8.273607076919262,3.5078125
01404,736.549184291126,27.13943964585721,0.3004535138607025,72.08505249023438,4.6100351049293575,3.93359375
01405,913.3550273568942,30.2217641337645,0.22113345563411713,58.77317428588867,3.880140427623361,3.953125
01406,952.1957430688484,30.857669112699494,0.19119705259799957,56.251190185546875,4.637138131428741,3.232421875
01407,286.1773575766726,16.916777399276512,0.38429173827171326,70.70929718017578,2.384933085082519,4.62890625
01408,1873.82334627482,43.28768123005459,0.4959029257297516,72.17108154296875,2.0346346488618265,4.66015625
01409,86.15381490926323,9.281907934754752,0.31992799043655396,68.96430969238281,3.702995501674735,3.822265625
01410,3831.810077226665,61.90161611159005,0.18098030984401703,59.35405731201172,7.065212077302878,2.611328125
01411,2726.6402596853977,52.21724101946978,0.26133841276168823,72.81280517578125,3.7906747421120843,3.654296875
01412,5404.8530213792055,73.51770549588177,0.17519178986549377,55.372230529785156,4.957642272378081,3.0625
01413,278.97938200925597,16.702675893678112,0.21128149330615997,69.88362121582031,3.949556133713687,4.0390625
01414,327.9261349903475,18.10873090501782,0.33867430686950684,69.68309020996094,1.9223548197498697,4.25
01415,836.8799600176598,28.92887761420515,0.16207090020179749,60.542903900146484,4.53151257101964,3.404296875
01416,517.6013218841839,22.750853212224456,0.35261616110801697,70.26341247558594,3.484184340304438,4.6171875
01417,40.030060314588304,6.326931350551253,0.4628133773803711,75.04153442382812,1.5266451514823516,4.4453125
01418,842.9887536176507,29.03426860827823,0.45087671279907227,76.09175872802734,1.7619612568606502,4.734375
01419,577.6326308836809,24.033989075550505,0.5114617347717285,76.17737579345703,2.3052251950388642,4.921875
01420,1016.4790303053971,31.882268274158243,0.202077254652977,63.11071014404297,4.560357173366402,3.064453125
01421,343.05528132489036,18.521751572810018,0.3101741075515747,54.4652099609375,2.8012928247846456,3.62890625
01422,3004.3513718657173,54.811963765821396,0.25639593601226807,66.56912231445312,3.991518844220471,4.4140625
01423,632.1459927185953,25.142513651554317,0.37157100439071655,73.01206970214844,3.42085318865567,4.5234375
01424,671.9263993014046,25.92154315046472,0.22712181508541107,54.5906867980957,5.373518831027864,3.830078125
01425,2948.3250238405185,54.29848086125908,0.30754438042640686,71.44207763671875,3.7713039432535735,4.046875
01426,4173.396298547663,64.601828910238,0.30695605278015137,61.823326110839844,3.9690936594669095,3.98828125
01427,854.7918638787116,29.236823765223054,0.35127437114715576,74.48533630371094,2.6677591813182513,4.76953125
01428,135.36412974457292,11.634609135874438,0.20995759963989258,65.279296875,5.455222677829429,4.0625
01429,495.6729603250583,22.263713983184797,0.41389283537864685,71.73442840576172,3.461433767806346,4.0703125
01430,1015.0223767741436,31.85941582600258,0.29955363273620605,72.0274429321289,2.656986680381701,4.77734375
01431,168.80254791206588,12.99240346941496,0.4324573576450348,76.33421325683594,2.2488897365383185,4.80859375
01432,616.1822996843276,24.82301955210783,0.23778027296066284,63.41071701049805,3.581173418498893,4.37109375
01433,1670.1242801711687,40.86715405030265,0.24989458918571472,67.84758758544922,3.4959842869713804,3.892578125
01434,594.1649858424943,24.375499704467483,0.3023623526096344,70.98677062988281,4.2833761229555,4.76171875
01435,3312.3623218712737,57.55312608252721,0.30040743947029114,69.15803527832031,3.665510807557061,3.673828125
01436,6101.099142154267,78.10953297872332,0.1515580266714096,58.22640609741211,4.827249921424016,2.921875
01437,555.3819198085032,23.566542381276538,0.19220201671123505,61.27933120727539,7.516504538342086,3.271484375
01438,338.4808725638362,18.39784967228062,0.2454104870557785,68.74371337890625,3.8486300336537624,4.421875
01439,1355.0567673148703,36.81109570924058,0.3646828532218933,72.1533203125,2.9834424107935917,4.26953125
01440,1420.14957827711,37.68487200823574,0.3069607615470886,65.98941802978516,3.4193771466047287,3.744140625
01441,1001.6829841270139,31.6493757304471,0.2325531244277954,63.76487731933594,3.914562014375877,4.6015625
01442,658.1275297982415,25.653996370901776,0.3323381543159485,74.72298431396484,3.965684378313797,4.140625
01443,752.4239106718976,27.430346528469116,0.36437028646469116,67.18402862548828,4.321255100099756,4.1484375
01444,60.82708794662966,7.799172260351073,0.3412132263183594,71.54761505126953,2.3664604502445052,4.1484375
01445,1559.0890099954106,39.4853011891186,0.32175323367118835,75.63356018066406,4.178256657162857,3.66796875
01446,603.9783844447267,24.57597168871918,0.20360730588436127,64.90116882324219,4.753958225137788,4.12890625
01447,727.6806060863344,26.97555571413376,0.17696590721607208,61.0013542175293,4.5190120220798935,3.7421875
01448,1342.3132160500193,36.63759293471692,0.290539413690567,58.023345947265625,4.208413476020881,4.01171875
01449,681.7628551557261,26.110588946933504,0.13182975351810455,58.132896423339844,5.305877104404211,2.74609375
01450,773.5921318282368,27.813524261197767,0.19300052523612976,67.90827941894531,4.523918063119845,3.69140625
01451,2593.9684708663467,50.931016786103406,0.242975115776062,71.34353637695312,3.961989975554119,3.916015625
01452,192.28665531189586,13.866746385215814,0.49294933676719666,75.49357604980469,2.143839056762486,4.50390625
01453,1361.9771874245987,36.90497510396936,0.17951510846614838,57.908302307128906,7.377203293127706,3.23828125
01454,600.1260284193802,24.497469837095018,0.47790956497192383,75.89154052734375,2.2052840547877794,4.79296875
01455,816.3487386431569,28.571817209326344,0.317430704832077,72.2901382446289,3.6096844302867264,4.75
01456,1884.7164318272191,43.41332090300418,0.3049088418483734,71.06277465820312,4.022479555335757,3.916015625
01457,1140.6838094401892,33.77401085805755,0.3975992500782013,76.00223541259766,1.7914014481058607,3.240234375
01458,1693.9789901391605,41.1579760209265,0.3160293400287628,71.42322540283203,3.6572535810503797,4.79296875
01459,474.79055900073837,21.78968928187684,0.2693832516670227,67.27116394042969,3.2844200201759848,4.37109375
01460,178.4637653648404,13.359033099923078,0.4700738191604614,73.43750762939453,1.7668038894732052,4.8359375
01461,586.7378552026058,24.22267233817536,0.44202205538749695,74.06815338134766,2.4828377692433397,4.484375
01462,2381.983123577621,48.80556447350671,0.2405373454093933,60.48115539550781,3.5272319329545248,4.41015625
01463,816.846776923455,28.58053143178858,0.2114850878715515,61.05680465698242,4.887417349864487,3.638671875
01464,324.7069277662651,18.019626182755985,0.2257372885942459,55.54999542236328,4.0982054845465825,3.5625
01465,401.38855738894415,20.034683860469176,0.28284457325935364,72.21482849121094,3.9428896973109078,3.986328125
01466,1630.0859262027402,40.37432260983137,0.3327098488807678,66.36056518554688,3.46232737332803,4.078125
01467,602.6362029171615,24.548649716779973,0.2525954842567444,61.342124938964844,3.830153530818601,3.576171875
01468,311.86182558267075,17.659610006528194,0.367976576089859,73.33882141113281,3.043364160632199,4.9296875
01469,1778.2154828406378,42.168892359660546,0.3116048574447632,65.83638763427734,3.1820474877894123,3.267578125
01470,1034.1652606198188,32.158439959360884,0.213797926902771,51.7630615234375,4.127261949754287,3.49609375
01471,149.1647817115853,12.213303472508382,0.5075125098228455,58.50508117675781,2.9407634145045325,4.8515625
01472,644.372308705144,25.38448953012733,0.23171688616275787,68.1319808959961,4.731749808794492,4.0
01473,1226.0231188381897,35.01461293286261,0.34769466519355774,72.69986724853516,3.460118023927338,4.2421875
01474,371.62287769397955,19.277522602605853,0.37210094928741455,70.3180923461914,1.7616148880436517,4.50390625
01475,648.3900394817265,25.46350406919139,0.20716065168380737,62.13694763183594,4.56010677537241,3.45703125
01476,550.3752242290619,23.46007724260647,0.33404555916786194,65.70849609375,3.5504949998195947,3.921875
01477,153.03652197472056,12.370793102090122,0.491059273481369,76.74851989746094,1.7994867304665394,4.8203125
01478,674.22833754347,25.965907215875784,0.2332485318183899,52.87247085571289,6.7149094011468975,2.642578125
01479,79.42396668795466,8.912012493705037,0.5190789103507996,73.23253631591797,2.096582494204931,4.89453125
01480,335.7331092669921,18.323021291997456,0.23659317195415497,71.39667510986328,5.667993661699541,4.12890625
01481,923.3189615090613,30.38616398147455,0.34858664870262146,72.60704803466797,3.9807774667763627,4.11328125
01482,1828.0045624065945,42.755170007925294,0.20950669050216675,68.66641235351562,3.8032918816387435,3.576171875
01483,745.7409754765748,27.30825837501496,0.29839494824409485,66.98450469970703,4.595555861925591,4.22265625
01484,288.6607729969538,16.990019805666908,0.43128618597984314,76.02323913574219,1.982315593096823,4.84765625
01485,2324.645066491997,48.21457317546218,0.23005613684654236,60.063011169433594,5.954229441643524,3.689453125
01486,1669.9547903961166,40.86508033022958,0.2905997931957245,68.47833251953125,3.648183467873354,4.8984375
01487,293.1672359451364,17.122127085883236,0.27108532190322876,69.95270538330078,2.9984681432526847,3.28515625
01488,125.04320582747602,11.182271943906391,0.4505559802055359,73.24333190917969,2.2100339859704983,4.515625
01489,1202.5794193942531,34.6782268778877,0.30147942900657654,63.02919387817383,3.8163113962225896,3.1875
01490,690.9537955380516,26.285999991213036,0.4015767574310303,72.36300659179688,2.2467929118551737,4.5625
01491,338.4370487106666,18.396658628964843,0.30986496806144714,62.790931701660156,3.2158962157627875,3.1171875
01492,470.46140630523973,21.690122321122114,0.3240323066711426,74.95103454589844,2.993842303019836,2.93359375
01493,96.10200389567385,9.80316295364276,0.5214434266090393,75.15253448486328,3.04031589625213,4.828125
01494,335.2558446524515,18.309993027100024,0.4076365530490875,70.43112182617188,2.000900846946868,4.15625
01495,1011.0224661180991,31.796579471982504,0.3594490885734558,72.85233306884766,3.881439351033085,3.96875
01496,104.96260232311094,10.245125783664685,0.39695724844932556,66.97943878173828,2.2405172284530037,3.46875
01497,2297.700207969787,47.93433224704175,0.2849036753177643,65.15167999267578,3.5348795080229167,4.0
01498,646.858598939708,25.433415007421004,0.30606701970100403,68.45891571044922,3.1978928403713547,4.0859375
01499,169.4553976201328,13.01750350951106,0.4264567196369171,72.87530517578125,3.516835625384731,3.630859375
01500,1461.786015320745,38.23331028462936,0.419114351272583,59.10930252075195,1.3971349864658489,4.2265625
01501,340.0782940422276,18.441211837681045,0.3547970652580261,59.75165557861328,2.0602542734840177,4.38671875
01502,587.4849346521547,24.238088510692315,0.22774043679237366,60.5094108581543,4.840591820719358,3.77734375
01503,495.98309857738855,22.270677999948465,0.24409911036491394,71.82771301269531,3.83776742143846,4.03515625
01504,1828.0724612004058,42.7559640424632,0.42753657698631287,73.64186096191406,2.213485302281605,4.01953125
01505,3406.9549822765825,58.36912696174736,0.29555442929267883,65.56526947021484,3.365160263230867,4.36328125
01506,4108.600680792902,64.09836722407913,0.2375127077102661,59.113975524902344,4.218097930220055,3.97265625
01507,823.1718895109859,28.69097226499977,0.3254183828830719,73.2708511352539,3.0841107074665244,4.5234375
01508,637.9549978766374,25.257771039358115,0.3172288239002228,71.18560791015625,3.2688826756982188,4.59765625
01509,458.64890843594253,21.416089942749647,0.19399558007717133,68.49939727783203,3.9112571908346774,4.46484375
01510,1356.0413552578177,36.82446680208442,0.28375324606895447,65.77983093261719,3.1636411363376093,4.3515625
01511,455.68492671093327,21.34677789997669,0.2616850435733795,67.24735260009766,2.6128144162322426,3.146484375
01512,2055.465958957393,45.33724692741492,0.2898552417755127,73.66790771484375,2.5088596788510547,4.90234375
01513,640.8804200548678,25.315616130263702,0.3485567271709442,65.15998077392578,4.571982576714367,4.23046875
01514,1252.31941866384,35.38812539064255,0.21570929884910583,69.38444519042969,3.2467403496384657,3.927734375
01515,640.1972135641015,25.302118756422384,0.338588148355484,68.3964614868164,4.040601153517145,3.00390625
01516,274.4272476326298,16.565845817000405,0.3284199833869934,65.58773803710938,4.127150354072835,3.82421875
01517,2692.6563708568815,51.89081200807019,0.2702924609184265,61.959835052490234,3.927065096991171,3.18359375
01518,1145.1949480146268,33.840729129476905,0.3523603081703186,75.35139465332031,3.698520414855884,3.87109375
01519,2118.9844161260994,46.0324278756411,0.30108553171157837,66.03255462646484,3.124099710977191,4.7421875
01520,343.61461847791384,18.536844890053803,0.2425801306962967,67.20478820800781,2.3001570839624,4.05859375
01521,1084.3798680215352,32.929923595743965,0.2968995273113251,72.04014587402344,3.2623744876154355,4.64453125
01522,740.9100949689786,27.219663755619365,0.27100905776023865,67.83052825927734,2.9841928146037358,4.2578125
01523,117.3966854036677,10.834975099356145,0.4533584713935852,74.16712951660156,1.1767874289409967,4.01171875
01524,734.1974121492466,27.096077431046115,0.3467846214771271,63.27798080444336,1.6914944346197933,3.96875
01525,782.3121930310076,27.969844351211673,0.19957727193832397,59.04500961303711,5.413757755334236,2.662109375
01526,231.7637915860271,15.22379031601615,0.36520692706108093,69.51416015625,2.9214118972378054,4.3359375
01527,251.45806859217598,15.857429444653883,0.39652398228645325,74.46343994140625,3.063957020429164,3.9765625
01528,928.2139958834745,30.466604600504375,0.2186761200428009,62.04874038696289,4.71873382296575,3.40234375
01529,367.2704503086863,19.16430145631941,0.3646986186504364,68.92589569091797,1.8137581759991241,4.109375
01530,598.7586884663646,24.46954614344869,0.3832254409790039,60.41301727294922,1.8925918414187466,4.6484375
01531,265.8082990127867,16.303628400230014,0.28569331765174866,71.52013397216797,2.588636561019729,3.810546875
01532,554.1194861160337,23.53974269434638,0.3889961838722229,72.77335357666016,2.3431201120239074,4.6171875
01533,512.7375899066772,22.643709720509076,0.3306029736995697,75.18190002441406,3.794079633348143,4.1328125
01534,2524.305938119258,50.24247145711741,0.34470629692077637,54.4356575012207,2.0587155365621648,3.75390625
01535,1179.6565965593034,34.34612928059439,0.23407606780529022,66.48470306396484,4.350161607479889,4.37109375
01536,762.3755201638749,27.611148476002857,0.23465175926685333,58.74446487426758,5.599133011811079,3.83203125
01537,49.12442394172391,7.008881789681141,0.4652450978755951,74.16753387451172,2.2455066044913443,4.58203125
01538,2956.8158207738543,54.376610971757465,0.3532103896141052,70.52066802978516,2.687973913571832,3.587890625
01539,2129.121275570761,46.14240214348145,0.3278292119503021,70.6214599609375,3.3791819420653346,4.90625
01540,174.70480471871696,13.21759451332643,0.4628676772117615,74.12825012207031,2.1547645625092797,4.81640625
01541,838.8025933871027,28.962088898888194,0.2546416223049164,51.40135192871094,5.528647855526061,3.3046875
01542,836.9863190847593,28.93071584120862,0.16883772611618042,58.14756393432617,6.243239984140484,2.953125
01543,363.17122914701133,19.057051953201242,0.43801039457321167,74.19973754882812,1.7241400876407658,4.71484375
01544,1310.0740369917057,36.19494490936139,0.23289994895458221,62.329627990722656,3.62219097316297,3.84375
01545,437.14678114360225,20.90805541277338,0.35178515315055847,67.35839080810547,1.9370592636363462,3.892578125
01546,784.7711529811029,28.01376720437833,0.38640645146369934,68.57569885253906,5.428584211341027,4.7109375
01547,2967.7809861496035,54.477343787574696,0.4578317701816559,75.97433471679688,1.839992392118152,4.57421875
01548,451.3950255621702,21.246059059556675,0.34148991107940674,60.5305290222168,2.317428639035329,3.984375
01549,166.07619561873332,12.887055350961031,0.2917528748512268,67.52125549316406,2.099507378380058,4.0234375
01550,1112.0879114600748,33.34798211976363,0.3665906488895416,73.5880126953125,3.0153315268693,4.6171875
01551,1085.6258846632577,32.94883737953826,0.21560576558113098,48.85055923461914,5.768056844223114,2.146484375
01552,468.3549421152639,21.641509700463686,0.4278438091278076,74.99314880371094,1.9522652603411168,4.62109375
01553,323.68140304732674,17.991147907994275,0.23756647109985352,70.4835433959961,4.7754473745470785,4.0859375
01554,1373.360635202124,37.05888065230956,0.27206018567085266,69.66581726074219,3.5669506993900213,4.85546875
01555,602.7084764653526,24.5501217199702,0.29817086458206177,64.92745971679688,3.295839410258046,4.4765625
01556,2460.9836363129275,49.60830209060705,0.2873349189758301,72.5526123046875,3.951674216648093,3.990234375
01557,2643.624597425115,51.416190032178726,0.32070404291152954,71.79612731933594,3.7640167841159267,4.1640625
01558,2030.537044175685,45.061480714416,0.4426559805870056,76.15880584716797,2.3878935343583287,4.609375
01559,1650.6139212550515,40.627748168647635,0.27101051807403564,62.369964599609375,3.137412587820407,4.171875
01560,1059.6061751031204,32.55159251255029,0.2245735079050064,62.03264236450195,4.534514885023898,2.9921875
01561,98.2454826659855,9.9118859288223,0.4411742389202118,72.50079345703125,3.034821434284248,4.8828125
01562,777.3320602694739,27.880675391200153,0.27035215497016907,72.6498031616211,3.968422030480233,4.625
01563,5410.346663635499,73.5550587222626,0.30757302045822144,68.62581634521484,3.69826397972643,3.669921875
01564,5807.571525598814,76.20742434696776,0.3134200870990753,67.52680206298828,3.4192634693856783,2.9765625
01565,347.95960060424835,18.653675257285048,0.24236495792865753,65.11714935302734,3.601342508799562,3.912109375
01566,610.0008099828365,24.698194468074714,0.25173434615135193,66.86418151855469,3.6174525166931373,4.72265625
01567,243.22196071302227,15.595575036305082,0.3236503303050995,71.2847671508789,2.89269944016183,4.61328125
01568,689.9637436793388,26.267160936792138,0.33922651410102844,75.61775970458984,4.758178863693292,3.515625
01569,2200.3682584737153,46.90808308248926,0.23442305624485016,51.877689361572266,6.896206265099138,3.10546875
01570,2858.917282010098,53.46884403098778,0.32399865984916687,67.76141357421875,2.7651019028242945,4.796875
01571,1621.9965773950087,40.27401863975097,0.161290243268013,57.14834976196289,5.2982780094653315,3.697265625
01572,3904.5096619569017,62.4860757445761,0.31761354207992554,74.2705078125,3.2311593633760087,4.68359375
01573,1201.9735764764423,34.66949057134302,0.31301942467689514,69.79491424560547,2.5254324724326085,4.95703125
01574,1283.2741553149087,35.82281612764285,0.30753371119499207,72.99739837646484,3.122523459946485,4.06640625
01575,1750.078102274114,41.83393481701326,0.17623217403888702,62.035648345947266,5.137294969673892,3.90234375
01576,463.9415622217313,21.539302732951484,0.35862571001052856,74.90364837646484,3.592363264799858,3.1328125
01577,575.6716700368447,23.993158817397195,0.4023279845714569,70.79631042480469,1.757612898028527,3.962890625
01578,777.2865345473282,27.879858940592367,0.3950149416923523,64.59294891357422,1.9157506279256276,4.140625
01579,753.5012550810827,27.449977323871924,0.2152802050113678,66.25650024414062,4.750957494770898,3.732421875
01580,787.4461933437358,28.061471688842975,0.29168060421943665,67.61429595947266,3.4792801798860187,4.29296875
01581,157.935206715813,12.567227487230944,0.3903111517429352,70.38335418701172,2.5889062923582555,3.041015625
01582,1363.9193510188024,36.93127876230124,0.3324064314365387,76.70904541015625,3.9519680118822786,4.2890625
01583,2508.422370378883,50.08415288670542,0.28161004185676575,68.14688110351562,2.899925339624579,4.0078125
01584,612.2334270521603,24.743351168589925,0.21010401844978333,59.49673843383789,5.213743270977842,3.78125
01585,733.8756859269871,27.09014001305617,0.29433462023735046,71.8304443359375,2.4473129936160523,4.91015625
01586,219.63121780712567,14.819960114896586,0.2898792624473572,67.34444427490234,3.094706449315255,4.15234375
01587,3449.848592712282,58.735411743787765,0.2155858874320984,62.258426666259766,4.897627055165706,3.7265625
01588,888.6093765428693,29.809551766889573,0.3184613287448883,70.7244644165039,2.852633742878052,4.65234375
01589,465.74235512049177,21.581064735561398,0.3177948594093323,68.96015167236328,1.5712370716627473,3.728515625
01590,166.7215790168066,12.912071058385893,0.45586517453193665,73.72921752929688,3.0629821020853867,4.7421875
01591,334.41341438116683,18.286973898957882,0.34621965885162354,64.46821594238281,2.916999574434201,4.90625
01592,128.08108466965135,11.317291401640736,0.30543801188468933,70.7249984741211,2.7110638021051794,4.28515625
01593,5493.472219885713,74.11796152003718,0.1503373384475708,59.451419830322266,7.506746744770782,3.388671875
01594,665.8492652332407,25.804055209079845,0.31220296025276184,65.7489242553711,3.5184537200631345,4.10546875
01595,220.1465397937794,14.837336007308704,0.499158650636673,72.24258422851562,2.251093044862451,4.8515625
01596,853.1678906006534,29.209037823945064,0.4712199568748474,76.2889175415039,2.217946132161137,4.33203125
01597,1234.754537039837,35.139074220016624,0.20377342402935028,68.605712890625,3.4538839258666583,3.8671875
01598,242.20350053959953,15.562888566702505,0.2977612614631653,73.00421905517578,4.534953603176745,4.85546875
01599,1256.217907800431,35.44316447215783,0.2921791970729828,68.27403259277344,3.178241171152035,4.25
01600,1170.2863113228061,34.20944769099329,0.2467668652534485,58.34791946411133,6.318550456492561,3.626953125
01601,2380.985120647093,48.795339128313195,0.19657209515571594,62.44126510620117,4.3473631984359535,3.45703125
01602,2693.792781189937,51.90176086791215,0.23124751448631287,70.16964721679688,3.5708705575728827,4.421875
01603,2588.345482515601,50.87578483439446,0.30224546790122986,57.23975372314453,1.9623264715293827,3.826171875
01604,1102.5060797437316,33.20400698325025,0.29348334670066833,69.8508071899414,3.230787514269979,4.30078125
01605,544.3369259494722,23.33102925182411,0.2660751938819885,64.28958892822266,3.3555496847565167,4.3125
01606,2813.8015431075914,53.045278235744895,0.2368749976158142,62.664363861083984,4.541051753707427,4.80078125
01607,650.8745780893336,25.512243689831234,0.25921866297721863,66.69915771484375,3.476441273387586,4.03515625
01608,1243.184134892047,35.25881641365812,0.15646357834339142,59.63998031616211,5.5548726017689996,3.98828125
01609,1645.996426042187,40.57088150437684,0.13231372833251953,53.73075485229492,4.642794836304008,2.763671875
01610,972.3480320280129,31.18249560295027,0.19926300644874573,61.846370697021484,3.7310233130243855,3.83984375
01611,2812.0900374826447,53.02914328444921,0.20594164729118347,59.99504852294922,4.722422444924062,3.615234375
01612,223.21442310358438,14.940362214604583,0.34835177659988403,72.5723876953125,1.7095001051066965,4.2265625
01613,275.05251803643046,16.584707354561022,0.5313708186149597,74.09976959228516,2.052058553421156,4.88671875
01614,162.11899231920663,12.732595663069123,0.36091166734695435,71.15623474121094,3.577012925428792,4.15234375
01615,328.52584287746413,18.12528187029002,0.18186382949352264,57.304019927978516,4.369418887779119,2.939453125
01616,148.69178185596672,12.193923972863153,0.30398061871528625,65.29520416259766,2.7567901165400057,3.982421875
01617,251.30934277795984,15.852739283100567,0.31807249784469604,62.523460388183594,2.67529965471441,4.48046875
01618,926.8954522344666,30.444957747293174,0.24346798658370972,64.05442810058594,2.054375598307556,3.935546875
01619,1232.7985096792086,35.111230534961436,0.3053830564022064,64.33833312988281,4.225162468936647,3.619140625
01620,574.9801170412625,23.97874302463043,0.14371059834957123,55.1403694152832,4.9192685002949,4.00390625
01621,667.1768186379313,25.8297661359512,0.33426403999328613,71.33722686767578,4.437805037218413,3.970703125
01622,1069.124297019846,32.69746621712218,0.2991865277290344,67.01813507080078,2.627736864983542,4.265625
01623,309.84813184060846,17.60250356740792,0.28894081711769104,72.34074401855469,3.8340880644150275,4.37890625
01624,2631.9459124578416,51.302494212833764,0.3246050775051117,75.42225646972656,2.368468489654177,4.4140625
01625,1105.4918959305876,33.24893826771898,0.2661735415458679,71.80116271972656,3.637322422249295,2.869140625
01626,822.9371831855335,28.686881726418672,0.4605679214000702,72.87539672851562,6.023913764782432,3.822265625
01627,1521.876099531823,39.011230428324396,0.17027202248573303,62.04213333129883,5.127913298239958,3.0
01628,614.9849151044439,24.798889392560383,0.3466257154941559,71.53636932373047,1.7390183890608932,4.01171875
01629,323.5842521253637,17.98844774085201,0.1795024871826172,66.20883178710938,6.732496590099878,3.13671875
01630,361.9076508765492,19.02387055455722,0.2616962790489197,68.5914077758789,3.1980885121163993,4.640625
01631,368.5687993455146,19.19814572674962,0.24871177971363068,67.31311798095703,4.145619060478259,4.31640625
01632,1116.3234343688298,33.41142670358196,0.24707356095314026,74.85492706298828,4.133090041474165,2.27734375
01633,364.27162271558365,19.085901150209903,0.3842642307281494,74.22908020019531,2.4234027957611715,4.49609375
01634,577.9629022540246,24.040859016558134,0.31293752789497375,73.64527893066406,3.2331957146746904,3.994140625
01635,587.3405436734711,24.235109730997117,0.31410953402519226,69.8004150390625,3.891904539001533,4.453125
01636,570.804940722028,23.891524453705923,0.2962248921394348,66.83381652832031,3.282160678531861,3.0390625
01637,849.9161190934398,29.153320893055046,0.1317545622587204,53.179046630859375,5.791310578214577,2.453125
01638,1069.4411271753631,32.702310731435524,0.3103165328502655,65.70602416992188,2.0472571051718416,4.12109375
01639,2380.985120647093,48.795339128313195,0.19657209515571594,62.44126510620117,4.3473631984359535,3.45703125
01640,606.2234010042927,24.62160435479972,0.35668832063674927,75.16055297851562,2.4926952843898365,4.05078125
01641,787.459557742832,28.06170981502788,0.3498860001564026,61.58451843261719,3.105133900396669,3.994140625
01642,795.7264813994138,28.20862423797754,0.11728072911500931,59.5494499206543,5.586116145542293,3.056640625
01643,601.9405104265927,24.534475955817616,0.27318283915519714,70.99559783935547,4.4839827578131635,4.11328125
01644,1130.1221920601838,33.61729007609304,0.31665968894958496,75.47210693359375,4.149055096389764,3.68359375
01645,211.81642944102424,14.553914574471854,0.4499012231826782,76.69442749023438,2.73144868004513,4.828125
01646,1013.70360028322,31.838712289965812,0.47193241119384766,66.17369079589844,4.221704742748885,3.3671875
01647,733.6229202230332,27.085474340004335,0.25127550959587097,69.81436920166016,3.86655147825855,4.0078125
01648,634.7766015782515,25.19477329880647,0.34095102548599243,65.30487060546875,2.3462611565017544,4.3359375
01649,302.13439425406017,17.382013527035934,0.4131525158882141,69.97885131835938,1.934036392505847,4.25
01650,2003.1108303500362,44.756126176759714,0.3001709282398224,71.22357940673828,3.892110086094719,3.966796875
01651,1161.7928706475261,34.08508281708475,0.3136638402938843,48.248958587646484,4.402765078843668,2.021484375
01652,780.9104812265687,27.94477556228657,0.3510415852069855,71.73150634765625,2.644730602195417,4.5703125
01653,802.4585735381233,28.327699757271564,0.2207995504140854,64.37641906738281,4.604459186811114,4.0078125
01654,2166.071501945534,46.54107327883118,0.22105661034584045,65.03060150146484,3.4470642071405644,3.6328125
01655,486.27195966257864,22.05157499278858,0.34032681584358215,66.10912322998047,4.352912525420759,4.125
01656,95.38815636004887,9.766686047992373,0.3654213547706604,75.26165008544922,3.8648758474977183,3.482421875
01657,2318.2342381543813,48.14804500864372,0.420171320438385,73.87764739990234,2.2426005383453607,3.9453125
01658,667.3990821238175,25.834068245706433,0.4157135784626007,74.8125,1.8470896446147294,4.6796875
01659,427.44954616995994,20.67485299028653,0.334768682718277,69.67414855957031,3.6626702412329863,4.88671875
01660,396.7353130387982,19.918215608803873,0.2174340933561325,65.14126586914062,3.8244428668396777,4.125
01661,1233.024798574458,35.11445284458321,0.3348996341228485,68.29910278320312,3.574851198323808,4.30078125
01662,219.22021271688135,14.80608701571355,0.27888885140419006,63.75331115722656,5.23843635505617,3.533203125
01663,1261.2993282054463,35.514776195345036,0.3405994772911072,70.41108703613281,3.052320479651222,4.73046875
01664,1566.8469478917875,39.58341758731537,0.28969448804855347,73.47704315185547,4.443247802742977,4.22265625
01665,836.2162122686402,28.917403276723174,0.31708213686943054,69.33296966552734,3.721335426145865,3.74609375
01666,5105.996014960368,71.45625245533358,0.2947063744068146,68.88088989257812,3.330933745347147,4.03125
01667,419.61176088931387,20.484427277551937,0.4411499798297882,75.23775482177734,2.0379558504179123,4.4609375
01668,1635.353452158886,40.43950360920478,0.28809690475463867,70.10359191894531,1.9699346421115382,4.2421875
01669,718.4746533638707,26.804377503756186,0.30814608931541443,70.37411499023438,3.847680341908159,4.33203125
01670,1786.2163767323705,42.26365313993065,0.25710710883140564,61.64450454711914,6.81636952836682,3.41796875
01671,1660.8592242112552,40.75364062524053,0.3430926501750946,71.72142791748047,3.426165160196011,4.12890625
01672,176.25064827387965,13.275942462736108,0.4267410337924957,72.91613006591797,2.3694268307909034,4.875
01673,262.0671731454319,16.188488908648388,0.4673786759376526,71.31490325927734,1.6555929968778578,4.83984375
01674,522.4717442585467,22.857640828802666,0.39077237248420715,73.34860229492188,2.4717295670557,4.05859375
01675,424.4049490298985,20.601090966982756,0.31704169511795044,68.30091094970703,3.3919466508455938,4.5546875
01676,373.9385541826581,19.337490896769882,0.5063220858573914,76.41670989990234,2.327044585926363,4.515625
01677,99.6175272587023,9.980858042207709,0.4835016429424286,72.61666870117188,2.3913776981412997,4.8828125
01678,748.8476602710714,27.36508103900062,0.42076605558395386,66.06117248535156,2.0116919486092772,4.359375
01679,4748.652164455946,68.9104648399352,0.13839088380336761,57.151268005371094,5.772117109024332,2.24609375
01680,279.43268964575566,16.716240296363164,0.18794240057468414,58.436344146728516,4.942870038956018,2.208984375
01681,67.27692836988503,8.20225142079204,0.44331276416778564,70.5880126953125,1.9512701949292601,3.076171875
01682,171.26551699872525,13.086845188918728,0.3065781593322754,68.11002349853516,3.7697433596227103,4.1796875
01683,2252.683019171037,47.46243798174549,0.38347429037094116,65.97759246826172,1.8628459669960151,4.00390625
01684,218.29613749451303,14.774848137781756,0.3669268488883972,66.01472473144531,4.23354225582789,4.91015625
01685,169.915177170268,13.035151597517691,0.31547659635543823,64.93446350097656,2.2658748006574,4.14453125
01686,1203.10065889387,34.68574143497397,0.23842138051986694,66.424072265625,3.243758671641141,4.046875
01687,191.88011166612776,13.852079687401735,0.30973392724990845,68.81928253173828,3.3858594235286175,4.80078125
01688,1748.12515270978,41.81058661044808,0.2532583773136139,70.48662567138672,3.9220054701523708,3.541015625
01689,584.8467118390406,24.183604194557944,0.48357445001602173,75.30945587158203,1.907261624068637,4.22265625
01690,375.37560252979046,19.37461231947082,0.4641457200050354,74.238037109375,2.178187955013692,4.8984375
01691,393.43910842977374,19.83529955482835,0.24531333148479462,69.0267333984375,3.0327106941091824,4.4375
01692,2159.297415389759,46.468240932810865,0.4309321939945221,74.23633575439453,2.698670776946798,3.59765625
01693,1339.6540003015914,36.601284134598224,0.350745290517807,74.20148468017578,3.44179308603631,4.94921875
01694,1203.3037035983145,34.688668230393546,0.17477186024188995,55.543521881103516,4.63051800516985,3.359375
01695,1153.2094403998433,33.95893756288385,0.2963514029979706,68.03489685058594,3.377151249336087,2.947265625
01696,1508.8071619658938,38.84336702663524,0.0905902162194252,57.19944381713867,6.591145533797369,2.400390625
01697,2250.053972350179,47.43473381763809,0.22807103395462036,66.89566802978516,3.1108345968449305,3.966796875
01698,784.4811286287089,28.008590264929595,0.3367052972316742,74.45147705078125,1.8744140926249209,4.1640625
01699,390.80313395501605,19.76874133461754,0.42995744943618774,72.24435424804688,2.3385906151585925,4.78125
01700,168.16920975327437,12.968007161984234,0.5048964619636536,74.51400756835938,2.3278996769793823,4.76953125
01701,430.56732298505887,20.750116216181993,0.42298784852027893,71.31034851074219,1.8495622585870675,3.970703125
01702,477.7814430852468,21.858212257301528,0.288075715303421,65.61947631835938,3.926945223260366,4.171875
01703,144.8384151465256,12.03488326268791,0.5304754972457886,71.89826965332031,2.98845294881825,4.87109375
01704,344.3979433822689,18.557961724884255,0.3785061538219452,75.1360092163086,3.0424314630865394,4.875
01705,56.809910357571866,7.537234927848002,0.502422571182251,75.30975341796875,2.7271562485423018,4.84375
01706,1545.057678240078,39.307221705942005,0.2492966502904892,65.94244384765625,3.1008524802797943,3.626953125
01707,294.5838406097803,17.163444893429183,0.4837624132633209,76.01188659667969,2.453787463288088,4.84375
01708,2471.329886136971,49.71247213865924,0.18909327685832977,55.61309814453125,4.655380956902896,3.767578125
01709,603.6114084210542,24.56850439935354,0.2875913679599762,66.79415130615234,2.845337031863512,4.1015625
01710,641.7660804470638,25.33310246391199,0.26469331979751587,69.34992980957031,2.893841572308421,4.06640625
01711,648.9055730253787,25.47362504680829,0.203001469373703,60.33529281616211,4.426792663302359,3.501953125
01712,745.7245946920777,27.307958449728126,0.255976140499115,70.0408706665039,3.3726105846251277,4.1328125
01713,1420.8317832406306,37.693922364761015,0.34601062536239624,73.54798126220703,2.279095092769449,3.486328125
01714,1530.2352761109487,39.118221791269455,0.24836315214633942,57.320884704589844,3.4613088304853346,4.5234375
01715,581.7069037424686,24.11860078326412,0.21396653354167938,51.18351745605469,5.680277786759124,2.453125
01716,511.90347934382294,22.62528407211328,0.25797364115715027,67.72667694091797,3.7923403483154465,4.390625
01717,2731.264043252072,52.26149675671442,0.29094529151916504,71.36253356933594,3.264741634230124,4.94140625
01718,1615.7161904678753,40.19597231648807,0.22895172238349915,66.61995697021484,4.387350192567881,4.0
01719,1242.5520413847203,35.24985165053493,0.28438907861709595,59.329219818115234,2.9356864605509583,3.77734375
01720,692.5397023597865,26.31614907922104,0.5007192492485046,75.05901336669922,2.3091871816286775,4.83203125
01721,210.98071679838557,14.525175275995315,0.4125068187713623,75.03226470947266,2.13554731319224,4.91796875
01722,401.9214903900961,20.047979708441847,0.43970662355422974,71.55494689941406,2.1885712823441055,4.4375
01723,1300.2840570161718,36.0594517015466,0.2436334490776062,65.61356353759766,3.8897017699401215,4.0078125
01724,299.51523399987593,17.306508428908355,0.40153956413269043,75.76201629638672,3.503008432074739,4.8671875
01725,1636.5744115427751,40.45459691484733,0.3313980996608734,72.68293762207031,3.8767328014557076,3.626953125
01726,345.04720544420996,18.57544630538416,0.3063395023345947,71.91071319580078,5.054695383559296,4.671875
01727,2170.7342273963955,46.59113893645868,0.2397451549768448,64.26327514648438,4.812542517197555,3.830078125
01728,843.2768872431675,29.039230142053828,0.33857113122940063,71.88882446289062,2.4272279426122467,3.908203125
01729,1320.6859659205418,36.34124331830905,0.16259664297103882,54.16432571411133,5.653768285099146,2.802734375
01730,2249.597116289136,47.429917945207706,0.2725849747657776,65.13214874267578,3.888688665508139,3.265625
01731,972.2905199779021,31.181573404462807,0.2794477343559265,67.94666290283203,4.165901870445658,4.02734375
01732,722.9775859266,26.888242522087605,0.44478172063827515,75.12567138671875,2.097196410362521,4.6328125
01733,4469.204798956273,66.85211140238036,0.14841300249099731,48.88841247558594,4.964965776927218,3.052734375
01734,697.4210174670134,26.408729948011764,0.23823976516723633,59.61435317993164,4.148878201170996,3.3046875
01735,753.5658887756301,27.451154598224647,0.4677497148513794,73.45301818847656,2.4467098503414744,4.9296875
01736,604.6614722695135,24.589865234879053,0.26773157715797424,66.28878784179688,5.140025065108452,4.53125
01737,754.0660999165236,27.46026401760412,0.3218710720539093,61.24531555175781,3.2817461608644494,3.7578125
01738,261.26915982024644,16.163822562136918,0.2872321903705597,66.8514175415039,3.8824822581175726,3.767578125
01739,495.3806554242205,22.257148411784932,0.2862844467163086,66.51792907714844,3.9322293822967707,3.62109375
01740,2901.152942085908,53.86235180611693,0.17706255614757538,61.59212112426758,3.3302551572090486,2.83203125
01741,342.7365954630172,18.51314655759569,0.27615904808044434,72.38806915283203,3.0063154835970454,4.2109375
01742,964.9459094924636,31.06357850429444,0.2693398594856262,70.42668914794922,2.7948130413482835,4.4375
01743,695.2579421580574,26.367744350968994,0.3290576934814453,73.00700378417969,2.94998901374737,4.8671875
01744,1206.0586861686495,34.72835565022694,0.3634265959262848,73.42403411865234,5.080786011356348,4.91796875
01745,2149.027183289266,46.357601138208885,0.3251185119152069,68.96074676513672,3.766864025826699,3.794921875
01746,402.80121552791337,20.069908209254805,0.3362690806388855,75.56222534179688,2.559724714547025,4.6328125
01747,53.97224722967127,7.346580648823728,0.28939422965049744,62.3690299987793,2.536964049756186,4.76171875
01748,152.23916716720132,12.338523702907139,0.5090404748916626,75.00528717041016,2.223820061334587,4.93359375
01749,1125.0110718861617,33.54118471202474,0.40545788407325745,70.76512908935547,2.3763975376782773,4.29296875
01750,4715.597793840424,68.67021038150695,0.23960475623607635,65.23941040039062,4.422669937843411,3.83203125
01751,440.78229049562134,20.994815800468967,0.27360543608665466,72.39347839355469,3.5211736069417765,3.935546875
01752,2530.756316055943,50.30662298401616,0.2068013697862625,61.19580841064453,6.1625784703823685,3.833984375
01753,146.2451661958549,12.093186767591696,0.4051606357097626,74.55191802978516,4.470735766591129,4.80078125
01754,400.63116455784456,20.015772894341218,0.42224693298339844,71.44528198242188,3.083201720255551,4.0390625
01755,137.2577062830732,11.71570340539027,0.46179071068763733,75.34864807128906,1.9554270285180695,4.71875
01756,260.4991739042553,16.13998680000251,0.2170250117778778,59.626094818115234,3.6812060655796808,3.578125
01757,546.7407005388295,23.382487047763536,0.25956782698631287,59.31589889526367,3.313681414015042,3.994140625
01758,305.81959801032343,17.487698476652763,0.4004124104976654,72.39282989501953,2.25750818728006,4.80078125
01759,563.531634311996,23.738821249421715,0.24494878947734833,69.5877456665039,4.90043617204776,4.28515625
01760,437.2853411380239,20.911368705515763,0.31039124727249146,71.97671508789062,3.4332357917919145,4.1328125
01761,188.98919058928468,13.747333944779427,0.45848655700683594,73.73123168945312,2.751298835416584,4.8359375
01762,408.50638323973294,20.211540842789127,0.42531853914260864,73.03217315673828,2.316542741287278,4.734375
01763,2141.834284589792,46.27995553789774,0.2807576358318329,69.73259735107422,4.047199052921802,4.046875
01764,728.2027985315407,26.98523297160024,0.3661878705024719,68.92379760742188,5.229510968912476,4.33203125
01765,130.77558610844258,11.435715373707172,0.427122563123703,73.70503997802734,1.5972190027815625,4.48046875
01766,1518.9730092302789,38.97400427503285,0.08323497325181961,58.43054962158203,4.766321138749127,3.115234375
01767,747.225105157599,27.335418510745342,0.29471555352211,72.4511489868164,3.335941253185835,4.7421875
01768,384.7053326090621,19.613906612632327,0.46470752358436584,74.80602264404297,1.921239093405509,4.7265625
01769,1488.5918802721083,38.582274171853946,0.2446984052658081,57.67674255371094,4.9169581982884525,3.05078125
01770,607.774815637905,24.653089373096936,0.36091870069503784,70.91239166259766,2.7358664340813714,3.828125
01771,275.7844628054712,16.60675955162449,0.4190092384815216,67.66294860839844,3.0002133510671447,4.09375
01772,943.4965680547658,30.716389241816263,0.2308615744113922,64.15701293945312,3.774262759629565,4.06640625
01773,5233.077687756188,72.34001443016298,0.25554922223091125,57.564327239990234,4.59057553797914,3.974609375
01774,579.9531714873339,24.082216913883446,0.25425490736961365,61.91626739501953,4.009431718594014,4.203125
01775,194.50516353497852,13.946510801450609,0.4685690402984619,75.88080596923828,2.2493368565141463,4.75390625
01776,1667.298417665091,40.83256565126775,0.18570908904075623,54.908302307128906,6.568303042087773,2.828125
01777,220.0909361228229,14.835462113558274,0.26582175493240356,70.72541046142578,4.448739204409501,4.37890625
01778,350.0933463714629,18.710781554266056,0.24698220193386078,65.13236999511719,5.228220812416429,4.109375
01779,851.1277306238379,29.174093484182812,0.29356756806373596,66.80856323242188,3.5949083801991013,4.2109375
01780,77.9038038410815,8.826313151088709,0.4933260977268219,76.238037109375,3.1647639392232816,4.1640625
01781,132.61845539027073,11.516008657094295,0.447041392326355,72.47254943847656,1.9290361653704322,4.86328125
01782,625.0501721911209,25.001003423685233,0.3040304481983185,66.36219024658203,3.877877490162125,4.90625
01783,1529.9634241128501,39.11474688800696,0.18740886449813843,56.12897491455078,6.68666843586218,2.787109375
01784,456.7282879764749,21.371202305356498,0.2775975167751312,61.82361602783203,3.138865387240657,4.65625
01785,1629.243086422043,40.36388344079448,0.41006040573120117,72.18473052978516,4.746992728862458,3.943359375
01786,505.1502524010996,22.475547877662507,0.3695458471775055,66.36919403076172,1.4564535522137207,4.16796875
01787,96.09228173214923,9.802667072391536,0.3064330816268921,68.64297485351562,1.8444915184583703,3.99609375
01788,942.4906967750928,30.700011348126452,0.2138703167438507,62.672794342041016,4.407033842731549,4.23046875
01789,463.2649091098854,21.523589596298418,0.2787442207336426,71.76673126220703,3.6852701974011106,4.125
01790,403.7996214010605,20.09476602006255,0.3390146493911743,65.26045989990234,2.426710156314164,4.36328125
01791,683.1977032761981,26.138050869875475,0.4389982223510742,70.09506225585938,2.0067037080841357,4.5546875
01792,398.65383993161646,19.966317635748872,0.2926293909549713,68.59529876708984,3.5849209859214537,4.14453125
01793,1574.0649251846744,39.674487081557515,0.35713475942611694,68.1949691772461,1.708743365494276,4.6171875
01794,1948.3273322191978,44.13986103534081,0.28944242000579834,68.47283935546875,2.6034469152609403,4.5
01795,371.36213295363655,19.270758494507593,0.24634680151939392,67.5263671875,4.132412162829723,4.1875
01796,345.6713513826361,18.59223900939949,0.15011687576770782,57.11243438720703,4.2187215961061435,3.328125
01797,671.9016121107408,25.921065026552068,0.2598367929458618,60.28857421875,3.1207584974135396,4.25390625
01798,1164.4252001060597,34.12367506740826,0.2982116937637329,74.162109375,3.3939663486500624,4.09375
01799,3941.496498331736,62.78133877460512,0.23464958369731903,56.08046340942383,3.9161819102159448,3.552734375
01800,848.8940994355736,29.135787263013395,0.4476000964641571,74.74272155761719,2.51848181879794,4.4765625
01801,1167.836021652481,34.1736158703243,0.3219602108001709,63.63146209716797,2.7408225874666035,4.23046875
01802,554.7286855170695,23.552678945654346,0.29629793763160706,71.98787689208984,3.8629618717862484,4.57421875
01803,245.09294618603525,15.65544461796072,0.32519853115081787,72.54641723632812,4.581389654318184,4.5
01804,402.8287412431037,20.070593943456274,0.2799799144268036,67.97358703613281,3.6333365921378054,4.08203125
01805,453.99369312937023,21.30712775409605,0.3889543414115906,74.59325408935547,3.7600183662005686,4.0
01806,1351.3325442294504,36.76047529928647,0.3084505796432495,71.31468963623047,4.006359626077789,3.55078125
01807,2010.74867637492,44.84137237390176,0.4472493827342987,76.16036987304688,1.754741945271557,4.875
01808,101.79635629312125,10.089418035403293,0.48727336525917053,76.177001953125,1.9281650571109064,4.6796875
01809,345.2701740862625,18.581447039621604,0.3262219727039337,74.64164733886719,2.4065390299981626,4.484375
01810,789.5871081282525,28.09959266836892,0.17832675576210022,61.59956741333008,5.152616345395862,3.666015625
01811,1232.3581191975657,35.10495861267416,0.2779306173324585,63.209476470947266,3.134109666002698,4.0859375
01812,432.5594994519704,20.79806480064841,0.11813271790742874,60.55208969116211,5.590720612036933,3.87109375
01813,332.9206758797639,18.246113993937556,0.3043269217014313,73.00838470458984,4.012841250233486,4.63671875
01814,457.0479283264151,21.37867929331499,0.3440992832183838,69.96551513671875,2.0023653636487526,4.65234375
01815,923.6933927840684,30.392324570260637,0.49817296862602234,71.93184661865234,2.5638634213037905,4.29296875
01816,274.36177178774824,16.563869469050648,0.4589853286743164,77.07547760009766,1.3201032779878263,4.90625
01817,733.8073192767982,27.088878147254423,0.5089385509490967,77.58647918701172,3.0181512400713486,4.25390625
01818,663.8803156488277,25.76587502199038,0.26785212755203247,65.52867126464844,3.876693322228738,4.30859375
01819,261.7898463346526,16.179921085550838,0.46363237500190735,73.81417846679688,2.1560742665190897,4.6640625
01820,137.24235622825225,11.715048281089253,0.43241646885871887,76.22846221923828,1.6237351167000365,4.76953125
01821,1122.3857949633814,33.5020267291903,0.21600566804409027,56.363059997558594,4.315979301932722,4.140625
01822,393.6237542449543,19.839953483941294,0.1576988399028778,46.31578826904297,6.116452961319971,2.46484375
01823,510.5222419699724,22.594739254303697,0.2995910048484802,60.224369049072266,4.34094609648278,4.09765625
01824,222.91073406136306,14.93019537920931,0.3099038302898407,71.23531341552734,3.297688307184332,4.62890625
01825,111.71368954329976,10.569469690731875,0.5029817223548889,74.0875473022461,2.749521168899133,3.94140625
01826,749.9969988837014,27.386073082567012,0.4125422239303589,70.20997619628906,1.5061575945465187,4.7265625
01827,1120.155351036562,33.46872198092664,0.5098352432250977,70.98480224609375,3.01844600603593,4.88671875
01828,328.3802018862356,18.12126380488501,0.2942160665988922,72.2428207397461,3.228526314457171,4.4296875
01829,1173.7682064117093,34.26030073440263,0.22693319618701935,67.12396240234375,2.590169202962255,3.1953125
01830,317.869962126721,17.82890804639255,0.27199557423591614,66.4454116821289,2.021619648019206,4.1796875
01831,245.83992814187,15.679283406516701,0.27936851978302,66.63021850585938,3.5460540824405617,4.6953125
01832,1579.7875333512754,39.746541149529925,0.26578056812286377,68.75909423828125,3.5505499942533745,4.48046875
01833,313.27399625956383,17.699547911163265,0.30696770548820496,72.60867309570312,4.741082082873289,4.9296875
01834,1085.3097564606712,32.944039771416485,0.40048426389694214,69.69617462158203,2.171157704034227,4.07421875
01835,1852.5481662592465,43.0412379731258,0.42131027579307556,75.68981170654297,2.504732110637669,3.951171875
01836,738.3298004374965,27.172224797345844,0.32594865560531616,69.31210327148438,3.3728370727248933,4.37109375
01837,985.6066165235219,31.394372370275565,0.31490156054496765,70.82767486572266,4.286375669875921,4.296875
01838,231.01552209924157,15.199194784568082,0.39662280678749084,75.17696380615234,2.863282766644883,4.8203125
01839,1018.6340698767094,31.916047215730043,0.21641868352890015,62.31187438964844,5.912981958151141,3.73046875
01840,222.68073278262295,14.922490837076193,0.2781686782836914,69.26504516601562,4.142749224238498,3.990234375
01841,1057.3038310378056,32.516208743299174,0.26043546199798584,57.60316467285156,3.840737099025484,4.265625
01842,115.73384636814816,10.757966646543768,0.5007911920547485,75.06044006347656,2.9477123429750893,4.77734375
01843,720.8992763273283,26.849567525890027,0.32814279198646545,72.29003143310547,4.5875769613070645,4.40625
01844,92.95040035350445,9.641078796146438,0.2693234980106354,67.01951599121094,2.693217263011838,3.69140625
01845,185.21686340418003,13.609440231110904,0.23077157139778137,66.46766662597656,3.75146433192905,4.7265625
01846,292.43875292374656,17.100840708098143,0.4866841435432434,70.23882293701172,2.2004520341520433,4.2109375
01847,600.6321551313046,24.50779784336619,0.2794434726238251,69.48175811767578,3.662609503828583,4.26953125
01848,375.7095643666918,19.383228945835928,0.32419833540916443,71.38178253173828,2.7506971746602145,3.08203125
01849,312.3375172254101,17.673073225260232,0.4706660807132721,74.80815124511719,1.6855895851178508,4.62109375
01850,1794.3251384338873,42.35947519072784,0.2989100515842438,74.20416259765625,2.8674808338235342,4.09375
01851,249.68608788858646,15.801458410178045,0.13452084362506866,50.53839874267578,4.22828206615328,3.119140625
01852,788.8805323771071,28.087017149870277,0.5107522010803223,72.88658142089844,2.224566527451606,4.80078125
01853,1370.5521037657943,37.02096843365654,0.19355154037475586,57.25700378417969,5.55526773961408,3.341796875
01854,2984.3180183240693,54.62891192696473,0.1915416419506073,56.285255432128906,6.141607296928453,3.04296875
01855,352.7658641685124,18.782062298068134,0.2831079959869385,66.0809555053711,4.229671580782701,3.71484375
01856,338.4807331980029,18.39784588472256,0.29491859674453735,69.53623962402344,4.0478188592524456,4.72265625
01857,627.0569120385654,25.041104449256334,0.40219399333000183,73.28546142578125,3.040438439230987,4.19140625
01858,215.51947361985987,14.680581515044283,0.37300220131874084,73.26895141601562,1.6115580914640129,4.546875
01859,601.801479303558,24.531642409418048,0.1612432301044464,55.546024322509766,5.284784593392907,4.109375
01860,563.5484259575145,23.739174921582986,0.37778356671333313,70.21849060058594,2.7487457868955674,4.83984375
01861,1741.9358529705637,41.736505040199084,0.2519606053829193,60.18126678466797,3.952396023159597,3.65234375
01862,242.86865859520034,15.584243921191696,0.4173112213611603,71.02503967285156,2.918352500944124,4.7734375
01863,342.1935344511477,18.49847384113478,0.32509884238243103,59.680057525634766,5.674979129837322,2.802734375
01864,550.8906951167897,23.471060800841315,0.2238110899925232,54.12001419067383,5.936990387724155,3.708984375
01865,60.864049023661366,7.80154145176845,0.4339253902435303,72.4277572631836,2.697528001196046,4.828125
01866,453.7303786548052,21.30094783465762,0.3372274339199066,71.8569564819336,3.809120943666538,4.7890625
01867,416.32078886240055,20.40394052290882,0.30466434359550476,71.46630096435547,3.24993729073695,4.03125
01868,397.45824505006976,19.936354858651313,0.43995946645736694,75.31094360351562,1.8175896765195845,4.890625
01869,1003.8111390435151,31.682978695878884,0.20038729906082153,52.185970306396484,6.168425253896129,2.01171875
01870,197.94237363076405,14.069199466592407,0.3719753921031952,72.62471008300781,2.980810826445379,4.85546875
01871,414.19826261183835,20.351861404103516,0.2686726450920105,70.93033599853516,2.5515859383803696,4.265625
01872,540.6866656439015,23.25267007558275,0.27790331840515137,64.75818634033203,3.3134019407748663,3.677734375
01873,316.0401104955258,17.777516994662832,0.38047364354133606,61.2222900390625,5.203260121624787,4.2421875
01874,185.99423973319247,13.63797051372353,0.42881250381469727,74.7838134765625,1.9456668847924334,4.41796875
01875,293.82074041514915,17.141200086783574,0.3386428654193878,64.5262451171875,2.3742760956740256,4.1171875
01876,3989.072285246267,63.15910294839745,0.2965976893901825,63.030033111572266,3.3461544124186178,2.693359375
01877,4403.762049055072,66.36084725992482,0.27636319398880005,65.7989730834961,4.397147247760165,3.142578125
01878,1670.502529150374,40.871781575438746,0.3465813994407654,71.12316131591797,2.190726253282162,4.37890625
01879,2851.1549077236414,53.39620686643988,0.1892930567264557,57.9989013671875,4.70938163532085,3.107421875
01880,98.78112454412093,9.93886937956833,0.5328203439712524,73.8372802734375,3.597177957592871,4.9609375
01881,887.6842830552746,29.794030997085216,0.2437407523393631,59.81165313720703,4.02694336058022,3.59375
01882,218.9401124186938,14.796625034739975,0.2779008746147156,70.26050567626953,2.3738824947824857,4.18359375
01883,1121.946987473722,33.495477119660826,0.29727864265441895,66.73265075683594,2.850666970752507,3.380859375
01884,289.9950885647216,17.029242160610718,0.2918397784233093,71.80426025390625,3.0770055723517484,4.04296875
01885,3560.384903286259,59.668960970392796,0.24913668632507324,59.53838348388672,6.259442199839391,3.830078125
01886,263.65789326062804,16.23754578933122,0.3633439540863037,73.20189666748047,1.9820233429141563,4.34375
01887,447.375083123528,21.151243063317295,0.3082858920097351,67.32958221435547,3.408629868781195,4.8671875
01888,1577.0007409293455,39.711468632239544,0.32592466473579407,72.19584655761719,2.027194611202164,4.328125
01889,311.4995543907373,17.64934997077052,0.43545085191726685,72.88398742675781,2.370936147466412,4.81640625
01890,398.73802830705364,19.96842578439907,0.4283483028411865,72.42852020263672,4.294911494902739,4.3984375
01891,114.4103462512146,10.696277214583334,0.338252454996109,66.40074920654297,2.54009201025147,3.92578125
01892,288.6329627187906,16.989201356120027,0.2727355659008026,69.61809539794922,4.849956032959234,4.22265625
01893,1275.991712966807,35.721026202599596,0.21807238459587097,60.89478302001953,4.150883258016606,3.498046875
01894,2277.7262720278945,47.72553061022889,0.18738149106502533,65.2679672241211,5.096163739319739,3.908203125
01895,481.3371919601656,21.939398167683763,0.4610370397567749,74.94962310791016,2.3115409196180248,4.73828125
01896,145.5869096598688,12.065940065318939,0.2771746814250946,68.84690856933594,3.4228437719160323,3.912109375
01897,700.0602479590718,26.458651665553024,0.2898598313331604,72.50927734375,3.6372811698653087,4.4609375
01898,266.8268466387523,16.334835372257423,0.3935645520687103,73.11080169677734,2.8431284308705496,4.40625
01899,1622.2624952664676,40.277319862007545,0.28562816977500916,69.15260314941406,4.7684480411340475,4.26953125
01900,596.0349611257577,24.41382725272213,0.45639750361442566,71.83198547363281,1.9332742968120162,4.90625
01901,388.4476786576535,19.70907604779213,0.3938681483268738,72.51115417480469,3.109793899413256,4.16796875
01902,3005.556418170034,54.82295521193685,0.21810965240001678,63.627830505371094,6.580493471576438,2.015625
01903,183.4426569474183,13.544100448070306,0.18710893392562866,58.29115676879883,5.421281224390418,2.484375
01904,327.23057035356396,18.089515481448473,0.4661417305469513,72.23174285888672,2.3462391834063534,4.80859375
01905,778.3139840302084,27.89827923063013,0.2443377822637558,69.16688537597656,5.244726857315132,3.927734375
01906,448.1446506480909,21.169427263109668,0.47585049271583557,74.56719970703125,1.43729752583325,4.62890625
01907,474.19359756383733,21.775986718489644,0.4377470016479492,73.46253204345703,1.967440931208641,4.03125
01908,1703.1614816934657,41.2693770451344,0.3559988737106323,76.11707305908203,3.5097977720382465,3.73828125
01909,481.1362358290658,21.93481788912472,0.2127615362405777,50.528594970703125,6.586038505920848,1.9580078125
01910,917.0261542424814,30.28243970096335,0.2737966775894165,72.75923156738281,4.220933398069762,4.57421875
01911,357.3255273705637,18.903056032572184,0.34590283036231995,70.78038787841797,2.4525264718531288,4.42578125
01912,515.3059964646244,22.700352342301308,0.260869562625885,62.934566497802734,4.220975525990556,4.26171875
01913,1531.110557758658,39.12940783807823,0.28855597972869873,61.34879684448242,3.579162138058803,4.06640625
01914,746.7655459775849,27.327011288788697,0.3069392144680023,56.63964080810547,5.302013506527536,3.767578125
01915,621.4155230508246,24.928207377403307,0.3073473274707794,64.63549041748047,2.716207553674425,3.87109375
01916,808.0780410302751,28.426713510891037,0.42577075958251953,73.63409423828125,2.4240422496395873,4.6875
01917,185.91972784224194,13.63523845930983,0.29195016622543335,58.43882751464844,3.340465342790335,4.4453125
01918,708.7625805069865,26.622595299988813,0.4179447293281555,72.71577453613281,2.371008314097953,4.5859375
01919,458.1791672055164,21.405120116586975,0.2547829747200012,66.26349639892578,3.0971378518666586,4.4609375
01920,2399.9444638381065,48.9892280388057,0.2730773091316223,69.6144027709961,3.160725880416158,4.0546875
01921,386.599720498032,19.662139265553787,0.17208434641361237,60.782989501953125,4.039892638618337,3.60546875
01922,402.2946246445511,20.057283580897767,0.23229877650737762,69.29608917236328,4.1985321142856895,4.78515625
01923,1158.6046382556488,34.03828195217333,0.38711586594581604,70.43927001953125,1.8811958362802086,4.359375
01924,1068.9426931549992,32.694689066498235,0.2826124429702759,70.62004089355469,3.106626058116973,4.5234375
01925,223.63523550010868,14.954438655466433,0.4050043225288391,72.85205078125,2.1263919088734693,4.00390625
01926,1212.1607189654858,34.81609856037126,0.22391051054000854,47.55769729614258,7.343971176619378,3.955078125
01927,64.45113156642391,8.028146209831004,0.49013128876686096,72.64264678955078,2.471034624059647,4.7890625
01928,1233.7687519922727,35.12504451231732,0.469026118516922,70.92822265625,2.127371470507866,4.83203125
01929,1222.8447890130797,34.969197717606846,0.414471834897995,76.42044067382812,3.2714674507128954,4.74609375
01930,727.4642757464455,26.971545668471535,0.25889986753463745,60.8371696472168,6.158320554434199,3.138671875
01931,1962.6492008213693,44.301796812560205,0.26546934247016907,64.02815246582031,4.0746933898817055,4.1953125
01932,484.3265484390282,22.007420304048093,0.28454241156578064,70.01593017578125,2.5161726144147942,4.44140625
01933,2568.978984286917,50.685096273825074,0.37259650230407715,75.6295394897461,2.472205147717633,4.9609375
01934,2079.4674250266294,45.60117789078073,0.31494230031967163,75.11970520019531,3.4729637077524895,4.93359375
01935,687.0287122878798,26.211232559494025,0.28590619564056396,69.33074951171875,3.304835495943633,3.548828125
01936,490.79928552878414,22.153990284569147,0.20669345557689667,59.535552978515625,5.3485187087609365,3.23046875
01937,151.4501650403517,12.306509051731595,0.5317211747169495,73.51366424560547,2.1171700580283592,4.9453125
01938,2016.153972355973,44.90160322701154,0.32899245619773865,73.88741302490234,3.1136753714579255,3.8671875
01939,3736.324533160764,61.125481864446385,0.30713018774986267,68.2720947265625,3.744575619244629,3.669921875
01940,686.6715900377442,26.204419284497494,0.27582982182502747,64.53752136230469,3.626326604801655,4.640625
01941,1662.21374792607,40.77025567648638,0.2526100277900696,67.02578735351562,3.621563095705935,3.935546875
01942,1818.343495101589,42.6420390589098,0.43433254957199097,74.07449340820312,1.9543281035170963,4.54296875
01943,237.95158315969667,15.425679341918679,0.45467036962509155,75.78815460205078,2.1893277134919997,4.67578125
01944,222.4291488136024,14.914058763918105,0.27802854776382446,67.12688446044922,3.3738192356961534,4.40625
01945,163.60392623188105,12.79077504422156,0.3768365681171417,70.3582992553711,2.403201452343302,4.4609375
01946,1091.8162525797343,33.04264294180679,0.3082304298877716,68.73700714111328,2.7752191635507306,4.45703125
01947,129.39428122881804,11.375160712219325,0.4436620771884918,69.26728057861328,2.8385165916509614,3.517578125
01948,633.5516658542382,25.170452237777496,0.14811617136001587,51.03179168701172,4.925332151441566,3.076171875
01949,367.2364735108289,19.16341497517676,0.42056769132614136,73.69343566894531,2.526601781785852,4.70703125
01950,1286.3529240189825,35.86576256012108,0.2264261394739151,63.22317123413086,3.4552233499109435,3.994140625
01951,107.85033860191714,10.385101761750683,0.38313594460487366,75.75829315185547,2.1471618040314575,4.4765625
01952,692.4959420419558,26.315317631409197,0.3257705867290497,73.4596176147461,2.235112108464499,4.109375
01953,1216.07917262481,34.872326745211744,0.315789133310318,64.9151382446289,2.432561846656136,4.15625
01954,313.8365966599253,17.71543385469081,0.38373127579689026,46.369930267333984,4.615993592776435,3.1171875
01955,322.13529086538375,17.94812778162067,0.3032090961933136,71.25376892089844,3.0694643801032626,3.986328125
01956,2451.4224697706013,49.511841712570146,0.26294246315956116,70.65206146240234,4.488557392559663,3.51953125
01957,1192.9686650441147,34.539378469279306,0.349185585975647,73.65676879882812,3.0658919331627867,4.6484375
01958,3114.971992149689,55.81193413733024,0.368360310792923,69.95530700683594,3.5379562539741176,4.1875
01959,1739.7093770335969,41.70982350758148,0.3462662994861603,69.96598052978516,2.5341708894878074,4.1953125
01960,783.9574677876187,27.999240485906377,0.17058518528938293,50.62439727783203,6.154618307323661,3.009765625
01961,728.4623535341362,26.990041747543412,0.41063156723976135,73.05597686767578,2.3490972859280963,4.6640625
01962,842.8911780861854,29.032588208531898,0.22439812123775482,71.0122299194336,3.4117707019881163,4.51171875
01963,3947.5302145223964,62.82937381927657,0.28457456827163696,70.5808334350586,2.489383972823563,4.2578125
01964,1532.1043069081265,39.142104017389336,0.262584388256073,70.67516326904297,3.7764712351903276,3.55859375
01965,1285.591564167864,35.85514696898988,0.18406058847904205,56.22663497924805,4.23359912751237,3.109375
01966,1014.2913981610074,31.847941819857173,0.30734971165657043,71.53362274169922,3.5256044231658556,4.9140625
01967,1438.3931082534632,37.92615335429449,0.263334184885025,64.16484832763672,4.588213772599643,4.34765625
01968,610.798348801122,24.714334884862307,0.39192160964012146,65.76172637939453,3.1982032497131105,4.62109375
01969,1166.2781145294246,34.15081425865897,0.3371438980102539,75.64204406738281,3.9751066719354333,3.22265625
01970,171.33030280300238,13.089320181086656,0.5485377311706543,72.3604736328125,2.7095840651500245,4.87890625
01971,1067.4881892454048,32.67243776098449,0.38569796085357666,72.6475830078125,3.106882975622078,4.765625
01972,1382.045248704879,37.17586917215089,0.30593425035476685,64.7406234741211,3.9473969373500526,3.70703125
01973,1428.5019409993618,37.795528055569775,0.2545592784881592,66.32177734375,3.324222899074543,3.419921875
01974,1691.150009291184,41.12359431386299,0.4481624662876129,76.72654724121094,2.1847263956587417,4.79296875
01975,2970.6545169096016,54.50371103796146,0.27193158864974976,64.4518051147461,3.5157209169899897,3.87109375
01976,527.6988432162093,22.971696568085896,0.21909697353839874,46.63567352294922,5.327293612101331,2.56640625
01977,860.0531941531386,29.326663535989542,0.3255733251571655,64.89694213867188,2.883360157364361,4.3515625
01978,1609.464839189013,40.11813603831829,0.1534537822008133,59.694488525390625,4.961611958316677,3.576171875
01979,519.1004624530519,22.783776299223355,0.43271446228027344,72.24202728271484,2.655169067439756,4.2734375
01980,258.81681849905107,16.087784760465038,0.20365899801254272,56.72852325439453,4.774858592505371,3.873046875
01981,749.3558208826372,27.374364300977607,0.2966881990432739,71.86803436279297,5.136261703160359,4.1015625
01982,370.326489874457,19.24386889049229,0.5092661380767822,71.04470825195312,2.4365348990208187,4.40234375
01983,547.143956140944,23.39110848465596,0.14681975543498993,54.85646438598633,3.7298477596591355,3.171875
01984,392.09060771040464,19.801277931244858,0.284585177898407,72.67369079589844,4.973782097134484,4.8203125
01985,271.95026787428907,16.49091470702244,0.24171990156173706,59.9381217956543,5.493203064890099,2.68359375
01986,2047.8138157908393,45.25277688485912,0.2511664628982544,69.37349700927734,2.7374902358868787,4.2265625
01987,709.8493572782102,26.642998278688722,0.4621850252151489,71.12229919433594,2.4697505443734675,4.82421875
01988,1419.7826168053773,37.680002876928995,0.3839787542819977,75.69403839111328,2.391328486572443,4.9765625
01989,332.26728276450496,18.228200206397364,0.32763978838920593,70.79010772705078,4.203061433163984,4.69921875
01990,95.12635008619597,9.753273813760996,0.4262098968029022,65.48676300048828,1.6850935512689111,4.56640625
01991,218.57835206525277,14.78439555968565,0.5099504590034485,76.52769470214844,4.195209511080386,4.2578125
01992,393.0365929890177,19.8251505161756,0.4936044216156006,74.52240753173828,2.129364638586279,4.734375
01993,1180.7128896792742,34.36150301833833,0.2877950370311737,64.13025665283203,2.119169174831524,3.568359375
01994,126.98930400732588,11.268953101656155,0.3930673897266388,72.50946807861328,2.0831520757289264,4.46484375
01995,981.5990850042411,31.330481723143695,0.20054282248020172,61.24152755737305,3.6229020966235694,3.271484375
01996,783.6240282300774,27.993285413292906,0.29667338728904724,65.57259368896484,3.6925013613515154,3.533203125
01997,361.69312732506603,19.018231445775026,0.4364665448665619,74.78661346435547,1.9637598202979647,4.6328125
01998,1485.200867705055,38.5383039028063,0.21525248885154724,62.87984848022461,3.7533562967700838,4.26171875
01999,544.5624446862796,23.33586177295108,0.25718382000923157,68.81974029541016,4.089317650287576,3.625
02000,46.49295003372055,6.8185739002903345,0.4509068727493286,70.68540954589844,3.4300875235736,4.0234375
02001,2189.8563289152917,46.79590077042317,0.30416613817214966,51.050960540771484,3.218433408278198,4.12890625
02002,292.8150339378897,17.111838999297817,0.45816364884376526,72.6436996459961,2.409305052020709,4.78125
02003,2442.1857911243587,49.41847621208447,0.25489145517349243,65.90248107910156,4.117216629772875,4.25
02004,660.3082394740014,25.696463559680765,0.39927390217781067,70.36280822753906,2.1011193056823765,4.9296875
02005,391.2570937125932,19.780219758955997,0.1339116394519806,56.24246597290039,7.051993886293889,2.552734375
02006,888.8817203713114,29.814119480060306,0.4623096287250519,75.07166290283203,2.3153512904478113,4.4296875
02007,626.2626780305769,25.025240818633034,0.25009945034980774,69.88577270507812,2.9102654366915237,4.21875
02008,1380.3545292634317,37.15312273905696,0.31246328353881836,67.94277954101562,5.218703455665158,4.0546875
02009,163.32683359368656,12.779938716350973,0.47584596276283264,76.43386840820312,2.5485659549070525,4.38671875
02010,957.5167447642901,30.94376746235484,0.2899159789085388,68.45915985107422,3.433845583012596,4.796875
02011,1298.9296487566774,36.04066659700785,0.21945445239543915,64.05284881591797,5.510992674296723,3.7578125
02012,942.0046393511179,30.69209408546634,0.23409710824489594,64.1102523803711,4.065251286205948,3.56640625
02013,431.20837334960737,20.76555738114456,0.226705402135849,49.80830383300781,6.895288959245191,2.5234375
02014,102.36133731218398,10.117377986028988,0.3815476596355438,69.9334945678711,1.9250940670097105,3.7890625
02015,384.1724465923146,19.600317512538275,0.2869495451450348,69.02549743652344,3.502844244966121,4.4375
02016,356.248266605422,18.874540169376896,0.3106507360935211,68.5997085571289,3.749466723004761,4.53515625
02017,642.2452629836757,25.34255833541033,0.2715780735015869,65.91252899169922,3.319654819903586,4.0234375
02018,2114.7958844535633,45.98690992503805,0.4264347553253174,73.91510009765625,3.1316384226613008,4.95703125
02019,522.0395068188747,22.848183884477002,0.18753406405448914,63.67392349243164,4.814200891463254,3.10546875
02020,1068.1561797340805,32.68265870051089,0.2856326103210449,69.30537414550781,2.325239424794175,4.296875
02021,1667.2122222732387,40.83151016400494,0.46330273151397705,74.85725402832031,2.1148945356313007,4.52734375
02022,875.7555913955567,29.59316798512043,0.32852402329444885,67.49555969238281,4.64241712894623,4.33984375
02023,185.59788923183925,13.623431624661947,0.49415627121925354,71.28986358642578,2.718121876173954,4.828125
02024,1153.1743986130655,33.95842161545595,0.13962732255458832,55.21750259399414,4.671672478714575,3.046875
02025,1376.092735192722,37.095723947548485,0.25866931676864624,71.57755279541016,3.0783943423799442,4.2578125
02026,604.6950727021288,24.59054844248352,0.27796462178230286,69.56754302978516,3.4374590410856958,4.15234375
02027,894.6095505270434,29.91002424818548,0.26591649651527405,69.14949035644531,3.5762326530887942,4.09765625
02028,552.6737033769388,23.509013236989315,0.322193443775177,68.05366516113281,1.964842550283142,3.94921875
02029,3535.476066616458,59.45986937940965,0.386793851852417,76.16289520263672,3.307759982647714,3.791015625
02030,2244.1009733404258,47.37194289176269,0.14375953376293182,60.2905158996582,7.1473076236675075,3.490234375
02031,561.7204085099959,23.700641521064274,0.44008752703666687,71.74974060058594,2.1801764264820163,4.4921875
02032,35.833032858691965,5.986069900919297,0.48049402236938477,74.0174789428711,3.1224730065645745,4.4609375
02033,871.9812146443397,29.52932804254678,0.19023655354976654,57.61068344116211,4.374527382499886,3.630859375
02034,124.71912185771916,11.167771570806737,0.45998021960258484,73.85172271728516,4.182676300154189,3.677734375
02035,788.0364986536983,28.071987793059797,0.3299284875392914,70.87545776367188,1.9967201254500628,4.1328125
02036,682.7221001755064,26.12895137917912,0.4160199463367462,71.64786529541016,2.133160841580979,4.51171875
02037,1894.8824793068425,43.53024786636119,0.3273383677005768,71.4678955078125,5.215939659045935,4.62890625
02038,940.1772793340696,30.662310404372167,0.21999108791351318,66.86089324951172,3.7998641642217916,3.421875
02039,2713.2659847065224,52.08901980942358,0.2177973836660385,64.05595397949219,5.4993769623135575,3.099609375
02040,173.71439824438738,13.180075805714752,0.3122745752334595,66.28113555908203,3.626990158157644,4.5390625
02041,7092.7315366190915,84.21835629255116,0.3028399646282196,67.58728790283203,3.3868436097153847,3.7890625
02042,116.0117271575814,10.77087402013325,0.34933874011039734,70.7316665649414,3.363444474286904,4.6953125
02043,444.6936163181211,21.08775986960495,0.3018401563167572,68.09649658203125,3.5052931571831523,4.109375
02044,94.28603234343377,9.710099502241663,0.5119616389274597,76.87687683105469,2.7315378865615147,4.73828125
02045,2173.7485280566452,46.62347614728706,0.23839880526065826,65.33423614501953,3.8194331907389376,3.703125
02046,77.16716338269812,8.784484241132095,0.3456762731075287,68.88632202148438,2.8049840621001243,4.09765625
02047,6764.303062950015,82.24538323182655,0.25552988052368164,68.8492202758789,3.3689277209525543,4.07421875
02048,1147.655318049468,33.877061827281715,0.3670518398284912,71.58965301513672,2.268913123031326,4.13671875
02049,1840.725431270204,42.90367619761975,0.21943442523479462,62.03091049194336,3.7915724226637435,3.921875
02050,123.18137759113536,11.098710627416834,0.4101752042770386,71.22400665283203,2.335431306684102,3.60546875
02051,295.3878525905442,17.18685115402307,0.4843699634075165,68.54720306396484,2.3924501734068877,4.89453125
02052,374.6127813145608,19.35491620530972,0.35195192694664,69.32847595214844,1.7798596173055277,3.830078125
02053,614.844447661847,24.79605709910039,0.41045188903808594,56.2369384765625,1.922054294842481,4.8515625
02054,7128.022133761883,84.42761475821689,0.29179197549819946,66.48817443847656,3.794816424033207,3.197265625
02055,552.1294039215937,23.497433985897135,0.31071168184280396,69.67520904541016,4.014522367554892,4.75390625
02056,432.4177308638737,20.794656305500066,0.30712464451789856,68.19447326660156,3.2674744795388695,4.453125
02057,416.971278534222,20.419874596437218,0.4721430242061615,73.19078063964844,2.156586187000634,4.6640625
02058,986.2447167392343,31.404533378785207,0.13909445703029633,56.47195816040039,5.853753385537935,1.7978515625
02059,263.7168420639244,16.23936088840704,0.27516254782676697,69.94557189941406,3.0985535618051516,3.1484375
02060,164.98164780653764,12.844518200638653,0.486750066280365,73.31542205810547,2.500466140873286,4.83984375
02061,168.88698994719434,12.995652732633108,0.42828986048698425,70.77072143554688,2.49888788827759,4.359375
02062,1220.5252890426395,34.93601707468439,0.18680231273174286,55.91437911987305,7.352264877803029,2.935546875
02063,1154.4482949595358,33.97717314550367,0.2144751250743866,57.32320785522461,4.20003044692198,2.69921875
02064,1116.187902586865,33.40939841701531,0.5153263807296753,76.00434112548828,2.3087051489550534,4.2890625
02065,102.79956436957607,10.139012001648686,0.45072200894355774,68.98291015625,3.710306375593299,4.67578125
02066,1360.9428627481223,36.89095909227791,0.2981046140193939,65.64840698242188,3.3417204293790133,4.84765625
02067,2193.9077951030026,46.83916945359944,0.2044837325811386,56.80830764770508,4.323274306068783,2.365234375
02068,149.0215690629124,12.207439087003973,0.26539137959480286,67.37791442871094,1.9344914662393418,3.978515625
02069,768.8106258123324,27.727434533550564,0.17178674042224884,47.04172134399414,5.316231042426341,2.283203125
02070,103.2519357166353,10.161295966393032,0.4312049150466919,71.4187240600586,2.0654277436128554,4.73046875
02071,4456.224636564813,66.75495964020062,0.16975194215774536,62.029754638671875,4.161907305668108,4.23828125
02072,760.6722788984495,27.58028786830278,0.2594076097011566,65.89545440673828,3.4736253597125906,4.05078125
02073,1043.6637101760653,32.30578446928762,0.24675773084163666,64.69193267822266,4.339661870618715,4.2265625
02074,1853.2986322116667,43.04995507792856,0.31126168370246887,74.15092468261719,3.6345331857792207,3.95703125
02075,508.02598702973114,22.539431825796566,0.2321663349866867,63.86684799194336,4.048940803527574,3.912109375
02076,2362.4799179010683,48.60534865527732,0.1868172585964203,67.0611572265625,4.463408800404272,3.857421875
02077,2794.311639925627,52.861248944057564,0.260949969291687,71.51455688476562,3.288819251875594,4.3203125
02078,393.69908509223484,19.84185185642295,0.49544939398765564,70.90155792236328,2.5336523488286464,4.86328125
02079,2250.1588669861703,47.435839478037806,0.19025816023349762,54.020870208740234,6.434471934771085,2.24609375
02080,333.8592779731168,18.271816493526767,0.4887472093105316,73.09994506835938,2.451480106285844,4.73046875
02081,297.1836804119972,17.23901622517936,0.25219598412513733,69.46700286865234,4.368461950701876,4.01171875
02082,146.6476030586434,12.109814328000384,0.45381495356559753,72.55614471435547,2.767642007269067,4.67578125
02083,843.5001471188318,29.043073995684956,0.26946204900741577,64.95092010498047,3.5640507281335956,4.24609375
02084,1383.8594590725224,37.20026154575425,0.2189369946718216,62.471073150634766,4.282483427758174,4.27734375
02085,372.1407655565306,19.290950353897305,0.26433688402175903,62.796260833740234,2.577541833041391,3.845703125
02086,2315.5229415457734,48.11988093860762,0.32047730684280396,69.31525421142578,3.58247623687353,4.3359375
02087,300.40442100501974,17.33217877259001,0.3210703134536743,73.14598846435547,2.954357655178404,4.5390625
02088,2926.8699391613163,54.10055396353457,0.1887000948190689,55.01895523071289,5.95779529236995,3.783203125
02089,465.77072097275294,21.58172191862255,0.37922319769859314,74.0377197265625,3.8554747427802503,4.609375
02090,2919.861058647063,54.035738716585186,0.39984554052352905,73.96778106689453,2.3524150982099377,4.23046875
02091,112.87501729597692,10.624265494422517,0.323158323764801,65.17454528808594,3.365507292955381,4.72265625
02092,230.33726566743533,15.176866134595619,0.5265113711357117,74.0308609008789,1.9809706444220347,4.8515625
02093,1078.6057571328727,32.8421338699676,0.18073627352714539,54.67339324951172,4.198434766057692,2.419921875
02094,935.3555054760125,30.58358228651465,0.2717694938182831,70.23158264160156,3.356362088558193,3.92578125
02095,969.7993912439193,31.141602258777876,0.16170522570610046,60.87519454956055,5.9112133831490015,3.73046875
02096,1159.094924653894,34.0454831755094,0.41345691680908203,73.45053100585938,2.0223282561182003,4.49609375
02097,4421.0132254012415,66.49070029260665,0.2220093458890915,62.91901397705078,2.8479971013186884,3.62109375
02098,726.6231326590499,26.95594800149032,0.28957679867744446,64.59832763671875,3.716869638025514,3.208984375
02099,546.7879099246936,23.383496529062835,0.15519779920578003,47.80897903442383,4.885992764806393,2.353515625
02100,2011.0483242960722,44.844713448700645,0.23337619006633759,65.89335632324219,3.6331281914257767,4.08984375
02101,170.55780797200242,13.059778251256889,0.44724300503730774,75.18727111816406,1.6687113766159283,4.82421875
02102,1315.0831819851321,36.26407563946904,0.3036349415779114,74.28123474121094,3.058709017616391,4.83984375
02103,1818.254264707982,42.6409927734801,0.277317613363266,68.09333038330078,3.2235065465837316,4.390625
02104,1979.03910239162,44.4863923283471,0.2439548522233963,72.67423248291016,3.959177609290559,4.49609375
02105,826.9176131242174,28.75617521723321,0.4179823398590088,55.20761489868164,2.065552206351118,4.01953125
02106,746.5898278422957,27.323795999866046,0.415840208530426,73.61140441894531,2.235220137377511,4.8125
02107,520.0981406510948,22.805660276586924,0.3259725868701935,67.0582275390625,2.3265900544266165,4.3125
02108,435.97055470055506,20.879907918871556,0.17368312180042267,57.8672981262207,5.278556953231023,2.720703125
02109,3300.5414638719762,57.45033911015649,0.254447340965271,71.92059326171875,2.564125520255124,3.66015625
02110,2477.3853451205555,49.77333970230002,0.3561129570007324,73.8492202758789,3.8474524468064883,4.94140625
02111,846.344565137112,29.092001738228877,0.20312197506427765,58.2666130065918,5.3127650112713845,3.939453125
02112,1516.1700931413184,38.93802888104788,0.25272974371910095,63.97426223754883,4.4588473089055185,3.859375
02113,1647.7814877131832,40.59287483922743,0.3086073100566864,71.30419158935547,3.62508156716528,3.876953125
02114,174.86375471286252,13.223605964821491,0.3632843792438507,65.06509399414062,4.1035201951369205,4.16015625
02115,1046.579870173954,32.35088669841917,0.2904285490512848,73.36298370361328,2.317933147175523,4.48046875
02116,391.28250658261214,19.780862129407105,0.35689762234687805,72.4308853149414,3.399239748862223,4.84765625
02117,1127.224943794405,33.57417078342226,0.36448511481285095,61.3825569152832,1.9089618322771875,4.48828125
02118,315.13218994059343,17.751962988373805,0.32564812898635864,70.3847885131836,3.420279737633548,4.73828125
02119,532.7546396821934,23.08147828199471,0.32833626866340637,72.07673645019531,2.0972248527470763,4.3828125
02120,998.243448503596,31.594990876776592,0.2782966196537018,71.41316223144531,3.058429935336579,4.83203125
02121,1668.7545237674226,40.850391965897,0.2842208445072174,70.56533813476562,3.923695468425926,3.072265625
02122,811.7736740634526,28.49164217912777,0.4275379478931427,77.1156234741211,1.4845858833664767,4.80859375
02123,1129.8871271405897,33.61379370348711,0.19107398390769958,51.044647216796875,3.5949421151542875,3.6640625
02124,236.48231983807491,15.37798165683894,0.4482959806919098,75.25786590576172,1.58830023368396,4.55078125
02125,1017.5835502829095,31.899585424937886,0.49408450722694397,69.3064956665039,2.6254970189298277,2.404296875
02126,826.9959080161527,28.757536542898677,0.20110145211219788,60.6020393371582,6.585284462274511,3.666015625
02127,292.75615706581897,17.11011855791242,0.3325435519218445,74.09970092773438,2.7958986979747724,4.93359375
02128,269.8050884906965,16.425744686031635,0.38191935420036316,71.58588409423828,2.7674810726048396,4.46875
02129,1307.2661663518447,36.156135943320116,0.3108512759208679,58.04728317260742,3.205188506960603,4.765625
02130,194.82743500027541,13.958059858027383,0.2921450734138489,64.18366241455078,2.0576149192390383,3.103515625
02131,867.6105550892629,29.455229673001412,0.33053773641586304,75.16332244873047,3.187891768009353,4.875
02132,890.0846909000393,29.834287169296324,0.34300872683525085,73.52195739746094,2.127494626185738,4.4765625
02133,232.3014400801123,15.241438254971618,0.23489594459533691,66.79776763916016,3.3405070616498103,4.0
02134,207.66184193816022,14.410476811617311,0.47443845868110657,75.07821655273438,2.064238324399562,4.77734375
02135,260.86704433829226,16.151379022804594,0.47509002685546875,75.18286895751953,2.239145539812639,4.76171875
02136,163.62215511554706,12.79148760369751,0.19791412353515625,64.36839294433594,3.968446882878579,3.923828125
02137,3974.9960206734017,63.04756950647187,0.2855508029460907,66.52159118652344,3.7822628823240216,4.0
02138,433.92158064590365,20.830784446244543,0.4678909182548523,72.32029724121094,1.9797833360911519,4.5703125
02139,277.81251351071455,16.667708706079384,0.35277679562568665,73.59597778320312,4.136239284544275,4.59375
02140,110.52675053811443,10.51317033715874,0.3470882177352905,66.7259292602539,2.0743073740305125,4.48046875
02141,1379.22751005532,37.13795242141548,0.2569488286972046,68.52674865722656,2.899440735053731,4.3828125
02142,1753.0041936522166,41.86889291170972,0.3474808931350708,64.79303741455078,4.0924908995229305,4.375
02143,358.9364802089002,18.94561902416757,0.28582778573036194,66.22335052490234,3.143550381167923,3.796875
02144,1283.6162131488475,35.82759011081889,0.3209323585033417,65.4085464477539,3.205441546681512,4.80078125
02145,271.5831265617925,16.479779323819614,0.4403291642665863,70.783447265625,2.161543846146467,4.80078125
02146,1429.1434276588595,37.804013380312675,0.359818696975708,70.24115753173828,1.6304200144779903,4.49609375
02147,597.5217998211295,24.444259036042176,0.4486326575279236,75.0014419555664,2.2787595739186925,4.70703125
02148,760.0598949533904,27.569183791933167,0.14848433434963226,46.299190521240234,6.239224655837689,2.05859375
02149,501.18541225901964,22.387170706880752,0.30782172083854675,70.03711700439453,3.25579272959419,3.27734375
02150,612.1436077155207,24.741536082376143,0.2869999408721924,69.59943389892578,3.6286734578299504,3.921875
02151,1582.6938077093344,39.78308444187472,0.3016965687274933,74.42982482910156,3.992297422201293,3.927734375
02152,480.8146297721544,21.927485714786233,0.30675652623176575,73.20796966552734,3.46313210448183,4.25
02153,2914.7227189483942,53.988172028217384,0.2062544971704483,68.71226501464844,3.9164543940574283,3.263671875
02154,4288.106604408929,65.4836361575083,0.2971879541873932,68.6507797241211,3.7527035555800574,3.732421875
02155,317.3279344654989,17.813700751542306,0.36605319380760193,68.78459930419922,2.255279880354284,4.11328125
02156,415.7112174542709,20.38899746074512,0.4422776699066162,74.30945587158203,2.505346287217824,4.65234375
02157,192.0564617586395,13.858443699010344,0.28455933928489685,68.85337829589844,4.158614519972263,4.26171875
02158,910.8077078497818,30.179590915878595,0.21236391365528107,69.0334701538086,3.687298864298038,4.13671875
02159,1022.3944761149658,31.974903848408452,0.21907389163970947,63.501556396484375,3.4884601894226237,4.453125
02160,6583.631423375005,81.13957988167677,0.3620811402797699,69.33051300048828,3.8436905392631946,2.4921875
02161,3438.994153363455,58.64293779615287,0.26866382360458374,59.95166015625,4.535559210276979,3.357421875
02162,718.4033559276826,26.803047511946893,0.3095839023590088,69.61862182617188,4.013976116449073,4.5390625
02163,559.2495840883896,23.64845838714206,0.2880420684814453,66.46072387695312,3.4992095648662813,2.9375
02164,459.2739624765038,21.43067806851906,0.283775269985199,65.45357513427734,2.649056515892865,4.328125
02165,514.4382485909454,22.681231196541017,0.4714714586734772,75.17007446289062,2.124059365941518,4.76953125
02166,1627.0218020050665,40.33635831362403,0.2702428996562958,72.85147094726562,4.896789020204836,4.52734375
02167,105.46757557880022,10.26974077466419,0.4299079477787018,74.17959594726562,2.234909906754201,4.2109375
02168,871.5012442726855,29.521199912481293,0.13429848849773407,57.5155029296875,7.360556020736738,3.20703125
02169,2230.953343063315,47.232968814836475,0.2853097915649414,64.17853546142578,3.349617684659819,2.94140625
02170,459.4271079284708,21.43425081332377,0.1721649467945099,58.633331298828125,4.8786572467373714,3.615234375
02171,1593.5694702205244,39.919537449982116,0.26939478516578674,69.55704498291016,3.543055904036856,4.85546875
02172,1197.2055594131054,34.600658366758076,0.30776140093803406,72.69757080078125,3.3213860459867695,4.30078125
02173,318.7394899647434,17.853276729069748,0.2710660398006439,63.06739807128906,1.5198901352912186,3.591796875
02174,767.1392522042103,27.69727878698935,0.3824752867221832,71.59408569335938,2.122386460067525,4.55078125
02175,152.97041697961643,12.368120996320194,0.3672570288181305,70.56707000732422,2.940255537098219,4.75390625
02176,424.92122155625435,20.613617381630384,0.20026734471321106,54.10947036743164,5.509377725289394,4.01953125
02177,543.854265976982,23.3206832227742,0.2684355676174164,69.01110076904297,4.6624260396114945,3.826171875
02178,1772.6533785885108,42.10289038282895,0.22724799811840057,66.70388793945312,4.680930058021083,4.6328125
02179,1576.28851308125,39.702500086030476,0.2631246745586395,64.01721954345703,3.6891197730127985,3.373046875
02180,615.2143544385643,24.803514961363124,0.3327515125274658,72.46249389648438,3.0380725380760705,3.982421875
02181,888.1161084341162,29.801276959790098,0.28162240982055664,51.94581604003906,3.5091179468342477,3.6953125
02182,328.63019770040313,18.128160350692045,0.2288256734609604,71.46820068359375,3.2301585802292134,3.6953125
02183,733.8215212606842,27.089140282790154,0.21765172481536865,55.22639465332031,4.125090349945594,4.13671875
02184,1718.901246467212,41.45963394034265,0.420362651348114,73.75112915039062,2.13098420012346,4.67578125
02185,580.608837366335,24.095826139942474,0.22019264101982117,67.4560775756836,3.437514257959284,4.00390625
02186,2639.735571120866,51.37835703018214,0.23465624451637268,71.02310180664062,4.052621195651486,3.732421875
02187,214.7883113103236,14.655657996498267,0.24255886673927307,68.66279602050781,2.94677195784079,4.05078125
02188,2827.739205493479,53.176491097979365,0.31230416893959045,70.33489227294922,3.5564160628019037,3.142578125
02189,97.17163071737555,9.85756718046474,0.3859279453754425,68.02108001708984,1.7178154938766927,4.82421875
02190,526.2465639748274,22.940064602673363,0.3008384108543396,63.19314956665039,3.7838368650609455,4.50390625
02191,87.77338897994967,9.368745325813359,0.5145642161369324,74.91239929199219,2.7209907878687423,4.6484375
02192,687.4217846354339,26.218729653349605,0.3261999487876892,72.18451690673828,3.2303949575441453,4.85546875
02193,478.5628538561221,21.87607949007596,0.46107348799705505,76.04650115966797,2.2185081189479416,4.91015625
02194,455.40691917160143,21.340265208558243,0.38044479489326477,73.74795532226562,1.7796983207090165,4.28515625
02195,634.8377310566435,25.195986407692864,0.3788627088069916,68.53386688232422,2.994332097549529,4.34765625
02196,142.75349776858215,11.947949521511301,0.5254765152931213,74.1872787475586,2.35921964012281,4.91015625
02197,632.4349808487975,25.148259996445034,0.21894444525241852,65.6785888671875,4.435092150908743,4.18359375
02198,1277.477724969862,35.741820392501864,0.25569841265678406,71.45987701416016,4.7747375296745505,3.978515625
02199,119.04461032296786,10.910756633843862,0.2451346218585968,72.16085052490234,3.619574990940827,4.8828125
02200,927.1236161427414,30.448704671015832,0.27863752841949463,68.04035186767578,3.6191070148129634,3.82421875
02201,1176.0411356017944,34.293456162973634,0.2828081548213959,72.45724487304688,2.836949153558911,4.2265625
02202,2111.772409460959,45.954024953870565,0.255311518907547,69.96695709228516,2.7462440031150654,4.34765625
02203,102.41635617970884,10.12009664873359,0.4690864384174347,75.83602905273438,2.123409501477788,4.52734375
02204,1056.7270747917596,32.507338783600225,0.12603285908699036,54.68464279174805,7.678490024886882,3.08984375
02205,80.35213784899807,8.963935399644404,0.5287197232246399,72.73177337646484,2.6270072841541676,4.90234375
02206,289.9539187247409,17.02803331934551,0.2549983263015747,71.69599914550781,5.191863872889327,3.873046875
02207,449.66497879475446,21.205305439789225,0.31769222021102905,63.4064826965332,3.0853968394928692,4.09375
02208,208.3562016035201,14.434548888119785,0.2298688292503357,69.30834197998047,4.553402405703302,4.6796875
02209,590.0527005526403,24.29100040246676,0.4904041588306427,72.65849304199219,2.74348731018813,4.8671875
02210,255.61146835962464,15.987853775902025,0.2650313675403595,72.58963012695312,4.108448988961615,4.74609375
02211,476.22987087100176,21.822691650458744,0.47435808181762695,73.14979553222656,1.8850077236452336,4.9140625
02212,580.1684613247977,24.08668639154829,0.4585799276828766,73.55842590332031,2.9090180416707514,3.83984375
02213,394.3723428410906,19.85881020708669,0.20497700572013855,49.66066360473633,4.158949511916587,3.10546875
02214,316.22558785168604,17.782732856669867,0.31799760460853577,72.82550048828125,3.0497015682700876,4.67578125
02215,1802.8544652341998,42.460033740379906,0.35172176361083984,72.47053527832031,2.7156670110421675,4.94140625
02216,1034.633638476531,32.16572148229433,0.49555185437202454,71.12886047363281,2.1938270263614412,4.6171875
02217,316.65424352337686,17.79478135643641,0.4541137218475342,59.33625411987305,2.7122151827767658,4.375
02218,1328.799030212996,36.452695788007176,0.37392517924308777,71.92040252685547,2.7439852732565178,4.75
02219,1221.647584170748,34.95207553451937,0.20296655595302582,57.15583801269531,5.7977105915588885,4.3515625
02220,325.42159412349855,18.039445504878984,0.17782312631607056,57.924137115478516,4.6521233369307895,3.80078125
02221,557.9950213759919,23.621918240820154,0.2129264622926712,47.57573318481445,6.043436137125848,3.36328125
02222,1686.9691562751566,41.072730080616225,0.3016277253627777,66.68168640136719,2.505603712388871,4.04296875
02223,486.01428480204555,22.045731668557647,0.27623626589775085,69.78858184814453,3.5300492998849844,4.859375
02224,334.39251960970654,18.28640258798068,0.3385400176048279,74.59764862060547,2.9020599581628614,4.74609375
02225,2044.8540796022312,45.220062799627236,0.2771281599998474,69.66338348388672,4.279374873893771,3.66015625
02226,81.34803724360309,9.019314677047424,0.49155324697494507,72.32984924316406,2.2568860621330114,4.9375
02227,967.3183745027026,31.10174230654454,0.3933912217617035,75.02918243408203,2.7161638736453653,4.73046875
02228,446.78062624764294,21.137185863961243,0.35078057646751404,69.94384765625,3.251278717175219,3.619140625
02229,132.72260112816056,11.520529550683014,0.36064964532852173,67.702880859375,3.039623030826783,4.08984375
02230,340.6204329074439,18.45590509586143,0.5059157609939575,75.6959228515625,2.225823141380556,4.91796875
02231,378.8995660192469,19.465342689489102,0.4163937270641327,72.89359283447266,1.5040076195907137,4.51953125
02232,958.4463121494252,30.958784087063645,0.24829159677028656,65.88748168945312,3.906794455248567,4.49609375
02233,1265.8887591511213,35.57933050453762,0.3098832666873932,73.80416107177734,4.1886858555973605,4.28515625
02234,189.36421618454213,13.760967123881306,0.2317170649766922,49.155948638916016,3.4127950761673755,3.69140625
02235,488.80753474538886,22.108992169372826,0.2714276909828186,67.89328002929688,2.571235985471752,3.173828125
02236,154.48857985959035,12.429343500748153,0.3894285559654236,72.38233184814453,3.611050324376295,4.7421875
02237,844.9982304657292,29.068853270566578,0.2947944402694702,53.69799041748047,2.3574492774298643,3.55859375
02238,156.79642085765187,12.521837758797702,0.4796013832092285,74.56603240966797,2.5482574210466336,4.828125
02239,1711.634687249673,41.37190698106232,0.24225665628910065,68.80213165283203,4.1134362226210675,4.1328125
02240,6327.522568940184,79.54572627703001,0.34310683608055115,62.86150360107422,3.1993743168300477,2.693359375
02241,131.60703424340014,11.472010906698099,0.4369480609893799,72.75514221191406,1.591192291108432,4.7734375
02242,205.82556345097177,14.346622022307962,0.48459112644195557,73.69231414794922,2.547922498560913,4.7265625
02243,2475.488486114638,49.75428108328607,0.30372124910354614,66.8687973022461,3.8608702005025513,4.01953125
02244,4548.804157484404,67.44482305918227,0.24708198010921478,73.35590362548828,4.530620006335733,4.359375
02245,369.4566446988736,19.221255024031954,0.3786703050136566,70.43202209472656,2.4120458820956574,3.814453125
02246,1001.4091575012997,31.645049494372728,0.3439037501811981,74.0427017211914,4.036107655237712,4.76953125
02247,41.4698428602311,6.4397082899950595,0.4852619469165802,74.17987823486328,1.9221986230805488,4.76171875
02248,1383.7995582577662,37.19945642422435,0.4089282751083374,74.22196960449219,2.377850049379132,4.53125
02249,2908.7395329456804,53.932731554647596,0.2986573576927185,72.55380249023438,3.66423212967943,4.00390625
02250,682.0239681315695,26.11558860396544,0.41966521739959717,70.1773681640625,4.538811191121048,3.591796875
02251,1657.4124545154816,40.71133078782222,0.26776161789894104,68.42371368408203,2.980154469630987,4.0546875
02252,1072.389943826047,32.7473654486288,0.4903063178062439,74.10055541992188,3.6090851902198007,4.72265625
02253,308.5477639079102,17.565527715042045,0.3670768737792969,71.29443359375,3.4403643973226603,4.37890625
02254,412.0134268330908,20.298113873783713,0.2351774275302887,61.22534942626953,3.774277416544068,3.900390625
02255,224.14660594554482,14.97152650685777,0.44974932074546814,74.12800598144531,2.1508954418953126,4.21875
02256,488.5343552989014,22.10281328923767,0.280974805355072,71.90238189697266,3.4269714003569036,4.76171875
02257,1148.443287696491,33.88868967216778,0.2798581123352051,62.254215240478516,4.89238509645604,3.435546875
02258,993.0665348161828,31.51295820477955,0.2659575045108795,69.7956314086914,2.7884307935357,3.958984375
02259,1268.6728543565994,35.61843419293722,0.3287387788295746,73.14476776123047,2.9550137726974985,4.80078125
02260,448.37598948129255,21.174890542368633,0.18758118152618408,59.9525146484375,4.061812096900303,3.923828125
02261,333.6476309347056,18.266023949801053,0.3596115708351135,67.71349334716797,2.020149164206716,4.07421875
02262,1748.7481825144644,41.81803656933769,0.42581525444984436,58.09562683105469,2.188380901541729,4.734375
02263,266.59772715200984,16.32782064918677,0.19294054806232452,51.85932540893555,4.074621110558475,4.078125
02264,281.2752287258067,16.771261989659774,0.48463332653045654,75.45594787597656,1.483603065943824,4.921875
02265,446.59875264807226,21.132883207174366,0.21815355122089386,51.73636245727539,5.469666405981786,3.126953125
02266,142.20948995980834,11.925162051721072,0.4660257399082184,73.4596939086914,1.9381462171769335,4.42578125
02267,153.32187609199917,12.382321110841827,0.4035733938217163,64.00489044189453,2.212664540561153,4.56640625
02268,1194.4200202784593,34.56038223571116,0.22258810698986053,58.585235595703125,5.19265703489284,3.998046875
02269,1024.512345125676,32.00800439149051,0.47148337960243225,73.38164520263672,1.893098753562489,4.8125
02270,1012.8579954146353,31.825430011464658,0.3538329005241394,70.20921325683594,3.2782834275678003,4.94140625
02271,459.6831893888744,21.440223631969754,0.32924097776412964,71.17329406738281,2.236330614810335,4.5
02272,145.25642641580643,12.052237402897706,0.4286237955093384,74.11490631103516,2.109354896941127,4.05859375
02273,258.81681849905107,16.087784760465038,0.20365899801254272,56.72852325439453,4.774858592505371,3.873046875
02274,2534.7781673334875,50.34658049295391,0.21382653713226318,69.89128112792969,3.4784108345757496,4.0390625
02275,375.06587230338795,19.366617471912537,0.48986953496932983,71.80104064941406,2.1720168580301933,4.87109375
02276,394.4268968043685,19.860183705201937,0.46383020281791687,69.99716186523438,1.6660924671317967,4.84375
02277,191.15566811155477,13.825905688653991,0.46519020199775696,74.91539001464844,1.9240155742991227,4.34375
02278,3844.9193379852604,62.007413572775796,0.28272512555122375,72.18521118164062,4.066138876532587,3.927734375
02279,50.86414570922823,7.131910382865746,0.271414577960968,67.4751205444336,2.3837895360906676,4.80078125
02280,1179.4989679009582,34.34383449617934,0.3826295733451843,73.3758773803711,3.4175527081033437,4.71875
02281,734.2969549395588,27.09791421751052,0.4871212840080261,73.05487823486328,3.9502908161039105,4.66796875
02282,557.1912390177614,23.604898623331586,0.2741501033306122,58.92214584350586,5.34621723242014,2.83984375
02283,1496.6731664286983,38.68686038474431,0.3407611846923828,69.13299560546875,1.7576883989613934,4.07421875
02284,1139.7669443267973,33.760434599199066,0.10388325154781342,56.33534622192383,9.19455490754457,2.46484375
02285,695.6370090942243,26.37493145193413,0.4357430636882782,70.49781036376953,2.547093374404013,4.45703125
02286,983.2459391949599,31.356752688933845,0.5350117087364197,72.99160766601562,2.4204217636536485,4.90625
02287,519.1584833057735,22.785049556798718,0.4699757695198059,69.83830261230469,3.2873821541074357,4.45703125
02288,236.65301254805883,15.383530561872291,0.4474527835845947,64.95298767089844,2.0375344318519084,4.30859375
02289,1247.9053314293444,35.325703551795606,0.32559454441070557,71.12727355957031,3.0387469855137708,4.96484375
02290,312.31871749964967,17.67254134242299,0.5561584234237671,74.1285400390625,2.8649432387709743,4.83984375
02291,455.92366291028594,21.3523690233727,0.3408567011356354,63.40481948852539,1.7815274033932293,3.87109375
02292,1587.3890533500012,39.842051319554336,0.18365192413330078,52.506195068359375,5.603333242954831,3.29296875
02293,2099.232893687669,45.817386369015736,0.3536849915981293,74.95580291748047,3.0963787558354166,4.5
02294,1171.1636334138143,34.22226809277571,0.3093101680278778,68.78056335449219,3.057720838486744,3.90234375
02295,232.17100623686687,15.237158732416844,0.4299980103969574,71.68650817871094,1.7976464566190093,4.71484375
02296,1059.2590297549082,32.54625984279773,0.30219221115112305,71.86901092529297,3.202514086428912,3.91796875
02297,2731.706361451775,52.26572836430939,0.30910682678222656,71.5821762084961,3.482149343153004,4.3671875
02298,987.4125414907403,31.423121129046688,0.2390609085559845,67.23485565185547,3.7875255255473936,4.3125
02299,552.2045798748055,23.49903359448651,0.33572083711624146,64.1265869140625,4.174520988372917,3.76171875
02300,463.68032016218933,21.53323756805254,0.23542235791683197,66.24703979492188,4.312487839399245,3.052734375
02301,1370.8311836645057,37.024737455713385,0.30165114998817444,68.21707153320312,4.63617167716548,4.10546875
02302,1114.1996205250382,33.37962882545338,0.17497770488262177,57.375038146972656,7.109967291480497,3.01953125
02303,782.5645423618757,27.97435508393135,0.18258270621299744,61.19892883300781,5.356456581131603,3.099609375
02304,1235.1467666006947,35.14465487952179,0.30310723185539246,75.25181579589844,2.4737329325522794,3.923828125
02305,1832.3717003729273,42.806211002294134,0.28047484159469604,68.54329681396484,3.54231076374369,3.50390625
02306,1342.49291734277,36.640045269387564,0.493466317653656,75.00391387939453,1.8863612887254415,4.2578125
02307,811.6392307115713,28.489282734241858,0.12112380564212799,56.17434310913086,7.9522261797631595,2.11328125
02308,2421.3888118112445,49.2076092877031,0.25087669491767883,69.44595336914062,4.566703668581121,4.546875
02309,221.32144161818312,14.876876070539241,0.24831238389015198,70.8717269897461,3.149852215720177,4.3984375
02310,2015.4686107988402,44.893970762217506,0.41728290915489197,72.87217712402344,2.1941995363052436,4.6015625
02311,112.87746275582103,10.624380582218476,0.39579248428344727,69.90084075927734,2.62772211542528,4.5546875
02312,745.0376317816434,27.295377480109035,0.2689146101474762,73.98202514648438,3.9261880200154415,3.697265625
02313,2036.459665072336,45.12714997728458,0.31062838435173035,72.35260009765625,3.980832967434192,4.3828125
02314,363.62294037772904,19.068899820853037,0.29316210746765137,61.90561294555664,4.068210594373217,3.943359375
02315,551.1222608161244,23.47599328710341,0.30117931962013245,71.30007934570312,3.372694979721995,4.16015625
02316,765.0385033008713,27.659329408011164,0.24855469167232513,58.39326477050781,5.136071504600933,2.828125
02317,298.35850534432444,17.273057208969245,0.28559064865112305,71.0785140991211,4.845899904924244,4.4375
02318,371.22202256484934,19.267122840861564,0.25127503275871277,70.0605239868164,3.5098527460385074,4.62890625
02319,283.0784797793072,16.824936248892808,0.27088138461112976,71.0502700805664,4.454132810039332,4.44140625
02320,571.8640200915754,23.913678514431346,0.22790062427520752,64.68940734863281,3.3681008980567664,4.0078125
02321,327.0838247520718,18.085458931198616,0.45451101660728455,72.35553741455078,2.0847838684561952,4.90625
02322,588.2443410178199,24.253749009541185,0.4652642607688904,73.7339096069336,2.1196137594441837,4.84765625
02323,394.21394712368755,19.854821760058375,0.261781245470047,68.85919952392578,3.405698231815364,4.13671875
02324,829.4414498808618,28.80002517153174,0.18777698278427124,52.613441467285156,3.788602723644817,3.548828125
02325,512.62306789874,22.64118079735993,0.14981882274150848,58.38936233520508,5.590618835475723,4.1875
02326,225.03538352149505,15.001179404350014,0.42513248324394226,74.54704284667969,1.8981589022534302,4.4296875
02327,502.82601570964573,22.423782368495413,0.23333071172237396,68.37913513183594,5.451711735096099,4.4921875
02328,465.32306358875115,21.571348209807173,0.3953211009502411,69.15817260742188,3.6670015891113374,4.35546875
02329,1063.4744992564629,32.61095673629437,0.23777098953723907,65.6780776977539,4.365229962450916,3.947265625
02330,256.46649276031405,16.01457126370588,0.27280813455581665,65.43341064453125,3.391893593723095,4.234375
02331,790.798266875791,28.121135590082257,0.24618951976299286,68.23511505126953,3.577552926222922,4.24609375
02332,619.0203881664805,24.880120340675216,0.4381120204925537,66.45702362060547,1.9740291886872856,4.90234375
02333,2457.2782512690646,49.57094160159826,0.17016205191612244,60.5384635925293,5.527467362413902,3.208984375
02334,1083.612249345297,32.91826619591768,0.5052840113639832,73.6123046875,2.181568126690337,4.765625
02335,4196.943186480325,64.78381886304885,0.2916789948940277,64.97708892822266,3.033041804599103,4.6875
02336,362.9937064147427,19.052393718762552,0.31334543228149414,65.73710632324219,3.239786440630249,3.68359375
02337,988.9970586687132,31.44832362255122,0.2763443887233734,61.507694244384766,3.210689073279578,2.83984375
02338,540.8693727630804,23.256598477917624,0.26329463720321655,70.90817260742188,3.4340908997209088,4.62109375
02339,2542.8706861829546,50.42688455757459,0.25012385845184326,66.86503601074219,4.174321454850558,4.08984375
02340,481.51948742103326,21.943552297224652,0.37755346298217773,65.65373229980469,4.070224265112897,4.18359375
02341,3467.269240185458,58.88352265435092,0.22222474217414856,60.81602478027344,5.838743157279412,2.884765625
02342,151.75983216229702,12.31908406344794,0.47993308305740356,75.69265747070312,2.112041643203258,4.66015625
02343,1815.8367453457845,42.6126359821331,0.3571893572807312,66.78629302978516,2.351660578078284,3.669921875
02344,2536.7916874269854,50.36657311577775,0.2833215594291687,69.18199157714844,4.692885649922807,3.875
02345,1101.8208135707473,33.193686351032895,0.2276090383529663,65.69405364990234,3.4714417551844643,3.994140625
02346,284.92769332575546,16.87980134141855,0.18460242450237274,52.173667907714844,2.3967375752037174,3.19140625
02347,176.5913402311837,13.28876744589895,0.4763045012950897,71.71448516845703,2.651193991580932,4.82421875
02348,4851.442823865164,69.65229948727583,0.28369656205177307,75.7837905883789,4.192473655129814,3.58203125
02349,298.23643451795476,17.269523285775865,0.4332023859024048,75.87771606445312,1.8758732843050019,4.234375
02350,1540.3409730482153,39.24717789915876,0.23561878502368927,60.84950637817383,4.443450526296672,4.1484375
02351,844.4005836864949,29.05857160437338,0.2535937428474426,67.20838928222656,2.6868358353101462,4.19140625
02352,563.9392581396244,23.747405292781448,0.39002725481987,72.2035140991211,3.2091227217354223,3.884765625
02353,829.0760532015397,28.79368078592141,0.13572995364665985,53.33271026611328,4.96996116683157,3.685546875
02354,329.7747852134113,18.15970223361086,0.22992289066314697,73.1587905883789,3.846065922873145,4.84375
02355,107.44104979350479,10.36537745542847,0.30834972858428955,72.6722412109375,4.2676444314728235,4.5390625
02356,2793.03209263433,52.84914467268444,0.17414027452468872,59.64143753051758,5.805424046605721,3.607421875
02357,1400.0162740025837,37.416791337614505,0.31389155983924866,70.79395294189453,3.1017027528835044,4.6484375
02358,555.2701265285547,23.56417039763027,0.27413609623908997,69.34700012207031,4.8151595501783,3.931640625
02359,1374.799697322911,37.07829145636178,0.16210366785526276,63.6927490234375,6.017316495955372,3.826171875
02360,1625.6519234582267,40.319374045962405,0.19176194071769714,64.6187744140625,5.632265954986369,4.0390625
02361,1796.9293141914088,42.390203044941984,0.3455073833465576,72.6875228881836,3.3596300175162903,3.755859375
02362,1675.801830644378,40.93655860773323,0.33014798164367676,67.79218292236328,3.055096764989434,4.12109375
02363,874.8459836032513,29.5777954486681,0.058763932436704636,52.64781951904297,6.535231775191983,2.845703125
02364,500.9077262417477,22.380967946935353,0.475066602230072,72.04695892333984,2.9831751304929095,4.90625
02365,389.747961099225,19.742035383901655,0.44464361667633057,75.12982940673828,2.2244394543804655,4.0078125
02366,2493.442520108432,49.934382144054126,0.32154861092567444,74.45612335205078,3.780500891944047,3.728515625
02367,404.57453121059405,20.114038162701046,0.3291374444961548,71.82306671142578,2.996100288563073,4.32421875
02368,60.811968589234,7.798202907672639,0.320431649684906,69.02591705322266,3.3896940798658353,4.8359375
02369,107.5867329851203,10.372402469299015,0.40488824248313904,71.16259002685547,1.5380269711995842,4.3515625
02370,28.855075547521253,5.371692056281824,0.29033735394477844,65.83248138427734,3.129783434579972,4.2890625
02371,459.84207358213337,21.443928594875832,0.32130223512649536,74.01532745361328,2.479921552179794,4.8515625
02372,644.531992050308,25.387634628895775,0.3073914051055908,72.43380737304688,2.599997861200425,4.625
02373,145.11119370794756,12.046210761394953,0.22015498578548431,66.64134979248047,2.6968914874827,4.07421875
02374,746.5870615862603,27.323745379911962,0.2965533137321472,73.38911437988281,3.8586100754933117,4.39453125
02375,3185.1644125757766,56.437260852877834,0.4120289087295532,69.70723724365234,2.320885178818376,4.09375
02376,672.4304727451911,25.931264387707575,0.33195239305496216,73.48295593261719,2.8080668497946477,3.650390625
02377,1080.9139323602521,32.87725554787462,0.28708258271217346,70.8876953125,3.2074566146373282,4.40625
02378,1648.139040093992,40.59727872769297,0.36458688974380493,74.25740814208984,3.088500595420593,4.05859375
02379,6551.790633902661,80.94313209842241,0.2432039976119995,65.84378814697266,3.4314282996716647,3.697265625
02380,166.92565552545662,12.919971189033536,0.49396079778671265,74.81342315673828,2.6463621612078723,4.8125
02381,1614.7273037546508,40.183669615338154,0.2278873771429062,56.03096389770508,3.309113718629849,3.0703125
02382,3660.703995279602,60.503751910766674,0.3031507432460785,71.27681732177734,3.0385807873125197,4.5
02383,28.840471167184916,5.370332500617156,0.44090893864631653,73.50310516357422,2.7995334631374247,4.42578125
02384,1174.723967794438,34.27424642197751,0.07551129907369614,51.58858871459961,6.086721709489303,2.259765625
02385,323.2708022526538,17.979733097369767,0.4470868706703186,73.0527114868164,2.832656016165477,4.890625
02386,1012.2534954651857,31.81593147253724,0.2838468849658966,64.1021728515625,4.012187300577757,4.515625
02387,5007.322108128552,70.76243430047154,0.28733617067337036,73.67538452148438,3.710367666253479,4.1953125
02388,616.445040290949,24.82831126538712,0.3937673270702362,72.00948333740234,3.875716445052297,3.994140625
02389,705.4156335755108,26.55966177449387,0.31989404559135437,71.41316986083984,2.7020538457696763,4.06640625
02390,226.48878509052125,15.049544348269194,0.27938327193260193,63.35990905761719,4.225212311918212,4.51171875
02391,915.5747225749577,30.25846530435669,0.13540494441986084,59.156925201416016,6.612229346069998,3.5625
02392,338.9648581957448,18.410998294382214,0.4130541682243347,71.71083068847656,2.56020247555009,4.44921875
02393,266.0236125325045,16.310230302865268,0.21081991493701935,67.03824615478516,3.616519884600754,4.08203125
02394,923.9446660960598,30.396458117617254,0.19922417402267456,61.550350189208984,4.573154220778557,3.5625
02395,1493.0280201495507,38.639720756619745,0.2946327328681946,66.2371826171875,3.498724539801963,3.900390625
02396,2196.498017380169,46.866811470166915,0.28865155577659607,66.38716125488281,3.160084912358216,3.0
02397,1080.131544578358,32.86535477639573,0.25749513506889343,65.68572998046875,3.89262002081116,4.0
02398,3557.627242889646,59.64584849668622,0.4719678461551666,74.42182922363281,2.256130091555905,3.650390625
02399,1211.9437862732486,34.81298301314107,0.14783073961734772,59.296974182128906,6.550260772785731,3.02734375
02400,255.0915952841991,15.971587124772512,0.4168042242527008,70.58480834960938,2.5021580032284985,4.2421875
02401,2127.5761646270694,46.12565625145153,0.2875039875507355,69.75398254394531,4.114701491602398,3.537109375
02402,1038.5979385412797,32.22728562167903,0.19985325634479523,63.58753204345703,4.426124672777418,4.2421875
02403,775.6797714583045,27.851028193916008,0.140965536236763,56.47263717651367,5.738456043889837,3.185546875
02404,773.4385288190258,27.810762823393137,0.23149096965789795,65.05787658691406,4.944230147098244,4.07421875
02405,1118.536918010577,33.444534949832644,0.33826008439064026,73.07146453857422,2.6428703825316244,3.11328125
02406,300.51454194344115,17.335355258645297,0.42602548003196716,75.50218963623047,3.3863961198362063,4.90234375
02407,106.13791294424142,10.30232560853332,0.5330104231834412,77.09569549560547,2.020512294663726,4.890625
02408,345.4122908564499,18.5852708039579,0.23031549155712128,64.29265594482422,3.407627517096599,3.81640625
02409,2288.2704973505124,47.8358704044414,0.30677491426467896,68.648193359375,3.136050290034551,3.791015625
02410,255.51672152827027,15.984890413395716,0.440483033657074,76.15706634521484,1.9004248775266062,4.94921875
02411,159.298630994886,12.621356147216748,0.3233785629272461,62.1395149230957,4.076923320962334,4.4765625
02412,383.48335017639084,19.58273091722375,0.24977228045463562,53.422706604003906,5.060408711624545,2.94921875
02413,527.0882824466834,22.95840330786711,0.30188673734664917,65.45213317871094,4.483027811401157,4.02734375
02414,149.32092944745486,12.219694327087517,0.3853122293949127,74.17149353027344,1.7346312248256717,4.26171875
02415,331.71050541814293,18.212921386151727,0.4430878758430481,74.10795593261719,2.038154860459384,4.5078125
02416,2457.8089680086796,49.576294415866535,0.27092671394348145,67.29051208496094,3.1318198849337837,4.89453125
02417,132.0868678138307,11.492905107666674,0.3252999782562256,66.48595428466797,2.4141823160127602,3.986328125
02418,155.04333732445716,12.451639945182206,0.37749001383781433,73.5398941040039,2.3452920051590445,4.65625
02419,2227.578588355861,47.197230727616436,0.31299105286598206,72.39287567138672,3.2097618045602587,4.88671875
02420,697.6640337236208,26.413330606412,0.3311951160430908,73.70991516113281,2.8956912726306308,4.69921875
02421,1177.7485999414716,34.318342033692005,0.22272902727127075,69.5671615600586,3.537510984295892,4.3359375
02422,3050.5279121093076,55.231584370804605,0.4499801695346832,71.78414154052734,1.8104118454292975,4.4140625
02423,167.692129353771,12.949599582758188,0.22896245121955872,65.30016326904297,3.6366204135260354,3.5234375
02424,483.62291377104566,21.991428188524857,0.2835009694099426,64.56118774414062,3.4293074149895846,4.5625
02425,815.2183148263712,28.552028208629437,0.4803197979927063,74.76959228515625,1.4567892733207126,4.5234375
02426,969.7746581201981,31.141205148808837,0.449879914522171,74.23851013183594,2.1466696220862342,4.57421875
02427,137.32441687887885,11.718550118460852,0.3326282501220703,70.82698059082031,3.3644669239702556,4.9609375
02428,4108.360109104885,64.09649061457955,0.12029452621936798,58.96410369873047,8.20470963131701,2.9921875
02429,853.6368187821271,29.21706382890189,0.3688696622848511,75.36103057861328,3.8549627953602688,4.7890625
02430,182.94164548484224,13.525592241556089,0.40528202056884766,70.72560119628906,3.929272269281588,3.861328125
02431,767.6982753375137,27.70736861084996,0.41124311089515686,73.68186950683594,1.7644766242203658,3.119140625
02432,821.8046964941894,28.667136175317363,0.40822625160217285,73.6541976928711,2.390683648384275,4.52734375
02433,541.6711682656702,23.27383011594074,0.3895111083984375,71.8863525390625,1.768911152231772,3.771484375
02434,1757.8729804540576,41.9269958434188,0.30654579401016235,65.82743072509766,4.154202996414814,3.263671875
02435,425.6582095824166,20.63148587917062,0.45516347885131836,70.74089813232422,2.539897975575816,4.65234375
02436,1068.8480620112693,32.69324184003889,0.1695077270269394,50.0367546081543,6.146589297334604,1.841796875
02437,492.37809605229995,22.18959431923666,0.3225996792316437,74.15191650390625,3.1466603875363517,3.978515625
02438,2816.808540860731,53.073614356483496,0.23108816146850586,59.44123458862305,4.4533155477501865,2.51171875
02439,1011.900625545659,31.810385498224615,0.3544605076313019,67.7958984375,2.7844209648487626,4.55859375
02440,1865.3540101700657,43.18974427071855,0.31833773851394653,68.58643341064453,2.9099513237802497,2.64453125
02441,2152.362713096179,46.39356327224908,0.34484127163887024,70.3104476928711,2.808820464944509,4.8515625
02442,25.82327687707276,5.0816608384535815,0.5118081569671631,75.72093200683594,3.2895857756164064,4.84375
02443,1023.148329618596,31.986689882177494,0.3230482339859009,57.97679138183594,3.0340179525488287,4.0625
02444,203.3888043978993,14.26144468130418,0.44822031259536743,73.58682250976562,2.123610881373327,4.4375
02445,251.17238011024617,15.84841885205733,0.5014455914497375,72.81378936767578,2.3779337852216376,4.65234375
02446,1067.8344211807587,32.67773586374611,0.29569676518440247,70.78543853759766,3.1101392444512386,4.66796875
02447,432.93023383922844,20.80697560529229,0.5057142972946167,74.69633483886719,2.262638964763384,4.30859375
02448,2689.581028525971,51.86117072074223,0.2649722993373871,71.57686614990234,3.9058764229939866,4.2421875
02449,1150.8365901497873,33.923982521953214,0.2575135827064514,68.4780044555664,4.947351387768978,4.1796875
02450,477.05553985620475,21.841601128493412,0.28999823331832886,70.76409912109375,3.176491473338576,4.01953125
02451,956.8764134779277,30.933419039574783,0.32778534293174744,68.84086608886719,2.3637556737139307,4.37109375
02452,841.3250310096757,29.005603441571004,0.2562587261199951,69.83358764648438,2.522994389210336,4.12109375
02453,541.5930342618832,23.272151474710782,0.2142898142337799,65.18651580810547,4.938192333384834,3.697265625
02454,719.019557165508,26.81454003270442,0.4447680711746216,74.87574768066406,2.4129885688165547,4.7578125
02455,1342.9205369517147,36.64588021799606,0.3876653015613556,69.2716064453125,2.9516787268242592,4.23046875
02456,155.69769647615158,12.477888301958451,0.2869541645050049,71.27522277832031,3.896540740219851,4.7578125
02457,839.6760423366838,28.977164152771813,0.0640767440199852,57.366859436035156,6.323394417597104,2.3359375
02458,831.492284226255,28.835607921912363,0.2547619938850403,63.79905319213867,3.580072806125292,4.140625
02459,2142.5932054076557,46.28815405055224,0.2781246304512024,75.40325927734375,3.9599781058448222,3.44140625
02460,631.283418645818,25.125354099909078,0.27252933382987976,71.14488983154297,3.023730902857976,4.66796875
02461,434.13084330418735,20.835806759139118,0.35081133246421814,74.2254409790039,2.5245560790914046,4.60546875
02462,1385.6045056349576,37.22370891830847,0.36093470454216003,70.9239501953125,1.7880067194618894,4.3671875
02463,864.6876765041309,29.405572201610546,0.2837209105491638,73.08395385742188,2.7861323415556614,4.73828125
02464,60.1264767068124,7.754126430927754,0.4992035925388336,75.84420013427734,2.563864088386345,4.6796875
02465,476.4054380984605,21.826713863943432,0.4470648467540741,68.33853912353516,2.6531887190881376,4.40625
02466,145.27964824904564,12.05320074706489,0.37018561363220215,70.45829772949219,2.4797024332640047,4.33984375
02467,367.7367339819849,19.176463020640302,0.36303943395614624,72.20587921142578,2.6721928843683074,4.26953125
02468,1398.2320173509959,37.39294074221758,0.3951220214366913,70.14078521728516,1.8217385284357388,4.08984375
02469,1986.1269350357873,44.5659840577518,0.22022071480751038,59.473384857177734,5.235147604352507,3.951171875
02470,1870.4063094596668,43.248194291318875,0.20703867077827454,59.86768341064453,6.49572534635969,3.697265625
02471,426.64407459907795,20.65536430564898,0.3091317415237427,70.88595581054688,4.086641653435514,4.21875
02472,814.3913565265611,28.537542930787875,0.1581808179616928,63.09202194213867,5.8304104050959715,3.798828125
02473,360.9906980315919,18.99975520978078,0.3811969757080078,72.89221954345703,3.2933017021034776,4.83203125
02474,2111.4737591279772,45.95077539202116,0.38923192024230957,62.80601119995117,4.263346290633696,3.15234375
02475,555.9239872896494,23.578040361523886,0.4144352078437805,71.10159301757812,2.3335560302658958,4.65234375
02476,199.60285645868876,14.128087501806066,0.47027388215065,75.32437133789062,1.5332780719931367,4.59375
02477,132.18466879102718,11.497159161768057,0.391606867313385,72.73643493652344,2.2712353369081297,3.849609375
02478,4400.901829950339,66.33929325784484,0.2806306779384613,68.520751953125,4.175280092884119,3.826171875
02479,1227.9988280479554,35.04281421415745,0.2745031714439392,69.64738464355469,3.22035826677341,4.07421875
02480,1228.2528017247348,35.04643778937789,0.31018146872520447,69.59760284423828,3.4567099154314724,3.72265625
02481,434.64893470311426,20.84823576955888,0.39225414395332336,68.91536712646484,2.4696302428245915,4.13671875
02482,291.01203783313713,17.059074940721057,0.41425979137420654,73.36419677734375,2.8866785178484844,4.734375
02483,2246.0607945942556,47.392623841630204,0.3415229618549347,71.85363006591797,3.0016533481625474,3.9140625
02484,323.825494079668,17.99515196044946,0.2339334487915039,62.01210403442383,3.1368488457363193,3.97265625
02485,133.4055139360958,11.550130472687128,0.4835022985935211,72.23213958740234,1.7749024946718566,4.90625
02486,1020.4270264980731,31.94412350492768,0.3297669291496277,74.17106628417969,2.5408348612221947,4.4375
02487,478.53782256717,21.87550736707997,0.30423206090927124,71.81443786621094,3.3968010868522915,4.8046875
02488,4939.208245697152,70.2795008924875,0.28015780448913574,67.0439682006836,3.7932096820204455,4.046875
02489,886.3970714633908,29.772421323489812,0.40468838810920715,73.09408569335938,3.3463940999153388,3.8125
02490,2910.4012834176115,53.9481351245584,0.21468427777290344,60.201690673828125,4.404560431455464,3.986328125
02491,2068.008938838123,45.47536628591487,0.2844996452331543,71.84613800048828,3.536908227340872,3.8359375
02492,234.92125513656873,15.327141127312972,0.4102892577648163,73.70447540283203,4.805007371713344,4.22265625
02493,1531.4131519922169,39.13327423040675,0.4189057946205139,73.038330078125,2.9714543287386905,4.9453125
02494,416.3677900609575,20.405092258084927,0.40078482031822205,69.83788299560547,3.0200534900529346,4.26171875
02495,1016.409335452967,31.881175252066335,0.4176281690597534,71.0613784790039,2.298017825180533,3.619140625
02496,538.1755031118101,23.19860993921425,0.4745827913284302,72.45256805419922,2.575837492748091,4.859375
02497,168.64826337612482,12.986464621910184,0.28313857316970825,71.74908447265625,2.6750767081340014,4.4296875
02498,1168.5742103616926,34.184414728962274,0.28544098138809204,70.94889831542969,3.0889276413248323,3.5078125
02499,450.1191595003334,21.216011866049033,0.13907325267791748,52.396522521972656,3.567682555999028,3.0234375
02500,378.8194476177962,19.463284605065923,0.42411449551582336,72.02300262451172,3.434240853267879,4.25
02501,76.52400927306218,8.747800253381543,0.461959570646286,71.7647933959961,2.959478707746988,4.4453125
02502,168.8730436663629,12.99511614670538,0.5110578536987305,71.18244171142578,2.153672534170453,4.93359375
02503,1784.823117561134,42.247166976746904,0.2775385081768036,67.16242980957031,3.4300658948305154,4.53125
02504,472.2820146452179,21.732050401313217,0.40781351923942566,70.5557861328125,1.6997742277809078,4.69140625
02505,921.3996008859585,30.354564745453995,0.20746831595897675,71.40251922607422,3.50899978184303,4.55078125
02506,652.5623831751022,25.545300608430942,0.2605689764022827,64.92340087890625,3.84482252659456,4.0546875
02507,849.7944334509145,29.151233823818067,0.2870301604270935,71.3155517578125,2.4800432211182803,4.12890625
02508,585.1824410708958,24.190544455859108,0.3183210492134094,69.17475891113281,3.4915721807206586,4.25
02509,638.3736232366816,25.26605674094558,0.30745646357536316,71.58393096923828,4.06611854923746,4.7109375
02510,298.60795817591026,17.280276565376788,0.2773374915122986,71.63835144042969,1.812913976008647,4.82421875
02511,201.67000010988244,14.201056302609409,0.24809212982654572,60.65669631958008,3.8920000866571356,4.03125
02512,1303.675868248099,36.10645189226018,0.3274171054363251,70.81182861328125,3.706914467334978,4.1796875
02513,1711.6519296148133,41.37211536306565,0.2825898230075836,71.91289520263672,3.7797996591771614,4.30859375
02514,2772.961079344867,52.65891262972363,0.22633807361125946,67.42098236083984,3.8199612594442267,3.931640625
02515,182.7065459778402,13.516898533977393,0.350003719329834,73.01518249511719,4.169158447216647,4.14453125
02516,1266.3467063230544,35.58576550143406,0.34962067008018494,73.53080749511719,3.33406388878384,4.02734375
02517,452.02330954194497,21.260839812715417,0.2591218948364258,69.67731475830078,3.7428149509926256,4.09765625
02518,797.3307971877848,28.237046537975335,0.290806382894516,71.05667114257812,3.4337150448325864,4.57421875
02519,1149.1507296377185,33.89912579459415,0.48053810000419617,74.5301742553711,1.587982368754838,4.54296875
02520,963.9064978610841,31.04684360544698,0.35796475410461426,73.1411361694336,2.9853431878129797,4.09375
02521,203.35297446550783,14.260188444249529,0.3238429129123688,73.41908264160156,4.0820499496309415,4.7109375
02522,500.04859083475105,22.36176627269749,0.4033381938934326,58.87006759643555,3.974461374505491,4.01953125
02523,1924.89748131798,43.87365361259511,0.2560766637325287,63.48709487915039,3.7878988580486386,4.0234375
02524,1214.7749035913907,34.85362109726034,0.285057932138443,60.20219039916992,5.75905395755291,3.525390625
02525,619.6907302573236,24.893588135448123,0.26839545369148254,66.1660385131836,4.390639897674093,3.36328125
02526,2066.74054117681,45.46141816064266,0.20857828855514526,51.62498474121094,5.0755377843161265,2.91796875
02527,783.6005326857496,27.99286574621737,0.26097509264945984,60.54336166381836,2.8141344436756466,3.771484375
02528,718.9049067708313,26.812402107435865,0.128347709774971,58.38344192504883,6.00643355734389,3.2890625
02529,123.94268972371542,11.132955120888408,0.2660464942455292,69.81810760498047,2.767988695667133,4.8671875
02530,957.5423863056394,30.944181784394292,0.3704935312271118,72.38162231445312,3.51883452298914,3.546875
02531,399.01833131302106,19.975443206923373,0.15044350922107697,54.570133209228516,6.005664384048889,2.6171875
02532,124.56304058907465,11.160781361046128,0.4633365571498871,76.22652435302734,2.212760858021682,4.875
02533,1313.1445245783011,36.237336057970666,0.2555050253868103,73.02735137939453,3.1395094927763942,3.466796875
02534,1390.7352365004713,37.29256275050658,0.326858788728714,67.49066925048828,2.672919908731419,3.9296875
02535,1164.0702486253958,34.11847371476919,0.34469062089920044,67.75099182128906,2.4660573073431435,3.42578125
02536,748.0715936527396,27.35089749263705,0.3830565810203552,69.97915649414062,3.867625466408578,3.548828125
02537,748.2419282694332,27.354011191586384,0.24558061361312866,69.60294342041016,4.213731692570068,3.96875
02538,212.6327961687935,14.581933896736519,0.3405221104621887,73.06886291503906,2.8069452063190807,4.29296875
02539,601.8549106658768,24.532731414701395,0.3768634796142578,74.72547149658203,2.357550999314289,4.59765625
02540,400.12478071026186,20.00311927450971,0.29514217376708984,70.55235290527344,3.5858748254314916,4.4765625
02541,612.471387490758,24.748159274797754,0.13557825982570648,55.3083610534668,6.418420781526447,3.203125
02542,1466.2002006260407,38.290993727324974,0.26005756855010986,64.12369537353516,3.2477728168044173,3.80078125
02543,67.15853528865655,8.19503113408708,0.4374206066131592,75.65277862548828,2.7318963665180425,4.94921875
02544,316.12230235147354,17.779828524242678,0.27017736434936523,62.164737701416016,2.996580495004014,4.2421875
02545,2879.2933109557844,53.659046869617285,0.20590226352214813,58.181373596191406,5.255184279955421,3.294921875
02546,1672.5090416817366,40.896320637457556,0.18060095608234406,57.093841552734375,4.597413896301921,2.0078125
02547,431.3956353766219,20.770065849116172,0.1285076141357422,51.60220718383789,5.875256167968212,2.787109375
02548,521.9536641178488,22.846305261854678,0.338439404964447,67.30317687988281,1.6082620436085187,4.0859375
02549,1387.4694368725338,37.24875080955781,0.29510995745658875,64.09053039550781,3.7444692923493617,4.546875
02550,956.4689990382984,30.926832993992424,0.29747527837753296,70.9264907836914,4.262314205025223,4.75390625
02551,198.52221670952719,14.089791223063854,0.32240036129951477,72.46410369873047,3.1051549723676466,4.76953125
02552,1892.657034996456,43.50467831160755,0.189863920211792,64.08270263671875,4.382242018165046,3.912109375
02553,203.46049298792428,14.263957830417345,0.33324748277664185,67.94914245605469,3.1237621148044976,4.73046875
02554,366.6792345657395,19.14887032087636,0.3718993663787842,71.07927703857422,2.102878886674827,3.962890625
02555,781.6619869310325,27.958218593662803,0.30480003356933594,74.03446197509766,3.328931652984287,3.939453125
02556,972.6848972536171,31.187896646834282,0.23300760984420776,60.44121551513672,6.607997923836474,3.1953125
02557,1788.2984670919348,42.28827812871948,0.2828080952167511,68.19282531738281,3.8651320453507263,3.8359375
02558,912.0994365890272,30.200984033455388,0.3146619200706482,67.46517181396484,3.5038318239277015,4.8515625
02559,2223.3471527415486,47.152382259452686,0.24423198401927948,70.75758361816406,4.587208733933128,3.986328125
02560,1417.4698044536767,37.64930018544404,0.2261679768562317,57.3337516784668,4.051694062663597,4.0234375
02561,1494.700305218416,38.661354156552974,0.3477436602115631,66.90896606445312,2.8084636364596562,4.72265625
02562,506.7265170968596,22.510586778155286,0.3510010242462158,69.26576232910156,2.217632027068469,4.1171875
02563,418.184404771736,20.44955756909513,0.35471588373184204,68.63790893554688,3.395431674796628,4.62890625
02564,2847.494993785934,53.36192456973356,0.3179134726524353,66.16667175292969,3.780838338549765,4.55078125
02565,979.3698572229315,31.294885480265485,0.37986719608306885,75.11689758300781,4.596690224876829,4.4453125
02566,1698.347954208294,41.21101738865826,0.3346421420574188,71.73870086669922,2.8733239037749874,3.78515625
02567,471.0719496367928,21.70419198304311,0.3411492109298706,72.59590148925781,3.6274469463459074,4.7421875
02568,716.6476867821672,26.770276180535888,0.30412498116493225,66.89811706542969,3.2338935869581285,4.6875
02569,2020.268802244141,44.94740039472963,0.2728561758995056,72.17182159423828,4.816652433569288,4.34765625
02570,1148.1391004038699,33.88420133932435,0.33147427439689636,70.67992401123047,2.7896075416037522,4.5703125
02571,170.31507552346997,13.050481811928247,0.3112870454788208,71.58206939697266,3.160482272394954,3.583984375
02572,55.65499374211498,7.4602274591405715,0.49130499362945557,75.54317474365234,2.479115733585964,4.32421875
02573,384.3479594734772,19.604794298167917,0.48012208938598633,76.78253173828125,1.6332166092594187,4.76953125
02574,1099.3554398407118,33.156529369653754,0.09944435209035873,55.600772857666016,7.575560808128723,2.666015625
02575,475.4256043724331,21.804256565460634,0.13162861764431,57.972042083740234,6.518301630117504,2.556640625
02576,193.79006517223033,13.92085001615312,0.331884503364563,69.26679229736328,3.4354287374369545,4.66796875
02577,3648.566655453369,60.40336625928533,0.4160413444042206,72.55278015136719,2.4542628875599495,4.61328125
02578,263.80759013628665,16.242154725783358,0.4311425983905792,77.07858276367188,1.6702583406214289,4.28125
02579,577.5334618293384,24.031925886814367,0.36963722109794617,74.32617950439453,2.5862945595419213,4.7421875
02580,1845.6773342842787,42.96134697939857,0.15601138770580292,63.70084762573242,3.5101977219618483,3.5625
02581,145.9493392258781,12.080949433959159,0.4272972643375397,72.97418212890625,2.0008403990844745,4.57421875
02582,244.35213472679268,15.631766845970825,0.47678351402282715,75.83216857910156,1.9952966801968803,4.77734375
02583,480.5452596401067,21.92134256016512,0.20750263333320618,62.37409210205078,4.893379497079281,4.125
02584,155.76810691820526,12.480709391625352,0.4184587299823761,71.35590362548828,3.28951418929258,4.68359375
02585,351.87739920588535,18.75839543260258,0.32958248257637024,70.95965576171875,3.9529810179215525,4.03515625
02586,471.68205713968007,21.7182424965668,0.31161946058273315,65.03826904296875,2.4773710308832073,3.873046875
02587,1357.2872596794084,36.841379720083886,0.25751256942749023,66.36575317382812,3.104643137040816,4.4375
02588,3440.5755329347444,58.656419366807114,0.1585666984319687,51.77919006347656,4.116046145397389,3.19140625
02589,2045.1349288492584,45.22316805409876,0.34028270840644836,65.34205627441406,3.0021069146993984,4.55078125
02590,840.1666241417123,28.985627889381874,0.3159996569156647,70.21109008789062,4.098640049694069,4.65625
02591,208.76012405536332,14.448533629935023,0.4407849609851837,70.48126220703125,2.1992320726129453,4.76953125
02592,2138.824821060011,46.247430426565444,0.23137792944908142,63.193145751953125,3.5790275830717326,3.482421875
02593,705.7536230706785,26.566023847589207,0.2242722511291504,52.433197021484375,5.049018903525177,2.98046875
02594,640.1454433882296,25.30109569540872,0.2830926179885864,70.15999603271484,2.967871575411075,4.453125
02595,874.6639978782756,29.574718897705107,0.2710217237472534,63.96027374267578,2.4822109675350297,3.77734375
02596,338.7297385215021,18.404611881849128,0.39677900075912476,73.19107818603516,2.827184053829738,3.6875
02597,825.6871644089057,28.734772739816574,0.20969322323799133,52.53764343261719,5.694167831461709,3.677734375
02598,408.0208910145564,20.19952699977295,0.3811568319797516,72.12718963623047,2.0252591613942665,4.1953125
02599,647.2156361817007,25.440433097368857,0.3452238142490387,73.37628936767578,2.768662485404108,4.90625
02600,659.1336884005713,25.67359905429255,0.2653259336948395,69.67305755615234,3.4826516986298377,4.203125
02601,569.5228543993959,23.864677965549753,0.30275586247444153,68.10053253173828,3.3649399342002306,4.17578125
02602,1956.8851718749233,44.23669485704061,0.4010455012321472,71.39643096923828,2.172814530305982,4.71484375
02603,269.95211988297,16.430219714993772,0.34567055106163025,62.14566421508789,2.1225526642348473,4.6171875
02604,256.4353148753677,16.013597811715133,0.4928835332393646,75.65934753417969,1.8894439172208564,4.11328125
02605,480.9695657318699,21.931018346895566,0.2985418140888214,74.11509704589844,3.844905305345683,4.8828125
02606,1301.6488976723922,36.07837160505435,0.22753851115703583,67.37346649169922,4.235593727362942,4.4375
02607,1322.6460083158372,36.36820050972879,0.37110504508018494,70.65547180175781,3.3689026944044413,4.76953125
02608,1015.8033596163048,31.87167017299697,0.3375263214111328,74.42472076416016,3.838716868538272,4.94921875
02609,2662.2785660284067,51.59727285456477,0.19732333719730377,61.78995132446289,3.5791886802171216,4.421875
02610,389.2807234935843,19.730198262906136,0.15178442001342773,56.56900405883789,4.072462940532497,3.40625
02611,1211.636206394555,34.80856512978602,0.21864773333072662,54.8681526184082,7.9493083059834895,2.962890625
02612,1690.338326584095,41.11372430933611,0.24811780452728271,57.563072204589844,3.3988336058412782,4.23046875
02613,1046.7071289767603,32.35285349048458,0.25305911898612976,70.85203552246094,3.121320184855502,4.0703125
02614,1236.7144600010713,35.16695124688905,0.26562321186065674,63.222774505615234,4.914821244642093,4.10546875
02615,719.0541167053069,26.815184442873164,0.3493630588054657,68.27592468261719,2.3905436139745104,4.21875
02616,715.929103935346,26.7568515325579,0.41092649102211,70.90589904785156,2.065390995606513,4.90625
02617,516.8590340693089,22.734533953202316,0.28146451711654663,63.1605339050293,4.203571167197117,4.05078125
02618,1092.9803314167705,33.06025304526223,0.2290833443403244,62.81305694580078,3.895028488071594,3.970703125
02619,1156.5757631241202,34.00846605073684,0.30341506004333496,69.40060424804688,4.393607252523848,4.73046875
02620,210.7592435769302,14.517549503167889,0.18543772399425507,56.4254264831543,5.565214947321966,3.95703125
02621,1890.7234575798268,43.482449995139724,0.23088492453098297,63.715091705322266,4.180794556577968,3.7578125
02622,483.6579370642688,21.99222446830399,0.4891044795513153,72.72325897216797,2.0409884313430653,4.9296875
02623,151.21758233194262,12.297055839994492,0.24546419084072113,68.13998413085938,3.0398686117739664,4.5
02624,1254.4223096336127,35.41782474452112,0.2301480770111084,58.431724548339844,4.806036252495013,3.978515625
02625,136.07943065462703,11.66530885380353,0.4563697874546051,76.01387023925781,1.7162469309627737,4.2421875
02626,335.7255583277374,18.32281524023362,0.2675064206123352,72.5477066040039,3.693713446874717,4.87109375
02627,383.75198972744215,19.589588809554993,0.4335688650608063,75.45000457763672,1.5214731659450058,4.01953125
02628,1097.7561659683392,33.13240356461238,0.20766618847846985,62.336021423339844,3.821328596434245,4.0859375
02629,50.10580190635291,7.078545182899726,0.3002539575099945,58.3325080871582,2.816154414707582,4.09765625
02630,463.39103588680155,21.526519363027585,0.33249956369400024,71.83574676513672,3.7167863703558104,4.7421875
02631,935.487177495759,30.585734869310546,0.4087330996990204,59.35352325439453,1.9730142687258903,3.986328125
02632,91.04971474755095,9.54199741917545,0.5130251049995422,76.63128662109375,2.356831719362976,4.7578125
02633,1063.0016198548833,32.603705615388,0.1495457887649536,59.958709716796875,6.4376684707778296,3.3984375
02634,351.6227868923057,18.751607581546327,0.3436128497123718,66.33644104003906,5.446121295405306,3.751953125
02635,773.5400814686857,27.81258854311633,0.29506993293762207,67.69811248779297,2.0583735735316253,4.40625
02636,1314.675289873793,36.25845128895873,0.28750303387641907,71.32273864746094,3.0714555759409885,3.767578125
02637,594.6871712117285,24.386208627249307,0.3309159278869629,68.491943359375,3.7029999437930816,4.6015625
02638,517.2793358787319,22.743775761265585,0.3876754939556122,74.41480255126953,2.4210841449223235,4.50390625
02639,321.66985762211374,17.93515702808631,0.3304223418235779,70.61886596679688,4.332164890369081,4.13671875
02640,201.42767912373978,14.192521943746987,0.26553085446357727,70.03890991210938,3.6137292569211503,3.908203125
02641,657.1068810063134,25.634096063764634,0.29848986864089966,74.24805450439453,2.9786440607679148,4.859375
02642,662.1133895108917,25.73156407043481,0.20965854823589325,56.34396743774414,7.4752237857708455,2.640625
02643,1126.3908755792816,33.56174720689138,0.23887796700000763,67.8772201538086,3.1511568002639074,4.1875
02644,1359.404931293697,36.87010891350468,0.29635390639305115,73.24435424804688,3.6488812950900185,4.1015625
02645,1019.0737320928461,31.92293426508356,0.33694544434547424,68.16323852539062,3.288722441540264,4.93359375
02646,760.6886409036551,27.580584491697326,0.33802276849746704,64.43717956542969,3.3771635159219824,4.078125
02647,1454.7813272176074,38.14159576128937,0.21468262374401093,61.33567428588867,4.256936576016456,3.349609375
02648,1062.0843634796522,32.58963582919656,0.40757596492767334,72.19889831542969,1.9146728591055955,4.4453125
02649,126.48011928433901,11.246338038861317,0.2617979347705841,60.547142028808594,4.7464107949142145,3.611328125
02650,279.4294957261454,16.716144762658207,0.4329604506492615,66.04888916015625,2.931255475779535,4.9140625
02651,1286.9514205234602,35.874105152929744,0.36852699518203735,72.80303192138672,2.7407654861920414,4.69140625
02652,2144.812298536208,46.31211826872323,0.2651804983615875,71.60478973388672,2.823937767112896,4.72265625
02653,1332.4905150204197,36.503294577618874,0.13771900534629822,51.46989059448242,5.552954109268563,2.685546875
02654,2452.408140964024,49.52179460564837,0.22567255795001984,68.56951141357422,3.959447857633547,4.03125
02655,125.36585162346647,11.19668931530506,0.41100645065307617,66.33372497558594,1.4685568969838785,4.75
02656,3275.079000328037,57.228305936206404,0.29577186703681946,68.75751495361328,3.3772438586407394,3.22265625
02657,318.8975985418277,17.857704178920304,0.5018035173416138,75.18744659423828,1.979892489966768,4.7578125
02658,1073.8559836086529,32.76974189108991,0.2451791614294052,62.02402877807617,5.006794081315281,4.015625
02659,822.6979869224956,28.682712335525306,0.402010053396225,72.36417388916016,1.7129681085970156,4.3515625
02660,1199.629384702329,34.635666367233775,0.268431693315506,71.08682250976562,3.3427133915890526,4.45703125
02661,829.3965080657475,28.79924492179869,0.29317808151245117,66.71598052978516,4.543952405070308,4.546875
02662,378.0489925746135,19.443482007464958,0.2672898769378662,68.1408462524414,3.222377131560602,4.94921875
02663,229.2973024754328,15.142565914515043,0.38889026641845703,66.89743041992188,1.904857514683063,3.53515625
02664,1193.8730203971468,34.55246764555531,0.3197724521160126,65.24185180664062,4.084973917005024,2.978515625
02665,354.45020666951893,18.82684802800296,0.2909737527370453,71.74649810791016,3.3532762373211713,4.27734375
02666,929.8404785763441,30.49328579501304,0.3791753053665161,70.7588119506836,2.8393391580068412,3.25390625
02667,606.5143272623843,24.627511592980408,0.42931750416755676,70.22303771972656,2.4200066625414673,4.51953125
02668,1233.073554751236,35.1151470842888,0.3564310073852539,63.61167907714844,2.8007993601317205,4.76171875
02669,61.404275328613146,7.83608801179601,0.4733006954193115,75.17980194091797,2.2643805992208144,4.68359375
02670,1414.347197679255,37.60780766914305,0.30890175700187683,69.03821563720703,2.515529716478021,3.9296875
02671,991.8802262378562,31.494130028274416,0.261286199092865,72.40299987792969,3.7415069785962527,4.015625
02672,1179.3716250052748,34.34198050499235,0.14011335372924805,56.584075927734375,6.542859216736905,3.044921875
02673,301.2008412326377,17.35513875578751,0.23301634192466736,60.05131530761719,3.836931235764774,4.0390625
02674,1014.0396357183148,31.843989004493686,0.34875911474227905,67.84001159667969,3.332681577509522,3.296875
02675,617.6971959786775,24.853514761069057,0.37972432374954224,73.7588119506836,3.0071553926467534,4.9296875
02676,3459.515725003362,58.81764807439483,0.3256431221961975,68.99677276611328,2.817891964864897,4.0703125
02677,1733.593145898883,41.63644012039073,0.20344305038452148,58.23788070678711,5.690700168590667,3.193359375
02678,788.7897257077196,28.085400579441977,0.2976495623588562,60.64822769165039,3.687345907134259,4.3046875
02679,887.8706339565218,29.797158152356104,0.3065619468688965,70.77167510986328,2.9067849540751953,4.140625
02680,62.8089370854389,7.925208961626116,0.4081547260284424,74.41759490966797,2.2762869442004225,4.6953125
02681,984.922834843934,31.383480285716146,0.26192325353622437,63.24631118774414,3.118607431155065,4.11328125
02682,1701.8579540555434,41.25358110583302,0.3782202899456024,73.64744567871094,3.2338717694719987,3.37890625
02683,3214.8756982819573,56.69987388241668,0.4420573115348816,66.77713012695312,1.5575400923143046,4.03515625
02684,4225.617737047633,65.00475164976505,0.14480972290039062,63.149932861328125,4.268390561978562,2.380859375
02685,1751.9108284360661,41.85583386382436,0.18136346340179443,56.51981735229492,6.050136193141089,3.205078125
02686,759.2934882969394,27.555280588245502,0.4324958920478821,74.0283203125,2.3739000253306783,4.203125
02687,1941.040405708533,44.057240105441615,0.42178237438201904,60.35899353027344,1.7659790878871833,4.04296875
02688,622.8137505190313,24.95623670586235,0.45879533886909485,76.54353332519531,1.8736230443916446,4.44140625
02689,1711.9456637695857,41.37566511573664,0.32494935393333435,73.35592651367188,3.0989147419448804,4.140625
02690,199.99911878181712,14.142104467928991,0.28651872277259827,64.47364044189453,2.764754174823499,3.845703125
02691,1305.9126164518686,36.137412973978485,0.2935827374458313,65.10111999511719,3.6667437748739373,4.35546875
02692,352.9120491292975,18.785953505992115,0.30571991205215454,57.74250411987305,1.9557029255739957,3.5859375
02693,2818.287372395991,53.08754441859212,0.3194712996482849,68.90289306640625,3.1155541615449636,3.443359375
02694,1741.9769004125828,41.73699678238221,0.23539882898330688,61.72766876220703,5.119006420062774,3.087890625
02695,408.79590906592847,20.218701962933437,0.3550083339214325,72.77984619140625,3.2843146833710652,4.70703125
02696,78.67811742794629,8.870068625887079,0.4594590365886688,73.54753875732422,1.886661458143018,4.94140625
02697,620.2442372496405,24.904703115067253,0.31838253140449524,66.13243865966797,3.2127755355780754,4.50390625
02698,442.9165959134727,21.045583762715463,0.248491108417511,63.478416442871094,3.9581830553007236,2.853515625
02699,1227.8304277518994,35.040411352492704,0.27024683356285095,70.74811553955078,3.4549946716670683,4.51171875
02700,48.75685122822175,6.982610631291261,0.3923938274383545,65.61297607421875,3.5681493735765044,3.994140625
02701,241.60149592881064,15.543535502864547,0.25121375918388367,67.19671630859375,4.093759276200087,4.1484375
02702,454.30685947431897,21.314475350669998,0.27626028656959534,72.69256591796875,3.9226236751555437,3.548828125
02703,63.375088093884024,7.960847196993799,0.4442332088947296,73.63105773925781,1.9013535803927273,4.5546875
02704,331.32420407508556,18.202313151769626,0.27997657656669617,62.92919921875,4.414575528251669,4.23828125
02705,351.9110709281788,18.759292921860855,0.15730559825897217,59.01255798339844,4.46371538154387,2.35546875
02706,492.34661707326245,22.188884989409956,0.3135194182395935,73.36398315429688,4.156874656156736,4.2265625
02707,2783.932234633443,52.762981669286305,0.22741475701332092,56.75075912475586,4.4018640209483735,3.77734375
02708,96.85994519754134,9.84174502807004,0.4102631211280823,76.17532348632812,2.9023422524043783,4.5078125
02709,1436.5392624418735,37.9017052708961,0.39458706974983215,71.74903869628906,1.3920269822104738,4.1171875
02710,735.6813485508238,27.123446472578365,0.1913478970527649,57.399112701416016,6.0003393887502305,2.69921875
02711,1242.2712661790727,35.245868781732035,0.29395729303359985,65.49864196777344,4.561605564073204,4.10546875
02712,786.7788185070805,28.04957786682503,0.2340364158153534,74.17467498779297,4.131803944549411,3.857421875
02713,189.54937419688244,13.767693132724975,0.4121127128601074,75.6384048461914,3.0345330981508623,4.1796875
02714,543.284832606473,23.30847126275065,0.473408579826355,75.7712631225586,2.135383896250323,4.80078125
02715,128.44146764494,11.333202003182507,0.31748372316360474,69.40415954589844,3.484340327376988,4.25390625
02716,216.62100585479521,14.71805034149548,0.2125169336795807,70.68505096435547,4.701201645346702,4.82421875
02717,283.1364431980623,16.826658705698595,0.4370405375957489,72.17015838623047,2.545435849496519,4.5078125
02718,383.24606169222534,19.576671363953203,0.536217212677002,73.92994689941406,3.775024174231209,4.6796875
02719,300.51674563668473,17.335418819188785,0.45039233565330505,72.80028533935547,2.178843033013986,4.17578125
02720,1275.808373316838,35.71845983965207,0.26499810814857483,69.14391326904297,3.591238586118157,4.91796875
02721,326.37699168150897,18.065906887878864,0.32907289266586304,73.35060119628906,2.835956744078701,4.8984375
02722,1105.7648733887618,33.25304306960134,0.1456025391817093,58.57204818725586,7.249489793097865,3.015625
02723,1085.2883561087779,32.94371497127757,0.21018743515014648,65.21668243408203,4.843861383331151,1.9345703125
02724,578.1171689823806,24.044067230449606,0.2899007797241211,67.39350891113281,2.520464239324653,3.642578125
02725,2463.397111384421,49.632621443808716,0.35293808579444885,71.588623046875,4.630225034191965,4.484375
02726,287.6091943861701,16.9590446189097,0.4463171064853668,74.66569519042969,1.9740427757078711,4.7890625
02727,502.9941508684725,22.427531091684447,0.24744899570941925,60.30858612060547,3.217688648221464,4.828125
02728,141.4729082127588,11.894238446103172,0.4707512855529785,69.99816131591797,2.0156613675840487,4.52734375
02729,741.4754382308553,27.230046607210486,0.3536955714225769,74.48292541503906,4.404247868076438,4.87890625
02730,616.980700163948,24.839096202638856,0.3221764862537384,70.32145690917969,2.291522536433677,3.9609375
02731,2511.478280216267,50.1146513528356,0.26923874020576477,71.37835693359375,3.8196762185140005,3.69921875
02732,1366.1427507877622,36.961368356539,0.30000126361846924,69.63169860839844,3.0905631152082256,3.88671875
02733,768.6837832381738,27.725147127439627,0.3426663279533386,69.37985229492188,3.1248511550377978,4.98046875
02734,908.2239298060106,30.136753803387826,0.2138410359621048,64.61180114746094,4.5116262710984,3.560546875
02735,705.4413771711127,26.560146407185197,0.2705170214176178,65.02877807617188,4.103402993976414,4.25
02736,382.7370289216892,19.56366603992435,0.4605008661746979,72.46349334716797,1.4889682983822399,4.81640625
02737,604.4242205021147,24.585040583698753,0.3418009877204895,70.95365142822266,2.666413496779766,3.982421875
02738,1719.8948252854284,41.4716146934916,0.3546006977558136,65.4073257446289,3.667297603172591,3.982421875
02739,681.7108216378829,26.109592521483037,0.4680722653865814,75.93992614746094,2.4748766125596893,4.51171875
02740,226.7142712096055,15.057033944625532,0.4653933048248291,74.9279556274414,2.839130613854614,4.47265625
02741,684.9455189887019,26.171463829688662,0.23640230298042297,54.968116760253906,4.7839233854429075,3.50390625
02742,555.9719852006596,23.579058191553358,0.31918421387672424,72.10295104980469,3.3032828293717738,4.7265625
02743,3232.811098885185,56.85781475650629,0.36883485317230225,73.77369689941406,4.121938474086661,3.615234375
02744,1316.1030405787412,36.27813446938446,0.3956643044948578,74.29833221435547,3.416721074843983,3.978515625
02745,3352.482652179226,57.900627390203866,0.3596043884754181,72.70429992675781,2.6238883276069296,4.1640625
02746,1466.6004367172263,38.29621961391524,0.40861496329307556,63.86570358276367,4.128191949429151,2.615234375
02747,339.3059892539499,18.42026029278495,0.2760523855686188,72.54606628417969,3.422199822846067,4.0625
02748,435.9564276683605,20.879569623638332,0.4788874089717865,76.25592803955078,2.1823029614232405,4.66015625
02749,1344.8705756735617,36.67247708668671,0.20018742978572845,54.6024169921875,6.095393029175367,3.787109375
02750,1882.6439924633532,43.38944563443226,0.26554298400878906,64.90178680419922,2.931547838494956,2.900390625
02751,754.4038607041946,27.466413320712164,0.3853629231452942,74.49946594238281,4.211230603145645,4.87109375
02752,618.9965299154868,24.87964087191547,0.16173160076141357,64.19060516357422,4.330865035408109,3.072265625
02753,890.0692449715527,29.83402830613983,0.30551111698150635,69.80479431152344,3.5248621089255643,3.4609375
02754,5799.189682224203,76.15241087598083,0.24617739021778107,59.63684844970703,3.670908962659853,3.251953125
02755,257.06363179269806,16.033204040138017,0.19274409115314484,59.716041564941406,3.0664680755212115,3.9375
02756,864.5230295894421,29.402772481339955,0.3113947808742523,56.80161666870117,3.5531356292977025,4.359375
02757,282.8909674688009,16.819362873450377,0.34477925300598145,74.0319595336914,1.9719637422518785,4.23828125
02758,824.1737804048369,28.708426992868084,0.20319071412086487,56.3515625,5.609491916184844,3.86328125
02759,208.72079590024904,14.447172591903547,0.3525034487247467,68.7022476196289,3.2700502418290083,3.763671875
02760,29.914768282310867,5.469439485204208,0.47081413865089417,69.74984741210938,2.626588302065977,4.76953125
02761,1019.1718170692147,31.92447050569852,0.24121186137199402,66.33875274658203,4.055955107615115,2.796875
02762,3399.687235002241,58.30683694904261,0.2338045984506607,56.127845764160156,4.273749000207819,2.353515625
02763,1288.6129296435288,35.89725518258365,0.11355838179588318,51.954017639160156,5.8825559182147495,3.4453125
02764,247.77689355695645,15.74093051750615,0.5016013383865356,75.12853240966797,2.3214004559094086,4.87109375
02765,3998.2722873146636,63.231892960077225,0.3036743700504303,70.61677551269531,3.335844601216448,4.00390625
02766,1166.5583926312097,34.15491754683664,0.4085662066936493,71.66682434082031,3.251311317063493,4.87890625
02767,1460.7825312315924,38.220184866528214,0.27241259813308716,67.41405487060547,4.238213470019319,3.607421875
02768,1604.2480770611928,40.05306576357411,0.4236155152320862,75.63973999023438,2.0436760885534295,4.49609375
02769,928.6374163741427,30.47355273633422,0.23401828110218048,60.79806137084961,4.4946461735164025,4.01953125
02770,147.06961663316,12.127226254719584,0.4913349747657776,75.65748596191406,2.353651282976841,4.95703125
02771,1550.8314952644628,39.38059795463323,0.2444772869348526,57.76991653442383,4.650065229814308,4.109375
02772,2931.6816705098313,54.14500596093634,0.3507021367549896,66.04914093017578,1.9446576409155074,3.896484375
02773,1956.5512042809708,44.23291991583837,0.2148115187883377,65.29251098632812,3.1570845589254217,3.087890625
02774,1501.7814885474224,38.752825555660095,0.29107892513275146,68.3888168334961,3.7606288876860616,3.498046875
02775,221.39856597124728,14.879467933069625,0.44205307960510254,73.71074676513672,2.1490893187781963,4.609375
02776,1686.1587259966004,41.06286310033192,0.3593522906303406,75.22913360595703,3.0169688927494067,4.3046875
02777,1009.9926826910082,31.78038204130039,0.30097222328186035,74.189697265625,2.8047264073843263,4.828125
02778,308.55239839464224,17.565659634486895,0.37253037095069885,73.86669921875,3.5149533281406993,3.328125
02779,1397.205963388951,37.379218335713645,0.25388121604919434,56.540409088134766,3.068147693070922,3.408203125
02780,423.7056470387266,20.58411151929387,0.3436848521232605,73.06307983398438,4.492078117226653,3.93359375
02781,312.3506893796223,17.673445883008277,0.2822193503379822,71.60212707519531,3.5087724034191705,4.890625
02782,140.92349789658928,11.871120330305361,0.2883042097091675,62.5344352722168,3.3300804070587966,3.66796875
02783,246.75065876615025,15.708299041148607,0.3286619186401367,67.59966278076172,3.4381258073780843,4.07421875
02784,259.9658157142828,16.1234554520513,0.2868117690086365,63.664710998535156,3.668150118433841,4.3984375
02785,2145.6667477010606,46.321342248482615,0.2924824357032776,63.062644958496094,4.214065781572903,4.1484375
02786,676.6549263018976,26.012591687525056,0.182155042886734,58.4340934753418,5.860181332967293,3.763671875
02787,202.27785548172642,14.222441966192951,0.4654995799064636,72.85353088378906,3.565094469424918,4.5
02788,2977.1005179709937,54.562812592195,0.4021569490432739,74.78287506103516,3.5816114333380953,4.9140625
02789,105.79113066321614,10.285481547463693,0.3481815457344055,66.85172271728516,2.364125153331988,4.32421875
02790,1497.8676153807482,38.702294704329205,0.26066237688064575,65.75071716308594,3.744400067552811,4.0625
02791,886.795516968313,29.779112091671117,0.2412663698196411,56.7252197265625,5.381372096068879,2.2890625
02792,302.5466836605975,17.39386914003315,0.146230548620224,54.86296081542969,4.761079480880243,3.6484375
02793,347.3757870934457,18.638019934892377,0.42282623052597046,69.60348510742188,1.9053227545405405,4.84375
02794,741.4411942892458,27.229417810325028,0.49113214015960693,74.63778686523438,1.8047412028881153,4.578125
02795,1342.009417523162,36.63344670547889,0.2512345612049103,71.77772521972656,5.093120143632706,4.40234375
02796,962.7643053306563,31.02844348868722,0.20896464586257935,54.62522888183594,5.861829325320929,2.53515625
02797,529.6610547594079,23.01436626890708,0.3951478600502014,61.71599197387695,1.9622198903894998,3.99609375
02798,264.9907011322372,16.278534981141185,0.2600671052932739,72.42993927001953,3.5127712974414615,4.58203125
02799,4200.916392633203,64.8144767211246,0.38121646642684937,66.48201751708984,4.383890701209327,2.935546875
02800,454.93519000158994,21.329209783805634,0.2789212763309479,75.06092071533203,3.0437853999433395,4.41015625
02801,1192.2178091024373,34.52850719481567,0.40427932143211365,76.02181243896484,3.7318399398652686,4.0234375
02802,1619.6415536931374,40.24477051361006,0.2098284214735031,54.90301513671875,6.430208506207234,3.73046875
02803,378.6318477977912,19.458464682440678,0.32288455963134766,67.48460388183594,2.9001140708888165,4.69140625
02804,704.1791142456436,26.536373419245585,0.34603825211524963,70.98949432373047,2.693235544210585,4.84375
02805,462.69687512266927,21.510389934231068,0.39632660150527954,75.13456726074219,2.441811807905873,4.53515625
02806,581.2411001521067,24.108942327528737,0.1814102828502655,45.29032897949219,5.480295980040815,2.603515625
02807,659.472935055908,25.680205120985853,0.5261421799659729,68.7554702758789,2.1910538586759993,4.8046875
02808,575.5781121443024,23.9912090596598,0.27933961153030396,69.41748809814453,2.758655045644526,3.578125
02809,2083.1921493030186,45.64199983899718,0.2153920978307724,61.94841003417969,4.645056038299053,2.583984375
02810,650.6903638758376,25.508633124411777,0.33132204413414,71.15388488769531,3.121759309312396,4.33984375
02811,1060.61431328204,32.567074066947434,0.35408517718315125,72.44098663330078,4.447763720048493,4.3359375
02812,966.0591754314717,31.08149249041094,0.2834283411502838,65.49275207519531,3.8048721012549573,4.28515625
02813,198.62443898443672,14.093418286009847,0.4700746536254883,74.57412719726562,1.5160467906363968,4.77734375
02814,765.9290891787916,27.675423920489305,0.27055245637893677,73.19001007080078,4.83867076782155,3.982421875
02815,219.3752561241888,14.811321889831063,0.5585547089576721,77.92170715332031,2.0874719186704698,4.88671875
02816,372.24676700837006,19.293697598137328,0.293211430311203,70.66600036621094,2.952408088909752,4.6953125
02817,422.8223241228742,20.562643899140845,0.32864853739738464,63.12127685546875,2.654562036491401,3.837890625
02818,407.927924270989,20.19722565777263,0.36564597487449646,71.48283386230469,2.4728049638906757,4.44921875
02819,827.0598414741007,28.758648116246714,0.23968371748924255,68.65091705322266,3.749413061940268,4.140625
02820,5001.374776282516,70.72039858684704,0.442900687456131,70.24530792236328,1.9861612658425785,4.58984375
02821,1597.9411691452851,39.97425633010932,0.3017706871032715,70.48197174072266,3.235810669404978,4.62890625
02822,567.5911424569618,23.82417139077374,0.31552010774612427,66.81303405761719,1.688506845787225,4.39453125
02823,144.304057377042,12.012662376719076,0.3542565107345581,72.16075134277344,2.6514339746802995,4.3828125
02824,468.8457044593376,21.652845181623075,0.27903738617897034,69.69633483886719,4.164826207720645,4.5703125
02825,1079.949096840163,32.86257897427046,0.34163525700569153,67.43291473388672,2.2881054755919448,4.7421875
02826,469.2294951453478,21.661705730282364,0.40271008014678955,74.74407196044922,1.5552131105641092,4.640625
02827,111.06422614638,10.538701350089582,0.31753477454185486,73.6080093383789,3.213360587869561,4.671875
02828,1061.6027269155522,32.58224557816039,0.24410204589366913,61.79594421386719,6.0981461068478096,3.046875
02829,1368.2132035908621,36.98936608798348,0.2829177677631378,56.403018951416016,4.323026886488759,2.912109375
02830,2936.7299257144005,54.191603830431156,0.12486834824085236,51.779075622558594,6.487222702908776,2.8671875
02831,1154.8711616352027,33.98339538120349,0.3272104859352112,62.04576110839844,1.987383335509423,3.927734375
02832,134.9326641340133,11.616052002897254,0.40382474660873413,74.4052963256836,2.771661723788927,4.81640625
02833,660.4258716988797,25.698752337397234,0.21582290530204773,59.910797119140625,3.5965928524208826,3.8671875
02834,892.5087941759464,29.874885676366134,0.2815415561199188,60.590946197509766,3.4976899262715015,3.88671875
02835,821.0725947302836,28.65436432256496,0.23876726627349854,68.56359100341797,4.119014291400489,3.357421875
02836,2716.296394252386,52.11810044746821,0.26260408759117126,68.15704345703125,3.7775256212709962,3.857421875
02837,502.05921548069756,22.406677921563865,0.2692227065563202,63.3531608581543,4.593824347611473,4.515625
02838,1839.1971345894822,42.8858617097696,0.1277117282152176,60.404197692871094,6.7179946033229845,2.970703125
02839,1097.1561442366412,33.12334741895271,0.31775012612342834,73.2245864868164,2.451608508712516,3.671875
02840,552.018304841119,23.495069798600703,0.39299625158309937,72.2308578491211,2.160258141553533,4.83984375
02841,505.0041549367965,22.472297500184457,0.33064401149749756,69.73246002197266,2.250613544772003,4.125
02842,2998.6431121070864,54.7598677144776,0.3635827600955963,64.58946990966797,4.552402303463914,4.02734375
02843,1567.0681234458757,39.58621127925576,0.36218276619911194,74.01211547851562,2.4124795015000875,4.50390625
02844,1303.353688617936,36.101990092208716,0.3072892129421234,63.62172317504883,2.832129175292521,4.30078125
02845,703.7526773756474,26.52833725237312,0.18365836143493652,58.764408111572266,3.4078580818196933,2.875
02846,1442.9964848144825,37.98679355795225,0.25005123019218445,64.06018829345703,4.135619224192119,3.62109375
02847,664.1188700823495,25.77050387715284,0.3218747079372406,67.98552703857422,4.274654633935019,4.30078125
02848,450.8872780851017,21.23410648191022,0.2957448959350586,68.26908874511719,2.9873177239082547,4.8984375
02849,1402.9337583327983,37.455757345604404,0.2461613565683365,69.39322662353516,4.1823022862031625,3.625
02850,265.3774849542018,16.29041082828183,0.339063435792923,73.42228698730469,3.806128890493668,4.23046875
02851,610.9733483970425,24.717875078514385,0.2486705183982849,53.92677307128906,5.359541035501362,3.5234375
02852,2021.7832777817168,44.964244436904714,0.24673259258270264,72.02490234375,3.5916357671535426,4.76171875
02853,69.2972244912629,8.324495449651161,0.4262668788433075,70.26836395263672,1.95045293109542,4.80078125
02854,1364.4106125893509,36.93792918653333,0.19224700331687927,63.3072624206543,5.19118006985132,3.3515625
02855,620.5126730248102,24.91009179077448,0.26227447390556335,70.11650085449219,4.095125459889481,4.01953125
02856,4140.551800048875,64.34711959403369,0.2686655819416046,66.4630355834961,3.2273344986736485,3.560546875
02857,138.59415066207725,11.772601694701017,0.28651440143585205,63.50352096557617,4.068027025989413,4.14453125
02858,330.3000885520969,18.17415991324212,0.16051940619945526,59.28251647949219,5.3512925812979315,3.556640625
02859,886.5588523638374,29.775138158602008,0.31171685457229614,73.53758239746094,2.5928114729907934,4.87890625
02860,627.1206846234047,25.0423777749519,0.3314477205276489,61.94270706176758,2.1185355106617525,3.37109375
02861,1771.0885558412435,42.08430296252088,0.23606663942337036,70.31427764892578,3.6839361652659663,3.583984375
02862,239.12227623024276,15.463579023959582,0.41368523240089417,71.87202453613281,1.8667589526075128,4.04296875
02863,509.5508913065412,22.5732339576442,0.4712749123573303,74.21832275390625,1.5659082079325917,4.66796875
02864,613.6694639865553,24.77235281491355,0.20499634742736816,56.56410217285156,4.228607587846602,3.904296875
02865,1566.8705037272841,39.58371513295946,0.13056714832782745,56.729759216308594,7.8319436792949055,3.810546875
02866,449.52820473291854,21.202080198247494,0.22482788562774658,68.20330810546875,4.760888112922808,4.25
02867,3581.434635699335,59.8450886514452,0.29138267040252686,61.593780517578125,4.754060962030415,3.43359375
02868,397.0462958779259,19.92602057305788,0.33950209617614746,64.03931427001953,3.069762456597585,3.9296875
02869,558.1620897398168,23.625454275840216,0.3868468403816223,65.79302215576172,2.494792138278114,3.923828125
02870,509.4337604522913,22.570639345226606,0.34433236718177795,70.13416290283203,1.7458261953265697,3.931640625
02871,168.2295986281696,12.9703353321404,0.388594388961792,69.3684310913086,2.856661539431526,4.2890625
02872,228.4565422406652,15.114778934561537,0.48115986585617065,76.32972717285156,1.9198445427847863,4.8203125
02873,325.7407178043203,18.048288500695026,0.20540396869182587,64.24813842773438,4.4288154250186915,3.748046875
02874,1292.2311290748119,35.947616458880994,0.21861328184604645,62.59884262084961,4.995776172272288,3.80859375
02875,363.1880826257425,19.05749413290589,0.29493311047554016,74.95027923583984,4.176847278820266,4.0703125
02876,1258.0276544982323,35.46868554793414,0.25820040702819824,67.60254669189453,3.1097445323407342,3.853515625
02877,856.923421686219,29.273254374705573,0.3172333836555481,66.0777816772461,3.6715413946425253,4.30859375
02878,356.07524323170395,18.86995610041804,0.3819897472858429,73.82022857666016,1.7436460479273446,3.8203125
02879,5050.037334243989,71.06361470009803,0.3040916323661804,69.02352142333984,3.106674597224187,1.857421875
02880,434.5476809812799,20.845807275835586,0.4378013610839844,73.10405731201172,1.396897055597425,3.98828125
02881,236.32276638244826,15.372793057296006,0.2785061001777649,62.660072326660156,3.638812502670059,4.1796875
02882,1354.0075765401816,36.79684193704919,0.3396831452846527,65.85100555419922,3.770191798119892,4.3125
02883,1388.1923499501934,37.25845340255273,0.3052009642124176,70.99427795410156,3.176344334244881,4.01953125
02884,129.07361979816338,11.361057160236603,0.451128751039505,72.56745910644531,2.1778430230039736,4.5625
02885,516.8873440111151,22.73515656447334,0.37046435475349426,74.70943450927734,3.791055372082865,3.92578125
02886,1422.6103284608712,37.71750692265955,0.19730740785598755,64.95962524414062,3.2637646633476307,3.974609375
02887,641.36582866386,25.325201453569132,0.32675331830978394,71.35845947265625,2.2275959929590106,4.71484375
02888,125.17423898670266,11.188129378350192,0.37460857629776,71.30569458007812,1.8438702676381993,3.404296875
02889,397.1973964703092,19.92981175200381,0.3163115978240967,73.19284057617188,3.709991992246419,4.359375
02890,307.9247623533815,17.547785112468794,0.39606165885925293,70.21839904785156,5.065970931296143,3.623046875
02891,812.8581151525782,28.510666690776947,0.304915189743042,66.23841857910156,3.8841170642023592,4.26171875
02892,569.5134735494224,23.864481422176816,0.26735517382621765,68.33073425292969,3.003992219123614,4.00390625
02893,2178.399807983968,46.67333080019004,0.28861746191978455,67.35545349121094,3.0037169907223866,4.70703125
02894,941.2540550128577,30.679863999256217,0.18752504885196686,62.41480255126953,4.88260984315002,2.8515625
02895,1221.8400455177164,34.95482864380423,0.36684921383857727,73.8377914428711,3.8026556926845974,4.03125
02896,412.00219585604503,20.297837221143663,0.2759149372577667,69.9513168334961,2.7418804464211046,4.02734375
02897,729.1446544598132,27.002678653419057,0.22688119113445282,65.21490478515625,4.287200622801589,4.4921875
02898,416.99304554819366,20.420407575467088,0.31264421343803406,71.84043884277344,3.9400387346979104,3.716796875
02899,262.44938333977444,16.200289606663656,0.44389018416404724,71.63607788085938,2.1335751210908485,4.78125
02900,2266.522897294186,47.60801295259219,0.2627221941947937,57.579097747802734,5.073936447425936,3.412109375
02901,670.2857179581903,25.889876746678233,0.2606670558452606,70.1958999633789,3.778705217442493,3.84765625
02902,5799.672252061701,76.15557925760726,0.31636184453964233,67.07463836669922,3.831089287409965,2.984375
02903,1338.729693641364,36.58865525871871,0.3051881492137909,61.61934280395508,3.7467126751763336,3.7109375
02904,4359.487451756721,66.02641480314315,0.3053843677043915,70.9671401977539,3.610253752074315,3.25
02905,997.4311792059073,31.582133860869934,0.3049812614917755,71.0693588256836,3.1796542154545695,4.94921875
02906,719.3429204644503,26.820568980997596,0.30991366505622864,71.97201538085938,2.5068581098997043,3.89453125
02907,2117.9140873071497,46.02080059393958,0.17103153467178345,56.84461975097656,4.334443516695621,3.55078125
02908,518.3013921064826,22.766233595096107,0.3444633185863495,69.70440673828125,2.7566796429663554,4.26953125
02909,682.7232676684605,26.128973720153276,0.23549805581569672,59.68022155761719,4.273504624734519,4.33984375
02910,69.62381718357717,8.344088756933088,0.46216151118278503,76.29229736328125,2.0599479576412207,4.8046875
02911,152.6908838300039,12.35681527862272,0.5014801025390625,76.0962142944336,2.2172828017144535,4.609375
02912,4171.8459408096105,64.58982846245692,0.4346446096897125,76.0477066040039,1.9649940185983013,4.05859375
02913,1568.9838951292809,39.610401350267594,0.28383180499076843,69.0116958618164,2.908241255202374,4.546875
02914,481.2467115609586,21.937336017870507,0.207237109541893,64.64519500732422,4.948201121965079,4.06640625
02915,718.4774636979154,26.80442992674747,0.29431861639022827,68.62278747558594,3.8216736183342923,3.951171875
02916,1373.437590536626,37.059918922423805,0.24087661504745483,55.61009979248047,3.1249031422178186,3.337890625
02917,674.0731207650573,25.962918186618722,0.3672489523887634,73.41577911376953,2.8942322912090344,4.56640625
02918,931.3756497208896,30.518447695138256,0.28911519050598145,59.84412384033203,4.4368404083579,3.46875
02919,1125.905739276598,33.554518909926244,0.34938913583755493,66.2702407836914,3.7059466687543607,4.59375
02920,984.2216957789707,31.3723077853538,0.30736008286476135,68.17498779296875,2.9979362257176665,4.15625
02921,35.9377198607813,5.994807741769647,0.29517683386802673,64.9273452758789,1.7663238158058294,4.2578125
02922,3946.171270825848,62.81855833132314,0.27777528762817383,69.0025634765625,4.209188060541903,4.00390625
02923,1355.906286370354,36.822632800634366,0.1611304134130478,63.84718322753906,3.5940236085520687,3.46875
02924,1279.6808241148753,35.772626743291795,0.10472874343395233,57.05705642700195,7.020150615109765,2.484375
02925,58.559156006691225,7.652395442388692,0.3341931104660034,69.00067901611328,1.7321466447921137,4.08984375
02926,90.33859450331825,9.504661724823153,0.376371830701828,73.20114135742188,2.3586757506674427,4.015625
02927,1503.3630123619669,38.773225457291616,0.3173925280570984,67.97669219970703,3.8179363558952724,3.94921875
02928,649.0152548237716,25.475777806060634,0.3578650951385498,70.52101135253906,3.277945234063375,4.7734375
02929,2801.2206576445196,52.926559095075504,0.2717127501964569,68.23832702636719,4.471267425375534,3.30078125
02930,533.8764417600545,23.10576641793244,0.19747686386108398,65.40939331054688,4.419810266291459,3.9921875
02931,274.5938646134978,16.57087398460014,0.358198344707489,70.62425231933594,2.4682360503535423,3.845703125
02932,1517.3553438109984,38.95324561331184,0.3470093607902527,58.819175720214844,4.074935627924677,2.33203125
02933,349.78738781094677,18.702603770891013,0.2245076298713684,63.703712463378906,2.8110523863082215,3.2265625
02934,3360.6754787233194,57.97133324948909,0.4279373586177826,73.68659210205078,2.1397516091815016,4.08203125
02935,396.8736814498778,19.921688719831906,0.3385051488876343,63.47446823120117,2.6289835578640157,4.9765625
02936,156.50188975962425,12.510071532953928,0.42141470313072205,71.21171569824219,2.550928944866937,4.76953125
02937,968.5258505096581,31.12114796259383,0.3025798797607422,62.139774322509766,3.3504829304154016,3.52734375
02938,568.3877127347571,23.840883220525978,0.3488575518131256,73.9042739868164,2.673547509905812,3.720703125
02939,1208.1933029263519,34.75907511609525,0.21584853529930115,50.17923355102539,6.821757990352536,1.990234375
02940,1162.69409272208,34.09830043744233,0.3278331160545349,71.67430114746094,3.957413340938365,3.068359375
02941,805.9244433590318,28.388808417385746,0.431118905544281,73.388916015625,1.5200436901763703,4.265625
02942,576.876132202789,24.01824581860193,0.3008326590061188,67.45157623291016,2.5675312020487038,4.06640625
02943,514.6402260901157,22.685683284620627,0.3985079228878021,70.67672729492188,1.2259396593645953,4.1953125
02944,252.89401780956908,15.902641850006214,0.27739956974983215,71.76032257080078,3.87481698591271,4.703125
02945,548.5366720619705,23.420859763509334,0.22186383605003357,61.909889221191406,5.514028767264381,2.29296875
02946,1296.5100768511518,36.00708370378184,0.2787240445613861,53.485042572021484,5.278385612524399,2.302734375
02947,497.62876224129167,22.307594272832105,0.36621999740600586,65.60948944091797,2.369082284114883,4.74609375
02948,338.71926618883924,18.404327376702447,0.39448925852775574,70.20941925048828,3.5788309255583486,4.07421875
02949,1621.9982942714607,40.27403995468372,0.3012365698814392,67.93485260009766,4.044831052207563,4.17578125
02950,613.2682020621854,24.764252503602556,0.3401835262775421,73.45230102539062,3.850098650440511,4.6328125
02951,1528.8965021742313,39.10110615026423,0.2731045186519623,70.01229858398438,3.848046712853164,4.09765625
02952,680.4988191757388,26.0863722885291,0.3296874761581421,72.8872299194336,3.5533099885606103,4.4921875
02953,1285.097877495686,35.848261847622204,0.28204867243766785,69.44583129882812,3.474062620775787,3.927734375
02954,595.1388812454047,24.395468457182876,0.32638415694236755,66.88797760009766,2.4866367932697395,3.951171875
02955,1366.1626396499319,36.96163740488146,0.2724192142486572,71.36602783203125,2.9004251459461123,4.421875
02956,729.6004500278184,27.011117156234363,0.28573325276374817,64.60391235351562,4.042353953054303,3.828125
02957,508.097651585977,22.541021529335733,0.42510050535202026,75.59939575195312,1.5154250766533288,4.1328125
02958,211.45595832220255,14.541525309340921,0.3754909336566925,74.81998443603516,3.7857844894873125,4.96875
02959,2771.7149182998296,52.64707891516708,0.299847811460495,69.44292449951172,3.624705972574829,4.08203125
02960,1311.3642801100352,36.21276404957284,0.17397171258926392,60.82297134399414,6.181368561002795,4.04296875
02961,1243.3742913677281,35.261512891078965,0.24096786975860596,66.20397186279297,4.286493869245386,4.33203125
02962,1128.456492452542,33.59250649255786,0.19544734060764313,50.48112106323242,5.453318110763226,4.10546875
02963,2727.335752611288,52.223900204899365,0.20639574527740479,62.98365783691406,3.978556893105239,3.85546875
02964,1813.30566170125,42.582926880397146,0.3101198673248291,64.04029846191406,3.7783770782123796,4.1015625
02965,614.3323138896241,24.7857280282348,0.18816854059696198,60.9608039855957,4.7440370506022855,3.47265625
02966,471.6713730841764,21.717996525558622,0.45733126997947693,64.0989990234375,2.007352737219981,4.1640625
02967,1175.3707716275715,34.28368083545831,0.4382079243659973,73.35560607910156,2.9313395139345206,4.79296875
02968,82.63290058916147,9.0902640549745,0.32110726833343506,68.97257995605469,4.0382163653223175,3.611328125
02969,2549.2300203780906,50.48990018189866,0.14128123223781586,56.17467498779297,6.67550082714285,3.54296875
02970,1594.3490144003774,39.92930019923186,0.3328031003475189,70.56563568115234,2.911674607756957,4.94140625
02971,485.72349810340415,22.039135602455104,0.274330735206604,65.53743743896484,4.898667172496863,3.3046875
02972,669.5737261708612,25.876122703582567,0.4677276313304901,70.3775405883789,2.2073748363402994,2.181640625
02973,523.1485657008691,22.872441183679303,0.27676093578338623,74.1733627319336,3.7832662226843845,4.140625
02974,1856.777368862125,43.090339623425166,0.3242446184158325,69.91475677490234,3.7184958066574136,4.05078125
02975,1511.5764870504277,38.878998020144856,0.284524530172348,70.87966918945312,5.38949513877974,4.69921875
02976,935.0869795295026,30.579191937157244,0.4097554683685303,76.6092300415039,1.5486839911611525,3.59765625
02977,1620.676285209491,40.25762393894467,0.31701457500457764,70.36521911621094,3.3305684381639353,4.69921875
02978,269.37393299282104,16.412615056499103,0.4324204623699188,65.1729736328125,1.9824420359187083,4.50390625
02979,280.9442512117578,16.761391684814175,0.4454303979873657,72.60568237304688,2.5438151811992697,4.44921875
02980,88.73274917408624,9.41980621743814,0.2515658140182495,68.14122009277344,5.83403241484538,4.12890625
02981,366.5444459864349,19.145350505708556,0.4848078489303589,76.56238555908203,2.136289205203502,4.6640625
02982,619.4419770330707,24.888591302704754,0.27133965492248535,67.6016616821289,3.276486049048455,4.28125
02983,550.09985692686,23.45420765932757,0.20250104367733002,71.71802520751953,4.338646766234772,4.74609375
02984,736.6642697704939,27.141559825671294,0.363539457321167,70.51114654541016,3.6360465197639913,4.7421875
02985,91.78467696425953,9.580431982132097,0.2295641005039215,51.950016021728516,2.5799522672364166,3.36328125
02986,4943.48132936647,70.30989496057059,0.28442856669425964,70.47840881347656,4.613718086251387,3.498046875
02987,404.46892609031613,20.11141283178077,0.3765929043292999,75.36978149414062,3.510308248536823,4.734375
02988,1012.2929676694005,31.81655178785722,0.29414355754852295,74.40522003173828,2.6528654471808144,4.921875
02989,272.0170414515215,16.492939139265673,0.24093806743621826,66.9374771118164,2.7916516511616982,4.39453125
02990,732.437815453013,27.06358836985615,0.14581356942653656,50.9722900390625,5.1254948337975605,1.9951171875
02991,1711.3597737054793,41.368584381212266,0.29150664806365967,62.17949295043945,4.720455269034507,4.02734375
02992,425.70082974116167,20.632518744476197,0.41264861822128296,74.85884094238281,2.3303884908441814,4.765625
02993,3214.4255255432463,56.695903957369325,0.3217993378639221,67.92547607421875,3.9157894188206694,4.14453125
02994,321.7991682121309,17.938761613113957,0.2782473862171173,63.31032180786133,4.600170901883103,3.7421875
02995,1024.281160774783,32.00439283559029,0.4062442481517792,75.39247131347656,2.190193496317086,4.90625
02996,411.57984791452844,20.287430786438396,0.49420875310897827,75.71033477783203,2.330013539562029,4.953125
02997,433.57360186036107,20.82243025826623,0.43671715259552,72.97837829589844,2.561963184451101,4.78125
02998,743.9918639768892,27.27621425302436,0.4180392026901245,71.15078735351562,2.2199631096399184,4.7421875
02999,222.66992081252735,14.922128561720923,0.25686508417129517,67.6805191040039,3.735204016631654,4.125
03000,1485.2669357937025,38.53916106759075,0.33511215448379517,67.32585906982422,1.520483217528452,3.666015625
03001,1232.7626497368908,35.1107198692492,0.2874393165111542,67.56349182128906,4.294446949814561,4.80859375
03002,2310.7867710193627,48.070643546964945,0.23948848247528076,73.8486328125,3.5921151529488453,3.265625
03003,716.6850911587532,26.77097478910234,0.3520313501358032,67.84700012207031,4.41917597238959,4.98046875
03004,297.4719204457589,17.247374305840264,0.29896000027656555,66.93189239501953,4.300455150652456,4.22265625
03005,1185.7418868237257,34.43460304437566,0.19527949392795563,51.20066452026367,6.395741591892904,3.4296875
03006,1876.6706875625212,43.32055733208566,0.24751323461532593,56.91957092285156,4.686172775382983,2.896484375
03007,1180.7130116418655,34.36150479303643,0.3030361533164978,66.3161392211914,3.3212932078486426,4.1640625
03008,108.227465240837,10.403243015561879,0.45480355620384216,73.44815826416016,2.708226767179584,4.46875
03009,1265.4409526590682,35.5730368770937,0.26867416501045227,74.27545928955078,3.5650830201420334,4.7734375
03010,3074.014086281819,55.443792134754084,0.2528173625469208,64.89945220947266,3.8234289745293824,3.1015625
03011,351.43277579901815,18.746540368799202,0.30873456597328186,64.69973754882812,2.471214981875544,3.779296875
03012,298.18374026060394,17.267997575301077,0.46991705894470215,75.54147338867188,2.229187310152658,4.74609375
03013,1605.3920568106362,40.06734401992021,0.28601911664009094,57.77303695678711,4.1010795055585305,4.02734375
03014,1865.0220338755378,43.18590086909775,0.27389785647392273,65.08633422851562,3.8241714334854455,3.478515625
03015,981.4090423835369,31.327448705305333,0.29979029297828674,68.30156707763672,3.442235269605691,3.04296875
03016,1487.4397066185354,38.5673398955455,0.17525885999202728,54.82362365722656,4.500192583508897,3.97265625
03017,649.8815082141849,25.492773646941302,0.4452722370624542,71.38469696044922,2.308316552476457,4.9453125
03018,306.24633770253223,17.499895362616666,0.22803010046482086,67.40701293945312,5.3026278833069105,2.681640625
03019,2173.8428806513784,46.62448799345017,0.2697409987449646,61.947349548339844,4.35435773726133,4.34765625
03020,4892.287550515219,69.94488938096349,0.2780854403972626,66.86895751953125,3.2856032591354194,4.83984375
03021,642.2223145773648,25.342105567165582,0.3357464671134949,71.725830078125,3.508168333025915,3.328125
03022,665.6586614110682,25.800361652718518,0.24509169161319733,66.35736083984375,3.966738577072583,3.93359375
03023,638.578899670823,25.27011871105522,0.49420756101608276,75.82391357421875,2.132686553379592,4.91015625
03024,486.02400247646585,22.045952065548583,0.18538857996463776,59.69970703125,4.45888017272978,3.11328125
03025,219.0349407742871,14.799829079225445,0.5120556354522705,70.5095443725586,2.104959122582901,4.734375
03026,1383.5956284991053,37.19671529179835,0.34458982944488525,73.44110870361328,1.805000557309778,4.40625
03027,1194.1316016890785,34.55620930728772,0.19161589443683624,64.02750396728516,5.0231787210238785,3.703125
03028,576.7560111141864,24.015745066813697,0.27280518412590027,63.67105484008789,3.9261858079606693,4.27734375
03029,5422.817638280083,73.63978298637281,0.2798469662666321,71.93941497802734,3.046937046813801,4.53125
03030,2737.255829038832,52.31879040114395,0.21250423789024353,52.624210357666016,5.295684127208238,3.966796875
03031,332.5124459014925,18.2349237975236,0.2939153015613556,62.33587646484375,2.2745090861922117,4.09765625
03032,1479.6006907665148,38.465577998601745,0.20065882802009583,65.11478424072266,3.085760097711086,3.982421875
03033,806.1989083676456,28.393642041267718,0.3155133128166199,73.2972183227539,2.598692006939065,4.59375
03034,3848.9364965609548,62.03979768310786,0.2912643253803253,69.52986145019531,3.723586364802826,4.78515625
03035,177.04656965905687,13.305884775506545,0.3164565861225128,64.51618194580078,2.9901068137608227,4.15625
03036,430.5967758885911,20.750825908589544,0.30867648124694824,69.44122314453125,4.570174346019997,3.9765625
03037,472.2569459511561,21.731473625853265,0.20357084274291992,61.71409225463867,3.0252530906128983,3.755859375
03038,1718.6139671422147,41.45616922898466,0.20889952778816223,61.47547149658203,3.0082666236652043,2.185546875
03039,162.4795802499661,12.746747830327784,0.5041398406028748,70.59618377685547,2.63390783143688,4.69921875
03040,835.9654599937767,28.91306728788519,0.1972789615392685,59.70962142944336,4.472020048135765,4.03125
03041,1338.4945975730445,36.58544242691408,0.43434765934944153,71.6993408203125,1.9196923961849097,4.81640625
03042,1368.899703246306,36.9986446136383,0.37329670786857605,73.79039001464844,2.524658205200946,4.1953125
03043,4867.03526459423,69.76414024836994,0.3030295670032501,69.47608184814453,2.5969223781270703,4.546875
03044,253.87267023960072,15.933382259884457,0.52836674451828,75.78225708007812,2.795800591433316,4.09375
03045,279.3187080521594,16.712830641520885,0.268850713968277,69.58736419677734,3.8927171706364025,4.36328125
03046,541.1135851117027,23.26184827376584,0.31926581263542175,73.52108001708984,2.908528282568476,4.94140625
03047,1025.4153204578215,32.02210674608748,0.2294178605079651,69.53611755371094,3.7058681488454037,3.771484375
03048,1190.2365179728342,34.499804607748636,0.3680931329727173,74.16266632080078,2.7299283141191175,4.19921875
03049,1215.273953753284,34.86077959187494,0.2073003500699997,68.71522521972656,4.18838231106383,3.048828125
03050,669.2219148278778,25.86932381852834,0.31331440806388855,73.6368637084961,4.751434500090709,4.54296875
03051,706.4062736063149,26.5783045660613,0.21171246469020844,59.912681579589844,6.665146987083328,2.861328125
03052,574.6758992440318,23.972398696084458,0.36696770787239075,68.99906158447266,3.143745666840211,3.78125
03053,1415.303081160238,37.62051410015868,0.2950289249420166,69.26615142822266,3.343806170055319,4.08984375
03054,978.8586895785621,31.28671746250415,0.33629611134529114,50.39626693725586,3.602949773863279,1.7041015625
03055,824.3562581565382,28.71160493870968,0.3680911958217621,70.29134368896484,2.412164684847767,4.30078125
03056,741.6369795742241,27.233012678993564,0.3439665138721466,62.86764907836914,3.34492468053894,4.015625
03057,642.4253367213976,25.346110879608286,0.28016397356987,70.95867156982422,2.7754079310119906,4.109375
03058,986.2741566382484,31.405002095816656,0.3594355583190918,73.13233947753906,3.171824273173594,4.890625
03059,1271.4646597100111,35.65760311223977,0.26442474126815796,70.8133316040039,2.408517913655571,3.84765625
03060,236.01983456784157,15.362937042370563,0.28301551938056946,62.84557342529297,3.7781756575495034,4.453125
03061,559.6631613709797,23.657201046847863,0.4501264691352844,73.39202117919922,2.496969316345174,4.85546875
03062,698.0101843516744,26.419882368240675,0.3848704397678375,72.67249298095703,2.1304609857091346,4.51171875
03063,1264.5419593988302,35.56039875196607,0.28330197930336,69.44319152832031,3.668381647218908,4.0078125
03064,176.50588781698102,13.285551844653687,0.3330070972442627,71.42794799804688,2.869576884086595,3.625
03065,1607.9478029466854,40.09922446814508,0.29325565695762634,60.344993591308594,3.594843646260864,4.296875
03066,1401.4073860153546,37.435376130277554,0.4784526526927948,73.6021499633789,2.413167042706738,4.7890625
03067,451.6175313977337,21.251294816969004,0.44425690174102783,72.56454467773438,1.8915276738064235,4.43359375
03068,974.1289717542103,31.21103926104048,0.3636817932128906,73.84730529785156,3.2693316086859308,4.9296875
03069,388.9402287506011,19.721567603783456,0.25656548142433167,66.89044952392578,3.2127895944843328,3.693359375
03070,3360.2711009292543,57.967845405269756,0.30930688977241516,68.1332778930664,3.861246901859775,4.12890625
03071,565.9302215326703,23.78928795766427,0.4922192096710205,75.16856384277344,2.0640054246890314,4.90625
03072,380.2070049113903,19.498897530665428,0.4551389813423157,73.16027069091797,1.8571521295113491,4.62890625
03073,617.807289102481,24.855729502520763,0.2725958228111267,71.57547760009766,3.106798541634406,4.22265625
03074,250.75006300591792,15.835089611553132,0.3328288197517395,67.44315338134766,1.8789974025594751,3.9921875
03075,365.4691652758149,19.117247847841877,0.448844850063324,70.04100036621094,2.9091103075265945,4.90234375
03076,787.9598177943463,28.070621970208396,0.23721052706241608,66.07489013671875,3.559036933833481,4.34765625
03077,2432.0024739110945,49.31533710633128,0.24540641903877258,65.04535675048828,3.943214420253022,4.24609375
03078,858.029767579478,29.292145151550063,0.3413335382938385,69.99093627929688,3.2185992317063583,4.71875
03079,178.94568675957353,13.377058225169446,0.2258269488811493,67.49810791015625,2.7327216362956053,3.326171875
03080,634.9584906574056,25.19838269924095,0.2945448160171509,72.74656677246094,3.6351454597160298,4.09375
03081,1114.777382764433,33.38828211759978,0.22315193712711334,63.76407241821289,4.592558996726589,4.1328125
03082,702.5563274867928,26.50577913374351,0.18614043295383453,62.69480895996094,4.564146835202338,3.158203125
03083,404.0454103032167,20.100880834013637,0.27230697870254517,63.57592010498047,3.3147248472726276,4.47265625
03084,548.9156224244684,23.4289483849461,0.36469927430152893,75.64515686035156,3.9834595045707806,4.2890625
03085,754.429933318086,27.466887943814932,0.47836291790008545,76.64217376708984,1.931386634545036,4.375
03086,215.72631461525825,14.687624539565894,0.4195933938026428,73.91735076904297,1.5426241393203945,4.0
03087,1415.4217009621202,37.622090597973425,0.3239334225654602,72.8888931274414,5.002554930289996,4.7109375
03088,397.96293147154114,19.949008282908228,0.3129672110080719,64.95748901367188,3.6175036304660613,4.046875
03089,3823.806987254875,61.836938695692844,0.3158212900161743,70.51813507080078,2.4948605334976444,4.51953125
03090,137.82137057964266,11.739734689491184,0.3072485625743866,72.66606903076172,3.8363275351595885,4.70703125
03091,794.0938378016237,28.1796706475009,0.14344073832035065,48.35261154174805,4.477006586047289,3.25390625
03092,1411.8643317326546,37.57478318942978,0.3051680326461792,73.08930206298828,3.2021124268102374,3.91015625
03093,1106.1749184235125,33.25920802459843,0.4531412422657013,70.85112762451172,2.085301570902955,3.9921875
03094,485.5269773802491,22.034676702421777,0.40013831853866577,74.71662139892578,2.549501577771468,4.90625
03095,3988.388641836401,63.15369064303685,0.31235334277153015,74.15215301513672,3.574565081760538,4.19921875
03096,226.37330532863754,15.045707205998578,0.45963117480278015,76.46080780029297,1.9862325987913843,4.94140625
03097,723.4993574109498,26.897943367680544,0.27071329951286316,61.81571960449219,3.875041158535084,3.935546875
03098,1575.5569862641735,39.693286412996514,0.27334320545196533,64.90446472167969,3.791085415832152,4.87109375
03099,425.7128083967511,20.632809028262514,0.41696977615356445,70.75801849365234,2.0517898427700896,4.3984375
03100,775.6968154855878,27.851334177837654,0.26563602685928345,60.42750549316406,4.46416352034674,4.01953125
03101,2672.254380101734,51.69385244012806,0.21745900809764862,61.15855407714844,3.347526263650191,3.275390625
03102,1375.200100622319,37.08369049356225,0.22097356617450714,61.65143585205078,5.60790183393305,2.2109375
03103,516.9752212673719,22.737089111567734,0.30649927258491516,70.02383422851562,1.9581881914012262,4.078125
03104,640.9377419950293,25.31674825081273,0.4331931173801422,71.42430114746094,2.557005556921276,4.953125
03105,577.5182225018502,24.03160882050659,0.3295445144176483,68.74842071533203,2.874805736198325,4.25
03106,185.4941014576849,13.619621927854125,0.34117358922958374,70.81082153320312,3.52036022032832,4.78515625
03107,636.3445153206148,25.225869961621044,0.4318050742149353,76.6780014038086,2.3890857459999633,4.046875
03108,880.1827203471518,29.66787353935485,0.30694252252578735,73.67205047607422,4.909367641662339,4.77734375
03109,3301.657298216094,57.46004958417713,0.30207714438438416,73.24838256835938,3.908763111997025,4.5078125
03110,1802.378220702377,42.454425219314615,0.29254359006881714,63.2507438659668,3.701709262759683,4.234375
03111,4519.08911449518,67.22417061217773,0.214413121342659,52.29512405395508,3.606967116573445,2.17578125
03112,994.3424576316254,31.533196121415052,0.3782791495323181,73.58747863769531,3.6656270018051984,4.92578125
03113,1021.3929759721727,31.959239289635363,0.21619296073913574,64.3482894897461,3.2844361678032743,4.09765625
03114,618.0100519229354,24.859807962310075,0.2644633650779724,71.38975524902344,4.646000534525874,4.765625
03115,1842.9225891329074,42.92927426748451,0.2070854753255844,67.58129119873047,5.01838007403558,3.501953125
03116,421.9783180520027,20.542110847038156,0.38083189725875854,66.87845611572266,2.4998548390923983,4.20703125
03117,630.0571411189488,25.10093904854854,0.2952539920806885,68.49177551269531,2.7743396998628627,4.33203125
03118,4109.345902026601,64.10418006672109,0.3033425211906433,65.48796081542969,3.602611732537484,4.953125
03119,3699.024760582255,60.81960835604135,0.23042984306812286,55.89830017089844,4.090485499532535,3.33203125
03120,448.7784652040966,21.184392018750422,0.25269293785095215,66.429931640625,4.1093821682908445,3.884765625
03121,419.3619305617347,20.47832831462897,0.420276403427124,70.97314453125,2.6892900754196747,4.5
03122,1627.6187914198001,40.34375777514782,0.3019462823867798,64.39277648925781,2.7141673937603668,3.685546875
03123,203.54966885125677,14.26708340380951,0.5335067510604858,73.72134399414062,2.0948523292427277,4.91796875
03124,588.5498597659634,24.26004657386221,0.33054763078689575,69.42191314697266,1.9259847746415377,4.23828125
03125,589.8730319316104,24.28730186602889,0.30038753151893616,59.85603332519531,3.5756730757466193,4.74609375
03126,1812.6060682920204,42.57471160550615,0.34779632091522217,72.56658172607422,3.7953010874345723,4.41015625
03127,241.32445688720574,15.534621234108211,0.35860735177993774,68.86766815185547,2.3465922399462937,3.88671875
03128,2070.71944600732,45.505158454919375,0.24452167749404907,64.21078491210938,3.9192411386121266,3.921875
03129,108.66774798388927,10.4243823790136,0.3702566623687744,72.78058624267578,1.9326817792062208,4.8984375
03130,556.4510870346671,23.589215481542983,0.25229617953300476,68.21724700927734,4.5868626754798925,2.6640625
03131,153.2825557656454,12.380733248303406,0.4861157238483429,75.85629272460938,2.6820063379851886,4.94140625
03132,1462.303770486979,38.24008068096848,0.19211706519126892,64.08699035644531,4.3565346619676575,3.552734375
03133,1554.6143378841914,39.42859797005457,0.24671359360218048,64.65332794189453,3.151801888911984,3.419921875
03134,4130.575659036758,64.26955468211024,0.21771052479743958,59.69975662231445,5.816207486960953,3.02734375
03135,3482.3238661742175,59.0112181383694,0.31858256459236145,63.641693115234375,3.215938851066166,4.64453125
03136,291.64117871996115,17.07750504962482,0.5035645961761475,72.5162582397461,2.251373801777418,4.78515625
03137,651.4751382617249,25.524011014370856,0.25101304054260254,60.155208587646484,3.854841068144914,3.912109375
03138,538.5948630907047,23.207646651280797,0.3300471305847168,74.2641372680664,4.441272321297158,4.1171875
03139,1127.419768068749,33.57707205920059,0.1527935117483139,52.52147674560547,6.438639942930054,2.609375
03140,88.22175932644853,9.392643894370133,0.24440240859985352,51.650482177734375,5.207487103321468,3.49609375
03141,2536.7633996442923,50.366292295981964,0.28858211636543274,73.75840759277344,4.304423183402513,3.75390625
03142,1284.1426667079913,35.83493639882721,0.49879637360572815,73.62696075439453,2.0978695161358054,4.90625
03143,728.5031704206526,26.990797884105845,0.23352272808551788,72.10020446777344,3.495749780001034,3.939453125
03144,347.62450138129464,18.64469097038872,0.42939841747283936,69.98278045654297,2.002085398812517,4.51953125
03145,2265.1202232652176,47.59327918167877,0.1511029303073883,62.266807556152344,5.524840226355432,3.3359375
03146,377.7308964517136,19.435300266569424,0.46670129895210266,73.17980194091797,2.24285210940211,4.6953125
03147,291.5519750123656,17.07489311862202,0.37288618087768555,68.75568389892578,1.7445624958528672,4.09375
03148,128.5857490154734,11.339565644921034,0.522302508354187,71.87644958496094,2.4075262996969395,4.921875
03149,149.19028295563493,12.214347422422327,0.4720604717731476,72.81673431396484,2.475920246128584,4.890625
03150,4344.2338883908,65.9108025166649,0.30961373448371887,73.37421417236328,1.8942306945260268,3.609375
03151,495.42789849058295,22.25820968745202,0.3112027943134308,58.96559143066406,2.8775848579201315,4.46484375
03152,570.3710330560134,23.88244194080692,0.409684419631958,59.52603530883789,2.1244965988793068,4.4609375
03153,1935.1799203337782,43.9906799257954,0.29312893748283386,66.58988952636719,3.623223314001282,3.10546875
03154,243.87597226919084,15.616528816263582,0.24120734632015228,65.27767944335938,4.658219696684972,4.0390625
03155,1051.9447000302787,32.43369698369705,0.24203111231327057,64.0766372680664,3.683884649820484,3.328125
03156,548.7483787623308,23.425378945970774,0.5354969501495361,76.17599487304688,2.3451729311568865,4.89453125
03157,1603.9751409188464,40.049658436981034,0.4635399281978607,66.94217681884766,4.97033652527343,3.083984375
03158,1134.7997027923893,33.68678825285054,0.27248063683509827,63.40711212158203,4.711297266358957,3.64453125
03159,634.5845240836214,25.19096115839214,0.46392396092414856,73.73253631591797,2.114658423355351,4.89453125
03160,1511.8787808202503,38.88288544874532,0.2646438777446747,68.29447937011719,3.4795719161592995,4.4765625
03161,271.193444416876,16.467952040763173,0.4439280331134796,71.49174499511719,2.6534925184508076,4.6875
03162,1418.9965235322525,37.66957025945813,0.44443994760513306,73.65299987792969,1.6484066971523899,3.775390625
03163,615.5338126267147,24.80995390214812,0.2640148997306824,60.119110107421875,3.5244120388980917,3.78515625
03164,2233.894827266072,47.264096598433696,0.20634905993938446,66.20381164550781,3.500763838853542,3.671875
03165,1221.5038082497856,34.95001871601481,0.18952085077762604,61.52783203125,5.414235266231656,3.48046875
03166,299.11928569578595,17.29506535679429,0.306506872177124,68.14328002929688,3.2169113330894135,4.38671875
03167,2440.9755133740227,49.4062294996696,0.3511377274990082,70.51361083984375,1.926137689778376,3.931640625
03168,4291.056645966991,65.50615731339299,0.5035625100135803,73.18585205078125,2.6268984703274625,4.33984375
03169,806.0247727562072,28.390575421364872,0.3178999722003937,72.9351577758789,4.026486486647668,4.61328125
03170,1039.0505460140803,32.23430697275932,0.26784709095954895,65.6507568359375,1.9921579100788116,3.658203125
03171,952.3245073992273,30.859755465642095,0.24300557374954224,72.20799255371094,2.8907259440593274,3.796875
03172,998.6671619040933,31.60169555425932,0.30830633640289307,65.54401397705078,3.416408642028081,4.28125
03173,1331.0541821138545,36.48361525553429,0.16296713054180145,47.49298095703125,6.205279974764555,3.1875
03174,850.414942697086,29.161874814508856,0.17909781634807587,52.904964447021484,4.682955937747289,3.44140625
03175,297.4208081553695,17.24589250098033,0.1518695056438446,51.944580078125,6.384527951931573,3.044921875
03176,1419.3713084535066,37.67454456862759,0.22646571695804596,60.747459411621094,3.151663891839091,2.845703125
03177,275.86672167805085,16.609236035352463,0.4550936222076416,74.07744598388672,2.1395629538174386,4.85546875
03178,564.9411561188414,23.76849082543613,0.4072110056877136,73.875,2.4345841350307045,4.01953125
03179,347.54673847305565,18.642605463643104,0.5380797982215881,75.60848999023438,2.632489872411701,4.8359375
03180,413.07529563062235,20.32425387635724,0.304120272397995,66.65898132324219,3.59206793267808,4.21875
03181,596.2092077193,24.417395596568035,0.3469955623149872,75.79204559326172,2.9635568963010326,4.953125
03182,649.6931510739739,25.48907905503794,0.4994995892047882,75.61063385009766,2.1240061132431824,4.93359375
03183,1877.8388939898912,43.334038514658324,0.2841810882091522,66.02251434326172,3.2360627441496543,4.796875
03184,2429.6306004382204,49.29128320949071,0.2633027136325836,72.31132507324219,3.5858710962428004,3.779296875
03185,266.6127931461472,16.328282002285093,0.3408508002758026,67.07568359375,4.2732883345638895,4.62890625
03186,888.3223022251642,29.80473623814115,0.41972362995147705,74.57632446289062,2.8769176410454804,4.85546875
03187,313.40028625622017,17.703115156836667,0.44079628586769104,75.04837036132812,1.7050779709337676,4.7109375
03188,837.8868300984495,28.946274891571964,0.26470354199409485,64.86444091796875,3.377626155328104,3.96875
03189,384.8431400719368,19.617419302037074,0.4154781103134155,74.99212646484375,2.1330667827079544,4.82421875
03190,678.6775868920072,26.051441167275318,0.31466129422187805,68.97100067138672,3.4244432488138665,4.53515625
03191,1028.6159640265148,32.07204334036911,0.1661527156829834,57.56863784790039,5.024911869335112,4.0703125
03192,208.76479590790356,14.448695301234073,0.39932504296302795,69.52249908447266,2.3368370021743257,4.8359375
03193,232.01603172231034,15.232072469703864,0.2893109619617462,69.23423767089844,2.402422039641551,4.09375
03194,49.895457929923424,7.063671703152931,0.4964267313480377,76.6314926147461,2.9077469713504733,4.69921875
03195,524.8285789784546,22.909137456012058,0.23624400794506073,50.46827697753906,6.249905779003316,3.9609375
03196,140.22674009066836,11.841737207465311,0.4710114598274231,73.4721908569336,1.9968248821570809,4.71875
03197,308.40591417356217,17.561489520355675,0.4330478608608246,75.78668975830078,1.8323964924331886,3.982421875
03198,93.23225508240328,9.655685117194082,0.43784189224243164,75.18230438232422,3.271836830698945,4.7421875
03199,690.0949379856694,26.269658124643904,0.24183513224124908,67.10916900634766,4.008791332887022,3.876953125
03200,204.60544290329415,14.3040358956238,0.39026448130607605,71.81795501708984,1.8093708781131128,4.25
03201,1757.5214970545637,41.92280402185145,0.27638018131256104,67.83964538574219,4.111210414221139,4.875
03202,486.91763708634716,22.06621030186985,0.26953157782554626,64.46984100341797,2.74035880326719,3.939453125
03203,1118.0351793373134,33.43703305225081,0.23763209581375122,66.18447875976562,4.123666831493602,3.978515625
03204,504.1948011620776,22.4542824682081,0.31058573722839355,66.63660430908203,2.218420752766664,3.966796875
03205,2638.8784329992536,51.370014921150776,0.2719714939594269,68.23326873779297,3.2628548391474466,4.1328125
03206,535.4077423903093,23.138879454077056,0.2742457389831543,72.09577941894531,4.052400063581169,4.74609375
03207,2414.4399405415097,49.13695086736162,0.25734859704971313,60.67326354980469,5.70705123970075,3.6328125
03208,141.38014943632612,11.890338491242632,0.346032977104187,72.83943176269531,2.934841791346459,4.6796875
03209,215.06258395802055,14.665012238590888,0.3008105158805847,74.4955062866211,2.9257868950314436,4.8046875
03210,577.2443994624352,24.025911001717194,0.25802528858184814,69.74620056152344,3.4760769851018973,3.958984375
03211,145.09443641199044,12.045515199110017,0.4077206552028656,69.52876281738281,2.9513402295331104,4.72265625
03212,1009.9843757335616,31.78025134786636,0.32240504026412964,64.58428192138672,1.848758254830429,3.732421875
03213,547.5252258242015,23.39925695025809,0.31258636713027954,73.35872650146484,3.202082091161716,4.69140625
03214,1474.1194074111231,38.394262688728936,0.15384188294410706,59.749881744384766,3.280242546294633,2.4921875
03215,1266.3382080042948,35.58564609508017,0.28306135535240173,64.71240234375,3.582445957648707,3.3046875
03216,2334.62422155413,48.317949268922106,0.22443288564682007,63.20175552368164,8.905952830881347,3.771484375
03217,865.9479442465138,29.426993462576394,0.20510655641555786,53.15907669067383,3.3519458634222947,3.99609375
03218,1099.8364596355425,33.16378234815116,0.34111401438713074,72.81461334228516,2.5888547380747893,4.4921875
03219,1313.5033805162561,36.24228718660366,0.2686639428138733,62.72454833984375,6.8518650180103515,3.9296875
03220,274.532913694491,16.5690347846364,0.35417407751083374,73.30838012695312,3.8464300513708136,3.759765625
03221,2862.6073926839067,53.50334001428235,0.3825148940086365,73.82935333251953,2.480765392714791,4.92578125
03222,1036.4687803317017,32.19423520339785,0.33210912346839905,72.08900451660156,3.7753025834503577,4.7578125
03223,124.43786237079247,11.155172000950612,0.5680180788040161,74.03199005126953,2.2641467561348168,4.9375
03224,2064.277832369912,45.43432438553381,0.2575412392616272,62.00564956665039,5.286510382063439,3.345703125
03225,1130.8445322507448,33.62803194138403,0.24142707884311676,58.21312713623047,7.117523654761814,2.759765625
03226,505.88173243372785,22.49181478746719,0.31003841757774353,67.61470031738281,3.12935739253637,3.572265625
03227,870.3491700880955,29.501680801067852,0.36476147174835205,74.99620056152344,2.976187281745606,4.69921875
03228,158.39872001643766,12.585655327254027,0.3053002655506134,69.72236633300781,3.8390216710566563,4.33984375
03229,1681.734619236295,41.00895779261276,0.22853517532348633,61.666873931884766,6.003951586999391,3.28125
03230,1663.607305635974,40.7873424684175,0.21339640021324158,59.96816635131836,3.8883495502104326,4.05859375
03231,3395.173189778416,58.26811469215746,0.18695791065692902,63.874916076660156,4.611545528690117,4.2578125
03232,4112.71359350843,64.1304420186578,0.2039281576871872,64.69110870361328,5.011639799797285,3.705078125
03233,2644.1832958495147,51.421622843406205,0.21502648293972015,65.65248107910156,3.031706340331546,3.529296875
03234,567.1526512935596,23.81496695974109,0.43904033303260803,74.45086669921875,1.6102580380168485,4.1640625
03235,1523.7947586352168,39.03581379496547,0.188216432929039,61.42570495605469,4.618944446622736,4.01953125
03236,1200.1764031991352,34.64356221867398,0.32519927620887756,72.41291809082031,3.4843606992037492,3.408203125
03237,516.7104318601133,22.731265513827278,0.26924288272857666,73.66812133789062,3.2902180867268163,4.703125
03238,488.4994737137985,22.102024199466403,0.3362261652946472,66.03058624267578,2.4215691316624177,2.943359375
03239,1570.8776341001849,39.63429870831809,0.43303343653678894,69.1502685546875,3.4757975282690143,4.37109375
03240,253.2766881163586,15.914668960313268,0.20522627234458923,58.7944221496582,4.024250847923289,3.310546875
03241,1667.485166088609,40.83485234562027,0.4273872673511505,74.14955139160156,1.6253298585159313,4.70703125
03242,4201.8253279249375,64.8214881649977,0.30544960498809814,66.24147033691406,3.7327699001301795,3.166015625
03243,1372.3607317242709,37.04538745544809,0.2719839811325073,68.59603118896484,3.844043543756442,4.83203125
03244,131.2912444095715,11.458239149606344,0.4154243767261505,72.34234619140625,2.4112162244252193,4.91796875
03245,117.05427454801858,10.819162377375552,0.3804284334182739,76.0904541015625,1.8006427238528238,4.22265625
03246,1986.5429147647344,44.57065082276379,0.1442534327507019,53.00117492675781,4.6976838290138545,3.7109375
03247,171.0305001689191,13.077862981730583,0.4343250095844269,72.85965728759766,1.8115979616683997,4.42578125
03248,1693.1786553234551,41.14825215393061,0.22653253376483917,60.95109939575195,4.285808178200084,2.720703125
03249,1681.7164920109487,41.00873677658151,0.43173372745513916,72.14234924316406,3.1997016434445515,2.501953125
03250,344.36335421352777,18.557029778860834,0.40049582719802856,71.454345703125,3.36858034946473,4.0
03251,958.0493518384005,30.952372313578817,0.3281186521053314,72.75764465332031,2.6109450042226303,4.859375
03252,1858.1780198244242,43.106589053466344,0.35283681750297546,52.5203971862793,2.1188059920049986,4.0234375
03253,660.5127251710372,25.70044212014722,0.3199128210544586,66.94058990478516,2.637642520499828,4.4375
03254,477.02422484379997,21.840884250501396,0.3355318009853363,60.73418426513672,2.5073726367865614,3.87109375
03255,1762.1848473122875,41.97838547767515,0.3855704069137573,70.94976806640625,2.06629519454736,4.9453125
03256,2111.312122641789,45.949016557939395,0.23550698161125183,65.1583023071289,3.044764522298817,3.4609375
03257,381.602795159677,19.53465625906115,0.43602827191352844,73.17395782470703,1.6920006708598048,4.6640625
03258,963.4302909049011,31.03917348939725,0.32923561334609985,70.06204223632812,2.746829687957691,4.16796875
03259,1129.0936796819649,33.60198922209762,0.35223501920700073,73.5122299194336,2.6824791702557174,4.83984375
03260,1520.853619405449,38.998123280556065,0.41735440492630005,66.17726135253906,3.9515753528179474,4.0078125
03261,295.96282835750407,17.203570221250708,0.32223930954933167,66.31912994384766,3.6116589959076744,3.544921875
03262,117.47086535507664,10.83839773006493,0.3724488615989685,67.90165710449219,3.7183944706978607,4.19921875
03263,582.17332286103,24.128268128090543,0.20376066863536835,64.04082489013672,5.58576053673694,2.982421875
03264,697.4863530648222,26.409966926613563,0.3635820746421814,76.02716064453125,3.864971741639831,4.015625
03265,555.3103576285683,23.56502403199641,0.47692933678627014,71.73888397216797,2.123077571727313,4.4921875
03266,5113.275583256156,71.50717155122383,0.31703615188598633,72.6275863647461,2.2982064119798054,4.36328125
03267,2722.4894749903347,52.17748053509612,0.21755053102970123,68.34439086914062,4.2232216333709465,2.8828125
03268,182.03056392602718,13.491870290142401,0.42682814598083496,76.3458251953125,3.1222085410419043,4.4296875
03269,405.4530595794063,20.1358650069821,0.2733621299266815,68.1806640625,3.100280766199528,3.099609375
03270,960.987533217702,30.999798922214026,0.13823720812797546,59.51173782348633,5.3055484775609685,2.6796875
03271,611.7985954926822,24.734562771407184,0.3259107768535614,74.28406524658203,2.8011132832033425,4.90234375
03272,1091.8654598480884,33.04338753590631,0.33622995018959045,63.220943450927734,1.927025400397493,4.0
03273,129.95373653274805,11.39972528321398,0.3605504333972931,74.9297866821289,2.5971337378065584,4.72265625
03274,385.2976485302087,19.629000191813354,0.30712926387786865,61.324790954589844,3.5630114471270997,4.40234375
03275,2663.5456738269113,51.60955021918822,0.3828488290309906,73.13172149658203,3.3104257792516183,4.9765625
03276,950.6003775457893,30.831807886431008,0.35200488567352295,73.21599578857422,3.580018548814049,4.11328125
03277,205.5762571906093,14.337930715086097,0.23154743015766144,63.3070182800293,5.28480635188616,3.11328125
03278,640.4800028106918,25.30770639174344,0.26873302459716797,60.27727127075195,4.860823456504063,4.32421875
03279,779.2095354345545,27.91432491454082,0.3930242955684662,61.645965576171875,4.176483609099812,2.3984375
03280,255.704741076503,15.990770496649091,0.42308467626571655,74.45484161376953,1.630108033847236,4.34765625
03281,511.54006740116915,22.61725154392481,0.3104931712150574,72.99815368652344,4.183753393561033,4.83984375
03282,617.8870362981721,24.85733365222771,0.27975621819496155,68.11775207519531,4.917794268959268,3.98828125
03283,2349.1847377184204,48.468389056357346,0.22946524620056152,66.29042053222656,4.548414831102708,3.529296875
03284,340.11230108916374,18.44213385400843,0.31843775510787964,75.9309310913086,4.715697558237115,4.1328125
03285,701.1834592561517,26.479868943334136,0.17843912541866302,55.577449798583984,3.847971394641868,3.892578125
03286,636.9592590932332,25.238051808593173,0.2982582449913025,60.661495208740234,3.193403685418056,3.845703125
03287,1434.322055499105,37.872444540841364,0.21742628514766693,50.16189956665039,5.531335754321259,3.037109375
03288,377.0094934723503,19.4167323067593,0.28698301315307617,59.064273834228516,4.061381531635729,4.2578125
03289,623.9033005746531,24.978056381044805,0.13440565764904022,57.730464935302734,6.521987063337121,3.25390625
03290,52.83628418441271,7.268857144311801,0.4933651387691498,75.64195251464844,2.476044220136082,4.7421875
03291,736.703712046002,27.142286418907343,0.34993788599967957,61.15069580078125,3.539818504342008,4.11328125
03292,3679.225408421264,60.6566188343965,0.26333633065223694,67.54642486572266,4.124279102691447,3.55859375
03293,2227.267479914599,47.19393477889504,0.1768660545349121,58.90309143066406,4.774004086763327,2.150390625
03294,451.9029478095181,21.258009027411717,0.14763037860393524,52.24383544921875,6.853808744320592,2.7890625
03295,162.52024362253894,12.748342779457216,0.5011265873908997,70.5030517578125,2.6863458938986104,4.69921875
03296,583.5998269994657,24.15781089005098,0.3235589265823364,70.86400604248047,3.51192806253227,4.04296875
03297,132.9427339131484,11.530079527615948,0.36989736557006836,74.84151458740234,2.834047509423266,3.40625
03298,587.09411813683,24.23002513694177,0.1147032082080841,59.04722213745117,5.668730243634883,3.392578125
03299,228.21150905456744,15.106671011661287,0.24684296548366547,68.6365737915039,2.8303634553980754,4.0
03300,626.4846263049261,25.029674914087998,0.32447564601898193,68.15398406982422,2.1216102576901985,4.51953125
03301,406.7268602462765,20.1674703482186,0.4328472316265106,60.32719421386719,1.5415193625776105,4.17578125
03302,348.9176839966897,18.679338425026987,0.2782299518585205,64.10974884033203,3.9230655692821723,4.51953125
03303,5824.053389806835,76.31548591083487,0.3518061339855194,70.68405151367188,2.3894902802333364,3.673828125
03304,388.8406145092592,19.71904192675849,0.31201809644699097,74.77729797363281,3.7806274979609875,4.30078125
03305,589.2612452455437,24.274703813755252,0.2463560402393341,70.20613098144531,3.972052514427878,4.81640625
03306,1458.6061851817085,38.191703093495434,0.3130224347114563,71.646484375,2.1272059822333484,4.16796875
03307,1574.7608875658668,39.68325701811618,0.1979689747095108,66.85891723632812,3.509625183557388,3.509765625
03308,4945.076612012066,70.32123869793583,0.3434559106826782,54.98796081542969,1.6294945112452495,4.08984375
03309,808.8785535322993,28.440790311316935,0.348565012216568,73.08136749267578,2.4461787403382598,4.80859375
03310,3300.78197925669,57.452432318020186,0.23931507766246796,67.2686767578125,3.089282165356741,3.154296875
03311,194.25540034615233,13.937553599758902,0.3368622958660126,67.22201538085938,1.777556636526199,4.8046875
03312,2351.9754840195455,48.49716985577143,0.37498462200164795,75.92794036865234,2.487661262684984,4.97265625
03313,420.5919688508363,20.508339007604597,0.2626800537109375,63.26484298706055,4.080109411616777,3.30078125
03314,2523.7987191753236,50.23742349260483,0.18044975399971008,61.477012634277344,4.179679643502566,3.0078125
03315,2795.9694886601783,52.87692775360704,0.24461477994918823,68.41608428955078,4.608638908303988,3.25
03316,1673.7614531963338,40.91162980371637,0.2831677198410034,67.4931411743164,2.8951609485473044,4.06640625
03317,1310.4644476918086,36.20033767372631,0.2758091986179352,62.57277297973633,4.452237771648668,3.771484375
03318,796.2377067004991,28.21768429018404,0.31991785764694214,69.19496154785156,3.321138621450259,3.77734375
03319,1112.375097766909,33.35228774412497,0.3356066644191742,72.59829711914062,3.723472113524826,4.71484375
03320,186.33720322349285,13.65053856899034,0.24756227433681488,61.947513580322266,3.073722291113502,3.67578125
03321,574.2052541625617,23.962580290164116,0.3200280964374542,67.33104705810547,2.9214415239674145,4.43359375
03322,1422.701554547292,37.71871623673441,0.39772024750709534,71.06587219238281,2.5755397447334767,4.30078125
03323,168.9053107388839,12.996357595068085,0.3011791706085205,65.8791732788086,4.697086302516054,4.62890625
03324,1020.1823530957681,31.940293566211444,0.26391154527664185,68.39258575439453,4.26955140560727,3.90234375
03325,204.44649890987444,14.298478901962769,0.26401135325431824,67.78489685058594,3.7334410017174475,4.484375
03326,2364.6875501639765,48.62805311920246,0.1758507788181305,59.68613052368164,4.9031193468354255,3.88671875
03327,103.60327079124633,10.178569191750201,0.43479418754577637,69.96697235107422,3.17500084914443,4.875
03328,184.73904886985238,13.591874369263879,0.36864903569221497,72.5436019897461,3.25406586727343,4.91015625
03329,1006.4937248572116,31.725285260454502,0.1847703456878662,52.06550598144531,5.432528407638673,3.61328125
03330,319.8317009205382,17.88383909904521,0.2762521505355835,68.7703857421875,3.241497280209155,4.0625
03331,313.179678897183,17.69688331026633,0.1852012276649475,68.75886535644531,5.139723000610613,3.0
03332,197.78709288675395,14.063679919805981,0.4415833652019501,73.55745697021484,2.337809174930886,4.15234375
03333,221.1113567492757,14.869813608424138,0.24963463842868805,70.85953521728516,3.025324449155877,4.73046875
03334,489.079540532886,22.115142787983217,0.31169629096984863,64.20065307617188,3.927508451920795,3.8203125
03335,110.22137620698327,10.49863687375572,0.5432122349739075,73.16195678710938,2.974519894269376,4.87109375
03336,676.8971336844863,26.01724685058906,0.34394487738609314,74.53607940673828,3.215986447142416,4.65234375
03337,1921.564601907808,43.835654459672526,0.3195028007030487,63.175228118896484,1.838809235270015,4.12109375
03338,551.2362050924737,23.478419987138693,0.2861851751804352,69.64566040039062,2.995753363489488,3.654296875
03339,561.1373790531371,23.68833846121625,0.2980835735797882,68.4573974609375,4.37404527468252,4.45703125
03340,828.7101892446044,28.787326886055336,0.22681467235088348,61.37445831298828,3.333447686734967,3.708984375
03341,889.6950875398257,29.827756998135573,0.23872710764408112,61.82900619506836,4.8348955198946255,3.361328125
03342,2655.477777468108,51.53132811667198,0.2738248109817505,67.94190216064453,4.525907808940082,4.0390625
03343,308.16614383720764,17.554661598481687,0.32404187321662903,71.18450164794922,3.958074867349832,3.53515625
03344,166.42828736531132,12.900708793136573,0.3799845576286316,75.45828247070312,3.640894770380361,3.447265625
03345,2631.2094578038564,51.29531613903804,0.38143786787986755,72.62100982666016,1.5012684012635213,4.078125
03346,1168.454766091181,34.18266762690093,0.27954792976379395,66.58171844482422,3.421850049580453,3.203125
03347,3164.948260839215,56.25787287872885,0.42849478125572205,75.25059509277344,1.8682852025527061,3.671875
03348,818.6132491503352,28.61141816041867,0.28775203227996826,73.46399688720703,2.756632544913721,4.3046875
03349,1385.8985571758622,37.227658497088726,0.2785542905330658,64.6780014038086,3.4922114367490753,3.302734375
03350,860.0841597759523,29.32719147439714,0.24212241172790527,53.59772491455078,4.284415977618546,4.0625
03351,224.5587829103293,14.985285546506256,0.5133057236671448,70.88289642333984,2.647870257729319,4.76953125
03352,1381.06951155289,37.16274359560782,0.357599675655365,66.70528411865234,3.4033135322564654,4.83984375
03353,1667.605001740914,40.836319640008135,0.33432886004447937,64.53646087646484,1.7759108531184373,3.412109375
03354,597.2300092026876,24.438289817470608,0.18305708467960358,64.21408081054688,4.443643877502344,2.685546875
03355,1135.4923825144585,33.69706786227043,0.36663320660591125,71.92326354980469,3.586049359429384,2.72265625
03356,1712.006851685995,41.376404528257346,0.41166824102401733,73.53385925292969,4.091668474789939,4.28515625
03357,531.652865052843,23.057598857054543,0.30892544984817505,70.19873046875,1.903563794001606,4.10546875
03358,21.523628616100073,4.639356487283562,0.45692726969718933,67.23307037353516,3.009929473794971,4.83203125
03359,1283.7741121825948,35.82979363857117,0.3291844129562378,60.15717697143555,3.198394767982356,4.390625
03360,241.49689802521803,15.540170463196922,0.4379204511642456,72.84864044189453,1.4735532431007674,4.66796875
03361,1173.9044590506612,34.262289168277434,0.29616057872772217,70.14592742919922,2.694986556673896,4.2109375
03362,125.02564901869249,11.181486887650161,0.32852140069007874,72.00953674316406,2.1586399131688254,3.845703125
03363,569.027899143247,23.854305673048778,0.2894497215747833,72.25879669189453,2.872319665987102,4.2578125
03364,1496.9114294539174,38.689939641383745,0.27863794565200806,65.1983871459961,2.51583835916964,4.515625
03365,242.66608293712204,15.577743191397207,0.42497217655181885,69.93352508544922,2.180178336945904,4.06640625
03366,345.647930643911,18.5916091461689,0.39298972487449646,72.95637512207031,2.0305048567323207,4.265625
03367,3029.2233760381814,55.03838093583587,0.18566030263900757,54.55328369140625,5.190280551588147,3.521484375
03368,1405.9485129873117,37.49597995768762,0.36098653078079224,68.94783782958984,2.358921875827234,4.22265625
03369,818.112253771919,28.602661655376043,0.38822701573371887,74.33363342285156,1.5583030348090676,4.390625
03370,362.69716495987194,19.044609866307894,0.3079824149608612,71.39041900634766,3.735063779298226,4.12109375
03371,655.4385825665502,25.601534769746717,0.21099969744682312,69.2255859375,3.11927708160238,3.833984375
03372,7347.937478397767,85.72011128316252,0.19111867249011993,61.228023529052734,6.09937839924806,2.53125
03373,207.32254889868656,14.398699555817066,0.5007688999176025,73.04940032958984,2.4983785557837694,4.375
03374,13.891716918526646,3.7271593631781625,0.44019535183906555,75.17845153808594,2.225980500203781,4.47265625
03375,3323.399012979445,57.64892898380199,0.2985754609107971,72.26935577392578,3.873116246944995,3.896484375
03376,350.59640071676074,18.724219629046246,0.4092395603656769,69.26488494873047,2.7577797107720405,4.78515625
03377,239.39427377619464,15.472371304237583,0.31439685821533203,73.04314422607422,2.683043232660218,3.291015625
03378,5606.316685150204,74.87534096850715,0.2672906219959259,66.11741638183594,3.463038322126873,4.53125
03379,1060.0532675963716,32.55845923253082,0.2545482814311981,75.20079803466797,4.702819759222306,4.37109375
03380,1125.2625299521621,33.54493299966721,0.3272648751735687,67.13548278808594,3.658859761518699,4.6640625
03381,344.02940524758645,18.54802968640029,0.3799424469470978,73.55736541748047,2.5885710279658363,4.8515625
03382,6462.798849598999,80.39153468866607,0.2950945496559143,64.68247985839844,4.251353542501718,3.9296875
03383,886.7314958832462,29.778037139530305,0.3611460030078888,76.1229019165039,3.84452342367886,4.86328125
03384,333.9596401995743,18.274562654125933,0.30536094307899475,73.0193862915039,3.9092661643095523,3.966796875
03385,723.1213701979391,26.890916127903473,0.29303887486457825,55.00598907470703,2.2982855332391994,3.826171875
03386,214.20997111504198,14.635913743768853,0.16872689127922058,49.29005813598633,6.285039357721579,2.794921875
03387,776.354971595911,27.863147194742933,0.4541987180709839,59.342567443847656,2.1597420751259797,2.232421875
03388,183.56284669441106,13.548536699378685,0.45603105425834656,72.9357681274414,2.046640156100762,4.58984375
03389,1083.9794405042944,32.92384303972266,0.3176978826522827,68.9721908569336,2.7275072142010197,3.162109375
03390,2380.985120647093,48.795339128313195,0.19657209515571594,62.44126510620117,4.3473631984359535,3.45703125
03391,332.22713957869433,18.227099044518695,0.19000141322612762,53.35328674316406,4.726800233907417,2.279296875
03392,2789.610698434141,52.81676531589322,0.18317221105098724,62.94224548339844,4.673388870183642,3.072265625
03393,1107.8055163007991,33.283712477739,0.3042706251144409,64.06151580810547,3.245074837698769,4.5859375
03394,242.61863193841123,15.576220078645886,0.28546708822250366,69.68106079101562,4.770785868095419,4.19921875
03395,2512.75113949111,50.1273492166812,0.2401365339756012,64.95650482177734,2.9421025719175224,4.01171875
03396,1044.0090470251068,32.31112884170262,0.39231204986572266,73.36982727050781,1.9783129299325126,3.322265625
03397,937.6513253420393,30.621092817566772,0.23074452579021454,58.913414001464844,4.027196218701162,3.681640625
03398,965.2122710851881,31.06786557015445,0.20969673991203308,59.01905822753906,5.015282005509391,3.06640625
03399,4799.41908228688,69.27783976342565,0.30432990193367004,71.342041015625,3.453971489603949,4.15625
03400,1838.6812427934083,42.8798465808054,0.19620807468891144,58.46495819091797,4.008437845086603,2.279296875
03401,1761.7374628854018,41.97305639199273,0.23963220417499542,62.31496047973633,3.342676230731422,3.546875
03402,660.0003413671262,25.69047180117808,0.12386682629585266,58.9860725402832,7.65591629969,2.955078125
03403,348.523504102399,18.668784215968618,0.4508810043334961,72.60677337646484,2.0415422960594714,4.125
03404,565.367109889821,23.777449608606492,0.22142845392227173,59.73564147949219,4.591957693588244,3.658203125
03405,1923.740842646257,43.86047015988608,0.4822719097137451,75.55104064941406,2.467091677083797,4.75
03406,380.79840803793,19.51405667814691,0.283820778131485,65.45466613769531,3.3968011654354533,3.392578125
03407,309.7796370776439,17.60055786268276,0.41197308897972107,73.30839538574219,1.2231774320448425,4.734375
03408,2257.863192051669,47.51697793475159,0.2593660354614258,64.8936996459961,3.0396529213731447,3.572265625
03409,1316.758750435947,36.28717060389177,0.3386181592941284,70.9962158203125,3.816457302619157,3.552734375
03410,230.0214278883998,15.166457328209505,0.5179363489151001,75.74678039550781,2.8896576990970466,4.453125
03411,107.4750596398963,10.36701787593213,0.36004334688186646,71.51889038085938,2.7007409001265765,4.30078125
03412,1720.65148015111,41.480736253725176,0.4091159701347351,72.16405487060547,1.7115477157914443,4.18359375
03413,130.75324693957,11.434738603902145,0.4830581843852997,74.74793243408203,2.301720357959399,4.84375
03414,3448.5598246199706,58.72443975569261,0.3019579350948334,64.65160369873047,2.9590560384306226,4.640625
03415,690.8100988266065,26.28326651743665,0.25566625595092773,70.23847961425781,5.2607806016035825,4.47265625
03416,979.3604759809317,31.29473559531909,0.25768721103668213,64.13874053955078,3.007309684857752,3.61328125
03417,951.0254349982533,30.838700280625535,0.3197428584098816,73.65723419189453,3.2911255748592168,4.94140625
03418,220.18861215531967,14.83875372648659,0.39847368001937866,72.26012420654297,2.2475291840710874,4.3359375
03419,537.4867009236114,23.183759421707503,0.2154831886291504,59.462669372558594,5.114929637319347,3.97265625
03420,1199.1530363897703,34.628789126820045,0.26419758796691895,55.12699890136719,4.20690901242561,3.892578125
03421,78.90679959816448,8.882949937839596,0.3103848397731781,68.13764953613281,4.348911656536801,4.10546875
03422,27.42704442208322,5.2370835798260105,0.4605136811733246,75.67572784423828,2.085891713907242,4.55859375
03423,539.3576770672252,23.22407537593747,0.16357581317424774,53.97555160522461,4.235960420139918,3.015625
03424,1090.510376484719,33.0228765628423,0.18931037187576294,56.70357894897461,4.895885689689788,4.0625
03425,2489.893769534707,49.89883535248801,0.19892098009586334,58.7965202331543,4.216326110255267,3.94921875
03426,909.5813031232016,30.159265626390866,0.29883620142936707,73.77706909179688,3.386005422243149,3.716796875
03427,3788.2684418894687,61.54891097240851,0.3707410395145416,67.50801849365234,3.857431597218055,3.96484375
03428,199.315936667552,14.117929616893264,0.32590773701667786,73.90433502197266,4.24680717252526,4.81640625
03429,878.4919703776767,29.639365215498067,0.1405201554298401,54.2520637512207,6.418350338338198,3.015625
03430,525.8927720697916,22.93235208324239,0.3116568326950073,73.55751037597656,3.977103833007631,3.798828125
03431,666.3590042832312,25.81393043074284,0.3347262144088745,74.17274475097656,3.146426765023534,4.203125
03432,5623.175969067815,74.98783880782146,0.3301697075366974,72.10296630859375,2.4624145175128143,4.3671875
03433,4522.33947300171,67.2483417862605,0.3295571804046631,73.93798065185547,2.3065832493487104,4.2421875
03434,3470.374790656956,58.909887036531956,0.20879001915454865,62.78071975708008,3.4331574831994556,3.6171875
03435,503.1818095926938,22.43171437034392,0.3002825677394867,74.85031127929688,4.050298659891761,4.01953125
03436,940.0834914268103,30.660780998317872,0.2767642140388489,71.37139129638672,4.299282557700937,4.640625
03437,584.8498375203321,24.18366881844713,0.33609485626220703,70.82974243164062,2.0894755963611513,4.671875
03438,1047.9928823169919,32.37271817930944,0.2434183657169342,70.56463623046875,3.6600296712417024,4.28125
03439,6039.361629817194,77.71332980780835,0.19864505529403687,60.144039154052734,5.010457896942861,3.021484375
03440,203.0371653168198,14.249111036019748,0.4477364420890808,72.95320892333984,2.039562101637535,4.51171875
03441,2380.985120647093,48.795339128313195,0.19657209515571594,62.44126510620117,4.3473631984359535,3.45703125
03442,1062.8622266631285,32.601567855904236,0.3194289207458496,75.94758605957031,3.4936525251735997,4.15234375
03443,209.04546298915034,14.458404579660591,0.4124091863632202,71.6250991821289,2.3372799337855215,4.48046875
03444,248.59094175984686,15.76676700404515,0.4128507971763611,75.82112884521484,2.6187888874603726,4.15625
03445,278.7246698717196,16.69504926233282,0.44366493821144104,72.4184341430664,2.3875223608979406,4.69140625
03446,229.25958873861995,15.141320574461792,0.24149110913276672,64.4726791381836,6.623953704140413,3.353515625
03447,731.1332395408167,27.039475578139765,0.21847684681415558,67.71878814697266,4.133328051283186,3.36328125
03448,1551.2304195182173,39.385662613674754,0.32736068964004517,70.9204330444336,4.139375706475202,3.66796875
03449,261.9127211823772,16.183717779990392,0.2720244526863098,68.5645523071289,2.8993550824864096,4.0078125
03450,25.204507471822645,5.020409094070188,0.44672921299934387,74.32830810546875,2.5394061156925236,4.4609375
03451,409.00954791898323,20.22398447188346,0.41425594687461853,75.22823333740234,1.9506400165666806,4.30078125
03452,885.3062337705221,29.75409608390956,0.2931997776031494,69.02877044677734,3.4481245591610477,4.6953125
03453,728.5650598894237,26.99194435177695,0.2711242437362671,70.0145263671875,3.210454572354752,4.6171875
03454,1409.9853511423596,37.54977165233311,0.31749311089515686,64.62355041503906,3.4480804699818792,3.83203125
03455,1686.8952775557875,41.071830706163894,0.3779904842376709,73.47242736816406,4.418770047769085,4.4375
03456,1057.0625507084208,32.51249837690762,0.3400278687477112,71.47205352783203,4.035299097076713,4.77734375
03457,326.29058055267063,18.063515177081968,0.438130259513855,71.73880004882812,1.7915796638582517,4.55078125
03458,561.0698899455106,23.686913896611998,0.42120257019996643,74.79875183105469,1.8720866529574491,4.53125
03459,1575.505796427584,39.69264159044575,0.22022488713264465,63.663394927978516,4.486835481659613,3.904296875
03460,335.1298512225288,18.30655213912573,0.23598885536193848,71.7066650390625,4.173018036543364,4.15625
03461,2087.2943224089863,45.686916315384934,0.20613089203834534,60.4235725402832,4.9109827114718385,2.345703125
03462,787.5820317492834,28.06389195655662,0.4042389392852783,70.69473266601562,2.953009316931417,3.19921875
03463,102.33651786175483,10.116151336439902,0.42629823088645935,73.45220947265625,2.1183211624286407,4.1484375
03464,564.8018053619306,23.765559226787207,0.25202295184135437,71.01815032958984,3.945736104024519,4.15234375
03465,247.10592563256367,15.71960322758064,0.23291805386543274,64.93341064453125,5.048808764488567,3.423828125
03466,57.291772499247465,7.569132876310698,0.45541322231292725,75.37467193603516,2.2422156555530113,4.57421875
03467,536.0254934782871,23.15222437430769,0.39671656489372253,69.44756317138672,1.6776763543747073,4.42578125
03468,401.6887712133012,20.042174812462374,0.4609188437461853,70.244140625,1.367018390620617,4.60546875
03469,514.5848879658546,22.6844635811794,0.2897932231426239,69.04609680175781,5.9359941515022605,4.60546875
03470,722.6523047338636,26.882193078948443,0.3467736840248108,69.4734878540039,3.5070803608303756,4.7109375
03471,554.7127443639846,23.552340528363302,0.2701454162597656,68.99803924560547,4.605946736272347,4.47265625
03472,335.7229436321722,18.322743889280673,0.3187331557273865,72.60841369628906,3.2269448724845264,3.80859375
03473,207.32254889868656,14.398699555817066,0.5007688999176025,73.04940032958984,2.4983785557837694,4.375
03474,285.6334620434797,16.90069412904333,0.42726579308509827,73.99949645996094,3.2963296059818257,4.734375
03475,1197.4389210765999,34.604030416652336,0.3498450219631195,66.022705078125,2.2349313480239745,4.0078125
03476,1769.047446377624,42.060045724863684,0.2555094361305237,67.48243713378906,3.703281545465477,3.978515625
03477,42.78407840961406,6.540953937279642,0.4632951319217682,76.0853271484375,2.3414547242494232,4.64453125
03478,3179.0944016617427,56.38345858194354,0.247291699051857,71.1710433959961,3.867644457553126,3.478515625
03479,962.3861357757607,31.022348972567514,0.2603975236415863,68.55394744873047,3.324719529338958,4.01953125
03480,526.0136652622476,22.93498779729886,0.20441067218780518,53.48238754272461,5.074845196497068,4.046875
03481,1804.5278873188397,42.47973501940472,0.39835047721862793,71.94427490234375,2.2732468826743313,3.865234375
03482,7543.113228783145,86.8510980286556,0.314507395029068,65.29806518554688,3.2048546130172784,4.42578125
03483,793.2313003736828,28.164362239782438,0.3627535104751587,75.097900390625,3.1596305646905734,4.51171875
03484,186.77771974793308,13.666664543623403,0.242055281996727,68.0926742553711,4.0184044667666035,4.0859375
03485,3001.7370834511066,54.788110785562836,0.29971903562545776,71.74388122558594,2.294730368889996,4.10546875
03486,696.2741338291761,26.387006913046733,0.3231201767921448,69.76050567626953,1.9268102237611717,4.8125
03487,242.1739151478382,15.561938026731703,0.30294308066368103,69.05055236816406,1.9813115414785787,4.46875
03488,537.004921163413,23.17336663420775,0.34579628705978394,71.96232604980469,2.3166175253154186,4.37109375
03489,1346.3446265497312,36.69256909170753,0.27533429861068726,68.04804992675781,5.473929038892175,4.12109375
03490,2853.5763327041604,53.41887618346309,0.4617389142513275,69.44120025634766,1.6657909437565812,4.46484375
03491,360.72089409388326,18.992653687515162,0.22397607564926147,64.43309020996094,4.47789034009937,4.01171875
03492,905.8266152972639,30.096953588316275,0.4529772102832794,74.76179504394531,1.8246644690913452,4.50390625
03493,1971.166699554758,44.39782313982025,0.27127593755722046,63.451744079589844,4.200565553488377,3.68359375
03494,115.10849030399574,10.728862488819388,0.36704862117767334,72.28160858154297,4.090013306556031,3.9453125
03495,165.49097406871695,12.864329522704125,0.4497876465320587,66.36773681640625,1.4667793275853118,3.892578125
03496,1020.9320592193616,31.952027466490474,0.2280004322528839,69.15718078613281,3.68806540441514,3.7109375
03497,792.5541651832971,28.152338538446447,0.28217846155166626,70.13968658447266,3.210304379749161,3.919921875
03498,248.78990890239268,15.773075442106801,0.44710010290145874,74.27386474609375,1.9478199416974549,4.74609375
03499,1011.0050310992771,31.79630530579421,0.35228756070137024,71.94182586669922,2.043693730914933,3.759765625
03500,4344.848883896311,65.91546771355196,0.21688120067119598,61.616695404052734,6.876276885467136,2.810546875
03501,896.4987277249406,29.94158859721609,0.3052898645401001,71.5119857788086,4.019509569527014,4.46875
03502,376.551018043761,19.404922520941973,0.32048889994621277,70.44908905029297,2.7816903223600806,4.10546875
03503,493.0961515607791,22.205768429864776,0.28185147047042847,70.47662353515625,4.217306449812585,3.841796875
03504,1946.9456660154758,44.124207256510296,0.44821324944496155,73.26419067382812,2.2041355346185343,4.0625
03505,1112.71348119489,33.357360225217015,0.25119778513908386,72.43132781982422,3.9889511469334247,4.07421875
03506,328.8188291597135,18.133362323620887,0.34088659286499023,68.79598236083984,3.484815087157388,3.57421875
03507,2008.3000628556772,44.81406099491182,0.26615917682647705,65.1200942993164,3.4659570633090633,3.990234375
03508,1770.4095251262456,42.07623468332505,0.40576136112213135,74.83686828613281,2.2246799067444254,4.3671875
03509,533.8764417600545,23.10576641793244,0.19747686386108398,65.40939331054688,4.419810266291459,3.9921875
03510,419.0342397923179,20.47032583503052,0.2983282208442688,70.22510528564453,3.317752783670779,4.37890625
03511,3199.137715076062,56.56092038745535,0.28520166873931885,61.36001205444336,3.565883782494833,3.943359375
03512,930.2546433813468,30.500076120910695,0.4239521920681,71.36116027832031,1.5429747524840032,4.83203125
03513,1169.6991941897,34.200865401181005,0.3340940773487091,74.0643310546875,2.659080646256327,4.44140625
03514,358.3239083278725,18.92944553672591,0.3714476525783539,72.740966796875,4.151115530455716,3.94140625
03515,2297.870318670339,47.93610662820187,0.4059898853302002,72.78453826904297,2.5638191386504485,4.08984375
03516,1567.6448543677154,39.59349510169209,0.2643076181411743,71.73976135253906,2.5789991289304615,3.96484375
03517,498.15604562468036,22.31940961640071,0.20220063626766205,62.881858825683594,4.222691131293854,4.11328125
03518,415.3290491276176,20.37962338041647,0.21751177310943604,65.71773529052734,5.232653236526641,3.849609375
03519,400.96812465739663,20.024188489359478,0.2651558816432953,56.25161361694336,4.565613231919129,2.94140625
03520,501.51432684889653,22.394515552895903,0.2980464994907379,64.31034851074219,5.085220292120132,3.634765625
03521,181.42139698209198,13.469276037786589,0.43592017889022827,72.48131561279297,2.700744299062685,4.3359375
03522,65.08098466824141,8.06727864079588,0.21012023091316223,62.10248947143555,3.3238820686440023,4.03515625
03523,390.3052970751644,19.756145805170714,0.36925289034843445,65.47260284423828,1.8083273907822817,3.9140625
03524,168.0955320970842,12.965166103721318,0.2757939100265503,63.40423583984375,2.845588325756716,4.0234375
03525,3393.587107049799,58.254502890762005,0.3040783405303955,64.65991973876953,5.551031932904088,3.681640625
03526,3894.929711898365,62.409371987694,0.18777300417423248,59.67978286743164,4.824963382587574,4.0859375
03527,284.22658675689956,16.85902093114839,0.3906189799308777,77.26412963867188,1.9881272200905746,4.44921875
03528,1751.673690570468,41.85300097448769,0.32481372356414795,74.03169250488281,2.501466070926479,4.3984375
03529,1237.3972284070267,35.17665743653065,0.41924482583999634,70.13460540771484,2.649106741701061,4.421875
03530,199.80307750049323,14.135171647365773,0.46178942918777466,75.81909942626953,1.8484008083741426,4.0390625
03531,1784.6267243820068,42.244842577313584,0.28206685185432434,68.34965515136719,4.272490263375967,3.794921875
03532,611.2428136324727,24.723325294799498,0.2930775284767151,64.59525299072266,2.6921041417169578,4.8828125
03533,1007.5083516536841,31.741272054750485,0.11821938306093216,56.64609909057617,4.912791879580254,3.2734375
03534,1059.2369857929145,32.54592118519484,0.2798170745372772,62.20462417602539,3.671750505321434,3.33203125
03535,65.60046438869546,8.099411360629578,0.5346460342407227,71.27986907958984,2.4326618333481886,4.640625
03536,978.7387065574935,31.284799928359675,0.2506939172744751,64.7822036743164,3.4388520418017956,4.51171875
03537,1389.3300313349212,37.27371770208764,0.2469397485256195,67.61055755615234,3.050184381490617,3.78515625
03538,822.2527462789358,28.67494980429671,0.4636952579021454,74.79959869384766,1.7080439854007443,4.74609375
03539,1000.2252210782852,31.626337459122347,0.23536624014377594,53.79122543334961,6.877080964101637,2.318359375
03540,2645.976104852675,51.43905233237365,0.4094794988632202,73.41909790039062,3.327577141348762,4.20703125
03541,961.895603895697,31.014441860135047,0.23132257163524628,54.94213104248047,4.9700196872978895,3.9453125
03542,1014.4301278088765,31.850119745597134,0.45949113368988037,73.7203369140625,2.575479660822342,4.9140625
03543,614.3848501788875,24.786787814859906,0.1797880381345749,61.78899002075195,5.103664572179294,3.552734375
03544,422.64806053168746,20.55840607955022,0.33501502871513367,69.9700927734375,2.1087328002871986,3.23828125
03545,329.9846097363555,18.165478516580716,0.4437147378921509,73.05565643310547,3.240858585184609,4.625
03546,256.7238777616235,16.02260521143873,0.3908897042274475,71.36844635009766,2.836871835467903,4.91015625
03547,299.8557967314544,17.316344785532955,0.16642865538597107,45.393428802490234,6.190407127600578,2.74609375
03548,1422.2873706003681,37.713225407015614,0.24169929325580597,65.66388702392578,3.3906785836378193,3.568359375
03549,195.7706519887103,13.991806602033574,0.35878294706344604,74.31620788574219,3.1794769234151112,4.0
03550,2628.830443708178,51.27212150582593,0.20959317684173584,68.73710632324219,3.9328288845566832,4.03125
03551,2263.6422883216323,47.57774992915945,0.25104445219039917,61.91524124145508,4.6015166864952874,3.79296875
03552,4564.173782661349,67.5586691895374,0.3218664526939392,72.0637435913086,3.537338353699567,4.12890625
03553,282.6687627235503,16.812755952655422,0.42600804567337036,76.41545867919922,1.9334212227495124,4.6796875
03554,1234.9587651358381,35.14198009697004,0.2298639416694641,64.80349731445312,3.8444164515561323,3.279296875
03555,732.2785508511478,27.06064579516069,0.23507724702358246,68.50670623779297,3.45140725579453,4.40234375
03556,429.1823039866507,20.716715569477966,0.456967830657959,74.68354034423828,2.3288625823173343,4.69921875
03557,1234.970486884826,35.14214687358793,0.44025856256484985,68.45772552490234,2.1645216349787697,4.89453125
03558,844.4810688947078,29.059956450323664,0.3224043548107147,63.286949157714844,4.539199349770053,4.01953125
03559,1090.5063762489735,33.02281599514151,0.28882816433906555,58.40418243408203,4.174106588889541,3.828125
03560,682.3804964554196,26.122413679739083,0.35327857732772827,72.7776870727539,2.1256963763529004,4.421875
03561,771.5393968597314,27.776598007310604,0.28967639803886414,70.5053482055664,3.9426865288097037,3.662109375
03562,229.21351813998155,15.139799144638001,0.44972869753837585,69.20146942138672,3.161319283240728,4.2421875
03563,120.57235930837997,10.980544581594302,0.41326841711997986,71.22499084472656,3.7193695949178593,3.951171875
03564,8332.325159082335,91.28157075271183,0.24236302077770233,55.98502731323242,5.098453345876377,4.3984375
03565,117.89359303920754,10.857881609190972,0.4415843188762665,74.81768035888672,2.442259942890643,4.05859375
03566,851.7854744114759,29.185364044525397,0.1938752382993698,53.97695541381836,5.660650535031241,3.572265625
03567,1215.586784547012,34.865266161998704,0.4303465187549591,74.7184829711914,1.5598711253202389,4.56640625
03568,3151.5351676434034,56.13853549606904,0.2892860770225525,72.34427642822266,2.71371486191989,3.38671875
03569,465.8900682901315,21.58448675067655,0.4528407156467438,75.41834259033203,2.054387853170022,4.34375
03570,309.2229928966854,17.584737498657333,0.4340553283691406,76.50340270996094,1.8960816715918605,3.880859375
03571,322.24078145037726,17.951066303993677,0.22262819111347198,61.766502380371094,4.7345016037078285,3.287109375
03572,366.34740497215387,19.14020389055858,0.2140774130821228,66.34627532958984,3.921599144594568,2.943359375
03573,374.95940332358987,19.363868500988893,0.28051090240478516,60.2746696472168,4.33386701706604,3.8359375
03574,305.54561708190533,17.47986318830629,0.2577084004878998,55.889217376708984,2.0565584200193365,3.79296875
03575,1365.1498778129198,36.947934689410175,0.21698534488677979,65.54878997802734,3.282578999798467,3.7578125
03576,196.70701837817094,14.025227926068473,0.49356335401535034,76.8268051147461,2.2755306712413983,4.828125
03577,920.3519604639569,30.337303117844158,0.2952028810977936,71.67057037353516,2.2917065915309327,4.28515625
03578,3111.4283716089553,55.780179020947536,0.38992562890052795,72.58544921875,4.0234439825461745,4.09765625
03579,395.024652092288,19.87522709536392,0.35925960540771484,69.53801727294922,1.9520153793836892,3.99609375
03580,2323.5503598495147,48.20321939299817,0.34944653511047363,74.23356628417969,2.9677839074173957,4.53125
03581,365.32150329538587,19.11338544830261,0.38557323813438416,73.66458892822266,3.406512370811023,4.5625
03582,916.248062737364,30.26958973520064,0.31192973256111145,65.01591491699219,3.5411682967463407,3.98046875
03583,2318.2342381543813,48.14804500864372,0.420171320438385,73.87764739990234,2.2426005383453607,3.9453125
03584,1225.4931222624778,35.007043894943166,0.3970208466053009,74.70375061035156,1.4933654568034522,4.140625
03585,536.2672044612766,23.15744382399052,0.38260361552238464,72.31671905517578,1.4446201944994361,3.763671875
03586,740.8935771423942,27.219360336760197,0.29128801822662354,71.67316436767578,3.8157016869032376,4.90234375
03587,1094.539791071576,33.083829752185224,0.29270926117897034,67.74504852294922,3.3704670059837323,4.046875
03588,206.88216816814148,14.38339904779609,0.3391225039958954,73.22607421875,3.76375695526374,4.59375
03589,616.4529032769173,24.828469612058598,0.30577465891838074,74.23723602294922,3.602879075122348,3.94921875
03590,1938.4105181371906,44.02738373032391,0.11504023522138596,57.72261047363281,7.22906497454381,3.046875
03591,266.13388553823927,16.313610438472512,0.3038967251777649,71.76979064941406,3.345054842463978,4.6953125
03592,218.43429013400126,14.779522662589656,0.3415226638317108,70.46180725097656,3.6456994515268226,4.0703125
03593,648.5128226718161,25.465914919197704,0.2891523241996765,76.11188507080078,3.457003641461845,4.83203125
03594,544.1905510953407,23.327892127137005,0.27356410026550293,59.71271514892578,3.3651927157383645,3.92578125
03595,162.40287460690422,12.743738643228063,0.374259352684021,67.44551086425781,1.6353695906372616,4.1640625
03596,1703.9038202360257,41.27836988346349,0.24323561787605286,69.00536346435547,4.289311343217669,3.28515625
03597,1049.6068833570118,32.3976370026737,0.48587271571159363,73.38294982910156,4.187448568518601,4.87890625
03598,115.21838047460349,10.733982507653135,0.22959855198860168,66.8493423461914,2.722566701890193,4.046875
03599,377.3961910861526,19.42668759943786,0.502472996711731,74.24343872070312,2.1297370728011873,4.6484375
03600,206.7817776562402,14.379908819468925,0.2961960732936859,70.7984619140625,3.061419059498913,4.140625
03601,1132.715929365221,33.65584539667992,0.28803643584251404,69.89855194091797,2.2321777382871533,4.35546875
03602,612.116582647443,24.740989928607203,0.19648924469947815,62.38753890991211,3.981312080379526,3.771484375
03603,427.1622833844897,20.667904668458526,0.32705754041671753,65.61064147949219,3.066998205775466,4.01171875
03604,4388.705826475818,66.24730806965532,0.34600400924682617,73.62901306152344,3.9193758051600542,4.9453125
03605,691.1396208923541,26.289534436584344,0.42222273349761963,74.31693267822266,1.7292419421765575,3.01953125
03606,771.1541474198716,27.76966235696559,0.3770536780357361,71.03263854980469,3.7715451416013313,4.13671875
03607,1059.1237388546992,32.544181336372546,0.3300244212150574,73.93133544921875,3.310168585799434,4.7265625
03608,677.796373192538,26.034522718739016,0.15875032544136047,56.639644622802734,4.859020303671147,3.044921875
03609,15.038470171058417,3.8779466436580092,0.43455585837364197,73.6268539428711,2.6052260453400393,4.3984375
03610,85.39008328082996,9.240675477519485,0.4288216829299927,70.26512908935547,3.140310674796776,4.93359375
03611,1094.9857451572402,33.090568824927146,0.09231545776128769,56.328773498535156,6.335160210243853,2.96875
03612,524.8750409902042,22.91015148335349,0.3194708526134491,64.69935607910156,4.460336745957222,4.66015625
03613,1519.854435296353,38.985310506604314,0.36305326223373413,66.00384521484375,2.741958229757395,4.91015625
03614,2158.922444777382,46.46420605990575,0.34985727071762085,72.56715393066406,2.9902697021489018,4.32421875
03615,674.2063037260607,25.96548292880494,0.13829456269741058,60.30732727050781,3.2804505918748608,3.337890625
03616,1776.3787962113597,42.14710898995754,0.30445238947868347,65.79431915283203,3.625185495676208,4.03515625
03617,1245.822975593755,35.29621758196981,0.3275028169155121,75.05900573730469,3.680263000532341,3.80859375
03618,2937.574481825836,54.199395585429144,0.23239822685718536,60.28484344482422,4.478651936821259,3.15234375
03619,213.73277583508258,14.619602451335076,0.22754545509815216,59.3303337097168,5.364645555029794,4.01171875
03620,175.36486917661352,13.242540133094312,0.33542129397392273,69.61688995361328,2.4061356480372877,4.578125
03621,155.48907743419434,12.469525950660447,0.25254276394844055,64.84864044189453,3.064950907253128,4.16015625
03622,355.2522398537577,18.84813624350582,0.29712462425231934,69.3471908569336,3.5946658581976783,4.60546875
03623,530.1521927150973,23.02503404373373,0.3547199070453644,71.01766204833984,2.4258970203167367,4.48046875
03624,532.3906968011016,23.073593062223786,0.20648817718029022,61.2506217956543,4.2884330098894585,3.982421875
03625,93.84184736830782,9.687200182111848,0.4822523891925812,74.44908905029297,3.170348820265045,4.20703125
03626,315.5298321614979,17.76315940821052,0.45371928811073303,77.0052719116211,2.865142067933403,4.90625
03627,176.7599136922032,13.295108637848854,0.3032684624195099,71.2576904296875,4.357971719877363,4.8984375
03628,438.26928636166446,20.934882047952037,0.3820798993110657,73.28926086425781,3.03252972723618,4.47265625
03629,2406.04430996063,49.05144554404722,0.18848101794719696,61.924102783203125,4.307853119459119,3.544921875
03630,2189.1805021785613,46.78867920959686,0.18713901937007904,60.09292221069336,3.8241216378216034,2.337890625
03631,2748.248489864727,52.42373975466389,0.22760096192359924,59.327171325683594,6.097779002228581,3.5078125
03632,1356.873210800144,36.835759946010945,0.26827895641326904,73.64430236816406,4.149929889226788,3.76953125
03633,644.4270884579199,25.385568507676165,0.25557807087898254,60.547298431396484,2.9920929742342532,4.3359375
03634,508.53002217039295,22.55061023942352,0.354324072599411,73.25548553466797,3.72985560985732,4.76953125
03635,533.3484800031432,23.094338700277678,0.38100895285606384,75.78842163085938,2.2449281133747148,4.6171875
03636,828.9250839655058,28.791059097669642,0.44369739294052124,49.57648468017578,2.112102551632884,4.0234375
03637,1963.192827066449,44.307931875302515,0.3346084952354431,68.65420532226562,2.497538812556194,4.25390625
03638,1903.0300416134705,43.62373255022397,0.23546402156352997,64.84088134765625,3.2436581651026035,3.845703125
03639,1286.5090749332112,35.867939373948026,0.3240516185760498,66.98033905029297,2.6897033814948825,3.9765625
03640,253.24585277739172,15.913700159843144,0.4433300197124481,73.24502563476562,1.7969421515381696,4.30859375
03641,294.9464146348569,17.174004036183785,0.418706476688385,73.95645141601562,1.6148243069821562,4.7734375
03642,1341.6800129987216,36.628950476347555,0.21301740407943726,68.18036651611328,2.782242438630102,4.015625
03643,53.93823552518574,7.344265485750481,0.43856844305992126,72.38507080078125,2.1651199747540857,4.67578125
03644,1250.8950357647095,35.36799451148891,0.2115907222032547,60.18760299682617,5.52776134066591,3.01953125
03645,62.94709881164578,7.933920771702083,0.5194684863090515,75.20014190673828,2.377386665427942,4.859375
03646,2324.8325543063074,48.21651744274266,0.2732710838317871,67.8547592163086,3.510755697590636,3.734375
03647,1083.7626253743324,32.920550198536056,0.18304331600666046,55.65204620361328,5.254303859689259,3.95703125
03648,248.61030386515748,15.767381008435024,0.2919905483722687,71.08026885986328,4.429869769667187,4.78515625
03649,2281.6130880222368,47.76623376426319,0.25556737184524536,68.26734161376953,3.966717520125826,3.078125
03650,152.72252947316983,12.358095705778048,0.4509984850883484,76.43507385253906,2.1655723239563978,4.578125
03651,502.0174219426973,22.40574528871328,0.4035789668560028,70.39212036132812,2.606907580171114,4.6484375
03652,289.91686891723526,17.026945378347676,0.5011448860168457,74.41358184814453,2.110164635680773,4.81640625
03653,607.6505066195854,24.65056807904405,0.12508271634578705,50.23249816894531,5.467034404923592,2.7734375
03654,736.9176037307433,27.146226325785012,0.2905575633049011,70.0353012084961,3.3732246367915564,4.46875
03655,533.407391507164,23.09561411842439,0.46952417492866516,70.49542999267578,1.9230898659339102,3.994140625
03656,311.09639156591345,17.637924808942618,0.40201178193092346,69.93159484863281,2.8966051807671653,4.18359375
03657,490.38865022451716,22.14472059486227,0.491698682308197,71.20124816894531,2.108390615710101,4.6875
03658,1100.6011340250623,33.17530910217812,0.15851649641990662,60.44835662841797,5.061675082504519,3.96875
03659,159.24073188459374,12.619062242678485,0.3627886176109314,67.0732192993164,5.409942203929631,4.19921875
03660,35.02355848168927,5.918070503271254,0.4915666878223419,76.12321472167969,2.3512331709034706,4.69140625
03661,579.4757831513627,24.072303237358962,0.27982035279273987,72.73233795166016,4.999479756106617,4.6171875
03662,1545.8700089663832,39.317553445838705,0.2534869611263275,68.77017974853516,2.0981670725241894,3.537109375
03663,722.7648501815274,26.884286305973003,0.2856212556362152,72.32984924316406,3.0607572011961164,4.50390625
03664,3774.6697873921785,61.438341346362684,0.38571903109550476,73.53118133544922,3.982005623486708,4.078125
03665,2814.998353339877,53.05655806156179,0.20894472301006317,59.81650161743164,4.278693611306678,3.826171875
03666,1689.7503705426684,41.10657332523192,0.2946479618549347,59.81239700317383,6.121028431826186,2.650390625
03667,695.4909815140784,26.372163004085927,0.2982541620731354,72.59453582763672,2.801339042936017,4.62890625
03668,250.775378165792,15.835888928815837,0.4767930507659912,74.52769470214844,2.179904387745066,4.62109375
03669,182.22301258795164,13.499000429215181,0.3513425290584564,65.52890014648438,3.6768134198740086,3.23046875
03670,1783.7990222464243,42.235044953763506,0.20454126596450806,60.90809631347656,6.0704872555565315,3.18359375
03671,538.6565393908644,23.208975405882622,0.15365099906921387,63.064395904541016,5.24027149200536,3.56640625
03672,535.2282119211111,23.134999717335443,0.4156095087528229,66.6904067993164,2.4696131211475736,3.275390625
03673,379.08272223406334,19.470046795887864,0.27240389585494995,67.29851531982422,4.910388339208764,3.625
03674,1254.2409565972275,35.41526445753621,0.2826593816280365,67.27824401855469,3.825307629202079,3.90625
03675,133.93250056602903,11.572921004052047,0.34744203090667725,74.73101806640625,3.5250777468232126,4.0234375
03676,1022.6580486256825,31.97902513563668,0.2842141389846802,65.70626068115234,3.184183052587521,3.99609375
03677,1284.09791598404,35.834311992614566,0.33183953166007996,66.53022003173828,3.628676907526939,4.16015625
03678,963.3103836048618,31.037241881405343,0.393145889043808,69.2927474975586,2.0342132192418965,4.18359375
03679,1834.4644618400728,42.830648627356474,0.35692161321640015,71.3991470336914,3.1407656686507908,3.7578125
03680,1639.2962113660924,40.48822311939723,0.3617209494113922,70.30593872070312,2.6041480947726896,4.3515625
03681,94.20706537461017,9.70603242188126,0.4911276698112488,75.82087707519531,2.2409365350976596,4.71875
03682,3604.5774589412267,60.03813337322561,0.19594550132751465,57.41706085205078,3.727935067128307,3.357421875
03683,1514.6562881411953,38.91858538206644,0.23973193764686584,72.17623901367188,4.064070922916327,3.779296875
03684,1258.8891782812143,35.48082832011133,0.3067020773887634,72.92969512939453,2.689090216064627,3.9921875
03685,409.6802887222991,20.240560484391214,0.4390896260738373,71.62702941894531,5.824574811191394,4.57421875
03686,2124.092185261289,46.08787460125807,0.25138264894485474,68.71673583984375,4.144607320563988,2.86328125
03687,182.42254916916607,13.50638919804868,0.34476545453071594,71.20027160644531,2.258887050162788,4.8515625
03688,1307.8659212392101,36.16442894944161,0.2306426465511322,68.78463745117188,4.101774528036971,3.646484375
03689,256.4981740821933,16.015560373655156,0.3048272728919983,67.92253112792969,2.125172825301566,2.951171875
03690,356.5099656038277,18.881471489368295,0.38563767075538635,70.34537506103516,1.8111408332074022,4.08203125
03691,561.3193637853909,23.692179380238343,0.2691849172115326,66.05817413330078,3.4400634940014445,4.953125
03692,631.47662518441,25.129198657824524,0.28377047181129456,69.29412078857422,3.9038001645406384,3.029296875
03693,225.6576121640234,15.02190441202524,0.3085126578807831,69.05502319335938,3.2977921472556497,4.5703125
03694,535.4546065578708,23.13989210341895,0.37438055872917175,65.84355926513672,1.9698173837834263,4.17578125
03695,1094.7487549892594,33.08698769893173,0.18458904325962067,58.395301818847656,3.422308566295171,3.826171875
03696,560.7773844340659,23.680738680076384,0.4352370500564575,70.80522155761719,1.620350891507512,4.2265625
03697,1555.4968218954004,39.439787295260615,0.2898057997226715,73.84771728515625,3.7380316626342225,3.759765625
03698,786.2494977057697,28.040140828921842,0.1829005926847458,51.214813232421875,6.829767432101356,2.35546875
03699,841.0141967788005,29.000244771015304,0.4330403506755829,73.28329467773438,1.7426008726645619,4.625
03700,1575.4555501297773,39.69200864317372,0.2620152235031128,63.91852951049805,4.029375486784425,4.0234375
03701,188.39946686094814,13.725868528473823,0.23480914533138275,68.7447280883789,4.143636506464548,3.076171875
03702,427.8252213766852,20.6839363124306,0.3824295699596405,69.88054656982422,1.7934549246184144,3.587890625
03703,229.69641450360726,15.155738665720232,0.395879864692688,75.34332275390625,2.3787637122436567,4.48046875
03704,947.8737947815927,30.78755909099636,0.24506311118602753,65.27946472167969,3.748032710786018,4.21875
03705,816.3367697240535,28.571607755323353,0.2743549346923828,70.22118377685547,3.8268254148471517,3.541015625
03706,423.87176589799526,20.58814624724614,0.19736266136169434,65.58444213867188,4.575390236597632,3.876953125
03707,588.0237702643623,24.24920143560118,0.31780216097831726,67.82333374023438,3.0857812379259206,3.900390625
03708,3533.5928979919568,59.44403164315116,0.23006556928157806,59.77954864501953,6.09395733107125,2.51171875
03709,1789.778422567344,42.30577292246702,0.3266882598400116,66.29008483886719,3.6127843124630785,3.51171875
03710,654.1073075634467,25.575521647924344,0.16003765165805817,65.68433380126953,4.505648591273537,3.796875
03711,2343.4690484271623,48.40939008526303,0.28856760263442993,65.15673828125,3.562287830000106,4.8671875
03712,932.0104938650849,30.52884691345359,0.3131662905216217,67.55781555175781,4.964448778888159,3.404296875
03713,2380.985120647093,48.795339128313195,0.19657209515571594,62.44126510620117,4.3473631984359535,3.45703125
03714,1425.9521316000648,37.76178136158389,0.35073602199554443,71.16092681884766,4.148471139840746,4.11328125
03715,94.21070449070479,9.706219886789336,0.4037508964538574,68.03336334228516,3.4265538427336804,4.67578125
03716,3350.4507715524787,57.88307845607798,0.3249624967575073,71.48111724853516,2.806302018088695,4.16015625
03717,806.5447845926542,28.399732121846753,0.2416422963142395,60.64820861816406,4.102261610683146,2.107421875
03718,1078.8864160450178,32.84640644035535,0.32288190722465515,71.8270492553711,3.4587340189957754,4.34765625
03719,1851.3051496544958,43.02679571679137,0.25183579325675964,65.87110137939453,2.9666647255904643,2.4921875
03720,409.64549126147324,20.239700868873364,0.27132734656333923,64.54119873046875,3.688327311744267,4.11328125
03721,360.61154582122253,18.98977477015519,0.27871209383010864,69.92306518554688,4.094583478815621,4.12109375
03722,213.21248988429699,14.601797488127856,0.33832794427871704,70.42142486572266,3.0334952249571163,4.58984375
03723,212.73699512757025,14.585506337716572,0.36775004863739014,57.30570983886719,1.3599353677146204,4.07421875
03724,2417.781776197249,49.170944430600976,0.3303053677082062,72.89488220214844,3.9558050246201693,3.2734375
03725,832.8102455637868,28.8584518913227,0.23151323199272156,68.51612854003906,4.075135533975879,4.046875
03726,2831.6059453381577,53.21283628353367,0.21540045738220215,70.4775619506836,3.202088491799447,4.54296875
03727,1202.7414264437778,34.68056266042663,0.22370313107967377,69.0896224975586,3.880139782451864,4.23046875
03728,373.4635025717919,19.325203817082805,0.27755555510520935,69.08756256103516,2.1732547120488297,4.34765625
03729,450.903083838228,21.234478657085695,0.45819979906082153,75.80229949951172,1.637465942225642,4.7578125
03730,30.38096229006562,5.511892804660267,0.38989439606666565,73.93915557861328,2.581232903807684,4.92578125
03731,96.68895467890417,9.833054188750522,0.4413468837738037,73.81671142578125,3.7815159223425523,4.8125
03732,663.2416382104323,25.75347817694597,0.4121559262275696,66.07012176513672,4.532415607690996,3.11328125
03733,209.45376295078773,14.472517505630723,0.36264926195144653,66.73299407958984,1.552167864007405,4.65234375
03734,2233.348194195637,47.25831349292563,0.3071947693824768,73.73250579833984,3.8801409602689203,3.87890625
03735,286.56483617534667,16.928226019738354,0.29608601331710815,68.9696273803711,3.007149405446891,4.53515625
03736,547.760567076316,23.404285228913015,0.2695576548576355,69.52500915527344,3.1988673329189266,4.765625
03737,3054.9866219959777,55.271933402007726,0.35552388429641724,70.94517517089844,2.803730621804224,4.6875
03738,559.1727953393529,23.646834784794198,0.27063220739364624,65.5887451171875,5.171798184229146,4.0625
03739,453.29887390701265,21.2908166566483,0.34355250000953674,72.35578918457031,3.51793018748041,4.71484375
03740,4210.393325343651,64.88754368400495,0.39389434456825256,75.19025421142578,2.849051226251001,4.90625
03741,2080.4841140563626,45.61232414662032,0.3066602945327759,75.9088363647461,2.888137050234678,4.46484375
03742,576.2269245193071,24.00472712861588,0.40529370307922363,68.00997924804688,1.7775515925841519,4.57421875
03743,1260.1843194928244,35.499074910380756,0.30187708139419556,73.38912963867188,2.087872491289793,4.75
03744,263.7930057341737,16.24170575198842,0.21013495326042175,63.83251953125,3.6001001440950637,3.98046875
03745,245.3882721299211,15.664873830641634,0.46695250272750854,74.70845031738281,1.9964454368975275,4.734375
03746,469.6299458178671,21.6709470447848,0.4075150787830353,65.26227569580078,2.032043215906225,4.87109375
03747,157.85371622070352,12.56398488620165,0.48553135991096497,76.0961685180664,2.013130775972288,4.5078125
03748,1091.5542870685317,33.03867865197596,0.4287574589252472,69.48918151855469,3.608598052355871,4.0703125
03749,1189.9220944492224,34.4952474182926,0.3056565225124359,66.20428466796875,3.496423466307703,3.85546875
03750,2303.955108598808,47.99953237895978,0.4247923195362091,72.33134460449219,2.7522835326416413,4.08203125
03751,2809.3832691249045,53.00361562313372,0.3037313222885132,70.2938461303711,2.943246534185837,4.3125
03752,1987.971210123837,44.58667076743718,0.33817148208618164,71.4777603149414,2.8989313251459095,3.771484375
03753,1968.7059596650925,44.37010209211933,0.2003045231103897,62.55508804321289,5.819307864999317,4.0859375
03754,987.8857167222617,31.430649320722946,0.5122302174568176,74.46206665039062,2.7477031023661955,4.9296875
03755,122.71431589780418,11.07764938503671,0.49226996302604675,77.91238403320312,1.4860733943128877,4.9140625
03756,3046.9370202148493,55.19906720420961,0.3418411314487457,58.63994598388672,3.5976064860416943,4.18359375
03757,260.1969417612192,16.130621245358753,0.4014667272567749,68.80929565429688,3.8752004413493606,2.1015625
03758,505.91549086234846,22.49256523525826,0.49680039286613464,76.1204605102539,2.6200600601784285,4.1640625
03759,1139.9948248753205,33.763809395198884,0.4880558252334595,76.44363403320312,1.935935793048282,3.9453125
03760,872.3381027332409,29.53537036729421,0.22577470541000366,67.47368621826172,4.490286211008923,3.826171875
03761,3168.9881806806648,56.29376680131349,0.19253939390182495,57.229949951171875,5.584845571332822,3.142578125
03762,1455.97786419612,38.157277997730915,0.17979475855827332,59.07402038574219,4.0297652138082345,3.943359375
03763,293.7716575210149,17.139768304181214,0.5081288814544678,72.2100601196289,2.251114903005909,4.9140625
03764,1248.332271033462,35.33174593808607,0.20399320125579834,66.2802505493164,4.916604298955813,3.962890625
03765,2888.1967068432728,53.74194550668288,0.25232577323913574,67.32622528076172,4.016742261960525,3.96484375
03766,519.3876542755419,22.790077978706915,0.4117906391620636,68.30767059326172,2.4159207403155367,4.6015625
03767,683.5058904759024,26.143945579730357,0.37496447563171387,75.51507568359375,2.5810564198426,3.9609375
03768,309.2581886501454,17.585738217377894,0.3638288676738739,68.63477325439453,2.6612120004527053,3.990234375
03769,410.1080447978084,20.251124531684862,0.3748096227645874,64.58972930908203,1.8526809545845657,4.69921875
03770,1150.032773395062,33.91213312953141,0.2371394783258438,64.52217864990234,4.932409828122874,4.0
03771,381.78689004158815,19.539367698100882,0.2671193480491638,68.48479461669922,4.18723361157324,3.5703125
03772,1643.9662707065975,40.54585392745598,0.2229524403810501,48.54005813598633,5.433221330281237,2.791015625
03773,2296.3900223408614,47.92066383451779,0.327664852142334,70.00267028808594,3.7485690900268445,4.91015625
03774,175.98321786528894,13.265866645842967,0.43576112389564514,73.56090545654297,1.708326826499344,4.26953125
03775,669.1467578643955,25.8678711506068,0.27945032715797424,71.8866195678711,4.143597693015135,4.2109375
03776,479.60819840679176,21.899958867696345,0.48761653900146484,70.35498809814453,2.0200454816412,4.8125
03777,480.20146699157647,21.913499651848777,0.3476260006427765,70.71250915527344,4.131687674121959,3.970703125
03778,423.8534614232948,20.587701703281375,0.16913683712482452,57.731407165527344,4.496664979817918,3.68359375
03779,1625.8588788451693,40.321940415178055,0.1776084154844284,66.53535461425781,4.314274360806908,4.734375
03780,442.7218358037657,21.04095615231793,0.3706609010696411,67.63990783691406,2.1530432489126703,4.078125
03781,796.5907088031438,28.22393857708636,0.2810148000717163,71.61654663085938,2.6903437201768705,4.62109375
03782,523.6484549455214,22.883366337703055,0.3124030530452728,67.40049743652344,3.708562778165992,4.0625
03783,2113.249581321493,45.97009442367389,0.2644428610801697,64.609375,2.979242805213804,2.5
03784,697.8584099422651,26.417009859979707,0.10900013148784637,54.094566345214844,6.819541474959673,2.994140625
03785,605.377916537734,24.604428799257544,0.40315181016921997,70.90657806396484,2.4181249863350183,4.37109375
03786,987.9233376418497,31.431247790087014,0.33345985412597656,72.51692199707031,2.623527315380712,4.36328125
03787,818.0785681841496,28.60207279523898,0.2976158559322357,72.19523620605469,5.030444798108867,3.4765625
03788,1624.8153976874316,40.308998966576084,0.2757609486579895,65.90157318115234,3.6919347010564136,4.3203125
03789,452.966594305268,21.283011871097287,0.3114802837371826,70.210693359375,3.035996230693093,4.1796875
03790,335.787960787175,18.324518023325332,0.5098496079444885,74.6237564086914,1.427161547044386,4.80078125
03791,2015.5938406973776,44.89536547013932,0.2853713035583496,74.34193420410156,3.9759984688013397,3.82421875
03792,640.7076614084853,25.312203803866726,0.14036087691783905,59.3990592956543,5.186759023699087,3.583984375
03793,882.5476532925726,29.707703601802894,0.3362346589565277,69.9060287475586,3.5091704791847804,4.8828125
03794,975.6484670070105,31.235372048480716,0.2513440251350403,69.38724517822266,3.820182272423472,4.29296875
03795,615.9845233028227,24.819035503073497,0.2853071391582489,68.27729797363281,4.053657890324901,4.2109375
03796,1595.0200139836886,39.93770166125849,0.23668305575847626,55.12949752807617,6.333047587910185,2.17578125
03797,444.960904474407,21.094096436548472,0.35438406467437744,66.33326721191406,2.3652932626660466,3.716796875
03798,1150.384150040141,33.91731342603864,0.29421037435531616,72.53901672363281,3.514253334088173,4.7109375
03799,558.2003593440195,23.626264185097472,0.17891933023929596,47.303749084472656,6.308591856423281,2.048828125
03800,23.153135274917187,4.81177049275183,0.4824497699737549,74.50983428955078,2.697451578358696,4.5
03801,1451.2466709561568,38.09523160391805,0.28313305974006653,66.95011901855469,3.3679757984803254,3.845703125
03802,448.80446148911665,21.18500558152196,0.40533825755119324,67.79053497314453,2.757790730111617,3.92578125
03803,936.735185717962,30.6061298716117,0.20537006855010986,69.5767593383789,3.231637441381186,3.58203125
03804,1631.0954986683487,40.386823329748886,0.2151072770357132,58.956382751464844,3.3808349945232767,3.23046875
03805,1626.216584658725,40.32637579374974,0.25522491335868835,59.766300201416016,3.348215844962581,3.67578125
03806,1148.3368849704161,33.88711975028884,0.3230357766151428,73.30552673339844,4.052106022787391,4.171875
03807,636.0532461485315,25.220096077305723,0.24541980028152466,71.1929702758789,3.2335291399464987,4.9609375
03808,231.41322519152473,15.212272190291783,0.3686535656452179,72.40642547607422,4.290028333173651,4.59375
03809,4648.930804238985,68.18306831053428,0.3155452609062195,69.76919555664062,2.912409197344792,3.55078125
03810,815.3416306350194,28.554187619944987,0.4007568359375,71.6469497680664,1.833608202629542,4.22265625
03811,61.937659860502315,7.870048275614471,0.4912709891796112,72.72314453125,2.0044787394787154,4.875
03812,1167.2633321813698,34.165235725534956,0.32455360889434814,66.72327423095703,2.8370833009830263,4.8984375
03813,3359.4888162384027,57.96109743818178,0.23291856050491333,68.09876251220703,4.394396845490821,3.39453125
03814,542.5808054800717,23.293363979470026,0.34549567103385925,74.6799545288086,2.767968679523501,4.703125
03815,990.3483317159968,31.469800312617124,0.21357490122318268,66.63347625732422,3.923041615528686,3.9921875
03816,2799.7204912558677,52.9123850459972,0.20464229583740234,60.69218063354492,4.472709966985442,3.748046875
03817,617.9911543479386,24.859427876520783,0.31743696331977844,61.778926849365234,3.3445382357990634,4.38671875
03818,259.85520463681235,16.120024957698185,0.2539399266242981,62.977901458740234,3.9188544411061614,4.81640625
03819,314.7963216290877,17.74250043339686,0.33229705691337585,73.69071197509766,3.0122461412077155,4.8515625
03820,2070.2290130103434,45.499769373155544,0.18465955555438995,59.24517059326172,5.536953700539678,1.978515625
03821,482.2068105635911,21.959207876505726,0.33206966519355774,72.28784942626953,2.941359119759202,4.71484375
03822,126.49820585441869,11.247142119419435,0.5597671866416931,72.52559661865234,2.3017512806835607,4.69140625
03823,2146.867234374838,46.33429868223796,0.198225200176239,56.6358642578125,3.9206661169580888,3.1953125
03824,292.12742292558596,17.091735515318096,0.46873486042022705,77.22473907470703,1.7557191471748714,4.72265625
03825,1225.1098131212764,35.00156872371975,0.2678236663341522,67.32514953613281,2.909757308950723,4.82421875
03826,1245.5791266638873,35.292763091941204,0.27891838550567627,68.24259185791016,2.9354689095466937,4.01171875
03827,1439.5079808128485,37.940848446138475,0.2397950440645218,70.93094635009766,4.102494130174261,3.263671875
03828,864.3423809086537,29.399700354062347,0.26614660024642944,67.98120880126953,2.5212767031684957,4.1875
03829,1048.0309645936902,32.373306358691416,0.21107077598571777,65.04722595214844,5.211349475481705,3.921875
03830,1009.1586815427426,31.767258011083403,0.3154047131538391,73.41609954833984,2.947376201113702,4.01953125
03831,822.5884893264305,28.680803498619603,0.3219773769378662,75.9619369506836,4.262935594308257,3.923828125
03832,613.1034841955492,24.76092656173329,0.2883058786392212,63.8091926574707,3.714668914085294,4.328125
03833,361.6734306288872,19.0177136015055,0.4307176172733307,70.43897247314453,1.9399849082360074,4.30078125
03834,1257.9360640638522,35.4673943793994,0.19171832501888275,47.58319854736328,5.486485464051237,3.876953125
03835,1080.8157104744062,32.8757617474395,0.24369359016418457,72.0481185913086,4.316198546013961,4.42578125
03836,1322.4396758979983,36.36536368439065,0.1965368390083313,55.715030670166016,5.839678041189789,3.876953125
03837,311.7152421316095,17.655459272746477,0.3952955901622772,71.49800872802734,2.6129389264082143,4.43359375
03838,174.94381812040336,13.226632909414375,0.45625776052474976,75.64081573486328,2.8881431491928082,4.578125
03839,156.39130091171424,12.505650759225377,0.43193909525871277,75.38902282714844,1.9931150839731213,4.72265625
03840,445.38707041274733,21.10419556421773,0.2102546989917755,62.5208740234375,5.727365899226343,4.33984375
03841,1157.2333505176093,34.01813267240883,0.3143872320652008,68.64188385009766,3.804654002488083,4.2890625
03842,246.1349672525215,15.688689150229267,0.25952401757240295,63.22962951660156,6.291599372665158,3.427734375
03843,209.01313420745603,14.457286543727907,0.43070298433303833,75.11565399169922,1.8119631845882787,4.34765625
03844,2515.6388815768337,50.156145003148254,0.46224445104599,71.89826202392578,1.2327759120237918,4.68359375
03845,271.2809179385636,16.470607697913383,0.44812875986099243,73.5223159790039,1.6454918030863483,4.3125
03846,241.2122270987315,15.531008566694291,0.5010680556297302,76.12403869628906,2.5663433916105682,4.41796875
03847,308.8506436482979,17.574147024771868,0.37211865186691284,70.08204650878906,3.2210348578884385,4.87109375
03848,1804.1755518406858,42.47558771624809,0.2943718731403351,64.31509399414062,3.9660602102298173,3.103515625
03849,2454.004947863921,49.537914246200565,0.41040530800819397,70.24514770507812,2.568101491351246,4.11328125
03850,402.43555673832356,20.06079651305809,0.3385382890701294,66.58321380615234,3.729365238701653,4.59375
03851,2208.3995790487434,46.99361210897438,0.24817205965518951,71.76786041259766,3.7157174484463735,4.1015625
03852,478.7459876807856,21.88026479914687,0.36271902918815613,73.06401062011719,2.1285618247353812,4.0234375
03853,866.9786225006953,29.444500717463274,0.35149064660072327,72.86178588867188,1.8401799301736965,3.958984375
03854,377.0174271916107,19.41693660677736,0.28276684880256653,67.46263885498047,3.2266843084341037,4.296875
03855,128.02791159358404,11.314941961564983,0.2980351150035858,71.96101379394531,3.824768722222052,3.052734375
03856,3691.9389923451454,60.761328098924444,0.31072312593460083,70.46800994873047,3.7574853168747224,4.89453125
03857,364.3140315452694,19.08701211675807,0.3097477853298187,62.817867279052734,3.7594137377533468,4.08984375
03858,168.40598944698883,12.977133329321573,0.36127999424934387,73.42996978759766,2.215064975782019,4.3515625
03859,832.285508069782,28.849358884900408,0.3023282289505005,70.9048843383789,3.9694985406640058,4.68359375
03860,548.631066115337,23.42287484736528,0.24896402657032013,67.37065124511719,4.033222523169549,4.23046875
03861,391.5548018576112,19.787743728318578,0.3389968276023865,70.27610778808594,4.077843796141176,4.44140625
03862,1647.6814774995373,40.591642951468934,0.2789674997329712,62.00974655151367,6.259073670187832,2.767578125
03863,670.3371605793335,25.89087021672569,0.3849410116672516,72.11882019042969,3.4371688107679446,4.80859375
03864,1034.134530124205,32.15796215751559,0.38591131567955017,70.55025482177734,2.5460423704250243,4.671875
03865,202.920139522772,14.24500401975275,0.3318030536174774,73.96320343017578,4.254442240082515,4.8125
03866,670.4224678201693,25.89251760297112,0.4561186134815216,74.90542602539062,2.2961901004795893,4.66015625
03867,764.0545243023035,27.64153621458662,0.3262811303138733,67.67684936523438,4.561111041037777,4.33984375
03868,645.7075638623586,25.410776530093656,0.2516424357891083,64.84414672851562,3.7481596048270407,4.44921875
03869,273.1962939424729,16.528650699390827,0.30370819568634033,71.76908874511719,1.8114854840843022,3.7734375
03870,1797.133027983223,42.39260581732648,0.4381307363510132,72.72293090820312,1.8496676113906574,4.7421875
03871,565.7969015829452,23.78648569215186,0.17727072536945343,52.487586975097656,3.182585140612623,3.12890625
03872,508.65812652879225,22.553450435106203,0.3750697672367096,72.06389617919922,2.514778541405749,3.873046875
03873,42.70031490451924,6.534547796482878,0.5249602794647217,76.22972869873047,2.3408507351890204,4.90234375
03874,555.6826744693434,23.57292248469297,0.41218864917755127,70.24508666992188,2.1445326610736606,4.00390625
03875,3148.170469540841,56.108559681574796,0.2738620638847351,61.94562530517578,4.455871827236926,4.18359375
03876,237.80218499355468,15.420836066619561,0.39748987555503845,69.50956726074219,2.616305494834069,4.6953125
03877,811.3795483767273,28.484724825364335,0.3300146162509918,69.96247100830078,3.2925928252713055,4.41796875
03878,2165.0114931670814,46.52968400029256,0.4400428533554077,73.36460876464844,3.209525427873237,4.109375
03879,749.2720718962534,27.37283456086076,0.14539627730846405,47.504791259765625,5.2088220842856225,2.568359375
03880,722.5252846894233,26.87983044383694,0.3108609616756439,58.05243682861328,2.2940611593695523,2.8671875
03881,487.6550030992648,22.08291201583851,0.3255837559700012,73.45079040527344,4.425360444189567,4.7734375
03882,501.73135011524306,22.399360484514798,0.22853879630565643,48.01266860961914,6.317979789408938,1.40625
03883,2437.7823477271713,49.3739035091127,0.2271977663040161,61.10026550292969,5.214831178865668,4.546875
03884,1089.3840171969937,33.0058179295256,0.1672641485929489,60.165374755859375,6.468763046391398,2.912109375
03885,47.92932393634525,6.923100745789075,0.4303015470504761,63.71793746948242,1.9256082795575264,4.48046875
03886,175.13887361858866,13.234004443802664,0.37245962023735046,73.77058410644531,1.6608391050402413,4.10546875
03887,420.8561654193067,20.514779194992734,0.3484265208244324,76.42510986328125,2.5821095408610124,3.806640625
03888,1203.2806746513959,34.68833629120019,0.26526471972465515,68.17552185058594,3.1919772637837203,4.71875
03889,35.92030568731275,5.993355127748793,0.4484797716140747,73.64539337158203,2.9095734825093795,4.640625
03890,1962.4641864273126,44.299708649463064,0.39148977398872375,62.3864860534668,2.3514726495024396,3.888671875
03891,888.200182667725,29.802687507466924,0.22692818939685822,61.567501068115234,3.5291850554012028,3.693359375
03892,3827.278354484922,61.86500104651193,0.3436954915523529,72.8750228881836,2.9365597022120355,3.529296875
03893,1010.732301663784,31.792016319569665,0.262534499168396,63.57178497314453,4.0622844610105515,4.15234375
03894,4925.698060160549,70.18331753458617,0.2743843197822571,70.72437286376953,3.993337116878367,3.564453125
03895,815.8180777579976,28.562529260518886,0.32071202993392944,67.55999755859375,3.0705613870187793,3.53515625
03896,4732.956972822553,68.79648953851172,0.3293171226978302,56.3445930480957,3.8233783507622454,4.03515625
03897,879.211362914423,29.65149849357403,0.2839687168598175,66.13459777832031,4.532944283691949,2.587890625
03898,616.8794045775751,24.837057083671873,0.23179198801517487,63.00003433227539,4.232309891017541,3.48046875
03899,733.7554927625074,27.087921529022992,0.22552421689033508,66.216552734375,5.081373496139463,4.5859375
03900,1170.8008483719423,34.21696725853918,0.19598154723644257,64.63261413574219,3.7712503503660693,3.267578125
03901,4126.459376159797,64.23752311663173,0.19296833872795105,62.162109375,5.0390535624918025,3.705078125
03902,438.3115058221793,20.935890375672567,0.4515710473060608,74.42220306396484,2.218367136775401,4.625
03903,632.3476359680935,25.146523337592683,0.36171504855155945,69.98216247558594,4.4786024282776475,3.955078125
03904,1207.7972961443616,34.75337819758479,0.23982438445091248,65.91561126708984,4.53992678477311,3.828125
03905,523.9221591006623,22.88934597363285,0.2645130753517151,67.74414825439453,3.4173534045168696,4.13671875
03906,580.2978948740401,24.089373069344088,0.42321452498435974,73.7427749633789,2.1641463589007617,4.86328125
03907,89.6485292365193,9.468290724123298,0.39750170707702637,73.06655883789062,1.3122905946577372,4.15234375
03908,540.3282273318541,23.244961332122152,0.4165728688240051,71.92134094238281,1.5673705996890719,4.05078125
03909,376.25016158555593,19.397168906455292,0.28941914439201355,69.21853637695312,4.013204079241806,4.12109375
03910,2166.543024072376,46.54613865910228,0.2563971281051636,70.6086196899414,3.8209280042126075,3.833984375
03911,4583.624235127734,67.70246845667988,0.29536932706832886,62.69129943847656,3.9150284058738,2.322265625
03912,533.3988770703754,23.095429787522367,0.35622912645339966,66.0275650024414,3.276230947234915,4.89453125
03913,802.1586405296567,28.32240527444053,0.4353402256965637,62.46189498901367,1.4553625775107455,4.203125
03914,280.03619391859786,16.734281995908812,0.25311344861984253,68.3698501586914,3.6791692529679505,4.01953125
03915,395.3328329969158,19.882978473984117,0.35439571738243103,64.36504364013672,2.504746653158424,3.849609375
03916,296.3967756099245,17.216177729389425,0.2223278433084488,68.935302734375,3.279108470208685,3.509765625
03917,703.8773593597649,26.530687125661952,0.33328869938850403,73.54084777832031,4.1173595705764905,4.875
03918,655.658662112877,25.60583257995875,0.3699057996273041,54.134727478027344,2.0357034541537784,4.0859375
03919,1510.2559974192873,38.86201226672761,0.24306581914424896,60.356101989746094,6.7384215924810045,3.255859375
03920,2052.0420394023604,45.299470630487065,0.3648169934749603,76.50532531738281,2.602949331906529,4.48828125
03921,4471.894282483952,66.8722235497217,0.262903094291687,70.83453369140625,3.985829453977967,3.572265625
03922,415.6044646049578,20.38637938931182,0.25879618525505066,65.78131866455078,4.376782322432809,4.01171875
03923,132.37145028037514,11.505279235219593,0.4860552251338959,74.63156127929688,2.2917490914514738,4.140625
03924,891.9078838910143,29.864826868592665,0.23626959323883057,62.26524353027344,5.238943573193704,3.826171875
03925,2185.526632800362,46.74961639201291,0.353333979845047,71.63906860351562,3.229844590178997,4.89453125
03926,489.8174221695937,22.13181922413053,0.2725656032562256,68.17201232910156,3.471235757807376,3.916015625
03927,843.6439867351019,29.045550205411875,0.19678129255771637,62.36943817138672,3.4584435104960187,2.943359375
03928,1031.7210463746198,32.120414791447196,0.2609403431415558,64.01200866699219,3.7964419768106974,4.1640625
03929,1002.6273390488288,31.66429122921953,0.21673382818698883,69.51063537597656,3.496057315907061,4.1484375
03930,3658.5693244955955,60.48610852497948,0.4439144730567932,75.76013946533203,3.084481037574632,4.31640625
03931,89.55749086359883,9.463481962977413,0.48958227038383484,76.5766830444336,2.2354264094644174,4.87890625
03932,348.73671953122397,18.674493822624054,0.3329211473464966,70.20365142822266,3.1686693187445023,4.84765625
03933,1727.7561029100596,41.56628565207697,0.5215217471122742,75.65779113769531,2.0753990293366975,4.31640625
03934,389.7756954306673,19.74273778964476,0.2801796793937683,69.0256576538086,2.2946240346006412,4.45703125
03935,2020.115639158755,44.945696558833696,0.2576797604560852,65.90184020996094,3.9803445381402294,4.2109375
03936,445.1934223174385,21.0996071602634,0.2697886526584625,62.06943893432617,2.1402523005681546,3.806640625
03937,262.83443167508875,16.21216924643611,0.23351186513900757,66.86199188232422,3.3595973858695776,4.03515625
03938,949.16580905744,30.808534678842484,0.5584750771522522,74.36427307128906,2.1014293494320815,4.87890625
03939,1368.733618605685,36.99640007630047,0.3486117124557495,64.94406127929688,3.3597193014269,4.71875
03940,2455.799895138334,49.556027838582196,0.3527281582355499,62.57542037963867,3.9488710990690725,3.89453125
03941,433.42575347972075,20.81887973642484,0.3296430706977844,66.21170043945312,2.416038161383807,4.26953125
03942,411.0287786699146,20.273844693839266,0.395792156457901,71.592041015625,1.3818618847112139,4.86328125
03943,1105.1651246800673,33.24402389422898,0.24675755202770233,65.02081298828125,3.03687383201528,4.04296875
03944,1141.8800930172354,33.79171633725099,0.34725478291511536,70.17919158935547,3.0100199828729797,3.931640625
03945,853.0828776455254,29.207582536826383,0.2717108130455017,64.46507263183594,3.6638358534296103,4.45703125
03946,1931.8131870808365,43.95239682976159,0.21073727309703827,66.27473449707031,3.7590040280956156,3.591796875
03947,2713.389631217465,52.09020667282349,0.36479368805885315,70.28923797607422,3.142370798523679,4.3984375
03948,86.74790836241127,9.31385571943281,0.4971238970756531,75.72948455810547,1.6601752236427645,4.140625
03949,1041.151794848687,32.26688387261291,0.27336540818214417,70.80613708496094,4.069937208113807,4.29296875
03950,1144.639217286655,33.832517158595444,0.40121984481811523,69.08463287353516,2.7841610212652146,4.65234375
03951,520.8264244885355,22.82162186367427,0.44415703415870667,74.72455596923828,1.4016339319574267,4.5625
03952,329.0216498216965,18.138953934052992,0.3107466995716095,73.3655776977539,3.063521916715203,4.76171875
03953,523.7768248559461,22.886171039646324,0.3106497526168823,69.03903198242188,2.7861201281858765,3.498046875
03954,237.60445755444704,15.414423685446272,0.33485567569732666,75.65376281738281,2.624763339068577,4.47265625
03955,2060.805504492355,45.39609569657235,0.22739186882972717,56.73519515991211,4.681022942786349,1.7919921875
03956,2380.985120647093,48.795339128313195,0.19657209515571594,62.44126510620117,4.3473631984359535,3.45703125
03957,375.99317397903314,19.390543416290146,0.24322308599948883,66.07609558105469,3.825209766959189,4.2421875
03958,1616.5764451863117,40.20667165019149,0.4907560646533966,75.1508560180664,2.3742269725915537,3.921875
03959,191.90708719043636,13.853053352616396,0.30875688791275024,66.91641998291016,3.9496892928508314,4.734375
03960,135.43756682555505,11.637764683372621,0.5029932260513306,75.80376434326172,2.4970375704004493,4.83203125
03961,616.8552335259527,24.83657048640075,0.22366653382778168,56.25889587402344,3.840423847263579,4.35546875
03962,253.00647459317432,15.906177246377405,0.4841190576553345,73.8610610961914,2.4989571814455656,4.5703125
03963,944.7863340747733,30.73737682488168,0.3019861876964569,74.58421325683594,2.9244891130324366,4.67578125
03964,120.21970376751013,10.964474623414937,0.5368273854255676,76.51493072509766,2.582083843587582,4.9296875
03965,1501.9407419894417,38.75488023448714,0.17609821259975433,58.23793411254883,5.0989374639200165,3.6875
03966,1120.9196284337484,33.48013781981413,0.32241788506507874,72.73456573486328,2.417321593588614,4.3203125
03967,954.5863367657302,30.89638064184428,0.5075806975364685,72.57078552246094,1.9732524605782242,4.734375
03968,1064.3169068785878,32.623870200799104,0.30652371048927307,74.82383728027344,4.201555773813166,4.2734375
03969,722.5849275642314,26.880939856415576,0.20667356252670288,57.684993743896484,5.233007859339277,1.802734375
03970,1281.2203775768157,35.79413887184347,0.3703111708164215,72.2763900756836,2.9397546019058454,4.69921875
03971,1346.0898363441333,36.689096968229315,0.34095218777656555,64.8463363647461,3.084129642453975,3.998046875
03972,321.4023263990188,17.92769718617031,0.2671153247356415,68.08480834960938,4.729283305516743,4.21484375
03973,1641.7415162228142,40.51840959641449,0.22212602198123932,60.471519470214844,3.8706261603515886,2.83984375
03974,266.76266740449563,16.332870764335816,0.3915085196495056,68.53301239013672,2.0368601923014538,3.302734375
03975,1015.7108362829393,31.87021864190673,0.4105965197086334,67.4892578125,2.5763470405725624,4.5
03976,368.6896471515615,19.201292851044208,0.2047295868396759,67.56681823730469,4.0089698142921,4.18359375
03977,77.65000033657704,8.8119237591219,0.4276169240474701,77.1540756225586,1.8823364070436803,4.51953125
03978,216.72439752484385,14.721562333014925,0.28702089190483093,70.4978256225586,2.8244546200990714,4.625
03979,1600.8855918886563,40.01106836724878,0.33116474747657776,75.76716613769531,3.8779681637469965,4.12890625
03980,579.4046032496573,24.070824731397494,0.3411594331264496,71.54727935791016,1.6801892177559188,4.0703125
03981,88.72834553116924,9.41957247072123,0.38817888498306274,75.5699462890625,1.7397435503736502,4.09375
03982,699.7956547762261,26.45365106703092,0.40236884355545044,59.90345764160156,3.0646358379562555,2.8515625
03983,333.002261915496,18.248349566892234,0.2333117127418518,48.75529479980469,4.643340302003629,3.0078125
03984,746.5121496001151,27.32237452345815,0.4805169105529785,73.88703918457031,1.7048710163110978,4.734375
03985,3057.2934569196473,55.29279751395879,0.17467144131660461,61.67225646972656,4.85791786622061,3.875
03986,441.825614757477,21.019648302421167,0.49493134021759033,72.35690307617188,2.4342889902876874,4.86328125
03987,2835.049043959892,53.24517859825331,0.3098824918270111,71.78363800048828,4.222419574360876,3.76171875
03988,390.71689811962506,19.76656009829796,0.2725270986557007,65.97378540039062,3.5853329990678207,4.30859375
03989,1151.7577659530327,33.937556864822085,0.28899890184402466,64.01140594482422,2.3560454936744155,4.23828125
03990,2505.5646559925294,50.055615628943464,0.30642202496528625,72.72412109375,3.6398600107906156,4.6640625
03991,1060.602258833216,32.566888995315715,0.27323412895202637,67.75419616699219,4.036236992470158,3.896484375
03992,1014.9497143029669,31.858275444583732,0.36050161719322205,75.11634826660156,3.648394878125965,4.1171875
03993,1581.16740859712,39.76389579250403,0.3080848753452301,57.389163970947266,2.171190832238457,4.03125
03994,684.241992846561,26.158019665994612,0.45408061146736145,72.44583892822266,3.6591129314565394,4.66015625
03995,2956.7878525914284,54.37635380007958,0.2732318639755249,72.43641662597656,3.819022004303443,3.708984375
03996,456.61291818138653,21.368502946659284,0.34729519486427307,71.52290344238281,2.636315225233841,3.9921875
03997,717.2059798089434,26.780701630258747,0.2952604591846466,67.98229217529297,3.110474201607031,3.625
03998,505.16642898214513,22.47590774545369,0.2705056667327881,68.31269836425781,3.7352010841317282,3.125
03999,851.2952434511486,29.176964260374117,0.42794227600097656,76.48848724365234,3.1566592194108543,4.84765625
04000,1097.225840029012,33.1243994666924,0.14077772200107574,52.52212905883789,5.748864413368798,2.939453125
04001,1464.1891244010726,38.26472428230828,0.339549720287323,74.11085510253906,3.5622717063235503,4.0703125
04002,722.0123002969272,26.870286568939438,0.22465036809444427,66.0754165649414,5.293464706473813,3.921875
04003,693.5622364953152,26.335569796291008,0.5133640766143799,75.95917510986328,2.472082267697059,4.6796875
04004,681.593889559064,26.107353170305565,0.15682002902030945,45.46418762207031,5.967997585894767,2.31640625
04005,2046.967808755902,45.243428348832076,0.29773399233818054,71.95808410644531,3.562682658869399,4.09375
04006,393.09255284974415,19.826561801021985,0.44596803188323975,75.56790161132812,1.6025693382243382,4.140625
04007,3051.085201916936,55.236629168667925,0.2900937795639038,64.09278869628906,3.597814523557427,4.60546875
04008,769.9021067298644,27.74710988066801,0.45332086086273193,73.43501281738281,2.1553562831800677,4.75390625
04009,573.3404827845723,23.944529287178987,0.3339243531227112,72.93714904785156,3.0252681120933125,3.619140625
04010,319.9382635420817,17.886818150305036,0.38705775141716003,74.5478286743164,4.119239717128095,4.87109375
04011,1656.0167489221524,40.694185689385066,0.3833441436290741,72.50828552246094,2.6201030733335475,3.44921875
04012,442.9368701564828,21.04606543172578,0.4018234610557556,73.02198028564453,2.9368541956540626,4.6953125
04013,384.62780197041394,19.611930092941233,0.2981434762477875,62.86686325073242,4.015521767810027,4.80078125
04014,1284.1209420106436,35.83463327579401,0.3075638711452484,69.61034393310547,3.331192125656566,4.03515625
04015,1415.5723406169272,37.624092555394974,0.34801360964775085,53.056190490722656,2.4715804558179277,4.5390625
04016,467.6127712338003,21.624355972694314,0.25032177567481995,66.01432800292969,4.267069412205232,4.04296875
04017,2594.2119254060653,50.93340677203976,0.2751682996749878,72.47520446777344,4.131142894833002,3.341796875
04018,1308.0773675591613,36.16735223318347,0.24632830917835236,66.4645004272461,3.7581373286010282,4.50390625
04019,1515.910976627573,38.93470144520917,0.40063750743865967,72.84132385253906,2.938039316555286,4.79296875
04020,1045.2465966690256,32.33027368688712,0.2639785706996918,68.90271759033203,2.896417637468713,4.13671875
04021,1070.034292887286,32.71137864546962,0.2534868121147156,61.42683792114258,3.7388735253219276,4.18359375
04022,1390.6235256891846,37.29106495783118,0.28505444526672363,67.6081771850586,3.318030971027284,4.07421875
04023,1230.891857271962,35.08406842531182,0.2902843654155731,67.97527313232422,4.463659789566999,4.421875
04024,1162.8410424864173,34.10045516538478,0.33752113580703735,71.71136474609375,2.0175455820388835,4.0703125
04025,642.3645505523372,25.34491172903029,0.2610551714897156,57.39814376831055,6.542214396862052,2.6015625
04026,217.90177249305083,14.761496282323511,0.3936213254928589,70.20481872558594,2.7166596273341646,4.671875
04027,218.30127724391627,14.775022072535672,0.30289554595947266,67.34696197509766,3.023734811749016,4.6875
04028,1829.7239511969547,42.77527266069679,0.2803991138935089,69.48368072509766,3.5001891457655834,4.95703125
04029,922.0548737824879,30.365356473825365,0.33119937777519226,59.77397155761719,1.785456410402629,3.76953125
04030,1888.5945645232653,43.45796318884797,0.22337882220745087,68.27565002441406,4.899862706916283,3.09375
04031,274.77191753006053,16.576245580047992,0.4850103259086609,76.20818328857422,2.049626271242735,4.671875
04032,2043.1109596614524,45.20078494519152,0.3247959315776825,68.12289428710938,3.441429183900424,3.630859375
04033,132.63127011529113,11.516565031088529,0.4178641438484192,73.91712188720703,2.142327510462051,4.4921875
04034,2300.604363530739,47.96461574463762,0.21506676077842712,65.5335922241211,4.45943977293327,2.88671875
04035,912.4430047015821,30.206671526362882,0.30709484219551086,69.60813903808594,3.6915251919015186,4.5390625
04036,838.9636389782911,28.9648690481813,0.3201777935028076,75.42025756835938,4.2227981408824276,4.828125
04037,322.4491582199559,17.95686938806305,0.30184173583984375,62.838314056396484,4.132743911624574,3.77734375
04038,2099.481693733,45.82010141556869,0.16460202634334564,52.800987243652344,6.556084525366954,4.43359375
04039,694.7996049977519,26.359051671062673,0.32797911763191223,58.28925704956055,2.9079945090519357,3.587890625
04040,789.0993236719382,28.090911762916104,0.3291237950325012,75.5505142211914,2.7158660443307636,4.6875
04041,685.6122843198651,26.184199134590028,0.37174710631370544,70.52113342285156,2.1656584371427727,3.990234375
04042,114.53563549692545,10.70213228739607,0.4527214467525482,77.19129943847656,1.8961738915781594,4.68359375
04043,1207.688032160054,34.75180617119136,0.27310165762901306,74.02129364013672,3.7089925391140617,4.22265625
04044,1431.8778160536376,37.84016141685495,0.24730123579502106,64.3293228149414,3.8998713339070963,4.5625
04045,1829.5505871026785,42.773246160452665,0.18046189844608307,61.87240982055664,5.3244165206955145,3.189453125
04046,409.9245085693781,20.24659251749237,0.22894975543022156,59.41416931152344,5.483834655085153,4.16796875
04047,1860.6068642877776,43.13475239627298,0.2803717255592346,67.72403717041016,3.361311583132838,4.8125
04048,483.3175934950657,21.9844852906559,0.3305795192718506,71.8730239868164,1.6836381543543935,4.08203125
04049,3703.368323036195,60.85530644928341,0.22290180623531342,64.38987731933594,4.132672665166689,3.94140625
04050,805.2452378518502,28.376843338395663,0.2469153255224228,65.09981536865234,2.8599024983188497,3.91796875
04051,631.4074785290412,25.127822797230984,0.3486219048500061,75.22223663330078,2.40081139729257,4.140625
04052,672.2126859716831,25.927064738833877,0.27044883370399475,63.00163269042969,5.274661685206823,3.37109375
04053,111.757018877172,10.571519232218801,0.48998787999153137,71.25794219970703,2.227550689373377,4.55859375
04054,163.55825552814866,12.788989621082218,0.4035145342350006,70.86881256103516,2.379857931034501,4.8671875
04055,74.7724665630806,8.647107410173682,0.4106374979019165,71.13949584960938,2.1304943431377468,4.8828125
04056,399.6637441779425,19.991591837018444,0.5066762566566467,72.87103271484375,2.7136268672349835,4.85546875
04057,757.6653508041339,27.52572162186005,0.20956411957740784,66.28804779052734,4.050424949691527,3.341796875
04058,295.8293659573187,17.199690868074306,0.4573300778865814,73.31063079833984,1.702303384547303,4.51171875
04059,927.378889363988,30.452896239339665,0.35290712118148804,73.8958740234375,3.9092911101001384,4.74609375
04060,375.53182751747465,19.378643593334253,0.5132132172584534,72.59100341796875,3.2017699260649133,4.84765625
04061,133.45188461285042,11.552137664209617,0.42175087332725525,71.47113037109375,2.0322567173207764,4.75
04062,192.1234084990203,13.860858865850279,0.1704718917608261,53.02463912963867,5.50353978726442,2.66015625
04063,668.5062393962006,25.85548760700909,0.35679033398628235,75.49351501464844,2.623827932420075,4.890625
04064,562.787187388613,23.723136120433423,0.3869156539440155,69.82157897949219,2.2926934111983273,4.63671875
04065,703.223231111132,26.518356493401548,0.159934863448143,63.064029693603516,5.953028821220104,3.4921875
04066,156.14247622540694,12.495698308834402,0.4178115725517273,69.9393081665039,2.481647955727451,4.921875
04067,900.8262780834516,30.01376814202861,0.19332490861415863,64.02799224853516,4.427891963726674,2.978515625
04068,197.76261112156297,14.062809503138517,0.31609755754470825,66.71765899658203,2.124910201390391,4.359375
04069,279.2081937756615,16.709524043959526,0.21631008386611938,65.50994873046875,4.2014964486808175,4.3359375
04070,1123.1457361102123,33.51336652904647,0.35946518182754517,75.4926528930664,3.962611364484974,4.40234375
04071,573.9119540143455,23.956459546734894,0.46827784180641174,76.2672348022461,2.1886188873294397,4.9140625
04072,1790.0535244549828,42.309024149169204,0.17915348708629608,62.27722930908203,4.154203243178542,3.931640625
04073,885.2181521646447,29.75261588776094,0.2874038815498352,72.6446533203125,3.2189552719077184,4.125
04074,265.66651420644627,16.299279560963615,0.34145307540893555,73.84921264648438,2.786000789767297,4.765625
04075,451.29429818994356,21.24368843186003,0.3333757519721985,61.1236572265625,3.839060641798395,2.8125
04076,1057.1878333624759,32.51442500433424,0.22709394991397858,62.43661880493164,4.7180920563418685,3.380859375
04077,336.7280242906067,18.350150525012232,0.27136752009391785,70.07865142822266,3.5044776357858916,3.763671875
04078,259.339027480759,16.104006566092767,0.32284149527549744,72.23403930664062,3.4339343706911403,4.72265625
04079,396.0930991913369,19.902087809858966,0.27721843123435974,68.1607666015625,3.2472543684827264,4.04296875
04080,561.2636137037211,23.691002800719964,0.5632073879241943,72.82250213623047,2.201160161488065,4.87109375
04081,611.9049611511953,24.736712820243422,0.35104936361312866,73.8065185546875,4.084868170770838,4.65625
04082,1440.392084229993,37.95249773374597,0.35437172651290894,74.29711151123047,3.1116062598858054,4.94921875
04083,990.1861473027957,31.46722338088945,0.2580687701702118,51.141319274902344,3.5186218017561894,3.37109375
04084,2845.5772874788286,53.34395267955711,0.34919601678848267,72.17167663574219,2.6688887315522205,4.9609375
04085,986.0714307826595,31.401774325388995,0.33132556080818176,70.60319519042969,3.757133331802572,4.9140625
04086,362.672470427968,19.043961521384357,0.34547045826911926,50.36349868774414,3.2709296928030995,4.10546875
04087,2064.2453510395717,45.43396693047583,0.2845737934112549,69.60231018066406,3.5869889951430944,4.59375
04088,2348.1440777114535,48.45765241642906,0.3154350519180298,69.69526672363281,5.651446081966719,4.453125
04089,2869.588874327227,53.56854370175866,0.31774958968162537,59.821006774902344,3.2521476501165463,3.953125
04090,3480.613173994268,58.9967217224336,0.2673439383506775,62.6453971862793,3.7414170061686467,3.265625
04091,1587.9536483976497,39.84913610603936,0.46891358494758606,72.99028778076172,2.1445281884028202,4.91015625
04092,5104.0685924792115,71.44276445154689,0.17268690466880798,54.4090576171875,6.976698641260463,2.62109375
04093,343.40510046273477,18.53119263465616,0.3313329815864563,66.22012329101562,3.619144271473989,4.08203125
04094,2259.297624032621,47.53206942720484,0.32025402784347534,70.9106674194336,3.9895052573182674,4.04296875
04095,165.8734088760267,12.879185101396233,0.4252370595932007,74.08767700195312,1.7241332394065456,4.08203125
04096,788.6803137403585,28.083452667725144,0.1507328450679779,59.3770866394043,4.697899123828686,3.115234375
04097,1585.3024578912054,39.815856864962804,0.44473564624786377,72.14159393310547,1.6756653860160002,4.3203125
04098,352.2724181244156,18.768921602596553,0.2983185946941376,62.96101379394531,1.9089542086444973,4.14453125
04099,1467.9590245170657,38.31395339190496,0.37184789776802063,70.95231628417969,1.8993447503653766,3.443359375
04100,563.0719231990506,23.72913658772798,0.42422428727149963,73.09674835205078,2.242441424787687,3.9140625
04101,744.1795175588463,27.279653912006406,0.25530698895454407,67.58263397216797,4.820893313419103,4.40625
04102,1121.8700876378566,33.4943291862646,0.36105725169181824,72.7993392944336,4.1401794411156585,3.759765625
04103,830.9639880039005,28.826445982880035,0.2532142698764801,66.78382110595703,4.416068884958087,4.25390625
04104,913.2856873449491,30.2206169252871,0.20284055173397064,60.999080657958984,4.39922232564946,3.759765625
04105,1461.796718632626,38.23345025802178,0.2564414143562317,70.35093688964844,3.2390831393110817,4.640625
04106,543.1193725527926,23.30492163798867,0.42419418692588806,70.61209106445312,2.3698947681008864,4.609375
04107,1006.0486297403049,31.718269652367624,0.24155431985855103,55.899600982666016,4.609942404100894,2.5
04108,362.0867370600348,19.02857685324982,0.3102489113807678,65.33148193359375,3.548270556388366,3.375
04109,381.0896805140032,19.521518396733466,0.43457531929016113,66.61428833007812,2.966443183224122,3.90625
04110,2648.718375646394,51.46570096332502,0.23329180479049683,67.32327270507812,3.7478639127840134,3.6328125
04111,220.79959289139595,14.859326798055017,0.31736695766448975,68.55540466308594,2.3294325596012877,4.8359375
04112,1269.8721293472572,35.635265248728786,0.3389182984828949,72.61060333251953,3.672621209116113,4.18359375
04113,390.8209173260587,19.769191114612116,0.43397727608680725,68.57698059082031,2.2035808203382765,4.21875
04114,1126.3764861388838,33.56153283357129,0.2776834964752197,73.02236938476562,3.666404677447261,3.39453125
04115,205.70104860706218,14.342281847985772,0.22977977991104126,60.2014045715332,4.306606185877873,4.04296875
04116,635.1843835619339,25.202864590397933,0.43541795015335083,73.50679779052734,1.3289386941694046,4.515625
04117,1622.2453995693788,40.27710763658904,0.3205399811267853,66.9437484741211,3.1353150516687314,3.708984375
04118,482.89280570582923,21.974822085874308,0.3044995367527008,72.255615234375,3.664826310346821,4.69921875
04119,747.3785633360209,27.338225314310744,0.2383197844028473,65.82511901855469,3.6665362536232755,3.611328125
04120,412.22872871083456,20.303416675792146,0.3197697401046753,67.51354217529297,4.117679279863838,4.26171875
04121,781.100550586635,27.94817615850156,0.43359893560409546,72.3463134765625,1.868490608286264,4.03515625
04122,1192.9292587109012,34.538808009410246,0.27288323640823364,62.34209060668945,3.9079212062231887,3.05859375
04123,4183.10417585617,64.67692150880536,0.29579997062683105,68.10445404052734,3.8342245948397933,4.2421875
04124,1284.979066454412,35.846604671215545,0.4022428095340729,69.00485229492188,1.7546790121829523,4.76171875
04125,352.0063229191661,18.76183154489897,0.33869704604148865,71.41353607177734,3.2916056375630713,3.3984375
04126,52.46532522481557,7.243295191058802,0.39684033393859863,74.34899139404297,2.33115073153108,4.015625
04127,2380.985120647093,48.795339128313195,0.19657209515571594,62.44126510620117,4.3473631984359535,3.45703125
04128,637.9078907036334,25.256838493834366,0.3320433795452118,74.59083557128906,3.3012532889678172,4.89453125
04129,1268.3785528209587,35.61430264403557,0.2757672369480133,72.27593231201172,4.746610581399735,4.87890625
04130,3235.799180004048,56.884085472160386,0.2594166696071625,63.68898391723633,5.563947540627352,4.1015625
04131,530.9207703031958,23.04171804148284,0.2975044250488281,69.35357666015625,4.195753099208376,4.28125
04132,2951.087888836399,54.32391636136334,0.16037632524967194,54.60279083251953,4.8402107403465555,3.865234375
04133,557.1669570933968,23.604384276938827,0.18166902661323547,64.2637710571289,4.503657882029046,3.923828125
04134,611.8250088029165,24.735096700900858,0.4566364586353302,70.39916229248047,2.1675335860076923,4.75390625
04135,1335.9988891568278,36.55131856933246,0.42419174313545227,75.17736053466797,2.837448978565489,4.78125
04136,211.83264956168983,14.554471806344944,0.3876104950904846,70.80069732666016,3.3387592791522867,4.74609375
04137,2142.268085678183,46.28464200658986,0.27055877447128296,47.66765594482422,7.086181413610927,1.55078125
04138,2124.0235568096346,46.08713005611908,0.2599024176597595,68.09232330322266,4.046936124632369,4.19140625
04139,236.17927611508836,15.368125328584757,0.2514213025569916,61.06254959106445,4.931698678104642,3.287109375
04140,760.0153158213654,27.568375284397256,0.30173152685165405,67.46551513671875,3.047560291763683,3.841796875
04141,178.6768020416185,13.367004228383355,0.45086994767189026,75.20811462402344,2.2208924656544045,4.50390625
04142,813.8741112855962,28.528478951489795,0.28084737062454224,68.6472396850586,3.4217827865824777,3.998046875
04143,965.169615008909,31.06717906422965,0.25726935267448425,50.427032470703125,10.065444987072873,1.814453125
04144,1302.6325163046577,36.09200072460181,0.25287139415740967,60.53216552734375,3.8238436508328704,3.595703125
04145,562.9840918721593,23.72728580921466,0.37777724862098694,66.45835876464844,4.092071342335488,3.736328125
04146,587.5021133506093,24.238442882136823,0.28238922357559204,70.41960906982422,4.318903226536351,4.71484375
04147,1142.2987145262732,33.7979099135771,0.1551692634820938,51.69561004638672,7.233237891541643,2.005859375
04148,365.35591583895246,19.114285648146843,0.27796852588653564,69.67900085449219,2.9855707015443427,3.974609375
04149,1314.1484723856329,36.251185806613734,0.3707852065563202,64.74739837646484,2.1019207839171767,4.40625
04150,2692.900934459283,51.89316847581465,0.1622912585735321,58.651649475097656,5.7448762456830496,3.822265625
04151,2083.866636177097,45.649388124892724,0.24488799273967743,58.81066131591797,5.829576625498459,3.1953125
04152,919.7665429227912,30.32765310608111,0.18815822899341583,54.840457916259766,6.062360236477916,2.93359375
04153,3252.3368367646663,57.02926298633594,0.40966349840164185,70.01727294921875,3.48843126644978,3.470703125
04154,165.4348327467847,12.862147283668644,0.3592956066131592,69.14517974853516,2.0267775933910985,4.1796875
04155,368.7159950270747,19.201978935179433,0.40852242708206177,74.8382339477539,2.7230311176130884,4.77734375
04156,3247.9776080763854,56.99103094414406,0.27958735823631287,70.03097534179688,3.157380955673567,4.0859375
04157,742.9393403240907,27.256913624328245,0.22437311708927155,64.33623504638672,4.538759109189372,3.376953125
04158,861.2794386597261,29.34756273798092,0.2423001378774643,65.63520812988281,3.269691784413286,3.91015625
04159,192.64935101865663,13.879818119076944,0.3235280215740204,68.03363037109375,3.005787135281843,4.1796875
04160,313.612200433689,17.70909936822562,0.46360066533088684,72.66654205322266,2.587275604238545,4.78515625
04161,3432.641889458607,58.58875224357152,0.21229414641857147,64.0143814086914,4.205910066824099,3.87109375
04162,496.7313176992827,22.28746997079935,0.2679017186164856,63.84783935546875,3.499868660842013,3.87890625
04163,198.4591985129148,14.087554738595156,0.4866403043270111,75.95490264892578,3.3203349751655824,4.953125
04164,184.18276846171938,13.571395228999831,0.4210972487926483,70.52827453613281,2.6458411728714775,4.46875
04165,1509.9057033865436,38.85750511016557,0.336679071187973,68.08649444580078,3.122471162427024,4.69140625
04166,1222.4612519327197,34.96371336017843,0.26639804244041443,67.23924255371094,3.1610380248013215,3.4765625
04167,1418.874206967838,37.66794667841397,0.27744418382644653,61.03321075439453,5.980069087199159,2.640625
04168,554.4211145631863,23.54614861422535,0.2941741943359375,73.4557113647461,3.6438989925678977,4.671875
04169,3165.6014989757387,56.263678327814105,0.2338963896036148,58.66067886352539,4.178753830448531,3.021484375
04170,851.8918450158582,29.18718631550253,0.4946025609970093,72.66515350341797,3.524100656794265,3.92578125
04171,204.90579670570793,14.314530963524719,0.26901403069496155,64.09258270263672,2.2417773316622336,3.958984375
04172,445.01738286331516,21.095435119080033,0.39591076970100403,71.36219787597656,1.9611713173858356,4.80859375
04173,138.06544438626074,11.750125292364364,0.27582216262817383,74.32095336914062,2.9699800656107005,3.986328125
04174,1909.7706829658896,43.70092313631246,0.4036078155040741,67.97307586669922,1.7992360538631793,4.83984375
04175,587.2565422300306,24.233376616353542,0.27872008085250854,59.120601654052734,3.5088725607269646,3.294921875
04176,241.31487593859939,15.534312856982101,0.4357965886592865,71.33622741699219,2.40024490603128,4.828125
04177,394.5209931112879,19.862552532625003,0.27576974034309387,61.13063049316406,3.9653612688382465,4.16796875
04178,705.5132349822825,26.561499110221217,0.4205783009529114,74.16282653808594,1.4953154616419992,4.64453125
04179,1879.3657594309918,43.351652326422254,0.24657005071640015,63.7685432434082,3.3259587698054434,3.943359375
04180,1158.9347590329517,34.043130864139854,0.2841005325317383,74.68597412109375,2.754240391203951,4.55859375
04181,480.8286836406714,21.927806174824497,0.3968895673751831,69.43350982666016,2.280147513593804,4.3828125
04182,915.1371086443428,30.251233175597037,0.2634192407131195,57.25625991821289,3.8447643142741588,4.11328125
04183,1081.3566827686827,32.883988243044406,0.30059054493904114,74.1907730102539,4.3405344181218855,4.84375
04184,187.84551828469486,13.705674674553416,0.5258971452713013,72.09976959228516,2.815160966035082,4.73828125
04185,397.5991471605036,19.939888343732108,0.455375999212265,73.16737365722656,2.7027551526056133,4.90234375
04186,185.67732088150862,13.626346571312085,0.5049111843109131,76.8475341796875,2.3988981601924344,4.65625
04187,813.3878204785967,28.519954776938143,0.37184157967567444,75.41352844238281,2.37020547550727,4.87890625
04188,613.8767167725513,24.776535608768054,0.1432872712612152,61.22942352294922,4.559719080356849,3.201171875
04189,3112.6063421137083,55.79073706372509,0.2641546428203583,73.43033599853516,4.226865479477007,3.7578125
04190,3681.439072041671,60.674863593103126,0.2742527723312378,66.43589782714844,2.8306756081278692,4.03515625
04191,989.7606132874993,31.460461110535224,0.2329147309064865,64.13685607910156,5.63724167361813,3.9921875
04192,853.1034944651366,29.207935470778082,0.15080241858959198,53.73855972290039,6.701308188094955,3.05859375
04193,541.5622036314222,23.2714890720689,0.34877464175224304,72.66719055175781,2.6988464667331686,4.87890625
04194,864.623406370313,29.404479358939735,0.44391509890556335,51.517398834228516,2.326691284324993,4.41015625
04195,833.9648189786602,28.878449040394468,0.3267803490161896,71.25419616699219,3.8593881861217407,4.22265625
04196,1052.4532784061735,32.44153631390125,0.31691813468933105,70.94395446777344,3.280286070579887,4.7265625
04197,329.82387612918274,18.161053827605453,0.3608788251876831,73.716552734375,2.8894039378190493,3.486328125
04198,539.1842911062574,23.22034218322929,0.46567511558532715,71.02521514892578,1.8006807406739,4.6328125
04199,2196.0402845717854,46.86192787937544,0.3227560818195343,71.21221160888672,2.1949910802630037,4.15625
04200,60.14807360086886,7.755518912417715,0.32533717155456543,73.81105041503906,2.4923836344596744,4.0859375
04201,3799.507997577789,61.64014923390265,0.2581166625022888,68.15693664550781,3.315869539147007,3.916015625
04202,2817.7583637147636,53.08256176669287,0.2836879789829254,55.521888732910156,3.99576279120153,2.72265625
04203,275.32780704044205,16.593004762261778,0.4278550148010254,72.99919128417969,2.0644297119662083,4.421875
04204,1217.4620803239634,34.89214926489859,0.35214120149612427,67.00682067871094,2.577911464580233,4.58203125
04205,2718.906610012291,52.14313578997998,0.36990979313850403,64.14896392822266,1.4254837069603978,4.63671875
04206,1176.432708823415,34.29916484148579,0.1949819177389145,64.0816879272461,4.558667855029856,3.76953125
04207,361.4460480033568,19.011734481718307,0.12602509558200836,55.03012466430664,4.77675829523153,3.10546875
04208,465.0641427818548,21.56534587670355,0.42483770847320557,71.22230529785156,2.2846208333423497,4.1875
04209,1915.0981295008207,43.7618341651812,0.2714623510837555,67.37772369384766,6.834774153395265,4.16015625
04210,480.6182556612399,21.923007450193506,0.2185191512107849,63.87016677856445,3.9909340025930384,3.99609375
04211,894.1329610628459,29.90205613436718,0.10886532068252563,54.53522491455078,5.778856503712221,2.677734375
04212,857.7526921576439,29.2874152522486,0.12209620326757431,56.904415130615234,6.386375895442043,2.18359375
04213,1969.6328858429872,44.38054625444562,0.2650560736656189,73.2418441772461,3.144835059288486,4.54296875
04214,144.67589350612542,12.028129260451328,0.18801039457321167,50.83516311645508,4.556261927942521,3.77734375
04215,1090.2399996517786,33.018782528309224,0.2658974230289459,66.25709533691406,3.456868368532553,3.572265625
04216,1025.8999608146387,32.029673129999914,0.2508462965488434,67.09781646728516,2.9128654739221136,4.08984375
04217,1556.075197982816,39.44711900738527,0.2175838202238083,60.628265380859375,4.548637232076993,2.626953125
04218,352.3691372285688,18.771498001719756,0.44373878836631775,71.79298400878906,2.3765157572520765,4.24609375
04219,221.66270735902825,14.888341323298182,0.3346789479255676,73.9439697265625,2.558189179020194,4.77734375
04220,210.06122341367924,14.493489000709223,0.29525959491729736,73.41133880615234,3.7341603390615052,4.62890625
04221,2201.8829869953515,46.92422601381244,0.3980695605278015,72.97301483154297,1.988464605893395,4.21484375
04222,1126.5648337463585,33.56433872052835,0.23421284556388855,56.96787643432617,5.143639103850481,3.166015625
04223,103.75952243768009,10.186241821087897,0.40852612257003784,71.16571807861328,2.024087021195337,4.84765625
04224,27.97972324412093,5.289586301793452,0.42357444763183594,74.4679183959961,2.835708991527775,3.8984375
04225,1365.748853500342,36.95603947259963,0.22241121530532837,65.55793762207031,3.195864064218377,3.826171875
04226,782.2940323022477,27.969519700957463,0.1744852513074875,63.70516586303711,4.2388043078777295,4.234375
04227,349.6031836811548,18.697678563959613,0.30830541253089905,68.54952239990234,2.4379709169693045,4.375
04228,844.6265893822566,29.062460139882457,0.35902076959609985,74.79654693603516,2.5029565299658976,4.8125
04229,1302.392437294038,36.08867464030839,0.18722601234912872,65.34456634521484,3.4932144722204646,4.1015625
04230,1308.3201655283726,36.17070866776559,0.3236898183822632,71.58541870117188,3.837068979003903,4.37109375
04231,1590.946841254991,39.88667498369588,0.2541236877441406,68.36337280273438,3.8077324592485575,4.53125
04232,3852.7206716448554,62.07028815500098,0.3199879825115204,69.75790405273438,3.4406880974893332,4.875
04233,1503.572289463865,38.77592409555013,0.20725177228450775,61.86578369140625,4.413736175675005,3.828125
04234,215.36969194682246,14.675479274859219,0.25646132230758667,69.79717254638672,2.4143298859255498,3.951171875
04235,556.9245931640919,23.599249843249083,0.2728501856327057,73.83618927001953,3.0123473880309004,4.49609375
04236,904.8887908552023,30.081369497667527,0.19075874984264374,63.77772521972656,4.739334483100964,3.890625
04237,284.7591496263793,16.874808135987188,0.518549919128418,76.9874038696289,2.042723303205006,4.8203125
04238,1457.0961107607163,38.17192830812607,0.3868371844291687,70.42384338378906,3.496676566304759,3.984375
04239,212.1727549422219,14.566150999568208,0.2542038857936859,66.01346588134766,4.379539480113765,4.49609375
04240,114.44095741827644,10.6977080451037,0.3602670431137085,66.58108520507812,3.466335959659436,4.22265625
04241,369.9806497092805,19.234881068238515,0.4787132143974304,73.21209716796875,1.9698148606042634,4.328125
04242,677.7734609518176,26.03408267928443,0.4159434735774994,74.30128479003906,2.288857009865793,3.830078125
04243,1872.9503367860386,43.27759624547138,0.21979321539402008,59.491817474365234,5.710498955846117,3.822265625
04244,100.36082079086592,10.01802479488177,0.4076491892337799,72.35537719726562,2.009478121136311,4.6953125
04245,460.75775607511866,21.46526860011583,0.4580914378166199,69.84156799316406,2.8847972145423855,4.4453125
04246,500.80321981733215,22.378633108778832,0.3887580335140228,66.1287841796875,1.9130101203376144,4.39453125
04247,351.5756698517538,18.750351192757797,0.430595725774765,64.08501434326172,1.6862429861120685,4.05859375
04248,302.65947276956393,17.397111046652658,0.23196394741535187,57.155948638916016,4.8741681143778814,2.66015625
04249,667.7875891212809,25.84158642810617,0.47515878081321716,77.80990600585938,1.5714392988958743,4.84765625
04250,1125.7936552351982,33.55284869031538,0.3080263137817383,63.693321228027344,2.7530444670176517,4.0625
04251,293.9204865292817,17.144109382796227,0.5118630528450012,73.38481903076172,2.4458839312655654,4.828125
04252,186.5759261418948,13.659279854439427,0.47480350732803345,75.08504486083984,1.9715722841014474,4.49609375
04253,540.7731515772044,23.25452970019399,0.3426074981689453,73.94967651367188,3.3336427985622534,4.7890625
04254,258.81681849905107,16.087784760465038,0.20365899801254272,56.72852325439453,4.774858592505371,3.873046875
04255,1196.9787539327226,34.597380738037415,0.33788061141967773,71.28247833251953,1.8798812488968648,3.896484375
04256,1639.5857411360118,40.49179844284534,0.37224093079566956,74.69551086425781,2.5713690713117314,4.5703125
04257,633.7772410273363,25.174932790919947,0.3070002496242523,70.9571533203125,3.6576649637033705,3.6015625
04258,198.89357937968427,14.102963496360765,0.4948001503944397,72.65198516845703,2.689849987955295,4.83984375
04259,671.3437420734774,25.91030185222622,0.29808512330055237,67.21643829345703,2.444623424142815,4.25
04260,805.7183082789177,28.38517761577189,0.1805237978696823,57.40598678588867,4.820598734296078,3.1640625
04261,227.76410093526437,15.091855450383308,0.4704550802707672,74.13673400878906,2.2227045339719576,4.81640625
04262,4903.843942536132,70.02745134971093,0.2093282788991928,59.96315383911133,4.416950332408436,4.1015625
04263,779.7003462774879,27.923114910007584,0.27633288502693176,67.92398834228516,3.507095724531014,3.9609375
04264,699.3525156864309,26.445273976391906,0.5095751881599426,72.51528930664062,2.865699942203488,4.73046875
04265,856.4445240301171,29.265073449935457,0.2318742275238037,67.64460754394531,3.6845524501489,3.998046875
04266,962.2052221695768,31.019432976274352,0.29537662863731384,63.398780822753906,2.408609126044774,2.890625
04267,2890.80726773769,53.76622794782697,0.29644814133644104,68.09800720214844,2.856337836610569,3.779296875
04268,241.2035482051068,15.530729158835616,0.39123159646987915,68.6159896850586,1.8378248116313805,4.70703125
04269,73.89873458857923,8.596437319528318,0.4094058573246002,68.07227325439453,2.3276614391611568,3.802734375
04270,975.8651384854154,31.238840223116725,0.27893543243408203,66.6719970703125,3.4815878306217525,4.29296875
04271,311.84503045896867,17.65913447649597,0.3406785726547241,66.1438217163086,3.0504751484267367,3.251953125
04272,687.221495700331,26.2149097976768,0.17854592204093933,63.73891830444336,5.54646412691775,4.48046875
04273,525.230588157496,22.91790976850847,0.3376409113407135,66.7520523071289,2.192428612573885,4.5390625
04274,330.0723254926836,18.16789270919122,0.5064749717712402,75.05542755126953,2.104337666907459,4.3359375
04275,846.6922439467796,29.09797662977238,0.2052777260541916,68.76036071777344,3.8114610826975355,4.09375
04276,821.1457043754748,28.655640009873707,0.33879032731056213,62.74698257446289,1.8994753324836111,4.3359375
04277,391.6779573126201,19.790855396182856,0.19323650002479553,58.144142150878906,4.973815000420581,4.046875
04278,57.862785741131546,7.60675921408924,0.34529799222946167,73.72977447509766,3.847108922472711,3.7265625
04279,300.25887917074016,17.327979662116995,0.4866149127483368,75.31749725341797,2.124988599747567,4.56640625
04280,1888.4991178889773,43.45686502601145,0.24034331738948822,66.56328582763672,4.59863709889142,4.625
04281,1206.2912365271593,34.73170362258608,0.4703601598739624,71.65831756591797,1.9429402455386444,4.62890625
04282,456.53793891118585,21.366748440302885,0.26415205001831055,71.84542083740234,3.061289673984034,4.6875
04283,126.06607471092265,11.227914976117455,0.5429365038871765,76.39283752441406,2.4093782066357714,4.91796875
04284,82.2968309632848,9.071760080782825,0.35719597339630127,68.52873229980469,3.087308865864967,3.958984375
04285,541.3387171612302,23.266686853981383,0.4867496192455292,75.16407012939453,1.955519966416473,4.828125
04286,951.0782851626856,30.839557149263438,0.21781596541404724,66.92424774169922,5.094105060258751,3.7578125
04287,1072.5760891637458,32.75020746749165,0.27703917026519775,68.72338104248047,3.8931496788689204,4.11328125
04288,517.0377904569139,22.73846499781623,0.34014245867729187,74.02003479003906,2.950582733455019,4.55859375
04289,3531.7849154698238,59.42882226218036,0.1881813108921051,64.00386810302734,4.359930099765045,3.6484375
04290,366.75477190687167,19.150842589997747,0.35487163066864014,56.29246139526367,5.093033542017069,3.77734375
04291,447.52619963664165,21.154815046145917,0.28369125723838806,70.40140533447266,3.700790552923537,4.5234375
04292,296.28187996323925,17.212840554749796,0.4070221483707428,73.84525299072266,1.6725555439857118,3.166015625
04293,830.2917453746447,28.81478345180898,0.34928739070892334,73.10533142089844,2.888694585337781,4.41015625
04294,1883.9777324819552,43.40481231939559,0.2070818841457367,55.767333984375,5.178706801695104,3.021484375
04295,353.43794376613175,18.799945312849495,0.4151143431663513,72.5827407836914,2.088152793707681,4.8125
04296,687.7343161744542,26.22468905772677,0.2462022602558136,65.34465789794922,3.5957971031553053,4.1875
04297,2189.7155735480114,46.79439681786711,0.27554765343666077,67.69771575927734,3.850808677561581,3.7109375
04298,907.2411025311375,30.12044326584749,0.11282819509506226,57.99647903442383,5.343705605143346,3.056640625
04299,1396.7839510726287,37.37357289680274,0.23094792664051056,63.333961486816406,3.783161494747162,3.125
04300,263.9075208616136,16.245230711246105,0.30533942580223083,68.22105407714844,2.433789118348992,4.34375
04301,1664.0782556396957,40.793115297065704,0.3011814057826996,73.93494415283203,3.3941872497019667,3.888671875
04302,1086.96761596035,32.96919192155534,0.32192426919937134,65.9323959350586,3.015271775280027,3.921875
04303,357.30576288863864,18.902533239982375,0.3476350009441376,73.35009765625,2.9099419447495065,4.91796875
04304,1579.9926533978141,39.74912141667806,0.29200097918510437,64.37410736083984,6.406603918982064,4.0234375
04305,567.3889882282588,23.819928384196682,0.4375331997871399,73.88214874267578,1.7558424604009988,4.83984375
04306,1831.4939629202108,42.795957319824154,0.388732373714447,73.42056274414062,3.058946967701311,4.22265625
04307,1533.5892903247693,39.16106855443004,0.22774770855903625,64.43344116210938,3.384430506709983,3.947265625
04308,535.5051293038754,23.140983758342585,0.3027030825614929,68.95591735839844,4.29693515614037,4.01171875
04309,33.50516217401175,5.788364378130644,0.4771546423435211,74.3071517944336,1.8782909029842116,4.73046875
04310,4605.927978707653,67.86698739967505,0.3299040198326111,73.71343231201172,2.9917498109230434,4.2265625
04311,1298.1496865373165,36.029844386804065,0.3549247682094574,69.2829818725586,3.38699621709859,3.919921875
04312,674.969244569211,25.98017021824936,0.30128857493400574,62.107505798339844,3.6182013301145326,3.4453125
04313,2292.687147034292,47.88201277133504,0.1112087145447731,56.23236083984375,7.494731194537857,2.78125
04314,1455.4976237356814,38.150984570986914,0.2929533123970032,57.08960723876953,3.9205546265890945,3.923828125
04315,5405.153640858709,73.51975000541493,0.18384137749671936,44.842864990234375,6.384747838860853,2.02734375
04316,2552.735196019309,50.524599909542175,0.3665209114551544,70.11234283447266,3.572684413141034,4.0703125
04317,901.6322220915188,30.027191378674075,0.2715449333190918,70.97320556640625,2.766263772626316,4.84765625
04318,2120.8893643183155,46.05311459953947,0.23834112286567688,57.36821365356445,3.907012013727997,1.4873046875
04319,558.6343240007716,23.635446346552705,0.39975467324256897,73.94294738769531,1.9513608880556947,4.36328125
04320,862.1716127696162,29.36275894342383,0.400267094373703,71.51264190673828,2.8171090737772815,4.7265625
04321,5458.677195108123,73.88286130834487,0.24322374165058136,67.24797821044922,4.870984159486544,3.896484375
04322,860.0693157844037,29.326938397732615,0.3965867757797241,72.57596588134766,2.3280669118187562,4.57421875
04323,833.9648189786602,28.878449040394468,0.3267803490161896,71.25419616699219,3.8593881861217407,4.22265625
04324,1122.7914255360718,33.508080003725546,0.3927295506000519,76.55293273925781,2.90467628776976,3.744140625
04325,96.96938870643598,9.84730362619311,0.4404086470603943,76.77156066894531,2.2662566821745966,4.61328125
04326,361.3564707288025,19.00937849401717,0.2524155080318451,67.50000762939453,3.739847878226622,4.203125
04327,201.56031124682687,14.197193780702822,0.48387038707733154,72.83905029296875,1.8740761320300738,4.87109375
04328,332.35585076627484,18.23062946708848,0.5079541802406311,74.60751342773438,3.173936871835218,4.73828125
04329,213.96364912312373,14.627496338168188,0.4190422296524048,69.67969512939453,2.021614417083618,4.16796875
04330,2828.2589867523598,53.1813781953078,0.21030965447425842,62.0189094543457,3.265302534598561,3.197265625
04331,1202.6478867465294,34.67921404453292,0.2886973023414612,68.43144989013672,2.6118032226657237,4.73828125
04332,1784.9878499517213,42.24911655823967,0.34165605902671814,67.50887298583984,3.5477823483332207,4.41015625
04333,1825.5011744021729,42.72588412662952,0.25160378217697144,64.84361267089844,3.8060767184149844,4.6484375
04334,238.0819972594835,15.429905938128188,0.40991654992103577,74.3863525390625,2.4850732198158805,4.83984375
04335,1345.1702823979742,36.67656312139913,0.22125306725502014,56.43977355957031,5.304630049258497,3.43359375
04336,7781.033478586479,88.21016652623709,0.3139558732509613,60.39479064941406,2.0177108888091055,4.20703125
04337,1974.7138810915897,44.43775288076108,0.2533673644065857,71.54854583740234,4.107323484384783,4.171875
04338,1787.2730113760153,42.2761518042503,0.3485446274280548,69.8637466430664,2.2327775875595615,4.05859375
04339,974.6529265231782,31.219431873805426,0.2839933931827545,64.92462158203125,2.2520622631955156,2.49609375
04340,951.1075136370262,30.840031025228008,0.31385910511016846,70.27986907958984,3.642272281915818,3.791015625
04341,2672.4451442309555,51.69569754081045,0.4431712329387665,70.21255493164062,2.7935057047560536,3.955078125
04342,1246.9897389213722,35.31274187770432,0.21445362269878387,60.29814147949219,3.779491745042559,3.791015625
04343,501.7861239326058,22.40058311590584,0.34717339277267456,72.72825622558594,2.4147225156062975,4.26953125
04344,454.03316770757,21.30805405727069,0.4155394732952118,76.05937194824219,1.6267918577547134,3.982421875
04345,386.68165408684825,19.664222692159694,0.4713941514492035,74.31671905517578,2.242130381158246,4.0625
04346,591.9232417491625,24.329472697721226,0.3474459648132324,65.25714111328125,1.5580169515017341,4.12890625
04347,1161.571456968622,34.081834706609065,0.2541545033454895,69.26225280761719,2.6376872820359885,4.10546875
04348,28.51422309716499,5.33987107495724,0.49616169929504395,75.22086334228516,2.303403432583273,4.64453125
04349,111.86380906438428,10.576568870119662,0.2320750504732132,55.6773567199707,6.365545669902378,2.884765625
04350,115.42151516302545,10.743440564503787,0.1939130425453186,63.64822006225586,3.3381634216498406,3.767578125
04351,4390.517473774391,66.26098002425252,0.3131577968597412,64.66926574707031,3.061472443052549,3.931640625
04352,1587.2759431772722,39.84063181197397,0.3138400912284851,61.314857482910156,3.869504771323598,3.5078125
04353,94.26614701001144,9.709075497183624,0.4541572332382202,72.9814682006836,2.598746051641621,4.0625
04354,3542.593623116427,59.51969105360365,0.2105102390050888,64.20999908447266,4.7495981434385115,3.62890625
04355,127.92621246102527,11.310447049565516,0.4471750557422638,71.47266387939453,2.4955739852092154,4.76171875
04356,1024.6812845672357,32.010643301365185,0.3360731899738312,65.07731628417969,4.526626449521078,3.48828125
04357,1838.0007888904017,42.871911421003865,0.20012493431568146,73.23328399658203,3.359787713430934,4.4765625
04358,475.2985524393441,21.801342904494305,0.2808779776096344,63.07730484008789,3.710740488115301,3.509765625
04359,995.8399253474381,31.55693149448213,0.27483612298965454,73.40109252929688,3.612730798925979,3.27734375
04360,67.81659956880289,8.2350834585208,0.4535679519176483,71.83119201660156,3.303794344160968,4.0625
04361,651.8822041441539,25.53198394453815,0.3045404553413391,74.40176391601562,3.1776465117737858,4.78125
04362,721.2540471293256,26.856173352309998,0.17288236320018768,68.99773406982422,4.410750326879307,3.05859375
04363,23.975662378972036,4.896494907479434,0.4910253584384918,73.93187713623047,3.924965048930663,4.46484375
04364,412.7785549103656,20.31695240212876,0.2179938703775406,53.75224685668945,5.0338380056912735,2.791015625
04365,229.89323979039273,15.162230699682443,0.3794998824596405,75.25404357910156,1.9764437313124175,3.9375
04366,2715.931265947631,52.11459743630024,0.31207290291786194,70.72211456298828,3.7454191205629788,4.41015625
04367,334.41964080407644,18.287144140189753,0.264194518327713,72.07006072998047,4.311773353994438,3.833984375
04368,75.2149960582124,8.672657958100988,0.26887914538383484,57.1624870300293,3.6288147652795586,3.0703125
04369,551.6877915267877,23.488035071644195,0.3472966253757477,71.4863510131836,3.5571428600971298,4.51953125
04370,2426.6987022885573,49.26153369809508,0.21661074459552765,55.548973083496094,4.891107121331367,3.380859375
04371,351.12339495762177,18.738286873607784,0.45437344908714294,62.836997985839844,2.357400423501298,4.35546875
04372,3700.704171019507,60.83341327773337,0.3050374984741211,66.0179443359375,3.72425509234908,4.13671875
04373,209.08443407710135,14.459752213544371,0.4007463753223419,72.18824005126953,1.3360156191741999,4.2109375
04374,500.5174938623841,22.37224829699474,0.36087363958358765,69.89434814453125,2.5372227120173534,4.05078125
04375,1863.619926415707,43.16966442324641,0.3305772542953491,69.34837341308594,3.231927762312316,4.77734375
04376,358.06539551802484,18.9226159797747,0.5322474241256714,76.35074615478516,2.3593316797019623,4.9296875
04377,216.59818094175753,14.71727491561388,0.15607410669326782,61.96468734741211,4.544298860758213,3.796875
04378,171.6258526361405,13.100605048475453,0.3469848930835724,61.967716217041016,2.4738818301362846,4.25390625
04379,484.0944175064316,22.00214574777723,0.4113834798336029,77.01093292236328,2.6929965583134727,4.03515625
04380,928.1230330627901,30.465111735603237,0.3295341432094574,69.50251770019531,4.197154454934168,3.30078125
04381,280.17704023659934,16.738489783627415,0.11677296459674835,51.49043655395508,5.416067543175717,3.18359375
04382,288.90875545365833,16.997316125013924,0.23028472065925598,65.51165771484375,5.657589657878761,2.779296875
04383,289.1569417404504,17.004615307040922,0.32322022318840027,71.66822814941406,2.673939243306808,3.703125
04384,946.539049841653,30.765874761521946,0.24316665530204773,62.46697235107422,3.3571718260924492,4.13671875
04385,888.6136111054142,29.809622793745884,0.23803789913654327,54.80192947387695,4.642049943300022,3.5859375
04386,1685.7754021212893,41.05819531008748,0.16489146649837494,63.575862884521484,4.807031758433843,4.015625
04387,985.8995224372776,31.39903696671727,0.31519728899002075,73.80159759521484,2.7469942301914614,3.529296875
04388,770.5319509204023,27.758457286391156,0.32061606645584106,61.59357452392578,4.58217640629053,3.986328125
04389,666.8841943527439,25.824101036681682,0.32223668694496155,74.42239379882812,3.6503229218841,4.3984375
04390,1009.6101250600015,31.774362701083422,0.25195011496543884,55.676578521728516,4.67254491612188,1.884765625
04391,1393.6428258796495,37.331525898088465,0.35200080275535583,71.61448669433594,3.2251472228309703,4.58984375
04392,3893.192450408918,62.395452161266675,0.31106364727020264,72.57978057861328,3.1440365174351297,3.8671875
04393,880.363918129138,29.670927153177033,0.2686566114425659,69.21430206298828,3.5594393943451554,4.171875
04394,1956.0522923887743,44.22727995693127,0.19140489399433136,61.081382751464844,4.155637459155199,3.40625
04395,1144.7919794818945,33.834774707124836,0.279330849647522,68.48051452636719,4.234459654847407,4.3125
04396,161.4134565757619,12.70485956536954,0.3200860023498535,70.99830627441406,2.967082526678395,4.44140625
04397,946.5431176650079,30.765940870791,0.1352434754371643,53.09033966064453,5.8493214326588125,2.453125
04398,5489.7571564838145,74.09289545215394,0.19230592250823975,62.80109405517578,5.006041391588864,3.966796875
04399,379.4298214939781,19.47895842939191,0.40861260890960693,71.87662506103516,2.1833190621639678,4.5546875
04400,1233.71054392764,35.124215919044225,0.30683302879333496,65.68314361572266,3.756171302876574,4.02734375
04401,2101.0706385233493,45.83743708502199,0.4185652434825897,53.58641815185547,2.085617633360796,4.05078125
04402,1956.2190117741306,44.229164719380925,0.3388859033584595,75.34976959228516,3.3516377336709606,3.9453125
04403,268.32454060664844,16.380614781095623,0.4511699676513672,74.53338623046875,2.372484497305492,4.89453125
04404,1894.4965084847784,43.52581427710202,0.17991767823696136,61.47453308105469,5.514503580084267,2.30078125
04405,483.1769687352997,21.981286785247576,0.3243441879749298,65.52716827392578,3.682672652280352,3.86328125
04406,2287.3618554524555,47.82637196623277,0.28977710008621216,67.64249420166016,4.0602266360520325,3.61328125
04407,1114.9897004635905,33.3914614903809,0.3341740369796753,75.30368041992188,2.549942319641729,4.21875
04408,616.7859904332674,24.83517647276273,0.2988952696323395,50.37356185913086,3.840081479847346,3.041015625
04409,503.9742161581117,22.449370061498644,0.34687358140945435,74.26712036132812,3.060781634487345,4.90234375
04410,451.1384766911162,21.240020637728115,0.46214479207992554,75.24791717529297,2.382440454799781,4.328125
04411,138.06447595466477,11.750084082876377,0.24317152798175812,60.86930465698242,5.190742682960339,3.81640625
04412,1062.1514537633896,32.59066513226433,0.4961758852005005,76.87324523925781,1.9593834058412651,4.7265625
04413,857.7352100887181,29.287116793715253,0.14491544663906097,59.332889556884766,4.756090810722014,4.0546875
04414,2152.184892717607,46.39164679894007,0.34883952140808105,66.66911315917969,1.8978376564593882,4.3515625
04415,861.4105074060536,29.349795696155258,0.22942979633808136,62.7391471862793,4.551824832385659,4.28515625
04416,1791.935490407885,42.33125902223893,0.35321441292762756,70.2669906616211,2.488703928876306,4.8671875
04417,97.83774572758225,9.891296463436037,0.4131554961204529,73.84042358398438,2.5998103813918045,4.80078125
04418,135.01816165213506,11.619731565407829,0.24711357057094574,65.5693359375,2.802363637749118,4.34375
04419,1655.2100173302545,40.684272358372766,0.3258502185344696,69.84236145019531,4.72699314641625,3.177734375
04420,893.9328723316326,29.898710211840786,0.20387309789657593,59.158138275146484,6.177053038269203,3.208984375
04421,212.91070445771118,14.591459983761432,0.42918822169303894,73.6091537475586,1.8518720845938168,4.578125
04422,1220.0749836145285,34.92957176397284,0.2950020432472229,72.32072448730469,4.229047543141069,4.2109375
04423,888.6265895152176,29.80984048121052,0.4315796494483948,72.59538269042969,2.2677828340303945,4.37890625
04424,646.816722887201,25.43259174538059,0.2836478054523468,72.20474243164062,4.713859313110799,4.31640625
04425,441.9647553883809,21.02295781730965,0.2569987177848816,68.4366226196289,3.522703271263936,4.7578125
04426,776.3079388382118,27.862303186172745,0.47568991780281067,72.15288543701172,2.054549765191478,4.8203125
04427,630.7989625972816,25.115711469064173,0.3499514162540436,74.17974090576172,3.8644839320234348,4.75390625
04428,1993.6772752346437,44.65061338027333,0.32433590292930603,74.802734375,3.416141881711466,4.19140625
04429,318.79671850347074,17.854879403218348,0.33526650071144104,68.12666320800781,1.8755338490103417,3.970703125
04430,706.0537593669799,26.571672122148804,0.3180074989795685,71.56588745117188,2.7552167128797858,4.4296875
04431,2337.668494360489,48.349441510326564,0.28375232219696045,62.28446578979492,4.108824033127458,3.9921875
04432,782.1462609710778,27.966877926773982,0.28337404131889343,67.3679428100586,5.607737639979898,3.052734375
04433,640.4557698985162,25.307227621739134,0.30228665471076965,50.53879165649414,3.185998829660725,2.36328125
04434,378.6218698587415,19.458208290044116,0.16062140464782715,47.99538040161133,4.877994219724056,3.578125
04435,2177.4925415673433,46.66361046433659,0.30877402424812317,67.12178802490234,3.3998558810227464,4.18359375
04436,2697.3084647546225,51.93561845934467,0.34736743569374084,73.2432632446289,4.337226980617973,4.82421875
04437,156.68473716516323,12.517377407634685,0.35928335785865784,70.01911163330078,3.3808222345121792,4.53515625
04438,380.49055760924017,19.506167168596708,0.43119627237319946,75.42317962646484,2.050054479782491,4.35546875
04439,376.66596498188665,19.407884093375213,0.2565721869468689,61.3807487487793,3.2604006498352724,4.05859375
04440,664.3425845159975,25.77484402505663,0.21922825276851654,63.2834587097168,4.476143491178819,3.6953125
04441,1300.7391655897964,36.0657616804331,0.37482839822769165,72.53475189208984,2.8008688973915787,4.625
04442,1429.3092652597174,37.80620670286451,0.22344835102558136,68.98709106445312,3.7025858804376894,4.3125
04443,1549.7420189266397,39.366762870810696,0.16924571990966797,52.93181610107422,4.794517396927417,2.904296875
04444,363.23787209350365,19.058800384428807,0.34296610951423645,72.05433654785156,1.8117680517843926,2.794921875
04445,875.7275858781629,29.592694805951062,0.3022269010543823,73.35394287109375,4.041882916242819,4.69921875
04446,1047.5861931658906,32.36643621355139,0.3609568476676941,73.89322662353516,4.105654331713201,4.8046875
04447,345.07884636130717,18.57629797245154,0.2937542498111725,72.98448944091797,3.270310026102354,3.861328125
04448,180.636509704677,13.440108247505933,0.39721161127090454,71.05677795410156,2.0946963747913423,4.36328125
04449,44.56169676180515,6.675454798124631,0.4308779835700989,70.07349395751953,2.296529828898503,4.4921875
04450,755.5216725430806,27.48675449272032,0.3357350826263428,72.14073944091797,4.785929802701772,4.37890625
04451,449.07513363849074,21.191392914069873,0.2557133436203003,72.08484649658203,5.207008089364986,3.857421875
04452,1159.3915461673753,34.049839150389175,0.3284755051136017,73.34296417236328,3.0572179628172704,4.40234375
04453,2829.254373534808,53.190735786740234,0.28134796023368835,68.94438934326172,4.309628717232508,4.375
04454,240.15551091784437,15.496951665338715,0.4860638678073883,75.06842041015625,2.3818836762839757,4.82421875
04455,1636.0346352442614,40.44792498069909,0.4824802875518799,75.45894622802734,2.773945333308555,4.265625
04456,431.08813425820705,20.762662022443244,0.18132171034812927,52.405914306640625,6.171224781463822,2.9921875
04457,1030.9330354184608,32.10814593554821,0.1794380396604538,54.96287536621094,5.4101002609625075,2.783203125
04458,2122.934285087712,46.07531101455216,0.31879258155822754,69.91926574707031,2.678537560867427,4.71484375
04459,562.1506399185057,23.709716150104068,0.15209777653217316,57.096046447753906,4.961410058430277,3.7109375
04460,2370.5138073857206,48.68792260289733,0.4129067361354828,75.53194427490234,2.504329438912362,4.28515625
04461,431.09097624712666,20.762730462227907,0.17280153930187225,56.406044006347656,5.0487729511188775,4.02734375
04462,2487.222790619217,49.8720642305812,0.20255598425865173,58.99232482910156,5.491191898048598,2.29296875
04463,2757.975275835256,52.516428627956564,0.2890242040157318,68.98941802978516,3.5298282664415663,3.88671875
04464,1168.7739466354187,34.187336056432045,0.29730263352394104,46.16963577270508,2.309971947488654,2.7890625
04465,1740.2932083616154,41.7168216474076,0.4630908668041229,76.41912841796875,2.544400272838642,4.09765625
04466,218.82246508507856,14.792649021898633,0.46361881494522095,73.25736999511719,2.1404906236299484,4.87109375
04467,270.6042490831433,16.45005316353547,0.366058886051178,72.56206512451172,2.561159055878668,4.26171875
04468,1042.9374385230524,32.29454193084417,0.3761449158191681,71.8380126953125,3.1257732080765335,4.24609375
04469,176.4179462182424,13.282241761775095,0.30133581161499023,72.0443115234375,3.931766623515353,4.4296875
04470,458.52962298764226,21.413304812374065,0.23969532549381256,70.63800048828125,3.03288338346741,4.16015625
04471,367.96296119504046,19.182360678369086,0.3350954055786133,68.23514556884766,1.4614248570619577,4.17578125
04472,38.75956446854553,6.2257179881958615,0.4108392894268036,66.25366973876953,1.73492997250339,4.1328125
04473,960.9277640142576,30.99883488156059,0.27950164675712585,61.83523178100586,2.861348767426315,3.818359375
04474,270.06246270678463,16.43357729487967,0.4701528549194336,75.40199279785156,1.8013802480285745,4.7421875
04475,392.4450689461243,19.81022637291468,0.3791137933731079,66.21504211425781,2.5173808583526407,4.40234375
04476,439.7656668007857,20.970590521031728,0.30425170063972473,72.38870239257812,3.4961651505114353,4.76953125
04477,1993.776137420297,44.65172043068774,0.10274416953325272,60.704166412353516,7.190170068029407,3.26953125
04478,374.9641736265695,19.36399167595797,0.18016119301319122,57.207679748535156,3.2901684823166852,3.337890625
04479,1059.2431896028972,32.54601649361865,0.22285597026348114,70.26459503173828,4.599042712443218,4.23828125
04480,337.8705528797238,18.38125547615624,0.13408833742141724,51.80496597290039,4.744106304390255,2.890625
04481,1388.726258937526,37.265617651362305,0.4080137312412262,65.46638488769531,2.010978342388852,4.5625
04482,931.2192253010442,30.51588480285381,0.46818673610687256,72.99323272705078,1.9126810104014762,4.86328125
04483,2536.817995220446,50.366834278326905,0.4184475541114807,65.52803802490234,2.226105976843991,4.0703125
04484,361.3103231283352,19.008164643866465,0.22216030955314636,67.0370864868164,3.822985389304417,4.12109375
04485,473.8427488772912,21.76792936586508,0.4371529519557953,71.18563079833984,2.4630732671916626,4.54296875
04486,1888.9606566542566,43.46217501062569,0.16411301493644714,49.64739990234375,6.185930239836554,1.9453125
04487,135.4817765023166,11.639663934251564,0.4956333637237549,75.9434585571289,1.7765011327835663,4.87890625
04488,1144.2336059048625,33.826522225982124,0.42678868770599365,68.25830078125,2.316284248783634,4.41796875
04489,659.0010105934791,25.671014989545682,0.3111800253391266,74.34390258789062,3.3063555919077072,4.48046875
04490,824.2269398038293,28.709352828021554,0.3360944390296936,65.01298522949219,3.199394971855389,3.869140625
04491,1888.447760932803,43.45627412621569,0.19048576056957245,46.857303619384766,5.3145138946716735,2.345703125
04492,237.9169524167881,15.42455679806678,0.5109928250312805,75.36375427246094,2.603090745581223,4.9140625
04493,1120.844519024757,33.47901610001042,0.49944084882736206,75.31114196777344,2.5752561697182648,4.80078125
04494,509.08101080383676,22.56282364430119,0.45500919222831726,64.13865661621094,2.596691577839042,4.51953125
04495,2098.891320578325,45.81365866833084,0.3046073615550995,68.42853546142578,3.9206946726211362,4.08203125
04496,520.4952374359395,22.814364716904556,0.3741869032382965,73.56636810302734,3.464742676879558,4.796875
04497,329.72023758015666,18.158200284724163,0.3655979633331299,71.94721984863281,1.6330806691568176,3.857421875
04498,2992.7883387382913,54.706382979852464,0.3051961660385132,59.015377044677734,4.243798571728343,3.658203125
04499,444.49832812133565,21.083128992664623,0.19401632249355316,54.46650695800781,4.610481890632551,2.9921875
04500,1081.970963631372,32.89332703803876,0.27108925580978394,70.41472625732422,5.3774469780806795,3.990234375
04501,1023.5282004397972,31.992627282544287,0.24770574271678925,64.15216064453125,4.591930067026959,3.7265625
04502,2261.42342414471,47.55442591541517,0.08675912767648697,55.65789794921875,6.421804188434776,3.640625
04503,989.353833427161,31.453995508157004,0.27670273184776306,57.37209701538086,2.8996091223432625,3.734375
04504,1038.7583784067315,32.2297747185228,0.18010015785694122,60.75061798095703,4.713868502373097,3.53515625
04505,197.16867351834188,14.041676307276916,0.4948408305644989,72.55838012695312,1.7388245427819826,4.78125
04506,559.7872404061759,23.6598233384397,0.11365394294261932,53.91067886352539,5.3294401944358984,3.529296875
04507,374.5118349903531,19.352308260007465,0.29152798652648926,70.74651336669922,3.459310648907238,4.625
04508,143.33440276057522,11.972234660270205,0.43013232946395874,73.69973754882812,1.7632444068991167,4.46875
04509,677.1850360935139,26.022779176973273,0.39971670508384705,74.98943328857422,2.6506815894159668,4.9296875
04510,566.3081180487469,23.7972292094846,0.33357638120651245,75.29035186767578,3.475547650489012,3.916015625
04511,286.904678670673,16.938260792379864,0.47420549392700195,69.30845642089844,2.949253059391572,4.8203125
04512,3414.5306066103894,58.4339850310621,0.2941720485687256,69.60356903076172,2.738123867077089,4.24609375
04513,1926.7925880945263,43.895245620619626,0.20924293994903564,59.43156433105469,6.118583327863438,3.13671875
04514,368.0917115134521,19.185716340899344,0.20676469802856445,72.28870391845703,4.161236610553829,4.06640625
04515,305.1371377659825,17.468174998149706,0.2135385125875473,58.23242950439453,5.572024585073831,4.01953125
04516,497.45684447737574,22.303740593841557,0.42664822936058044,73.29891204833984,3.410989804135153,4.65625
04517,445.4022842318164,21.104556006507607,0.4789001941680908,70.40381622314453,2.8022240786436403,4.88671875
04518,485.90774588325644,22.04331521988597,0.25608888268470764,72.56893920898438,3.705049092922081,4.62890625
04519,427.4907077391484,20.67584841642897,0.2961599826812744,71.63877868652344,3.5509403561635295,4.8359375
04520,382.4806733099972,19.557113112880366,0.2948014736175537,66.87892150878906,2.7814770243500297,3.958984375
04521,1913.6294699195237,43.745050804857044,0.23959355056285858,66.78490447998047,3.7369945373977065,4.2265625
04522,574.7601625762665,23.974156138981545,0.4319792091846466,71.48458099365234,2.254512264750167,4.640625
04523,297.60136933501843,17.25112661060194,0.49258095026016235,71.85839080810547,2.1996059978009623,4.890625
04524,822.7448023408897,28.68352841511814,0.2221027910709381,63.76399612426758,3.4300828625707833,3.974609375
04525,932.2393782477845,30.532595340844914,0.24797189235687256,66.76158142089844,3.135818327920306,3.82421875
04526,693.9023864866667,26.342027000340476,0.23279981315135956,65.59004974365234,4.223338586442386,4.25390625
04527,3332.204030992106,57.72524604531457,0.3192366361618042,73.1079330444336,3.4616233222508828,3.056640625
04528,300.3823645988663,17.331542476042525,0.3378710448741913,72.64724731445312,3.1152217615722213,4.85546875
04529,731.8059136966741,27.051911461053432,0.18639196455478668,62.20696258544922,4.3536886030434045,3.34765625
04530,895.4083869657418,29.92337526025,0.19359007477760315,54.73435974121094,4.909982086727033,3.193359375
04531,870.7536981251061,29.508536021380426,0.1770547479391098,55.73110580444336,4.418082239161836,2.990234375
04532,1081.0830045282473,32.87982671073933,0.17252163589000702,62.64813232421875,5.926170109707007,4.5234375
04533,1864.1308595872742,43.17558175157892,0.4523237943649292,71.85921478271484,3.466913835814202,4.828125
04534,2050.0759029139726,45.27776389039075,0.449835866689682,65.88531494140625,5.833063744491902,2.28125
04535,1574.531174924409,39.680362585596534,0.24787624180316925,64.02594757080078,2.729944817435832,3.08203125
04536,465.8462618605865,21.583471960289117,0.31630656123161316,67.04194641113281,2.336740631071692,3.59375
04537,419.6510027500856,20.485385101337137,0.30978167057037354,69.54595947265625,2.7209964690166917,4.52734375
04538,3605.084373865954,60.04235483278411,0.2609882950782776,67.77147674560547,4.178196645048363,3.580078125
04539,143.89810209937394,11.99575350277647,0.4251672923564911,75.22123718261719,1.5197275258445206,4.87109375
04540,1913.9492288445258,43.74870545335628,0.1764630824327469,58.54352569580078,6.919612992729813,2.904296875
04541,452.8614839698994,21.28054237959877,0.28182724118232727,68.2930908203125,4.541588050036529,3.55859375
04542,724.057807025871,26.908322263304917,0.18399186432361603,52.543182373046875,4.304663738287955,3.193359375
04543,374.56069054811576,19.353570485781578,0.3516426682472229,68.34237670898438,2.8459075501295605,4.4765625
04544,529.8936550708881,23.01941908630381,0.08677708357572556,55.53160858154297,7.103233051131825,2.90625
04545,268.0891376465057,16.373427791592867,0.33229005336761475,74.21846008300781,3.0883057737012103,4.69921875
04546,212.02970322293396,14.56123975569848,0.4302181899547577,75.11678314208984,2.8451887076947657,4.11328125
04547,768.7236182787346,27.725865510002293,0.2769537568092346,74.30384063720703,3.3021257345711534,4.453125
04548,588.8602026555428,24.266441903491803,0.3133710026741028,71.67842864990234,3.549863118687244,4.79296875
04549,558.0948370733539,23.624030923476077,0.30443528294563293,63.22618865966797,3.7525109280424696,4.0078125
04550,1842.1767527289985,42.92058658416726,0.39412420988082886,66.91460418701172,1.8041647493554955,3.603515625
04551,731.0420012516245,27.037788394238618,0.2674410939216614,69.64901733398438,4.618486822103389,4.17578125
04552,1670.548757868777,40.87234710496544,0.43167489767074585,73.3643798828125,1.6215097015495559,4.79296875
04553,393.318927532478,19.832269853258804,0.28123176097869873,68.05888366699219,2.795562149313765,4.28515625
04554,2172.5297739125103,46.610404138051734,0.31031009554862976,70.32038116455078,3.122908898651864,4.1484375
04555,214.87447832406144,14.658597420082913,0.4657456874847412,75.2907485961914,2.009617120685682,4.68359375
04556,2507.5688283949903,50.07563108334223,0.27419373393058777,60.241737365722656,3.729867760602061,4.328125
04557,503.9786754149856,22.449469379363638,0.3077666461467743,68.17979431152344,2.530005592183046,3.712890625
04558,1538.9407137422006,39.2293348623476,0.2637277841567993,66.10060119628906,3.903697324358594,4.1171875
04559,318.5916494502234,17.84913581802277,0.47862184047698975,75.85699462890625,1.4964490566114355,4.7421875
04560,413.42712082013423,20.332907338109184,0.3927938640117645,66.13494110107422,3.146244936068496,4.12890625
04561,274.4350400055072,16.5660810092643,0.4180687963962555,71.52394104003906,2.0847671283690086,4.6875
04562,2362.056837079887,48.600996256042805,0.1387113630771637,63.88278579711914,4.410412362035624,2.91796875
04563,1673.424324953296,40.90750939562681,0.31152671575546265,71.4537582397461,3.226972193048361,4.91796875
04564,214.56682621913137,14.648099747719202,0.4862160384654999,75.62039947509766,1.7217341677834812,4.66796875
04565,1401.035357763253,37.430406860776344,0.33601322770118713,69.33960723876953,2.0493543182317104,3.70703125
04566,996.9634898417291,31.57472865824391,0.2821996510028839,69.31616973876953,3.9955878315996087,3.927734375
04567,1046.7581797383366,32.353642449318386,0.30315491557121277,69.16128540039062,3.939809548017876,3.97265625
04568,971.4177348030305,31.167575054903303,0.43957942724227905,64.61206817626953,2.3419145047959526,3.2578125
04569,380.79548934775534,19.513981893702663,0.2675217092037201,69.96022033691406,3.1171910848821502,3.98828125
04570,2108.4562040273845,45.91792900411978,0.32266053557395935,75.13412475585938,3.408448406117407,4.3671875
04571,1092.6209549108712,33.05481742365054,0.4205451011657715,76.89006042480469,3.344190408317643,4.890625
04572,2647.2780447300556,51.4517059457707,0.30031856894493103,65.7206039428711,2.4958015600969725,4.0859375
04573,212.76736236738978,14.586547307961188,0.44357648491859436,72.60549926757812,1.2503060491301135,4.515625
04574,381.95375808568997,19.54363727880995,0.35128724575042725,73.32633972167969,3.2306123947921863,4.81640625
04575,203.8411858849746,14.277296168566883,0.1604144424200058,58.281211853027344,6.204373048121929,3.0390625
04576,6111.837895017404,78.17824438433881,0.1405547857284546,54.162776947021484,6.758543707940618,3.365234375
04577,1337.393145256942,36.570386178668414,0.33575889468193054,55.973209381103516,2.648518987075283,3.01953125
04578,258.81681849905107,16.087784760465038,0.20365899801254272,56.72852325439453,4.774858592505371,3.873046875
04579,618.8362727217931,24.876420014177945,0.48725399374961853,75.22456359863281,2.1761170586121645,4.609375
04580,1452.6034167470445,38.11303473546871,0.25635525584220886,62.51006317138672,3.861202591405813,4.08984375
04581,504.116420566884,22.4525370630333,0.2515190541744232,64.15937042236328,2.2646046472182597,3.955078125
04582,385.1343734237777,19.624840723526336,0.43121272325515747,72.21666717529297,2.2426400727877405,4.87109375
04583,813.6224769610487,28.524068380247737,0.31246915459632874,75.03305053710938,3.9741763269384167,4.28125
04584,512.2815848600251,22.633638347822586,0.4546346366405487,74.48942565917969,2.667030003105493,4.5625
04585,874.4370787231921,29.5708822784034,0.31654083728790283,56.25436019897461,3.501676206168387,4.04296875
04586,753.6185354917905,27.452113497721637,0.38496533036231995,71.78785705566406,2.5443435542288504,4.7578125
04587,848.6636698320898,29.131832586229272,0.25233194231987,72.39857482910156,3.2189902757651985,3.154296875
04588,303.19744690317407,17.41256577598988,0.4213148057460785,71.92829132080078,1.9986512768703364,4.5625
04589,840.2920099241876,28.987790704436026,0.32654571533203125,72.62627410888672,2.394285127274439,4.875
04590,2169.658431697581,46.57959243807937,0.26845210790634155,62.69033432006836,4.229986337653427,3.7109375
04591,1883.041391860697,43.39402484053187,0.13343754410743713,60.406036376953125,7.032290415723476,2.81640625
04592,510.75517764448557,22.59989331046688,0.24655598402023315,58.1484375,3.9127337239739006,3.98046875
04593,1516.201438536653,38.93843138258978,0.21051697432994843,63.6527214050293,4.9582765549294825,3.82421875
04594,1227.7909122050573,35.03984749117863,0.2824926972389221,73.39278411865234,2.570136530490935,4.6953125
04595,536.3341426446505,23.15888906326576,0.2701800763607025,52.85757827758789,3.317957485485416,3.1171875
04596,351.36939057021937,18.74484970785894,0.433579683303833,74.83351135253906,1.7590040261547828,4.69921875
04597,2415.728769294395,49.15006377711422,0.27661293745040894,69.82463073730469,2.72878351163507,4.10546875
04598,352.8255203959146,18.783650347999842,0.4122835099697113,69.10523986816406,1.8928187199879352,4.671875
04599,1707.788264927723,41.32539491556884,0.33584943413734436,70.63072204589844,2.3318416340886334,2.9453125
04600,331.6606791562851,18.211553452582926,0.4697493314743042,71.6304931640625,2.128802071791351,4.33984375
04601,971.614025078614,31.170723845920133,0.35861364006996155,70.21099853515625,2.989131856721625,3.341796875
04602,1442.9489998265021,37.986168533118764,0.2486366182565689,69.02660369873047,3.475783459508844,3.85546875
04603,698.7421069845886,26.43373047801972,0.2726028561592102,62.244346618652344,3.236554044834698,3.931640625
04604,1422.194091921841,37.711988702822886,0.12293796241283417,59.71086120605469,7.033671902082834,3.515625
04605,334.9004768746053,18.300286251165726,0.15121814608573914,47.9887580871582,4.722772905091359,3.494140625
04606,199.49342448686653,14.12421411926577,0.5157158374786377,74.7998046875,2.271115605048917,4.8828125
04607,1974.9990124603385,44.44096097588731,0.2669724225997925,70.18879699707031,4.653721607143563,4.42578125
04608,935.4118540931062,30.58450349593902,0.2919394373893738,72.5776138305664,4.0147010760491675,4.015625
04609,2221.5140451624275,47.132940128560065,0.2732160687446594,70.63758087158203,3.274541239963396,4.22265625
04610,447.60970043159625,21.15678851885598,0.3247155547142029,72.02819061279297,2.3701547304545207,4.203125
04611,943.9680928617892,30.72406374263973,0.3826260566711426,71.17330932617188,1.7680428982505398,4.3515625
04612,629.1872620154497,25.08360544290732,0.29264530539512634,65.99530792236328,3.967888613640928,4.04296875
04613,269.4487393277634,16.414893826271413,0.4470633566379547,73.25811767578125,2.45527815265583,4.77734375
04614,898.0663953592326,29.967755927984207,0.3018038272857666,76.01972198486328,3.9814950425916535,4.23828125
04615,3178.697035776724,56.379934691135674,0.2068660855293274,67.09109497070312,3.8331443478450242,3.712890625
04616,1630.2294243576798,40.37609966747259,0.3744697570800781,62.4639892578125,2.2111559406793266,4.16796875
04617,959.2524361792138,30.971800660911107,0.3556009829044342,74.77171325683594,3.710724570628747,4.85546875
04618,354.12578120982806,18.81823002329996,0.35060614347457886,75.13777923583984,3.2935589466464434,4.7890625
04619,300.3405414864989,17.33033587344743,0.38309529423713684,76.91065979003906,3.215680816401851,4.828125
04620,419.8923193910045,20.491274225655282,0.19180911779403687,59.057003021240234,6.049205096858516,2.6484375
04621,3150.6315152136294,56.13048650433763,0.15003888309001923,50.47047805786133,6.294536715099303,2.921875
04622,244.3537160632931,15.631817426751539,0.29034367203712463,69.84689331054688,2.894408648165027,4.453125
04623,429.36090170510516,20.721025594914583,0.29244551062583923,67.24272918701172,3.4912365737638003,3.744140625
04624,1613.1040453008168,40.163466549848714,0.169649139046669,56.690696716308594,5.357699859536496,2.302734375
04625,530.0270810912426,23.022317022646583,0.4441226124763489,62.72595977783203,2.20964301091424,4.1953125
04626,2192.847244499795,46.82784689156437,0.20934826135635376,62.673912048339844,4.747692615593923,2.62890625
04627,1202.888535078729,34.68268350457803,0.28870558738708496,69.40567016601562,3.0879378917761886,4.16015625
04628,300.3151355853061,17.329602868655304,0.1979774534702301,62.36842346191406,4.021218190192329,3.1328125
04629,734.7079913268359,27.10549743736196,0.45749926567077637,72.45642852783203,2.0470827668066423,4.87890625
04630,3561.9517771184223,59.68208924893985,0.27560266852378845,61.170589447021484,5.2186795239246875,3.072265625
04631,1213.7486644926273,34.83889585639343,0.1596684604883194,56.85578918457031,6.171940326413906,3.568359375
04632,660.6196460798778,25.702522173512037,0.37159010767936707,73.82948303222656,2.3920105031181693,4.734375
04633,66.6937527171693,8.166624315907356,0.4795258641242981,76.11677551269531,1.9171610323682724,4.67578125
04634,368.67368537878514,19.20087720336717,0.28089240193367004,64.24662780761719,2.164943703595979,3.802734375
04635,793.174613486909,28.163355863371628,0.4538849890232086,73.8923568725586,1.243291307654756,4.44140625
04636,1676.2194138298762,40.941658659974635,0.34553179144859314,64.14498901367188,2.9135040618280974,3.958984375
04637,141.00815569143256,11.874685498632482,0.20989961922168732,70.97042846679688,4.325153751185605,4.1015625
04638,94.8779952955653,9.740533624784902,0.4953936040401459,73.50373840332031,2.5265487207980395,4.65625
04639,2270.0352512269433,47.64488693686809,0.2169726938009262,64.84593963623047,3.706840581902952,4.07421875
04640,1745.5314758546756,41.7795581098541,0.17474359273910522,62.59978485107422,4.978707179942447,2.75
04641,1537.9720771562636,39.21698709942241,0.15233995020389557,55.096805572509766,6.200484871828304,2.908203125
04642,2296.3413912198994,47.920156418984064,0.33708271384239197,51.04276657104492,6.130904021975575,3.244140625
04643,144.9820842153659,12.040850643346005,0.3408730626106262,72.22808074951172,2.905940084141658,4.55078125
04644,371.58266028391785,19.276479457720434,0.41669148206710815,72.0869140625,2.130842759888528,4.8515625
04645,623.3381187604382,24.966740250990682,0.4841609299182892,74.52261352539062,1.751141497984818,4.78125
04646,2197.142497419192,46.87368662073842,0.19597508013248444,63.63291549682617,4.765949095770487,3.76953125
04647,2220.61265642695,47.12337696331779,0.32682478427886963,69.84832000732422,3.899857420152187,3.8203125
04648,620.7954159970857,24.91576641400151,0.4378361999988556,72.90642547607422,1.9176754425740208,4.4921875
04649,449.6126627759848,21.204071844246915,0.34685075283050537,71.80077362060547,1.6203479526642488,4.04296875
04650,876.0179591670142,29.597600564353424,0.26760897040367126,69.35010528564453,3.6437388632517704,4.69921875
04651,563.1479371544453,23.730738234501793,0.28200075030326843,65.08210754394531,3.7923218176999254,4.40234375
04652,133.93060250011726,11.572838999144388,0.49086979031562805,74.36388397216797,2.8348634109912108,4.625
04653,2680.873694926587,51.777154179489116,0.34691286087036133,62.605751037597656,3.2067306453519646,3.568359375
04654,332.99964547170157,18.248277876876536,0.3040071427822113,70.43708801269531,2.912858538518975,4.67578125
04655,2240.2251142423283,47.3310164082954,0.2681434154510498,63.95977020263672,2.5103913772663304,3.837890625
04656,261.7492699111516,16.17866712406036,0.5355578064918518,73.92227935791016,2.8266890864920904,4.7890625
04657,1544.213697383522,39.29648454230381,0.2074483335018158,57.86198806762695,5.961642711461148,3.41015625
04658,1873.1309521889837,43.27968290305491,0.27611806988716125,73.20536804199219,2.560307605302521,4.01171875
04659,137.42838374766228,11.722985274564763,0.41042160987854004,73.62228393554688,1.5463290738312219,4.27734375
04660,632.752384049378,25.154569844252514,0.30091795325279236,62.75016403198242,1.7335893876140482,4.05859375
04661,1238.6546597634497,35.19452599145853,0.4513692259788513,74.31709289550781,2.0800267744314285,4.59375
04662,558.9782927026451,23.64272177019061,0.28831619024276733,73.56212615966797,2.7904744792724454,4.84375
04663,664.9086130628988,25.785821938865915,0.2915954887866974,58.86367416381836,4.129146491961012,2.53515625
04664,370.8579563196663,19.257672661037375,0.44171231985092163,74.84552764892578,2.333624563602002,4.20703125
04665,972.1495542896988,31.179312922027304,0.12536363303661346,57.888389587402344,6.57746487212497,2.716796875
04666,437.1968917890521,20.909253735823572,0.5190433263778687,75.95169830322266,2.6200764068322573,4.83203125
04667,656.559304359644,25.62341320666792,0.20230485498905182,55.09531784057617,3.528850749063235,3.9921875
04668,629.2758218172403,25.085370673307587,0.4004583954811096,68.8951644897461,3.148202936695506,3.880859375
04669,124.28825896666793,11.148464421913356,0.22321832180023193,65.83809661865234,5.0319632716757665,3.439453125
04670,565.4438208509835,23.77906265711463,0.2938430607318878,71.11346435546875,4.417164035095052,3.6875
04671,1953.4977825127303,44.19839117561555,0.3577873408794403,69.58737182617188,4.487854066968751,3.884765625
04672,1594.8669941119408,39.93578588323937,0.2088596373796463,61.58949661254883,5.777255552892356,3.326171875
04673,1498.7681296966925,38.71392681835172,0.31202542781829834,72.3235092163086,2.795702776933821,4.84375
04674,970.533834098311,31.153392015931605,0.2651572823524475,64.7391128540039,3.72934154048953,4.1796875
04675,394.2436776214619,19.85557044311399,0.24936211109161377,67.67699432373047,3.4535028554320912,3.482421875
04676,133.24891802312274,11.543349514899163,0.5186379551887512,70.99181365966797,2.5995017757622954,4.86328125
04677,203.92006106375786,14.280058160377283,0.13219217956066132,58.45843505859375,5.695739888654055,2.79296875
04678,613.6361175953705,24.771679749168616,0.31162703037261963,66.79257202148438,5.672942170820189,4.046875
04679,533.6241737517045,23.100306789125213,0.3082104027271271,64.22332000732422,5.356962717034404,3.9453125
04680,441.4639237622192,21.011042900394525,0.2991829216480255,68.87629699707031,3.464194606447216,4.26171875
04681,1888.4637365153264,43.45645793797887,0.2567920684814453,61.27265167236328,3.4154894638537088,4.24609375
04682,310.15524201947716,17.611224886971296,0.4938947856426239,71.6723861694336,1.6932897610888191,4.640625
04683,1736.4211090173865,41.67038647549824,0.24472513794898987,70.35511016845703,4.491444801242831,3.6875
04684,936.9333261298499,30.609366640455825,0.2585284411907196,60.46467208862305,6.522900181124835,2.544921875
04685,2636.9187946866705,51.35093762227395,0.2524585723876953,65.4489517211914,4.21062723257594,4.71484375
04686,54.20347643211305,7.362301028354725,0.4262491762638092,71.6812973022461,1.6418107556883688,3.9296875
04687,473.1561287704341,21.75215227903745,0.28617221117019653,71.74534606933594,4.860453351793341,4.4375
04688,275.0617769556311,16.584986492476595,0.5424502491950989,73.32364654541016,2.7046764612029475,4.93359375
04689,1411.3143134897705,37.567463495553845,0.22476719319820404,68.19274139404297,5.272876148494567,4.109375
04690,674.2136841760586,25.965625048822886,0.413340300321579,70.4506607055664,2.0535758633241907,4.4296875
04691,5902.062877457591,76.82488449361698,0.2121676504611969,64.04840850830078,4.7865756781594495,3.6796875
04692,720.4828595146215,26.84181177779588,0.29814332723617554,72.17317962646484,2.628121006986617,3.240234375
04693,2099.3555756154333,45.81872516357732,0.2202196568250656,65.387939453125,3.9677824660899272,4.40625
04694,1560.4498620744866,39.50252981866461,0.18407177925109863,63.966278076171875,4.05221149047588,4.1015625
04695,327.6194938398522,18.100262258869407,0.5011942982673645,73.9395523071289,2.9361813729699433,4.95703125
04696,176.3344801034159,13.279099370944397,0.44417548179626465,72.66304016113281,1.6624366390899155,4.703125
04697,5076.286169469803,71.24806081199546,0.2565937042236328,70.52336120605469,3.602450677534171,3.25390625
04698,296.6390311202031,17.223211986159928,0.33270880579948425,68.5224380493164,4.074082280146676,4.12109375
04699,262.90337290549337,16.214295325591348,0.4422416090965271,68.156494140625,2.0013750174971,4.65625
04700,36.035467999417335,6.002954938979413,0.4731350541114807,74.6727523803711,2.686324211820328,3.74609375
04701,733.2183327233661,27.078004592720013,0.2487320899963379,68.23812866210938,3.082557361987217,3.5234375
04702,3470.850610694126,58.91392543952682,0.1924324482679367,57.502845764160156,4.15119495210037,3.48046875
04703,305.43929346047037,17.476821606358243,0.374469518661499,65.6948471069336,2.89398724797068,4.58203125
04704,711.2650288857055,26.66955246879305,0.4095129668712616,71.82262420654297,2.7689110484412947,4.25390625
04705,547.5916409304432,23.400676078490623,0.4535978436470032,72.3509292602539,3.9095398081090753,4.89453125
04706,170.15154344355304,13.044214941634205,0.30256205797195435,63.83061218261719,2.1147313721632344,3.89453125
04707,547.2808451879555,23.394034393151504,0.23195219039916992,67.51174926757812,3.5609029642633345,3.677734375
04708,788.4002004293359,28.078465065407972,0.3283316195011139,75.48707580566406,3.529352500622367,3.576171875
04709,1203.7172897025243,34.69462911896486,0.25893616676330566,62.39988327026367,4.32338442681175,3.935546875
04710,303.1911266668638,17.41238429012132,0.4882703125476837,74.98668670654297,2.4535964877464744,4.64453125
04711,2771.111098553472,52.64134400405704,0.28415319323539734,73.53424072265625,4.038472283340445,3.951171875
04712,1285.6179785103125,35.85551531508524,0.27779605984687805,64.83440399169922,3.7400757488136085,4.32421875
04713,338.11874246804047,18.38800539667205,0.4460549056529999,74.23773956298828,2.7441395120023873,4.91015625
04714,1104.905087983185,33.240112634935294,0.34514498710632324,70.73208618164062,1.8831726288028332,4.171875
04715,247.25193343338447,15.724246673001046,0.3677711486816406,72.13723754882812,2.640117730296132,4.7421875
04716,680.2803140422177,26.082183843424954,0.32632070779800415,73.28439331054688,2.830115961690996,3.58984375
04717,133.1202749630771,11.537775997265552,0.45884308218955994,75.80374908447266,2.329487168735509,4.65234375
04718,362.4487329683845,19.038086378845552,0.2990149259567261,70.92613983154297,2.1266358345468435,3.99609375
04719,331.8034040754204,18.215471557865868,0.2786412239074707,71.1038818359375,4.357496530961397,4.3671875
04720,2672.3075376406214,51.694366594829475,0.19369317591190338,65.01538848876953,3.6462864175645198,3.9140625
04721,323.5449173997595,17.987354374664427,0.39336246252059937,74.75696563720703,2.0731203129223457,4.0234375
04722,161.9814112502919,12.72719180535486,0.5190643072128296,73.05490112304688,2.241631771637342,4.6875
04723,1446.614817223132,38.03438992836788,0.1606227606534958,62.20989227294922,5.037074699478056,3.072265625
04724,1217.3300830872718,34.89025771024444,0.36058032512664795,68.22493743896484,3.667352963882701,4.94140625
04725,1713.6054656782471,41.39571796307255,0.30442288517951965,68.49152374267578,3.153674857050234,4.921875
04726,806.370227442516,28.396658737297177,0.33677923679351807,75.34877014160156,4.555183338396216,4.76171875
04727,954.0416921436639,30.887565332082488,0.3161674439907074,63.99635314941406,2.020067375326575,3.744140625
04728,359.4494095419875,18.95915107651151,0.48018574714660645,74.88343048095703,2.398116550315295,4.6875
04729,3015.5173865609577,54.91372675898948,0.2868880331516266,59.019691467285156,2.6798227857678136,3.3046875
04730,3127.1979966228223,55.92135546124416,0.2840828597545624,63.23808670043945,4.875379249157538,4.83203125
04731,260.23150255077525,16.13169248872465,0.30884841084480286,74.01262664794922,2.1380632734516807,4.5234375
04732,1145.9966884227554,33.8525728479056,0.4558287560939789,73.1603012084961,2.8321072684327593,4.90234375
04733,2606.3156769971915,51.05208788088095,0.2788628935813904,69.33889770507812,3.326782543678313,3.732421875
04734,521.0042691814284,22.825517938952196,0.23122593760490417,60.37482452392578,4.93042915136122,3.791015625
04735,223.93802374099957,14.964558922367193,0.37836384773254395,76.7470703125,2.102569466190829,4.90625
04736,600.6738138350818,24.508647735749964,0.2750418186187744,62.025150299072266,4.7302491697434474,3.90625
04737,2254.458334999648,47.48113662287001,0.18855489790439606,60.57793426513672,8.268083199222374,3.595703125
04738,3443.383210024557,58.68034773264859,0.3461873233318329,69.23420715332031,3.5576662114801407,3.220703125
04739,717.2620475059199,26.78174840270739,0.37546250224113464,70.20123291015625,3.323834754405946,4.67578125
04740,375.01870426019156,19.365399666936685,0.19828380644321442,63.780677795410156,4.77716554076284,4.546875
04741,339.1065486707675,18.41484587692136,0.5464772582054138,77.47843933105469,3.448706169508828,4.08984375
04742,2090.889997793058,45.7262506421974,0.4013555645942688,73.457275390625,1.6388500164634041,4.48046875
04743,4053.407754610724,63.666378525959246,0.27894192934036255,58.23296356201172,3.0303851208788664,2.7421875
04744,468.3589341492568,21.641601931217032,0.30498769879341125,64.45179748535156,5.02250273673737,3.884765625
04745,1032.0371300783634,32.12533470764723,0.20417620241641998,62.519203186035156,4.610990249981279,4.65234375
04746,684.7934327142739,26.168558093908686,0.27548375725746155,58.51613235473633,3.8661450929257515,3.75
04747,1568.9507547218773,39.609983018449746,0.4052632749080658,74.03597259521484,2.115822061364634,3.822265625
04748,229.53776015770782,15.150503627196946,0.5398244261741638,69.25628662109375,2.5110099380842827,4.54296875
04749,1221.237520819044,34.94620896204685,0.2501911520957947,66.6464614868164,5.251146364910793,3.98828125
04750,164.31247202005952,12.818442651900407,0.19151721894741058,50.93304443359375,5.485566984126908,2.24609375
04751,688.6902308723913,26.242908201500676,0.44518354535102844,73.62455749511719,2.5355456240634533,4.609375
04752,751.926263052802,27.4212739137481,0.4058573842048645,70.27470397949219,4.523121421676195,4.546875
04753,230.2638840340682,15.17444839307407,0.4650026559829712,73.06256103515625,2.4791455653054326,4.71875
04754,265.00871700431,16.279088334557006,0.24833489954471588,68.62279510498047,2.2655001388433416,4.14453125
04755,1139.3068583066133,33.753619928929304,0.3297950029373169,72.70143127441406,3.522900376730308,4.98046875
04756,945.5527808908694,30.749841965299098,0.28416040539741516,68.79962921142578,2.6702699144784643,3.697265625
04757,143.42893041554314,11.976181796196279,0.475905179977417,75.22698211669922,1.9032965857431987,4.90625
04758,329.4600010190163,18.151033056523705,0.4093867540359497,72.24401092529297,1.664405430030035,4.2734375
04759,760.7815027443474,27.582267904295822,0.21515728533267975,56.0174674987793,6.892849570901552,3.76171875
04760,1117.054137043421,33.42235983654387,0.3046557307243347,68.98505401611328,4.0634432339006805,4.609375
04761,411.5573919123187,20.286877332707434,0.25466540455818176,69.25608825683594,3.307332836502457,3.728515625
04762,699.763727486956,26.45304760300703,0.23002703487873077,67.51235961914062,3.7656274059941692,4.65234375
04763,719.6899978529261,26.827038559127732,0.2424604743719101,62.031063079833984,3.569539023411014,4.34375
04764,1999.1787201039547,44.712176418778306,0.3974077105522156,70.72059631347656,3.358992957606913,3.853515625
04765,464.4119883165161,21.550220145430444,0.32403844594955444,60.66814422607422,2.4522822954919334,4.03125
04766,860.3347193640443,29.331462959832812,0.21399520337581635,57.27016067504883,4.230051962901987,3.609375
04767,1005.6905324161229,31.71262418053925,0.12390568852424622,52.3445930480957,4.015116061894741,2.716796875
04768,309.1455189638182,17.58253448635373,0.2817276418209076,71.19277954101562,5.165522036985221,4.515625
04769,262.610060637514,16.205247935083065,0.2752939760684967,61.987117767333984,5.336259754216131,3.578125
04770,1738.0654228583119,41.69011181153526,0.2991923689842224,68.79923248291016,3.406880458708989,3.77734375
04771,796.2078521341625,28.217155280682753,0.30710136890411377,72.22218322753906,2.522100361250949,3.115234375
04772,1249.4339273546043,35.347332676661814,0.32109740376472473,68.62999725341797,3.321584053614951,4.4140625
04773,382.97800057330153,19.569823723613393,0.22077496349811554,68.09324645996094,4.402140836182273,4.41015625
04774,1261.5342142913844,35.51808291970985,0.10818826407194138,59.21543502807617,5.948677342561873,2.505859375
04775,114.81421238673819,10.715139401180844,0.27443772554397583,74.00848388671875,3.6161156110784654,4.7578125
04776,2660.088425495165,51.57604507419278,0.17557236552238464,60.00312805175781,5.150903116708688,3.505859375
04777,2256.9655632111926,47.50753164721561,0.33601558208465576,61.633934020996094,1.8709014604191987,3.6796875
04778,704.5703516755841,26.54374411562137,0.2274090051651001,66.3245620727539,5.4743254124564515,3.060546875
04779,1087.8527946383062,32.98261352043386,0.2701141834259033,67.16575622558594,3.885096260301182,4.09765625
04780,2534.8369639982034,50.347164408715244,0.3287709355354309,67.93761444091797,3.255427436371674,4.65234375
04781,1404.2140275251004,37.47284386759431,0.3253736197948456,73.37281036376953,3.478397527180385,3.63671875
04782,29.532605268252922,5.434390974916409,0.546267032623291,71.9688491821289,2.394288415607803,4.91796875
04783,278.0962264488059,16.676217390307848,0.44223979115486145,70.72843933105469,2.698636574511009,4.84765625
04784,697.4380808819813,26.409053009943033,0.3697570562362671,72.39328002929688,3.7310277582879032,4.9609375
04785,3645.7352448043375,60.37992418680515,0.3628290593624115,64.6787109375,2.9906098995496384,2.80078125
04786,2957.642306751929,54.384210086677996,0.26876455545425415,71.6862564086914,4.098531832899053,4.0859375
04787,1495.6800078143096,38.674022389897715,0.19299523532390594,53.899784088134766,4.5365219025582055,3.666015625
04788,421.8734876968569,20.539559092075393,0.27524834871292114,64.94841766357422,3.528454670254473,4.140625
04789,1481.6848590174068,38.492659806999654,0.25113987922668457,55.13993835449219,3.9632629778190536,3.5
04790,555.0185272836785,23.558831195194692,0.41669753193855286,74.4850845336914,2.567117178221204,4.29296875
04791,457.69826943516506,21.393883925906607,0.24331873655319214,61.24887466430664,4.330272917582247,3.00390625
04792,449.10293140537084,21.19204877791128,0.41549310088157654,73.67223358154297,3.400001718780436,4.72265625
04793,77.46939366939658,8.80166993640392,0.4653070867061615,76.25761413574219,2.0850263505689286,4.4453125
04794,811.5571499312389,28.487842142416454,0.37391772866249084,70.8165054321289,2.4797030246856626,3.37109375
04795,259.35217671659785,16.10441482068187,0.2703057527542114,72.04905700683594,3.307903880566233,4.66796875
04796,611.4951457414255,24.728427886572682,0.29851222038269043,69.82674407958984,2.4450353411407826,4.1328125
04797,339.8604282968236,18.435303856916047,0.2625952959060669,71.19524383544922,3.803572664651046,4.015625
04798,385.48661386864524,19.63381302418471,0.19932086765766144,64.62338256835938,4.038953571765138,3.78515625
04799,826.6729340779762,28.75192052851385,0.36748993396759033,70.40850067138672,2.064491955958445,4.26171875
04800,1306.224419892307,36.141726852660305,0.28172239661216736,61.792633056640625,4.2654920329951675,2.76953125
04801,298.50446197108977,17.27728167192657,0.49942734837532043,74.78923034667969,2.09595734739381,4.84375
04802,1087.9405725371982,32.983944162837744,0.3146039843559265,69.56439971923828,3.444163986009202,4.8984375
04803,425.58864307196797,20.62979987959088,0.4033905565738678,70.19739532470703,2.85919959839806,4.59765625
04804,414.86346043602236,20.368197279976016,0.3475639820098877,75.23223114013672,1.8992799607187616,4.79296875
04805,137.08457320343763,11.708312141527387,0.2841445207595825,68.16542053222656,2.864658153414054,3.990234375
04806,664.5141131740617,25.77817125348619,0.15934893488883972,64.3795166015625,5.50540516252931,3.564453125
04807,524.4807400662709,22.901544490847574,0.51967453956604,74.8622055053711,3.188264611896734,4.88671875
04808,810.5460469730971,28.47009039278058,0.24496443569660187,64.18287658691406,3.920387410527192,2.814453125
04809,251.966769984396,15.87346118476988,0.26265233755111694,73.0206069946289,3.8061638434606606,4.69140625
04810,704.4152326135841,26.540822003351444,0.2971827983856201,71.36157989501953,3.2311764823017928,4.23828125
04811,1674.6540320994739,40.92253697046988,0.3121718764305115,72.49061584472656,2.9939110724514384,3.94140625
04812,1032.9673592912088,32.13980957148329,0.2256939709186554,64.63615417480469,3.612244041046342,4.44140625
04813,1907.8743401752945,43.679220919967136,0.2534000277519226,72.7818374633789,4.13831846679355,3.79296875
04814,445.0550556792103,21.096328014116825,0.3074128031730652,72.68863677978516,3.685704438124679,4.67578125
04815,286.5787747905834,16.928637712190056,0.20988675951957703,69.82166290283203,5.050704247095709,3.392578125
04816,1405.704802918151,37.49273000087018,0.38312530517578125,71.40228271484375,2.2934914687178667,4.62890625
04817,470.23506845729736,21.68490416066664,0.27319595217704773,71.0009994506836,3.2609935430039156,4.87890625
04818,969.464332988255,31.136222201613588,0.17916016280651093,56.15647888183594,4.823809388783004,3.619140625
04819,2236.3039522486774,47.28957551351754,0.2319192737340927,70.61215209960938,4.641360504121543,3.900390625
04820,443.28285156223075,21.05428344927062,0.27950000762939453,62.150794982910156,3.656100415701479,4.171875
04821,2160.431229055383,46.48043920893372,0.16824553906917572,62.84413146972656,5.315717139287327,3.93359375
04822,2829.865459025924,53.196479761596294,0.2685801088809967,68.71842193603516,3.0623259436099963,4.890625
04823,392.63157020315623,19.814933010312103,0.535277247428894,71.81957244873047,2.6157255909452672,4.83984375
04824,454.3899573208399,21.316424590461693,0.26112011075019836,69.60901641845703,4.096676949201348,4.7734375
04825,238.45499588910855,15.44198808084984,0.3563399016857147,72.15918731689453,1.8733786132991834,4.421875
04826,2219.7829549161256,47.114572638581,0.29827290773391724,70.5328140258789,3.33465037674939,4.97265625
04827,876.9485317054593,29.613316796763232,0.4180119037628174,73.4030532836914,2.5982250356739534,4.7109375
04828,995.9426961370718,31.5585597918706,0.28023555874824524,66.67420196533203,3.8692917364419075,4.83984375
04829,748.278362959817,27.354677167896114,0.18085278570652008,65.8177719116211,4.43283074102114,3.619140625
04830,614.6161426809657,24.79145301673473,0.21960654854774475,72.06349182128906,4.448031985199259,3.197265625
04831,101.6120701087419,10.080281251470215,0.1953410804271698,51.77470779418945,4.426896056451687,2.955078125
04832,470.6690491277299,21.694908368733202,0.06386002898216248,53.556297302246094,5.65703269947655,3.017578125
04833,1235.547863884718,35.15036079309454,0.3748001754283905,48.74488067626953,3.6517597924373715,4.1796875
04834,701.8118307551696,26.491731365752024,0.35637596249580383,70.86644744873047,1.9256776449707993,4.32421875
04835,802.8372762686954,28.334383287248293,0.2101929485797882,60.38929748535156,3.2523832725871906,4.3125
04836,2433.5463993145368,49.330988225602546,0.20086637139320374,62.1663703918457,5.222072300901522,3.845703125
04837,1309.1806588225372,36.18260160384459,0.14949573576450348,55.54656219482422,4.808071724122427,3.27734375
04838,1835.1028750736866,42.8381007407388,0.2617701590061188,56.078094482421875,3.41597331771263,3.642578125
04839,1306.0884349664047,36.139845530472385,0.28411412239074707,66.39834594726562,3.9384901299862687,4.05078125
04840,2881.88787648745,53.68321782910792,0.32391855120658875,75.24510192871094,3.882244535410247,4.28125
04841,595.9247777469819,24.411570571083335,0.2158249467611313,47.518409729003906,3.6002911497658237,2.900390625
04842,759.0504845160225,27.5508708485961,0.28541722893714905,59.82835388183594,2.339008476127853,3.17578125
04843,2317.975666192206,48.14535975763611,0.3236526846885681,74.17752075195312,4.107834190382661,3.955078125
04844,803.138305239878,28.3396948685034,0.19107814133167267,56.87202835083008,3.427522563624505,3.19921875
04845,393.83938239951146,19.845386929952046,0.26504021883010864,66.53164672851562,3.8024107529098474,3.853515625
04846,1162.5010736646511,34.095469987443366,0.20203343033790588,54.15227127075195,7.54974691024409,2.609375
04847,1360.334538772194,36.88271327833941,0.20559588074684143,66.9567642211914,3.2410913466799824,3.849609375
04848,2023.2820989288634,44.98090816033913,0.22655601799488068,67.15979766845703,4.7790091412002065,4.6796875
04849,677.6740064407795,26.032172526333248,0.19602197408676147,62.272178649902344,3.322245387043661,3.947265625
04850,154.382911174001,12.42509199861317,0.3431350588798523,73.80580139160156,4.717243788070599,4.39453125
04851,3620.7343776781,60.172538401484275,0.2074611335992813,59.17938995361328,4.453868633870329,3.685546875
04852,1040.0156424319591,32.24927351789431,0.3665787875652313,68.92019653320312,2.331821887492767,3.896484375
04853,540.2219979961146,23.242676222761325,0.4060947299003601,70.6639404296875,2.3370898927604773,4.30859375
04854,384.42948163425336,19.606873326317313,0.3425552248954773,64.45234680175781,2.3641913656143436,4.0625
04855,540.5944214564161,23.25068647279938,0.3817366361618042,74.88252258300781,2.1675771224514526,3.9453125
04856,912.5377820826963,30.208240300995627,0.32986101508140564,69.49762725830078,4.312122320788484,4.09765625
04857,399.9089749141629,19.997724243377366,0.2860795557498932,72.46565246582031,3.909677757375894,3.833984375
04858,939.6522443522981,30.653747639600255,0.3695169687271118,75.11180877685547,2.864939764049846,3.88671875
04859,204.69268945535248,14.307085288602723,0.5020225644111633,75.85636138916016,2.126617843053952,4.671875
04860,574.946914908883,23.978050690347683,0.5228859186172485,73.5804672241211,2.3257362971412197,4.875
04861,1799.0897659642494,42.41567830371512,0.2519139051437378,70.53569793701172,3.2831646585550813,4.63671875
04862,159.29561663878448,12.621236731746396,0.38247251510620117,71.46810150146484,1.9927655736640109,4.546875
04863,913.2369111669493,30.219809912819592,0.24900607764720917,53.18404769897461,3.254246127282241,3.900390625
04864,1365.858862018877,36.95752781259695,0.33230486512184143,67.95362854003906,2.9116135599937145,4.1484375
04865,1677.4879030476043,40.957147154649384,0.3063587546348572,63.88141632080078,4.126403201308503,4.1328125
04866,1300.5659483950328,36.0633601927917,0.23878975212574005,65.47393035888672,3.700760170037807,4.5390625
04867,82.41089432560786,9.078044631175144,0.5139492750167847,75.4457015991211,2.71471737836533,4.921875
04868,778.2545980800982,27.897214880344205,0.2665637731552124,56.06391906738281,3.8501870028268783,4.08203125
04869,380.30304912481944,19.501360186531077,0.3647995889186859,70.35819244384766,3.6300075937708267,4.9140625
04870,555.0759234606157,23.56004930938422,0.23404774069786072,70.61691284179688,4.777440845277385,4.5234375
04871,530.609819104399,23.034969483470103,0.13594545423984528,61.50810623168945,5.3410216069606955,3.583984375
04872,283.88721638010895,16.848952975781877,0.4185203015804291,73.55406188964844,2.39858646454142,4.609375
04873,2291.0105974642806,47.86450247797715,0.46914559602737427,73.68433380126953,2.1993311431281954,4.46875
04874,287.4586745709708,16.954606293599706,0.2951245903968811,70.6672592163086,2.4974601404767958,4.02734375
04875,261.1191098789799,16.159180359132694,0.40706828236579895,71.83538055419922,3.061245474778481,3.84765625
04876,413.491249960126,20.33448425606428,0.46796926856040955,74.19721221923828,1.79296113513716,3.880859375
04877,449.17180334376894,21.193673663236606,0.19056479632854462,66.32707214355469,4.190809548027053,3.880859375
04878,1043.2483671644675,32.29935552243214,0.2893170714378357,65.56024169921875,3.396935286759744,4.140625
04879,583.7909983536225,24.161767285395797,0.40029361844062805,49.69084167480469,1.8855189634208491,3.783203125
04880,165.61715146452397,12.86923274575932,0.3343151807785034,71.97657012939453,2.5309592947884028,3.689453125
04881,3571.4913629172574,59.761955815696474,0.15192115306854248,57.52765655517578,6.194882013422117,3.1015625
04882,1218.078864125206,34.900986578107016,0.3573557138442993,73.16742706298828,3.225296609129309,3.880859375
04883,331.4222126264293,18.205005153155803,0.4319373071193695,73.75459289550781,5.42176089104836,4.84375
04884,1703.1590116428792,41.26934711917405,0.21396395564079285,53.89248275756836,4.7431124756984815,2.8984375
04885,724.2799807379221,26.91245029234466,0.2410321682691574,63.91057586669922,3.7877506025515455,4.5078125
04886,1787.0970920283928,42.27407115512288,0.2976595461368561,68.96542358398438,4.669158579421067,4.6171875
04887,1781.1073636336591,42.203167696674846,0.3200169503688812,61.54682922363281,4.411897632777855,2.986328125
04888,343.3217379915077,18.5289432508038,0.5419990420341492,73.98273468017578,2.5224132553249405,4.94140625
04889,563.7450452746333,23.743315802023805,0.2981550395488739,69.79556274414062,2.731043166380148,4.63671875
04890,498.11816673459646,22.318561036379485,0.2544761896133423,60.47750473022461,4.076579546155906,3.54296875
04891,183.18460646752067,13.534570789926095,0.2541382312774658,71.1352767944336,3.072936331868945,4.578125
04892,1362.7172511519661,36.91500035421869,0.32909566164016724,72.18467712402344,2.571434456310263,4.19140625
04893,2238.431566026937,47.312065755227145,0.17210303246974945,56.274986267089844,6.3604337054504905,3.896484375
04894,91.19359197523707,9.54953359988,0.4467123746871948,72.40100860595703,1.5201832318398276,4.8359375
04895,283.5125399543087,16.83783061900519,0.4254297614097595,71.7763671875,2.0720457577044336,4.76171875
04896,2126.1376074703708,46.110059720958624,0.2966687083244324,74.02830505371094,4.414670487347518,3.591796875
04897,541.3152780515884,23.2661831431713,0.29510176181793213,67.0821533203125,3.747231461852501,4.12890625
04898,1387.2342306764815,37.2455934397142,0.3201282024383545,67.40362548828125,3.453280106697935,4.39453125
04899,284.62565918635823,16.870852355063697,0.5335187911987305,71.04733276367188,2.1510605294745853,4.94140625
04900,1043.6042469025258,32.30486413688387,0.168776273727417,56.932003021240234,4.751128851856328,3.162109375
04901,745.8544640948663,27.310336213508364,0.25176021456718445,67.69473266601562,4.042403009653936,3.5703125
04902,1849.084215719701,43.0009792414045,0.12990164756774902,60.13833999633789,5.472687638103973,2.82421875
04903,225.5257584846305,15.017515056913727,0.4967704117298126,73.20565032958984,2.4143431841575635,4.828125
04904,1802.344738377787,42.45403088492054,0.24784745275974274,71.91185760498047,3.6562186468841995,4.12109375
04905,2803.3948926091557,52.94709522352625,0.3328675329685211,65.94732666015625,3.492715443003012,4.421875
04906,502.58453933277576,22.418397340862164,0.3284805119037628,70.88968658447266,2.422128144556807,4.00390625
04907,912.6882565045312,30.21073081712078,0.2608678638935089,64.55733489990234,4.542391344940178,3.9609375
04908,827.0285133309512,28.758103437656512,0.1660027652978897,58.72825622558594,6.519107084003068,2.927734375
04909,200.81638410992224,14.170969766036558,0.5098416805267334,73.23509216308594,2.587359728060726,4.86328125
04910,746.3593511846937,27.319578166302158,0.2338065505027771,59.9039421081543,4.205955839824156,2.6640625
04911,241.10743775839524,15.527634647891327,0.38512158393859863,53.563758850097656,3.414415442910952,3.533203125
04912,2931.3986318102843,54.14239218773294,0.29085472226142883,73.62554168701172,3.4123529372212604,3.525390625
04913,808.2303843523879,28.42939296489441,0.31155455112457275,72.55660247802734,3.284197161664298,4.06640625
04914,1725.4640113308337,41.53870497898115,0.3248586356639862,61.41539764404297,2.798993170981571,3.9609375
04915,324.86461644667423,18.024001122022664,0.3310799300670624,65.75695037841797,3.962254877498423,4.171875
04916,385.5474586818175,19.635362453538196,0.4268490970134735,58.077449798583984,2.323569744190679,4.55078125
04917,549.3763659468955,23.43877910529675,0.31279700994491577,68.5609130859375,4.426530639447786,4.1484375
04918,895.3052001981677,29.92165102727735,0.2953428328037262,67.656005859375,3.4997473463016218,4.13671875
04919,96.02188719659183,9.799075833801464,0.3963639736175537,72.76351928710938,2.4603285383784512,4.921875
04920,1279.4181712933112,35.768955412386745,0.30218902230262756,67.73287963867188,3.7476719672808905,3.83203125
04921,252.35216124936755,15.885596030661473,0.4944857358932495,74.742919921875,1.9593311440776116,4.6640625
04922,581.5225088772428,24.114777811069352,0.4161800742149353,71.7921142578125,2.0270189109456402,4.16015625
04923,377.5495614751294,19.43063461328861,0.2690827250480652,72.93714904785156,3.399469881048013,4.76171875
04924,268.8463391053076,16.396534362642235,0.4489845037460327,73.22599029541016,1.6847854006336158,4.875
04925,914.034716994423,30.23300707826502,0.28515389561653137,49.423919677734375,2.7435301170229023,3.3515625
04926,581.7676019718097,24.119859078605945,0.2063150405883789,58.679935455322266,3.622511840465809,3.5703125
04927,151.35207480688712,12.302523107350261,0.30344241857528687,73.52054595947266,3.284608202007175,4.7734375
04928,2622.8233227278283,51.21350722932211,0.22967663407325745,64.7115478515625,3.9681076259928214,3.751953125
04929,1733.6713799072188,41.63737959943227,0.26287341117858887,67.16127014160156,6.456550555438197,3.701171875
04930,235.9428032091481,15.360429785951567,0.49355772137641907,74.99149322509766,1.8383818705066728,4.0
04931,246.46477943333826,15.69919677669333,0.2765785753726959,72.15016174316406,3.6325245522662466,2.7578125
04932,189.28993236812462,13.758267782250956,0.35440170764923096,71.76876068115234,2.2095068721619593,3.98828125
04933,135.57479760068424,11.643659115616716,0.2982833683490753,67.77119445800781,4.3046717759475746,3.82421875
04934,277.54424446046113,16.659659194006974,0.3396036922931671,70.6313247680664,3.093129743211252,3.7734375
04935,155.57045765127535,12.472788687830615,0.4163092076778412,73.31256866455078,3.7905097489243547,4.15234375
04936,716.914131624684,26.775252223362603,0.4709225594997406,73.8779525756836,2.0336368870539627,4.35546875
04937,513.1624043724692,22.653088186215786,0.14933866262435913,54.041385650634766,5.843442999759605,3.958984375
04938,705.3529838842785,26.55848233397907,0.14863914251327515,53.25543975830078,6.333704067690608,3.609375
04939,256.634609190903,16.019819262117256,0.45296651124954224,76.54888916015625,1.5544335987330669,4.84375
04940,685.6078628188715,26.18411470374493,0.23401504755020142,63.1755485534668,4.405409256893902,3.12109375
04941,1580.951819414101,39.76118483413316,0.12198847532272339,57.693260192871094,6.878161195963731,3.060546875
04942,256.9097657745993,16.028404966639673,0.48378270864486694,75.05476379394531,1.8099335861207986,4.828125
04943,369.8675164010507,19.231940006173343,0.3518686890602112,73.79125213623047,3.0874847698774026,4.97265625
04944,3273.662896727742,57.21593219312032,0.31887000799179077,64.86229705810547,5.047046520001693,4.140625
04945,1717.395645909967,41.44147253549235,0.1572580486536026,57.868404388427734,4.97524841306325,3.76171875
04946,608.5223996840504,24.66824678983187,0.3845234513282776,72.4526138305664,2.2973430205952283,4.3046875
04947,532.9832429567823,23.086429844321582,0.3812784254550934,70.47834777832031,3.3067154867357664,4.53515625
04948,742.1351138162947,27.242156922980506,0.4978002905845642,76.5613021850586,1.7607690011824777,4.75390625
04949,917.4048234034594,30.28869134517798,0.36535683274269104,67.17218780517578,3.902420972413514,3.818359375
04950,633.402163681032,25.16748226742262,0.19344878196716309,61.63480758666992,5.033628080631978,3.615234375
04951,311.4912329828067,17.64911422657825,0.45135366916656494,72.22576141357422,2.3980461866852516,4.82421875
04952,941.7477212670923,30.687908388599773,0.2954944670200348,66.90104675292969,3.3045701323856393,4.65234375
04953,1327.3459027104198,36.43275864809608,0.31051719188690186,67.04914855957031,3.0958450397639425,3.53515625
04954,242.90411502578016,15.585381452687649,0.2787565588951111,67.45282745361328,2.6432535697089015,4.03515625
04955,96.75918161019705,9.836624502856509,0.27510830760002136,69.25779724121094,2.077911644440893,4.0859375
04956,1780.793889484003,42.19945366333554,0.3855079412460327,73.94815063476562,3.109226626431221,4.94140625
04957,634.2142845071457,25.183611427020267,0.3188004791736603,70.4338607788086,3.224784053552277,3.275390625
04958,1007.0207184659713,31.733589750703768,0.1922382414340973,60.1740608215332,4.043815875058692,2.97265625
04959,2380.985120647093,48.795339128313195,0.19657209515571594,62.44126510620117,4.3473631984359535,3.45703125
04960,862.3045570683867,29.365022681216963,0.29538384079933167,72.43303680419922,3.195324386360018,4.8359375
04961,3029.152406753471,55.03773620665616,0.21549318730831146,58.23160171508789,5.20049781216434,4.25
04962,334.1288595003624,18.279191981604722,0.26134970784187317,72.35043334960938,3.163269655002725,4.1015625
04963,325.0754199921683,18.029848030201705,0.428005576133728,74.43022155761719,1.6943199798348383,4.20703125
04964,2685.709822180038,51.82383449900285,0.3569260835647583,63.35321044921875,2.1601325042951576,4.0546875
04965,1089.9829024058065,33.01488910182505,0.22684837877750397,62.522945404052734,4.043194859357939,4.0703125
04966,1084.0689405104295,32.92520220910465,0.1898679882287979,57.99686813354492,4.935206473698944,2.943359375
04967,806.7049295806178,28.402551462511564,0.41299113631248474,73.44805908203125,1.735946419263427,4.1796875
04968,1711.2410739412294,41.36714969563687,0.22989390790462494,61.13705062866211,3.593154433763057,4.02734375
04969,895.3198585673789,29.92189597213684,0.25655364990234375,62.279541015625,4.175136071423387,4.01953125
04970,934.5224393582286,30.569959753951732,0.31632423400878906,72.90824890136719,3.5413528710682094,4.9453125
04971,793.5238714424955,28.16955575514984,0.23057985305786133,57.484886169433594,4.436127888437839,4.0546875
04972,2778.8923348326366,52.7152002256715,0.40969571471214294,54.177452087402344,1.91535685001334,4.00390625
04973,1040.7462696199568,32.26059933758139,0.2810705602169037,71.74374389648438,3.3427436233066494,4.40234375
04974,100.29611876751746,10.01479499378382,0.44567254185676575,67.96050262451172,3.1562951048020067,4.58203125
04975,66.17349754842716,8.134709432329293,0.4569740891456604,72.5570068359375,1.7585674513771337,4.07421875
04976,224.98706918031553,14.999568966484189,0.334751695394516,72.52839660644531,2.362182941392555,4.69921875
04977,1380.8912962972713,37.16034575050764,0.2962065041065216,67.95960998535156,4.080169997995608,4.55078125
04978,225.343672354708,15.011451374024698,0.5043529868125916,74.14470672607422,2.618824062602578,4.83203125
04979,1033.6585192018013,32.15056016933144,0.261430948972702,69.99858856201172,3.7099387996928623,3.84375
04980,1247.4522379863513,35.31928988508052,0.3426884412765503,68.2199478149414,2.9370960699993165,4.41796875
04981,1044.4831861080288,32.31846509517475,0.33320435881614685,62.47953414916992,3.6264184689832764,2.701171875
04982,2383.3667494411175,48.81973729385603,0.4664976894855499,75.14965057373047,2.202165431084674,3.935546875
04983,5579.333481267256,74.69493611529,0.3249615430831909,71.16685485839844,2.787070592578551,4.44921875
04984,125.09608057266644,11.184635915963757,0.5140439867973328,74.47453308105469,2.2497785508104715,4.921875
04985,606.5454314089477,24.6281430767516,0.4537849724292755,72.99903106689453,4.254409432216654,4.73828125
04986,795.6704049508961,28.2076302611704,0.32223230600357056,64.99874114990234,3.5959754064797145,4.6328125
04987,347.4004125676015,18.6386805479251,0.3032858371734619,70.70155334472656,2.92900268493433,4.71484375
04988,1769.2850824950733,42.06287059266252,0.1860055923461914,57.6533203125,4.193221722955262,2.427734375
04989,3157.236459428705,56.18929132342483,0.2518923282623291,68.29911041259766,3.3140590353885564,3.8984375
04990,543.8949599714889,23.32155569363864,0.2594375014305115,64.130615234375,3.53205776092693,3.9375
04991,7553.880868473345,86.91306500448218,0.17959891259670258,57.534996032714844,7.350302934424075,2.08203125
04992,101.51503372040423,10.075466923195382,0.4690726697444916,70.7628402709961,3.0298678143705953,4.625
04993,1053.9524008495373,32.46463307738958,0.2732979357242584,69.5589370727539,3.3567937784124533,4.19921875
04994,1437.5539630824976,37.915088857636846,0.20958508551120758,58.69950866699219,6.0676842269464935,3.287109375
04995,721.6320022974211,26.863209084125096,0.35991713404655457,49.950767517089844,1.8371219827682386,2.986328125
04996,714.188050094443,26.7242969990689,0.3680455684661865,71.3399887084961,2.8143410183841793,4.03125
04997,3394.168279095064,58.259490892858516,0.3411879241466522,66.33086395263672,3.719964164727341,2.515625
04998,757.3913582156799,27.520744143567047,0.1663198620080948,58.74718475341797,5.728554519893091,2.953125
04999,1251.97355502735,35.38323833437734,0.2730732262134552,74.32427215576172,3.8268732283629046,4.9453125
