sample_id,canny_f1,canny_f1_strict,dists,lpips,maniqa,musiq,niqe,psnr,qalign,ssim
00000,0.7740811488995774,0.3087032091228963,0.34180641174316406,0.773780107498169,0.4821775555610657,69.89923095703125,6.273921121921387,15.967384338378906,4.0234375,0.5029713543141604
00001,0.4908583373603705,0.24255744255744255,0.25448060035705566,0.49225470423698425,0.46055349707603455,61.732872009277344,4.169754985656822,18.885513305664062,4.59765625,0.5771927957467113
00002,0.8623701939688913,0.35988832267158194,0.23975110054016113,0.5177208185195923,0.522835910320282,74.92304229736328,3.7354455769264305,12.255057334899902,4.3046875,0.3916018031836545
00003,0.6533890751676993,0.24875896304467732,0.31796205043792725,0.6400977373123169,0.4951463043689728,71.15203857421875,4.91827263215142,13.774421691894531,4.78515625,0.46439739525612544
00004,0.6208741775457546,0.23179903730445248,0.36828291416168213,0.7189282178878784,0.5403857231140137,68.35673522949219,4.969791195218821,10.715036392211914,3.763671875,0.5250632610600321
00005,0.8234507965543578,0.34992174366703377,0.3393790125846863,0.5536172986030579,0.40389484167099,68.80392456054688,3.330812810649907,9.123435020446777,3.765625,0.24826127544807614
00006,0.6956998261672023,0.3373072295745379,0.2833068370819092,0.5659690499305725,0.39459773898124695,67.38385772705078,3.636961829855275,10.188791275024414,3.232421875,0.47836225932117904
00007,0.9001907256560503,0.34689423730209384,0.29998254776000977,0.46513617038726807,0.4629054665565491,74.68451690673828,6.4676015787600045,15.776309967041016,3.560546875,0.3184812019518437
00008,0.8667515874088166,0.3700516145951294,0.22243458032608032,0.3403531312942505,0.49832266569137573,74.53113555908203,4.02205546455376,13.945158958435059,4.60546875,0.4435289632692255
00009,0.890515229593161,0.35883216089076864,0.2676875591278076,0.5420430898666382,0.5191924571990967,76.40648651123047,4.213686878986403,11.14448070526123,4.6015625,0.3002396653746248
00010,0.8488449433570093,0.36848040597688186,0.26740407943725586,0.46664923429489136,0.5133161544799805,70.2589340209961,2.780657250019206,8.3506498336792,4.72265625,0.23983091272407633
00011,0.8389920459019445,0.4631970988924826,0.23590028285980225,0.4586420953273773,0.5177413821220398,75.80705261230469,3.6762952026791975,9.69555950164795,4.0546875,0.49638867139369824
00012,0.863749066803051,0.3517888552576362,0.3372821807861328,0.6343364119529724,0.34833815693855286,72.22795104980469,6.034041624953762,11.431960105895996,3.26171875,0.20097008976628225
00013,0.7208008271049519,0.3172186792840979,0.2718322277069092,0.4395297169685364,0.5311936140060425,73.36476135253906,3.233500471471011,12.509439468383789,4.08984375,0.364190898779609
00014,0.8655810403110301,0.35469756834875765,0.30589503049850464,0.5847285389900208,0.5103801488876343,72.22260284423828,5.25446799310167,13.466907501220703,3.8046875,0.6503487599518193
00015,0.7907529091879152,0.4205357142857143,0.24551993608474731,0.3573688566684723,0.5030599236488342,66.3946762084961,3.314376814308057,14.94112777709961,3.720703125,0.5835223172600408
00016,0.8283636093308687,0.3437186624710398,0.3591330051422119,0.5259137153625488,0.4443264305591583,69.41014099121094,6.145148474193787,11.663756370544434,3.314453125,0.2531777527473878
00017,0.8075771486282705,0.44138518308260005,0.37415415048599243,0.6126828789710999,0.2633458971977234,69.27131652832031,7.122122061621288,11.078245162963867,2.681640625,0.5450270265370788
00018,0.7803232891855576,0.28736402536474714,0.2358042597770691,0.3143443167209625,0.6322323083877563,76.7376708984375,4.214881989590724,12.43177604675293,4.98828125,0.34177912110246655
00019,0.6277054669279273,0.3223741043752223,0.2504345178604126,0.39935728907585144,0.6368077993392944,75.65802764892578,5.098145128986863,11.83718490600586,4.99609375,0.5691224015378824
00020,0.3944193988755899,0.17800517260766896,0.316287636756897,0.4786612093448639,0.6595839858055115,75.79694366455078,4.664111579381032,9.808452606201172,4.9375,0.44931676350551436
00021,0.7808427517178599,0.36567828284626064,0.27247679233551025,0.4189680218696594,0.3963037431240082,69.93244171142578,4.248561333559905,10.811895370483398,4.10546875,0.25639338802306344
00022,0.7873372836095058,0.30122329369271134,0.3001675605773926,0.561078667640686,0.5639141798019409,76.18921661376953,4.720262109747815,13.628681182861328,4.14453125,0.2356853117994043
00023,0.8192530291939352,0.4226257586297887,0.1994267702102661,0.2991810142993927,0.6340692639350891,73.08555603027344,3.8597366172556296,14.228135108947754,4.88671875,0.5995901136805171
00024,0.8736353834179553,0.4239855863171518,0.1623847484588623,0.23977550864219666,0.4302152395248413,74.93749237060547,3.445682315646948,14.653270721435547,4.23828125,0.639222179802177
00025,0.7223469658278607,0.2793772612652122,0.3833194971084595,0.8493593335151672,0.4570751488208771,70.2889404296875,5.271188729193659,13.254264831542969,3.46875,0.2245016830578881
00026,0.6054420842325847,0.32884520884520885,0.21552151441574097,0.4565437138080597,0.4620046019554138,73.79959869384766,3.9820411228056947,10.142169952392578,4.68359375,0.5489733445810308
00027,0.8397785297108402,0.43474824124575134,0.19659656286239624,0.4203415513038635,0.5940689444541931,75.28394317626953,5.941588134229009,11.989036560058594,4.8515625,0.5714601425240092
00028,0.7738143475587304,0.43496290835368384,0.27695631980895996,0.43637606501579285,0.6503888368606567,75.604736328125,4.346811182244121,13.312625885009766,4.9765625,0.5747568110552432
00029,0.7438233532484875,0.41134124778984593,0.24035179615020752,0.5696223974227905,0.5502109527587891,74.733154296875,3.7541181750627017,9.201554298400879,4.83984375,0.5334483224236435
00030,0.7805588640308981,0.3457602093889467,0.40074634552001953,0.6963157057762146,0.4242889881134033,70.89302062988281,7.1494452888287325,11.270927429199219,2.4921875,0.26933588066262193
00031,0.808332996221713,0.41521853607161663,0.27325892448425293,0.5274208784103394,0.6255998611450195,74.123779296875,5.575275536543157,10.34797477722168,4.54296875,0.5146010600369084
00032,0.688220363155906,0.3155377160326935,0.2542228102684021,0.44044822454452515,0.3732321560382843,66.4057846069336,3.6844084136109587,15.520695686340332,4.08984375,0.379762750067133
00033,0.6478016364719742,0.26519337016574585,0.319888174533844,0.8251689672470093,0.47167953848838806,68.4697265625,6.863651076269512,14.206243515014648,4.03125,0.4437106797584318
00034,0.6962509584161024,0.2958400171104695,0.27751606702804565,0.4020841121673584,0.4639074504375458,68.08512878417969,4.814032812516357,14.140058517456055,4.484375,0.42416796526707284
00035,0.6337829610233282,0.24744522078045533,0.29910385608673096,0.4985441267490387,0.5650540590286255,73.28032684326172,5.0282502231713675,13.275899887084961,4.09765625,0.4934939559833216
00036,0.8266013208358545,0.31716870278839876,0.2698512077331543,0.4568246006965637,0.6800550818443298,76.1104965209961,4.977217966530786,13.782992362976074,4.90234375,0.4049279653269167
00037,0.7564201250405116,0.33470366563891746,0.32645875215530396,0.5354920625686646,0.46880796551704407,75.55584716796875,4.608316713428235,13.681941032409668,3.705078125,0.5068791680930558
00038,0.7227103178149659,0.37186629526462395,0.2648715376853943,0.4840031862258911,0.561596691608429,66.63349151611328,5.4159302837923855,9.26695728302002,4.40234375,0.5050023339488541
00039,0.7743059481234842,0.2812659329727041,0.44045859575271606,0.722149133682251,0.4550146162509918,66.48878479003906,4.645530466547411,10.865917205810547,3.8515625,0.2938849129401582
00040,0.8498569740491609,0.42233402729585934,0.27753645181655884,0.33935704827308655,0.5698479413986206,73.24821472167969,3.5344022711583367,12.366296768188477,3.0859375,0.4926067240895926
00041,0.5800829974733771,0.2552606587694307,0.26218485832214355,0.4860798716545105,0.49195563793182373,67.42523193359375,4.230271403336854,15.893388748168945,4.3046875,0.4042986901193612
00042,0.7558681832752331,0.3066762118098053,0.3009101152420044,0.6827297806739807,0.5389864444732666,71.58228302001953,4.476907482295202,12.74516487121582,3.8359375,0.45149340170582813
00043,0.7406559317653765,0.38188411908577213,0.2926345467567444,0.5218315124511719,0.5209660530090332,70.18405151367188,4.834616917011647,11.983325958251953,4.11328125,0.49346130792614745
00044,0.8092365698336875,0.39554263565891473,0.26571065187454224,0.4528782367706299,0.6105009913444519,76.10090637207031,5.104025643622116,15.505046844482422,4.5234375,0.6757003897366085
00045,0.7904627587182574,0.29409028947157406,0.3509700894355774,0.5601108074188232,0.4004945456981659,70.94852447509766,5.184793102886639,11.796449661254883,3.283203125,0.16334668027495428
00046,0.8066672744769664,0.40788647494662816,0.31364160776138306,0.509473979473114,0.6450383067131042,75.3498764038086,4.559819789963121,9.18017578125,4.9765625,0.47610623955739023
00047,0.7954686889848946,0.4302725588780101,0.2005670666694641,0.4204707741737366,0.5893959403038025,74.15200805664062,2.982561735885745,10.627792358398438,4.93359375,0.48930893446154383
00048,0.5289677360935513,0.21521939421858804,0.4283320903778076,0.5527791976928711,0.34746047854423523,64.89080810546875,5.104939757793894,9.655742645263672,3.197265625,0.22185709463581396
00049,0.7440752405420211,0.32577999753360465,0.26799464225769043,0.5369722843170166,0.3974972069263458,75.3802261352539,3.728590178001032,11.706038475036621,4.51171875,0.39505633166369175
00050,0.9766323765179732,0.6835559340265328,0.3580237627029419,0.24456512928009033,0.34695854783058167,65.46063232421875,9.938161961356078,12.301874160766602,3.30078125,0.38912092577327206
00051,0.8333226666356593,0.3436744611299676,0.3825017809867859,0.616348147392273,0.49306079745292664,71.90241241455078,4.732054277663517,11.226442337036133,3.421875,0.33891180160971585
00052,0.68968313861294,0.2874641520439411,0.24329674243927002,0.6556187272071838,0.45607098937034607,76.68177032470703,3.553526845761744,9.994414329528809,4.82421875,0.33390837199140555
00053,0.17941948362350632,0.08366609621601065,0.3412266969680786,0.4749632477760315,0.6278570294380188,76.84527587890625,5.413159423544114,9.705013275146484,4.89453125,0.4451897098670694
00054,0.8615418374861006,0.3791192330736968,0.47731947898864746,0.87873375415802,0.31929564476013184,66.09651184082031,9.183839483708052,10.739164352416992,2.486328125,0.1278344048395668
00055,0.8643803318110074,0.4100457328889233,0.20146477222442627,0.39682909846305847,0.5248221158981323,74.61871337890625,3.420042147425189,14.61401081085205,4.6484375,0.5430124540718504
00056,0.7990437419477009,0.42994947175011483,0.17082715034484863,0.2943785488605499,0.6102020740509033,74.87366485595703,3.7314104082465116,13.577218055725098,4.89453125,0.6585969299783035
00057,0.7620553109106865,0.49885426214482126,0.20356124639511108,0.40038251876831055,0.44352608919143677,69.51487731933594,4.628685851205619,15.465956687927246,4.25390625,0.6227795676891236
00058,0.7625742283562682,0.4547540780251814,0.34006404876708984,0.7744017243385315,0.5495942831039429,72.60504150390625,6.814877797839045,7.796844959259033,2.767578125,0.566188872336934
00059,0.8189999888827637,0.3392127479359997,0.2876734137535095,0.4888269901275635,0.4533329904079437,73.88319396972656,4.511444887067298,12.998827934265137,4.25,0.24505297124192724
00060,0.8559941126772431,0.3874441975456929,0.18572580814361572,0.34972506761550903,0.5187280178070068,74.3809585571289,3.8156441168169013,12.060436248779297,4.90234375,0.4168633359480392
00061,0.700546723152294,0.3514486233579269,0.23107969760894775,0.34106701612472534,0.6157932281494141,74.5183334350586,5.385235749870866,9.701957702636719,4.96484375,0.5725550503406187
00062,0.8171036457908286,0.3885181583447906,0.3029605746269226,0.5501588582992554,0.34405890107154846,74.22574615478516,6.139179127552988,11.396397590637207,3.943359375,0.4568540288782817
00063,0.8409036756177265,0.3347086978049183,0.40266019105911255,0.6460606455802917,0.31069812178611755,72.4630355834961,5.887425414193842,9.770742416381836,3.4453125,0.16678214942998015
00064,0.7919863484579177,0.3603546990643765,0.2500206232070923,0.4442099332809448,0.49235573410987854,73.73173522949219,3.325303959626723,13.973079681396484,4.78515625,0.5049095310741352
00065,0.5932549434130302,0.2322828771778592,0.26117587089538574,0.42999741435050964,0.5880722999572754,74.9909896850586,5.515656517604737,13.348762512207031,4.18359375,0.29995458923218316
00066,0.8234428218883402,0.32722714150768495,0.4023343324661255,0.5469977259635925,0.44464927911758423,72.07991027832031,6.2972498021763466,10.676990509033203,3.009765625,0.1949190134782331
00067,0.8527256691737581,0.4743682659322607,0.2996331453323364,0.5245653986930847,0.6004111766815186,75.67130279541016,6.065053529427269,12.204551696777344,4.76171875,0.5863068073959926
00068,0.8082330756107581,0.41730426832202494,0.20912671089172363,0.305635541677475,0.5393729209899902,74.08609008789062,5.329051285387225,18.377336502075195,4.33984375,0.7720501407992277
00069,0.6280372506087634,0.3403201360393331,0.24476474523544312,0.3962405025959015,0.4166301488876343,68.51380920410156,3.4352745510082916,10.976381301879883,4.68359375,0.4076470796955475
00070,0.5806239497574898,0.33616919774190984,0.22205877304077148,0.48861163854599,0.5383044481277466,73.04177856445312,4.386562297934016,12.992323875427246,4.9921875,0.5550435760928969
00071,0.2761976381980124,0.10080305248680066,0.3938257694244385,0.7101027965545654,0.3011625409126282,67.24756622314453,6.437205088212086,14.10225772857666,1.703125,0.4709716519193185
00072,0.8607219355044847,0.4627025866695288,0.20144307613372803,0.3582679033279419,0.5724883079528809,75.4268569946289,3.7787127160399585,12.713857650756836,4.88671875,0.4984806063322844
00073,0.8405411773700744,0.3522897375776603,0.27077966928482056,0.49553918838500977,0.5604962110519409,72.38250732421875,3.829716833015523,10.84621524810791,4.92578125,0.3436718451449383
00074,0.8324707655655721,0.3312319854366477,0.4228282570838928,0.5038278698921204,0.561854898929596,71.3704605102539,3.9428337696148485,12.084772109985352,4.203125,0.18546930889601815
00075,0.31170721963705766,0.1267964765878535,0.521558403968811,0.8583276271820068,0.3681725561618805,59.306129455566406,6.034787082816143,7.183117389678955,2.416015625,0.3914988890201926
00076,0.7815635485193916,0.3529509697827354,0.26732730865478516,0.5399625301361084,0.4980028569698334,69.08367156982422,4.796530739488222,17.43547248840332,4.89453125,0.5668448610656592
00077,0.8487767133881139,0.4092071611253197,0.2411895990371704,0.3534576892852783,0.31526389718055725,64.04437255859375,4.584598335556495,15.834354400634766,3.96875,0.5116548665708838
00078,0.8000606908432403,0.3289143861281236,0.25329893827438354,0.4157858192920685,0.6530531048774719,74.6654281616211,4.14251932858407,16.18622589111328,4.8828125,0.4181820273569577
00079,0.635453967802923,0.27735674172618724,0.3175462484359741,0.5166308283805847,0.5713534355163574,73.48477935791016,4.340756713202149,9.75621223449707,4.5625,0.41119380343192036
00080,0.6761883208583247,0.32130578870752935,0.33448368310928345,0.5614161491394043,0.5014926791191101,72.83837127685547,4.445177882718362,9.164491653442383,4.51953125,0.4721081335669333
00081,0.79073403848796,0.3846468553576078,0.24604111909866333,0.5678909420967102,0.5016579627990723,75.2088394165039,4.488518143178131,6.237639904022217,4.91015625,0.43265849443774596
00082,0.86506171582743,0.39714997904396354,0.33473628759384155,0.6196444630622864,0.4407132863998413,71.35792541503906,4.492859810672322,8.849104881286621,3.451171875,0.35510546940617815
00083,0.7549829224182784,0.34022963207512563,0.2556339502334595,0.38870540261268616,0.4546845257282257,67.87165069580078,5.138555253747671,13.148706436157227,3.943359375,0.39967708460439
00084,0.698373257770542,0.3971612564068866,0.28000956773757935,0.5621564388275146,0.5529786348342896,72.59928894042969,5.831458755360368,13.603354454040527,4.34765625,0.5392063328027751
00085,0.767393658898783,0.4866988037850384,0.2763206362724304,0.49713653326034546,0.5974818468093872,72.43021392822266,6.757132871280695,13.397651672363281,4.9375,0.7473456619697891
00086,0.7589341053251887,0.42452464105549087,0.2736990451812744,0.5002647042274475,0.3416099548339844,60.160736083984375,4.846242378871684,12.381701469421387,2.564453125,0.5197415179286295
00087,0.8144944217127394,0.4373062924169938,0.26100724935531616,0.45662039518356323,0.44405508041381836,72.45594787597656,3.6092468762153165,10.77674388885498,3.48046875,0.32526009631298347
00088,0.6664545037099568,0.35277740951875913,0.23513394594192505,0.36349400877952576,0.5438475012779236,64.18895721435547,6.565065114664432,20.148351669311523,4.95703125,0.4012953169916326
00089,0.8263864728485886,0.37259379296798273,0.26645296812057495,0.4048198163509369,0.40927836298942566,70.68307495117188,3.177019931737035,12.038740158081055,3.6640625,0.3306531959340416
00090,0.8549506205677417,0.39746613189196633,0.19811499118804932,0.38619086146354675,0.5871300101280212,75.28736877441406,3.953149096763158,12.09050178527832,4.79296875,0.5012773767028798
00091,0.8148402183306322,0.33994573092020336,0.4520411491394043,0.6007109880447388,0.3717696964740753,64.25408935546875,6.098025144469468,11.677459716796875,2.4140625,0.21445864951651247
00092,0.9252654239470001,0.4202534654642162,0.17023342847824097,0.3208884000778198,0.5731484293937683,74.0156021118164,4.0978746655590275,16.739620208740234,4.953125,0.619143206307944
00093,0.7671606370412559,0.40508833922261483,0.1817779541015625,0.4061189889907837,0.4376024007797241,73.50025177001953,4.090186424512412,12.21794605255127,4.75,0.6148478261959687
00094,0.6836533036552871,0.3079152508494903,0.39161086082458496,0.795552134513855,0.508299708366394,72.18511199951172,6.254959756803735,8.711670875549316,4.1171875,0.4109540226317401
00095,0.8588744125290231,0.5867302144738492,0.2747243642807007,0.538769543170929,0.5644481778144836,73.7318115234375,3.6595226153443403,6.109899520874023,4.9375,0.441322450948424
00096,0.9075299751237429,0.35662374821173104,0.2812991142272949,0.3649410009384155,0.6067075729370117,72.47297668457031,4.30967005933025,14.098064422607422,4.54296875,0.4693164958660945
00097,0.874205172850271,0.39365052877495255,0.29998981952667236,0.4772346317768097,0.4247240722179413,72.90789031982422,2.927850326788962,9.65140438079834,4.390625,0.19375949362969486
00098,0.761496193119976,0.4011671890197774,0.20970851182937622,0.38760679960250854,0.47597238421440125,67.69264221191406,3.204837190529789,13.739501953125,4.40234375,0.5089583876457783
00099,0.8821286216079258,0.3730837133095398,0.21531105041503906,0.41647037863731384,0.460104376077652,75.35343170166016,3.1410371540308906,11.508888244628906,4.5703125,0.4039337518775443
00100,0.852245703697549,0.4610719187920963,0.18750715255737305,0.36806613206863403,0.6115298867225647,70.88800048828125,3.1041601572153215,12.744302749633789,4.84375,0.5526998775182648
00101,0.7357073387134904,0.30266821345707656,0.2789793610572815,0.65594482421875,0.3754456043243408,70.47803497314453,5.5473355988454705,12.876235961914062,3.392578125,0.30647407935057236
00102,0.8483517162508857,0.3474257425742574,0.2452601194381714,0.4685347080230713,0.48655587434768677,71.4142837524414,2.8713211984811746,10.00857925415039,4.5859375,0.3333324154213606
00103,0.8362984015201547,0.4499562763335718,0.24903655052185059,0.494915246963501,0.4930874705314636,72.46073913574219,3.996149309523542,7.067571640014648,4.14453125,0.3333289211091648
00104,0.5910016868452371,0.2880968821373559,0.38408613204956055,0.7124290466308594,0.3044393062591553,63.74620056152344,6.64810260968259,14.919136047363281,3.310546875,0.4370818852055421
00105,0.729232004661362,0.40640505187189896,0.24892735481262207,0.5451600551605225,0.6165617108345032,74.0875015258789,4.871546018852907,10.590827941894531,4.96484375,0.4352222265318915
00106,0.7909009792891953,0.3290068432615338,0.302074670791626,0.6104570627212524,0.4418436288833618,73.55567169189453,3.8846509542337473,12.500564575195312,3.896484375,0.3010684557952408
00107,0.6979516925269738,0.33462169746386405,0.22993546724319458,0.43830394744873047,0.6315421462059021,76.82696533203125,4.494138073866679,12.138994216918945,4.98828125,0.512483869100926
00108,0.8287334019538253,0.3349521707137601,0.2779911756515503,0.5903872847557068,0.42904311418533325,74.95011138916016,5.341870236763302,10.650716781616211,3.697265625,0.49242085419325043
00109,0.7810236460296099,0.39427510162733614,0.22919541597366333,0.3708438277244568,0.5651812553405762,71.52112579345703,3.2383691077180954,12.961691856384277,4.26171875,0.3545537619471102
00110,0.8641674022071453,0.3633912268036859,0.4416821002960205,0.6948788166046143,0.325491726398468,67.99714660644531,7.663176677485471,10.372882843017578,2.267578125,0.251839726368012
00111,0.8513805159774983,0.503639331245313,0.20563030242919922,0.36992061138153076,0.4632091522216797,73.14336395263672,3.3135491947858497,14.042983055114746,4.2421875,0.5847649974191366
00112,0.6721961380962916,0.35323383084577115,0.2647709846496582,0.5378456711769104,0.5940501689910889,72.15237426757812,5.132098400207037,11.944486618041992,4.9765625,0.5187491081525931
00113,0.7635883203277612,0.4281734496124031,0.24896740913391113,0.5065463781356812,0.390936017036438,67.98831939697266,4.030790101028277,10.209199905395508,4.71875,0.44993734082112213
00114,0.8326636266532269,0.4591261451726568,0.14183086156845093,0.11505714058876038,0.6145945191383362,74.6491928100586,7.43204446231335,20.21756935119629,4.7734375,0.8613169733411864
00115,0.5592009933526115,0.23679457407202625,0.3218342065811157,0.49234169721603394,0.6287679076194763,69.8741455078125,5.092028644705118,8.684549331665039,4.9453125,0.42587358286129784
00116,0.8655235545741247,0.3648019622599437,0.22107267379760742,0.5017001628875732,0.5525417923927307,74.18660736083984,2.706203046627512,13.03915023803711,4.4140625,0.5470772383982755
00117,0.7565848793428029,0.2943505310123798,0.31580138206481934,0.4929153323173523,0.6022016406059265,71.43374633789062,5.159699681083524,8.223796844482422,2.822265625,0.4392200071201277
00118,0.7443593001998905,0.3239140894973973,0.2682352066040039,0.5197864770889282,0.4869026243686676,68.284912109375,4.892420653758873,10.16468620300293,3.578125,0.46044952489928953
00119,0.7292079506519376,0.42421737782828806,0.3053082823753357,0.5261578559875488,0.6251490116119385,75.75322723388672,6.719356367484212,6.473648548126221,4.9296875,0.6343589589148129
00120,0.8629850238190317,0.45777300602332904,0.25169527530670166,0.45051687955856323,0.633152961730957,74.41165924072266,3.3922854777577096,9.447010040283203,4.94921875,0.32966949331938983
00121,0.6740155938373507,0.2580054224371657,0.31930357217788696,0.667972207069397,0.6789026260375977,74.69908142089844,4.467148574757866,10.00090217590332,4.91015625,0.4779977206744963
00122,0.7801742910254492,0.33953255249551545,0.2259848713874817,0.4265132546424866,0.33403801918029785,71.2815170288086,2.8752841977291888,12.323968887329102,3.958984375,0.32355501922956226
00123,0.46347623479676403,0.19787516600265603,0.313861608505249,0.4997205436229706,0.4469645917415619,74.6801986694336,3.692614545609998,11.088723182678223,4.5078125,0.3040836501456436
00124,0.8004618507013014,0.375390156062425,0.22548627853393555,0.4078409671783447,0.5943109393119812,73.19624328613281,6.243254431939445,13.791278839111328,3.9921875,0.7532515505328053
00125,0.7938186119081644,0.386449013045557,0.2688782215118408,0.6450812220573425,0.40142515301704407,71.86968994140625,3.3811317177493465,9.703665733337402,4.84375,0.4239007210380009
00126,0.765092031626589,0.3849258399757845,0.21361273527145386,0.4964613914489746,0.6835979223251343,75.19561767578125,4.367576259148188,10.107756614685059,4.98828125,0.5011107711315672
00127,0.44496332991015175,0.19949220166848022,0.30778324604034424,0.5173122882843018,0.7126570343971252,74.35369110107422,5.906766134440074,9.947641372680664,4.98046875,0.5350050893239744
00128,0.9072823336191991,0.5650668384602996,0.2950785160064697,0.5035176277160645,0.3888094425201416,65.90396881103516,5.7394525393660105,14.586246490478516,3.498046875,0.6751024488892194
00129,0.81972884108195,0.36813280122272224,0.30430275201797485,0.5834357738494873,0.5214796662330627,73.46988677978516,3.7885440183733796,11.092071533203125,4.83984375,0.42871681845664145
00130,0.5299381752952467,0.25835379523860363,0.3274795413017273,0.6141861081123352,0.5924434065818787,75.83489990234375,3.9270238622597087,11.174816131591797,4.5625,0.4107044844687464
00131,0.7839142135746946,0.35085520302911605,0.3179718852043152,0.6736562252044678,0.41098979115486145,70.85780334472656,5.04564513881139,12.150505065917969,4.1328125,0.495317299375696
00132,0.8839763428802981,0.34617849908981363,0.30031317472457886,0.5950398445129395,0.39562922716140747,66.28228759765625,6.69635466552128,16.83395767211914,3.439453125,0.3441661680080109
00133,0.8638793955931602,0.3842502669119255,0.2745237946510315,0.4626004695892334,0.5041139721870422,74.07388305664062,2.3537040730900545,9.31125545501709,3.96484375,0.28915718458099904
00134,0.6476311220220226,0.2685404793090021,0.3390299081802368,0.7221972346305847,0.6176045536994934,72.34455108642578,6.1385061497141065,11.307609558105469,4.05078125,0.36432775298507747
00135,0.9021334561503526,0.3536685093716267,0.24672794342041016,0.48142313957214355,0.5683523416519165,73.71401977539062,5.095367999230492,15.067569732666016,3.9609375,0.7011368055459016
00136,0.8445752758211161,0.404502002325281,0.1290873885154724,0.26445960998535156,0.600130021572113,74.60874938964844,2.918000279927399,15.596414566040039,4.984375,0.47852315733790796
00137,0.8787907758002229,0.43835769273680686,0.22443807125091553,0.3888303339481354,0.6318484544754028,74.64964294433594,2.7055049822772665,11.379231452941895,4.8125,0.4767558232640971
00138,0.8259628744841028,0.4082634485579873,0.22365444898605347,0.3594980835914612,0.5951500535011292,72.69741821289062,2.8588921574267596,13.611526489257812,4.828125,0.47996748142100937
00139,0.8486443609675935,0.44796885288139476,0.2650792598724365,0.47106972336769104,0.5171875953674316,75.11444091796875,3.6349765254644444,9.915119171142578,4.515625,0.5252817900462785
00140,0.9085357172175874,0.3759519467982409,0.41490042209625244,0.644671618938446,0.4796611964702606,68.85095977783203,5.176292570177119,10.998645782470703,4.22265625,0.18931048197573072
00141,0.5911081043792199,0.24266365688487584,0.4112313985824585,0.6042400002479553,0.34281542897224426,70.69265747070312,7.1106995946274605,11.769584655761719,2.859375,0.4909593604342542
00142,0.8117444952611717,0.41932862103785434,0.213015615940094,0.31532251834869385,0.664145290851593,74.18487548828125,3.846093301780069,16.684133529663086,4.8984375,0.5820399974511344
00143,0.91043048374295,0.37039541357656147,0.394991934299469,0.6449012756347656,0.40112602710723877,72.45771026611328,9.439880577641818,11.823747634887695,3.46875,0.22207592345111207
00144,0.6189686785477438,0.2596615744146795,0.29385942220687866,0.49229881167411804,0.5986477136611938,76.04158020019531,3.6719494539778323,12.991741180419922,4.9296875,0.43754939854964153
00145,0.8014999282309525,0.33827893175074186,0.404275119304657,0.7415958642959595,0.40881916880607605,70.94635009765625,8.734472242356834,13.894916534423828,3.423828125,0.3543031980697798
00146,0.5859083071595222,0.2686766529911268,0.22991561889648438,0.39841142296791077,0.6812102198600769,75.29390716552734,5.169447999772108,12.190808296203613,4.98828125,0.5960658536405323
00147,0.8289926284305593,0.3726345765203013,0.2228856086730957,0.40853214263916016,0.5252740979194641,73.77983093261719,2.9248400596889117,13.797462463378906,4.8359375,0.3417672136916653
00148,0.8066787828785433,0.36231591008661074,0.2130047082901001,0.3425943851470947,0.5927535891532898,73.49024200439453,4.2920356427830235,15.073800086975098,4.90625,0.522539551611593
00149,0.7888999694125759,0.3645140247879974,0.31068605184555054,0.5498737096786499,0.65554279088974,69.77761840820312,5.2062648693538245,14.046009063720703,3.06640625,0.643113608015004
00150,0.6599711467675394,0.26542514580360943,0.3879013657569885,0.6916187405586243,0.282083660364151,64.29227447509766,5.988289572969752,13.429132461547852,2.486328125,0.4018130066129904
00151,0.5165938498230058,0.2491672218520986,0.2502298951148987,0.5049159526824951,0.6361507177352905,76.01597595214844,5.673988685892099,12.813682556152344,4.97265625,0.6026268655467413
00152,0.6308827682039116,0.27878121564316005,0.34458959102630615,0.5246857404708862,0.5426155924797058,72.7983169555664,3.6935317882649907,10.642231941223145,4.734375,0.45221322149306853
00153,0.7357871187195764,0.30005482122190413,0.34005939960479736,0.5942520499229431,0.3396209478378296,67.75586700439453,6.303632257151633,12.496838569641113,2.90234375,0.26567952951831103
00154,0.6226129701008092,0.25889786152235683,0.41372013092041016,0.6537454724311829,0.42821764945983887,68.04187774658203,4.795756676819837,13.354909896850586,3.978515625,0.31703309326452167
00155,0.8497022395288756,0.3438835019265019,0.24916374683380127,0.4247039258480072,0.44036129117012024,75.3987045288086,3.156614354736418,13.572434425354004,4.75390625,0.4207633923633231
00156,0.7666149508155281,0.3021506795091701,0.2988772988319397,0.5334612727165222,0.36477261781692505,70.1054458618164,5.113221409462469,14.47475814819336,2.72265625,0.42306708083968647
00157,0.7691497704123236,0.37245609144131586,0.19939541816711426,0.41072210669517517,0.6420314311981201,77.10579681396484,4.372628990564437,13.879262924194336,4.97265625,0.5633586898392554
00158,0.8961642724511026,0.40355929572850024,0.25700342655181885,0.49709564447402954,0.5439373254776001,73.63087463378906,3.107712523583,9.96119213104248,4.50390625,0.46960288535311445
00159,0.7289405655799238,0.3193762236801429,0.22707563638687134,0.4312204420566559,0.5703993439674377,73.94638061523438,3.3014096262685895,14.40375804901123,4.55078125,0.4716706723626478
00160,0.7689811554150385,0.36950844600178506,0.33166682720184326,0.49818170070648193,0.32989203929901123,71.44373321533203,4.85303517865385,14.693859100341797,2.662109375,0.5123415462583921
00161,0.8699912194141478,0.3940868569559172,0.1849520206451416,0.3879927694797516,0.5137159824371338,74.82911682128906,4.2803530720767275,12.998137474060059,4.48828125,0.4046544497480922
00162,0.8399288238968151,0.35398541172335,0.274275004863739,0.518150269985199,0.6154236793518066,74.99887084960938,3.143260317693187,11.534271240234375,4.99609375,0.35751711662670493
00163,0.8469399484289385,0.544157002676182,0.2481289505958557,0.5242823958396912,0.5624915361404419,75.48481750488281,7.015300513644047,10.530689239501953,4.390625,0.8483495070328984
00164,0.8551371128780916,0.45662886194759483,0.24297088384628296,0.464127779006958,0.550599992275238,71.4781494140625,3.978910443133797,12.789562225341797,4.01953125,0.6539546908736134
00165,0.8480787086226316,0.3717837105823177,0.34518468379974365,0.6342673301696777,0.49063244462013245,66.22708892822266,4.24616011196658,8.29233455657959,2.625,0.2786616288239031
00166,0.7905471734556262,0.3972705605798426,0.2752700448036194,0.4718628525733948,0.44954943656921387,72.5017318725586,3.1841992009622224,13.642491340637207,4.28125,0.6215411984290675
00167,0.5340377214608333,0.27355712603062426,0.30757224559783936,0.5100402235984802,0.4962596595287323,67.44847869873047,3.446027066560335,7.34257173538208,3.84375,0.3009526648469578
00168,0.8380147177905908,0.4051043386878847,0.2655916213989258,0.5406755805015564,0.5413204431533813,72.92704010009766,5.021655284857051,14.822023391723633,2.974609375,0.46712064539217335
00169,0.9414293569278942,0.6151137987450038,0.3330550193786621,0.4303675591945648,0.4404337406158447,69.58513641357422,5.358497435100974,7.696421146392822,2.89453125,0.3935601904517775
00170,0.611060565806543,0.2192101556640875,0.3190215826034546,0.4597485065460205,0.5975939631462097,74.75323486328125,7.19304513063849,10.635553359985352,4.9375,0.3740589735525205
00171,0.8336988163444283,0.34432840450832386,0.23513585329055786,0.48103928565979004,0.4331197440624237,67.5880355834961,3.89042968124535,14.855161666870117,4.015625,0.25454344476725976
00172,0.709602148938524,0.34250172771250864,0.3215162754058838,0.48328593373298645,0.6938638687133789,76.13240051269531,5.311837605676511,7.712674617767334,4.98828125,0.4141677311724242
00173,0.7658260940206792,0.34101066835625116,0.3642345666885376,0.4298844635486603,0.36170679330825806,66.87809753417969,5.5152072219082084,12.196891784667969,3.52734375,0.5073062733116768
00174,0.6700513759382701,0.36127029608404965,0.3043477535247803,0.5887792110443115,0.47932231426239014,70.73493194580078,6.0690594995394935,11.844043731689453,3.76171875,0.5335896459011964
00175,0.8233923711738562,0.433949785670545,0.2586737275123596,0.4837968349456787,0.4275391399860382,71.24076080322266,3.407455040287475,11.094327926635742,4.05078125,0.4889034162328077
00176,0.7488647655385856,0.36867646081233796,0.2840598225593567,0.5799298286437988,0.528511106967926,75.32901763916016,4.72959339623038,8.636466026306152,4.75390625,0.49744139901601
00177,0.5509412761107537,0.28468033775633295,0.33206403255462646,0.6570143699645996,0.5014038681983948,69.2234878540039,6.376107436611446,10.847540855407715,4.63671875,0.3552831378096811
00178,0.8264213457649565,0.3186728053477356,0.3365623950958252,0.5745697021484375,0.5596261024475098,74.12801361083984,5.086092296777561,10.374398231506348,3.8046875,0.222830193988652
00179,0.47535105091155067,0.2590373091049681,0.2799034118652344,0.5484786629676819,0.511326014995575,74.41943359375,5.476622471271067,12.435942649841309,4.73046875,0.6498922972110958
00180,0.8265997868989522,0.4321805992197265,0.2486635446548462,0.5402084589004517,0.3469819128513336,72.86007690429688,4.152338576375854,12.42880630493164,3.869140625,0.5603489275028045
00181,0.7622395344892526,0.2918686398510481,0.5287399888038635,0.7121782302856445,0.4202515482902527,72.04341888427734,6.343584448698006,8.489166259765625,3.064453125,0.2489793374808123
00182,0.8142837432481527,0.4007334829492583,0.25028282403945923,0.4873013496398926,0.48826760053634644,72.24478912353516,2.9593180439715385,9.882492065429688,4.0078125,0.46876601662333783
00183,0.7364712523606941,0.29542024916652043,0.3089776039123535,0.6618110537528992,0.4229947626590729,72.05723571777344,6.870275744561889,11.563286781311035,3.19140625,0.29168089839448574
00184,0.8843935086301047,0.33556892565025825,0.34692031145095825,0.6252107620239258,0.497795432806015,69.93608093261719,6.596846166666193,14.01783561706543,2.62109375,0.3739830900273435
00185,0.7812507538263057,0.3554430264771334,0.27049970626831055,0.47884601354599,0.4348617494106293,73.31584167480469,3.649495996553087,10.792619705200195,4.20703125,0.28163789428282654
00186,0.8264071381216469,0.4382440312465618,0.2157459855079651,0.3325856328010559,0.5694363117218018,75.38600158691406,3.46214600553694,13.86838150024414,4.87109375,0.5657400141919886
00187,0.8529859008359763,0.36009816910279524,0.4346698522567749,0.7624565958976746,0.33021706342697144,64.17693328857422,7.793438861310159,15.44458293914795,2.931640625,0.31237885064228077
00188,0.7980497453897994,0.3616783591760132,0.2390032410621643,0.5120635032653809,0.4125470221042633,67.88654327392578,3.521502348310488,15.100299835205078,4.51171875,0.549837606384813
00189,0.7022971597418468,0.27208955940998414,0.3920867443084717,0.6117464303970337,0.6126237511634827,73.14421081542969,5.694196705384933,12.687036514282227,2.640625,0.36730862638093936
00190,0.874179169583879,0.39981831768032705,0.2256772518157959,0.4034683108329773,0.6245103478431702,73.18833923339844,3.377057877135337,9.415464401245117,4.9453125,0.4116481670192265
00191,0.2931234313140305,0.1278152408656177,0.36871910095214844,0.6413173675537109,0.30084648728370667,61.653690338134766,7.054236400934928,10.473203659057617,2.72265625,0.42263168413721736
00192,0.8313507664179378,0.39353570648613234,0.31948286294937134,0.5946218967437744,0.5873925089836121,76.3511962890625,4.849016425833045,7.44264554977417,4.79296875,0.38563543864414096
00193,0.7817149251473169,0.47670153511751123,0.22814083099365234,0.41465458273887634,0.5059297680854797,74.68811798095703,4.702355040086304,11.51518440246582,4.94140625,0.5559817572657829
00194,0.7487925860987922,0.3713054717794054,0.26674365997314453,0.5175701379776001,0.42728304862976074,74.56522369384766,4.370642060036182,10.638036727905273,3.525390625,0.48163278423574846
00195,0.8254260518959353,0.3796518706195913,0.2665783762931824,0.4651601314544678,0.4380674660205841,75.74571990966797,3.286821313633583,10.0145902633667,4.38671875,0.3730823673212087
00196,0.8359310233731575,0.3659980113950222,0.25957345962524414,0.5239222049713135,0.4208034574985504,69.67571258544922,4.281224022166498,12.191925048828125,3.51953125,0.4563245418589569
00197,0.8222077342293163,0.3686291385385008,0.2026260495185852,0.3973582684993744,0.4563620090484619,73.55081176757812,3.788912483822336,10.829965591430664,4.66015625,0.4575609583849739
00198,0.6612412965790635,0.2883413886596723,0.28388166427612305,0.3103151321411133,0.6269282698631287,74.09249877929688,5.296337715792932,24.320764541625977,4.8515625,0.8537261491016871
00199,0.8390836850342572,0.36932494473728955,0.22004753351211548,0.40685275197029114,0.46223190426826477,70.3907241821289,2.9007302715091896,9.642946243286133,4.33984375,0.23975166595290778
00200,0.7436061324714655,0.3330819717916492,0.29027968645095825,0.5921536684036255,0.3362693786621094,67.67682647705078,5.451789807529531,13.873744010925293,4.02734375,0.35325857350693074
00201,0.7662882491744583,0.3157503463656946,0.25646543502807617,0.5561772584915161,0.4339163601398468,74.6124496459961,4.73956082540362,15.0044584274292,3.458984375,0.5298701359238409
00202,0.8275177360891891,0.34328788862439585,0.32398521900177,0.4773414731025696,0.5195779800415039,72.71813201904297,4.200505455800118,10.813837051391602,4.4140625,0.5613115639218783
00203,0.6717666895745216,0.37023210517773086,0.2830106019973755,0.5222147703170776,0.5594495534896851,70.36279296875,5.340838798978299,13.084200859069824,4.18359375,0.6022552049175165
00204,0.8657708749052692,0.42518397383483236,0.30936533212661743,0.6279314756393433,0.37838879227638245,73.53816986083984,5.821253994237566,9.080673217773438,3.880859375,0.4225309282527216
00205,0.8250013199275747,0.325668016194332,0.29088300466537476,0.572217583656311,0.5421092510223389,71.62007904052734,4.654315055164113,14.6043062210083,4.23828125,0.30407363581256414
00206,0.7677012193137372,0.30150647146191384,0.27683621644973755,0.44141024351119995,0.40082788467407227,67.92504119873047,6.557831895327838,14.507658004760742,3.09765625,0.44959648817289927
00207,0.827667425860761,0.49676480604315654,0.22321313619613647,0.34749355912208557,0.5815949440002441,73.00051879882812,4.102096634050542,14.970272064208984,4.21484375,0.580313677679715
00208,0.658663325677911,0.3835045407175823,0.24602431058883667,0.29989808797836304,0.6371525526046753,72.13713836669922,5.0109429071034866,18.71953010559082,4.76171875,0.746032054110971
00209,0.7737654711775148,0.4820601851851852,0.18609362840652466,0.4105425477027893,0.42060422897338867,64.93777465820312,4.780922665366463,18.1358585357666,4.3125,0.7169542702201257
00210,0.8516883253457103,0.40358152686145143,0.2184051275253296,0.38254880905151367,0.5595524907112122,73.91227722167969,3.0161189289569164,12.551576614379883,4.92578125,0.3695457848375376
00211,0.8806630549261858,0.33698030634573306,0.25269657373428345,0.45612263679504395,0.5527899861335754,73.07096862792969,4.977204967223058,13.584208488464355,4.296875,0.3236938304573386
00212,0.6357991423546802,0.3387946884576098,0.24966895580291748,0.44462573528289795,0.5918053388595581,74.17707824707031,3.6763656006311036,10.846240997314453,4.9453125,0.5429976646583179
00213,0.7654957396431213,0.3740623947585954,0.19399505853652954,0.5259405970573425,0.4392199218273163,74.86264038085938,3.3145112163525794,11.304630279541016,4.7890625,0.42678810869983924
00214,0.7499181641959658,0.41145819557224855,0.207405686378479,0.3505355715751648,0.5603821873664856,73.32054901123047,4.219941179154322,12.280255317687988,4.78515625,0.5188451984090332
00215,0.8172009066741357,0.3186652688547799,0.43812769651412964,0.718315839767456,0.3675384521484375,67.43174743652344,8.25647983855935,10.05802059173584,2.626953125,0.18438991114990874
00216,0.8582786574628228,0.3310173203264981,0.3137233257293701,0.5761260390281677,0.33753350377082825,69.85693359375,5.824585301728473,12.358139991760254,2.626953125,0.23626960560413474
00217,0.8637977195991585,0.33851668471813917,0.3350241184234619,0.5256772041320801,0.6371692419052124,70.47499084472656,4.374361188122477,11.784113883972168,2.49609375,0.3209111929277599
00218,0.8561638040956849,0.5659581742549433,0.22686636447906494,0.30905452370643616,0.5677378177642822,76.33721160888672,5.926406302515005,9.760002136230469,4.5078125,0.6599340869608009
00219,0.6244935283034435,0.24550187231710657,0.3862519860267639,0.7194849848747253,0.34488773345947266,69.77198791503906,5.132835941056584,9.901688575744629,2.24609375,0.1975392512699672
00220,0.797665125344262,0.42792757990161995,0.26560115814208984,0.5395171046257019,0.4631710946559906,76.2856216430664,3.5303864151087194,11.190568923950195,3.953125,0.4673266741126312
00221,0.8490391997417429,0.3427836121373127,0.29043376445770264,0.44971686601638794,0.5962885618209839,72.67705535888672,5.922448047336551,16.565521240234375,4.4375,0.6658494285669632
00222,0.817561587129763,0.43575870144553014,0.17986208200454712,0.26534128189086914,0.5327924489974976,75.31217956542969,3.73196260276022,13.244976043701172,4.8046875,0.4566945352918117
00223,0.735632737897229,0.3290392539579267,0.2110559344291687,0.40128982067108154,0.692992627620697,73.92343139648438,4.606601860036224,13.131084442138672,4.86328125,0.4843288971382937
00224,0.8277843642281681,0.35863992762364294,0.27980226278305054,0.5302737951278687,0.317751944065094,68.82510375976562,4.296666600425218,13.43221664428711,3.89453125,0.3344789216285531
00225,0.7461644020631495,0.36569787217959865,0.3416067361831665,0.5707826614379883,0.6863574981689453,72.86820983886719,5.56898480426075,9.97011947631836,4.2421875,0.3341839939062967
00226,0.7309732087179298,0.40791297856457287,0.2025260329246521,0.38407033681869507,0.5293707251548767,74.55654907226562,4.350127225446014,9.7590913772583,4.94921875,0.691421750896566
00227,0.8629676365133093,0.5896782955606485,0.24453091621398926,0.560282289981842,0.47989219427108765,72.92706298828125,6.574427761271679,9.60474681854248,3.859375,0.5374398973335899
00228,0.8896386132159162,0.35214472128660973,0.2695865035057068,0.49916893243789673,0.5473348498344421,74.52027893066406,4.279764476421652,12.547863006591797,4.41015625,0.4043219362542397
00229,0.851251359347116,0.41906259925286227,0.1548466682434082,0.3054095208644867,0.5884111523628235,74.29472351074219,4.386886237664946,11.48016357421875,4.984375,0.40764853200222273
00230,0.836496550699477,0.41464782196786604,0.19887089729309082,0.3179287314414978,0.6268993616104126,74.37715911865234,3.644098373834728,13.585037231445312,4.90234375,0.5208827416711839
00231,0.6261809138088086,0.2555870414337137,0.3046339750289917,0.4803225100040436,0.4372808039188385,65.6252670288086,4.42594925472875,15.094352722167969,4.63671875,0.3398415729419122
00232,0.9085716272026907,0.5844247509999215,0.23413217067718506,0.24546711146831512,0.5808917880058289,73.7626724243164,10.623716443495809,11.973564147949219,3.984375,0.8615038519050431
00233,0.8146202380922972,0.40827980014275517,0.16585445404052734,0.41037875413894653,0.3431723117828369,69.5727310180664,4.205729794892079,16.751564025878906,3.841796875,0.5374387503801719
00234,0.7956952214607798,0.355995599559956,0.24883818626403809,0.7453747987747192,0.5427144169807434,75.91289520263672,4.076195429977138,9.932861328125,3.92578125,0.5529581744054385
00235,0.8787929110707274,0.34368283131643257,0.3376537561416626,0.6269219517707825,0.46480831503868103,73.02685546875,5.760833920232486,12.74457836151123,3.7265625,0.20888757816521933
00236,0.822562604976095,0.3423398093738578,0.1816086769104004,0.30853015184402466,0.5330093502998352,73.97726440429688,4.49041186142548,16.546398162841797,4.140625,0.6487344581210377
00237,0.8184123370372128,0.41650406682305485,0.27141571044921875,0.4762515127658844,0.6092696189880371,75.31136322021484,2.857817880126637,6.127526760101318,4.5,0.34110983891423674
00238,0.8190964870910209,0.42931296214680964,0.38477593660354614,0.5782433152198792,0.42665570974349976,71.91356658935547,5.193186855863622,10.448974609375,3.01953125,0.36773538139689393
00239,0.8249852585951661,0.3312191067757316,0.28501683473587036,0.565871000289917,0.4379529356956482,72.96388244628906,3.715623854582725,11.775212287902832,4.28515625,0.3704481778107473
00240,0.670074879460486,0.35844303079926937,0.3053727149963379,0.4705458879470825,0.5761674046516418,71.98678588867188,4.74949433824037,11.766420364379883,4.7734375,0.4909532747777419
00241,0.9067799482674658,0.4499029290115641,0.18947279453277588,0.24866479635238647,0.5382459759712219,72.572265625,5.646108487248663,12.688146591186523,3.990234375,0.7959246841741164
00242,0.8516581060268252,0.3743082538561168,0.2658754587173462,0.442375123500824,0.43017664551734924,73.97901916503906,3.9919178078106508,14.203678131103516,4.05078125,0.4151929210212596
00243,0.5521616968753681,0.24727905964301264,0.41544944047927856,0.6712164878845215,0.5157579779624939,71.94183349609375,6.485468523257501,9.942575454711914,2.869140625,0.4570898765491057
00244,0.6498223108260379,0.35537682454572533,0.27824723720550537,0.5013258457183838,0.36465921998023987,61.161155700683594,4.888858909882518,16.0903263092041,3.4296875,0.4574858033300789
00245,0.8171948092771932,0.37720120871105556,0.22825407981872559,0.44432035088539124,0.5761761665344238,71.63365936279297,5.292584144155008,18.886634826660156,4.71484375,0.703043674311925
00246,0.30591789692319055,0.13002156915610677,0.34712493419647217,0.6187425255775452,0.5285035371780396,74.85712432861328,5.371634799316223,8.320699691772461,4.625,0.4265926254219904
00247,0.8681836922070805,0.3519481756692388,0.2993016839027405,0.4827699363231659,0.4293796420097351,70.98222351074219,4.329236448421446,15.00292682647705,4.26171875,0.3189211143794952
00248,0.6618028248551919,0.2711817743822699,0.3267226219177246,0.6259070634841919,0.45974743366241455,63.71687698364258,6.215802535307784,14.044753074645996,3.517578125,0.4853936553897441
00249,0.7589372671333497,0.3487618709505636,0.22098428010940552,0.47692567110061646,0.4780849814414978,75.9019775390625,3.217149655314742,10.984030723571777,4.76953125,0.45923833009186615
00250,0.8074332757153622,0.39871055310485237,0.4198836088180542,0.6176208257675171,0.42167285084724426,69.01521301269531,5.61705458583057,9.810807228088379,3.6484375,0.2490509159729124
00251,0.8495988662089259,0.407683192132864,0.20807451009750366,0.46556979417800903,0.29457831382751465,71.51348114013672,3.0138374370856695,10.758342742919922,3.599609375,0.3546980133808347
00252,0.9189705228296546,0.34878079309543253,0.346943199634552,0.6353919506072998,0.3348897695541382,71.83390808105469,6.331024013487079,10.8719482421875,2.94140625,0.11715005851779402
00253,0.7012845119078495,0.3256742853684614,0.291745662689209,0.5670038461685181,0.5339376926422119,73.60050964355469,4.594943355471114,9.89825439453125,4.42578125,0.430218569841951
00254,0.6672980589848749,0.26975007181844296,0.3818068504333496,0.6021240949630737,0.3098236322402954,62.7703742980957,6.124888567375858,14.068931579589844,2.279296875,0.34158717781059406
00255,0.8111923428026976,0.3805087782156933,0.2458518147468567,0.5063790678977966,0.4682961702346802,68.95964813232422,3.897368326657098,10.372982025146484,4.8984375,0.4097150941844757
00256,0.7617092725053274,0.4183260302845416,0.19411718845367432,0.5260998010635376,0.5916100740432739,74.7283935546875,4.352215201417367,12.328314781188965,4.92578125,0.5935131787916436
00257,0.2547012177799618,0.1135990446335274,0.2621515393257141,0.4638631343841553,0.547649621963501,72.75816345214844,3.5900818049481296,13.753005981445312,4.9375,0.5196581669981245
00258,0.7601872251753073,0.4227361141128161,0.3745569586753845,0.6655237674713135,0.21239005029201508,63.38893508911133,8.520353795922858,10.95614242553711,3.89453125,0.3990387932796471
00259,0.7327457784070561,0.39486286460600784,0.19380640983581543,0.4065362811088562,0.6218355298042297,75.68047332763672,5.538977600672799,10.384214401245117,4.91015625,0.6643814702043552
00260,0.80484987161504,0.36921420882669537,0.3432345986366272,0.6318489909172058,0.47191160917282104,73.86375427246094,5.478724942865588,15.445829391479492,3.154296875,0.5865404454436713
00261,0.7805970844537161,0.29675119813115625,0.3608325719833374,0.5838178396224976,0.46123600006103516,71.4969482421875,5.2473320287442204,12.060142517089844,3.603515625,0.1442084185585332
00262,0.8493288941838001,0.3338194589124676,0.3068077564239502,0.5978118777275085,0.4127333462238312,71.74961853027344,3.7012125242747205,11.412859916687012,3.873046875,0.27220192327251524
00263,0.7676881601242015,0.32315541601255887,0.3029820919036865,0.7369720935821533,0.5266895890235901,69.54042053222656,4.099504957777169,6.065979957580566,4.1875,0.4344941779652472
00264,0.7335368745828864,0.41377797279508555,0.2590159773826599,0.5030755996704102,0.45837482810020447,70.32730102539062,5.947611278066992,13.740468978881836,4.015625,0.6532360883686852
00265,0.7463470326760799,0.37158105403602404,0.23049300909042358,0.4654296934604645,0.25071215629577637,69.28575134277344,4.911965779491395,14.71638298034668,2.779296875,0.42692500161725205
00266,0.6746303725377973,0.3203340828782525,0.23124057054519653,0.39912575483322144,0.5734505653381348,70.9210205078125,4.97273647771493,13.772361755371094,4.5859375,0.5511638524082833
00267,0.8475106381648237,0.3964220466462619,0.4472395181655884,0.7127423286437988,0.313733845949173,66.29617309570312,4.96708686529087,5.545529365539551,2.634765625,0.14730405544248473
00268,0.5605641135180278,0.2567005387710564,0.2979311943054199,0.6121437549591064,0.46044185757637024,73.15067291259766,4.241657436828238,7.907889366149902,4.7109375,0.46171679643217645
00269,0.8586314004279538,0.4163724105461394,0.23640376329421997,0.3868125081062317,0.47453993558883667,74.61476135253906,4.79095633863202,11.054193496704102,4.33984375,0.4861752046744508
00270,0.8170232922780977,0.3130157892753514,0.36326706409454346,0.6732676029205322,0.38250887393951416,75.57000732421875,5.342693754999339,12.776670455932617,3.6171875,0.23589374630892804
00271,0.8656592038197892,0.35036816269284715,0.3069835305213928,0.38240063190460205,0.557357907295227,72.77525329589844,6.260426374391136,15.734606742858887,3.46875,0.6828526406774746
00272,0.8309961294794839,0.46142146017699115,0.33534640073776245,0.6563994884490967,0.3428081274032593,70.79975891113281,5.823450958342188,10.628657341003418,3.669921875,0.40724184258891
00273,0.8601802104473785,0.38138111556505355,0.24859464168548584,0.47235435247421265,0.34380775690078735,72.03300476074219,3.7876732975106386,9.32358169555664,3.82421875,0.356021523698468
00274,0.6664593818498051,0.29014084507042254,0.3310338854789734,0.606532871723175,0.47879770398139954,61.765830993652344,5.680283007523365,12.243021011352539,3.740234375,0.6191324971971375
00275,0.8492619718144107,0.38642426637684024,0.39095592498779297,0.6558518409729004,0.3146985173225403,64.6776351928711,4.672558629960423,11.00954532623291,2.412109375,0.40265270207790205
00276,0.7390055859980386,0.27982980822593573,0.518470287322998,0.7012019157409668,0.6145436763763428,71.32418060302734,6.24304871684843,7.438029766082764,3.2890625,0.4140881586594004
00277,0.05247588341600582,0.017928800206162793,0.4819602966308594,0.7915201187133789,0.4853646755218506,65.79232788085938,5.640212118424195,8.393072128295898,2.12109375,0.1963050770177772
00278,0.8118790773579,0.3880970724191063,0.2646443843841553,0.43349581956863403,0.5564016699790955,74.52029418945312,3.983598648690842,9.501204490661621,4.05078125,0.2943760259250557
00279,0.8857008754959911,0.40741600867007277,0.20360755920410156,0.27059662342071533,0.6382898092269897,75.00736999511719,3.914370512673673,18.625219345092773,4.91796875,0.7256571893520987
00280,0.8321951705222302,0.39423013878264673,0.20314979553222656,0.47047311067581177,0.4911414682865143,72.1968002319336,3.825472608591512,11.795635223388672,4.2890625,0.42227464693533895
00281,0.7062322399910637,0.37458714857280956,0.2651451826095581,0.49173057079315186,0.5741851925849915,75.07615661621094,4.123750089581132,9.058549880981445,4.828125,0.3983695390723688
00282,0.8287729425861491,0.33772272745977533,0.2509813904762268,0.43324029445648193,0.5055313110351562,73.29026794433594,4.3780915029817145,12.878984451293945,4.31640625,0.30514943540436384
00283,0.8534647583777901,0.34473425928679774,0.2685261368751526,0.5434671640396118,0.5486752986907959,74.66252136230469,3.9007883556328666,12.716085433959961,4.8125,0.34852689262726516
00284,0.8491526280230491,0.3871593067886636,0.1587647795677185,0.2628617584705353,0.53270423412323,73.40724182128906,3.839214002358166,17.1558837890625,4.93359375,0.7029214467422318
00285,0.8003265659990182,0.346514446074367,0.28101789951324463,0.5921636819839478,0.3886244595050812,72.30052185058594,4.707947173830291,9.325765609741211,4.30859375,0.40356391782135437
00286,0.767978296193401,0.3970941603799944,0.2008270025253296,0.41084691882133484,0.5145530700683594,72.92527770996094,4.105164453547809,16.04098129272461,4.8125,0.4514299124699924
00287,0.8686387276284164,0.412551724137931,0.29067063331604004,0.4623212218284607,0.4820761978626251,73.0775146484375,3.948770641687891,10.937542915344238,3.697265625,0.4096483074258814
00288,0.6427061990064167,0.2780088554944318,0.16797208786010742,0.28456827998161316,0.6318899393081665,75.15768432617188,6.0646610382897554,14.954498291015625,4.98828125,0.6314445505153599
00289,0.8499249682007638,0.4284912073296882,0.19964522123336792,0.35721567273139954,0.5431349277496338,76.40447998046875,5.096747198714232,13.232080459594727,4.84375,0.5746812501598674
00290,0.8285633909567308,0.3452818464269862,0.35896724462509155,0.5955175161361694,0.3560856580734253,69.56300354003906,6.7689176982984325,12.571649551391602,3.1953125,0.3732125028075307
00291,0.7575566379003791,0.3982764366995191,0.19308018684387207,0.3471446633338928,0.5406259298324585,74.61239624023438,3.3695186554362513,15.375375747680664,4.96875,0.5695351641670304
00292,0.883596829581885,0.49217519168154605,0.2400583028793335,0.3898729681968689,0.559364378452301,70.02661895751953,4.7048436918163254,7.130890369415283,3.9296875,0.3661722437646736
00293,0.7507045844723694,0.31626299639526917,0.361977756023407,0.49260568618774414,0.4357343912124634,67.16500091552734,5.361097213644682,15.776376724243164,3.822265625,0.5592585114429262
00294,0.9093306817425448,0.44894222945484136,0.25617432594299316,0.30805307626724243,0.45075422525405884,70.78298950195312,4.286837985152354,11.352987289428711,4.16015625,0.7409951349839853
00295,0.8031352099112272,0.40498618882357107,0.2531542181968689,0.4094722867012024,0.5621709823608398,74.9906997680664,5.233215761268575,15.146340370178223,4.140625,0.7449088965743988
00296,0.6376263637855067,0.3873428450346094,0.38079702854156494,0.6110901236534119,0.5723828077316284,73.24849700927734,7.242008416781521,9.014779090881348,4.20703125,0.5181714607355546
00297,0.8744871329165316,0.362722186813965,0.25681138038635254,0.4940306842327118,0.5568357706069946,73.05265808105469,4.51765535605222,13.333910942077637,4.46484375,0.4239985253122854
00298,0.5334052937712039,0.2322997992415793,0.3799970746040344,0.6281198859214783,0.48206931352615356,72.00640106201172,5.275146570095378,11.719494819641113,4.03125,0.3048152410896003
00299,0.8896250169802401,0.35319024096290014,0.33117085695266724,0.5736337900161743,0.5372738838195801,74.15081024169922,4.454581433643367,10.055169105529785,2.95703125,0.20357475930372074
00300,0.9167267376864597,0.3781011902160453,0.34847700595855713,0.5418699979782104,0.46389898657798767,68.6942367553711,5.078394910954302,15.970600128173828,3.974609375,0.3367408609777481
00301,0.8247073322222471,0.3133822402737109,0.2874135971069336,0.4914403557777405,0.5756610631942749,74.2833480834961,4.925888674833923,14.43655776977539,4.21875,0.2857890466433985
00302,0.7130952391417735,0.3011723629358737,0.264950692653656,0.5113503932952881,0.5743486285209656,73.98603820800781,5.046191573153922,8.623322486877441,4.81640625,0.2350338526510035
00303,0.7814493663773339,0.36263541111703074,0.20796895027160645,0.43944716453552246,0.5347638726234436,70.07266998291016,3.8727127262074235,14.106164932250977,4.93359375,0.5392773078181795
00304,0.79766430601206,0.3230312245836133,0.28100812435150146,0.4694404900074005,0.3483911454677582,71.22380065917969,5.214204863206134,12.433303833007812,3.521484375,0.20085871342085787
00305,0.7881144660678336,0.33642522987578644,0.2592690587043762,0.49470457434654236,0.5223898887634277,74.96902465820312,2.786686405906383,12.943241119384766,4.87109375,0.4443802829138929
00306,0.6965181949663882,0.2892647147966297,0.2617614269256592,0.5884456634521484,0.6239081025123596,71.35606384277344,5.130658089351845,11.548742294311523,4.24609375,0.4536450545266844
00307,0.8443264684802756,0.431101119054235,0.23795193433761597,0.4289317727088928,0.6202559471130371,73.92018127441406,3.3255365583784013,15.016904830932617,4.9140625,0.5124564164229433
00308,0.7949690291718625,0.5537467700258398,0.2869359850883484,0.5141196846961975,0.5552555322647095,72.06163787841797,5.141442825879793,8.506440162658691,4.25390625,0.475248211329496
00309,0.8185883344045769,0.434895077207338,0.23674339056015015,0.37035277485847473,0.6863095760345459,75.70476531982422,4.327084877885529,11.263362884521484,4.96484375,0.5359755634186358
00310,0.9094021875774703,0.3840677179962894,0.2653963565826416,0.5217134952545166,0.5338603258132935,73.53087615966797,3.778590462933445,14.023859024047852,3.275390625,0.4400068797302516
00311,0.7635388665878021,0.32448368970298475,0.3091265559196472,0.5397458672523499,0.4663061499595642,75.95462036132812,6.171508323083142,11.883049964904785,4.1328125,0.26613021836022455
00312,0.769396565843858,0.39399218984680084,0.2538723349571228,0.43463701009750366,0.4794870615005493,74.50189208984375,6.239561418624362,7.135761260986328,4.9296875,0.5671825672248463
00313,0.7716442808852663,0.3770839331047659,0.22834181785583496,0.4145966172218323,0.5799659490585327,74.8485107421875,4.500364644781776,12.312127113342285,4.6953125,0.5260852620794166
00314,0.8269150984953809,0.42999785269486795,0.22999608516693115,0.319029301404953,0.39143744111061096,68.27281951904297,4.396406484731398,13.03256893157959,2.806640625,0.545166171186826
00315,0.7506670747225352,0.2976397755852196,0.26249802112579346,0.4120275378227234,0.48667123913764954,73.95207977294922,4.283176098052204,15.409049987792969,3.84375,0.44392288779779354
00316,0.8649897259523416,0.37454261252619986,0.2850422263145447,0.5880271196365356,0.5990850925445557,75.068603515625,3.8862638179669537,12.433396339416504,4.5390625,0.5205829586351858
00317,0.7907184631738876,0.3521918922324425,0.36894649267196655,0.5392317771911621,0.46489232778549194,72.79158020019531,5.034375600349167,7.8781280517578125,3.87890625,0.14303561061122191
00318,0.8508575245560775,0.47481869460112813,0.27887576818466187,0.42042699456214905,0.5555370450019836,72.69281768798828,3.882001993777241,12.943631172180176,4.171875,0.6250437134668634
00319,0.5436247309187301,0.2457619517445511,0.22071081399917603,0.2807638645172119,0.5755172967910767,70.24652862548828,6.375359546740579,14.093055725097656,4.26953125,0.774724594556413
00320,0.777106430483069,0.35117623022590627,0.30947738885879517,0.48357757925987244,0.6212632060050964,70.95877838134766,4.723951698748628,9.345586776733398,4.921875,0.30903047681602797
00321,0.800492108226301,0.36592756836659274,0.19092869758605957,0.41688376665115356,0.5965700149536133,69.91575622558594,3.76007289761294,12.476478576660156,4.6328125,0.45937758452325306
00322,0.7998313619634693,0.3858090679614329,0.20495456457138062,0.3783026933670044,0.5510129928588867,74.43336486816406,3.076136785368666,11.889698028564453,4.84765625,0.3857515985616836
00323,0.8374432863348623,0.38221533510146916,0.19316703081130981,0.45045337080955505,0.5182617902755737,74.46015930175781,3.1339154248754633,11.570758819580078,4.9453125,0.4704695456901211
00324,0.7986429921854358,0.41356692128860845,0.22133934497833252,0.3971855640411377,0.4814643859863281,75.41341400146484,3.581648141738623,14.318658828735352,4.328125,0.6830784474580813
00325,0.7661035198952757,0.37323149032202063,0.2791074514389038,0.5830696821212769,0.5495554208755493,77.33152770996094,5.6045607716653985,10.94738483428955,4.90234375,0.6123150883125998
00326,0.800033220253027,0.4066082918097818,0.2552027106285095,0.449459969997406,0.3892692029476166,63.82609176635742,3.564406696338171,11.619384765625,3.27734375,0.5124340856923999
00327,0.8444785300558513,0.31113892541469484,0.48076164722442627,0.858159065246582,0.37946817278862,69.99946594238281,8.640844506738304,10.477252960205078,2.841796875,0.1018247727862432
00328,0.7751937566874745,0.2974702516715107,0.2806212306022644,0.6309370398521423,0.5238983631134033,73.29204559326172,4.286116556397931,13.111224174499512,3.72265625,0.32716013991201576
00329,0.7372914306531113,0.2901545663496616,0.226324200630188,0.40252256393432617,0.6469299793243408,76.12926483154297,4.416074472073513,16.306751251220703,4.32421875,0.4299733063227881
00330,0.7822244230841685,0.30976356866413546,0.34275078773498535,0.6706752777099609,0.4560783803462982,69.59056854248047,3.075872104165068,8.526299476623535,4.0859375,0.2364629208528666
00331,0.8277840294290026,0.45320084518302783,0.19837510585784912,0.31355807185173035,0.6253117322921753,72.47816467285156,6.204048693776432,12.578493118286133,4.8515625,0.6023933183242199
00332,0.46265205219860683,0.23502607019234983,0.2625247836112976,0.4152308702468872,0.47631359100341797,74.77383422851562,4.221491911113489,10.389951705932617,4.9296875,0.48483772094586547
00333,0.7877988316748232,0.40817885721178976,0.26086878776550293,0.4563104212284088,0.5200616121292114,72.37260437011719,3.866702023773793,7.031638145446777,4.1171875,0.462463377950362
00334,0.8161423846215022,0.36754799981670716,0.20593565702438354,0.4711233973503113,0.5664733052253723,74.85502624511719,3.601690707420867,9.99531078338623,4.7265625,0.4946250977381289
00335,0.9015935220085013,0.3568986490812472,0.23058372735977173,0.45769333839416504,0.5514606833457947,74.37018585205078,2.623785906623848,12.33372688293457,4.48828125,0.45208214093180454
00336,0.6611253635650093,0.350210970464135,0.27827703952789307,0.5493555665016174,0.38919079303741455,63.8693733215332,4.707440336030612,15.975245475769043,3.01171875,0.5985877517440441
00337,0.8257258918650421,0.45185705368289636,0.23934489488601685,0.47851377725601196,0.5346985459327698,70.77783966064453,4.1471546938765105,12.783018112182617,3.53515625,0.6046202239924252
00338,0.8311361243407132,0.3383169101823536,0.18170130252838135,0.44637274742126465,0.4510321021080017,73.7882308959961,4.226806846718921,14.671721458435059,4.7578125,0.43190809513919054
00339,0.7740203859413581,0.3468724295953938,0.23097407817840576,0.40356770157814026,0.6275970339775085,69.39959716796875,3.680993919465962,16.40859031677246,4.33203125,0.6353362546115171
00340,0.8585283318382108,0.38566993073799855,0.27254945039749146,0.4831017851829529,0.411464124917984,70.31787872314453,3.782474456073688,11.469005584716797,3.474609375,0.36396720852661857
00341,0.6680551220805017,0.3076923076923077,0.35212182998657227,0.7116196155548096,0.4567163586616516,75.38783264160156,5.0281646634676385,6.155112266540527,3.48046875,0.29596667070489985
00342,0.5096570211939445,0.21529685189097825,0.2826296091079712,0.46110105514526367,0.48581352829933167,74.93999481201172,3.494167672645596,15.27934455871582,4.39453125,0.6453140697949581
00343,0.7766503288413287,0.35148485739488383,0.22929739952087402,0.42019498348236084,0.3891811966896057,72.03218078613281,3.0979209920848696,13.866937637329102,3.578125,0.3746600527878419
00344,0.7896436969043894,0.41238933014490275,0.22209835052490234,0.45330098271369934,0.5941030979156494,75.10652160644531,3.8148723721464246,9.409934043884277,4.95703125,0.49176210491992794
00345,0.6788364257339848,0.32160646596284576,0.2827611565589905,0.4116806983947754,0.5583431720733643,73.19884490966797,4.871936805851514,9.985085487365723,4.8125,0.5495516124709695
00346,0.6000772898514971,0.2647522325337069,0.3377684950828552,0.5611532330513,0.5073699355125427,73.06788635253906,4.638020935916746,9.83738899230957,4.94921875,0.5854452956693099
00347,0.8447740600676802,0.5319021348045094,0.19372516870498657,0.35512229800224304,0.5296338796615601,73.59490966796875,4.340230157860512,10.886863708496094,4.79296875,0.6587683763352441
00348,0.7778897847385537,0.3870423485743209,0.260220468044281,0.43102309107780457,0.6060022711753845,72.0363540649414,4.1036393768455035,15.933841705322266,4.921875,0.4801332070054261
00349,0.71505273345593,0.2921907535000254,0.2483171820640564,0.40119171142578125,0.5835673213005066,74.95481872558594,3.26735047669032,11.493917465209961,4.78125,0.3511066360115302
00350,0.862970392450649,0.5177840730248662,0.34243935346603394,0.5559636950492859,0.4325583577156067,60.849361419677734,7.411811558337078,8.854507446289062,3.84375,0.5799199369166181
00351,0.7580874177117575,0.37207521483876455,0.3854120373725891,0.7699598670005798,0.2736797630786896,61.23381042480469,8.391973779376551,11.438097953796387,2.78515625,0.3465652504398131
00352,0.8577186073088581,0.37166989266232625,0.25847262144088745,0.44801974296569824,0.5771043300628662,75.18486022949219,3.343892567953039,7.850417613983154,4.66796875,0.41777451831787965
00353,0.9278139528613065,0.5978428351309707,0.2649078369140625,0.42359620332717896,0.5536903142929077,71.75869750976562,6.870244167666573,5.6079888343811035,4.796875,0.5492760007194674
00354,0.8599280061122442,0.3701299933580036,0.22096633911132812,0.4822143316268921,0.5135278105735779,74.24260711669922,3.118443808403377,10.898382186889648,4.6328125,0.4485808460974666
00355,0.6767633173090715,0.36377805486284287,0.30057287216186523,0.6665945649147034,0.573223352432251,72.57367706298828,5.9154956987187886,10.28010368347168,4.9375,0.5730775877399809
00356,0.6674669055904073,0.3456337217666523,0.3072521686553955,0.5292919278144836,0.5355684161186218,75.57225036621094,3.859794419634875,10.896261215209961,4.9375,0.33072816337552235
00357,0.8155395102705031,0.41642837474317423,0.17942512035369873,0.2923918664455414,0.37930721044540405,68.4692611694336,3.407000324566598,15.470876693725586,3.87890625,0.5243874477296244
00358,0.8212522781262812,0.3196169986405816,0.30405598878860474,0.6560677886009216,0.5158377289772034,72.60253143310547,3.6302865339218644,10.618109703063965,4.9296875,0.26490307515690803
00359,0.8308012808895237,0.4646060984493704,0.21197891235351562,0.3738560080528259,0.6192637085914612,74.12540435791016,3.249291819679543,11.412429809570312,4.921875,0.3876481676159492
00360,0.7596733339156257,0.5595695618754803,0.31879061460494995,0.5700228214263916,0.5588852167129517,73.88312530517578,8.452056694139966,10.976387023925781,4.453125,0.6346549768110451
00361,0.8044504795174628,0.3350190549332715,0.30090564489364624,0.4076423943042755,0.5083567500114441,70.9159927368164,4.080858259506379,12.411489486694336,3.82421875,0.49472119869028436
00362,0.813506858020426,0.4071965878247383,0.20202046632766724,0.3430839478969574,0.5855137705802917,75.03900146484375,3.4828457708566507,14.224749565124512,4.92578125,0.46539806737101697
00363,0.8146073252974203,0.41695380296069423,0.33667027950286865,0.4733617305755615,0.5577718019485474,71.78717041015625,4.369725250007805,10.857473373413086,4.1640625,0.2958229683528008
00364,0.6947231491626265,0.3524608902968745,0.22304129600524902,0.3913794457912445,0.5303098559379578,73.71021270751953,3.816840154405597,11.373852729797363,4.6875,0.4782967113304336
00365,0.8071969197144435,0.4865172610113348,0.14499002695083618,0.35101407766342163,0.49022573232650757,73.60269927978516,3.823972689467864,13.191366195678711,4.921875,0.635717741013313
00366,0.8724905090489188,0.4558755398801429,0.3034111261367798,0.4322836399078369,0.4990919530391693,73.21453094482422,3.3927124623432103,9.85552978515625,4.01953125,0.35885150944597344
00367,0.825509336090567,0.39275580036721747,0.20367127656936646,0.31928226351737976,0.6000875234603882,74.75080871582031,3.414045485165199,15.07795238494873,4.90234375,0.5231585382476117
00368,0.800895910187092,0.430755889579419,0.2677624821662903,0.4217987060546875,0.5940080881118774,73.66532135009766,4.887644600464894,9.226602554321289,4.6875,0.4474889675370391
00369,0.8395243781091579,0.4042361424064894,0.2683265209197998,0.4735245704650879,0.5487016439437866,73.79606628417969,4.445077485889084,14.367515563964844,4.05859375,0.6534217724658609
00370,0.8566823381064251,0.45827290188546116,0.1731896996498108,0.2873707115650177,0.47046178579330444,70.81391143798828,3.093742878405114,10.375136375427246,3.939453125,0.4031474137658549
00371,0.881903199462488,0.4302824247575629,0.33130979537963867,0.6334071159362793,0.5944761037826538,75.6609878540039,3.9350215102880464,8.386999130249023,4.96875,0.4324746220276537
00372,0.8576369544071145,0.4760208276240066,0.1511487364768982,0.31051111221313477,0.6229901909828186,75.5752182006836,2.9666986212691473,14.284972190856934,4.984375,0.4550221008881064
00373,0.8769400009735261,0.39931041913586895,0.3382909893989563,0.6638749241828918,0.3563269376754761,67.1756362915039,5.437387420160659,13.086222648620605,2.78515625,0.15717277429504994
00374,0.7423491996861546,0.4115990211017223,0.32886648178100586,0.4751622974872589,0.5378978848457336,63.177467346191406,3.9983279067802027,14.938267707824707,4.6015625,0.5553581293368912
00375,0.7558223980929596,0.30616360996073794,0.2954639792442322,0.47242608666419983,0.539252758026123,70.51861572265625,3.9893021803570616,12.294689178466797,4.06640625,0.38057100200408833
00376,0.8098966732815864,0.3079935154009228,0.33023685216903687,0.4419940710067749,0.5718621611595154,73.45104217529297,4.140333997003151,12.290849685668945,4.046875,0.3914456982674385
00377,0.5090482833973708,0.23730847332471847,0.3148474097251892,0.5403817296028137,0.2781181037425995,67.40554809570312,5.129023803418814,12.084264755249023,3.69140625,0.39203249042339666
00378,0.7427848442092305,0.3704563031709203,0.3519991636276245,0.7066901922225952,0.374996155500412,66.30718994140625,5.582719954675611,8.521994590759277,3.12109375,0.48584513440628857
00379,0.8773350571086488,0.3442133533195928,0.420026957988739,0.6764317750930786,0.4408280849456787,73.20909118652344,7.760130873869849,10.517738342285156,3.19921875,0.1268584618514987
00380,0.7528491905486375,0.42264437689969603,0.3263920545578003,0.6587158441543579,0.622541069984436,72.37159729003906,5.653883245585021,12.495994567871094,4.46484375,0.6265003396790375
00381,0.7607922294060286,0.3153277137450542,0.29867124557495117,0.3567032516002655,0.6197264194488525,73.86880493164062,5.9069706882456146,15.57471752166748,4.4921875,0.6840369096041611
00382,0.8212971643825462,0.429219661577665,0.19289952516555786,0.35738420486450195,0.5591330528259277,71.18136596679688,3.515142946329793,12.371315956115723,4.91015625,0.49887568459500037
00383,0.9569120288647988,0.7277436946148602,0.23491692543029785,0.4191442131996155,0.5141075849533081,76.89971923828125,8.179571243933461,12.945952415466309,4.5859375,0.8744615535085644
00384,0.8289047208024283,0.40236873772879855,0.27934497594833374,0.5028250813484192,0.6024295687675476,75.81045532226562,3.6993414981310004,8.111289978027344,4.9296875,0.42126070724758263
00385,0.7114574320587647,0.337837218888838,0.34191131591796875,0.63023841381073,0.4821945130825043,72.57888793945312,4.8984235690309195,10.73336124420166,4.14453125,0.3474440665179822
00386,0.8454969154728973,0.35112707204739585,0.2503116726875305,0.4396337568759918,0.6219218373298645,75.06414794921875,4.757440177819859,15.553526878356934,4.55078125,0.5173649168990059
00387,0.6134019111086242,0.2927029992684711,0.2400800585746765,0.45754027366638184,0.4223742187023163,68.53136444091797,3.6751791823646642,13.049654960632324,4.2734375,0.48796060496232235
00388,0.4393059820317218,0.2159518802875446,0.28437167406082153,0.4577338993549347,0.5506976246833801,71.22146606445312,6.238777062786935,9.537137985229492,4.08984375,0.2598021941593353
00389,0.8502658525399553,0.3454743412934601,0.28236615657806396,0.5354559421539307,0.5246039628982544,72.82530975341797,4.073217917819877,11.49448013305664,4.2109375,0.3115558414061109
00390,0.9250355792262918,0.7025857831088389,0.15955185890197754,0.1109204962849617,0.6697860956192017,74.62633514404297,6.615736509401499,18.69497299194336,4.6953125,0.8500152001661087
00391,0.7421264088963224,0.31454838517103456,0.33825063705444336,0.5762038230895996,0.3757976293563843,62.8160514831543,5.434072675909408,15.872611045837402,2.71484375,0.5064607473787922
00392,0.8158472988794652,0.4186914449510398,0.25846630334854126,0.47467654943466187,0.5613765716552734,74.43831634521484,3.368912736565523,9.982820510864258,4.65234375,0.4119827309514607
00393,0.7728422312547634,0.35466623698126476,0.32038164138793945,0.494551420211792,0.5494002103805542,72.73184204101562,4.132823827901776,9.444498062133789,4.68359375,0.2925086254326426
00394,0.8763711741065419,0.35948924260976034,0.3007087707519531,0.5492151379585266,0.46782347559928894,74.77792358398438,4.77671535684029,11.126363754272461,4.04296875,0.2942510983421855
00395,0.8480753582062105,0.3853441469891624,0.2803713083267212,0.49472177028656006,0.4606059193611145,67.1939697265625,4.395881316168626,13.068028450012207,3.75,0.5580784376786319
00396,0.5332860375526907,0.23696740139034667,0.2414700984954834,0.43029895424842834,0.40523457527160645,66.30924987792969,3.048898971385278,11.067798614501953,3.271484375,0.2529642641162075
00397,0.8859307155856468,0.39598030667336026,0.256137490272522,0.47920873761177063,0.4677780568599701,74.25010681152344,4.099231947647163,12.074812889099121,3.326171875,0.29565499343454466
00398,0.8848733569851854,0.3535410325507454,0.2936791181564331,0.4115040898323059,0.6375648379325867,73.91244506835938,4.750237338043102,11.186698913574219,4.74609375,0.5590552264287915
00399,0.7860087339129607,0.3274338603529196,0.3675072193145752,0.7218323945999146,0.48377612233161926,64.27123260498047,4.1082573832242435,8.763834953308105,2.947265625,0.3549780675572981
00400,0.6913786018706062,0.3342215845034334,0.2354954481124878,0.49603524804115295,0.4325545132160187,63.85675048828125,3.8987666812037958,12.563859939575195,4.56640625,0.5672184498435452
00401,0.8513417594803204,0.3720857618651124,0.3987254500389099,0.6412083506584167,0.5644486546516418,71.692138671875,4.402721607838498,5.258195877075195,4.30859375,0.04747054264159643
00402,0.8785790235793585,0.394870136868197,0.2874588370323181,0.6885448098182678,0.6178202629089355,72.99124145507812,3.766985669614994,9.58424186706543,4.38671875,0.34711933067760953
00403,0.7284831517952454,0.3121946592040981,0.255517840385437,0.48496201634407043,0.4885779917240143,73.46822357177734,5.52477324494637,15.192951202392578,4.08984375,0.39877231782013667
00404,0.917808395579546,0.3525258301879599,0.3947775959968567,0.6957910060882568,0.5189461708068848,73.01083374023438,4.369849345097979,10.601349830627441,4.109375,0.22081500495236078
00405,0.8352947429668401,0.337609723160027,0.35405439138412476,0.5186711549758911,0.4822475016117096,68.99034118652344,6.075302236907771,10.805488586425781,4.04296875,0.3131772787525516
00406,0.8713449478721568,0.41423521658378765,0.23482346534729004,0.5297046303749084,0.5187883377075195,75.38037872314453,3.161166011293876,9.993408203125,4.35546875,0.48381208550723664
00407,0.8045972111051433,0.3775596399755323,0.24486005306243896,0.5299414992332458,0.3709074854850769,75.6288070678711,3.388003366953393,11.337434768676758,4.28515625,0.47135701433713517
00408,0.7651279098363607,0.42505056558543713,0.24734419584274292,0.35273200273513794,0.5690215229988098,70.61043548583984,4.322279738472562,15.978194236755371,3.16796875,0.6008983505455637
00409,0.6299404626044032,0.34069463963059626,0.2632443308830261,0.5074740648269653,0.48025697469711304,68.4345703125,6.1726890863084884,10.493627548217773,4.640625,0.5740921496885153
00410,0.8930238487296797,0.3422772889292244,0.3071591854095459,0.6005191802978516,0.4619489312171936,74.32608032226562,6.166143989409649,12.529312133789062,3.85546875,0.14217731486155374
00411,0.886595420980742,0.35517922018479847,0.3916023373603821,0.6279192566871643,0.43445858359336853,63.148223876953125,5.791762509970636,12.725850105285645,4.03125,0.3239985320078023
00412,0.730275367570566,0.42502450179679846,0.32618188858032227,0.6597006916999817,0.34021317958831787,68.52095794677734,5.798017061740111,11.221099853515625,3.9765625,0.5005079598556933
00413,0.9133225153532265,0.4016662661219258,0.39714330434799194,0.6872131824493408,0.42141401767730713,70.31999206542969,6.516471615004138,9.472771644592285,3.16015625,0.6415698925710054
00414,0.8550317368838637,0.384770866402494,0.23262542486190796,0.37678012251853943,0.3007861077785492,67.34024810791016,2.776146661614119,10.003561019897461,3.28125,0.28342610213505365
00415,0.5977545150934467,0.30432833590675895,0.3767494559288025,0.7410685420036316,0.4122816324234009,71.49095153808594,5.928996030350921,7.759594440460205,3.78125,0.3833511512167035
00416,0.7505324597251076,0.34066903507307883,0.2452000379562378,0.44118642807006836,0.6057917475700378,75.88407897949219,4.270880568101935,10.477360725402832,4.9921875,0.533800810386952
00417,0.9232770622230975,0.36776628918430987,0.2623400092124939,0.4574887752532959,0.5861354470252991,76.01490783691406,4.649915974472667,13.403470993041992,4.12109375,0.3300046542395121
00418,0.6139624891225023,0.3136784125414872,0.2978379726409912,0.6094766855239868,0.5664350390434265,69.19357299804688,4.227349584555368,13.306025505065918,4.1484375,0.36090344131119406
00419,0.8475964762914118,0.3457046043452262,0.2543522119522095,0.49267327785491943,0.4569450914859772,76.86083984375,3.696714097770466,10.91960334777832,4.70703125,0.5902767528023027
00420,0.5151657035860683,0.20711959965909835,0.3686339855194092,0.6082282662391663,0.36405184864997864,70.99999237060547,5.010639792673936,11.916921615600586,3.810546875,0.2651967522411321
00421,0.7891682041244882,0.31708697256735147,0.26918578147888184,0.6011661887168884,0.4777487516403198,75.96796417236328,3.7601130015254403,9.964015007019043,4.8671875,0.4099157469766481
00422,0.7761739721360348,0.45728977348286715,0.23221099376678467,0.47016003727912903,0.6229498982429504,73.04712677001953,4.321405548572211,11.414678573608398,4.89453125,0.5912850380511804
00423,0.7468324788038249,0.30301613280336687,0.39439988136291504,0.7753592133522034,0.26592758297920227,67.4973373413086,6.703934972098298,11.457423210144043,3.33984375,0.25263077785773397
00424,0.6583585971664443,0.28360413589364847,0.2978452444076538,0.5971218347549438,0.4402874708175659,75.67390441894531,4.901863557851147,9.365285873413086,3.86328125,0.3335943671592751
00425,0.8819679468058454,0.33574853809960464,0.3970005512237549,0.6929615139961243,0.37222275137901306,70.39359283447266,6.658540651231051,12.06224250793457,2.935546875,0.1579185648054097
00426,0.7566776612260753,0.325122425375889,0.30470991134643555,0.6260077357292175,0.5389404892921448,68.61393737792969,4.568547310630619,13.779085159301758,4.80078125,0.4507523566963516
00427,0.8151339851396829,0.36371708297310557,0.2585650086402893,0.5004007816314697,0.6154478788375854,72.11315155029297,3.7352930745534096,10.542525291442871,4.953125,0.4021838030756428
00428,0.8288196768382536,0.3358548766157462,0.32275885343551636,0.4665481448173523,0.514308750629425,70.15911865234375,4.230421544862278,12.899972915649414,3.52734375,0.5452778797641504
00429,0.5313140598356672,0.22053523502798866,0.34492725133895874,0.6764556169509888,0.46864694356918335,73.07633972167969,5.548603017652345,8.019684791564941,4.6953125,0.2741207872215155
00430,0.7970781332979392,0.38292453352527545,0.22667545080184937,0.33879798650741577,0.4976520538330078,74.48556518554688,3.549903416108253,15.123798370361328,3.68359375,0.5006226484832934
00431,0.7792172108190895,0.35289638499171916,0.20623129606246948,0.38271868228912354,0.45013776421546936,73.25232696533203,3.749256486663873,12.607964515686035,4.734375,0.4031507166681334
00432,0.7967032953837001,0.37498508744720954,0.19634711742401123,0.4164157807826996,0.5236036777496338,74.61247253417969,2.6453769518274437,12.202924728393555,4.83984375,0.34262786100321974
00433,0.8834808758570092,0.46946976379496225,0.17722642421722412,0.37149131298065186,0.44606393575668335,71.68925476074219,3.253515880136037,10.328451156616211,4.25390625,0.48025490495964873
00434,0.8027915988103612,0.3820511671669878,0.2784416079521179,0.5257611274719238,0.5675334930419922,74.95195007324219,3.0413461928474796,9.960236549377441,4.97265625,0.31638229105956117
00435,0.8922926356130285,0.4106200943896222,0.3306368589401245,0.5005183219909668,0.40835848450660706,70.73896026611328,4.022893313245155,9.676352500915527,3.017578125,0.3302032810569952
00436,0.8127567255752659,0.37884972170686454,0.47522294521331787,0.8226544857025146,0.5317963361740112,68.71287536621094,7.330239805720676,9.932273864746094,3.779296875,0.18468861568730022
00437,0.7770012070151803,0.4083451872925557,0.18241018056869507,0.30278974771499634,0.5468881726264954,74.18621063232422,4.73706926929449,12.324182510375977,4.92578125,0.5590413907022933
00438,0.4553558405136442,0.2415762788011039,0.4083195924758911,0.5206350088119507,0.38026589155197144,69.1689682006836,6.229034929980771,8.346044540405273,1.5087890625,0.3865341550855219
00439,0.6996253346479984,0.33576286581448417,0.1781069040298462,0.37368297576904297,0.5273821949958801,74.672119140625,3.1669095785890127,14.516353607177734,4.71484375,0.43147208596480935
00440,0.8737014396391724,0.35731002139962664,0.32502472400665283,0.5226170420646667,0.5115277767181396,73.01985931396484,3.019651657771292,10.382987976074219,4.21875,0.2802414444447308
00441,0.7854048563945659,0.4514936864798275,0.2807425856590271,0.5256303548812866,0.45761600136756897,73.89484405517578,4.452155909615803,13.730583190917969,4.06640625,0.6667556402076434
00442,0.8511340575162143,0.3227502319348521,0.2620887756347656,0.5746092796325684,0.4993514120578766,72.83808135986328,4.565438280150776,11.33227252960205,4.3125,0.2773492532302167
00443,0.608437419548653,0.26785234699054045,0.22845572233200073,0.5239035487174988,0.5015754699707031,69.66339111328125,3.6257082512481977,11.661344528198242,4.85546875,0.3933148463163857
00444,0.7880792675102819,0.395437430786268,0.2531461715698242,0.39881861209869385,0.5566779971122742,73.68589782714844,3.6045810293770524,11.737092971801758,4.8359375,0.5047964497118144
00445,0.8077668465178299,0.42434220027149583,0.2884625792503357,0.5336748957633972,0.4580465257167816,70.0237808227539,3.6864791168939806,13.339241027832031,4.0390625,0.388792970689467
00446,0.768804475925377,0.37500844309354947,0.28150713443756104,0.5600893497467041,0.5841870307922363,73.4478759765625,4.330033104616429,9.836193084716797,4.5546875,0.36203507933053414
00447,0.955187243982303,0.40701970443349755,0.2536184787750244,0.3182789981365204,0.666802167892456,73.13975524902344,5.3331779563488615,17.55426788330078,4.89453125,0.8305592779071355
00448,0.9175663592370966,0.47584816340843344,0.4293123483657837,0.6345281004905701,0.5388450026512146,72.97624206542969,4.814120767340037,2.639854907989502,1.97265625,0.13133672976059654
00449,0.7527245487987994,0.4442088731841382,0.24692630767822266,0.46029627323150635,0.4758806526660919,69.06494140625,2.9791823797268315,12.923913955688477,4.0546875,0.444317653653755
00450,0.7300717803972129,0.3566459782563419,0.2915758490562439,0.5932544469833374,0.39171913266181946,67.45377349853516,3.7190208830561002,14.410619735717773,3.96875,0.4619897227797027
00451,0.8584003280857396,0.38518004338394796,0.276492178440094,0.5502414107322693,0.6309671401977539,72.98544311523438,4.134698542268332,11.45439338684082,4.95703125,0.4309272781220548
00452,0.908571546159543,0.4462030226856593,0.23547852039337158,0.3944661319255829,0.6375338435173035,74.1550064086914,5.349239941069686,9.277933120727539,4.80859375,0.6115575026574003
00453,0.8576790256140032,0.37680136839854605,0.4111369848251343,0.5463665127754211,0.3774690330028534,70.36557006835938,5.834180335659037,14.229837417602539,2.900390625,0.3067265095924117
00454,0.6574088611427034,0.3239738178259008,0.23975688219070435,0.481762170791626,0.399295449256897,71.96592712402344,5.699617926600197,13.724176406860352,3.751953125,0.43276833051500074
00455,0.6380647263802414,0.34124931420957755,0.276225209236145,0.5190413594245911,0.623389482498169,70.76972961425781,5.118631022667785,6.312946319580078,4.91796875,0.47871551786923
00456,0.798322717073386,0.38726323075954944,0.3822842836380005,0.6829923391342163,0.3661242723464966,67.85868072509766,6.053257444421982,11.133071899414062,3.84765625,0.35823600873660444
00457,0.8456782398223778,0.6729536024141833,0.21743881702423096,0.38253942131996155,0.5711149573326111,75.88350677490234,6.392460360420346,10.470829963684082,4.625,0.7079314042474673
00458,0.7963862208277445,0.3762782865826112,0.28954434394836426,0.6159819960594177,0.5370689630508423,71.03640747070312,4.288226408373423,12.791842460632324,4.33984375,0.5397034559449364
00459,0.8196197866436943,0.39324509028127475,0.28475141525268555,0.5142267942428589,0.3655996322631836,69.57839965820312,4.758855624049413,11.566300392150879,3.357421875,0.3467448674511133
00460,0.8290012022604375,0.3901272071387887,0.2267250418663025,0.37988200783729553,0.5125327706336975,74.37633514404297,3.6006732563842787,13.090784072875977,4.21484375,0.4923154071026615
00461,0.7152777084415193,0.2733330055074744,0.3253006339073181,0.6016866564750671,0.5073908567428589,69.27984619140625,4.881550375849562,11.423626899719238,3.779296875,0.31822848093765777
00462,0.8057328331989043,0.29422914576066006,0.5494157075881958,0.7788954973220825,0.4103962182998657,65.7834243774414,10.528322149961223,13.69194507598877,2.6015625,0.1670927040661937
00463,0.7073240314461239,0.34198317614070867,0.4164246916770935,0.6512287855148315,0.49604979157447815,68.8913803100586,4.7346561348585405,4.833127975463867,3.095703125,0.22204927631005364
00464,0.6660333660234082,0.3229116716217512,0.380409300327301,0.6385518908500671,0.50395667552948,68.77120971679688,6.015314563299401,8.49481201171875,3.384765625,0.5101505132714111
00465,0.8147702624171652,0.3301788875999756,0.40997838973999023,0.700724720954895,0.3046962022781372,67.49443054199219,5.775130958285019,11.166935920715332,2.509765625,0.41042733904055245
00466,0.5539925201626414,0.27248970825129765,0.27790141105651855,0.4703415632247925,0.5261293053627014,69.41959381103516,4.192982497141789,12.884087562561035,4.69921875,0.3867607408364605
00467,0.7438143758411695,0.3326018886067211,0.3532477021217346,0.5007495284080505,0.5550525784492493,72.72868347167969,5.625706954527675,14.092065811157227,3.490234375,0.5193005504676643
00468,0.5243223370610077,0.23187136332353125,0.1918516755104065,0.3545425534248352,0.5309826135635376,75.3092269897461,3.2991228185914894,16.362459182739258,4.88671875,0.4670023653027592
00469,0.8062116859449238,0.31554339149275856,0.28629112243652344,0.5085955262184143,0.6923238039016724,75.16970825195312,5.156978178301295,12.583651542663574,4.0703125,0.4927825254177945
00470,0.8289511155147398,0.46589433610246195,0.26011425256729126,0.4628724455833435,0.5566544532775879,71.1868667602539,4.28553792352629,14.148119926452637,3.48828125,0.4893556489876585
00471,0.23096464989222817,0.11423935091277891,0.38568317890167236,0.6709948182106018,0.527540922164917,64.03572082519531,6.187691005979535,13.303325653076172,3.009765625,0.6539773187962596
00472,0.8773794842127413,0.4210334194676324,0.22747516632080078,0.39278843998908997,0.5317535400390625,74.54341888427734,3.797780964308421,10.818477630615234,4.1171875,0.2968569874075178
00473,0.8825409349111221,0.34306299648993166,0.2197245955467224,0.4283868968486786,0.5612483024597168,76.65464782714844,4.220465840255003,15.110851287841797,4.31640625,0.317384216275711
00474,0.757360727070753,0.34447125472094,0.21128618717193604,0.4280281662940979,0.5386291146278381,75.74801635742188,3.381579382994839,10.748859405517578,4.91796875,0.4362747941927145
00475,0.8072372597479783,0.3986327204148986,0.21161460876464844,0.40390118956565857,0.6390082240104675,73.81678009033203,4.189258185770275,13.031464576721191,4.75390625,0.576266687471325
00476,0.8155809621153823,0.4210375136439363,0.2441481351852417,0.444842129945755,0.6139008402824402,75.10186767578125,3.0653072667686914,12.632732391357422,4.83203125,0.46225537535254785
00477,0.8191430079301611,0.3297615518190674,0.3485608696937561,0.6477104425430298,0.44852161407470703,67.00262451171875,6.128115313769339,15.030485153198242,4.1875,0.3957104900516285
00478,0.743003697060043,0.3495313349755271,0.294677734375,0.4995711147785187,0.44468775391578674,67.68926239013672,5.151119986463266,13.25774097442627,4.125,0.4622981407343193
00479,0.8924002202347531,0.43484784959286804,0.4028768539428711,0.6158324480056763,0.5239927768707275,74.19351959228516,6.33318825682095,10.12173080444336,4.31640625,0.26524351030381715
00480,0.5730416429192787,0.25977944807154224,0.3585224151611328,0.5945339202880859,0.3928435742855072,69.0388412475586,4.635708000153449,12.731853485107422,3.083984375,0.4132270113853881
00481,0.8610701562149499,0.331302717900656,0.28178632259368896,0.6456036567687988,0.5140988230705261,73.87503051757812,4.795505425747343,9.792859077453613,4.23046875,0.33501307772348443
00482,0.9555700575019931,0.68987597346409,0.2966938018798828,0.2865462899208069,0.4888615608215332,72.60581970214844,7.208235859558226,14.804850578308105,3.240234375,0.8113272157016197
00483,0.8274426795342886,0.3186036550542547,0.2765147089958191,0.5448718667030334,0.5895571708679199,73.12934875488281,4.654686599037951,12.804769515991211,4.015625,0.44018231444038314
00484,0.7721085734674201,0.3072476246117893,0.5197203159332275,0.7681167721748352,0.3734568953514099,70.24974822998047,7.855834390970281,10.479633331298828,2.9765625,0.270466853720184
00485,0.3613122416636704,0.16801109798078406,0.34492558240890503,0.5534948706626892,0.30615943670272827,66.4958724975586,4.788457185694016,10.844258308410645,4.06640625,0.32590488341398427
00486,0.581733329396717,0.2709005023618505,0.2860679626464844,0.4314620792865753,0.6275424361228943,76.11954498291016,4.077844826295639,11.907238960266113,4.32421875,0.314958197229874
00487,0.868525068319354,0.5226060246807135,0.18951314687728882,0.3105175495147705,0.5250739455223083,73.96975708007812,4.547643653944372,16.546812057495117,4.84765625,0.7521051880734554
00488,0.8414527827622833,0.471875,0.23347359895706177,0.4140785336494446,0.5492209196090698,69.3000717163086,3.3145563170872725,11.556549072265625,4.97265625,0.47222643881232756
00489,0.8547683770017094,0.41844914706888037,0.3156416416168213,0.5607618093490601,0.5559406280517578,67.3267822265625,5.077250332009668,10.447071075439453,3.615234375,0.51025947531247
00490,0.7365164791886835,0.31421557688016066,0.30555737018585205,0.615800142288208,0.4497666358947754,62.801963806152344,4.060977419588448,14.379411697387695,4.62109375,0.5294357827896987
00491,0.8768743838530587,0.4127017070513153,0.41428786516189575,0.6556769609451294,0.363864004611969,64.44198608398438,6.635596233251234,12.262221336364746,3.005859375,0.22711160116154286
00492,0.795298760386114,0.36570295860483754,0.25543487071990967,0.452609121799469,0.3731342554092407,70.53233337402344,3.9770687969850544,11.783903121948242,2.833984375,0.367803195792392
00493,0.768551894695451,0.3490213415859491,0.2560868263244629,0.5579814910888672,0.5941089987754822,70.9520034790039,3.796556697667761,13.569747924804688,4.58203125,0.5142800520202109
00494,0.7089926856137367,0.3353688727512791,0.22121936082839966,0.4948352873325348,0.5746924877166748,71.53496551513672,3.9034967948966317,14.307062149047852,4.83203125,0.5421986283952345
00495,0.757182357464238,0.3276129661655802,0.33053672313690186,0.6231534481048584,0.42712441086769104,62.17665481567383,5.220874544398261,14.385825157165527,3.69140625,0.433293392388215
00496,0.7941046909579008,0.32621596577354545,0.4232538938522339,0.7351494431495667,0.566342294216156,65.28816223144531,4.480830302328401,7.882028102874756,3.5078125,0.43156579223826846
00497,0.8351052471664335,0.33326911035113915,0.26502400636672974,0.4968305230140686,0.5695221424102783,76.38896179199219,3.83516135615123,11.712385177612305,4.87890625,0.4227319051328599
00498,0.6098743646773592,0.22929104774641385,0.2928665280342102,0.5815161466598511,0.597550630569458,70.60848999023438,5.159268274564978,11.707311630249023,4.359375,0.3408384136394961
00499,0.8317625479251424,0.3078262630353346,0.2792607545852661,0.43485578894615173,0.5584933161735535,73.53642272949219,5.616891477637901,15.680452346801758,4.37890625,0.3329607225809156
00500,0.5647606926724886,0.21185867243369466,0.38653963804244995,0.6278745532035828,0.359806090593338,67.82157135009766,5.538354022271643,11.873323440551758,3.544921875,0.18904391854610086
00501,0.4736190978150119,0.17972095593313994,0.37051308155059814,0.8696153163909912,0.2912057936191559,67.54568481445312,6.332406241529412,10.558053970336914,1.87890625,0.34639312815563655
00502,0.819635730387205,0.40064563668900666,0.2369917631149292,0.38462597131729126,0.4847266674041748,68.38687133789062,3.748365738312722,14.572806358337402,4.12109375,0.43147008574400203
00503,0.7367204297318496,0.28588304784406376,0.33822882175445557,0.6632770299911499,0.5195110440254211,70.0375747680664,5.5519206397591105,13.069700241088867,4.44140625,0.4373685232218177
00504,0.714342182599583,0.33511120056355037,0.45271724462509155,0.7897482514381409,0.316696435213089,54.93367385864258,7.230621689315923,9.448994636535645,2.79296875,0.2845774164983063
00505,0.8658713620488186,0.44299609934330714,0.2538743019104004,0.483317494392395,0.6437895894050598,75.71546936035156,7.158701536610527,12.845860481262207,4.9453125,0.6333515643846157
00506,0.8010646454237857,0.3299030992231921,0.2653399705886841,0.6378347873687744,0.4690954089164734,75.44366455078125,4.352639004533489,12.488157272338867,4.5546875,0.3665647412791282
00507,0.8430938730549846,0.3199109831129729,0.28656643629074097,0.5362417101860046,0.6090431213378906,73.66620635986328,5.159323707600471,13.801090240478516,4.2109375,0.3752098028549382
00508,0.7237282215826373,0.2812454795313178,0.2645381689071655,0.49378713965415955,0.4593704640865326,72.8336410522461,5.005208135531356,11.179093360900879,3.328125,0.31049827260253204
00509,0.6257001057707074,0.3088011088011088,0.28787940740585327,0.5303981304168701,0.5255526304244995,70.7376937866211,4.681710195834116,7.496330738067627,4.0625,0.47603728969023246
00510,0.7164249325844271,0.3482652391293369,0.32589250802993774,0.5044914484024048,0.40315377712249756,69.66792297363281,5.615785568751672,15.393433570861816,3.4296875,0.564596265834256
00511,0.9193014884129478,0.36885398072117104,0.40448254346847534,0.5910427570343018,0.4494163990020752,72.08476257324219,7.95281638092833,9.38221549987793,3.376953125,0.14567483402743409
00512,0.9052478996372195,0.354171835766532,0.31261998414993286,0.5818142890930176,0.4558635354042053,73.0179672241211,4.493416722110535,11.556909561157227,4.14453125,0.2439374688499152
00513,0.9113141740091731,0.47075684380032207,0.30959540605545044,0.4959089457988739,0.4420294463634491,72.30314636230469,5.248056159997688,9.791034698486328,4.109375,0.23318386928907184
00514,0.6758813543563017,0.3753469593742115,0.3131617307662964,0.4676642119884491,0.5621643662452698,71.67652130126953,4.792690487266073,11.839913368225098,4.77734375,0.49495503537824825
00515,0.8044133580973508,0.31407533276692157,0.3025590181350708,0.5567731261253357,0.5185022354125977,73.52957916259766,5.098113960159596,10.689647674560547,4.68359375,0.5377280328808441
00516,0.7923600983332515,0.38360053848978093,0.18403297662734985,0.28537213802337646,0.5772098302841187,73.42069244384766,3.526620140377404,14.304597854614258,4.51171875,0.6155532811868925
00517,0.7260052904824602,0.3174466542835138,0.24458223581314087,0.4993211030960083,0.3589683473110199,70.15238952636719,4.414384358692179,14.321592330932617,3.921875,0.3814806277065923
00518,0.863751250995021,0.3594767923921688,0.2889174222946167,0.4578554630279541,0.49314385652542114,73.2318115234375,5.598601787180583,13.214262008666992,3.158203125,0.5645626810874038
00519,0.7964600880874821,0.46095804275751684,0.2615392804145813,0.38565200567245483,0.49169600009918213,69.06922149658203,4.001429716072615,8.899090766906738,3.5078125,0.43504932670091145
00520,0.9253821508587556,0.3645350494277185,0.3048684597015381,0.6183872818946838,0.5158413648605347,76.26049041748047,4.089782237452419,10.404661178588867,4.6875,0.23303431369758099
00521,0.8189352448248203,0.3460322278717968,0.21111524105072021,0.4812878370285034,0.5912408828735352,72.58132934570312,4.6108462689720415,11.669721603393555,4.93359375,0.39946660706879233
00522,0.8766287386687296,0.41611099161109916,0.21390032768249512,0.4542458653450012,0.45190268754959106,72.9573974609375,4.585412724063571,14.869336128234863,4.01953125,0.5367399034842744
00523,0.8721671899588715,0.5585013146362839,0.2694375514984131,0.5564393401145935,0.41504979133605957,65.84452819824219,5.830194653787893,13.55598258972168,3.76171875,0.713433440929194
00524,0.8080214563755375,0.3052002390914525,0.30329179763793945,0.5896856784820557,0.2977193593978882,55.56352996826172,6.573562066819794,13.168176651000977,2.263671875,0.6566596688791512
00525,0.5240643972001344,0.26797261316089765,0.3837178349494934,0.6025223135948181,0.36566099524497986,72.83831024169922,4.227742472396472,9.790217399597168,2.560546875,0.42583504010130624
00526,0.7922974156764105,0.3299088114928085,0.3024846911430359,0.5758597254753113,0.5724183320999146,74.32121276855469,4.77425121705221,11.220151901245117,4.73046875,0.351714432571259
00527,0.8440097919157415,0.3768713524486171,0.2763621211051941,0.456086128950119,0.3833707571029663,72.4815444946289,5.271099898274733,13.797428131103516,3.453125,0.4996648281178829
00528,0.802755441097837,0.412543427416608,0.2227204442024231,0.33838823437690735,0.5735108852386475,75.24465942382812,3.1728836470803294,14.03199291229248,4.7890625,0.5854799861219698
00529,0.826236515222895,0.3591226068213516,0.18379336595535278,0.356635719537735,0.5233809947967529,70.92237854003906,3.0645009096358997,10.307865142822266,4.09375,0.3375496391168654
00530,0.8432781531486508,0.42263357488829645,0.1932629942893982,0.39518457651138306,0.4900372624397278,73.5412826538086,3.448438054933632,13.280223846435547,4.359375,0.4188787824324342
00531,0.5417128627808431,0.258471739615544,0.2425849437713623,0.5303575992584229,0.5155020356178284,72.26475524902344,3.685501506853667,10.67269229888916,4.98828125,0.3727189066259691
00532,0.7475087160024871,0.3075001249188028,0.33028197288513184,0.6264302134513855,0.3482857048511505,70.00139617919922,5.376733366030306,10.59029483795166,3.08203125,0.39087357259248817
00533,0.6202248590048649,0.2861477516962367,0.3540492057800293,0.5312546491622925,0.5553717017173767,68.79735565185547,5.244910424529119,13.217445373535156,4.046875,0.24973430629064866
00534,0.736674671854485,0.4002224581626978,0.3329160213470459,0.529424250125885,0.5237873792648315,71.80005645751953,6.951157791040434,11.411300659179688,3.9375,0.5918731778495261
00535,0.8796946430133968,0.38971100123168095,0.13631683588027954,0.19697415828704834,0.511777400970459,74.99080657958984,3.9274165601442967,17.43475914001465,4.734375,0.6651510465898278
00536,0.735172765381542,0.3415860440313857,0.31211352348327637,0.5786914229393005,0.47480374574661255,55.771175384521484,5.761025872689169,13.86709213256836,3.828125,0.6079147216786575
00537,0.7614483705705304,0.34248970613119745,0.35026276111602783,0.6903178095817566,0.3623425364494324,72.1373291015625,6.45575998423444,14.689823150634766,3.033203125,0.6121047012309838
00538,0.7862206560395596,0.3173781802501078,0.17638880014419556,0.35473883152008057,0.6198003888130188,76.3021240234375,3.5116699133587135,16.4771728515625,4.8828125,0.4229911881580126
00539,0.8391945239496809,0.3223002152231709,0.3498598337173462,0.550896942615509,0.4961431324481964,73.78657531738281,5.390816341144244,14.134783744812012,4.01171875,0.311328523939131
00540,0.8046062762568016,0.35735615847718816,0.21458548307418823,0.42157092690467834,0.49513596296310425,70.45928955078125,3.060993187306476,10.370678901672363,2.998046875,0.34373830906531255
00541,0.5632226504051177,0.20605339320007574,0.3233308792114258,0.40155133605003357,0.4123104214668274,65.26366424560547,5.2916239954801005,16.488983154296875,2.59765625,0.4801960387164866
00542,0.8102878092837349,0.36143846239946276,0.38811224699020386,0.5317658185958862,0.3735487461090088,66.33326721191406,4.917975734448689,13.518417358398438,3.734375,0.38177238313422873
00543,0.810896350949707,0.4862693033331004,0.2146967649459839,0.3919115662574768,0.6445847749710083,74.27935028076172,4.048485649162179,14.227595329284668,4.921875,0.5806965776718286
00544,0.8213914017367163,0.3432827706192573,0.28640061616897583,0.468305379152298,0.5526731014251709,74.11300659179688,4.510887268914825,13.690122604370117,4.4921875,0.5988122959203998
00545,0.824884521990706,0.3929700963960381,0.27282893657684326,0.4367935061454773,0.596508264541626,74.71498107910156,3.2702484671495307,9.878348350524902,4.81640625,0.44492422941246523
00546,0.8804554727089468,0.39370218559019815,0.24413609504699707,0.4651029706001282,0.43278777599334717,72.90853118896484,4.33942126607249,15.313085556030273,4.2421875,0.3876105564799063
00547,0.682536672578153,0.2552196425588776,0.3876139521598816,0.5915341973304749,0.5024642944335938,69.5160140991211,5.130353084707135,13.321552276611328,4.328125,0.2682255846101977
00548,0.5748311876878816,0.24109144941240038,0.23636901378631592,0.493682324886322,0.5834440588951111,75.55914306640625,3.3735642137057713,10.984292030334473,4.97265625,0.383430333816563
00549,0.7772313705574162,0.3945073847796429,0.24552369117736816,0.4228161871433258,0.5351570248603821,72.90776824951172,3.814057660419178,12.28609848022461,3.904296875,0.574989336445332
00550,0.84362230478542,0.37492955239818465,0.408858060836792,0.6438311338424683,0.45550328493118286,71.2248306274414,5.321855725243518,6.595825672149658,3.98828125,0.3002676576459534
00551,0.7546835156762556,0.3073722817533632,0.3638729453086853,0.5144209861755371,0.3944679796695709,72.17228698730469,5.0102338616989694,13.246809005737305,2.92578125,0.3402565445716735
00552,0.8780443679569048,0.32599392260129584,0.4141760468482971,0.8473657965660095,0.47902023792266846,69.75945281982422,8.072284492840799,11.649497985839844,3.365234375,0.13757696241145242
00553,0.8154345520014609,0.33454760528544353,0.3777851462364197,0.5326640009880066,0.45786693692207336,71.87938690185547,3.2759325263963586,9.896674156188965,3.751953125,0.20432974147477817
00554,0.7926495912335753,0.552449567723343,0.22040730714797974,0.46493637561798096,0.4627857208251953,68.61347961425781,6.558694214898931,14.759325981140137,4.59765625,0.5483083513403544
00555,0.8295765702448271,0.38160006758469206,0.2865758538246155,0.6158257722854614,0.4277130365371704,73.0508041381836,7.602873537791502,11.228931427001953,3.30859375,0.4265089419127743
00556,0.7258527181853626,0.3811449244520111,0.21584898233413696,0.3430362641811371,0.5734968185424805,70.89740753173828,3.3826471068196513,10.043888092041016,4.92578125,0.5027205120875949
00557,0.6771338039191086,0.31342720643701283,0.2808353900909424,0.4582797884941101,0.6644436120986938,75.77918243408203,3.5056264596533153,9.11273193359375,4.98828125,0.4868137602589335
00558,0.7870265469066062,0.3763989233602493,0.21778881549835205,0.4268873631954193,0.5132640600204468,68.74526977539062,3.235692951002867,16.256336212158203,4.65625,0.43785059896973
00559,0.8271417108563086,0.4082533314228399,0.21436238288879395,0.3286719024181366,0.5508222579956055,75.06290435791016,5.097213084447445,13.537312507629395,4.24609375,0.6433278785660917
00560,0.7830343960371073,0.371735572475628,0.23366904258728027,0.4522555470466614,0.5711712837219238,72.61711120605469,4.362095604093448,13.0562744140625,4.43359375,0.5325000463167767
00561,0.6743455235317618,0.34167479992192074,0.3549225330352783,0.6796953678131104,0.4635917842388153,71.36608123779297,9.894130348105872,11.29688835144043,3.380859375,0.33267873384174346
00562,0.6994452893784003,0.3078743121403861,0.3014494776725769,0.4542992413043976,0.5721215605735779,71.53923797607422,4.123218422473805,12.897127151489258,4.84765625,0.3257065678183637
00563,0.8884870282833943,0.34901584253480555,0.32230448722839355,0.4565340280532837,0.5504041910171509,72.64187622070312,3.7707018942271553,10.947908401489258,4.8984375,0.16458146988521236
00564,0.6690356638181735,0.3545389563974267,0.31020569801330566,0.5822105407714844,0.4669274687767029,66.41754150390625,6.593572085617015,12.0604887008667,3.935546875,0.31501627225925016
00565,0.8615635977922134,0.3819064293787815,0.1984546184539795,0.3207840621471405,0.44638723134994507,71.1357421875,2.8034859090763415,14.31416130065918,4.0,0.4071235405652757
00566,0.9048275560718952,0.3598836281066506,0.22116827964782715,0.4498475193977356,0.5400659441947937,72.43914031982422,3.845431469641188,14.276312828063965,4.46875,0.36109731320351035
00567,0.7551304556049274,0.4580550209441866,0.26584821939468384,0.5163598656654358,0.3991607427597046,68.18128967285156,4.341864751173857,12.80923843383789,4.07421875,0.4497697039996223
00568,0.7843077585543448,0.29305875705201223,0.33243328332901,0.6026637554168701,0.4977542459964752,75.12663269042969,5.692698160313237,14.968422889709473,4.1953125,0.2234657392425829
00569,0.7427949851432912,0.350417439703154,0.2912333607673645,0.6514654159545898,0.3558686077594757,70.60091400146484,2.567776107792559,11.437506675720215,4.9140625,0.47600302386349264
00570,0.8198559630333093,0.339086879752081,0.2634619474411011,0.5120015144348145,0.6031507253646851,74.62733459472656,3.615676162531088,8.001771926879883,4.95703125,0.4497819692443149
00571,0.8346610711941226,0.3750352370750409,0.23352700471878052,0.4370536804199219,0.5104204416275024,70.56979370117188,3.4962639798775177,8.593439102172852,3.91796875,0.43627936348381613
00572,0.6313594637603561,0.2425432208219872,0.30193543434143066,0.6570301651954651,0.47861313819885254,72.41891479492188,3.984615838807437,9.735702514648438,4.8828125,0.27519768831455677
00573,0.45576424401095567,0.1595578224380728,0.24609225988388062,0.4329451024532318,0.48439812660217285,75.26145935058594,5.553515886921703,15.150165557861328,4.80859375,0.3471434598104047
00574,0.6917159036566469,0.3135181480422978,0.29552018642425537,0.5015057921409607,0.5396420359611511,65.14378356933594,6.985218815226122,11.924959182739258,3.962890625,0.6584580153933715
00575,0.6956528678038694,0.31518300948938094,0.17179584503173828,0.38914957642555237,0.47137704491615295,75.6983871459961,3.7390007714172606,12.72769832611084,4.625,0.5931718439907092
00576,0.8180281163877999,0.3506971782693724,0.35840272903442383,0.6837034821510315,0.25511136651039124,72.06953430175781,6.557351283187533,10.117024421691895,3.4140625,0.25182269883732056
00577,0.8512202260747231,0.4111522623086685,0.3488263487815857,0.4808759093284607,0.40991151332855225,72.01347351074219,3.389982569414456,11.181625366210938,3.66796875,0.31572890392382524
00578,0.7525045906119033,0.35902891962472194,0.19378280639648438,0.2982776165008545,0.5868465304374695,72.9088134765625,4.527731209218823,13.44046401977539,4.9765625,0.6303794601671655
00579,0.8402466954071944,0.33814207650273226,0.343980610370636,0.5176249146461487,0.5227644443511963,73.45761108398438,5.249405599405418,16.50531578063965,4.1953125,0.3307727147978406
00580,0.7980077456259785,0.38683757413430264,0.27595800161361694,0.5880889892578125,0.49771857261657715,73.95198822021484,3.6161054074963754,9.992010116577148,4.765625,0.4916731880274282
00581,0.5607376444207958,0.36359246740704976,0.23980110883712769,0.4918636083602905,0.44393137097358704,66.83480834960938,4.7391640944708815,15.247050285339355,4.00390625,0.7398743734171074
00582,0.47025937440813775,0.1934691011235955,0.3081212639808655,0.6022668480873108,0.4652547538280487,69.99127197265625,5.687623869968012,11.092109680175781,3.6953125,0.25972534466396613
00583,0.8729777772367623,0.4603766134406081,0.23218441009521484,0.40972328186035156,0.5926417708396912,74.14010620117188,3.40939670414081,11.311742782592773,4.84765625,0.4851918663149496
00584,0.8806705069312832,0.42422274183770675,0.270444393157959,0.41012680530548096,0.5175321698188782,70.84672546386719,4.118416150309316,11.323978424072266,4.76171875,0.44717118908238
00585,0.3903195413402,0.14128566517703678,0.3851187229156494,0.6783249974250793,0.46304988861083984,72.030517578125,6.360639837951774,10.665294647216797,1.7763671875,0.45557041588124236
00586,0.834878820683489,0.35882535736482285,0.28675156831741333,0.47909364104270935,0.49289193749427795,72.84041595458984,4.594077713377925,13.383488655090332,3.498046875,0.45348795421251215
00587,0.8600249145427346,0.42188650145466017,0.2714810371398926,0.4704659879207611,0.4675660729408264,72.15682220458984,4.314140181287809,12.603672981262207,4.0078125,0.3971727454972726
00588,0.8225514095107329,0.36776488424981046,0.2978096008300781,0.38458630442619324,0.6181696653366089,72.13411712646484,4.320388126116665,13.186473846435547,3.958984375,0.2311298272397633
00589,0.9121238932085061,0.3569906309059472,0.25792646408081055,0.5054439902305603,0.565093994140625,75.26126861572266,4.72211549832853,12.963566780090332,4.80859375,0.36810515876158895
00590,0.9056261761008325,0.4416162901686287,0.27863210439682007,0.5050685405731201,0.464811772108078,74.8705062866211,3.928217243256212,10.481915473937988,3.56640625,0.429631877302073
00591,0.624291933204836,0.30156652069883977,0.4129830002784729,0.6158250570297241,0.308176726102829,65.21089935302734,5.597693226584923,11.953922271728516,3.072265625,0.3158378483394439
00592,0.7540864031865869,0.38704467970572404,0.22150081396102905,0.4906613230705261,0.5497280955314636,68.62455749511719,4.4344224967000745,15.652311325073242,4.95703125,0.4653377575072687
00593,0.8242415488029887,0.40692545213939124,0.23792672157287598,0.3152104914188385,0.5198298096656799,71.22821807861328,5.174601807351679,16.832902908325195,3.892578125,0.7674579436334662
00594,0.4241392237458663,0.17098831911192114,0.23201322555541992,0.4017825126647949,0.5534800887107849,71.8603744506836,6.207503654818727,16.028783798217773,4.578125,0.6682563747692432
00595,0.49236467006897056,0.17986376153437364,0.3639182448387146,0.7010579705238342,0.4782285690307617,68.45457458496094,6.577939457697015,8.460095405578613,3.353515625,0.23054704175626073
00596,0.8787760438841851,0.38897117907312206,0.25240373611450195,0.44151031970977783,0.5242025852203369,74.98052978515625,3.591934819551654,11.803741455078125,4.6015625,0.3228317402363945
00597,0.7329386264988281,0.2862250148962678,0.310525119304657,0.6213870644569397,0.5706787705421448,73.08858489990234,5.424094162818759,13.119464874267578,4.5546875,0.5971553865424288
00598,0.7130560350781904,0.2948860394582745,0.2947731018066406,0.4976649880409241,0.5631004571914673,70.21331787109375,4.204728323641576,15.129290580749512,4.57421875,0.5395327109910563
00599,0.518719646762088,0.24004731222958883,0.3425905704498291,0.5308528542518616,0.5452721118927002,72.54667663574219,3.280980573150243,8.593472480773926,4.421875,0.46278747480956806
00600,0.5364411797176307,0.2628100964142563,0.2497536540031433,0.3426873981952667,0.6040478348731995,73.22382354736328,3.6242456704853296,14.823142051696777,4.8125,0.5739227369813971
00601,0.898591162383266,0.5238800009396951,0.19215160608291626,0.3892488181591034,0.5772832036018372,75.07447052001953,2.7046230779203797,10.471195220947266,4.74609375,0.4510128658002634
00602,0.7820047977720419,0.40360096134262086,0.2137724757194519,0.4506883919239044,0.45705994963645935,72.64127349853516,3.2582803390431976,14.033394813537598,4.23046875,0.5144874783268306
00603,0.8482651214775759,0.3550332563669573,0.29676949977874756,0.5652417540550232,0.4718323349952698,71.52169799804688,3.5525373937762312,5.978702545166016,4.21484375,0.24016737438379365
00604,0.7372849176220226,0.30593135796419135,0.5828429460525513,0.6707231402397156,0.26257452368736267,67.15386962890625,7.278593685251802,11.791916847229004,2.08203125,0.3334798607361658
00605,0.6787358173995205,0.39269753732052864,0.2639450430870056,0.5140196681022644,0.42177608609199524,70.74591827392578,5.817646568466422,12.177437782287598,4.390625,0.5859502425150608
00606,0.7743003728676938,0.36576995461087125,0.36058080196380615,0.6062272191047668,0.33365628123283386,63.35166931152344,5.822969777897199,11.853696823120117,2.564453125,0.48084690241954003
00607,0.8596787222925674,0.4398908072464282,0.26308512687683105,0.4372793436050415,0.5359641313552856,73.50515747070312,3.793662575563134,11.964158058166504,2.564453125,0.5437912957668755
00608,0.825383400231679,0.38146890784135135,0.21761757135391235,0.4026585817337036,0.4939051568508148,74.66693878173828,3.6732624205280344,11.599931716918945,4.86328125,0.5718604737161592
00609,0.5227110261894624,0.20916620651573717,0.2443234920501709,0.42523193359375,0.6080983877182007,70.90057373046875,4.711912191994002,16.66744041442871,4.62109375,0.502704380064634
00610,0.8542934667920237,0.3354900360335251,0.4169390797615051,0.6561487317085266,0.45953261852264404,68.88349151611328,8.758660293368296,11.245611190795898,2.216796875,0.25029454574479376
00611,0.8517913163895382,0.3909449586702471,0.18986493349075317,0.36772987246513367,0.579811155796051,74.27791595458984,3.8745562348941496,9.990121841430664,4.91796875,0.4377765042074323
00612,0.8008713213281272,0.4151291512915129,0.21432578563690186,0.3665616810321808,0.5543659329414368,71.96823120117188,4.418213857557553,12.636138916015625,4.19140625,0.5587666559067525
00613,0.8451086209549874,0.4730031085281795,0.25687074661254883,0.4345032572746277,0.604990541934967,74.12922668457031,3.6068726667121465,9.646400451660156,4.890625,0.4230543562352994
00614,0.7660671106632309,0.33840723582616367,0.33466339111328125,0.5333600640296936,0.6213396787643433,74.10716247558594,5.8038283581147905,5.999593734741211,4.9921875,0.29667902626163667
00615,0.6585917048872423,0.25501300202253685,0.44021666049957275,0.8852065205574036,0.38675978779792786,70.6240463256836,6.312064831240352,12.27826976776123,1.4208984375,0.4425901755610605
00616,0.6766426193347321,0.29058220967910525,0.29635852575302124,0.7035756707191467,0.547762930393219,76.3113784790039,3.995451463376837,12.384187698364258,4.80859375,0.5813954288500451
00617,0.8371528116252108,0.38733397370077177,0.18725383281707764,0.38083750009536743,0.329492449760437,73.02227783203125,2.250187474688766,12.942028999328613,4.140625,0.4929202141547602
00618,0.7257565750072724,0.27916694084358756,0.236852765083313,0.46547386050224304,0.40077850222587585,74.62820434570312,3.6326079819316104,13.087058067321777,4.29296875,0.4415827815340413
00619,0.8835931211659864,0.47292902238377654,0.22205865383148193,0.41562244296073914,0.5502044558525085,67.7263412475586,5.763128380130417,14.251513481140137,3.86328125,0.8375979021466994
00620,0.8895482495754048,0.4735439080988819,0.20049649477005005,0.3367285430431366,0.5857242941856384,70.96746063232422,3.7045955808495346,11.656356811523438,4.6171875,0.5910012605479309
00621,0.5987311890066804,0.2787037995651724,0.28258323669433594,0.38933444023132324,0.6581017971038818,75.35859680175781,5.751464960806397,11.31343936920166,4.9921875,0.5586042517057564
00622,0.5914170045192528,0.24075723830734966,0.30614352226257324,0.48866721987724304,0.56889408826828,75.76509857177734,4.1412467969837765,12.9516019821167,4.984375,0.5206262166088436
00623,0.732442433192959,0.3252226808603085,0.2241613268852234,0.4521793723106384,0.526961088180542,68.67938995361328,3.88855978871301,9.559966087341309,3.51953125,0.3427222619174751
00624,0.8442227400371786,0.45482286394760346,0.2044711709022522,0.39018863439559937,0.47646066546440125,70.02899169921875,4.0014033775065405,11.20670223236084,3.818359375,0.4677626358861037
00625,0.8072222769832453,0.39531216178607875,0.196183979511261,0.3102155029773712,0.644632875919342,74.8193359375,3.2905928174752934,13.650262832641602,4.9609375,0.6279013199427211
00626,0.8107720537824489,0.338943077594992,0.2192869782447815,0.44429880380630493,0.5607259273529053,73.35678100585938,4.758613944303816,15.53384780883789,4.2578125,0.40525297142896693
00627,0.773094937507218,0.30444083169333447,0.27035099267959595,0.5481002330780029,0.4276902377605438,74.28668212890625,3.360291298845939,13.998442649841309,4.47265625,0.3636590486752075
00628,0.9125424926898623,0.4701710892344946,0.21270722150802612,0.27357324957847595,0.6219505071640015,77.35408020019531,4.740275432982283,14.105644226074219,4.28125,0.6104130753772605
00629,0.8411027578543281,0.39010496334194844,0.3073793053627014,0.5596355199813843,0.4911167025566101,71.06031799316406,6.292347688121797,14.084162712097168,3.51171875,0.6012135081232604
00630,0.745708344502654,0.3007256894049347,0.4245455861091614,0.6857951283454895,0.33731815218925476,66.156005859375,6.135915337672535,11.308502197265625,2.798828125,0.2871680520433457
00631,0.5056028626116973,0.24450443501735442,0.2159569263458252,0.3533954918384552,0.678015947341919,75.43568420410156,6.099063435773339,14.815439224243164,4.9921875,0.568250248435199
00632,0.7802945807969248,0.3148254809353761,0.3031882643699646,0.44563716650009155,0.6031026840209961,73.90789794921875,4.082551180731482,10.988285064697266,4.29296875,0.3859397276939997
00633,0.7762339834392561,0.35200756779482867,0.2677267789840698,0.5079725980758667,0.4735625386238098,73.39273071289062,3.7796571884175494,14.193063735961914,4.328125,0.5900895425656126
00634,0.8953594758392242,0.346659236414988,0.3029414415359497,0.402205228805542,0.5850629210472107,73.43901824951172,5.083436687879031,9.756189346313477,4.71875,0.11175228415246971
00635,0.6493667531446387,0.29666711766562937,0.26475322246551514,0.6013633012771606,0.5951219201087952,74.61934661865234,3.3625999187507456,10.869651794433594,4.9296875,0.35113637387036256
00636,0.7688985630212773,0.3179456349035943,0.23272424936294556,0.3265008330345154,0.7145803570747375,74.825927734375,4.402178334584073,15.95291519165039,4.94921875,0.6887731346294266
00637,0.8268523397105576,0.3959759675841833,0.3363630175590515,0.4917108416557312,0.4716315269470215,67.33747100830078,5.7649441373106365,15.379297256469727,4.8359375,0.5388008623746885
00638,0.8509985290758189,0.42665834693289817,0.14238327741622925,0.32570987939834595,0.5619200468063354,74.22482299804688,3.069822143471473,9.878379821777344,4.92578125,0.48858437297014135
00639,0.7536425127329338,0.3189363722697056,0.2729763984680176,0.37685680389404297,0.5107141733169556,73.82134246826172,4.797656292676468,9.994240760803223,4.95703125,0.6444785703670958
00640,0.8088080354676411,0.3479838433627713,0.30580925941467285,0.5464546084403992,0.5461227297782898,72.51895141601562,3.9108101211700044,7.396693229675293,4.76171875,0.3227075156221657
00641,0.8439745254487148,0.44282768917221604,0.20595717430114746,0.2610836923122406,0.5719851851463318,73.73789978027344,3.22567559917991,12.565128326416016,4.73828125,0.6052115834711517
00642,0.8053758153298787,0.3323650851947069,0.3057374954223633,0.634089469909668,0.3817582130432129,72.25487518310547,4.788138605697866,9.608899116516113,3.970703125,0.24814883237746374
00643,0.9244083447129234,0.35812606694470256,0.28175753355026245,0.5097082853317261,0.5564993619918823,73.54421997070312,5.979563497759868,9.695812225341797,4.125,0.3864640638812893
00644,0.6237391327598264,0.3136424328928588,0.3722496032714844,0.6314049363136292,0.42172619700431824,66.36631774902344,4.275874366900533,10.849821090698242,3.701171875,0.2197496774909452
00645,0.3004060172400028,0.15732115677321157,0.3038176894187927,0.5681933760643005,0.512611985206604,70.47757720947266,6.296138825916313,12.525566101074219,3.986328125,0.4959669516820791
00646,0.805792032621367,0.33240677966101695,0.3930644989013672,0.638174831867218,0.2783967852592468,63.49987030029297,5.789708735274992,10.302433967590332,2.111328125,0.3675599886428224
00647,0.7610520818003196,0.40760890535169964,0.3506130576133728,0.6559380292892456,0.2594594955444336,62.72928237915039,6.252579284988163,9.814083099365234,2.654296875,0.34443125561675386
00648,0.6850535911706463,0.3331545325986249,0.3103739619255066,0.5805200338363647,0.5223541855812073,74.01509094238281,4.183858606400897,9.865325927734375,4.9453125,0.44598102033553955
00649,0.8680886052230448,0.3594805805276456,0.25903069972991943,0.5492729544639587,0.5364612936973572,71.57185363769531,4.056543777183718,13.677960395812988,4.48828125,0.522407644183929
00650,0.8033566055735186,0.46285131249420275,0.23160851001739502,0.4931449890136719,0.6574504971504211,74.4393539428711,4.159687907188084,6.795966625213623,4.9375,0.5623216723765513
00651,0.9024210708028068,0.36724739088482006,0.3234326243400574,0.5689839124679565,0.6283689141273499,72.56991577148438,11.597965325051737,14.047318458557129,4.09375,0.22254713589989905
00652,0.8108247550916201,0.36560297321542995,0.277532160282135,0.5942637324333191,0.3980017304420471,69.38575744628906,4.692263441515636,11.323606491088867,4.2890625,0.460810941226801
00653,0.6494691737811196,0.31390573049090553,0.38434845209121704,0.7344433069229126,0.4678475856781006,70.60716247558594,5.25717561507592,11.339637756347656,3.783203125,0.5591304723507806
00654,0.5980386702042091,0.272490712991045,0.30106693506240845,0.4995877146720886,0.28246575593948364,71.12390899658203,5.349677271462569,12.808857917785645,3.34765625,0.30541991909752136
00655,0.9067094369023051,0.4070573576001803,0.2762652039527893,0.4830063581466675,0.4543917179107666,74.78901672363281,4.895469933865562,14.588074684143066,3.814453125,0.4976509300026202
00656,0.6344133221095012,0.29289940828402367,0.2498706579208374,0.43563616275787354,0.5544655323028564,75.67556762695312,4.934781346881677,11.67227840423584,4.96875,0.5654342777609015
00657,0.8921108569606668,0.5327561730549931,0.24521559476852417,0.4775918424129486,0.5552807450294495,74.94971466064453,3.40100334358988,11.233386039733887,3.408203125,0.5674490847470981
00658,0.8579383886753903,0.3344195977076076,0.3371940851211548,0.49424922466278076,0.3745037913322449,68.76834106445312,5.981591017712312,12.657562255859375,2.578125,0.3010771700917371
00659,0.8280283920555965,0.32903373633631205,0.3494073748588562,0.5570584535598755,0.33466193079948425,73.24867248535156,5.356717712623762,13.93953800201416,2.611328125,0.375844763747966
00660,0.6638332789771341,0.23849979278905925,0.38648515939712524,0.5671156644821167,0.5881735682487488,72.36500549316406,4.512078115632174,13.095026016235352,3.974609375,0.30735998358955546
00661,0.7780554168215253,0.2880948408687204,0.3205888271331787,0.6288893222808838,0.4755185842514038,70.66641998291016,5.345030537268333,14.441614151000977,3.994140625,0.2556331653439112
00662,0.7212393495777079,0.30068542568542567,0.32670754194259644,0.6399962306022644,0.3807128369808197,72.12429809570312,7.190519262977829,13.124364852905273,3.818359375,0.35984967931181255
00663,0.8834259765518577,0.5304172951231775,0.241599440574646,0.34340184926986694,0.5427424907684326,75.7282485961914,7.381464867758423,16.657005310058594,4.4140625,0.7919952900465584
00664,0.6545189212218118,0.2858870010147024,0.3305100202560425,0.5475578904151917,0.41391488909721375,74.23311614990234,5.878406386207962,11.162569046020508,4.015625,0.358755457743805
00665,0.6455737326508421,0.3258184669672613,0.21525347232818604,0.4972077012062073,0.5646963119506836,69.24537658691406,5.1099087959916,17.573110580444336,4.18359375,0.6246864367707929
00666,0.642687594353519,0.26137388838767883,0.3826062083244324,0.5973378419876099,0.30660077929496765,66.42716979980469,6.005846968379752,14.694046020507812,3.6875,0.2738257059367952
00667,0.7509999304906302,0.35571177504393675,0.30873918533325195,0.5265986323356628,0.43832194805145264,74.02232360839844,4.575703931589828,10.285497665405273,3.572265625,0.5055009833496523
00668,0.8164970482016858,0.3718770438194899,0.28813648223876953,0.5744051337242126,0.538598358631134,71.17162322998047,5.982269057300635,6.230078220367432,4.58203125,0.4137802750519516
00669,0.8923111451687967,0.4269708491761724,0.31455111503601074,0.5201631784439087,0.5884626507759094,70.30018615722656,5.879033261569,9.635283470153809,4.6640625,0.4293001619425212
00670,0.8291611862357724,0.33081960958860557,0.31977754831314087,0.5066743493080139,0.6075121760368347,75.1256103515625,3.491564119852559,11.302756309509277,4.75,0.31452107916568867
00671,0.8711753178563812,0.3573415942403121,0.24773508310317993,0.2562493681907654,0.5005344748497009,73.82955169677734,4.331729794894921,15.514969825744629,2.630859375,0.7874540395794049
00672,0.6907963504993813,0.3034660026507089,0.24152696132659912,0.47442761063575745,0.5667136311531067,72.44934844970703,4.693030849817254,17.006057739257812,4.83203125,0.46753070134132296
00673,0.54790694743465,0.2447646117155085,0.22121679782867432,0.43157997727394104,0.5634248852729797,69.73335266113281,4.102840686315936,12.86916732788086,4.63671875,0.48902360827348546
00674,0.731105653834692,0.27245808614908434,0.3952518701553345,0.7101256847381592,0.41361719369888306,69.46929168701172,4.798052639212866,11.088295936584473,3.19140625,0.21123407458439775
00675,0.5850107618731923,0.2938285090114691,0.3813304901123047,0.6839452981948853,0.5340136289596558,73.33798217773438,4.492787374685827,8.451396942138672,4.26171875,0.3250430528014461
00676,0.8362074630072461,0.3601889763779528,0.25142747163772583,0.5202000737190247,0.6259675025939941,75.70247650146484,4.088640851479355,7.218358039855957,4.73828125,0.1403651934394745
00677,0.9676266049066323,0.661987041036717,0.293567419052124,0.535490870475769,0.5005053281784058,67.55516052246094,7.157506663951065,7.448972702026367,4.71875,0.3291825764627859
00678,0.762498874853264,0.33864327904063,0.24046486616134644,0.3872140944004059,0.5382782816886902,73.8456802368164,4.208369966273885,11.960823059082031,4.4765625,0.558814244748099
00679,0.7634423224880476,0.33008332535197776,0.36747556924819946,0.561430811882019,0.32162293791770935,70.81444549560547,5.832560377019592,13.241619110107422,1.91796875,0.4088039266825492
00680,0.9042422631407031,0.34367624048585144,0.43654680252075195,0.7758688926696777,0.4832908809185028,72.52485656738281,8.455911446480888,11.570281028747559,3.34765625,0.132404464791286
00681,0.7433489727725799,0.3405514388206646,0.2306799292564392,0.435485303401947,0.5029791593551636,74.86347198486328,3.3857885660498077,13.597994804382324,4.34765625,0.4718411227048895
00682,0.8095907310827203,0.32345726331927943,0.20087897777557373,0.5429359674453735,0.5331652760505676,74.13858032226562,4.350763291171085,15.625293731689453,4.34765625,0.436276874979734
00683,0.7581969042643802,0.38839285714285715,0.17338335514068604,0.30223673582077026,0.6078768372535706,74.77754211425781,3.9421547547437807,14.259072303771973,4.88671875,0.4834139624777488
00684,0.8565269368239441,0.4151832353483418,0.1906358003616333,0.46431639790534973,0.556147575378418,75.18710327148438,3.751258942045305,11.739840507507324,4.98046875,0.5008404510846088
00685,0.8375427283279144,0.34860361371689624,0.18707555532455444,0.3393014669418335,0.34814274311065674,67.88063049316406,3.1308159591875264,13.610517501831055,3.896484375,0.3753142628048319
00686,0.6508501828546023,0.27520240739413915,0.3408639430999756,0.657737135887146,0.5250876545906067,73.1708984375,4.124875894658165,10.471529960632324,4.421875,0.3405735511514393
00687,0.8930125942775059,0.39147989652087717,0.2593674063682556,0.4266088008880615,0.35432153940200806,72.54592895507812,4.272431169386531,12.313230514526367,3.88671875,0.34741425777762397
00688,0.8066079788492149,0.4795599389342574,0.2648082971572876,0.4641149342060089,0.5677818655967712,74.49044799804688,3.6278808074978266,11.260919570922852,4.07421875,0.46451780059238
00689,0.7714734598798115,0.3346260938743039,0.31391823291778564,0.5953522324562073,0.4154491722583771,73.53795623779297,4.413327868668487,11.522913932800293,4.0859375,0.3117467862642677
00690,0.8048968913974347,0.37781996872905965,0.37196987867355347,0.46385690569877625,0.4517754018306732,59.610294342041016,6.319854166636104,16.41584587097168,3.1171875,0.3973205834849235
00691,0.6955177372853266,0.31259399984168446,0.26368486881256104,0.5087597966194153,0.5915479063987732,73.36141967773438,3.944777029989768,10.870206832885742,4.98046875,0.46534650200704225
00692,0.8872411883948956,0.5265706051873199,0.22719603776931763,0.38561591506004333,0.6298132538795471,73.6278305053711,4.697394698330121,11.141142845153809,4.859375,0.4071486986927295
00693,0.8066530260020063,0.38843632455668997,0.21231365203857422,0.3641616702079773,0.647124707698822,75.54640197753906,4.41410908804815,12.176578521728516,4.92578125,0.5250359127553407
00694,0.7345599958813228,0.32323328948941765,0.2530246376991272,0.41712790727615356,0.4286012053489685,68.90682220458984,4.040663661838525,13.357596397399902,4.66796875,0.4409168187718298
00695,0.7690999329192548,0.3213249194557606,0.2521944046020508,0.455409437417984,0.6065883040428162,70.80929565429688,5.506824269214556,17.093156814575195,4.5703125,0.5185255308998504
00696,0.732861329997704,0.33465153304915,0.2818475365638733,0.5270056128501892,0.613423764705658,68.57452392578125,3.663205351781323,15.481082916259766,4.96484375,0.5744654526379218
00697,0.860057894219371,0.4183561976447736,0.17296767234802246,0.48063239455223083,0.4601346254348755,73.77578735351562,4.819437172597366,15.84740161895752,4.8828125,0.6408015008014576
00698,0.7891953592154896,0.3174233842574167,0.32409441471099854,0.6538554430007935,0.5802322030067444,71.97443389892578,5.832420026964669,12.561065673828125,4.06640625,0.5276416643685413
00699,0.5946349838215296,0.24843224092116917,0.29861980676651,0.5114760398864746,0.5039476752281189,72.90802764892578,5.789608746788451,13.742355346679688,3.95703125,0.45150131742519617
00700,0.8319312628430625,0.32225441425681955,0.3477431535720825,0.5376664996147156,0.3653315603733063,68.77457427978516,5.195599703333308,13.237591743469238,2.357421875,0.3839644419412424
00701,0.8271025648472319,0.3457208570390994,0.27539294958114624,0.43074268102645874,0.40597325563430786,73.45587158203125,3.7800726732256815,11.982500076293945,3.90625,0.3501279667371714
00702,0.8488543417851877,0.32817764467125093,0.3237605094909668,0.5704312324523926,0.48218318819999695,71.62088012695312,7.276981001854877,11.750258445739746,3.9765625,0.19521658243794465
00703,0.5924378331068179,0.2799933001385653,0.3324413299560547,0.5256381630897522,0.35184213519096375,71.81965637207031,4.093307565014502,11.184391021728516,3.677734375,0.3118639135216585
00704,0.8467826548627819,0.38660989372382043,0.30670416355133057,0.37741097807884216,0.5638604760169983,73.70988464355469,4.76421392209126,12.555976867675781,4.68359375,0.5781074101652404
00705,0.7771005806631549,0.4634974533106961,0.25091177225112915,0.522404134273529,0.46980971097946167,68.5055160522461,5.817135860309862,16.233257293701172,4.046875,0.633219758819994
00706,0.8793973353765417,0.3954471544715447,0.17151325941085815,0.34439602494239807,0.3975432813167572,74.20858764648438,3.307907793838044,13.880119323730469,4.1953125,0.4576639813912901
00707,0.8439578636118896,0.3980627306273063,0.19294339418411255,0.4287719428539276,0.6222169399261475,74.01661682128906,4.51266695330037,10.520710945129395,4.75390625,0.4359008385505398
00708,0.7463436706255226,0.36582353257075345,0.3112748861312866,0.5323335528373718,0.46183836460113525,68.8209228515625,3.449299139768357,12.939791679382324,4.6015625,0.4029552810045694
00709,0.7563477985525665,0.3105850023780585,0.41408103704452515,0.6737167239189148,0.38603919744491577,69.66452026367188,7.926873937654113,10.990790367126465,2.47265625,0.17240899816977576
00710,0.7585277248319082,0.3163163163163163,0.23433232307434082,0.6453908085823059,0.5637909770011902,73.30410766601562,4.262154645974873,10.978341102600098,4.84765625,0.3985710526987182
00711,0.7230539054440432,0.29059597260831244,0.40212559700012207,0.7976636290550232,0.45172977447509766,67.28841400146484,5.642703606804432,13.298891067504883,3.52734375,0.45234648737979
00712,0.8480020646572913,0.4039070117518261,0.4333808422088623,0.7003248929977417,0.41426214575767517,73.20357513427734,6.653925706738093,8.430338859558105,2.890625,0.23829299397588408
00713,0.8609295181280227,0.4046208530805687,0.3301180601119995,0.637816309928894,0.5573698878288269,76.00934600830078,5.188585934575091,5.611577987670898,4.1015625,0.5202263337118824
00714,0.9266287310430313,0.6020646586515995,0.3133656978607178,0.5164260864257812,0.5601328015327454,76.22555541992188,6.2399815027668835,5.323625087738037,4.90234375,0.24506255744977457
00715,0.5140069959837618,0.19009028848271306,0.39937496185302734,0.7208777666091919,0.44547635316848755,74.55231475830078,3.9360907325131347,9.057901382446289,3.81640625,0.15527230586283636
00716,0.8203987411790107,0.37676783238329997,0.33751726150512695,0.4932937026023865,0.6211171746253967,72.41093444824219,3.927583944595774,7.078621864318848,3.234375,0.2762509435607407
00717,0.6057921476725585,0.237223458865216,0.3883911371231079,0.6661503314971924,0.3916841745376587,63.64401626586914,9.456386675894725,11.917633056640625,1.5830078125,0.17654091687811324
00718,0.8573560298954369,0.4848653667595172,0.23846614360809326,0.3796520233154297,0.5814653635025024,70.55899047851562,6.0550308971449525,10.25757884979248,4.46875,0.7125301325684276
00719,0.7567069210977967,0.31729614922892235,0.2248956561088562,0.5023750066757202,0.38535448908805847,74.26990509033203,2.9157952550568846,11.300348281860352,4.37890625,0.2766490877898362
00720,0.8062080209886334,0.4379736737136019,0.2952520251274109,0.6584739089012146,0.36525845527648926,69.19503784179688,5.705914019383947,10.22852897644043,3.2734375,0.5194640374363155
00721,0.8173842501986598,0.36397808358817535,0.3108983635902405,0.49701887369155884,0.3969646394252777,66.8530502319336,3.9848244039891663,6.98759651184082,3.671875,0.2290329531660738
00722,0.7623655524290401,0.2976468868751827,0.31982606649398804,0.6001906991004944,0.45115360617637634,68.32601928710938,4.676623086613753,16.421077728271484,3.931640625,0.3263879643084704
00723,0.7083105505536174,0.34510811389424106,0.21778202056884766,0.44421884417533875,0.5667870044708252,75.26895141601562,3.67914294713172,16.314998626708984,4.66015625,0.627319116704439
00724,0.807734317419541,0.3077861819106337,0.3700885772705078,0.7139689326286316,0.4423404335975647,70.1483154296875,5.643801364165946,9.229805946350098,3.357421875,0.25621850760491544
00725,0.7674503682682611,0.33596387828901364,0.2982810139656067,0.5830599069595337,0.4799025058746338,73.23042297363281,4.469269720766514,8.515185356140137,3.982421875,0.2926711966589765
00726,0.8700534713701664,0.36749615187275525,0.23238438367843628,0.49082377552986145,0.5192000269889832,75.34664916992188,5.100942002894433,11.597173690795898,4.60546875,0.4683534426701862
00727,0.8415972164877789,0.4139608797159169,0.17305827140808105,0.347010999917984,0.3654954135417938,69.32300567626953,2.8664840242288117,14.69027328491211,3.265625,0.5377274156013514
00728,0.8059181349722284,0.4183130570334474,0.4524751901626587,0.6234213709831238,0.449042946100235,71.2567138671875,4.925180132752566,10.944408416748047,2.8125,0.4242931898924565
00729,0.8963949100610005,0.35479600433265135,0.2575181722640991,0.4034665822982788,0.6224849820137024,76.79147338867188,3.711181139937436,12.166170120239258,4.71875,0.6498662896842338
00730,0.8347245440039217,0.42156838361479343,0.2453346848487854,0.40137508511543274,0.6596314311027527,74.46979522705078,3.465662224143095,11.778989791870117,4.80078125,0.4822718588242631
00731,0.8929877982202166,0.37520565609853707,0.21710103750228882,0.33006012439727783,0.46469151973724365,73.76443481445312,3.860872375299492,14.851198196411133,4.22265625,0.5914120010484637
00732,0.7801525730660799,0.4195506068813321,0.2118855118751526,0.28569459915161133,0.4922168254852295,75.1967544555664,3.6600275938501357,15.54320240020752,4.4609375,0.615831286609865
00733,0.8510489258047389,0.3935138069068458,0.32132548093795776,0.615078866481781,0.45357969403266907,71.19774627685547,3.1173019539983535,10.637958526611328,4.4375,0.4425663158724418
00734,0.8816906503455413,0.404339605654092,0.2602957487106323,0.47180745005607605,0.4351973235607147,72.67335510253906,6.646376247320866,10.158101081848145,3.509765625,0.6068648742792391
00735,0.8354156288622515,0.3249221132986445,0.26431703567504883,0.4829900860786438,0.5820071697235107,75.6478500366211,3.608549370957769,13.045477867126465,4.64453125,0.4508234091456896
00736,0.837578614639785,0.45671962926183385,0.28748470544815063,0.4125380516052246,0.5250499248504639,74.04158782958984,4.7447439840018895,11.247636795043945,3.3828125,0.5084156573318974
00737,0.8562097553394608,0.38359054738365084,0.2000303864479065,0.38265833258628845,0.4974699914455414,69.5353012084961,5.309765184387622,16.624996185302734,3.9375,0.6045542045987996
00738,0.7681858627634088,0.32953306602117555,0.30278629064559937,0.40167874097824097,0.45443952083587646,65.45830535888672,4.084489673242952,17.411834716796875,4.41796875,0.368618639877561
00739,0.7131606887883727,0.3842653574422225,0.28364837169647217,0.5887606143951416,0.45091402530670166,73.47425079345703,4.106417935813681,8.322354316711426,4.89453125,0.4233838147020852
00740,0.8110244941355583,0.3764550161560322,0.25711333751678467,0.39803701639175415,0.6402962803840637,75.93500518798828,4.141551635756557,10.41657829284668,4.51953125,0.4996820594959744
00741,0.8836761342023315,0.3454561086750924,0.3169800043106079,0.49035125970840454,0.3917168080806732,75.01319885253906,4.797426011821812,13.003385543823242,2.53125,0.3396243109864333
00742,0.8219689941412142,0.45719582682031334,0.1847158670425415,0.31201839447021484,0.6046071648597717,74.58193969726562,3.880119130888155,10.633707046508789,4.87890625,0.42782612354972627
00743,0.8360002643897104,0.3667584940312213,0.3076009154319763,0.607101559638977,0.4938286244869232,74.21271514892578,5.9509269446239355,10.100064277648926,3.8984375,0.547522063659046
00744,0.9025956667049773,0.6058404167809158,0.2592586278915405,0.47913670539855957,0.4971983730792999,72.08809661865234,5.5483110250360985,12.168146133422852,4.515625,0.6385093294148844
00745,0.9204946742707024,0.5803128787044177,0.21971601247787476,0.3227887749671936,0.5128756761550903,76.73052215576172,5.446035470009783,15.570984840393066,4.453125,0.6983301940596007
00746,0.8685186218700441,0.37425263219295946,0.35194605588912964,0.6319316625595093,0.5285776853561401,70.85525512695312,4.438991190953561,11.555305480957031,3.68359375,0.48617280529668544
00747,0.8622106061051471,0.3514940579774813,0.1894073486328125,0.4264793395996094,0.51752108335495,75.13983154296875,4.223889557871079,14.50127124786377,3.93359375,0.49186628285564404
00748,0.7315100634858651,0.3369831459762843,0.23890578746795654,0.34308698773384094,0.6730027794837952,71.86054992675781,3.4518245509151555,17.550804138183594,4.921875,0.4871190020123785
00749,0.9218237475245777,0.3575617221251642,0.36610013246536255,0.5559728145599365,0.6081873774528503,75.25238800048828,4.371588878327399,9.581246376037598,4.6015625,0.4422413527411145
00750,0.7173855989751938,0.43839484905820225,0.20974445343017578,0.32045799493789673,0.5910144448280334,75.34967041015625,3.8341138033691786,14.014942169189453,4.8359375,0.5246489445865272
00751,0.7614086379346949,0.34395108536031826,0.2999793291091919,0.5786402821540833,0.540630042552948,76.82360076904297,3.5778581459402514,9.014204978942871,4.91796875,0.35283708952331044
00752,0.8122934683170238,0.360240923315051,0.23911172151565552,0.5856356620788574,0.5168572664260864,69.7623291015625,4.0372846531236295,14.714803695678711,4.9140625,0.48914512323508813
00753,0.7385998803641709,0.3420562219480826,0.19018471240997314,0.40118321776390076,0.6517027020454407,75.04655456542969,3.7078949777431065,12.832341194152832,4.97265625,0.5015374379655146
00754,0.7235606437008971,0.32590301937035604,0.2939314842224121,0.5967490077018738,0.30956414341926575,64.17494201660156,5.193279454931782,16.177417755126953,3.05078125,0.46934393381680783
00755,0.8269270105104359,0.5175125743026978,0.17067581415176392,0.34829646348953247,0.4968336224555969,71.57124328613281,4.748100601327037,14.064298629760742,4.94921875,0.6555828901049986
00756,0.8597869177890625,0.4495000504999495,0.20218312740325928,0.3590587079524994,0.4979207515716553,69.62741088867188,3.6688457957213303,10.847482681274414,3.755859375,0.5200505339668404
00757,0.5376606336781102,0.19029208260708816,0.39563214778900146,0.6435719728469849,0.4182600975036621,71.12918853759766,4.142780171098364,11.637937545776367,4.05859375,0.16471878502879872
00758,0.8211118648547794,0.3578341428314445,0.29943788051605225,0.5532014966011047,0.2668810188770294,71.92891693115234,6.06577241800126,12.714425086975098,2.6640625,0.5266862896133063
00759,0.7939853957732376,0.37854382907796047,0.2111884355545044,0.31227758526802063,0.5830450654029846,74.54151916503906,3.6353104464651382,13.741937637329102,4.828125,0.5091891905713202
00760,0.7847879363203556,0.34644040707923,0.2234145998954773,0.4927723705768585,0.5955622792243958,72.6038818359375,3.4793983055125377,12.231206893920898,4.4453125,0.40668384113939443
00761,0.8210258994161875,0.40468591889157,0.2033335566520691,0.3809082806110382,0.6047495603561401,75.5544662475586,4.372511175996442,8.704062461853027,4.9765625,0.6089374210853946
00762,0.8877358990715226,0.33288412781800325,0.30251723527908325,0.5824880599975586,0.6218292117118835,73.56903076171875,5.996090463151001,12.358285903930664,4.4375,0.401367383073556
00763,0.6885044410534267,0.3114820353231217,0.25008291006088257,0.4841788411140442,0.5197393894195557,74.84796142578125,4.027903205335427,9.298417091369629,4.8359375,0.33143117488674756
00764,0.7740377061011087,0.30862804728503457,0.3392726182937622,0.5709178447723389,0.416936993598938,69.8456802368164,4.265275189564569,12.22077751159668,3.595703125,0.3704695423265335
00765,0.8425151217710866,0.3408156010360063,0.3151894807815552,0.5742821097373962,0.5914674401283264,75.62090301513672,4.930556079081457,10.260627746582031,4.70703125,0.6073181214495593
00766,0.8817131779498382,0.37884478250534825,0.22544586658477783,0.37262964248657227,0.4746187627315521,66.77083587646484,3.911993533154219,11.031734466552734,4.1953125,0.567406454563527
00767,0.6279339995652176,0.28929633300297325,0.34856361150741577,0.6508045196533203,0.36797869205474854,65.99715423583984,6.483776469127175,11.29092788696289,3.580078125,0.36608214057705224
00768,0.8835476519087245,0.36493508016748966,0.24677181243896484,0.4354897737503052,0.6141383051872253,73.49215698242188,3.954072242867198,13.152909278869629,4.5078125,0.4102480922479967
00769,0.8524886250908604,0.32866521326780723,0.28926974534988403,0.47157278656959534,0.6058616042137146,75.5243911743164,4.2761293652957075,14.47577953338623,4.5703125,0.38402315986160895
00770,0.8538884954675823,0.40169957510622345,0.20243120193481445,0.3327294588088989,0.6222454905509949,74.62541961669922,3.630649615335662,12.995664596557617,4.859375,0.5199023795344618
00771,0.8110548982661968,0.32823242404080727,0.25234299898147583,0.4009183645248413,0.5943992137908936,74.89533996582031,3.8969625925639266,13.966392517089844,4.953125,0.5829767067747451
00772,0.6957024297642238,0.3192406219592112,0.237912118434906,0.4648265242576599,0.4624708890914917,75.9046859741211,3.2156118859160165,9.727112770080566,4.6953125,0.40875557613124436
00773,0.8398646435045862,0.39694199198413943,0.23820507526397705,0.34688591957092285,0.5643806457519531,72.10596466064453,3.33167440364651,15.138742446899414,4.44140625,0.3614716435674725
00774,0.7859983017353215,0.35495430926357285,0.25803321599960327,0.5490184426307678,0.3251189887523651,75.0436019897461,3.549287272268641,14.185138702392578,3.794921875,0.6619819736582367
00775,0.6264455072832209,0.2879811930649427,0.312378466129303,0.5342969298362732,0.3570033013820648,71.03387451171875,4.7576108465816915,13.408527374267578,2.771484375,0.5565633295524078
00776,0.8605668434919015,0.3280122302414051,0.27460402250289917,0.5300381183624268,0.3884817957878113,72.95016479492188,5.699430203161862,14.21061897277832,3.837890625,0.16430777814048042
00777,0.8069390004607269,0.371326927925152,0.2510238289833069,0.5381015539169312,0.5694438219070435,73.22512817382812,4.3159508594260165,12.128240585327148,4.8203125,0.4207677439795845
00778,0.7029596833644081,0.3013454326103491,0.28273481130599976,0.4872412085533142,0.46419066190719604,69.27154541015625,3.37056569308365,11.337987899780273,3.3203125,0.5003789878026758
00779,0.7933277679320824,0.36525649846453323,0.2633322477340698,0.40435248613357544,0.3516848087310791,68.97274780273438,3.6311853403729897,13.04145336151123,3.00390625,0.30509151438257465
00780,0.8870969421090571,0.3689150840427854,0.2806340456008911,0.2325180023908615,0.49643856287002563,73.95618438720703,4.3212916298043975,13.518943786621094,4.59375,0.7679929484736694
00781,0.8940958601639909,0.3718219002828982,0.26833319664001465,0.46205079555511475,0.5153107047080994,74.48316192626953,4.721552383098304,13.703910827636719,4.421875,0.26939316762877014
00782,0.8761072275632318,0.37928834057552646,0.2393099069595337,0.36499491333961487,0.4505153298377991,73.29185485839844,2.674836610593191,12.16842269897461,3.634765625,0.5432759150613918
00783,0.7804194548742047,0.3536746071971617,0.3646790385246277,0.6062794923782349,0.41899511218070984,71.78792572021484,5.569049954956816,10.239500999450684,2.947265625,0.4277548056831839
00784,0.7365988457369868,0.40724874201006395,0.21842598915100098,0.4169982075691223,0.45984241366386414,69.4731674194336,3.4890295845445216,12.904000282287598,4.14453125,0.5416052252575235
00785,0.7776355252156675,0.30566781526070247,0.37039852142333984,0.6126481294631958,0.3073786795139313,71.26432037353516,7.074726899373456,15.261610984802246,2.712890625,0.256196666361073
00786,0.7786805757683163,0.46800161578856253,0.26089876890182495,0.4359816014766693,0.5235834717750549,72.07183837890625,5.546878129428879,10.691803932189941,4.25390625,0.669276369290161
00787,0.5888444502977077,0.2721553610503282,0.3341448903083801,0.5430439114570618,0.2217867523431778,63.00205993652344,6.89512768545656,11.885082244873047,2.341796875,0.6280716771884944
00788,0.899016030326617,0.38113007406284927,0.2666931748390198,0.49660664796829224,0.5014904737472534,72.77155303955078,3.6597476275093177,12.758809089660645,4.83203125,0.3613364794475545
00789,0.8420244305682293,0.3873747031752369,0.3679603338241577,0.6522742509841919,0.3784264624118805,69.82938385009766,5.442644792939398,3.866027593612671,3.76953125,0.11431436206093283
00790,0.8208312772746227,0.3174795779073043,0.2101297378540039,0.5301927924156189,0.5468728542327881,75.07608032226562,3.6503747652780305,10.494841575622559,4.890625,0.4137762015124214
00791,0.7789725094948791,0.33364565207691965,0.37391364574432373,0.7334241271018982,0.43693044781684875,63.890865325927734,6.940515801327668,14.880982398986816,3.72265625,0.36466314754624257
00792,0.8485813001006336,0.4461648249464784,0.12480533123016357,0.21432152390480042,0.6561540961265564,73.6506118774414,3.7800250211511135,16.411041259765625,4.90234375,0.6195996779590216
00793,0.8422660914986874,0.45944382304161685,0.2608148455619812,0.45107242465019226,0.6068605780601501,74.54827880859375,5.062347444983943,10.339235305786133,4.703125,0.45514519410147763
00794,0.7273312257827906,0.26518522717610044,0.25215989351272583,0.3507922887802124,0.5354802012443542,75.02151489257812,3.6986909267457357,11.7598295211792,4.9140625,0.29167905400617
00795,0.8598246492530686,0.3414786207852034,0.47284066677093506,0.7103327512741089,0.32303673028945923,69.0317611694336,7.198190568931717,9.877764701843262,3.1015625,0.19446671969530108
00796,0.8305963362382486,0.3484726038467755,0.24416983127593994,0.4950715899467468,0.498649001121521,75.38536071777344,5.126587646638839,12.890501976013184,4.7578125,0.29255373117422395
00797,0.8779028063072448,0.3807580692172194,0.2674669623374939,0.451689749956131,0.5056198239326477,72.92872619628906,3.4547386103870843,12.429466247558594,4.06640625,0.3496565638150904
00798,0.7273895363095164,0.30768068876973037,0.37454575300216675,0.7823740243911743,0.4427441358566284,71.94085693359375,6.429102028953507,15.421850204467773,3.513671875,0.31692817694234543
00799,0.8111667485943855,0.43706373914468294,0.23515498638153076,0.320084810256958,0.6014009714126587,73.15607452392578,3.892769799059304,12.924171447753906,4.5625,0.4918641188994293
00800,0.8641937186816803,0.3363286264441592,0.311160683631897,0.47936180233955383,0.4973962604999542,73.58262634277344,5.381296413893159,15.646341323852539,3.775390625,0.4128009554300109
00801,0.9384737124379601,0.3839195759779228,0.41718530654907227,0.5606734752655029,0.5224452018737793,73.56503295898438,3.147734465388268,6.677517890930176,3.095703125,0.20329528392033833
00802,0.8629778728612542,0.3876234469576298,0.43459057807922363,0.5884115099906921,0.5330554246902466,68.90184783935547,6.36407171182341,11.076164245605469,3.00390625,0.4579820804174072
00803,0.8630408613212962,0.3416392635447623,0.2698845863342285,0.5284749269485474,0.4941120147705078,72.32048797607422,3.8435648414127592,13.227680206298828,4.8046875,0.250028086280485
00804,0.6936404984994348,0.346372342152248,0.31145691871643066,0.5531278848648071,0.3879157304763794,62.71599197387695,4.538899176644312,10.026985168457031,3.970703125,0.3846120550726069
00805,0.7382878337792882,0.4034872154935346,0.30260658264160156,0.4349232316017151,0.5711019039154053,73.73416137695312,4.407102768322646,13.423688888549805,4.14453125,0.6404705112977666
00806,0.7703442349179757,0.37851503592655017,0.2084851861000061,0.4481852054595947,0.41111689805984497,73.95941162109375,4.50889719814891,13.520147323608398,4.1875,0.43796282731771613
00807,0.8288765488681282,0.397063099738296,0.2535092234611511,0.5018179416656494,0.5566009283065796,75.91900634765625,3.954188408703129,7.82772159576416,4.94921875,0.34518046031728417
00808,0.692245266263988,0.2616382690525415,0.3147697448730469,0.5247350931167603,0.5678539872169495,68.09538269042969,4.360488236094931,14.226640701293945,4.18359375,0.47984810479677614
00809,0.8524066938379957,0.33800129837438225,0.3020038604736328,0.5523548722267151,0.4775482416152954,73.40807342529297,3.651846045076627,10.938093185424805,3.716796875,0.41354951404194806
00810,0.84492336745282,0.31899927550187546,0.2672494053840637,0.44923269748687744,0.5784052610397339,75.32079315185547,4.70055086172747,12.387146949768066,4.5078125,0.2293154441819833
00811,0.6843945658436628,0.324878840807892,0.3335039019584656,0.5463801026344299,0.40096625685691833,68.19249725341797,4.779873312085714,11.704453468322754,3.66796875,0.3452672580101475
00812,0.695463909375013,0.2971401384997621,0.3476385474205017,0.5703913569450378,0.38933220505714417,75.74193572998047,3.078499984172574,12.013802528381348,2.890625,0.4717588379066086
00813,0.7738982407314741,0.35411163937312906,0.2890593409538269,0.5313798785209656,0.566595733165741,74.35906982421875,4.65966145817845,10.822799682617188,4.515625,0.4521895782918561
00814,0.8529101707400871,0.3291244573082489,0.3348034620285034,0.6522564888000488,0.44688963890075684,73.1607666015625,7.62272786650164,10.875822067260742,3.015625,0.21567203138965704
00815,0.7207522870815078,0.31844277000358806,0.367792546749115,0.6849066019058228,0.5947189927101135,68.11946868896484,6.290346786763542,12.729110717773438,4.6640625,0.41507098682063776
00816,0.7505829490877226,0.30766477567601425,0.27253806591033936,0.6831575632095337,0.46900835633277893,71.497314453125,4.188879179528832,10.539437294006348,4.125,0.35680082275872704
00817,0.49039529215853606,0.2403200933605635,0.2183833122253418,0.4048125743865967,0.6489795446395874,75.1714096069336,4.285016496230135,8.786452293395996,4.98828125,0.5219235764404677
00818,0.6822270912563346,0.305173463177115,0.3104187846183777,0.5676174163818359,0.4915935695171356,70.32273864746094,4.964528220087696,7.8579559326171875,4.05078125,0.49682601153392597
00819,0.7765238780434298,0.31137245677996,0.26236289739608765,0.5727060437202454,0.5997694134712219,72.98201751708984,4.93381058628816,15.379239082336426,4.1875,0.5064699342723314
00820,0.8245691984547336,0.4798435220792998,0.19209367036819458,0.4230841398239136,0.5782248377799988,74.25721740722656,3.958498252395177,12.68734073638916,4.85546875,0.5365249091742391
00821,0.7377043528606239,0.31819212455596707,0.38979458808898926,0.689460277557373,0.28098902106285095,68.27484893798828,6.35290071376154,12.955609321594238,2.2578125,0.43831834063237746
00822,0.8375958293725543,0.48512769153730595,0.21198832988739014,0.358493447303772,0.4968714416027069,75.18268585205078,4.884574702105697,11.31341552734375,4.90234375,0.6962526048764729
00823,0.8261910399417002,0.39208744685121993,0.2264270782470703,0.36449944972991943,0.4775965213775635,74.41194152832031,5.032385598177307,13.74268913269043,4.01953125,0.4725763535548849
00824,0.6148728151544011,0.22388760577687908,0.3946540355682373,0.6228973865509033,0.3483402132987976,72.30953216552734,4.653248212773277,9.811229705810547,3.06640625,0.18782628584543773
00825,0.6608048952701092,0.2802925001510848,0.34018969535827637,0.6662001013755798,0.49928921461105347,69.03626251220703,4.54848542353646,5.432506561279297,4.88671875,0.3107381271175135
00826,0.8744240066632817,0.33900057573229625,0.456734836101532,0.7526925802230835,0.33838847279548645,73.54737091064453,4.953816539451911,11.312418937683105,2.880859375,0.2958608318579172
00827,0.8635177541117214,0.38616087275480987,0.3329451084136963,0.6720625162124634,0.4708649516105652,72.87276458740234,3.6586529185952092,9.833477020263672,4.171875,0.3279641882181383
00828,0.6552458177928984,0.33722959244651607,0.3073650002479553,0.4370368421077728,0.6066796183586121,74.45123291015625,5.005626419214633,11.250773429870605,4.7265625,0.40776094618300096
00829,0.862613318836399,0.459257751543524,0.1725253462791443,0.40210527181625366,0.5449054837226868,72.91024017333984,3.479421161898734,12.572608947753906,4.94140625,0.5689075181116844
00830,0.7732945285637011,0.3447075208913649,0.3203813433647156,0.412271112203598,0.5046192407608032,66.5716323852539,4.471283756823513,17.506816864013672,3.57421875,0.726677882306085
00831,0.7167745654832287,0.36744491943439656,0.19942277669906616,0.43537813425064087,0.5492303371429443,70.99008178710938,3.2115954936830895,11.333073616027832,4.7734375,0.4218899524169322
00832,0.9336521046917892,0.36197686170379717,0.2913318872451782,0.5529496669769287,0.5235204696655273,73.02308654785156,5.419998095063952,14.022189140319824,4.25,0.16234289025489607
00833,0.8531489468258157,0.6474078700811993,0.2099771499633789,0.2914910912513733,0.5992283821105957,75.75164031982422,6.673525891541117,14.265625,4.4609375,0.7250721845361744
00834,0.7945758148662413,0.39353927408954126,0.2919904589653015,0.5222506523132324,0.5763161182403564,76.49295806884766,5.056240979014145,11.14025592803955,4.98046875,0.5369117379589359
00835,0.8648483018957333,0.3547492974977539,0.2468990683555603,0.3531104326248169,0.6204542517662048,75.87516021728516,5.642062457473608,13.72986888885498,3.884765625,0.5543332974592159
00836,0.8461468945149331,0.3434168592752487,0.30570101737976074,0.5757843852043152,0.2988165318965912,74.42595672607422,5.558231691936359,12.420063972473145,2.7734375,0.2592080612590871
00837,0.8424833044522008,0.36044840471399825,0.2368100881576538,0.46956056356430054,0.4161158800125122,73.79251861572266,3.799875453194497,11.894835472106934,3.7578125,0.24495788739576307
00838,0.6484283135672722,0.2719067801557556,0.2636452317237854,0.43238741159439087,0.5367596745491028,73.81987762451172,3.7512053189041636,11.917062759399414,3.9453125,0.2352762064914052
00839,0.7479382481912794,0.31389945078158005,0.3164224624633789,0.6815690994262695,0.48837342858314514,70.23601531982422,5.866960110820277,8.519062995910645,3.470703125,0.533176135016077
00840,0.8782569865321695,0.4083986314976272,0.23771041631698608,0.4241231381893158,0.39427438378334045,67.49296569824219,3.3306583782350905,14.208407402038574,4.0703125,0.4143030024749121
00841,0.8266525570100549,0.4170537611177127,0.3087881803512573,0.5622560977935791,0.5235338807106018,75.03948974609375,3.4829792932219252,7.110092639923096,4.4296875,0.3012011108337407
00842,0.8340137982122459,0.4856927515138914,0.15948963165283203,0.26067301630973816,0.6353799700737,74.69253540039062,4.166889346264303,12.542102813720703,4.94140625,0.6489975921050574
00843,0.7880183206425143,0.2988850967007964,0.327389657497406,0.5845127105712891,0.6576303243637085,72.23303985595703,3.36665906538722,11.98675537109375,4.9921875,0.08664616320495169
00844,0.7875996818111738,0.3108607426252347,0.4149399995803833,0.6847698092460632,0.2796708941459656,68.23645782470703,8.639508712489521,9.602242469787598,1.81640625,0.31596742367254094
00845,0.5385497125280377,0.1978942233424123,0.5126579999923706,0.6810628175735474,0.30244180560112,63.14506530761719,7.13951011544491,10.59736442565918,2.486328125,0.26945031793370605
00846,0.6417043530024399,0.32613646715860434,0.30765002965927124,0.4103664755821228,0.5902681350708008,72.7653579711914,3.5569743254529675,12.940382957458496,4.54296875,0.5570455088834155
00847,0.7809486073260526,0.3321631364418161,0.24492400884628296,0.453514039516449,0.6334903836250305,74.59595489501953,3.119433731859515,12.335016250610352,3.822265625,0.5387610633938915
00848,0.8472984307014156,0.45844018705687134,0.17957442998886108,0.3549133837223053,0.5592517852783203,74.19570922851562,3.3443243836749623,12.971384048461914,4.9375,0.605107091599325
00849,0.8769141128982664,0.41767859958997006,0.22801661491394043,0.39509451389312744,0.6581607460975647,75.91053009033203,4.209452977676977,13.1939115524292,4.859375,0.4970123387022916
00850,0.6673432123602542,0.2882418279911139,0.21725064516067505,0.3615564703941345,0.6514862179756165,76.17139434814453,4.110784673314749,14.147210121154785,4.984375,0.5337652740799378
00851,0.7891900548801438,0.4142089853217769,0.16935867071151733,0.4511481523513794,0.5400697588920593,71.85259246826172,4.40622696359927,14.214012145996094,4.89453125,0.508009132371881
00852,0.8203582183173767,0.31568108267137396,0.1909065842628479,0.44308626651763916,0.583445131778717,76.90139770507812,3.085880138253265,14.121294021606445,4.96875,0.35986459831104917
00853,0.7968791233479382,0.33705024042447357,0.3459007143974304,0.6033241748809814,0.3767077624797821,73.68307495117188,5.569199331340016,14.704586029052734,3.080078125,0.37902074562646326
00854,0.7064803791570973,0.3299282620913088,0.205466628074646,0.4529656767845154,0.5189865827560425,74.052734375,3.7769829644124995,11.422061920166016,4.94140625,0.5203489988438412
00855,0.9111316964286899,0.35634491263761486,0.3159339427947998,0.45045724511146545,0.4648752212524414,73.1462173461914,4.818154855212891,11.548890113830566,2.974609375,0.3496057584240896
00856,0.8224125342809133,0.42536015032361335,0.18978124856948853,0.2718995213508606,0.6154620051383972,73.97081756591797,3.681406065549912,11.74960994720459,4.8515625,0.5822531551570957
00857,0.7859543440154171,0.3331389050912424,0.27208393812179565,0.48702239990234375,0.5731425881385803,74.08169555664062,4.932169116723072,11.663406372070312,4.9453125,0.4557345330812996
00858,0.7542519074848824,0.3559537748816372,0.18245190382003784,0.39278504252433777,0.3913393020629883,71.04983520507812,2.708330930335842,14.43320369720459,4.1171875,0.4540896552196676
00859,0.767083519815865,0.37912020585712536,0.2171117663383484,0.4125708043575287,0.3733895421028137,70.3081283569336,3.6157756415653686,11.525178909301758,3.8828125,0.3965155336989585
00860,0.6586829013879104,0.31049933684625586,0.2966999411582947,0.5601490139961243,0.2794569432735443,69.01287841796875,5.664883151716942,15.05180835723877,3.451171875,0.45849321774279933
00861,0.7079578140637716,0.30748745262726623,0.2666102647781372,0.4889777898788452,0.5397613644599915,76.27200317382812,4.209958523456847,11.751508712768555,4.9375,0.5028675982316951
00862,0.8401570142223285,0.37267962806424343,0.4663916230201721,0.8083541989326477,0.4324498474597931,66.68893432617188,4.501122685701356,7.28362512588501,2.6484375,0.2794691484884683
00863,0.8682134464351973,0.43202636924610016,0.30710941553115845,0.41545963287353516,0.501681923866272,73.36316680908203,4.871783189159958,10.064870834350586,3.466796875,0.596274001913078
00864,0.8271876875225171,0.5164457535591557,0.4181019067764282,0.7447511553764343,0.4335511028766632,68.26013946533203,6.450371780404263,6.957102298736572,2.361328125,0.4177697449305627
00865,0.8349577826986965,0.3782341263383995,0.303866982460022,0.5575432181358337,0.4006727933883667,71.86628723144531,4.7222115139342025,12.00624942779541,3.7421875,0.4864484777934406
00866,0.7750982113678895,0.3477051460361613,0.21281808614730835,0.4499185383319855,0.47504153847694397,73.38048553466797,2.517309051198649,10.739373207092285,4.02734375,0.4128947502956515
00867,0.6359346024786432,0.28744639169799335,0.3555430769920349,0.675724983215332,0.3493316173553467,69.40670013427734,5.744640730958864,8.104300498962402,3.31640625,0.32797689298103117
00868,0.8273198115531163,0.37479250652122365,0.28134632110595703,0.5952078104019165,0.538841724395752,72.21414184570312,5.411256335268494,9.861613273620605,4.21484375,0.4451598576745225
00869,0.5292512754280814,0.2672421386417687,0.3031567335128784,0.5841473340988159,0.4187038838863373,64.9050064086914,5.291061281059937,9.197993278503418,3.986328125,0.5068963272773586
00870,0.8783122091641231,0.4048160658073114,0.19278466701507568,0.365447074174881,0.5744697451591492,73.9230728149414,3.4086150059167544,12.892645835876465,4.6328125,0.4525974290552851
00871,0.8075172971512619,0.3715782705645768,0.17133718729019165,0.34130793809890747,0.4465932250022888,75.00949096679688,2.5498962229428264,13.355213165283203,4.11328125,0.3962556282021127
00872,0.5343396179165402,0.25568973525313515,0.2646883726119995,0.48150870203971863,0.5103603005409241,72.39823150634766,4.757509181577416,13.36435317993164,4.01953125,0.6710743118856968
00873,0.6614472246688686,0.25289912629070693,0.4367741346359253,0.6689236760139465,0.23727086186408997,68.63284301757812,8.163822382461984,15.223320960998535,1.6181640625,0.29822755259749223
00874,0.7544928560058605,0.34617200409158866,0.20173931121826172,0.376307874917984,0.5575480461120605,74.1209945678711,4.415133017043793,9.287797927856445,4.796875,0.4531125261383109
00875,0.7699943390726085,0.322193088331183,0.2851182818412781,0.5129222273826599,0.4766790270805359,71.36968231201172,3.42844131662227,11.266098022460938,4.40625,0.3876154516604511
00876,0.8925815997233982,0.3909245604083948,0.24533790349960327,0.3769684433937073,0.5203091502189636,72.8075180053711,4.157809681313442,15.292309761047363,3.794921875,0.796721651355913
00877,0.7015268653642732,0.312892322549493,0.30048495531082153,0.4866717457771301,0.5243337154388428,71.41130065917969,5.2754603536333375,13.56807804107666,3.80859375,0.5297464097346053
00878,0.9066700172785622,0.3615085382738841,0.5679484605789185,0.7052795886993408,0.39621099829673767,67.26316833496094,5.900930191011997,6.792293548583984,2.048828125,0.1350537569876915
00879,0.7945092097185196,0.3456313456313456,0.2691485285758972,0.593075692653656,0.5389918088912964,73.8136978149414,3.803090147845221,14.008587837219238,4.17578125,0.49026967072628447
00880,0.7939118396507201,0.32543492453627254,0.37314891815185547,0.6751976013183594,0.4290710687637329,67.47061920166016,5.627472682901742,11.817285537719727,3.853515625,0.4357973929337442
00881,0.8527188177670076,0.4200805734316957,0.1966087818145752,0.4115309715270996,0.546215832233429,71.75640106201172,3.712515044837261,8.70234489440918,4.90625,0.5218559989211498
00882,0.7071834981408147,0.3456095340561119,0.2797454595565796,0.4066316783428192,0.5566719770431519,72.5148696899414,5.819889853166735,12.732454299926758,4.4296875,0.4895013175104198
00883,0.807075049492645,0.3101117609846509,0.39979124069213867,0.6761176586151123,0.35711634159088135,68.88589477539062,5.1769702367881365,8.809500694274902,3.12109375,0.15452782693064582
00884,0.7110981975339595,0.3737638161721931,0.3142812252044678,0.46484699845314026,0.6771318316459656,75.23336029052734,4.270061815923087,9.757765769958496,4.80859375,0.5965743649116949
00885,0.7990815307560711,0.3378510330820607,0.24334752559661865,0.6326773166656494,0.47530096769332886,71.82026672363281,3.382198029260667,13.831320762634277,4.52734375,0.47378458214810215
00886,0.8270708095587518,0.36997816382925275,0.30525171756744385,0.5205219388008118,0.45094165205955505,75.01140594482422,5.170727566295155,15.289344787597656,3.984375,0.4365200806545148
00887,0.758767773815124,0.4820584515012316,0.15780991315841675,0.27743610739707947,0.5992699861526489,76.53144836425781,4.019225752582157,15.743440628051758,4.8515625,0.6369576480876584
00888,0.7992941964953424,0.4459888800635425,0.21273791790008545,0.4722171425819397,0.4195505976676941,69.08627319335938,3.5008394096610975,13.3631591796875,3.73046875,0.47494826414637364
00889,0.775927697311969,0.291505568031857,0.368415892124176,0.6347631216049194,0.5316072106361389,72.54364776611328,4.821028871334416,12.127493858337402,4.125,0.23699203444644742
00890,0.8424550219386202,0.46078431372549017,0.16208571195602417,0.2927487790584564,0.568358302116394,73.9303207397461,3.0539552976081956,12.89255142211914,4.87109375,0.553530952560969
00891,0.7866823962381304,0.3178305335739738,0.22020673751831055,0.3906819224357605,0.42544275522232056,70.45292663574219,3.9713929619202366,17.848295211791992,4.63671875,0.33646508259368957
00892,0.8743818393176438,0.34864764309954116,0.32772016525268555,0.5296036601066589,0.42143911123275757,74.66313934326172,3.9045690036170324,10.623544692993164,4.05078125,0.3057112498201768
00893,0.7240611894338005,0.28870353406296706,0.24320530891418457,0.5771253705024719,0.6745553016662598,76.41384887695312,4.287068135442086,14.161674499511719,4.94921875,0.5557106129228213
00894,0.8756092353185256,0.43470834676119885,0.1878642439842224,0.3749217391014099,0.6375852227210999,72.91468811035156,4.140255717491106,13.85619068145752,4.875,0.5071974705794541
00895,0.7679781399877976,0.4176228620913618,0.25713247060775757,0.5431989431381226,0.5593799352645874,59.53123474121094,5.804528996957208,19.665292739868164,4.78515625,0.5254075256693179
00896,0.7190499548837577,0.4464263594698377,0.21460890769958496,0.42430102825164795,0.43617576360702515,70.87061309814453,5.964072670780875,15.332328796386719,4.5625,0.6936473201309348
00897,0.8492698015707812,0.37957859174964437,0.27298831939697266,0.4691011905670166,0.3084923028945923,66.32083129882812,3.9066200957098425,10.026411056518555,3.650390625,0.4736918076008887
00898,0.744739081500823,0.4443222637636537,0.3144735097885132,0.6338050365447998,0.37842366099357605,70.5948486328125,6.169865713016991,9.486613273620605,4.21875,0.45788250160578625
00899,0.830251647452403,0.3751808100289296,0.36576563119888306,0.6529941558837891,0.3191300332546234,68.78262329101562,5.645262898315753,12.619087219238281,2.748046875,0.40557055048102636
00900,0.7322030404113701,0.39045428407130534,0.38539600372314453,0.6028486490249634,0.6131452918052673,73.04788970947266,6.194845836691279,10.080255508422852,4.85546875,0.05304820424608557
00901,0.8298731818502136,0.34267657557493125,0.32377880811691284,0.5383321642875671,0.6498441100120544,75.40496063232422,5.166456089364072,9.219828605651855,4.69921875,0.4342021740001215
00902,0.5816341367488093,0.2500639549756971,0.32567280530929565,0.49977144598960876,0.6197528839111328,74.67832946777344,5.830389935821061,6.55233907699585,4.9921875,0.3802338220514085
00903,0.7190068107511552,0.31654476437366913,0.2629491090774536,0.3282979428768158,0.6584734916687012,75.9204330444336,6.258653785579185,12.552727699279785,4.98828125,0.6600417312809239
00904,0.8414311055749959,0.45070886232227003,0.2032826542854309,0.3735867142677307,0.5235084891319275,68.37618255615234,2.9284654117659037,8.072490692138672,4.15625,0.38423267003703393
00905,0.7796864750287074,0.390252324692302,0.2648947834968567,0.3857613801956177,0.6486983895301819,73.4662094116211,4.565623911412933,12.502049446105957,4.96484375,0.4619939474865314
00906,0.8003841785221113,0.43745782467333294,0.18386954069137573,0.30863991379737854,0.6840334534645081,75.48509216308594,4.214349090705558,15.775976181030273,4.9609375,0.6805805891185529
00907,0.7199371563236449,0.33326029798422435,0.36668825149536133,0.5957304239273071,0.5357994437217712,63.85761642456055,7.030478185464713,14.963859558105469,3.123046875,0.5565323394473325
00908,0.8409859267166963,0.41985111662531016,0.301449179649353,0.600772500038147,0.402086466550827,71.45845031738281,4.309887761414093,11.801323890686035,4.2578125,0.4326737031575609
00909,0.8890766847983028,0.37378977101135175,0.2959100008010864,0.46265465021133423,0.39580872654914856,71.88798522949219,4.0301532734603445,12.183111190795898,3.09375,0.27737373126087556
00910,0.8531282631711372,0.3691553617259412,0.20464551448822021,0.3510831594467163,0.49102288484573364,72.16473388671875,3.0198030313579225,14.185953140258789,4.23046875,0.319534563605024
00911,0.6762501943113138,0.2574792785742236,0.3617621064186096,0.5815109610557556,0.484023779630661,73.2811050415039,5.339182074733911,8.514476776123047,3.396484375,0.29511014403552677
00912,0.8217885053786486,0.33969869845933115,0.27358514070510864,0.33043962717056274,0.6400923728942871,76.1744613647461,4.475955885375952,11.870780944824219,4.984375,0.6451410383814721
00913,0.8480222675791417,0.46697158281472595,0.2263609766960144,0.38369107246398926,0.6272486448287964,75.6173324584961,3.5500475186723173,12.449287414550781,4.87890625,0.5492105525892012
00914,0.9469488225580952,0.7116483152578856,0.348906934261322,0.2703937888145447,0.6213164925575256,65.16860961914062,11.458714983006878,17.686485290527344,3.90625,0.8469048205530507
00915,0.8335542475152087,0.4043772308848394,0.2878706455230713,0.5752784609794617,0.4670739769935608,74.75993347167969,4.175010837180705,10.258846282958984,3.5703125,0.43094009642906145
00916,0.650647999128539,0.3299488831314334,0.27217596769332886,0.45091477036476135,0.62197345495224,72.95064544677734,4.710497978945493,13.676270484924316,4.88671875,0.4192946619589998
00917,0.8708437847406751,0.3693289224952741,0.3108646273612976,0.5058206915855408,0.5339103937149048,69.74836730957031,4.740428687754979,16.18630599975586,4.12890625,0.5002776681478988
00918,0.8419467760218288,0.43462011310548315,0.20011800527572632,0.4948229491710663,0.6499133706092834,75.90372467041016,5.28136966020482,9.3851957321167,4.9921875,0.5832505593517056
00919,0.8139013912731675,0.45459016393442625,0.3347364068031311,0.5262864828109741,0.3305279016494751,63.12303161621094,5.175232898205132,11.480253219604492,2.005859375,0.5147998101846494
00920,0.8107145981255229,0.3957651391162029,0.20242571830749512,0.34574684500694275,0.5644134879112244,71.4642333984375,5.575867154196607,14.73139762878418,4.39453125,0.7454868903850245
00921,0.7093133754040015,0.30892195724218596,0.2625618577003479,0.6589107513427734,0.5157504081726074,68.8799057006836,3.452596123221637,10.40135383605957,4.55078125,0.38775437111654054
00922,0.8690051073271826,0.39427081306192346,0.3822164535522461,0.5280963778495789,0.27990782260894775,69.19927978515625,5.209133858986266,14.063464164733887,2.0234375,0.4901551671167411
00923,0.7513999333152372,0.35691943215680466,0.29094457626342773,0.5759947896003723,0.40080761909484863,70.01799011230469,4.051690635277824,9.502523422241211,4.12890625,0.3424412267946327
00924,0.6712782200639987,0.2740827661738246,0.35259777307510376,0.5999181866645813,0.5109853148460388,67.88512420654297,5.312919902871472,9.113081932067871,4.08984375,0.2500392279006822
00925,0.8219810207695781,0.3718743856011725,0.26280033588409424,0.516107976436615,0.5577216744422913,75.62569427490234,3.852351112074258,8.570502281188965,4.96484375,0.29770662306805273
00926,0.2941419538759992,0.12752439301111868,0.24242210388183594,0.3783905506134033,0.6732361912727356,74.51136779785156,5.730882256661244,10.813397407531738,4.98046875,0.43485732062313237
00927,0.7975039882866907,0.34514206963641525,0.20406657457351685,0.49887049198150635,0.5043838620185852,75.63184356689453,3.2002991403418344,9.944738388061523,4.76953125,0.3768231310139367
00928,0.8298967672645833,0.4695359461408993,0.32916295528411865,0.5392663478851318,0.47026920318603516,73.39041137695312,4.21653095067757,7.786524295806885,3.578125,0.38816957362440196
00929,0.7070826330560406,0.3208454206382097,0.28469157218933105,0.6255647540092468,0.5287383794784546,72.81121063232422,4.389706690711627,11.238903999328613,4.828125,0.3659627729578781
00930,0.6100098193025157,0.3137316233969346,0.2228759527206421,0.4510616362094879,0.5618444681167603,70.41112518310547,5.121427463844663,18.6373348236084,4.49609375,0.7027251382635148
00931,0.48582976757932406,0.2186164850463252,0.32560986280441284,0.48893052339553833,0.35450103878974915,65.42240905761719,5.849600916494827,16.294395446777344,2.609375,0.5014996352724108
00932,0.8824592404437382,0.4427771319877417,0.22749745845794678,0.4080936312675476,0.4492403566837311,71.46907806396484,3.789402740527771,12.294206619262695,3.517578125,0.3922288566115663
00933,0.8695126623780791,0.3571255746431164,0.285017728805542,0.5497870445251465,0.5032955408096313,74.71741485595703,4.181189108457912,9.879626274108887,4.37109375,0.3165107671339196
00934,0.8356729986647096,0.3214096449390567,0.37702274322509766,0.7361223101615906,0.5090735554695129,71.49146270751953,5.400267163399203,11.586311340332031,3.353515625,0.33811808298002116
00935,0.6776000447232785,0.31243595714951095,0.247786283493042,0.4321509897708893,0.42306554317474365,69.5977554321289,5.532106724423022,10.88352108001709,4.40625,0.516364757756246
00936,0.8764366885861468,0.3912857531654592,0.20374751091003418,0.42552345991134644,0.5386956930160522,74.74933624267578,2.8262989018107514,12.051936149597168,4.83203125,0.3452886771159662
00937,0.7136323581194034,0.3045862091208153,0.30693161487579346,0.4414564073085785,0.5696972608566284,72.20100402832031,6.283510907951953,14.203184127807617,4.0625,0.4758077684877471
00938,0.8015757970679721,0.340752110514198,0.34297245740890503,0.5806974172592163,0.37717700004577637,66.82127380371094,4.338205357958586,13.233386993408203,3.80859375,0.33525328026179085
00939,0.8273208317622894,0.3855733082706767,0.2126626968383789,0.5077044367790222,0.5103725790977478,72.35568237304688,3.922038735401734,10.283222198486328,4.87109375,0.4376553602127372
00940,0.7923952846304958,0.3722363175063429,0.19874584674835205,0.4985235631465912,0.5570003986358643,74.7913818359375,4.031664628243325,14.65534782409668,4.94140625,0.57000874627397
00941,0.7753891308691745,0.4099249780780098,0.33705371618270874,0.6438832879066467,0.48680609464645386,72.0655288696289,4.749489930064397,7.2802886962890625,4.078125,0.3600179528565192
00942,0.8198040501591803,0.35832358007969173,0.17708837985992432,0.3602401912212372,0.5837709903717041,71.39310455322266,3.598550762797627,16.272361755371094,4.9296875,0.4031424380319527
00943,0.8489525151335667,0.3624684077506318,0.23441368341445923,0.5426148772239685,0.5493776798248291,78.02432250976562,3.484496076599101,10.417364120483398,4.9453125,0.5108210495513215
00944,0.8812910881213677,0.39169339861556646,0.22777682542800903,0.4367660880088806,0.523906946182251,71.81201171875,4.71048387458243,16.587125778198242,4.94140625,0.6967001613456878
00945,0.8366115673189031,0.4366199622438906,0.2753068208694458,0.4926530420780182,0.520481288433075,73.39501190185547,3.4424602484022895,8.218608856201172,3.603515625,0.4058998485312322
00946,0.73752292226645,0.3605141661407646,0.2562462091445923,0.5043972730636597,0.542999804019928,71.0079116821289,3.992769773390612,7.618070125579834,4.734375,0.363461682574162
00947,0.8258668355753583,0.36662536929381495,0.22278690338134766,0.42012688517570496,0.5229566097259521,72.74295806884766,3.7525444638612604,16.374094009399414,4.16015625,0.5047826601133932
00948,0.8390554542244033,0.4282318222805148,0.1724168062210083,0.341508686542511,0.5090190172195435,73.53932189941406,3.5100092143492896,13.782270431518555,4.69140625,0.6565638469031946
00949,0.8754254664325763,0.44264984000932156,0.24625861644744873,0.3243417739868164,0.47065579891204834,69.39452362060547,3.1706625557136205,13.31240177154541,3.724609375,0.40616938448267514
00950,0.808015428300796,0.3699879398891554,0.2299973964691162,0.377459317445755,0.45465087890625,71.4015884399414,2.400563600511732,10.031195640563965,2.818359375,0.33298024726882863
00951,0.6394918541380544,0.25299808661438544,0.2525494694709778,0.46860527992248535,0.6037507057189941,76.65620422363281,3.616379259858682,14.209001541137695,4.78125,0.5004528884570245
00952,0.8742358159136144,0.3313261073196842,0.3346515893936157,0.5730724930763245,0.5753799080848694,72.68818664550781,7.305073477211373,11.509352684020996,3.8828125,0.4181701030280177
00953,0.8029739848236506,0.31319070558231793,0.3743448257446289,0.5942627191543579,0.5086625814437866,73.76310729980469,5.2306763607066,11.957000732421875,3.8671875,0.25448738091529927
00954,0.495087073714843,0.23081253518483769,0.38269883394241333,0.7564411759376526,0.3889720141887665,69.57611846923828,5.3647607663770955,8.901861190795898,3.9453125,0.47231838814999233
00955,0.8371222364847517,0.4280320561225733,0.2156406044960022,0.3978627026081085,0.6152818202972412,75.00348663330078,5.34657890042914,8.068984031677246,4.84765625,0.43373623292642294
00956,0.7751946982295668,0.45066647859510545,0.29414719343185425,0.5105162262916565,0.7057833671569824,76.04583740234375,4.866755093872005,4.939454078674316,4.984375,0.408211948398553
00957,0.9298088418059463,0.3604845529094806,0.2664954662322998,0.5411339998245239,0.5932052135467529,76.67286682128906,4.556936587430739,11.393133163452148,4.65234375,0.41514047534179743
00958,0.730730205019458,0.28549732620320856,0.4676405191421509,0.6247143745422363,0.4436139762401581,73.29572296142578,6.935517975423478,10.126643180847168,2.197265625,0.15496614793142788
00959,0.845832141851208,0.3653571428571429,0.3070420026779175,0.5738939642906189,0.629501223564148,73.25420379638672,4.866500102225057,9.59917163848877,4.9296875,0.29315669623904456
00960,0.6847197943098923,0.31648516710476904,0.2124861478805542,0.5713773369789124,0.5241045951843262,75.70623016357422,3.193609772361433,12.022709846496582,4.78125,0.561969292491977
00961,0.8795630848844742,0.3397822810762016,0.5441317558288574,0.7292989492416382,0.533959150314331,73.85138702392578,7.245427162209458,12.620001792907715,3.7890625,0.16414370822334595
00962,0.8596674058503606,0.3765620128079054,0.2534651756286621,0.5103886127471924,0.520847737789154,74.11962890625,4.884615096127805,12.035798072814941,4.2265625,0.25137852966886565
00963,0.7542296775929268,0.2828579550838624,0.293823778629303,0.5940245985984802,0.4755389988422394,70.90589904785156,4.51921228162754,13.405065536499023,4.6171875,0.21578670806143682
00964,0.7643496685120634,0.3636794689426268,0.31721264123916626,0.40204253792762756,0.6052756905555725,76.6681900024414,7.055326637518666,11.572820663452148,4.97265625,0.6720346721264948
00965,0.7045823602977684,0.3424932975871314,0.34446972608566284,0.5369862914085388,0.4106714427471161,71.619873046875,5.7684079442326714,13.175196647644043,2.943359375,0.47998151946243567
00966,0.7343008237398951,0.3916670594334732,0.26254600286483765,0.4644770324230194,0.6551476716995239,74.79039001464844,3.6481384461187636,8.710546493530273,4.94921875,0.47044529537894847
00967,0.5817370992367149,0.23509075194468454,0.23631179332733154,0.3860985338687897,0.6205054521560669,75.50558471679688,5.28121021894917,12.073315620422363,4.98046875,0.6734193775253795
00968,0.8157830523684494,0.4057310607720282,0.2547292113304138,0.6123771667480469,0.568365752696991,71.7048110961914,3.931015687893618,14.386792182922363,4.83984375,0.45170564195063917
00969,0.8870158343596192,0.5094425598703863,0.19680774211883545,0.3300645053386688,0.5933866500854492,75.6061782836914,5.282640614620923,13.27424144744873,4.95703125,0.7916617765493701
00970,0.6605198052151771,0.3644201753125449,0.2905352711677551,0.6620894074440002,0.4892703890800476,66.61028289794922,5.074248632315401,15.43758487701416,4.30859375,0.5610021586723057
00971,0.6879139687473385,0.38773807868761295,0.20402133464813232,0.4487338662147522,0.5115745663642883,70.42365264892578,3.9442823810196384,12.807516098022461,4.61328125,0.5617539087015907
00972,0.8455957054172147,0.46294476955277436,0.27623260021209717,0.4132848083972931,0.6790549755096436,73.60792541503906,6.105850373043195,9.555564880371094,4.8828125,0.5258330947771559
00973,0.865587473753521,0.38208656976182037,0.28995996713638306,0.48398375511169434,0.4845927059650421,70.95230102539062,4.2171893830138405,12.262249946594238,3.19140625,0.4761266096738985
00974,0.8588903588515702,0.3677472443355787,0.25904762744903564,0.547664225101471,0.49857041239738464,75.01502990722656,3.4451452797896263,10.547503471374512,4.703125,0.2563224595189025
00975,0.9095349125902553,0.4858950754449453,0.27438437938690186,0.31024155020713806,0.5576378703117371,74.50585174560547,4.05224743376977,9.870793342590332,4.3984375,0.4983298387874563
00976,0.7904210090894498,0.39965291955900367,0.22049909830093384,0.45648226141929626,0.6969420909881592,75.40896606445312,5.18580445783148,14.716299057006836,4.984375,0.6841404681779326
00977,0.728714905190108,0.3872646088138226,0.26134729385375977,0.5469198226928711,0.45653843879699707,68.98680114746094,3.9127517839161436,12.0067777633667,4.1796875,0.4546298856304174
00978,0.20007694164670559,0.08959458722104,0.28621047735214233,0.4295122027397156,0.5549942851066589,70.55545043945312,5.749725961192971,14.628662109375,4.77734375,0.5746980308636529
00979,0.32793445529961773,0.11948420008502196,0.42096513509750366,0.6214250922203064,0.30579012632369995,67.55010223388672,6.7461923535889,14.774557113647461,3.03515625,0.3182428983370725
00980,0.8908181176310299,0.40609296835478614,0.24789202213287354,0.47306331992149353,0.3635260760784149,72.65815734863281,2.9308507896410156,12.127579689025879,3.76171875,0.3268890116437725
00981,0.6661360964493975,0.2790186485145005,0.2983739376068115,0.5098541975021362,0.6745473742485046,76.90393829345703,6.7822315896190215,10.12855339050293,4.98046875,0.5135190625845026
00982,0.7062761913882644,0.37246213874743733,0.32249975204467773,0.46505218744277954,0.3737039864063263,65.24650573730469,4.428910258660073,11.762337684631348,3.791015625,0.46482344000513026
00983,0.77017905273399,0.44716961956705853,0.23766207695007324,0.3692019581794739,0.5103586316108704,73.50528717041016,4.427380872800589,12.462959289550781,4.2734375,0.5362669393184623
00984,0.5126654871871962,0.28215103806857433,0.32994335889816284,0.4382714033126831,0.4409451484680176,67.73429870605469,3.7581776494149333,11.14303207397461,2.0703125,0.4855528316488732
00985,0.8590541936743722,0.4793553175697169,0.2312227487564087,0.3965868353843689,0.6646789312362671,73.98890686035156,3.6533408526577715,12.596529006958008,4.953125,0.4978998223253389
00986,0.6937634565592669,0.2619459703514185,0.336028516292572,0.5955173969268799,0.6178746223449707,76.041015625,6.450289762515074,8.965531349182129,4.9453125,0.3913706285296123
00987,0.8557414492642594,0.3543588746162888,0.3963223695755005,0.5108140707015991,0.4627605676651001,69.6149673461914,4.1176506909307875,12.014313697814941,3.19921875,0.25452252679085013
00988,0.6471333958049268,0.32725310307609284,0.3641454577445984,0.7179952263832092,0.40159228444099426,69.84736633300781,7.9978930982284915,11.75264835357666,4.48046875,0.5991367810664526
00989,0.5251213444065735,0.18392567970680984,0.39407891035079956,0.7938997149467468,0.3648405075073242,71.7278823852539,7.134952280590952,12.205582618713379,2.9765625,0.17299925985086187
00990,0.8927888144014992,0.40771116558948073,0.2621880769729614,0.47977256774902344,0.42948076128959656,74.18824768066406,4.058638056673817,10.173297882080078,3.5234375,0.3479232833530292
00991,0.9080011593647574,0.3462374663335172,0.46221405267715454,0.773809015750885,0.4051807224750519,69.07259368896484,6.831277140646513,10.184244155883789,3.07421875,0.10429265626990991
00992,0.8834915740576346,0.5053172777702611,0.24188470840454102,0.45170140266418457,0.4786345362663269,70.06123352050781,4.862512588580704,10.694595336914062,4.5390625,0.4934605017164539
00993,0.8281154982018979,0.37367692376401235,0.2354941964149475,0.40493685007095337,0.5928584933280945,73.10113525390625,3.7689706071644604,9.97672176361084,4.3359375,0.5583039733908443
00994,0.8144366841455388,0.34611128451039924,0.28009963035583496,0.5512101054191589,0.27574607729911804,74.3613510131836,4.258621391705175,11.12727165222168,3.412109375,0.29876364459614896
00995,0.8989958812957758,0.4625234092591786,0.2709445357322693,0.3503813147544861,0.5063349008560181,75.76191711425781,4.835068847992767,12.308046340942383,4.16796875,0.6608441841254938
00996,0.8081914674517215,0.37379877075622264,0.22903364896774292,0.4334980845451355,0.637992799282074,76.23517608642578,4.300508741997473,10.824325561523438,4.8828125,0.5804471871971759
00997,0.8785194297804695,0.3469298070392713,0.32809388637542725,0.6421229243278503,0.5681666135787964,73.17820739746094,4.677790223439076,8.801824569702148,3.837890625,0.3824913225730137
00998,0.7997764947800017,0.5026885850361038,0.19477927684783936,0.2732588052749634,0.43648383021354675,70.02713012695312,5.46218564795781,19.26503562927246,4.02734375,0.8187622312029641
00999,0.7811256253574879,0.3229298589545636,0.20006948709487915,0.29653921723365784,0.5961204171180725,71.70713806152344,5.10358614436501,11.919506072998047,4.48046875,0.5636133130432012
01000,0.8012891378219157,0.4462546935658372,0.2292596697807312,0.3146025836467743,0.5156006813049316,74.0833511352539,3.834682398087647,10.544649124145508,4.61328125,0.4533124049309805
01001,0.8497372270969876,0.38656947205654957,0.3054584860801697,0.464668333530426,0.44204142689704895,68.20043182373047,4.981802647487166,11.223546028137207,2.73046875,0.6527218988797054
01002,0.6580213824606428,0.3008468353810759,0.29965150356292725,0.5180073380470276,0.6368573307991028,74.21543884277344,5.31121939505102,6.449072360992432,4.98828125,0.473768473483649
01003,0.8492912981651277,0.3365620763502761,0.4535987377166748,0.7519133687019348,0.540041983127594,69.98841857910156,6.452647931445443,8.635164260864258,3.1171875,0.42321346505367474
01004,0.8852654074076629,0.40864894897675713,0.2970770001411438,0.5755248069763184,0.6310253739356995,74.85784912109375,3.784368986487092,8.163740158081055,4.953125,0.40227146292814037
01005,0.8227686515045001,0.31490941681070356,0.3240756392478943,0.5330289006233215,0.5213939547538757,73.53878021240234,4.497521338732485,13.974356651306152,4.54296875,0.3212691205605935
01006,0.7267750841892987,0.32307069980673286,0.31460821628570557,0.7272130250930786,0.5208978056907654,74.01473999023438,3.5871742668680087,7.994729995727539,4.8515625,0.19555204883904426
01007,0.844351779386527,0.41186997689779714,0.21996742486953735,0.5270949006080627,0.4775125980377197,71.99211883544922,4.312299871192322,17.111251831054688,3.9609375,0.6101131557124538
01008,0.6784917722675492,0.2624673990358018,0.3735235333442688,0.7725954651832581,0.6135479211807251,76.42121124267578,4.148923342375525,11.61080551147461,4.90625,0.45354291006649144
01009,0.435680903090998,0.20267949158364823,0.2745559811592102,0.5819106698036194,0.6760751605033875,75.22393035888672,4.682924985318117,7.531769275665283,4.984375,0.5223213615716807
01010,0.8178074002127196,0.3151677429516459,0.3667086362838745,0.7131224274635315,0.4273145794868469,69.74813842773438,5.33579892078193,13.705589294433594,4.6953125,0.27631128844232405
01011,0.6515821877687351,0.3500650678564789,0.2775447368621826,0.5844376087188721,0.5786104202270508,72.8818130493164,4.3509627121371945,8.41765022277832,4.83984375,0.4416154211396605
01012,0.8316493044140265,0.32832342449464924,0.2591373324394226,0.5073314905166626,0.5084393620491028,74.81175994873047,5.480116314166227,13.505115509033203,4.8828125,0.42058556152327636
01013,0.7817570874000851,0.3907101213801013,0.3097500801086426,0.6245510578155518,0.46317383646965027,67.85356903076172,5.876651259713158,11.115762710571289,3.705078125,0.5015153669759039
01014,0.7402307974404451,0.3291887550200803,0.3576769232749939,0.6578210592269897,0.3559249937534332,60.96486282348633,2.4029070857030086,14.203411102294922,3.103515625,0.30345706700973035
01015,0.8409011767012334,0.35234113216499124,0.22526764869689941,0.5069013237953186,0.6858006715774536,74.8709945678711,5.707734576858378,13.551164627075195,4.89453125,0.514534200513793
01016,0.9063466842927744,0.42502979737783075,0.2438921332359314,0.5437750816345215,0.6435328722000122,73.50069427490234,5.154446971950013,8.199926376342773,4.95703125,0.5078692422682655
01017,0.8765707058774665,0.3405809911024689,0.37627947330474854,0.6862235069274902,0.506858229637146,70.30357360839844,8.01875944967292,11.995333671569824,3.720703125,0.16148787983724866
01018,0.7559813411984007,0.364572389157386,0.2603246569633484,0.43579283356666565,0.6681497097015381,73.96742248535156,4.745847157993194,9.02889347076416,4.8125,0.5765144659896108
01019,0.778648565356174,0.31932258222636145,0.32246196269989014,0.6190033555030823,0.36113911867141724,67.0154037475586,6.758933831623499,12.438331604003906,2.849609375,0.2146412031443932
01020,0.8119946478083462,0.34956377638056246,0.2625546455383301,0.5988670587539673,0.5849524140357971,68.14421844482422,4.645547749607875,15.89326000213623,4.55859375,0.5208753423223321
01021,0.6805976132464482,0.2586317428335928,0.3986683487892151,0.614365816116333,0.5656225085258484,66.55230712890625,6.4449596638736075,7.254557132720947,2.208984375,0.3054937148689162
01022,0.8832210732078841,0.37964939351077964,0.4893742799758911,0.6469480991363525,0.34801429510116577,72.7444839477539,8.110936910942524,10.467113494873047,2.33203125,0.2439033449081831
01023,0.6949283208665169,0.285814739688979,0.26449334621429443,0.4704694449901581,0.4515087604522705,73.37825775146484,3.1499983043076134,14.53061294555664,4.296875,0.44777255784449926
01024,0.7031382052457292,0.305136463807425,0.33718961477279663,0.558097243309021,0.5054143667221069,64.39054870605469,7.547559183603618,13.816408157348633,4.60546875,0.6200135216340291
01025,0.6365196851214975,0.3003478820124536,0.33477210998535156,0.6184477806091309,0.2920386493206024,62.17155075073242,5.624035070704331,11.896810531616211,3.30078125,0.3300303165500753
01026,0.8422300254782995,0.34362136815282784,0.29505884647369385,0.5520520210266113,0.388017475605011,74.70512390136719,5.09700311241196,14.366676330566406,2.96484375,0.37085914149758104
01027,0.805713329586952,0.3504727907948202,0.4565275311470032,0.6035670042037964,0.3043361008167267,64.80252075195312,7.7666807291412,14.903626441955566,2.357421875,0.3528833084062084
01028,0.6566181013117246,0.3515892873691039,0.36093461513519287,0.762317419052124,0.44179990887641907,67.09930419921875,6.600591148973543,9.86243724822998,4.015625,0.4554817947507896
01029,0.7475544780058034,0.44731916767587804,0.31605851650238037,0.6083443760871887,0.4468518793582916,70.80897521972656,6.435826332760859,12.91024398803711,2.46875,0.5803913309096316
01030,0.8543830301979533,0.37662564201957555,0.2712900638580322,0.40335673093795776,0.5310516953468323,72.95684814453125,3.6498100848480206,13.011441230773926,4.953125,0.48573072510505727
01031,0.7883621802837928,0.36947076002564283,0.25909847021102905,0.4659155011177063,0.5385532975196838,72.82271575927734,5.2089477437050835,12.745512008666992,4.53125,0.5171241763151653
01032,0.8200753855076748,0.3159433492579685,0.2752183675765991,0.3986455202102661,0.44752487540245056,71.5151138305664,3.7394977935833635,13.281026840209961,4.5234375,0.36813806062408755
01033,0.8416857829019213,0.41691173662299963,0.3824464678764343,0.5811318755149841,0.3277955949306488,70.63436889648438,6.102134799983859,11.017223358154297,3.3359375,0.38440606012130496
01034,0.8269344904979883,0.3092890503373119,0.27704399824142456,0.5361972451210022,0.6397456526756287,76.77434539794922,5.614305059511593,10.424227714538574,4.98828125,0.6160055489896347
01035,0.6456465559227358,0.2938722144244265,0.20477932691574097,0.3843654692173004,0.3789226710796356,70.1912612915039,5.6571523311552765,12.499349594116211,3.896484375,0.24690523910263137
01036,0.8253176710515312,0.4735632183908046,0.2578626275062561,0.4715641736984253,0.5092467665672302,76.2356948852539,5.69771270798523,12.376909255981445,3.79296875,0.6376138941696351
01037,0.7598812433283635,0.4003722134563256,0.1950392723083496,0.45639002323150635,0.5266607999801636,74.21371459960938,4.786671175257085,10.14681625366211,4.828125,0.5177722190170666
01038,0.8274762079589623,0.40445108621818227,0.2336064577102661,0.4249534010887146,0.643573522567749,74.6383056640625,4.63991963607029,9.373676300048828,4.79296875,0.3007808344620627
01039,0.8678926139880945,0.3541014917509138,0.3418017625808716,0.4663470685482025,0.539199948310852,72.50543212890625,5.663589977107026,10.990532875061035,3.669921875,0.26790825064813467
01040,0.7897599154167023,0.4432500580604492,0.22887760400772095,0.4486292004585266,0.5755407214164734,69.6941146850586,3.299489822251134,10.570931434631348,4.41015625,0.4398434997285224
01041,0.7845331079764317,0.31245756561234284,0.23493808507919312,0.34559905529022217,0.5997788906097412,74.47872924804688,5.944776172359489,11.79804801940918,4.93359375,0.5843600365774684
01042,0.8580378034030661,0.3781366326557939,0.2267378568649292,0.46945929527282715,0.5586370229721069,73.93331146240234,4.763862437069203,16.819625854492188,4.89453125,0.4754667314829784
01043,0.8410510689383253,0.38688929481077466,0.23694759607315063,0.3811989426612854,0.4405503273010254,69.17575073242188,3.8231379179524088,10.107465744018555,3.708984375,0.2665863715296866
01044,0.8448013061826559,0.3701683586606974,0.3652164936065674,0.577147364616394,0.3124333620071411,74.59412384033203,5.85895263989431,12.757387161254883,3.376953125,0.3922721796259585
01045,0.7919464377520956,0.48585580627407815,0.24757170677185059,0.37328898906707764,0.5632687211036682,66.10894775390625,6.433048772464762,13.662664413452148,4.26171875,0.807984380560027
01046,0.8487995103108914,0.3460155214840053,0.1934376358985901,0.3935069441795349,0.5068427324295044,72.48330688476562,3.1289877089838924,13.258380889892578,4.5859375,0.35659006698393914
01047,0.7187606621128596,0.3309228896685043,0.2951729893684387,0.5805059671401978,0.6475539207458496,74.52493286132812,5.309527234736543,10.179704666137695,4.53125,0.5843761736661799
01048,0.65993073501646,0.3039421840230284,0.26246213912963867,0.42261677980422974,0.6369364261627197,73.8388442993164,3.3283812871477103,10.72944164276123,4.80078125,0.37114507285739706
01049,0.4668606535767739,0.2657847628872235,0.29280591011047363,0.47028347849845886,0.47609785199165344,74.00872802734375,4.420060402568371,12.55312728881836,4.9140625,0.4277980506171894
01050,0.6379634038278349,0.25405712221677546,0.3542742133140564,0.6491307616233826,0.3898531496524811,71.08193969726562,5.705998962717903,10.650139808654785,4.2734375,0.17433668907852387
01051,0.7900013321769508,0.4206947524020695,0.1617131233215332,0.3354635536670685,0.6262444257736206,73.52672576904297,3.7500027693901967,14.908109664916992,4.96484375,0.6878878396024789
01052,0.8761068675508585,0.5017959770114943,0.244062602519989,0.475000262260437,0.6349494457244873,73.56599426269531,6.5358068499557005,10.558826446533203,4.65625,0.7364038432557517
01053,0.771485696442628,0.32842582106455265,0.32864075899124146,0.4937683343887329,0.4889327883720398,74.19720458984375,4.913561370872715,15.276573181152344,3.150390625,0.653487308588293
01054,0.6310418108509285,0.3515128031257064,0.3017958998680115,0.5662204623222351,0.35786929726600647,68.80377960205078,5.195449061320142,12.20819091796875,3.5390625,0.4710808069033402
01055,0.8467248633727028,0.45368888075744407,0.19452106952667236,0.3081797659397125,0.5746606588363647,73.55213165283203,4.602016924537076,14.251832962036133,4.84375,0.6456117206679869
01056,0.8088663852378712,0.44623700623700624,0.2740374207496643,0.6327577829360962,0.4639856815338135,65.90184020996094,5.553805091189766,11.676749229431152,4.3125,0.4299639003259151
01057,0.8335866452086432,0.3299140756488617,0.2933616042137146,0.5124145746231079,0.47427594661712646,66.35065460205078,4.430611195099025,13.310462951660156,4.2578125,0.4107624203176634
01058,0.7080875108901684,0.3510743299673525,0.2508026361465454,0.4571322202682495,0.3342151641845703,65.71239471435547,5.025241531720809,12.906289100646973,3.53125,0.4369141907417223
01059,0.8226807063559293,0.4018388725601025,0.2572023272514343,0.5924053192138672,0.5402782559394836,70.40155029296875,4.550622853594068,15.167272567749023,4.953125,0.6751104718843939
01060,0.7190261714813014,0.2954205472180669,0.24770879745483398,0.5365692973136902,0.6380636096000671,71.89126586914062,4.138143784270028,12.443662643432617,4.98046875,0.5111082743321554
01061,0.746054819172134,0.34969945843004224,0.28486931324005127,0.4561446011066437,0.4519743323326111,71.2920150756836,5.413298785208824,12.803298950195312,3.623046875,0.4891829769352346
01062,0.82766696594435,0.3184684480333893,0.34957563877105713,0.6505255103111267,0.6020006537437439,73.30891418457031,4.8207077308846955,12.980890274047852,3.81640625,0.3194369518846662
01063,0.9236435155316728,0.3933064213293278,0.20665425062179565,0.4150552749633789,0.5977599620819092,75.42597961425781,4.256442478855858,14.316893577575684,4.98828125,0.6351687302511938
01064,0.8387035928942875,0.37895805950531725,0.3507046699523926,0.6481110453605652,0.49543944001197815,74.09493255615234,5.045244343304412,8.372342109680176,4.1171875,0.3271855584945589
01065,0.9667643959171788,0.6898822337596555,0.2325810194015503,0.18448033928871155,0.6414763331413269,76.58541107177734,7.765040662263261,13.366994857788086,4.5703125,0.8828669786602779
01066,0.8184485508807733,0.36833558863328825,0.2572370767593384,0.3882705271244049,0.5443883538246155,74.7942123413086,5.76087640832401,13.104830741882324,3.876953125,0.28562018116857585
01067,0.9558264040807133,0.3817268596029658,0.24749720096588135,0.520516574382782,0.5924496650695801,71.62666320800781,3.995057986883374,12.67892074584961,4.25,0.5643016237126149
01068,0.9143207257786546,0.35296021615840356,0.43907761573791504,0.677858293056488,0.47981417179107666,73.16202545166016,5.637684758208835,11.740571022033691,2.287109375,0.20160885664046718
01069,0.8890667119893784,0.468131601311157,0.19289261102676392,0.3464425504207611,0.48343029618263245,72.67964172363281,4.44452683059249,16.61869239807129,4.078125,0.6612444191358159
01070,0.2611473104897129,0.11534218434967855,0.46619361639022827,0.6610292792320251,0.4803251624107361,69.12705993652344,5.123686192635263,6.408629894256592,3.01171875,0.3739574756246827
01071,0.7817735385760372,0.30390979798507073,0.29711103439331055,0.6766437292098999,0.6405942440032959,73.97151184082031,4.606525691270583,12.76759147644043,4.72265625,0.48191268727889014
01072,0.8022962051698413,0.33130184526832573,0.238386332988739,0.38350042700767517,0.5557701587677002,71.70355987548828,4.863394476768797,11.762391090393066,4.46484375,0.21647659400658134
01073,0.8312771695905344,0.35487053020961773,0.29655706882476807,0.5507427453994751,0.5440654754638672,76.19071960449219,4.620585274637152,7.975033760070801,4.78515625,0.2222450609033204
01074,0.8848813802598786,0.37747983330715285,0.19265753030776978,0.4542706608772278,0.5323102474212646,75.09078979492188,4.447540564143359,13.650765419006348,4.44140625,0.33180243848849966
01075,0.8789634295766277,0.4710157466689739,0.18951135873794556,0.3095800280570984,0.5756099224090576,74.13251495361328,3.2548822772119568,14.065204620361328,4.5,0.5070037246267343
01076,0.8511183829614014,0.3911804409779511,0.25097352266311646,0.4374212324619293,0.4405238926410675,70.8050765991211,3.574429167650761,11.166027069091797,3.890625,0.46682182076279144
01077,0.42045800906953235,0.1756331279945243,0.3045312762260437,0.5678442716598511,0.5544263124465942,65.52851104736328,4.1576363135888235,12.01141357421875,2.435546875,0.4522443476667915
01078,0.5485399945177325,0.23397312186392505,0.291215717792511,0.4675213694572449,0.5488775372505188,60.5516242980957,5.1287706652546445,17.652952194213867,4.78125,0.4390296879683472
01079,0.8269271259450373,0.48113315747218716,0.22748619318008423,0.2985280454158783,0.4668474793434143,67.78003692626953,6.241713957942235,17.717920303344727,4.734375,0.6332364951317946
01080,0.7194482952994126,0.4236383054467782,0.2820885181427002,0.45419248938560486,0.48575639724731445,70.64617156982422,5.4739923829585555,14.335184097290039,3.306640625,0.7080456839128089
01081,0.8189987409978315,0.37056151940545007,0.30890172719955444,0.5257576704025269,0.21671569347381592,71.69695281982422,4.896591951482667,11.29570484161377,2.841796875,0.34531104754443753
01082,0.7422045033176793,0.31029627288140466,0.2919708490371704,0.5509153604507446,0.5031655430793762,69.3338851928711,3.786456859287031,10.345124244689941,3.330078125,0.42922710497735944
01083,0.9212099814208179,0.36324734323030744,0.2932701110839844,0.5533052682876587,0.49819493293762207,68.24916076660156,4.438567241740056,12.24986457824707,3.466796875,0.36799805367660715
01084,0.8707792855062157,0.4477578391338553,0.2604600787162781,0.4996349811553955,0.46118029952049255,75.12246704101562,3.0049430697843045,9.634734153747559,4.62890625,0.48661282593310146
01085,0.9152516792154286,0.3764618457108355,0.3357517123222351,0.47625672817230225,0.4807092845439911,73.38101959228516,4.474684336380099,12.594039916992188,3.18359375,0.3867419812919523
01086,0.8359836972852015,0.3493354040104143,0.2533937692642212,0.45985230803489685,0.44143182039260864,73.83992767333984,4.264519769125801,11.852254867553711,4.16015625,0.2619964485246611
01087,0.7509668704168545,0.3430000675995403,0.3313736915588379,0.5038342475891113,0.3849692940711975,68.69397735595703,5.38931131753183,12.108975410461426,2.712890625,0.4099999550213059
01088,0.8066480272112408,0.40437195682522387,0.20508700609207153,0.2841763496398926,0.45804235339164734,74.28848266601562,3.8767410051828857,16.300201416015625,3.923828125,0.6556011153180921
01089,0.8547355704306311,0.41434286129900355,0.22826123237609863,0.3879537284374237,0.47633853554725647,72.68952178955078,5.647055408521864,14.659006118774414,3.76953125,0.3833815220782432
01090,0.8185779308789692,0.3252153014219908,0.2952392101287842,0.5558630228042603,0.6098704934120178,73.57024383544922,5.026161892410806,13.365439414978027,4.43359375,0.527438750651878
01091,0.6698250761537126,0.3074884029158383,0.25417256355285645,0.39965468645095825,0.56097412109375,77.57516479492188,4.40825563510781,10.952852249145508,4.8671875,0.45775526889522167
01092,0.6834360321761972,0.3117104471626228,0.2595984935760498,0.4741846024990082,0.6133480668067932,69.08454132080078,4.653337752247953,10.438204765319824,4.30859375,0.47955932355683994
01093,0.798538579943441,0.3069343807137536,0.2848118543624878,0.4904341697692871,0.5635823011398315,74.90753936767578,2.81567705905861,11.04916763305664,4.95703125,0.3036240876568477
01094,0.8241825664697586,0.47021581287842623,0.22631418704986572,0.4062466621398926,0.609017014503479,73.6982650756836,3.7241260089281027,13.023673057556152,4.76953125,0.54125036707009
01095,0.740339593305841,0.38907971100319794,0.36198365688323975,0.74537593126297,0.607213020324707,73.19416046142578,4.552832610899527,8.897357940673828,3.9765625,0.35060555562288426
01096,0.8725197917756746,0.5673154439709778,0.2464476227760315,0.35858628153800964,0.6370624899864197,75.77885437011719,9.769064557492433,14.494036674499512,4.94140625,0.8054758441233185
01097,0.7796899692947193,0.300680113740293,0.25102484226226807,0.5118554830551147,0.6086151003837585,75.51301574707031,4.564122122745448,12.049858093261719,4.296875,0.35537604097873793
01098,0.8709394808719702,0.6771680216802168,0.2440173625946045,0.3206450641155243,0.5710266828536987,63.55043411254883,11.532544538268997,18.310626983642578,4.95703125,0.748817276926259
01099,0.693690914303271,0.29383347541915317,0.3123864531517029,0.5449241995811462,0.5057557225227356,69.84041595458984,7.2025492908438675,8.158809661865234,3.943359375,0.46755216341466543
01100,0.8692534598204403,0.38731566638797,0.17805159091949463,0.34156107902526855,0.5592460632324219,73.98774719238281,3.242890949608291,12.576870918273926,4.671875,0.44187080437455295
01101,0.767473855923055,0.3548624935486249,0.2552981376647949,0.5898227691650391,0.5714919567108154,72.66007232666016,3.644657495262768,8.348097801208496,4.84765625,0.4718596965553304
01102,0.7199746082813048,0.3031642945972088,0.453558087348938,0.5913711786270142,0.3031708002090454,71.08373260498047,5.910461373313847,12.536269187927246,2.552734375,0.42786058400187754
01103,0.953258564400325,0.37001913181158463,0.34138548374176025,0.5642505884170532,0.5789207220077515,75.46810150146484,5.426749366426855,13.223267555236816,3.998046875,0.3436910442123491
01104,0.9106841757094157,0.3542340998830687,0.38812577724456787,0.6480069160461426,0.527617335319519,73.33297729492188,4.936753699720863,11.451253890991211,4.38671875,0.26430936393862425
01105,0.7648295655290324,0.39276862516401806,0.27848517894744873,0.48198366165161133,0.6005644798278809,75.45069885253906,3.870744355811394,10.051783561706543,4.94140625,0.4386185752297356
01106,0.8294008170025096,0.36589008363201914,0.2989760637283325,0.5246120691299438,0.5331035256385803,63.8807373046875,4.98119595331826,17.850605010986328,4.08203125,0.611190914395296
01107,0.7999447706624491,0.4131845134286711,0.17852216958999634,0.35003387928009033,0.5645847320556641,73.00418090820312,3.9331813898377668,13.891772270202637,4.97265625,0.6381417064953087
01108,0.8647708908288313,0.37203541207609164,0.2562982439994812,0.5002270936965942,0.3754892647266388,72.08119201660156,3.3446660388721936,10.12031364440918,4.0,0.3679614352249655
01109,0.7969720622088948,0.37550895453849686,0.2430599331855774,0.5159070491790771,0.6526198983192444,75.52091217041016,5.693478662616936,11.829732894897461,4.34375,0.4777296982793221
01110,0.8319980916161824,0.3724128326979651,0.28096532821655273,0.467061847448349,0.4218800961971283,64.00077819824219,4.213098685575225,11.150755882263184,4.12890625,0.30848406736150596
01111,0.7528868999445264,0.32396084704861583,0.20675283670425415,0.31446194648742676,0.643570065498352,76.17557525634766,5.000030088385874,14.598703384399414,4.9921875,0.5814697188202222
01112,0.8279020931313629,0.4010305391479201,0.23732751607894897,0.36661311984062195,0.6368189454078674,74.36030578613281,3.2837382860529813,15.013938903808594,4.91015625,0.5826144199811928
01113,0.7990946446270786,0.43476832073611565,0.22256094217300415,0.34272658824920654,0.6335839033126831,73.39317321777344,7.219933748316457,10.867996215820312,2.943359375,0.5309737912208906
01114,0.6948838464228428,0.3072170547898703,0.31659406423568726,0.6728410124778748,0.33718040585517883,66.84708404541016,5.042208608501556,13.286420822143555,3.796875,0.43631197496345653
01115,0.8206588693206064,0.3549243119648848,0.2365836501121521,0.3433872163295746,0.42440974712371826,72.95806884765625,7.6339395786977144,16.30036735534668,3.689453125,0.3780662121416534
01116,0.8233532167566391,0.33652413651386204,0.3488577604293823,0.5521382689476013,0.4708259105682373,69.99639129638672,4.7881462026163195,12.24719524383545,3.22265625,0.4335461127992197
01117,0.8073355639653884,0.34482575857956804,0.2872160077095032,0.6745668649673462,0.5557966232299805,76.13471984863281,4.3826515906145245,12.406097412109375,4.94140625,0.46053228336873764
01118,0.5939727869908562,0.2268995799923635,0.3230396509170532,0.5868186950683594,0.48076072335243225,74.32098388671875,4.876417069228238,10.510259628295898,3.890625,0.3564977846807188
01119,0.41054154003976456,0.19526903334649484,0.21232229471206665,0.31189069151878357,0.6643153429031372,75.06309509277344,5.335638860054383,14.179780960083008,4.9921875,0.52964756070758
01120,0.6536227399425001,0.38454610951008644,0.2841588854789734,0.5046510696411133,0.5903950333595276,74.18948364257812,5.738511070965594,8.936612129211426,4.93359375,0.48955286606870063
01121,0.8561945499152475,0.4215482791735076,0.2758522033691406,0.5013376474380493,0.5338706374168396,73.05070495605469,4.315153975331398,13.587940216064453,3.380859375,0.6163429292038433
01122,0.8185341953035519,0.49550859782701684,0.16631197929382324,0.32231611013412476,0.6858283281326294,74.19977569580078,5.112655650280197,18.098493576049805,4.9765625,0.8032042225402556
01123,0.717748451101873,0.3647291289313354,0.31952953338623047,0.5671514868736267,0.5174934267997742,71.45275115966797,6.15611377970375,11.427288055419922,4.98046875,0.5869656785643239
01124,0.7773951068269592,0.2860588599855949,0.36805611848831177,0.6318074464797974,0.4153003990650177,68.31409454345703,6.664428748783361,10.86746597290039,3.923828125,0.1488811377163594
01125,0.6865631944361397,0.2759044133899845,0.2308412790298462,0.34265291690826416,0.5855198502540588,74.62799835205078,5.380431706203144,11.57756233215332,4.984375,0.4275932872787476
01126,0.8712118582897759,0.375344697023818,0.4374787211418152,0.6612857580184937,0.3360641598701477,68.9630126953125,7.029597133415435,13.754180908203125,3.0703125,0.3025371480696915
01127,0.7499647615369762,0.40868055555555555,0.2703259587287903,0.5394246578216553,0.6546048521995544,75.63400268554688,5.638833589276442,12.30647087097168,4.9609375,0.7641068581172769
01128,0.8726231363394457,0.39939182674478974,0.25712788105010986,0.42508605122566223,0.48732852935791016,70.41106414794922,3.1804147639216347,10.665023803710938,4.1484375,0.2979010053140092
01129,0.8200477141583076,0.3338924046172711,0.3276740312576294,0.5625443458557129,0.48184382915496826,73.5490493774414,4.657065388109521,13.230753898620605,4.11328125,0.3867893612545608
01130,0.81156483751506,0.32338410028173614,0.36576467752456665,0.6411372423171997,0.4857999384403229,72.23809051513672,4.409715922238449,10.109708786010742,4.0,0.30635768657273477
01131,0.8297661525082634,0.38857728553939014,0.31481367349624634,0.5417523384094238,0.3734399676322937,70.85107421875,5.216963659229337,14.9882230758667,3.947265625,0.4958948698876847
01132,0.8273046378294034,0.46775956284153003,0.18227028846740723,0.34097543358802795,0.6726599931716919,74.7559814453125,4.284527944732995,14.09232234954834,4.9296875,0.5149460672767213
01133,0.8690396688946458,0.4044286914897504,0.2173290252685547,0.5026424527168274,0.47617024183273315,73.8235855102539,3.7288390589283833,12.802284240722656,4.19140625,0.45013719777856526
01134,0.7300646458224158,0.3072555621575229,0.2739129066467285,0.4826319217681885,0.640320897102356,74.383544921875,4.411361125292041,10.167685508728027,4.96484375,0.34916664536850517
01135,0.7683708738612564,0.30662453752464286,0.2909564971923828,0.5519983172416687,0.5628266930580139,72.34772491455078,5.27927038468361,12.419161796569824,3.888671875,0.4066018469003809
01136,0.5245974010069989,0.23500682008184098,0.381727933883667,0.5411518812179565,0.26196950674057007,66.57303619384766,5.506447057023409,8.865336418151855,2.583984375,0.24052347337373034
01137,0.888847577323465,0.3947527645824483,0.24763286113739014,0.46975958347320557,0.5859504342079163,74.02391052246094,3.830104455052945,10.591724395751953,4.83984375,0.39721993844723613
01138,0.7321213858207068,0.38067670140229,0.21709167957305908,0.522260308265686,0.4400137662887573,71.51365661621094,4.326209082622784,11.068316459655762,4.78515625,0.5598352056991142
01139,0.8673119059233932,0.3797479337946593,0.2587352395057678,0.46947410702705383,0.4429605305194855,74.91521453857422,3.191266471947537,10.357152938842773,4.24609375,0.32321439866737633
01140,0.6660629049722361,0.32619845448950285,0.19878870248794556,0.3185386657714844,0.5633450746536255,73.5456771850586,5.19256776731895,14.287829399108887,4.96875,0.6840250457159456
01141,0.7222030329144171,0.38604702997882534,0.23881983757019043,0.3987468481063843,0.5823888778686523,74.90155792236328,7.350371775461534,18.907434463500977,4.32421875,0.8055256639597235
01142,0.7139326419779376,0.30973544416977855,0.301247775554657,0.5977545380592346,0.48023706674575806,70.02867889404297,5.359881823605498,12.725994110107422,4.2265625,0.3869509640192931
01143,0.8300153638583688,0.3233806413593282,0.31520330905914307,0.6924059391021729,0.4907078444957733,73.53085327148438,2.765498296068074,11.796930313110352,4.8671875,0.44844710401728427
01144,0.8611193202951333,0.3441951458091337,0.30100929737091064,0.6554417610168457,0.5333570241928101,74.68348693847656,6.368019307171737,11.370203018188477,3.740234375,0.4548554989298386
01145,0.6899029884831616,0.34076861058855146,0.24674201011657715,0.380841463804245,0.6353968381881714,70.3545150756836,4.537860908785918,16.153709411621094,4.6015625,0.6606005910901477
01146,0.6736316693445605,0.2909813596491228,0.29525458812713623,0.5442533493041992,0.5345897674560547,73.40265655517578,5.196145123194018,12.565114974975586,4.03125,0.48318050240302085
01147,0.7293430845223681,0.27421758569299554,0.32140684127807617,0.5568708181381226,0.4406038224697113,72.34901428222656,4.922091560271322,14.423922538757324,3.38671875,0.3627294135021469
01148,0.8562314812426352,0.3720198691977662,0.325977623462677,0.4774215817451477,0.5400150418281555,70.83277130126953,3.163998963246971,10.047483444213867,3.912109375,0.2516395068691732
01149,0.5879163536860772,0.2322933132798232,0.46336060762405396,0.7295930981636047,0.44847241044044495,70.77226257324219,7.412664140337714,10.857682228088379,3.587890625,0.23935257212239477
01150,0.7640148038020059,0.34227100953752027,0.19018900394439697,0.4011276066303253,0.45221278071403503,68.08808898925781,3.5335645906981537,13.109278678894043,4.1015625,0.5316598119256428
01151,0.7644065289691836,0.31401599580437917,0.34804630279541016,0.7483687400817871,0.3743771016597748,72.76167297363281,3.291544048442659,12.078235626220703,3.751953125,0.4069301495314995
01152,0.6164538703579251,0.24636241039108525,0.25732922554016113,0.495710164308548,0.6033520698547363,76.91487884521484,4.123664229947369,10.557411193847656,4.98046875,0.498327638699242
01153,0.8137124532819882,0.3307056392087393,0.30140113830566406,0.6296278834342957,0.5480520129203796,74.4511489868164,4.034558645388338,8.85041332244873,4.80859375,0.31644852854176786
01154,0.7127426631357411,0.35139400315623354,0.24374234676361084,0.5323293209075928,0.46286898851394653,70.53970336914062,5.071493431227788,11.217424392700195,4.01171875,0.4916372195968902
01155,0.8718333884026351,0.3652780226021897,0.2946892976760864,0.5923891067504883,0.6394551396369934,77.44332122802734,4.205685368756273,5.665837287902832,4.9921875,0.47108577249563244
01156,0.795203332554438,0.37149377593360994,0.2833029627799988,0.4804842472076416,0.4488723874092102,72.81930541992188,3.143672856933512,10.274944305419922,4.49609375,0.35583353458751077
01157,0.9103311477583134,0.5113850616388688,0.20842128992080688,0.28699779510498047,0.42072129249572754,69.92803955078125,6.872483151533586,15.400138854980469,3.703125,0.7653964696897452
01158,0.6903008881347026,0.4056900560798796,0.28374314308166504,0.42225462198257446,0.48497745394706726,63.30906677246094,5.667134259144789,17.5143985748291,4.359375,0.4744124140680315
01159,0.8289724309776388,0.40453206435531386,0.3089774250984192,0.5970947742462158,0.528092086315155,71.43241119384766,4.314187302987767,10.263276100158691,4.3359375,0.38760031313057663
01160,0.8617501842654008,0.43575489179936555,0.4044254422187805,0.6940217018127441,0.29862406849861145,67.59202575683594,6.1849973484091265,10.913725852966309,3.705078125,0.3997922342379548
01161,0.6590813020032232,0.3344010249839846,0.41580837965011597,0.6678968667984009,0.3842373490333557,67.92699432373047,6.671548612965333,7.566105842590332,2.400390625,0.44351568621546167
01162,0.8219598176258495,0.3257891403619879,0.35289353132247925,0.5576391816139221,0.5815362334251404,73.70289611816406,4.121359030379773,10.035551071166992,3.7890625,0.2494136655024689
01163,0.8013854824774038,0.38158386253268584,0.2614400386810303,0.5705147385597229,0.5617481470108032,75.51581573486328,3.8177759053562585,9.163640975952148,4.77734375,0.44644479182554525
01164,0.7399692473410208,0.3511579740161928,0.3410545587539673,0.6351619362831116,0.41068291664123535,66.48798370361328,4.032390495716586,10.183411598205566,3.00390625,0.6190638937846351
01165,0.8270949797733028,0.34194503867039655,0.23681479692459106,0.3438872992992401,0.534152626991272,71.19478607177734,3.9514771852364943,13.431432723999023,4.19921875,0.2936090311897492
01166,0.8746552824613328,0.429784168960461,0.22255408763885498,0.3863743841648102,0.5452122688293457,73.8884048461914,2.8306232576876185,10.768697738647461,4.9609375,0.34639346294399526
01167,0.7374253308799105,0.325140863965656,0.24914848804473877,0.38603371381759644,0.5994799733161926,70.08650970458984,4.726841432260405,13.193511009216309,3.869140625,0.5434091004107512
01168,0.741031907119752,0.3668706418101608,0.4349328279495239,0.754486620426178,0.35678577423095703,65.77872467041016,7.083891997327963,5.871786594390869,2.939453125,0.2413487839851514
01169,0.8634298080529749,0.46289048499706104,0.2185455560684204,0.3220716118812561,0.6095815896987915,74.8119888305664,3.67871492103565,11.797439575195312,4.859375,0.45998578422710557
01170,0.7803393976421373,0.31487125591171833,0.28325337171554565,0.513292670249939,0.5348283648490906,74.19449615478516,5.19563177808243,10.859503746032715,3.4375,0.6781399475713814
01171,0.7938537751305241,0.4157450411844705,0.15615719556808472,0.31878411769866943,0.543793797492981,71.22551727294922,2.658351775526724,13.557271957397461,4.76171875,0.4285069701126784
01172,0.8210342521059949,0.35416309012875535,0.29522383213043213,0.4953917860984802,0.5370597839355469,73.91925048828125,3.4251837736533437,9.01593017578125,4.9375,0.3314088904657343
01173,0.7335416511174149,0.38872006806855475,0.20785194635391235,0.3604789972305298,0.5211816430091858,65.15779113769531,6.450586149161738,21.977603912353516,4.98046875,0.5424149721602695
01174,0.836292707391105,0.41253568647806904,0.2976934313774109,0.39885616302490234,0.4696104824542999,73.18290710449219,6.328426646367038,15.403432846069336,3.60546875,0.46223521732549006
01175,0.8068025782611433,0.5096127383526636,0.23802131414413452,0.5014691352844238,0.4152599275112152,70.9599380493164,4.793729133190332,14.457845687866211,4.0390625,0.6611934342057546
01176,0.782131123553422,0.38428704387175455,0.2180381417274475,0.4689217507839203,0.5083271265029907,74.0185317993164,4.259890978571126,12.493551254272461,4.51171875,0.45011610754255627
01177,0.81569652271023,0.31341013615044855,0.35723960399627686,0.7186846733093262,0.30358272790908813,69.85921478271484,8.735071910318396,11.831774711608887,2.73046875,0.22210062768664757
01178,0.8265863941329276,0.3194065273258057,0.2601594924926758,0.4073834717273712,0.5507429242134094,72.78175354003906,3.728508547691792,13.152900695800781,4.859375,0.2114412782779335
01179,0.8574090095816543,0.4167423853355983,0.31187719106674194,0.5575210452079773,0.2613210082054138,71.03707885742188,5.844862473843722,12.93361759185791,2.76953125,0.4182818766998585
01180,0.8514618079319072,0.3334483041800115,0.433729350566864,0.6368730068206787,0.5249965190887451,71.64971923828125,4.9610097202850625,11.12968635559082,4.1015625,0.3790189724175061
01181,0.3409994791182625,0.1700446330577303,0.610384464263916,0.7371734976768494,0.4195757806301117,66.8276596069336,6.65808953092244,11.522579193115234,2.453125,0.2927674749941936
01182,0.8524564113653559,0.35019403407671423,0.30631446838378906,0.5208905935287476,0.4129416346549988,73.04813385009766,3.384630389801065,12.452372550964355,3.978515625,0.2731421752889426
01183,0.8939877895294073,0.34889683770694185,0.25275933742523193,0.4424747824668884,0.6265872716903687,74.94172668457031,4.6779156048347055,14.011880874633789,4.58203125,0.36503635860271927
01184,0.8143256324610447,0.32674951349197834,0.2615429162979126,0.5176231265068054,0.5781823396682739,71.67236328125,3.9777611281428364,14.72713851928711,4.93359375,0.385149910229017
01185,0.7646586305963603,0.3130247578040904,0.2403849959373474,0.5206478834152222,0.5207995176315308,72.5599594116211,3.80487646262437,11.791658401489258,4.89453125,0.44858861171426945
01186,0.7795145384664185,0.38915724804202034,0.2845657467842102,0.5819860696792603,0.6112625002861023,77.9472885131836,5.388856590787365,10.672449111938477,4.609375,0.6240848654924994
01187,0.7332789022458553,0.35852821454226197,0.2864958643913269,0.7141073346138,0.3321332633495331,66.22956085205078,5.726693935502294,13.612096786499023,3.970703125,0.44037916200092425
01188,0.8107779238607647,0.33003400402850275,0.4163822531700134,0.7014427781105042,0.5632181167602539,70.85286712646484,5.651002600131059,9.851099014282227,3.9140625,0.34793749648870126
01189,0.7840820937625659,0.40029270015896645,0.15436500310897827,0.3387385904788971,0.5667209029197693,74.80831909179688,2.990531598197228,11.437545776367188,4.96875,0.5273623871530678
01190,0.8807708005482815,0.4080958498282778,0.3014756441116333,0.46779367327690125,0.4619176387786865,67.67457580566406,3.027414868957637,16.966289520263672,4.0234375,0.4627504621422556
01191,0.8505220283725916,0.39818167402278193,0.3171982765197754,0.5090532898902893,0.39743512868881226,72.466552734375,5.3083414350658815,13.533950805664062,3.787109375,0.48716306935046966
01192,0.8353181978235019,0.33683561142063967,0.30209171772003174,0.4664318859577179,0.6527015566825867,71.18163299560547,5.053814165668529,12.379791259765625,3.546875,0.2467091526128208
01193,0.7083384594695307,0.28978144679049583,0.37842047214508057,0.6876313090324402,0.6382997632026672,76.06641387939453,6.873973955042876,7.177687168121338,4.83203125,0.2562352123725144
01194,0.7624305055443454,0.3098032994923858,0.3408252000808716,0.6890802383422852,0.3972949981689453,58.369049072265625,3.497042543215825,14.493509292602539,3.794921875,0.3572566250342245
01195,0.5676301862143093,0.19967769165835317,0.37842780351638794,0.6140577793121338,0.41371724009513855,70.1733627319336,5.549826495090412,14.116119384765625,3.74609375,0.20363477405923247
01196,0.7236629662578451,0.39028475711892796,0.35580974817276,0.5406299829483032,0.44768577814102173,62.23480987548828,8.928019084604719,8.145291328430176,4.06640625,0.6555120687766338
01197,0.5917495948468942,0.23305399656595166,0.21676194667816162,0.4337780177593231,0.5349256992340088,71.27517700195312,4.416433284871636,17.033885955810547,4.31640625,0.49506530120153674
01198,0.8235727352640707,0.3236520540991334,0.3497266173362732,0.6699735522270203,0.5513255000114441,72.31626892089844,5.191129964467259,10.717700958251953,3.107421875,0.5228280103073183
01199,0.8727843507993571,0.35679094307977216,0.3111538887023926,0.6002542972564697,0.5892969369888306,74.01022338867188,3.0758855858200094,10.712156295776367,4.9921875,0.2286632976871084
01200,0.8950746712026938,0.4411356700268196,0.25151365995407104,0.485368937253952,0.3915847837924957,64.21448516845703,4.871576149562245,13.995894432067871,3.7734375,0.49035797531253345
01201,0.83961019048309,0.39837686752458107,0.2542704939842224,0.4024772644042969,0.5812665224075317,73.74467468261719,4.160834445227223,10.336108207702637,4.6796875,0.355683359681789
01202,0.8688435617242433,0.38171044485716815,0.19992375373840332,0.39881694316864014,0.5326892733573914,73.70250701904297,3.688844944235576,13.063878059387207,4.34765625,0.3941894790941387
01203,0.9041704111362432,0.42825010041504885,0.23533904552459717,0.41350793838500977,0.540694534778595,76.11092376708984,4.276219819608968,10.551962852478027,3.947265625,0.4137375260836722
01204,0.8278917806729268,0.44066246697825645,0.2384037971496582,0.4299081563949585,0.5533048510551453,77.00958251953125,5.254001772789838,10.389501571655273,4.07421875,0.5523903250628523
01205,0.9003845510576327,0.36467830164105236,0.18923521041870117,0.401613712310791,0.6250578165054321,74.63761138916016,5.420614010879821,11.829228401184082,4.98828125,0.4631529982601541
01206,0.6820844565231475,0.3100428941118083,0.28804802894592285,0.49567747116088867,0.5447012782096863,67.99623107910156,5.75889936786946,14.6098051071167,4.9609375,0.3734801814784741
01207,0.5295323653625327,0.2404832678109119,0.3017818331718445,0.6236745715141296,0.6051753163337708,72.34074401855469,4.131569946253096,13.700480461120605,4.2890625,0.47682966164329404
01208,0.825466816992364,0.3403114186851211,0.25221914052963257,0.3364425003528595,0.6150066256523132,75.04312133789062,6.309021579816595,13.505788803100586,4.19140625,0.6604055261069587
01209,0.7881110884662897,0.3395395395395395,0.34163975715637207,0.6794332265853882,0.406612366437912,70.77251434326172,4.976285809264513,9.371749877929688,3.134765625,0.4446783976633637
01210,0.5925303498666223,0.2850496667924054,0.25615614652633667,0.4468642771244049,0.6630679368972778,73.85746765136719,6.10329090799877,10.653671264648438,4.6328125,0.6558081345215361
01211,0.7955202774159813,0.36942821129826975,0.3248007893562317,0.6282172799110413,0.5629996657371521,69.23300170898438,5.501334272977037,12.153120040893555,4.0078125,0.4462092930860236
01212,0.7577851843794401,0.3624124513618677,0.2918972373008728,0.4877263307571411,0.5767139792442322,72.70856475830078,4.598185774677911,12.849557876586914,4.296875,0.5659966312051857
01213,0.7750464273619988,0.3465060689783628,0.3272969722747803,0.6543121337890625,0.3186153471469879,69.91734313964844,5.599607083586714,12.11856460571289,3.181640625,0.36326508458431045
01214,0.8284669349703683,0.32637733517136475,0.2819444537162781,0.5001801252365112,0.6255566477775574,75.73804473876953,3.919122612768444,13.568193435668945,4.59765625,0.4503330335161667
01215,0.8316214834066755,0.3335586600570828,0.181712806224823,0.3639739751815796,0.46432748436927795,69.80670166015625,3.736342117479203,15.967376708984375,3.681640625,0.4333606610093795
01216,0.7930796882199926,0.34668676861224784,0.22388386726379395,0.44198960065841675,0.47715312242507935,74.09858703613281,3.6943621608269384,14.153606414794922,4.81640625,0.433202619042521
01217,0.8431323821383285,0.34583981337480557,0.27036285400390625,0.3867117166519165,0.527328372001648,73.37281799316406,4.12604661445266,11.179889678955078,4.15625,0.21382856071132836
01218,0.8033844555009668,0.46408839779005523,0.35284340381622314,0.6851364374160767,0.5023819208145142,65.34539031982422,4.3101151145692285,9.55055046081543,3.6796875,0.6000846600109909
01219,0.5100703043970061,0.1795406484962406,0.4270508289337158,0.7011919617652893,0.3130362033843994,70.63058471679688,8.567104919076977,15.972977638244629,2.25,0.21783251185753272
01220,0.6759082595090998,0.2723741250211121,0.4955452084541321,0.6590085029602051,0.2791122794151306,65.60520935058594,7.1923563918864994,12.385843276977539,2.099609375,0.2608500306861992
01221,0.7246651145472894,0.3628855336172409,0.3293225169181824,0.6514206528663635,0.5907169580459595,73.10747528076172,5.607887738254259,11.335658073425293,4.796875,0.296467089579432
01222,0.7928786792853617,0.46478506296135474,0.29575902223587036,0.5231085419654846,0.5666252970695496,69.87459564208984,4.847518919099807,10.836577415466309,3.947265625,0.46793008173997447
01223,0.7554080572057369,0.29292165114189794,0.355981707572937,0.6135233640670776,0.4053665101528168,69.01850891113281,4.269046226806271,10.708669662475586,4.52734375,0.3447990159824295
01224,0.7928572775926235,0.34494358399327213,0.2665631175041199,0.47505736351013184,0.47432148456573486,69.6480484008789,4.147620025894289,13.661127090454102,4.53125,0.6050610434369875
01225,0.79295232634708,0.3538806639748766,0.3668942451477051,0.6877877712249756,0.49226540327072144,72.391845703125,5.2401309687143485,11.756421089172363,3.748046875,0.47995433694547773
01226,0.645918626811075,0.24843309636983132,0.224603533744812,0.4514288902282715,0.5795837640762329,73.41436004638672,4.766778284613164,16.741411209106445,4.921875,0.5182139739847803
01227,0.6733611926747841,0.42066805845511485,0.28904157876968384,0.644310474395752,0.3853587210178375,65.7674789428711,4.655571885503483,13.7329683303833,4.39453125,0.6022633440049886
01228,0.7858315098630191,0.3979621125143513,0.32321977615356445,0.6400654315948486,0.2900395393371582,68.4315185546875,5.992635770900284,15.18999195098877,2.810546875,0.47536634941544
01229,0.7763880746926464,0.3603874415497662,0.338947057723999,0.5834845304489136,0.5345948934555054,75.42791748046875,5.247740313113104,9.313796997070312,4.34375,0.399651733429923
01230,0.8576546107538663,0.4470046082949309,0.2361137866973877,0.45242398977279663,0.44857025146484375,72.33307647705078,3.84852957225561,10.062642097473145,4.83984375,0.40808645987212117
01231,0.6431949190222442,0.33225663436569763,0.23645180463790894,0.4688807725906372,0.5697646141052246,76.00569152832031,4.055242706393779,10.026287078857422,4.9765625,0.5137697132658551
01232,0.8089298113099591,0.415491492990557,0.22596436738967896,0.4588880240917206,0.48021072149276733,72.3534927368164,4.6510385343565535,10.558143615722656,4.25,0.5193918166065771
01233,0.7544878839127007,0.39931381771899727,0.1871654987335205,0.4954604208469391,0.5088585615158081,72.08358764648438,4.371183225313502,9.673758506774902,4.83984375,0.5206789993214169
01234,0.8016187869597994,0.32904969389443495,0.29723042249679565,0.6485484838485718,0.5270156860351562,73.3525619506836,3.3882798524192297,9.13929271697998,4.0390625,0.2853590118955211
01235,0.8158322971737827,0.3221652589449449,0.37121134996414185,0.6158953309059143,0.3993959426879883,75.21228790283203,4.131609202926742,10.751775741577148,3.2421875,0.35618145537084483
01236,0.8070161647775193,0.39690074753096527,0.20668357610702515,0.3622855246067047,0.6044167876243591,74.28398132324219,3.203455144374947,13.092641830444336,4.87890625,0.4935403436534457
01237,0.7763732685357865,0.5108062394286789,0.3812639117240906,0.6942439675331116,0.5732569098472595,68.76190185546875,8.228444174653742,7.107705116271973,3.6640625,0.46080229444735926
01238,0.7792707028027256,0.3476474022183304,0.31008070707321167,0.6518752574920654,0.44532057642936707,70.1925048828125,5.670901710644553,8.988215446472168,4.4609375,0.30495545235957094
01239,0.5868653412404766,0.24235749566146042,0.33131223917007446,0.6468473672866821,0.37783414125442505,70.76703643798828,5.432992238712883,11.417228698730469,3.6484375,0.4110224111859104
01240,0.7526696023797025,0.3302918059445298,0.3205532431602478,0.560041069984436,0.4299624562263489,75.43965911865234,6.052682291932358,15.236063957214355,2.83203125,0.4675479852833188
01241,0.7985060790581838,0.3618346313354594,0.3426470160484314,0.5333770513534546,0.46126773953437805,72.51483917236328,4.284642651816436,10.190101623535156,4.07421875,0.23890126556438412
01242,0.862160587543267,0.5199493073460648,0.23413658142089844,0.4177466928958893,0.45795807242393494,73.48259735107422,4.583439158683992,14.197121620178223,4.15234375,0.6287506839155838
01243,0.8412409807421544,0.33174872665534805,0.36626750230789185,0.7038154006004333,0.5185627937316895,74.89969635009766,5.141638610023759,7.552640438079834,4.0078125,0.21340572362479143
01244,0.7884250474383303,0.35785751250646886,0.2359219789505005,0.4819751977920532,0.3596324324607849,66.1598892211914,3.2824600383198086,14.087943077087402,4.12890625,0.5260041926358829
01245,0.899880157049681,0.35105769935982734,0.38236308097839355,0.6070216298103333,0.528268039226532,74.66818237304688,2.9462313088928935,9.315557479858398,3.591796875,0.2134760863184538
01246,0.8338110111378441,0.40590951800243896,0.19562727212905884,0.3747904896736145,0.5085813999176025,74.58423614501953,3.2972606942308755,10.985074996948242,4.6015625,0.42889607923498324
01247,0.5778132402806901,0.21617374181088347,0.4973040819168091,0.7168205380439758,0.426593542098999,70.22379302978516,6.957747153163297,10.611084938049316,2.9609375,0.12327092980884122
01248,0.7194135294974269,0.5017264674973728,0.2325844168663025,0.48255860805511475,0.5876844525337219,72.92720794677734,3.8132355345491393,11.790164947509766,4.97265625,0.5083406255549464
01249,0.6885770276848967,0.3139611502069002,0.31299424171447754,0.5378350019454956,0.5063286423683167,75.56706237792969,3.6967186138386636,7.975091934204102,4.73828125,0.2787180464409646
01250,0.8056179794767058,0.3510072785759071,0.283147394657135,0.4723226726055145,0.27834075689315796,66.30998229980469,4.967411514301216,10.228137016296387,2.986328125,0.2353135767665312
01251,0.39713709720429646,0.2095567069660334,0.3370155692100525,0.5294085741043091,0.6079991459846497,63.08318328857422,7.63146457332482,9.856136322021484,4.1640625,0.6682095271211924
01252,0.8258344412210755,0.4014794694714942,0.19389599561691284,0.4153987765312195,0.4184848964214325,73.1957778930664,3.3551727083873106,13.138875961303711,4.03125,0.4365637879739696
01253,0.8013501252551721,0.33233437649180503,0.40490108728408813,0.8299787044525146,0.27801206707954407,63.00082015991211,8.70195269262244,8.827659606933594,2.908203125,0.18605486567943966
01254,0.5119176058974841,0.40412195899288217,0.5025900602340698,0.843253493309021,0.5427790284156799,71.21624755859375,3.697237823928304,3.357511043548584,3.84375,0.3997798891258816
01255,0.7768497898149614,0.30615094603085946,0.24682289361953735,0.5372111797332764,0.5242868661880493,68.44175720214844,3.5381282889944163,11.463605880737305,4.7578125,0.31619979775895235
01256,0.5910534480536305,0.25577456113335384,0.2279832363128662,0.4128730893135071,0.5180840492248535,67.49296569824219,4.3812575206141835,18.22751808166504,4.9609375,0.5499560418675894
01257,0.8449895482651276,0.3673261008296107,0.3420398235321045,0.4632442593574524,0.4343678951263428,70.46986389160156,4.659104771465271,11.049673080444336,3.337890625,0.26001798414762467
01258,0.45434647617098894,0.2270657253654171,0.407875120639801,0.5761198997497559,0.5287062525749207,74.57278442382812,3.7006800734719567,7.561790466308594,3.880859375,0.3006632455493437
01259,0.7759391853985198,0.35441752195534865,0.25873517990112305,0.46442776918411255,0.4822058081626892,73.54244995117188,3.8124896729269047,13.086223602294922,4.09375,0.4359039926360515
01260,0.7973847135844017,0.3834502313087599,0.2496315836906433,0.46529075503349304,0.6122722029685974,72.9800033569336,5.6086237611410255,8.457368850708008,4.6953125,0.5041017760364027
01261,0.9150834225663177,0.4261784602169011,0.2640451192855835,0.3975105881690979,0.5666175484657288,69.3228530883789,7.901673237115416,10.141803741455078,4.8828125,0.6177728875596266
01262,0.8743881709081113,0.3398901818862509,0.3936960697174072,0.6947364807128906,0.4116077125072479,62.13695526123047,9.202452721226116,7.328403472900391,4.1953125,0.12562061603162608
01263,0.5305505763690059,0.28363581820908956,0.2943134903907776,0.5218819379806519,0.6251904368400574,74.77540588378906,6.252874008117741,8.178521156311035,4.984375,0.5647733600928073
01264,0.8731405990269621,0.36694157023166274,0.3561021089553833,0.5609350204467773,0.5069882273674011,70.83455657958984,6.317847572192052,10.235742568969727,3.892578125,0.5608696359429141
01265,0.8576316747481423,0.33373783462369244,0.38636505603790283,0.677251935005188,0.43385049700737,73.1823501586914,5.891840178141617,14.880435943603516,3.384765625,0.377494746826043
01266,0.8204207616577978,0.3410486537553141,0.28419822454452515,0.47193634510040283,0.5235191583633423,75.55526733398438,5.27916291316965,11.915176391601562,4.1484375,0.40191250258196964
01267,0.8821985302671317,0.3611209715086408,0.2784634828567505,0.48439839482307434,0.4666130244731903,73.76419830322266,4.054210027823272,10.707038879394531,4.42578125,0.2578656275488079
01268,0.7815485060331988,0.32417125430710125,0.2779523730278015,0.5661364793777466,0.5501644611358643,75.54753112792969,4.463312504786503,13.696258544921875,4.9609375,0.398789377846433
01269,0.7675052630060606,0.29686595859854775,0.2714890241622925,0.5271576046943665,0.5926437973976135,74.23370361328125,3.692108208959632,13.096932411193848,4.97265625,0.3904588776834007
01270,0.8958179730344095,0.3937433218568206,0.2927438020706177,0.4413507580757141,0.4483563303947449,67.19276428222656,4.198664927783295,12.583342552185059,3.400390625,0.5227889832837748
01271,0.47947551656947146,0.1590925459128556,0.5454233884811401,0.7022110223770142,0.428888201713562,61.4064826965332,10.811502622676434,11.204508781433105,2.080078125,0.10823831419176005
01272,0.7787966153777558,0.39531340885798966,0.1762237548828125,0.35419774055480957,0.4976238012313843,69.24394226074219,3.3775345274353805,15.509626388549805,4.0625,0.4875851188183743
01273,0.42227201583586593,0.16562421816362272,0.3274382948875427,0.5806110501289368,0.5589529871940613,65.19873809814453,4.9336972827767145,14.77225399017334,3.8125,0.3562299545057144
01274,0.5269277003893422,0.21960640058855987,0.2059621810913086,0.25915470719337463,0.4972422420978546,73.17181396484375,5.0666312322983,18.263343811035156,4.953125,0.7437226144080558
01275,0.7930971328062965,0.38742528226699136,0.24539637565612793,0.49515071511268616,0.4452863335609436,72.89708709716797,4.053645949439092,12.380590438842773,4.8203125,0.5171718065172545
01276,0.6586078591048566,0.2386161683977726,0.43952804803848267,0.7503032684326172,0.3092900514602661,64.8145523071289,7.032443681632609,12.882888793945312,1.939453125,0.21338025566068758
01277,0.6746253041655345,0.25585992657441403,0.2649584412574768,0.5073953866958618,0.6279662847518921,71.24327850341797,3.4354223544398796,8.106583595275879,4.87890625,0.36512174863434044
01278,0.8115987951157216,0.30771352711975447,0.306820273399353,0.5567419528961182,0.4865017235279083,66.22010803222656,7.205355992724264,15.376434326171875,4.15234375,0.7141519768040951
01279,0.8681213470330926,0.37730383890487057,0.22503405809402466,0.3798444867134094,0.47407037019729614,72.48541259765625,3.935584457942293,11.972947120666504,3.7421875,0.40476687941076966
01280,0.8559859847338166,0.33574190659099323,0.33295416831970215,0.594245195388794,0.3642089068889618,72.50471496582031,5.738239698955098,12.458144187927246,3.685546875,0.18267399426717473
01281,0.6679323793584554,0.28177196804647786,0.3953559398651123,0.6382489800453186,0.3674268424510956,68.33940124511719,6.98092186211601,11.365589141845703,3.1875,0.30003340378372556
01282,0.7947403056522889,0.3436598037329228,0.22753465175628662,0.4544062614440918,0.6521605253219604,75.3462142944336,5.253485202084235,12.550230979919434,4.53125,0.5284037898472917
01283,0.841249619893993,0.3337201254020602,0.2648657560348511,0.37050074338912964,0.5147837400436401,73.84960174560547,3.2246424515515213,14.676117897033691,4.41796875,0.36244730539663134
01284,0.9193317211508643,0.49248638156658947,0.21259206533432007,0.3923482894897461,0.47078531980514526,76.28105163574219,4.234546521974904,10.782695770263672,4.4140625,0.43682355151062785
01285,0.7877442668248741,0.330531775901406,0.5108265280723572,0.6766761541366577,0.252453476190567,63.18894577026367,8.115151934869418,11.927770614624023,2.140625,0.26951704911823976
01286,0.7460363811031093,0.29212163396702484,0.2970479130744934,0.5932337045669556,0.5870210528373718,73.51173400878906,4.889018764032221,11.793420791625977,4.921875,0.4447768400503934
01287,0.6878302169537165,0.26437111429937826,0.3597307801246643,0.6878076791763306,0.4864736795425415,66.70885467529297,5.104149302119196,10.882701873779297,3.74609375,0.3691013151356758
01288,0.7654846689049735,0.31090855048053107,0.31127727031707764,0.5844547152519226,0.41306769847869873,70.9603042602539,4.273564500178657,13.928488731384277,4.30078125,0.4674697037240215
01289,0.8095721976316247,0.4906689635371806,0.28650081157684326,0.43487223982810974,0.5075337290763855,61.434879302978516,5.531542530063587,16.51709747314453,4.69140625,0.5550458407914847
01290,0.8376896501239965,0.4308350978430323,0.2921885848045349,0.4738798141479492,0.5188963413238525,71.65111541748047,4.0071805159011245,10.174446105957031,4.80859375,0.45801639059234794
01291,0.8450995604870067,0.3369764776913883,0.36793285608291626,0.618154764175415,0.5710300207138062,74.61616516113281,4.743662984238782,11.527100563049316,3.806640625,0.3804145534266214
01292,0.7461052186774206,0.2907885000137035,0.2961934208869934,0.46691569685935974,0.4892330765724182,72.4717788696289,4.236363990869587,12.340459823608398,3.904296875,0.20932434225686355
01293,0.8805901686869826,0.39780132180232286,0.22108840942382812,0.3684121072292328,0.5173863768577576,72.38197326660156,3.847633461725082,14.29892349243164,4.73828125,0.36868040246756006
01294,0.8245858563391775,0.36326006495958907,0.3000016212463379,0.5383488535881042,0.38052859902381897,72.96959686279297,5.711591080184258,14.489253997802734,3.623046875,0.32257531015529906
01295,0.9141129251229322,0.6267406554287509,0.22783708572387695,0.1784319132566452,0.6134603023529053,70.99137878417969,11.0959942884949,20.853099822998047,4.73046875,0.22711466370335684
01296,0.7862524017551417,0.32405903792717694,0.27869051694869995,0.6250169277191162,0.47092774510383606,58.56847381591797,3.6458458082329006,8.214506149291992,4.4921875,0.3994004104236514
01297,0.8060961840057694,0.30680857913162446,0.3014179468154907,0.5754817724227905,0.4290624260902405,71.82185363769531,6.4778375030144115,14.308353424072266,4.359375,0.22771967811172156
01298,0.6907674849192652,0.3335952848722986,0.27219414710998535,0.40600624680519104,0.4876624345779419,70.83421325683594,3.1822928530275347,16.04389190673828,4.26171875,0.47622155994159643
01299,0.6304303812516943,0.33877321328081034,0.3520675301551819,0.6571086645126343,0.35514479875564575,67.02928161621094,5.48401822117943,13.125782012939453,3.61328125,0.4785515542046712
01300,0.7029531171628773,0.26639476226253084,0.3394463062286377,0.5244796276092529,0.5135336518287659,71.86114501953125,4.026721659600004,6.874027729034424,4.40234375,0.2868573294331292
01301,0.9006126392466897,0.5055350553505535,0.3280782699584961,0.4660443663597107,0.5756091475486755,70.2074966430664,5.358979457851416,12.496337890625,4.92578125,0.6832972906887437
01302,0.765640268495955,0.3965506309048253,0.32797306776046753,0.6098926663398743,0.4036794602870941,69.33842468261719,5.103748927876062,14.212647438049316,3.84375,0.4571056202029301
01303,0.7980036287396874,0.39432029795158285,0.210881769657135,0.3503289222717285,0.6430198550224304,75.27172088623047,5.924821073946906,10.578385353088379,4.9453125,0.6577568859843336
01304,0.7696751247555833,0.3586682197631528,0.23495984077453613,0.2484709620475769,0.62178635597229,75.26787567138672,5.112660454002928,14.923311233520508,4.98828125,0.7439390505038012
01305,0.7632857650561045,0.2954266211604096,0.3010161519050598,0.609516978263855,0.5836523771286011,73.16653442382812,4.313541130458239,8.53555965423584,4.73828125,0.30825931589813294
01306,0.7936630779127775,0.35279812938425564,0.3152685761451721,0.5610976219177246,0.5094585418701172,71.99337005615234,3.842352779899965,8.992324829101562,4.32421875,0.3741115853114796
01307,0.8526555734300693,0.4199696482770934,0.2018430233001709,0.48643508553504944,0.5555955171585083,73.00988006591797,2.683328905567695,11.89333724975586,4.6875,0.4214902147215197
01308,0.7991206561958555,0.39783656467406714,0.14875507354736328,0.2340124100446701,0.5465189218521118,75.71275329589844,2.9312716607071345,16.13890266418457,4.6796875,0.6187012190032464
01309,0.8698837584919594,0.43532763532763535,0.3421996831893921,0.4861031472682953,0.3623444437980652,67.79195404052734,3.2947444884205446,8.597696304321289,3.21484375,0.3703662224677555
01310,0.7887759813861597,0.30485190457406486,0.3745570778846741,0.6169477105140686,0.39833158254623413,69.64925384521484,6.9224205029418435,13.257254600524902,4.38671875,0.2013210795619732
01311,0.8416520290210859,0.4641232423490488,0.16833066940307617,0.33467400074005127,0.3878310024738312,73.6241455078125,3.884278747320277,15.449751853942871,3.310546875,0.6581266522967756
01312,0.884613876096935,0.34781194356937406,0.39852625131607056,0.5804157257080078,0.393507719039917,70.02870178222656,6.432860590753128,11.439153671264648,2.876953125,0.17817438467114818
01313,0.8241805274934244,0.36174606309816665,0.20609420537948608,0.37553870677948,0.5206136703491211,73.840087890625,3.002015006852561,12.852544784545898,4.2578125,0.345184612928926
01314,0.8479568279968687,0.3592955613993147,0.31483328342437744,0.5986165404319763,0.4863073527812958,70.9593505859375,6.243098197454525,13.217005729675293,3.599609375,0.4852606231492315
01315,0.9202190001524524,0.605407086757044,0.2501347064971924,0.477702260017395,0.5514482855796814,77.61881256103516,5.266380842389345,9.107769012451172,3.841796875,0.5769558903770017
01316,0.7817525747202781,0.28920526064499325,0.38152986764907837,0.5806310176849365,0.5604871511459351,69.93649291992188,5.189737387131967,9.193242073059082,3.763671875,0.4888571521736749
01317,0.7536754832289904,0.38776148990557674,0.2389235496520996,0.42845964431762695,0.45437324047088623,69.06587219238281,3.574527981666565,15.59898853302002,4.75390625,0.48685135668461127
01318,0.8304124448321278,0.3588664158043274,0.23305773735046387,0.4205660820007324,0.468855082988739,75.21640014648438,3.5913529225705787,15.77695369720459,3.623046875,0.42116711834904574
01319,0.7820819115660903,0.4319719208679004,0.2717347741127014,0.3972189426422119,0.5987472534179688,73.14714813232422,5.524423538627688,11.923467636108398,4.578125,0.5871446191803792
01320,0.7795574921776915,0.3417801047120419,0.5229371786117554,0.7454723715782166,0.3048193156719208,61.248985290527344,5.76889833216596,8.624357223510742,2.76953125,0.2958258608858222
01321,0.8475430503994643,0.34927911766660025,0.3258412480354309,0.4995553493499756,0.5777649283409119,67.54891967773438,5.638123712366759,15.784078598022461,4.25,0.6044380641030251
01322,0.7774743176194502,0.4251215761253585,0.22614115476608276,0.42880815267562866,0.5168589949607849,70.2804183959961,5.248135498052429,13.929438591003418,3.78515625,0.6742190848480557
01323,0.5715029072205017,0.23688316754437294,0.2716520428657532,0.5043374300003052,0.5949958562850952,75.05268859863281,6.490737537629758,14.120079040527344,4.7265625,0.5323490941089323
01324,0.6904620585369199,0.2810070671378092,0.4063851833343506,0.7223694920539856,0.3332884609699249,64.17630004882812,4.948909092031075,7.8475661277771,2.138671875,0.32699543876903914
01325,0.7198836890699033,0.3148931669134758,0.25376206636428833,0.5354762673377991,0.5998687744140625,72.91248321533203,5.034304559468488,14.206690788269043,4.97265625,0.49949815098282796
01326,0.7418904068276219,0.39291758069570665,0.2636292576789856,0.5493256449699402,0.47096332907676697,76.80896759033203,3.6066357542343006,10.504836082458496,4.8203125,0.47648544779060353
01327,0.2852168945903647,0.1093300617445345,0.41257578134536743,0.5899407863616943,0.34283584356307983,65.7125473022461,7.018898821296763,9.938209533691406,2.96875,0.16356703318908347
01328,0.7514451729572535,0.32248510521059337,0.29338395595550537,0.49761658906936646,0.34445634484291077,72.20806121826172,3.3079133061266095,12.910632133483887,3.875,0.28335010243929465
01329,0.8470918798298263,0.39180765805877116,0.19058668613433838,0.3792555332183838,0.5599076747894287,75.50540161132812,3.311116757839016,12.952550888061523,4.84765625,0.4816841437228834
01330,0.8638603143875044,0.3676119415668845,0.27032387256622314,0.5010803937911987,0.4890645146369934,72.9836654663086,3.306937804119576,12.09334945678711,4.3671875,0.2420001979264289
01331,0.39747997908970634,0.17102556567734353,0.297587513923645,0.6602175235748291,0.5483915209770203,70.29552459716797,6.174903004148855,10.63930892944336,3.53515625,0.6400233982519286
01332,0.5977058935201945,0.2679375165475245,0.2673879861831665,0.5204620957374573,0.7002047896385193,74.28965759277344,5.271902692498758,12.345041275024414,4.9765625,0.5059185122432058
01333,0.7770070708117915,0.3633910968143613,0.23642003536224365,0.5710015892982483,0.6138741374015808,71.85392761230469,3.5837849939687785,12.828338623046875,4.9296875,0.4588794625739686
01334,0.6661456741254437,0.3039947609692207,0.4369332790374756,0.6300938129425049,0.5471241474151611,71.05789184570312,7.332600273773199,9.946728706359863,2.26953125,0.4282215459270526
01335,0.6716562892749897,0.3388034898213544,0.27939659357070923,0.5364387631416321,0.5918545722961426,74.4789810180664,5.578724210172177,14.020854949951172,4.65234375,0.582406806429651
01336,0.6421384904787953,0.29325090159711487,0.25860196352005005,0.5273597240447998,0.5642291307449341,69.56934356689453,4.109522472155104,15.58383560180664,4.84765625,0.4806125499545469
01337,0.8478926827903593,0.45749496981891347,0.35182857513427734,0.5247973203659058,0.5711905360221863,68.93975067138672,5.702241292806596,6.619511127471924,4.015625,0.21469858294302055
01338,0.8785365552717753,0.3651935291123553,0.35722506046295166,0.5887627601623535,0.45657068490982056,68.68641662597656,6.483676515405358,10.312322616577148,4.01953125,0.29107906950465917
01339,0.7632691409863448,0.3841007734229677,0.15410000085830688,0.30560043454170227,0.6623397469520569,73.89620208740234,4.35992488363367,12.946366310119629,4.984375,0.5053289951166188
01340,0.8226605238645062,0.3616489842523431,0.2236652374267578,0.38678252696990967,0.6150062680244446,72.0572280883789,4.182502954851351,13.031387329101562,4.9296875,0.3722397477366636
01341,0.7639653650829478,0.3824229742405657,0.31844717264175415,0.6589356064796448,0.5877633094787598,74.41864013671875,5.054957604103563,9.08559513092041,4.97265625,0.23734357463069936
01342,0.8202553335160274,0.3363893722567073,0.28191548585891724,0.5037705898284912,0.4704139828681946,75.97053527832031,3.136066419654987,13.569493293762207,4.51953125,0.31998803883000965
01343,0.8619903279447837,0.36617452322314764,0.22674298286437988,0.3831072151660919,0.47167322039604187,69.34351348876953,3.5746347880172675,15.341976165771484,2.94921875,0.4409251124103542
01344,0.8171691502780276,0.3069228621941007,0.4583285450935364,0.5870470404624939,0.5376455783843994,71.4349136352539,5.007005516484057,11.11935043334961,3.595703125,0.3402371327137649
01345,0.7871458850217316,0.3291021190611885,0.232041597366333,0.4127069413661957,0.5761139988899231,72.87335205078125,4.1195024062876975,12.409295082092285,4.9453125,0.43705618073976293
01346,0.8985562227956776,0.43719248076033473,0.3262884020805359,0.4796944558620453,0.44617506861686707,70.21017456054688,3.4493495526629294,8.896145820617676,3.92578125,0.271321895937321
01347,0.8665619990974862,0.5651467687666782,0.2749137282371521,0.5180857181549072,0.4190729558467865,74.5219955444336,6.70208481980804,9.935261726379395,4.015625,0.6571894138305577
01348,0.8840477536838119,0.5046289493019839,0.3706820607185364,0.5081049799919128,0.5086578726768494,62.375614166259766,8.792641067478993,17.81886100769043,4.04296875,0.7241611826968238
01349,0.8162554176125543,0.37716133515059197,0.35560768842697144,0.5276064872741699,0.44760680198669434,75.56561279296875,5.896458138631493,8.879464149475098,3.96875,0.2859405168504975
01350,0.8760119306816306,0.33878052236338735,0.28411948680877686,0.54705810546875,0.5605080127716064,73.3814697265625,4.902244444267174,12.928487777709961,4.328125,0.37825889759144443
01351,0.710433368160082,0.47629473684210527,0.23725509643554688,0.47549182176589966,0.5953199863433838,71.35670471191406,4.651865509318843,11.299220085144043,4.9296875,0.5469418170198564
01352,0.8959143626423943,0.46009156599922774,0.18666744232177734,0.35636839270591736,0.46475014090538025,72.80939483642578,4.388806635717832,12.787355422973633,4.05078125,0.6071067129626639
01353,0.7579208338084408,0.32231911886284237,0.21128064393997192,0.4136207103729248,0.5823171138763428,76.11688995361328,3.548569582091585,10.211221694946289,4.98046875,0.49740882118766827
01354,0.8159633325065829,0.3696203252727221,0.45412153005599976,0.5860571265220642,0.3165854215621948,61.03477096557617,4.45268040895531,10.173258781433105,2.060546875,0.2735669180807931
01355,0.7411217107037141,0.3505219867130655,0.2957531809806824,0.46494486927986145,0.33346354961395264,74.35433959960938,5.03959234020634,14.443399429321289,3.138671875,0.3425915509339959
01356,0.902455131367591,0.46792011120052673,0.24755847454071045,0.38714155554771423,0.572763204574585,76.2408447265625,4.642716618230116,13.133768081665039,4.72265625,0.6276354558184745
01357,0.8002791144974641,0.4235022206108946,0.29159921407699585,0.42391544580459595,0.5262627005577087,72.14276885986328,4.895277278593099,12.204118728637695,4.1875,0.5792400539728081
01358,0.8687936639394825,0.3554122782427616,0.23947924375534058,0.46192222833633423,0.5829675197601318,73.86695861816406,3.734906021851674,10.718623161315918,4.95703125,0.37815763601141633
01359,0.7785565335135887,0.3572357958652595,0.33739566802978516,0.6036031246185303,0.48422083258628845,68.56607055664062,6.036695989010287,10.63485336303711,3.431640625,0.46317307087831594
01360,0.8411876729008926,0.4413979532728326,0.20863527059555054,0.4272412359714508,0.5557615160942078,68.95027160644531,5.270622067299692,16.334348678588867,4.7265625,0.6273181531399092
01361,0.7561882313729631,0.37777275807544614,0.2559000253677368,0.48951971530914307,0.3678334355354309,68.52233123779297,3.998168275962588,12.615141868591309,4.28125,0.5492169685993726
01362,0.8405456383898342,0.3348575672378123,0.28335338830947876,0.4716797471046448,0.5664166808128357,72.54438781738281,5.242868323362468,11.699528694152832,4.09765625,0.30703305487095356
01363,0.5499749344897421,0.2826490612750155,0.23596447706222534,0.5281974077224731,0.6386470794677734,72.95793914794922,4.494500294691929,17.27404022216797,4.96484375,0.5876904355058541
01364,0.46713965834699894,0.21982962612399432,0.2666137218475342,0.5111187696456909,0.5097779631614685,68.03108215332031,7.057668240088954,13.333102226257324,4.2109375,0.3372311493492405
01365,0.8280497624493351,0.39288554695972816,0.2767518162727356,0.4140869379043579,0.5662674307823181,74.86676788330078,4.857633127883402,9.927282333374023,4.87109375,0.667409575328463
01366,0.7939087914737267,0.32441113490364026,0.31614232063293457,0.618986964225769,0.5816415548324585,77.16278839111328,3.3790451406353856,8.776268005371094,4.97265625,0.3351269802905701
01367,0.7724125512879689,0.3921852387843705,0.2888990640640259,0.6642523407936096,0.39362913370132446,65.91341400146484,4.410768279784692,10.74121379852295,4.1171875,0.47119852533145984
01368,0.7967054841218917,0.30039718782523733,0.35940009355545044,0.7292467355728149,0.5509313941001892,75.1858901977539,6.787945662901847,12.187771797180176,2.990234375,0.25901215203534467
01369,0.7276570361223161,0.3627764284801227,0.27260035276412964,0.53355473279953,0.4021764397621155,67.54393768310547,4.288278312531084,14.937002182006836,4.12890625,0.48099257492807707
01370,0.7182636035506943,0.3580111678110556,0.23431825637817383,0.3715146481990814,0.6262355446815491,74.35639190673828,3.610085333238347,11.470233917236328,4.67578125,0.5031707233118812
01371,0.8729751094667842,0.4563046006142103,0.1683228611946106,0.32191771268844604,0.5869286060333252,75.31295013427734,4.885525206988777,15.122603416442871,4.91015625,0.6764371022351733
01372,0.8245619790123282,0.32646482944177313,0.3260611295700073,0.5566353797912598,0.555702269077301,74.67850494384766,4.113086340010711,10.231614112854004,4.2734375,0.357604820307817
01373,0.8269455206579069,0.39899609592861124,0.2804498076438904,0.48661404848098755,0.4390713572502136,70.04139709472656,4.22509675287608,10.390256881713867,3.796875,0.4152964922046143
01374,0.7530609523295373,0.3481753631189203,0.42500871419906616,0.6202952265739441,0.22764232754707336,64.80258178710938,6.34799038828258,12.243406295776367,2.30078125,0.32347031920904173
01375,0.7841959114176253,0.2927739863508631,0.3961183428764343,0.6923379302024841,0.4003753662109375,73.94368743896484,7.612970580212009,13.880779266357422,2.912109375,0.1943781485048925
01376,0.782596172583688,0.35812685468889477,0.2657472491264343,0.3540423512458801,0.49975457787513733,72.10394287109375,6.139785439541707,16.437557220458984,4.765625,0.5319893400923599
01377,0.8111335559421997,0.34289350484068903,0.2855069637298584,0.5562861561775208,0.4352574348449707,73.1510009765625,6.431442577322002,16.246780395507812,3.193359375,0.45172204532937693
01378,0.2993631493242581,0.1291904129908658,0.3940872550010681,0.5819923281669617,0.6125655174255371,75.06703186035156,4.999859023184214,10.91127872467041,4.5859375,0.25657304371516404
01379,0.7510551065290172,0.36304885002851167,0.26901817321777344,0.4972230792045593,0.34986215829849243,71.77061462402344,4.508407060839651,13.314179420471191,3.626953125,0.4518550252838882
01380,0.7730281166214059,0.3664562174032391,0.2729507088661194,0.4533460736274719,0.4008749723434448,63.152244567871094,3.764632831269513,15.206331253051758,4.296875,0.35660816816978513
01381,0.7647971419666354,0.3005206094473898,0.39024317264556885,0.6711260676383972,0.3839026093482971,74.3337173461914,5.291396124191004,12.317657470703125,3.087890625,0.36500721793498525
01382,0.8225499292084257,0.3745988987045914,0.19218021631240845,0.45143547654151917,0.5220160484313965,74.11872863769531,4.429463098983027,16.398408889770508,4.26953125,0.5142431496444179
01383,0.8347870312216061,0.4501977705861201,0.3301301598548889,0.6870588660240173,0.43613338470458984,72.93827819824219,4.679154555083367,8.923998832702637,4.0625,0.22374246151542013
01384,0.8076514442703285,0.3440758835461844,0.3479119539260864,0.504547655582428,0.3465225100517273,67.84137725830078,4.611099350642574,13.618335723876953,3.171875,0.3478613501627046
01385,0.808999675837945,0.31075570924284995,0.4642030596733093,0.7447404265403748,0.36564311385154724,65.91728973388672,6.148659061530208,9.213384628295898,3.38671875,0.193216949384716
01386,0.8259687290406774,0.34446436264087493,0.2418149709701538,0.38211798667907715,0.6680223941802979,74.7137222290039,4.348619176350555,10.528297424316406,4.890625,0.38095952848911463
01387,0.830675149491866,0.35233886242323365,0.2738497853279114,0.48280325531959534,0.4746086299419403,71.44913482666016,3.662852072552471,11.87411117553711,3.443359375,0.2883284750444808
01388,0.730102933846229,0.3539728371297187,0.292768657207489,0.43750518560409546,0.44168126583099365,67.31204223632812,4.2600937911555565,13.110450744628906,4.12109375,0.4401744239395463
01389,0.8591133379779784,0.4100549638232463,0.24538838863372803,0.437112957239151,0.5577724575996399,71.00634002685547,3.3953837014626083,11.454364776611328,4.46484375,0.26385466790182355
01390,0.8999668167256125,0.38790573245955906,0.27205991744995117,0.484375536441803,0.4474238455295563,72.38414764404297,2.110568705907302,12.191801071166992,4.2734375,0.3544630044484671
01391,0.8854498254792186,0.39633743950725914,0.2484988570213318,0.5190589427947998,0.6326380372047424,75.00548553466797,3.7115260208479333,8.551286697387695,4.96875,0.4266032868752914
01392,0.7708285506733954,0.3352567427385892,0.20609009265899658,0.47399991750717163,0.5781081914901733,71.81094360351562,2.998717130845598,9.855545997619629,4.9609375,0.4645467214385472
01393,0.6111276553642594,0.2792649399508031,0.3752276301383972,0.6769925355911255,0.26870813965797424,51.433658599853516,6.87518552548455,12.636795043945312,2.345703125,0.5032702959221357
01394,0.6916359133751219,0.3485568140299598,0.2970668077468872,0.433134526014328,0.6431017518043518,75.98507690429688,6.2736639365649545,6.958746910095215,4.953125,0.3736032691891206
01395,0.7288021731145334,0.3332097975135609,0.308976411819458,0.615774393081665,0.4627293646335602,67.36817169189453,4.202377518087741,17.053043365478516,4.36328125,0.36668803523789034
01396,0.8907493514992851,0.4793812875743935,0.24557220935821533,0.3950747847557068,0.5492814183235168,73.25093078613281,4.839391059596635,11.069530487060547,3.99609375,0.6687213318708876
01397,0.8354641743616424,0.4224905476277595,0.2190670371055603,0.4079083800315857,0.6087649464607239,76.10741424560547,4.19130269884333,14.130928039550781,4.80078125,0.6671501199357481
01398,0.7615374637261324,0.3331953560798691,0.3234924077987671,0.5300385355949402,0.44397827982902527,71.15697479248047,5.324346070821311,13.057470321655273,3.6328125,0.6036291640166013
01399,0.7558235683145652,0.3219275086111937,0.3529108166694641,0.5854048132896423,0.4680573046207428,69.79317474365234,5.638731333643835,12.668634414672852,3.642578125,0.33146262662278014
01400,0.5586610064222004,0.24151108199585108,0.2718120813369751,0.49080827832221985,0.6275071501731873,73.34925842285156,5.258829857847062,14.912376403808594,4.9375,0.5919959204578
01401,0.8893443800997363,0.40575689266516385,0.2947794795036316,0.482491135597229,0.5671014189720154,73.57752990722656,5.692116152610302,14.173885345458984,3.96484375,0.5815230675673
01402,0.8867370755029321,0.47130575354544785,0.19817066192626953,0.3285844326019287,0.4896768629550934,71.77750396728516,4.317508402432506,11.406778335571289,4.3359375,0.5044313210019925
01403,0.6369651423862468,0.3064066852367688,0.2813197374343872,0.6146211624145508,0.589714765548706,75.38941192626953,6.035221071063927,15.666422843933105,4.91796875,0.7107967658451849
01404,0.6458375312357133,0.2679112908020691,0.4285793900489807,0.5896125435829163,0.2597736418247223,69.82715606689453,6.238665119242223,9.733234405517578,2.392578125,0.22363696211380887
01405,0.6695672328743077,0.31708938254329194,0.40392953157424927,0.6921924948692322,0.25085046887397766,63.600772857666016,6.086563382430387,9.162784576416016,2.033203125,0.33723012156090953
01406,0.6142182225871453,0.32648444863336473,0.4233696460723877,0.6705814599990845,0.36177971959114075,58.27052688598633,5.689479580384751,11.287334442138672,2.80859375,0.4246543203867038
01407,0.7946081332735244,0.34292440491760395,0.2510848641395569,0.5196331143379211,0.48941266536712646,74.5508804321289,4.3815890754287095,9.753032684326172,3.916015625,0.44492925060801364
01408,0.8431237935289719,0.31833755857724516,0.27355098724365234,0.49305930733680725,0.5429407358169556,76.247314453125,5.514977029873459,12.183733940124512,4.41015625,0.21567131936340161
01409,0.7919847535439719,0.3621024980424844,0.3044325113296509,0.5108984112739563,0.412159264087677,72.74285888671875,5.127484827694876,13.293599128723145,3.607421875,0.4814608555059075
01410,0.8491176668612268,0.41216460113103115,0.2741032838821411,0.5688320994377136,0.42399996519088745,73.20734405517578,3.7998385860998134,10.18847370147705,3.966796875,0.5104977970312888
01411,0.8726448159644682,0.39448810243446725,0.3593676686286926,0.6165943145751953,0.3185732066631317,67.5128173828125,5.139933505756453,13.078852653503418,2.64453125,0.3340924189751827
01412,0.858041884163278,0.431862823167171,0.20043426752090454,0.455631285905838,0.6283438205718994,74.50269317626953,4.214802684035997,12.236345291137695,4.8671875,0.5606626832950553
01413,0.7106890781394744,0.3975507110517183,0.29539644718170166,0.6107413172721863,0.5138655304908752,72.18072509765625,3.5656510704525792,9.305246353149414,3.375,0.3941736123163616
01414,0.8820251897235547,0.3424997304000863,0.3140758275985718,0.5324054956436157,0.47539806365966797,74.44915771484375,4.800494963523041,12.347030639648438,4.1953125,0.19150285733053676
01415,0.7434004754002336,0.2926631967727858,0.30015456676483154,0.5203140377998352,0.4066014289855957,68.44410705566406,3.068019365513032,12.666471481323242,4.23828125,0.24161250547835428
01416,0.7424329405527239,0.31880919096654786,0.21151292324066162,0.425494909286499,0.5222935676574707,73.42076110839844,4.1664970994934665,12.483743667602539,4.4921875,0.4723999898369021
01417,0.7552415894170124,0.2882180256758533,0.39970630407333374,0.5772215127944946,0.5462107062339783,72.45280456542969,3.3760099915724555,11.479818344116211,4.26171875,0.20369900074114813
01418,0.8879472264616192,0.3473519616603038,0.3660544157028198,0.6320328116416931,0.4459361135959625,74.00102996826172,4.7906996188619075,12.19894790649414,3.935546875,0.2993495969568271
01419,0.8031493846518586,0.30496047085816896,0.2971891760826111,0.5663756728172302,0.6085434556007385,75.9405517578125,4.7468780056772815,12.097115516662598,4.38671875,0.29084908438689755
01420,0.6695389741088733,0.2716863235179255,0.38565921783447266,0.5724514126777649,0.5079625844955444,72.92140197753906,4.512827171647791,12.50576400756836,4.11328125,0.3309457717604621
01421,0.8368406334571964,0.35726216688178575,0.23284071683883667,0.4475100636482239,0.4792492389678955,71.25347900390625,4.3040119056135655,12.684864044189453,3.724609375,0.4712590841311924
01422,0.6886523289214763,0.35674421975791837,0.2242339849472046,0.35990574955940247,0.5170288681983948,70.76032257080078,4.096959049436868,12.448495864868164,4.60546875,0.47107150801930436
01423,0.6048532112370808,0.27626941030770696,0.27402395009994507,0.5481088757514954,0.44749608635902405,69.58596801757812,4.743107361557548,13.860407829284668,4.15234375,0.39363898452919177
01424,0.8197202389203312,0.3888930301900857,0.26843374967575073,0.42849767208099365,0.46704763174057007,72.2361068725586,3.4162388267170507,13.856478691101074,4.73828125,0.5619302085846342
01425,0.6399663061057939,0.2869640787949015,0.3447940945625305,0.5063931941986084,0.5679721236228943,75.68921661376953,3.590072172533689,7.61220645904541,3.990234375,0.3040020794775837
01426,0.602848638660418,0.2957919776884587,0.2489967942237854,0.47362974286079407,0.5686109066009521,66.41412353515625,6.638550032300199,16.494773864746094,4.1484375,0.45900148829786225
01427,0.5989453739822423,0.2472327308392882,0.24091392755508423,0.31793662905693054,0.6242932081222534,76.40093231201172,4.863617352119055,14.006972312927246,4.8671875,0.6554122986049102
01428,0.7864874343368862,0.42801364108140166,0.18423205614089966,0.4176346957683563,0.5328240394592285,74.07634735107422,4.859168063264185,14.035696983337402,4.98046875,0.6836533884862243
01429,0.7099033838140715,0.26957769079283267,0.2915334105491638,0.5098773837089539,0.5498932600021362,68.73951721191406,4.4770986632261485,12.587011337280273,4.1953125,0.5236839998130709
01430,0.7607070164424233,0.3183082331951514,0.17860770225524902,0.32082539796829224,0.6537837386131287,75.7196273803711,4.406075994668999,14.450812339782715,4.9921875,0.5844532931075105
01431,0.7437707882956238,0.2726883728167425,0.36790984869003296,0.6592078804969788,0.6730825901031494,73.38683319091797,6.236000831369601,9.709895133972168,4.53125,0.23577926933924026
01432,0.50172345465914,0.21396814283213722,0.28157466650009155,0.4590895175933838,0.5972509384155273,73.071533203125,3.947277548489395,8.918176651000977,4.43359375,0.36746808402899883
01433,0.7947335797943941,0.36752443933295,0.33312469720840454,0.573045551776886,0.40830934047698975,73.94881439208984,5.235655881985097,8.793523788452148,3.55078125,0.37889662660437495
01434,0.804504778567151,0.4370603719846373,0.3278732895851135,0.5565260052680969,0.4843002259731293,74.62971496582031,5.054579845382533,7.209817886352539,3.90625,0.47475753295997425
01435,0.5734326263422062,0.2614483686756629,0.2695799469947815,0.6327930092811584,0.4529111385345459,71.90837860107422,4.568059202163081,14.093823432922363,4.08984375,0.4433209875752968
01436,0.7131476732029006,0.34763366407309587,0.31894224882125854,0.7452534437179565,0.5242910981178284,71.347412109375,5.8111844483760375,10.738786697387695,3.740234375,0.4351123892311073
01437,0.7628534147701486,0.36898622823515137,0.3576730489730835,0.7722467184066772,0.35506585240364075,60.93967819213867,6.231470367908431,10.189434051513672,2.46484375,0.46206302392355253
01438,0.8704748244423689,0.36651308354342343,0.27442753314971924,0.506526529788971,0.6024918556213379,74.36876678466797,5.822763197890018,11.117476463317871,4.98046875,0.5296463177566645
01439,0.8060746719848116,0.4549125168236878,0.3088368773460388,0.5768752098083496,0.5036486983299255,73.34323120117188,4.166617442439162,7.1408562660217285,3.95703125,0.40421581885454844
01440,0.7141571788761084,0.299846815239413,0.3626248240470886,0.7621980309486389,0.36211660504341125,73.05010986328125,5.328724534642245,8.682042121887207,3.693359375,0.27403739949492184
01441,0.8679810627289601,0.45294090034267476,0.18930590152740479,0.3105770945549011,0.5742148160934448,72.74703979492188,2.828449878504272,13.938879013061523,4.921875,0.3845361386177704
01442,0.7759454810883242,0.5275875190258752,0.2621346712112427,0.5228156447410583,0.48719069361686707,74.9839859008789,5.666447087662284,12.441758155822754,3.33984375,0.7010760802094236
01443,0.27838635281414914,0.1279182207487222,0.32376664876937866,0.5919025540351868,0.6367639303207397,71.28255462646484,7.085365052157256,6.428293704986572,4.84765625,0.3017700022708131
01444,0.7618627802441947,0.2891085308511659,0.337105929851532,0.5837775468826294,0.528164267539978,71.05015563964844,4.358668223071171,11.041241645812988,4.14453125,0.4421444989273902
01445,0.8737243923206925,0.4761126119721314,0.23410582542419434,0.5997194051742554,0.48367640376091003,75.15711212158203,6.528759994176766,11.880803108215332,4.06640625,0.5078382721059604
01446,0.5849810748810378,0.2807699313862408,0.28275221586227417,0.45020270347595215,0.40756887197494507,71.07384490966797,4.3914989819146975,9.391008377075195,4.63671875,0.4678324352148912
01447,0.8539343764999389,0.3972452121066731,0.3500524163246155,0.4956797957420349,0.30654799938201904,70.17906951904297,4.033358689696607,11.429254531860352,3.453125,0.24102957608227607
01448,0.6771803219711573,0.3271236333052986,0.27698397636413574,0.42296940088272095,0.4658984839916229,76.0450668334961,3.4746891849171297,10.958465576171875,4.22265625,0.32944977296092776
01449,0.7780148344844471,0.4016681468896011,0.21930688619613647,0.47097548842430115,0.4219873547554016,68.76632690429688,3.8180610301591225,9.356287956237793,4.02734375,0.4258193938678845
01450,0.7930686892663659,0.3379624316155936,0.24794268608093262,0.4219072759151459,0.6385266780853271,76.16531372070312,4.7356774071726155,9.363316535949707,4.9765625,0.6480274368273932
01451,0.872224631297449,0.4275715014138043,0.39063358306884766,0.5990991592407227,0.47351157665252686,68.33099365234375,4.84347403646798,10.219508171081543,3.982421875,0.11833416862170183
01452,0.8200961887605033,0.30195798085706343,0.2881956696510315,0.5756362676620483,0.6116844415664673,74.52497863769531,6.487027973393125,11.816791534423828,3.837890625,0.4515570917087003
01453,0.696219588674207,0.3058953833761265,0.2912040948867798,0.49376028776168823,0.5012642741203308,69.14369201660156,3.6837526367134057,10.8616304397583,3.939453125,0.351886664442992
01454,0.7667729821653158,0.28050989712310326,0.2961142659187317,0.5626549124717712,0.5478888750076294,73.18846893310547,4.651097701671967,14.374027252197266,4.1796875,0.4548448810888087
01455,0.9038519365619473,0.5638231353282716,0.239831805229187,0.5278173685073853,0.5694633722305298,73.3624038696289,3.5973928937380024,12.249217987060547,4.78515625,0.48730591111275473
01456,0.735476088359736,0.33958814053724584,0.3818250298500061,0.6875030994415283,0.28160789608955383,65.21143341064453,5.542312676401674,13.185152053833008,2.9375,0.30862420748010955
01457,0.8724139043310266,0.3533228676085819,0.32829272747039795,0.6961670517921448,0.4763299822807312,74.15328216552734,5.740337193543584,12.714481353759766,3.79296875,0.41740334898818
01458,0.8634032285784589,0.3707618739438392,0.26458418369293213,0.4094666838645935,0.5718435049057007,72.41635131835938,4.398055252621186,11.936840057373047,4.69921875,0.6763888461292173
01459,0.7756252281201046,0.3116196750325705,0.3123563528060913,0.532935619354248,0.3780577778816223,71.66776275634766,3.256957834569341,9.300030708312988,3.859375,0.2579640069772119
01460,0.8560564954208666,0.3728237791932059,0.2977275252342224,0.43702858686447144,0.5648910999298096,74.5408706665039,4.002181380905699,11.127227783203125,4.46875,0.26991989828124485
01461,0.7637987489177345,0.30548508441956085,0.3067392110824585,0.6860384345054626,0.6352267265319824,74.48109436035156,4.855110011670822,11.705050468444824,4.66796875,0.4695783976257941
01462,0.7274549047413016,0.2952045634433254,0.35649824142456055,0.6459047198295593,0.6594564914703369,72.83417510986328,4.772332456920199,8.775378227233887,3.900390625,0.25188690202453806
01463,0.7915060943712682,0.42482896712831636,0.24205821752548218,0.4360327124595642,0.5405152440071106,67.0498046875,6.343315024556288,16.90229034423828,4.1171875,0.5544342158149262
01464,0.6671898602016002,0.3043178369430266,0.356195330619812,0.6464429497718811,0.35472896695137024,66.19251251220703,4.288799230446603,13.314942359924316,3.55859375,0.34003432217704693
01465,0.8801148954288951,0.47752362448114455,0.39735907316207886,0.5717186331748962,0.2734314501285553,64.5279312133789,6.817136690348857,12.713071823120117,1.9541015625,0.46826836311272035
01466,0.8680938218784273,0.39911603260223844,0.24755340814590454,0.5206316113471985,0.5521727204322815,74.37080383300781,4.119429055250764,10.301925659179688,4.82421875,0.4311417048494132
01467,0.5227931349724202,0.22595904082246465,0.35148054361343384,0.5660576820373535,0.33190909028053284,69.22105407714844,5.617231836584275,12.887555122375488,3.337890625,0.37454801535121784
01468,0.7422571449647257,0.3150043975373791,0.2523164749145508,0.47831350564956665,0.5421848297119141,67.98839569091797,4.802575453802015,17.42188835144043,4.73046875,0.4078162167726935
01469,0.6041947554496858,0.2861264425489212,0.3278559446334839,0.6897287964820862,0.6020189523696899,69.70393371582031,5.962840733664658,9.379805564880371,3.638671875,0.4454956758280087
01470,0.8552050373887927,0.3740839224333614,0.27152198553085327,0.45369696617126465,0.4556523859500885,73.06734466552734,3.897246420988096,8.717225074768066,4.359375,0.2646038020605214
01471,0.8673886896531453,0.38941713601893885,0.2565167546272278,0.40046387910842896,0.6638195514678955,75.54662322998047,4.47495691210921,12.799507141113281,4.96484375,0.4335514705515928
01472,0.8553822593364994,0.462478386167147,0.3679685592651367,0.7096971273422241,0.42171674966812134,67.11381530761719,5.540659419026628,8.887303352355957,3.673828125,0.40324264684597083
01473,0.8587127503371943,0.3277420760265766,0.45525598526000977,0.7383375763893127,0.5197691917419434,71.36454010009766,8.227739036052373,13.37297534942627,4.0390625,0.16413826307052903
01474,0.8394781179819106,0.32742573302469136,0.28942471742630005,0.5520397424697876,0.6165719628334045,75.37919616699219,4.818171112259296,12.320652961730957,4.41796875,0.339289926242967
01475,0.8649242956794481,0.3904703350753151,0.24997949600219727,0.4225878119468689,0.47900140285491943,75.30089569091797,3.5619542222374823,9.156039237976074,4.046875,0.4293827584260415
01476,0.6629283654565328,0.25697580980354123,0.34002673625946045,0.6760773658752441,0.5148155093193054,69.59062957763672,6.001824909942223,13.980052947998047,3.412109375,0.43256215823927685
01477,0.8187750679621588,0.33510783097909924,0.24475163221359253,0.42896291613578796,0.5394001007080078,75.49685668945312,4.512021577587476,15.163517951965332,4.1875,0.42426027836865515
01478,0.777863681652372,0.3547189213893967,0.2700567841529846,0.4830769896507263,0.6103056073188782,73.36356353759766,3.9210833367122273,11.762874603271484,4.421875,0.480666373686647
01479,0.7288128736007521,0.4283507037109869,0.17580920457839966,0.2667750418186188,0.593743622303009,73.0588150024414,3.141470173496326,16.645156860351562,4.94921875,0.6077709260331614
01480,0.8267260668878611,0.32403825218978716,0.2481985092163086,0.4982268214225769,0.5409649014472961,74.0079345703125,3.5448802765025884,15.066962242126465,4.984375,0.454536856143177
01481,0.6578192180670757,0.3889764962078546,0.1761806607246399,0.32647275924682617,0.5395241975784302,75.2194595336914,4.129032154589799,13.029085159301758,4.875,0.5271493349468551
01482,0.7931191573883412,0.491588785046729,0.3103712201118469,0.43273454904556274,0.5000991821289062,63.61469650268555,6.81351266098347,9.5556001663208,3.861328125,0.7880660245518323
01483,0.8161296012947608,0.4063593170782645,0.24817931652069092,0.48772910237312317,0.4849807918071747,75.77562713623047,4.63638399710696,11.387958526611328,3.8046875,0.36697854796807033
01484,0.714720438995593,0.28651719714093715,0.24760043621063232,0.4386621117591858,0.5642163753509521,73.41614532470703,5.07931435072579,15.57315444946289,4.83203125,0.46113567383100557
01485,0.7923448464020223,0.45340678758900266,0.16332125663757324,0.2847258150577545,0.6102687120437622,73.0859375,5.129125129761257,17.264808654785156,4.92578125,0.7194439410386813
01486,0.7279106807193589,0.4008362115978913,0.20978331565856934,0.42682570219039917,0.6855118870735168,73.53592681884766,6.067092577753355,15.451827049255371,4.94140625,0.6986716515550451
01487,0.8373917029949809,0.3816130614532969,0.26633578538894653,0.4781733453273773,0.2239689826965332,68.98128509521484,5.180458687828709,15.2103853225708,2.3671875,0.4127391803333189
01488,0.7769046573126938,0.31306800376057664,0.31282711029052734,0.5360362529754639,0.6078041791915894,71.24051666259766,4.042916877696368,13.316534996032715,4.234375,0.33668523705593456
01489,0.49197808580580304,0.21266968325791855,0.32781320810317993,0.5237154364585876,0.5674189925193787,69.55206298828125,5.443362443709274,11.463698387145996,4.1640625,0.44062042676452073
01490,0.9254674223702624,0.35566768222926026,0.3511430621147156,0.7451895475387573,0.5242929458618164,74.55890655517578,6.6539802076493935,11.77803897857666,4.0234375,0.13637446640208742
01491,0.37256876483551804,0.167450110864745,0.26788944005966187,0.5752437710762024,0.49003466963768005,64.51496887207031,4.208128904693525,16.352420806884766,4.0859375,0.5500480512290318
01492,0.726813664257333,0.2770107804264399,0.4184895157814026,0.6966238021850586,0.39319804310798645,70.84215545654297,6.0563989548205655,13.31401252746582,1.8291015625,0.3733962813696651
01493,0.6562650907827299,0.3179646440516006,0.2735234498977661,0.46509790420532227,0.5456146597862244,74.33732604980469,5.758338725962998,15.687776565551758,4.48828125,0.4963324182386005
01494,0.8244686983928957,0.3236892309716466,0.3029152750968933,0.5860501527786255,0.44547948241233826,65.77035522460938,5.552320114834003,14.264610290527344,4.71484375,0.28343016082918426
01495,0.660825848328988,0.23851175122843926,0.3422219157218933,0.6069052219390869,0.4802514910697937,71.37944030761719,5.7703215973916695,16.51746368408203,2.720703125,0.30699114388378174
01496,0.8165016877552977,0.31782847867255837,0.43677669763565063,0.7080044746398926,0.36694449186325073,67.4994125366211,7.864831092604302,10.053398132324219,2.6640625,0.18654949487764397
01497,0.5447223157351954,0.23029055350208208,0.3125343322753906,0.5304402709007263,0.5156968832015991,75.37315368652344,5.262177269286244,14.257369995117188,4.15234375,0.5123991065221577
01498,0.854107677260832,0.3977371076351508,0.24501538276672363,0.4601011276245117,0.4949082136154175,75.09253692626953,4.274390958625911,12.188919067382812,4.2734375,0.4697312401548491
01499,0.6640074011177305,0.3548459300156681,0.27386730909347534,0.505912721157074,0.5307864546775818,67.70701599121094,4.624821086607234,15.300880432128906,4.109375,0.6820418875918771
01500,0.8466247653787756,0.3435137253170565,0.3141435384750366,0.5787203907966614,0.42289310693740845,69.80050659179688,4.878287086969619,12.894990921020508,3.3671875,0.3646927220000781
01501,0.875403668167784,0.40110595207541005,0.2777809500694275,0.45695510506629944,0.5372120141983032,74.55156707763672,3.5628068976207685,11.857625007629395,4.63671875,0.2964664375614295
01502,0.7440238736785145,0.3975111111111111,0.2962164878845215,0.6086877584457397,0.5282861590385437,63.88236618041992,4.600993680898233,16.374759674072266,4.19140625,0.5379515758957123
01503,0.8653577509813883,0.4046253914719345,0.2202826738357544,0.3840087652206421,0.6047574281692505,77.33830261230469,6.508424967777815,12.86080551147461,4.88671875,0.71842335782691
01504,0.8578672804443814,0.4170826130359621,0.18890011310577393,0.2706204354763031,0.39841988682746887,68.60285186767578,4.4885263420392025,16.93080711364746,3.25390625,0.604632170534023
01505,0.8874238898106861,0.3445612022871793,0.3333730101585388,0.5874282717704773,0.579572319984436,70.60651397705078,7.520954911742926,10.069387435913086,4.71484375,0.24597220038769965
01506,0.8085609427384535,0.4469973062906037,0.21851998567581177,0.34336310625076294,0.5783476233482361,69.76488494873047,7.693404599486899,12.64360523223877,4.94140625,0.6991322275010354
01507,0.7991272909631174,0.3736355267195651,0.2849860191345215,0.5259696841239929,0.5248726010322571,68.82279968261719,3.9889239704095507,9.750075340270996,4.45703125,0.41607326148971474
01508,0.8467911733788404,0.38501149425287357,0.2028757929801941,0.4528394341468811,0.5393059253692627,74.29484558105469,4.143986218435339,9.050223350524902,4.79296875,0.5101649323788254
01509,0.8744470758556512,0.4817886765236206,0.22149479389190674,0.3918476104736328,0.7037696838378906,75.68367004394531,4.697869987005131,11.604243278503418,4.9453125,0.5449773299986166
01510,0.7671952020815999,0.4781516011349818,0.2230086326599121,0.44545048475265503,0.5993780493736267,74.5135269165039,4.422957080221547,10.177995681762695,4.97265625,0.507014511075772
01511,0.7482613143916953,0.2764805793530806,0.5758887529373169,0.8236725926399231,0.3725452721118927,70.52816772460938,8.315323588439657,11.726227760314941,1.9814453125,0.13486637766274703
01512,0.3824042571593167,0.15302606510194983,0.3899298310279846,0.5777204632759094,0.48815178871154785,74.54117584228516,3.3532957056398507,11.78598403930664,4.953125,0.30610521552531383
01513,0.66643367326423,0.33097595473833097,0.28824031352996826,0.5810185670852661,0.6017151474952698,66.36839294433594,6.01949530361483,14.251571655273438,4.85546875,0.653913276662809
01514,0.7963303659261626,0.34117342982682863,0.24209696054458618,0.46779775619506836,0.6155034303665161,73.66461944580078,4.454049905372103,14.392471313476562,4.98046875,0.4440596764237665
01515,0.7743075745847429,0.3309109345952341,0.30753105878829956,0.7333519458770752,0.4084273874759674,71.53136444091797,5.740718031222369,14.91920280456543,3.0078125,0.5457009391961926
01516,0.7563975266834557,0.3744358187398447,0.24192333221435547,0.3992777466773987,0.46110594272613525,74.5634994506836,4.065835531508998,12.56236457824707,4.52734375,0.6848365967071248
01517,0.6972923688573193,0.32689217942594123,0.20833641290664673,0.2902994453907013,0.5278193354606628,71.70745086669922,5.903970609583463,15.572565078735352,4.57421875,0.680857125797829
01518,0.855142234492443,0.3379415244211594,0.41077327728271484,0.7727689146995544,0.39390838146209717,75.18878173828125,5.2331030434510915,4.882935523986816,2.66015625,0.209150581139955
01519,0.7237117945899119,0.2705675517288013,0.3287544250488281,0.655239999294281,0.5671519637107849,69.60987854003906,5.538880379072677,8.781698226928711,4.39453125,0.3829797148799474
01520,0.8215238983622378,0.37231884057971015,0.278822660446167,0.4361889660358429,0.5200374126434326,73.5925064086914,3.3211576825073887,9.343486785888672,3.884765625,0.2371224969719378
01521,0.7012598914722571,0.36879139072847683,0.23022866249084473,0.44461020827293396,0.6246359348297119,73.61231994628906,5.087427997080564,11.858992576599121,4.953125,0.5877182583317794
01522,0.7467597792936062,0.2977780591251503,0.2849549651145935,0.5357649326324463,0.5725513100624084,68.07231140136719,4.270118216664521,11.357674598693848,4.40234375,0.4094675272845706
01523,0.8741335344821903,0.3711027926907354,0.20782458782196045,0.4621148109436035,0.6329854130744934,76.72278594970703,4.908342340866679,13.718992233276367,4.77734375,0.41322461395128807
01524,0.854609879377248,0.42161693658411314,0.23391884565353394,0.3822874426841736,0.5265457034111023,72.72309112548828,3.6925837561354293,13.862579345703125,4.3671875,0.43229668041268515
01525,0.7108991486432037,0.27584037389897537,0.24991565942764282,0.4763753116130829,0.5779727101325989,70.81109619140625,3.431244539041887,15.685361862182617,4.84375,0.5509014645389663
01526,0.7382096606041219,0.30411284449384796,0.32853829860687256,0.5783668756484985,0.49509570002555847,67.73594665527344,5.932866079667507,12.501172065734863,4.59375,0.4632125764726891
01527,0.871910260117373,0.3343048141201366,0.2573111057281494,0.6173183917999268,0.4850313067436218,74.85347747802734,5.525716762602383,13.759345054626465,4.203125,0.33519289666061985
01528,0.7919251993412069,0.3916731303325243,0.2335975170135498,0.38784366846084595,0.5091734528541565,66.31050109863281,3.4445044159964167,11.762311935424805,3.720703125,0.4637512902873528
01529,0.8235359431744087,0.39261754230970985,0.19447392225265503,0.3397095203399658,0.4644926190376282,67.49388885498047,3.229250591252042,14.351659774780273,4.26953125,0.3770699175617638
01530,0.7819290517194322,0.3383223111729899,0.2652984857559204,0.5816547274589539,0.46864649653434753,66.57674407958984,4.466435960966558,16.671926498413086,4.16796875,0.4972494393079702
01531,0.8276013889058561,0.37351893280304915,0.24960428476333618,0.4861052930355072,0.5058873891830444,70.97132110595703,3.938318589410828,10.878643989562988,4.03515625,0.3351873302844818
01532,0.794485278039515,0.34930344704411503,0.2844007611274719,0.46287912130355835,0.42462265491485596,75.26850128173828,3.3153887771911585,9.639793395996094,3.98828125,0.23796487435587718
01533,0.8285403850870388,0.34455119971227455,0.2739860415458679,0.5268285274505615,0.39493924379348755,73.18390655517578,4.7204402915676065,10.905852317810059,3.90625,0.4160507660805718
01534,0.7850675767329794,0.3037219071266401,0.2891277074813843,0.5291128754615784,0.4819049835205078,72.54668426513672,5.09718181234479,12.437047958374023,3.2578125,0.25978924471404785
01535,0.8264419296084062,0.41085713298432935,0.27175796031951904,0.41717931628227234,0.4788786470890045,75.9256820678711,3.676955890839222,11.266427993774414,4.2890625,0.4498597049122235
01536,0.8166223072531187,0.3649844756476204,0.22093886137008667,0.4473993480205536,0.614928662776947,74.7806167602539,4.33486119907196,11.616921424865723,4.90625,0.5748880107350822
01537,0.8074547824509416,0.33536257448318885,0.3170868754386902,0.4875932037830353,0.5943551659584045,74.38929748535156,4.951044394548035,12.964359283447266,4.73828125,0.4563372962165233
01538,0.8374300674117022,0.5064577397910731,0.2951076626777649,0.4716270864009857,0.5911433100700378,70.6994400024414,4.52474215692273,12.6875638961792,3.482421875,0.4904908067393752
01539,0.6587071680683811,0.2736560503678421,0.30908530950546265,0.49991366267204285,0.6347953081130981,77.26361846923828,4.006362166029668,7.96088981628418,4.9921875,0.2425406457612019
01540,0.9009921521883635,0.3613542334362799,0.33627867698669434,0.5604438781738281,0.5842194557189941,73.8305892944336,3.888263748437289,11.794389724731445,4.515625,0.39383846007243933
01541,0.6905868728541243,0.27594520547945206,0.3271517753601074,0.6671267151832581,0.3762356638908386,64.34551239013672,6.062440027624844,11.227764129638672,3.646484375,0.4364755680171368
01542,0.823271121739359,0.45983012222912784,0.2604770064353943,0.4753364026546478,0.4370477795600891,70.91851806640625,5.505470889862752,9.845324516296387,3.912109375,0.44748490275103525
01543,0.8989774456375971,0.34820441423365134,0.2339298129081726,0.37689539790153503,0.5889361500740051,73.90728759765625,3.864668212893457,15.052942276000977,4.52734375,0.4175710359177948
01544,0.714300033110019,0.2887181560857258,0.48148852586746216,0.7624472975730896,0.34990090131759644,64.49744415283203,6.634832501264168,9.361042022705078,2.220703125,0.3832509419275784
01545,0.8853600487647746,0.35899479862093703,0.2751748561859131,0.5124528408050537,0.6451191306114197,74.13509368896484,4.327648257349667,14.597206115722656,4.859375,0.489460959757216
01546,0.8523270549442595,0.49056107347234096,0.24819129705429077,0.3629651665687561,0.5607271194458008,72.62220764160156,7.6616115540810865,16.96036148071289,4.83984375,0.7934032209446852
01547,0.8775550788912752,0.35051546391752575,0.425192654132843,0.6852535605430603,0.41937556862831116,72.53660583496094,8.20980320713258,12.833255767822266,2.7578125,0.17278858161209848
01548,0.3967358393588424,0.22157575757575756,0.29671210050582886,0.5100907683372498,0.6319459676742554,67.00546264648438,6.5859542293932405,16.450389862060547,4.02734375,0.5510125696859968
01549,0.7826537506864512,0.3721645670671158,0.25913453102111816,0.4335483908653259,0.5164188742637634,66.78042602539062,4.205798786653957,14.782872200012207,3.650390625,0.3436744486448139
01550,0.6298871178008525,0.236832869276305,0.3470439910888672,0.562218427658081,0.6170939803123474,73.49661254882812,8.4872708758788,6.311626434326172,4.78515625,0.20550433103666343
01551,0.7987161653220993,0.4309182643794147,0.21780604124069214,0.5195935368537903,0.5560797452926636,76.01073455810547,4.407421079587015,9.570775985717773,4.984375,0.527753698500756
01552,0.8373350554553614,0.3234088776971313,0.4731997847557068,0.655697226524353,0.3614230453968048,68.58586120605469,6.924542909163977,9.374207496643066,3.21875,0.11285819385462834
01553,0.7401842170585526,0.4489483214932442,0.3104633092880249,0.5873165726661682,0.45561110973358154,71.20799255371094,6.398271069044924,10.596953392028809,3.10546875,0.45222691896748657
01554,0.8044673865469918,0.32109900204601444,0.254865825176239,0.6039963364601135,0.41821372509002686,74.42200469970703,3.303251741241156,12.662063598632812,4.375,0.25335396947909095
01555,0.8404900938464608,0.40533456231817266,0.1973811388015747,0.3351771831512451,0.518354594707489,73.30127716064453,3.8295654553243996,15.759183883666992,4.171875,0.4659447086928875
01556,0.7910212150806066,0.42239721637212707,0.3137310743331909,0.5737332105636597,0.2965049743652344,72.3160171508789,7.096363469236097,10.263792037963867,3.546875,0.4260804439272092
01557,0.7705637640220551,0.3563760683760684,0.2280811071395874,0.5033541321754456,0.5496639609336853,75.40906524658203,2.514236835080056,12.223747253417969,4.640625,0.3932281138195125
01558,0.8435943588999114,0.37630104083266613,0.25941038131713867,0.45229315757751465,0.5919712781906128,76.32259368896484,3.8429159355570786,7.6212382316589355,4.94140625,0.4128860452287849
01559,0.743513556830676,0.3448632185783434,0.4129512310028076,0.8458405137062073,0.34171298146247864,68.7576675415039,7.187600870984131,7.558001518249512,2.869140625,0.3863227305432063
01560,0.816860666317752,0.45142803457346864,0.20518922805786133,0.4183320999145508,0.576665461063385,71.7710189819336,4.340924823396282,15.185093879699707,4.0078125,0.5284726703194143
01561,0.7853871371444131,0.3295582765681809,0.26771998405456543,0.41170352697372437,0.5824122428894043,72.08624267578125,4.854182754812397,12.99878215789795,4.8984375,0.5204837665236971
01562,0.7544672062030953,0.3387946450147407,0.30147022008895874,0.5465289950370789,0.4073275923728943,73.3794174194336,3.0207745488253597,11.56672477722168,4.91015625,0.3046169024821287
01563,0.6228251396378979,0.24839207615127348,0.4067656397819519,0.6704394817352295,0.4075015187263489,68.50032806396484,5.915719687692733,10.291706085205078,3.443359375,0.33429423592047247
01564,0.7684629345546429,0.36930098262934846,0.291623592376709,0.3706997334957123,0.3399089574813843,70.63626098632812,5.012581350303334,15.039310455322266,3.650390625,0.7164526663511706
01565,0.6167715773218844,0.34867172675521824,0.3215327262878418,0.7792077660560608,0.2923349142074585,62.83732986450195,5.2572421683566075,8.39173412322998,4.43359375,0.5391996917274804
01566,0.7759887089428524,0.31921388493182545,0.3598933815956116,0.5996682643890381,0.3657599985599518,67.67957305908203,4.557177312646843,10.714860916137695,3.85546875,0.267767302486684
01567,0.5624104966872635,0.27565962268037697,0.24118608236312866,0.3461006283760071,0.515099823474884,71.20333099365234,4.105907846599834,16.863981246948242,4.06640625,0.3928238301816662
01568,0.7385468552958852,0.3477979041377075,0.3249402642250061,0.6780519485473633,0.5223057270050049,71.90557861328125,6.7289520292422,15.101404190063477,3.529296875,0.46939576098816904
01569,0.777782995404378,0.3645625428222467,0.278900146484375,0.5734966993331909,0.4841439723968506,73.37838745117188,2.8544090586575726,12.572099685668945,4.79296875,0.43590839304272094
01570,0.8215702353191972,0.347624658026639,0.3576365113258362,0.5833081603050232,0.3519171178340912,65.14268493652344,4.975030116871531,13.559394836425781,3.470703125,0.44509304311731507
01571,0.853056013655571,0.4186956021624938,0.2888440489768982,0.5082330107688904,0.5308329463005066,76.08814239501953,4.791327898145036,11.871780395507812,3.70703125,0.6793904222365944
01572,0.644504655175969,0.2840034217279726,0.22934174537658691,0.3891611099243164,0.586930513381958,76.47891998291016,2.7999357960093,13.012449264526367,4.95703125,0.5489762651363671
01573,0.7941571842559291,0.38784951357235187,0.2562498450279236,0.4100201427936554,0.6317893862724304,72.0820083618164,3.9642137045175274,14.732903480529785,4.88671875,0.5298731708042255
01574,0.8189295410731858,0.39747681788615424,0.2557382583618164,0.4815506637096405,0.496035635471344,70.95622253417969,3.8077668097256065,13.24386215209961,3.720703125,0.41091651250568967
01575,0.7348513062702782,0.3674305063390818,0.2981654405593872,0.47112607955932617,0.48217153549194336,70.04791259765625,3.330488834513082,9.77916145324707,3.29296875,0.3075452933050095
01576,0.8413137160300783,0.33355964808056804,0.28945040702819824,0.6062763333320618,0.4482644498348236,74.23870086669922,4.130527460484197,12.997480392456055,3.89453125,0.46105196079025945
01577,0.8485336468654351,0.3897787637636619,0.30373573303222656,0.4271610379219055,0.5028993487358093,71.97620391845703,2.748747029987773,11.587013244628906,4.203125,0.2761421359531061
01578,0.8168910038080213,0.29780071456927354,0.45455771684646606,0.6726410388946533,0.4355476498603821,70.68008422851562,8.181224475265672,10.976634979248047,3.6640625,0.1473948260181186
01579,0.789044569565066,0.3658077029648102,0.30876344442367554,0.5831713676452637,0.46661242842674255,73.79045104980469,3.7150087379597285,10.747078895568848,4.2890625,0.33800534810896965
01580,0.8681253569667129,0.35238387790406284,0.32311731576919556,0.580849289894104,0.5506477355957031,73.2004165649414,3.871856030748267,9.158308029174805,4.65234375,0.27581329562611967
01581,0.5051495592016354,0.21726853915886463,0.3786001205444336,0.8762751817703247,0.38392120599746704,65.81739807128906,7.467552471624453,16.66742515563965,3.02734375,0.6058286835943371
01582,0.8942094085676883,0.34090312165685477,0.365810751914978,0.6171861886978149,0.38337910175323486,74.50421142578125,7.19338184446922,12.268539428710938,2.9296875,0.18069416719678325
01583,0.8276538291615471,0.3461048304213772,0.2595803737640381,0.46280547976493835,0.4885990023612976,72.69829559326172,3.8061825758824246,12.652433395385742,4.71484375,0.5476350910244995
01584,0.7100616333185069,0.36116368734665266,0.274436891078949,0.48583561182022095,0.6328104734420776,74.14330291748047,4.695009330705771,9.589235305786133,4.85546875,0.4927872804436333
01585,0.7689304327304894,0.3292750110180696,0.24151772260665894,0.4308948516845703,0.6392117142677307,71.97307586669922,3.3051634659352507,12.626124382019043,4.984375,0.3386016169751729
01586,0.7977606181066861,0.3977745909428616,0.18761307001113892,0.3271121084690094,0.6264019012451172,72.80292510986328,3.5206355950740438,11.303054809570312,4.92578125,0.40634019361784335
01587,0.579315802230459,0.269553361153576,0.24132251739501953,0.5014490485191345,0.633445680141449,72.74468994140625,4.5913136515784645,7.884699821472168,4.91796875,0.4531678302350336
01588,0.8994570418876614,0.3700034982416733,0.24538296461105347,0.6336953043937683,0.5931166410446167,75.74211120605469,3.228890908050805,10.600756645202637,4.984375,0.2947384126758558
01589,0.9352031006738438,0.3681965893245743,0.505156934261322,0.6438372135162354,0.4560748338699341,70.57699584960938,6.72982781184923,10.993270874023438,3.06640625,0.11164433683624125
01590,0.7867463969194172,0.5070382882882883,0.2645089626312256,0.49565863609313965,0.6053300499916077,74.06389617919922,5.136289878748815,12.772029876708984,4.71484375,0.6320614254761026
01591,0.7800505677170909,0.32316812646870324,0.3559637665748596,0.6609316468238831,0.3398359715938568,70.15374755859375,6.429583237902358,14.437276840209961,3.9921875,0.39825481828347625
01592,0.773053832247891,0.3249336870026525,0.24705147743225098,0.4838497042655945,0.5813053846359253,74.06060791015625,3.672435012288981,14.370875358581543,4.94921875,0.48384513301956483
01593,0.7677968136173944,0.37551565859043634,0.20648646354675293,0.39836692810058594,0.4646255671977997,67.10116577148438,3.2186586341483623,12.485631942749023,4.34375,0.4169441612565059
01594,0.8720378552912956,0.3527931027249271,0.2837742567062378,0.5593085289001465,0.5348758697509766,73.69892883300781,4.381996260180427,9.107720375061035,4.46875,0.35640599825659725
01595,0.8008487934698217,0.4033758304902137,0.2158585786819458,0.3752419054508209,0.6259638667106628,73.79527282714844,3.5527047949843737,11.418861389160156,4.90625,0.34612954009757985
01596,0.8016023458909659,0.30999961544870724,0.3933086395263672,0.8394309878349304,0.4579585790634155,73.58885955810547,4.629109014182494,10.326480865478516,4.140625,0.20170871061047557
01597,0.8479446902523047,0.45958154357766384,0.2576615810394287,0.45043444633483887,0.48272472620010376,75.32427215576172,4.057391253992436,7.32130241394043,4.15234375,0.4994480143354582
01598,0.82978020233356,0.36347573425475105,0.1925080418586731,0.38158220052719116,0.5029311776161194,73.938720703125,4.031190871761775,11.362858772277832,4.609375,0.34747554403325703
01599,0.6335831007071663,0.32383318080794876,0.40455323457717896,0.7877683043479919,0.48516565561294556,73.88296508789062,5.788296488499966,6.7721662521362305,3.57421875,0.2153055127449387
01600,0.7804686572702435,0.4387585880123194,0.24466007947921753,0.44952067732810974,0.5213482975959778,70.8023910522461,4.9882790165596465,13.054437637329102,4.015625,0.7019092963635741
01601,0.6154238423362363,0.3074866310160428,0.27623361349105835,0.5720416307449341,0.6488989591598511,72.66345977783203,4.648946968041971,11.675614356994629,4.85546875,0.5058919941607549
01602,0.8665105151202895,0.3321941216678059,0.26134783029556274,0.4918980300426483,0.5294390916824341,77.1537857055664,4.037668659162527,14.235179901123047,4.98828125,0.4189512341046478
01603,0.9192268156971115,0.4074934787763813,0.24893981218338013,0.46751129627227783,0.48584499955177307,74.01909637451172,4.063630928512803,11.683907508850098,4.015625,0.26901969473753523
01604,0.7035694467129826,0.3519633390241711,0.2427612543106079,0.5121359825134277,0.5335573554039001,72.23844909667969,2.757058376015699,14.275793075561523,4.46875,0.47250619969803853
01605,0.7762814568882851,0.31208936891973565,0.26156604290008545,0.6477904319763184,0.5127621293067932,76.3891372680664,2.932183484782482,9.073567390441895,4.9765625,0.25426256958603405
01606,0.7356349816431917,0.39654207351203435,0.39277219772338867,0.667046070098877,0.3570030629634857,58.03220748901367,7.999801859743406,8.486379623413086,4.08203125,0.4113872217063398
01607,0.8158565508233606,0.3840841267585619,0.3485602140426636,0.6079005002975464,0.597879946231842,76.04249572753906,3.0737680629035906,7.196717262268066,4.46484375,0.3410642321571875
01608,0.8187918320901171,0.4398974740946831,0.26565176248550415,0.37414348125457764,0.4042889177799225,66.72099304199219,4.114205354742433,15.305965423583984,4.203125,0.3142491137557588
01609,0.8796734728484061,0.4176422234190312,0.289392352104187,0.4683549106121063,0.4536017179489136,75.38336181640625,3.818601153352554,8.578751564025879,3.234375,0.24589415234230244
01610,0.5192543892282439,0.1824029205328234,0.5350892543792725,0.6511304974555969,0.44711846113204956,63.063594818115234,7.99873491976067,12.345629692077637,2.60546875,0.2781176432036958
01611,0.8213739513763645,0.36048391592797013,0.40095287561416626,0.6107578277587891,0.2660992443561554,58.32305908203125,4.609911975306201,14.291051864624023,2.556640625,0.31731611923512715
01612,0.7017594072271094,0.30304256179870975,0.3476244807243347,0.4999038577079773,0.4837285876274109,70.70443725585938,4.4292189383793295,11.46678352355957,4.33984375,0.20846544303643824
01613,0.7382591659480628,0.31052609793451713,0.20629602670669556,0.3976285457611084,0.6306606531143188,74.15605926513672,3.539718642206814,14.665199279785156,4.90234375,0.35078798122963994
01614,0.838358870798633,0.37693457403211034,0.25642067193984985,0.499573290348053,0.4938713312149048,74.69664001464844,6.0622986917740125,14.771415710449219,3.806640625,0.4016569875711159
01615,0.8071050180209363,0.3625075346594334,0.23757261037826538,0.4709187150001526,0.4877866804599762,71.05413818359375,3.5319374162477586,14.066649436950684,4.47265625,0.4832135954215066
01616,0.7976429295155983,0.32127317160398167,0.2617841362953186,0.3977815806865692,0.5224365592002869,74.00057983398438,4.69691092380168,14.855932235717773,4.421875,0.4715466996275545
01617,0.7381651916024697,0.35133735340904887,0.3524845838546753,0.47083622217178345,0.3840009868144989,64.9373779296875,3.777658451475398,14.11667251586914,3.94140625,0.38662876664915596
01618,0.8699333944231628,0.3881231323815396,0.2521246075630188,0.42521703243255615,0.4800134301185608,72.90193939208984,3.626100111858895,10.174324035644531,4.26953125,0.2392402912055661
01619,0.46309193497715856,0.1862057278427385,0.45959872007369995,0.6808978319168091,0.46725553274154663,68.6257553100586,6.302158038989438,5.238081932067871,3.59765625,0.1841861838342878
01620,0.7793537001983796,0.41310031649924317,0.3177500367164612,0.5721597671508789,0.39705222845077515,64.23847198486328,4.721985142595033,10.473281860351562,3.537109375,0.43974282283844507
01621,0.7524035090501416,0.31198151445130495,0.3195607662200928,0.6769943833351135,0.4636880159378052,71.32691955566406,6.80952081935347,17.46674346923828,2.986328125,0.5046694422719429
01622,0.808989829727566,0.43934074289420133,0.2840585708618164,0.39712345600128174,0.5638716220855713,75.3367691040039,4.631203300634512,11.988609313964844,4.02734375,0.5359351880005645
01623,0.274068035205252,0.13546402167424346,0.3229331374168396,0.6162052750587463,0.6048322916030884,73.90353393554688,4.624302222257541,9.615129470825195,4.66015625,0.42755555751960705
01624,0.870812254555381,0.3662126840005503,0.2755811810493469,0.49928584694862366,0.579775333404541,75.50872802734375,3.8960007746133787,12.724970817565918,3.962890625,0.5194759224230123
01625,0.780895597418834,0.3116272193325538,0.3582689166069031,0.7689851522445679,0.22979699075222015,69.11783599853516,6.866492491707554,10.314393997192383,2.41796875,0.26240507699667504
01626,0.5379249357906122,0.20596814000448732,0.3765023350715637,0.571962296962738,0.5539376139640808,72.69273376464844,6.884435101007408,12.245014190673828,3.767578125,0.7466255010466909
01627,0.8477331865731668,0.4331500760322845,0.292458176612854,0.5860655903816223,0.5766171813011169,74.97801208496094,3.611067690077606,6.611664295196533,4.921875,0.3142778337791967
01628,0.8238821020640744,0.3180754497622632,0.31417542695999146,0.5158027410507202,0.5594185590744019,71.81549072265625,5.436660854927008,10.943355560302734,3.986328125,0.17444070656529423
01629,0.866898388152658,0.38563138988670903,0.34631967544555664,0.7009509205818176,0.46925219893455505,73.8551254272461,5.015626405729045,6.765249252319336,2.787109375,0.41762110161576477
01630,0.614496346443497,0.28773053430587675,0.36255139112472534,0.7784358263015747,0.4120512902736664,65.39156341552734,4.5000268642609775,5.012677192687988,3.9921875,0.30555232125227255
01631,0.48334962290096345,0.23759382819015848,0.23433917760849,0.4885413348674774,0.5757656693458557,74.3590316772461,4.094736517104367,12.774616241455078,4.984375,0.48320360550954017
01632,0.8924143338402281,0.5088558111562171,0.22448432445526123,0.4073849618434906,0.5249749422073364,75.27433013916016,4.246529416458663,9.933842658996582,4.609375,0.6080961241701979
01633,0.7777769143456316,0.3773237056383469,0.372308611869812,0.577648401260376,0.5207487344741821,72.60044860839844,5.9998693733875,15.634449005126953,3.146484375,0.5656525222479938
01634,0.6749974697500544,0.33172932330827065,0.35158318281173706,0.6926608681678772,0.5994142293930054,75.59406280517578,7.8872402497751075,9.535995483398438,4.390625,0.581511736682958
01635,0.5236594569226639,0.2336748392566947,0.20901960134506226,0.38887229561805725,0.5212560892105103,74.0687484741211,3.579563857325688,13.048983573913574,4.37890625,0.3608734299058254
01636,0.8109045397961667,0.4167249213561692,0.20988327264785767,0.37671542167663574,0.597262442111969,74.78522491455078,3.266291285540105,9.14704418182373,4.91796875,0.46076536575856014
01637,0.642704812138778,0.3515614705494795,0.20549994707107544,0.4602639377117157,0.49207088351249695,74.52916717529297,3.8298983811737584,11.870309829711914,4.0703125,0.44351053004471025
01638,0.8632864667203711,0.36255707762557077,0.32692646980285645,0.49347740411758423,0.5021625757217407,72.92173767089844,4.54024666899468,11.014613151550293,4.5,0.53035373606496
01639,0.6083718093172595,0.29946954945276305,0.2757127285003662,0.571169376373291,0.6472351551055908,72.64252471923828,4.702627501986738,11.679779052734375,4.859375,0.5056600092193723
01640,0.8973639885731087,0.34654760668674073,0.41565370559692383,0.6974081993103027,0.333830863237381,72.7698745727539,7.703021399397595,11.658281326293945,2.369140625,0.1761066824238483
01641,0.7738956017729918,0.3010969234724484,0.29400861263275146,0.5203607082366943,0.4285484850406647,71.11346435546875,7.444726886048038,13.992067337036133,3.095703125,0.2736202010597103
01642,0.8422551323050288,0.4664284370885838,0.23498976230621338,0.4832257330417633,0.24179166555404663,58.9691162109375,6.322892727722577,13.441141128540039,3.45703125,0.620213442645958
01643,0.7021624851786821,0.3339280322784289,0.27160197496414185,0.4947688579559326,0.39162182807922363,72.61029815673828,4.474959147751007,11.310196876525879,4.05859375,0.3889222948694272
01644,0.8063527112412039,0.3200195133849625,0.40569978952407837,0.5240226984024048,0.42584413290023804,74.7510986328125,5.503777130814482,12.370060920715332,3.525390625,0.28487513953513277
01645,0.8302958967680538,0.43515840337564227,0.22585850954055786,0.43181759119033813,0.5449993014335632,74.09660339355469,4.625969251773633,13.107172012329102,4.12890625,0.609041026604814
01646,0.5873026678592913,0.2211342064159558,0.42113184928894043,0.5077354907989502,0.3473415970802307,60.542030334472656,6.933489525222389,12.940515518188477,2.439453125,0.4521926928446086
01647,0.835388852356393,0.3748537609249191,0.36931127309799194,0.49086371064186096,0.46629607677459717,73.19295501708984,3.5629929432818517,9.877456665039062,3.248046875,0.41554362837862713
01648,0.8287822452806995,0.42605547673792865,0.23199838399887085,0.4031343162059784,0.5549441576004028,75.70024108886719,3.899118881976739,11.636869430541992,4.53125,0.4941358473695007
01649,0.796685330011211,0.42233182790587115,0.2531434893608093,0.45310279726982117,0.39387544989585876,68.88936614990234,4.817582360849826,14.37922477722168,3.736328125,0.4289039369922234
01650,0.7986384316951773,0.3805099452676545,0.31086212396621704,0.4604712724685669,0.6141150593757629,75.87784576416016,5.417221936227603,9.178325653076172,4.62890625,0.47134366578827613
01651,0.8363982691628934,0.56848454385524,0.319591760635376,0.5112921595573425,0.5669108033180237,66.8139877319336,9.438114576756345,9.124383926391602,4.01171875,0.6622283831910748
01652,0.5610378810354153,0.22930246725555894,0.2722926735877991,0.5242272615432739,0.6090401411056519,75.38129425048828,4.9980027243464855,8.985483169555664,4.87109375,0.37152371238135806
01653,0.8197557627852384,0.3664116411641164,0.19707071781158447,0.41117069125175476,0.5741642713546753,70.71501159667969,4.619050478069188,14.387300491333008,4.94921875,0.6304192124557314
01654,0.8542003490570544,0.3884306298013948,0.16809481382369995,0.4246373772621155,0.40834301710128784,72.36925506591797,2.6315898480903783,11.923731803894043,4.0625,0.3639769592704038
01655,0.6731449001332493,0.3765684850085854,0.21788626909255981,0.5093926787376404,0.5011901259422302,73.34968566894531,4.148744512652184,14.107915878295898,4.46484375,0.5376682259472816
01656,0.7284393656169053,0.31175366128426585,0.2605758309364319,0.37106800079345703,0.5784490704536438,75.76111602783203,6.7797693800920324,12.360490798950195,4.37109375,0.6440899004564716
01657,0.9392084899903432,0.4195686227256296,0.29314088821411133,0.5622350573539734,0.614223062992096,71.26467895507812,6.039285889220242,14.594133377075195,4.46875,0.6760861418499555
01658,0.7509148790759342,0.3276475417312779,0.28200507164001465,0.5209348201751709,0.5611797571182251,74.14483642578125,4.3419669538237935,12.694330215454102,4.73828125,0.4806219087655862
01659,0.7568262491681222,0.4428752489588991,0.2943961024284363,0.5240340232849121,0.6653525829315186,74.80766296386719,6.494437923953519,8.484354019165039,4.98828125,0.6128247147903
01660,0.775776155248272,0.33151371138655195,0.28313905000686646,0.4414122402667999,0.3254532217979431,72.4156723022461,3.8302033209620436,9.656623840332031,3.857421875,0.3388948802073455
01661,0.6801096845782315,0.3460298664561542,0.38940495252609253,0.5836325883865356,0.46539047360420227,71.90717315673828,4.616933053091745,11.713446617126465,3.861328125,0.44973801382954887
01662,0.7916159150348772,0.4153683533250609,0.3100075125694275,0.476089745759964,0.5811249613761902,72.99639892578125,4.747113944794773,10.316413879394531,2.939453125,0.6160019982793624
01663,0.7961040268780228,0.40249968116311696,0.19610369205474854,0.44864198565483093,0.5823826193809509,74.3327407836914,5.617560003631582,10.282174110412598,4.98046875,0.712381848978186
01664,0.8228322279667244,0.43646746889659394,0.41237521171569824,0.5515519976615906,0.4000241160392761,68.58038330078125,4.609380945744298,9.183621406555176,3.1875,0.3754278286749737
01665,0.8039278816449179,0.3549444833902445,0.28862136602401733,0.6359566450119019,0.3909515142440796,67.82888793945312,4.267719201276954,11.42922592163086,4.0390625,0.2815481881704335
01666,0.7561276477354301,0.31050632911392406,0.29687559604644775,0.5082169771194458,0.5626479983329773,73.41407012939453,4.3658211622866165,10.268670082092285,3.734375,0.47177020807423753
01667,0.8992949749198051,0.3431091459693484,0.28859448432922363,0.574766218662262,0.6019449234008789,76.65826416015625,5.35580215797454,11.123258590698242,4.5859375,0.3161919199314751
01668,0.8106198128719289,0.3577060116746266,0.3975774049758911,0.6520899534225464,0.3923657238483429,67.26558685302734,6.540712150850422,8.768714904785156,2.951171875,0.31842582097017763
01669,0.740149490055519,0.29256175850100946,0.3234216570854187,0.5721515417098999,0.3160775303840637,68.64198303222656,6.514181801391382,13.576715469360352,3.576171875,0.2491559065991942
01670,0.8001926311582752,0.3902422756907275,0.22053521871566772,0.3577621877193451,0.405277818441391,69.7138442993164,3.3469163157297332,13.68587875366211,3.849609375,0.4392937169920992
01671,0.7468087039018112,0.34145313299810304,0.28905874490737915,0.626054584980011,0.4295434057712555,70.19093322753906,5.107975371012056,11.534374237060547,3.95703125,0.5203657021847387
01672,0.8984160038951482,0.4197200928335326,0.23115724325180054,0.39082545042037964,0.5867198705673218,73.103759765625,2.860929783407618,10.332355499267578,4.859375,0.3800162383996208
01673,0.8268141477158549,0.426269827680142,0.22583281993865967,0.36289000511169434,0.6218306422233582,74.23800659179688,3.373065695235428,11.708049774169922,4.94140625,0.4313225085994611
01674,0.8807527506028653,0.3683858004018754,0.3494341969490051,0.5346879959106445,0.41611552238464355,73.341064453125,3.901808068478223,12.260286331176758,3.267578125,0.4387880877286379
01675,0.8035185027834996,0.4373454782042941,0.17391061782836914,0.393679678440094,0.6378650069236755,72.28433227539062,5.350261543914713,14.566743850708008,4.984375,0.6494754839800173
01676,0.8675358399697294,0.3430582189867997,0.30686241388320923,0.4928101897239685,0.6375271081924438,74.10392761230469,4.603607797767846,10.668270111083984,4.796875,0.5007399128431935
01677,0.7856718915247335,0.3234667035857677,0.23454689979553223,0.40271738171577454,0.6619929075241089,74.1447525024414,4.619945675080829,15.425312042236328,4.77734375,0.5219067823354426
01678,0.9382029392247933,0.3600986058168063,0.5052722692489624,0.8042696714401245,0.5264492034912109,71.40771484375,7.5997495658101,13.4447021484375,2.849609375,0.1335938390289815
01679,0.7818574408861887,0.37245018137277996,0.3258025050163269,0.6118143200874329,0.49987462162971497,75.8721923828125,6.477384765574662,10.4024658203125,4.0390625,0.5664158769847251
01680,0.8676606501925933,0.3739824701817401,0.20983749628067017,0.27329111099243164,0.5927037596702576,76.11100769042969,4.12863773136366,15.181349754333496,4.08984375,0.6310531074110718
01681,0.9045383734198222,0.34491392229248147,0.3141748905181885,0.4323451519012451,0.4884215295314789,67.61347198486328,6.082119738163851,12.056978225708008,2.642578125,0.36672395268150276
01682,0.8082612327878812,0.4447479513285324,0.26383697986602783,0.5380095839500427,0.5414092540740967,74.38777160644531,4.561186002844146,8.805075645446777,4.91796875,0.4952263012051431
01683,0.7813809545154491,0.3126503525508088,0.24665027856826782,0.6405699253082275,0.29526486992836,64.53433990478516,6.98656897526326,16.140493392944336,2.033203125,0.416712954385617
01684,0.6484898104426804,0.3125881168177241,0.2739769220352173,0.39999404549598694,0.5352840423583984,59.53371810913086,5.5407460118657745,15.713540077209473,4.55859375,0.4041207212749755
01685,0.8627781224325451,0.3579143517719728,0.33225131034851074,0.4831812381744385,0.3610702157020569,66.17545318603516,4.027231447381747,12.375582695007324,3.23828125,0.2272489293345343
01686,0.7103853503720662,0.346172317740851,0.33399391174316406,0.6611916422843933,0.3039039671421051,58.85163116455078,5.7122007049230845,16.525671005249023,2.748046875,0.5764385780206462
01687,0.6288093174703304,0.291040643803758,0.25727492570877075,0.39557620882987976,0.4765092432498932,74.00198364257812,3.2484630442714333,13.129549980163574,4.7421875,0.46406017072891587
01688,0.9174082049415498,0.561918867769275,0.2176666259765625,0.36792653799057007,0.4114767909049988,74.19740295410156,5.957622053119556,16.597410202026367,3.794921875,0.6476137773183861
01689,0.695766500382744,0.2817483628135674,0.3540019392967224,0.6147074103355408,0.44063863158226013,71.92385864257812,6.208469355732519,14.274927139282227,2.775390625,0.2346670922962203
01690,0.8742256697098121,0.3929190679855343,0.2513943314552307,0.45274657011032104,0.5908597707748413,74.19244384765625,3.0487094281340905,10.204239845275879,4.7890625,0.37805261402705764
01691,0.7223796243299605,0.3448741007194245,0.24555182456970215,0.47108376026153564,0.4910135865211487,73.82159423828125,2.8110167862862934,12.28419303894043,3.904296875,0.5248904531427778
01692,0.9543290376786105,0.7034214851337218,0.300184965133667,0.39977318048477173,0.4730008542537689,66.26956176757812,9.980724284848879,11.689146995544434,3.51953125,0.6905760120812092
01693,0.8468400786605673,0.34300356914066077,0.2379341721534729,0.4540448486804962,0.6078910231590271,75.49198150634766,3.655234058799307,10.440397262573242,4.97265625,0.3818517147466268
01694,0.8449676130640036,0.3793579825178338,0.2534027099609375,0.4478921890258789,0.35561349987983704,72.21649169921875,2.9049481370963646,11.21978759765625,3.71875,0.40843911327619586
01695,0.795064220721501,0.3616434802347829,0.3946536183357239,0.772578239440918,0.2613595426082611,65.12210083007812,5.609150192326774,6.522028923034668,2.53125,0.13568594346386798
01696,0.702904311145299,0.31896235004712237,0.2664948105812073,0.4547959864139557,0.46045544743537903,73.83538818359375,3.394963454485487,11.417367935180664,4.078125,0.3463714507765555
01697,0.9416227209209745,0.6527647610121837,0.35767853260040283,0.5733425617218018,0.43761900067329407,68.96454620361328,11.167836699655615,13.530820846557617,3.0703125,0.5242998828592511
01698,0.8522968315956132,0.36027687841911354,0.31307393312454224,0.5506875514984131,0.5361207127571106,69.07117462158203,4.6045402530540445,14.01594066619873,4.19140625,0.38863721935161405
01699,0.9156411426654488,0.4280301943112999,0.19195592403411865,0.3568825125694275,0.5843271613121033,74.2369613647461,3.281990947336653,14.910613059997559,4.8359375,0.5534080822861122
01700,0.8251332731350055,0.38027432389114774,0.20052659511566162,0.43748795986175537,0.6347680687904358,75.22540283203125,3.5329828680372564,10.665398597717285,4.953125,0.416704431512055
01701,0.8694973098682617,0.3775441825110269,0.2588719129562378,0.5432866811752319,0.4314604699611664,73.36311340332031,3.546388490822822,12.387771606445312,3.83203125,0.27196682453417903
01702,0.7517811848989354,0.34114450670742064,0.26599979400634766,0.5483734607696533,0.46864914894104004,65.63826751708984,4.973053521593839,20.309955596923828,4.49609375,0.6233743392488835
01703,0.7917721846813995,0.4015889287544849,0.30272436141967773,0.39667099714279175,0.6098871231079102,73.97745513916016,4.148895519587008,13.489755630493164,4.76953125,0.5867635243326917
01704,0.7764097152206755,0.3386437599333989,0.2664605379104614,0.6101694107055664,0.5108462572097778,75.1691665649414,3.423727461597847,8.640876770019531,4.7265625,0.37603472266040655
01705,0.6228668422366644,0.25589720055071136,0.4310789704322815,0.7577344179153442,0.5542060732841492,70.96612548828125,5.4877465333644535,8.043354988098145,2.498046875,0.37313809548356897
01706,0.8271676854449788,0.39307972618601644,0.3119931221008301,0.6520410180091858,0.502600908279419,74.5761947631836,4.095148997907276,7.476068496704102,3.96484375,0.5603714401796833
01707,0.9126274846399318,0.3827657439650593,0.24032962322235107,0.39700835943222046,0.4814496338367462,73.3460464477539,4.268234002880533,13.140944480895996,3.91015625,0.481914709706272
01708,0.8569028736765477,0.4745217595229321,0.24110090732574463,0.43229520320892334,0.6402949690818787,77.91082763671875,4.6748609933817,12.682538986206055,4.1171875,0.6855611638702337
01709,0.7186968698179587,0.2784714339765418,0.31660664081573486,0.5728179216384888,0.5086707472801208,71.61087799072266,5.365080649647335,12.9658842086792,3.869140625,0.5031684304478194
01710,0.7771888976018212,0.3401125054089139,0.2861621379852295,0.501526951789856,0.6195351481437683,71.5330581665039,4.612619999811169,11.242500305175781,4.91015625,0.5325881229665533
01711,0.8873479112123202,0.3505886426592798,0.35020625591278076,0.6149598956108093,0.4462049901485443,71.8540267944336,5.8158858563103095,10.993914604187012,3.244140625,0.4119819363277224
01712,0.8367084692573267,0.390745501285347,0.239349365234375,0.4185239374637604,0.49915820360183716,71.29666900634766,3.571115417325284,9.894326210021973,4.3359375,0.559988724632192
01713,0.8800814352405285,0.3652371041342988,0.3065410852432251,0.621232271194458,0.42987507581710815,70.93335723876953,5.311059586915454,10.493840217590332,4.01171875,0.25172642987307187
01714,0.8481616018022586,0.3876819609751781,0.3062288165092468,0.4651552438735962,0.44295239448547363,68.10449981689453,5.00865766354795,11.234797477722168,2.732421875,0.6532213757464488
01715,0.7655481383111491,0.3977585430529844,0.1827879548072815,0.4565020799636841,0.40505674481391907,75.70166778564453,4.07386815941139,10.857962608337402,4.9296875,0.5398105497815896
01716,0.7137841557326092,0.3448644905410935,0.3159707188606262,0.6295637488365173,0.533181369304657,74.14712524414062,3.617721634280376,9.006668090820312,4.2890625,0.3337278201122708
01717,0.6178187674970617,0.26259227095093357,0.20098626613616943,0.2881951630115509,0.636171281337738,75.46870422363281,6.3772592007795526,15.639659881591797,4.98828125,0.7312129461259677
01718,0.740818766307759,0.4659062103929024,0.26108604669570923,0.6491811871528625,0.5785191059112549,73.658447265625,4.566474326261813,9.110681533813477,4.125,0.571639647163851
01719,0.7749765950308688,0.35975375144286265,0.20814001560211182,0.36438173055648804,0.4303751289844513,72.63938903808594,4.225507922574339,12.390195846557617,4.02734375,0.4762905143882636
01720,0.871761493042714,0.5196973547869949,0.28713423013687134,0.4321216344833374,0.6494689583778381,75.11604309082031,5.037970695387204,7.260761737823486,4.82421875,0.18573165680990675
01721,0.8531210358775668,0.37937943561223153,0.18052393198013306,0.33783674240112305,0.5964822769165039,73.86083984375,4.207119934886472,12.232734680175781,4.82421875,0.4714197775037698
01722,0.8226316843804905,0.32261769773366517,0.2935314178466797,0.48998817801475525,0.5532976984977722,74.48079681396484,4.702603494746843,12.836795806884766,3.87890625,0.4727805663516401
01723,0.8937836772123313,0.3496537937827737,0.3778001070022583,0.5556091070175171,0.4352070391178131,72.37493896484375,5.842640586323129,10.722890853881836,3.583984375,0.1748858316789863
01724,0.7734260405528514,0.3395321181801407,0.204257071018219,0.4877665340900421,0.5790610909461975,77.36223602294922,3.4059608495271143,10.987648963928223,4.9765625,0.39844229239922013
01725,0.8372862777298355,0.44433440620615666,0.24813055992126465,0.44870418310165405,0.2768245041370392,69.90166473388672,5.57428465864978,10.472907066345215,3.767578125,0.5045312014000118
01726,0.8019182582697082,0.4891963446921172,0.23853278160095215,0.42705801129341125,0.6202211380004883,73.33201599121094,6.6698666041354455,8.113994598388672,4.70703125,0.5921104342951058
01727,0.8263942323956813,0.4311075522918579,0.35168272256851196,0.5398609638214111,0.42157506942749023,71.98919677734375,5.008678830067394,8.237913131713867,3.873046875,0.42686133975505286
01728,0.22570867558774904,0.09707301883854896,0.48844772577285767,0.8297936320304871,0.4190032184123993,69.4779281616211,5.464118653016618,8.01120662689209,2.828125,0.39556333939212646
01729,0.8380729598033618,0.42665569724393254,0.2533898949623108,0.5490877628326416,0.44620025157928467,67.88470458984375,6.176953006723292,11.006254196166992,4.26953125,0.6849658500838941
01730,0.7434046588156372,0.31820436507936506,0.3078712821006775,0.6975317001342773,0.32307976484298706,63.58460235595703,3.7953033880602103,15.00119400024414,3.4296875,0.48817801977753467
01731,0.7449897518382472,0.412375415282392,0.3210541605949402,0.592656135559082,0.37596043944358826,67.20169067382812,4.044460949326529,8.879944801330566,3.48828125,0.2760456285305894
01732,0.7650545807342615,0.3064346495840903,0.29527366161346436,0.4915578365325928,0.5455206036567688,74.4062271118164,5.390154797273,11.34726333618164,4.72265625,0.5124116007529279
01733,0.7091425571691461,0.3838757396449704,0.33857375383377075,0.7762619256973267,0.47362253069877625,57.57395553588867,4.908030784693331,9.50926399230957,4.57421875,0.5682284969457885
01734,0.9282414265540557,0.3954870752023777,0.3300595283508301,0.4888838231563568,0.4054672122001648,66.85521697998047,5.369157609025123,13.418155670166016,3.8125,0.3008476517396703
01735,0.7957158016563491,0.43093139894023974,0.21981561183929443,0.3459022045135498,0.6404430270195007,74.27037811279297,4.1368502293668055,10.114089012145996,4.9296875,0.46592571292986484
01736,0.7548026942666792,0.3416811091854419,0.22696399688720703,0.44556233286857605,0.6368563771247864,74.20463562011719,3.9653437437528964,14.525872230529785,4.98828125,0.5335388164018221
01737,0.8285803606678019,0.3246971709123104,0.3928414583206177,0.5442693829536438,0.3741742968559265,70.84474182128906,5.790236635770806,11.376766204833984,2.900390625,0.16486400995312236
01738,0.5684833424966115,0.2891101267488268,0.2802734375,0.5271191596984863,0.6395254135131836,73.86614227294922,4.58148135585151,12.43084716796875,4.91015625,0.48609368987124923
01739,0.7711645158094914,0.417810137216466,0.2165313959121704,0.5243409276008606,0.5521917939186096,68.31669616699219,4.519002614585789,12.962113380432129,4.7578125,0.6459279221827978
01740,0.8051738440451489,0.4595639654463184,0.2813224196434021,0.5187839269638062,0.27163034677505493,63.581478118896484,6.095332084352535,13.642995834350586,3.86328125,0.5058080074798965
01741,0.7062202178147636,0.29872813424062133,0.23983389139175415,0.4957084059715271,0.4361170530319214,74.79878997802734,3.170654518808401,11.788228988647461,4.58984375,0.33168823589048596
01742,0.8405319643721153,0.39584926826780886,0.334577739238739,0.5828641653060913,0.5663996934890747,75.06087493896484,3.4852340619579243,7.181534767150879,4.03125,0.24849056543709608
01743,0.7404770596541453,0.3179344539847624,0.23491179943084717,0.4646188020706177,0.5215265154838562,72.53448486328125,3.9388888041271675,10.112493515014648,4.91015625,0.28714107165588293
01744,0.8258856255985494,0.47015191498466585,0.28425103425979614,0.4744336009025574,0.6111146211624146,75.99073028564453,6.459113435933849,8.876974105834961,4.9921875,0.5995455902201859
01745,0.6548492811231199,0.2793807883914541,0.4623739719390869,0.7079061269760132,0.36675238609313965,64.95056915283203,5.844542720990844,10.538496017456055,2.6953125,0.2615039754555817
01746,0.727155230975039,0.28181379125301853,0.2556878924369812,0.533028781414032,0.5061517953872681,73.81938171386719,4.866587943275458,12.83067798614502,4.4921875,0.22382283193297675
01747,0.768560215896232,0.33669158271043226,0.2345699667930603,0.412933349609375,0.556159257888794,74.59599304199219,3.193620834634082,10.841699600219727,4.171875,0.3557962516475291
01748,0.8430224590176632,0.4085948259266389,0.22989898920059204,0.3904138505458832,0.5606590509414673,75.25267028808594,3.48601657096212,10.985878944396973,4.90234375,0.46091568233438096
01749,0.9440579724520677,0.3673172027804205,0.279152512550354,0.5215063095092773,0.5441918969154358,77.86872100830078,5.777108394979084,13.552998542785645,4.36328125,0.39460978195553964
01750,0.74234618825969,0.35258238276299114,0.27356278896331787,0.5410282611846924,0.6190363764762878,75.0223388671875,3.6721175898238703,11.381473541259766,4.6875,0.5224991143174589
01751,0.6118986040841797,0.23901184055545224,0.4740385413169861,0.6949571371078491,0.3499253988265991,70.44335174560547,5.830909733614131,7.848536968231201,2.03515625,0.22466177456796219
01752,0.7693055862233795,0.3685377999094613,0.2724769711494446,0.4141990542411804,0.3301777243614197,67.19450378417969,3.4290994456959982,13.511157035827637,3.0546875,0.4241379301025984
01753,0.45987479598615766,0.26120580808080807,0.22519326210021973,0.2673633098602295,0.6167864799499512,73.11671447753906,5.993305669371037,13.74616813659668,4.89453125,0.5834684659890009
01754,0.7623794272914577,0.3712480252764613,0.3432948589324951,0.5917093753814697,0.5952565670013428,71.18637084960938,5.09628182208414,8.188553810119629,4.26953125,0.5129357482157182
01755,0.8821194248451025,0.3771759518246734,0.18525320291519165,0.3953326344490051,0.5429163575172424,76.0169677734375,3.185566220984952,13.148563385009766,4.890625,0.42132337770841355
01756,0.6729000408702807,0.29762372900398854,0.2931957244873047,0.5843832492828369,0.3354935348033905,60.22475814819336,5.042659996124488,17.191877365112305,3.94140625,0.5695832505560474
01757,0.8233309059485128,0.3414322250639386,0.2853583097457886,0.553594708442688,0.4590773582458496,69.3606185913086,4.471346363075762,17.25234603881836,4.1796875,0.5540017314924003
01758,0.8166445035630044,0.34907809343705676,0.2030937671661377,0.36479514837265015,0.6458662152290344,74.76277923583984,3.32260975077909,13.610848426818848,4.89453125,0.35135810073961726
01759,0.7080272755686445,0.3025308512863418,0.32524484395980835,0.7703376412391663,0.46014171838760376,70.21383666992188,4.549563217847704,11.148014068603516,3.947265625,0.47193697674888635
01760,0.7268153251801691,0.3007659111232067,0.2532791495323181,0.46294355392456055,0.42711955308914185,75.76033782958984,3.394834840592367,12.393144607543945,4.34375,0.5144233510284427
01761,0.8152597432854817,0.42862416284343197,0.16520607471466064,0.254083514213562,0.6915907263755798,74.61174011230469,4.426269957388339,14.611321449279785,4.8984375,0.5787504134990678
01762,0.8315188954209944,0.45889227543631456,0.18631839752197266,0.3364930748939514,0.6048972606658936,74.13579559326172,3.2468490705925768,13.417747497558594,4.84375,0.5165386813999555
01763,0.6790420659291823,0.28625570645152026,0.31855928897857666,0.7088459730148315,0.37069398164749146,71.94580078125,7.493765504615997,12.987452507019043,3.595703125,0.341550885110003
01764,0.8571729005549177,0.3917105398988335,0.30815643072128296,0.36556708812713623,0.6136682629585266,70.80897521972656,6.490212879996649,15.074082374572754,4.9765625,0.5639534639364583
01765,0.6883662950100604,0.28715407085404177,0.2361852526664734,0.41128677129745483,0.4368377923965454,72.83738708496094,3.9227816956756305,15.150753021240234,4.1640625,0.36025487266948447
01766,0.8716638746650482,0.4005374913522431,0.25746840238571167,0.37206608057022095,0.3759618103504181,68.03943634033203,3.4414751756452917,11.415181159973145,3.59375,0.304893879148066
01767,0.7832227326015953,0.43989340342423244,0.20912879705429077,0.5141910314559937,0.4701753258705139,74.35408782958984,3.432384069923099,9.1264009475708,4.51171875,0.5016975078866079
01768,0.9193783147083411,0.35408688629404045,0.3172605037689209,0.5982379913330078,0.5112645030021667,72.69445037841797,5.516800255735699,11.563695907592773,4.078125,0.19953787028359954
01769,0.5922751714733063,0.25924045313676397,0.27214181423187256,0.5034171342849731,0.37376868724823,69.94161987304688,3.4287281409096693,15.082927703857422,3.75,0.3848614096960908
01770,0.3073048738697483,0.20451311242122383,0.25639456510543823,0.5489702224731445,0.4807355999946594,71.78477478027344,6.077999549205718,17.181819915771484,4.09375,0.7355582724979269
01771,0.5562490958391496,0.22825883322717225,0.38861405849456787,0.6055660247802734,0.6236100196838379,73.1386489868164,4.815124032694371,9.361398696899414,2.794921875,0.3692305971912106
01772,0.7591668959115493,0.3286149678293261,0.22223234176635742,0.30120953917503357,0.5999471545219421,72.2747802734375,4.927014434802025,13.994050979614258,4.96484375,0.6104426233939055
01773,0.7334203571683007,0.36328551052940683,0.25929176807403564,0.5099977850914001,0.5287358164787292,72.93122100830078,6.375258978411709,16.611804962158203,4.42578125,0.45257957131395177
01774,0.7757911099674505,0.4978330506877709,0.22545766830444336,0.4338052570819855,0.606156051158905,68.86366271972656,5.328473438329226,13.500895500183105,4.953125,0.7452547351188378
01775,0.7337842960083605,0.39653193930893793,0.3093234896659851,0.5523242950439453,0.6202157735824585,71.9874496459961,5.507646519441719,10.36490249633789,3.943359375,0.43142171818047237
01776,0.5341623174513883,0.29530544432137684,0.35635578632354736,0.6028922200202942,0.485650897026062,67.41806030273438,4.5439097167072395,10.725966453552246,4.49609375,0.4443701820754155
01777,0.6824974375585195,0.293383241335197,0.25454968214035034,0.44992440938949585,0.6231945157051086,77.26495361328125,4.406804697019124,12.929769515991211,4.96875,0.43045135590663575
01778,0.9068146525684024,0.36037760473311004,0.326462984085083,0.6115195155143738,0.3935870826244354,67.60920715332031,4.662396749029884,12.131319046020508,4.84765625,0.6971396608869431
01779,0.527279504336906,0.19295292599450148,0.5059633851051331,0.6773507595062256,0.33272314071655273,68.23169708251953,7.293088707865362,11.566658973693848,2.619140625,0.17728872931840053
01780,0.5718171953517112,0.2259310655215092,0.26490724086761475,0.6031582951545715,0.5994693636894226,72.44794464111328,5.3774562276011295,14.050227165222168,4.8984375,0.5875343552190602
01781,0.8011332826228668,0.35479360640630464,0.19582539796829224,0.3532426357269287,0.6185718774795532,72.97317504882812,3.291139454524486,13.084617614746094,4.86328125,0.4385716901572749
01782,0.6627911135726309,0.2792780380270047,0.22254997491836548,0.41943037509918213,0.5920453071594238,69.51497650146484,4.54955718463456,17.112548828125,4.98046875,0.3454087985750291
01783,0.532681361500554,0.25465575620767494,0.27079319953918457,0.5367875695228577,0.34394896030426025,56.43579864501953,4.40858569044577,15.706296920776367,3.9296875,0.5585176958155812
01784,0.8171274179557133,0.34502186967158427,0.3004172444343567,0.44862282276153564,0.651515781879425,75.72148132324219,4.874096639246503,9.102012634277344,4.890625,0.3927552852075532
01785,0.9135789323736908,0.7004212701693029,0.22438395023345947,0.39278867840766907,0.5413514971733093,74.70933532714844,10.89683138959788,10.32143783569336,4.00390625,0.812834375460517
01786,0.9166063550855239,0.37141532551824624,0.2799375057220459,0.5439723134040833,0.5371699333190918,75.70664978027344,4.230182749460995,10.410202980041504,4.609375,0.22717482576578063
01787,0.8731399507154745,0.3356315001115443,0.2625393867492676,0.5500393509864807,0.4950508177280426,73.7945327758789,4.381622156935319,13.370491027832031,4.0625,0.28856151373496725
01788,0.8539466390510466,0.39277537522258965,0.2705400586128235,0.5828527212142944,0.3705025911331177,62.46525955200195,5.574434489273303,16.34285545349121,4.671875,0.4680291978691151
01789,0.6281127605805895,0.22516363636363637,0.5742144584655762,0.8721363544464111,0.4628394842147827,68.83509063720703,7.696666737641144,10.757011413574219,2.2890625,0.2690894783765886
01790,0.811420625513482,0.4096517087018233,0.26797908544540405,0.5088714957237244,0.6080203652381897,73.48631286621094,3.5923597821152686,12.793790817260742,4.34375,0.4180145902400082
01791,0.9033220165404339,0.43121838330193296,0.22930854558944702,0.3997677266597748,0.550861656665802,75.2198257446289,3.3367053127134008,11.446292877197266,4.8203125,0.5229534410866976
01792,0.7779892995861465,0.3224524170456459,0.3879113793373108,0.6621174812316895,0.3964734375476837,70.31409454345703,3.965087505114517,6.13013219833374,3.083984375,0.24488229192205802
01793,0.9265775521360516,0.3583699677773408,0.3260132074356079,0.6897057294845581,0.39974328875541687,74.29448699951172,6.034311528427778,10.327308654785156,3.365234375,0.11840320626118314
01794,0.6806102337730631,0.26833207709701734,0.29358017444610596,0.5826330780982971,0.49605265259742737,65.32819366455078,4.651587600202421,14.68260383605957,4.19140625,0.40773978581576614
01795,0.6518430766262311,0.2458304351186336,0.4401312470436096,0.7905492782592773,0.37801167368888855,71.58399200439453,7.185435392624586,10.057186126708984,3.279296875,0.219401617080581
01796,0.838944881727832,0.3495492001938924,0.3638797998428345,0.54231858253479,0.4199436604976654,69.50928497314453,4.941789574324805,9.799424171447754,3.111328125,0.2582339038114564
01797,0.8441063604836904,0.43594826772396866,0.19872838258743286,0.3398752808570862,0.5618483424186707,72.40666961669922,3.353469243545489,12.156314849853516,4.62109375,0.5821278962589304
01798,0.8535972960342367,0.44530873130728416,0.27673155069351196,0.4967353343963623,0.5100590586662292,75.8041763305664,4.840090152328573,11.33961296081543,4.01953125,0.46192869469022707
01799,0.6272730899754975,0.28391167192429023,0.36451709270477295,0.7865015268325806,0.5354016423225403,71.50257110595703,5.359312062402176,10.526395797729492,4.953125,0.6021235738832016
01800,0.657425031681631,0.2503754643901668,0.3132649064064026,0.6474443674087524,0.5267273187637329,73.18976593017578,3.5139290261507203,12.95297622680664,4.0390625,0.4248332051606761
01801,0.8189546678946198,0.38459186793029654,0.2902899384498596,0.5325298309326172,0.3407239317893982,70.78853607177734,2.7694948859519757,11.605195999145508,3.95703125,0.3143394589521044
01802,0.7425242652862958,0.29905582922824303,0.21719437837600708,0.5154635906219482,0.5244206190109253,74.95540618896484,3.4700629414971997,10.669650077819824,4.5625,0.4052987318397418
01803,0.6433772792569068,0.32449006799093455,0.2321297526359558,0.49597978591918945,0.5329290628433228,74.21322631835938,3.1924623774565206,10.377058982849121,4.8828125,0.5235330803344699
01804,0.8858479437561197,0.40993987975951907,0.3160207271575928,0.45291024446487427,0.3287000060081482,69.72369384765625,3.6570010447153956,12.870500564575195,3.2734375,0.3958016979776037
01805,0.6284503629921588,0.2332600151444128,0.5842041969299316,0.7210572957992554,0.3585803210735321,72.05746459960938,7.683022615600253,11.638069152832031,2.7578125,0.2319670867225639
01806,0.6565688860005313,0.2628434886499403,0.4039738178253174,0.8392517566680908,0.34465962648391724,61.70899200439453,7.137311168364041,11.503390312194824,2.548828125,0.4759492399318197
01807,0.8732684335863347,0.3495834532975453,0.3354107737541199,0.6652719974517822,0.513256311416626,73.51093292236328,5.047546180490803,7.4666972160339355,4.921875,0.1260491190300807
01808,0.7900402003628075,0.32847540674665493,0.25725114345550537,0.49039655923843384,0.6384024024009705,69.93327331542969,4.460444812429825,14.385698318481445,4.3203125,0.49788553385360973
01809,0.8730207521669907,0.4209675557095024,0.23152828216552734,0.4301472008228302,0.4021463096141815,73.42577362060547,2.8322366877716485,13.411771774291992,4.1328125,0.4595317735588424
01810,0.5648308823541283,0.22558346098889076,0.3648117780685425,0.5802536606788635,0.41136062145233154,70.64546966552734,4.502808381940002,11.662508010864258,3.849609375,0.18043037867805156
01811,0.8353136085625813,0.368541152199056,0.34337812662124634,0.6195541620254517,0.22210118174552917,70.37147521972656,4.67246651605797,10.00323486328125,2.62890625,0.24452870803364188
01812,0.8245991124219926,0.3841898439586433,0.21771132946014404,0.4918900430202484,0.49804529547691345,68.04426574707031,2.6379531326712735,12.503470420837402,3.994140625,0.45757407931855504
01813,0.8491245318803412,0.39978515060116515,0.2255232334136963,0.4557783603668213,0.48358583450317383,69.74716186523438,4.623309801978346,7.971028804779053,4.296875,0.4021916934209428
01814,0.6470513516643006,0.29441295546558705,0.3736603260040283,0.636759877204895,0.34210172295570374,64.9810791015625,6.421985743345806,14.164261817932129,3.171875,0.4623858385492887
01815,0.2507721388620562,0.11447811447811448,0.44423943758010864,0.5159541964530945,0.526669979095459,71.5732650756836,5.6479481030318945,9.477420806884766,2.197265625,0.2637688121468153
01816,0.7652434554988412,0.31191627347041806,0.2754502296447754,0.6065818071365356,0.6210380792617798,74.70758056640625,4.792388435484244,11.965018272399902,4.8984375,0.30797187923524477
01817,0.9127507349560048,0.447216115572704,0.3989129066467285,0.5011163949966431,0.6727192401885986,73.43302154541016,4.135192255441581,7.745497226715088,4.82421875,0.3351778891461535
01818,0.7619531405526736,0.3821416221616014,0.2751946449279785,0.4869801998138428,0.44316425919532776,68.6695785522461,4.162182582139266,13.489377975463867,4.01953125,0.3492028739368411
01819,0.7635441599486681,0.28491752387466784,0.31058555841445923,0.4934343993663788,0.5024833679199219,70.14777374267578,4.579855016107324,12.32775592803955,3.779296875,0.29753449602694054
01820,0.8840991225046949,0.3450862884693372,0.2414066195487976,0.5088655352592468,0.6012651920318604,75.61128234863281,3.912259833399483,13.724189758300781,4.87109375,0.364684756652668
01821,0.7955075498697877,0.4896022089912848,0.20052754878997803,0.3773566484451294,0.4520755410194397,68.00218963623047,4.5123545740620425,15.575433731079102,4.35546875,0.6896168008189449
01822,0.8256772694287562,0.42641171512852927,0.1608375906944275,0.37486782670021057,0.4897907078266144,72.63040161132812,2.9941040457466648,10.3699951171875,4.7734375,0.5092918560913546
01823,0.6033727549721293,0.29489464304434426,0.2733004093170166,0.4708399176597595,0.549297571182251,72.35020446777344,4.110667305503618,11.111860275268555,4.48046875,0.35494566482170953
01824,0.8256197240306711,0.3870074279239582,0.2393304705619812,0.42576146125793457,0.5874301791191101,75.38109588623047,3.5854372113442485,9.733428955078125,4.859375,0.4120918508150369
01825,0.642679777026229,0.25212870168035567,0.4583926796913147,0.7815895080566406,0.5979910492897034,74.22440338134766,5.63710573367811,9.94505500793457,4.36328125,0.3297071008743761
01826,0.8817316512319254,0.3530323700855761,0.30358242988586426,0.5687832832336426,0.506045937538147,74.62657928466797,4.009152106796958,12.191805839538574,4.80859375,0.29023411244703445
01827,0.6094579821288016,0.3240319518572913,0.3091893196105957,0.46355509757995605,0.5702266693115234,72.34455108642578,4.729017545514679,13.11982536315918,4.6640625,0.5209837541461776
01828,0.8700168736228678,0.45958900336069636,0.3558685779571533,0.5471020340919495,0.5854531526565552,74.55579376220703,5.171938667378409,4.194244861602783,4.359375,0.1127746483798831
01829,0.862126772230775,0.33992081543256675,0.3005204200744629,0.47152477502822876,0.4540047347545624,71.41313934326172,5.154396875079131,10.819334030151367,3.21875,0.47201523117181426
01830,0.7903465640589923,0.31728985265389864,0.4135618209838867,0.5850708484649658,0.3252697288990021,67.76085662841797,4.046379697922958,10.057991027832031,3.228515625,0.17644760741507984
01831,0.6079379105475071,0.27963176064441886,0.23930108547210693,0.4510597884654999,0.5966936349868774,72.07933807373047,5.018907371397135,9.102285385131836,4.8984375,0.46297732900281624
01832,0.7215055531376874,0.34769757311761046,0.2640930414199829,0.4461939334869385,0.576352059841156,70.50895690917969,5.162280274572301,13.749004364013672,4.84375,0.6402973223430382
01833,0.8152292511633644,0.45384409322260916,0.13210797309875488,0.2270784229040146,0.6359911561012268,75.6822509765625,3.603853932427539,13.742269515991211,4.9921875,0.6965194171197833
01834,0.7937528992928096,0.3485316402278787,0.32268404960632324,0.6425343155860901,0.39986854791641235,67.42992401123047,6.02308429540516,14.070581436157227,4.2265625,0.39067442740900354
01835,0.8223330660468045,0.34050430258154896,0.22743195295333862,0.48153722286224365,0.5735965967178345,77.01524353027344,3.8886424377651574,10.958393096923828,4.9140625,0.35843853341448195
01836,0.5733799345092617,0.24141158120491324,0.3112937808036804,0.4830562472343445,0.3872790038585663,69.43904113769531,3.6448144762194463,11.540246963500977,4.09375,0.3517503665590318
01837,0.8589911988970185,0.48677369160119927,0.3348509669303894,0.6329193711280823,0.5120922923088074,76.67245483398438,5.483871149133934,8.033913612365723,4.20703125,0.4856235797605553
01838,0.6376826772186287,0.3004311119094665,0.24456602334976196,0.4630793035030365,0.7345449924468994,75.72712707519531,4.128668726506623,12.32878589630127,4.984375,0.5064858772011589
01839,0.8412298678018584,0.47931433866110723,0.22371137142181396,0.36581164598464966,0.529205858707428,76.71038818359375,5.440714663242929,11.978395462036133,4.890625,0.7307382998197356
01840,0.7727505017193987,0.41986034426761937,0.29390406608581543,0.4611664414405823,0.4173542857170105,74.2859878540039,5.240014736297188,12.198047637939453,3.69921875,0.5133914088889368
01841,0.882107383415616,0.5635549872122763,0.21026480197906494,0.36323443055152893,0.5363844037055969,72.92669677734375,5.007128877473466,9.348246574401855,4.60546875,0.6194674942633062
01842,0.814053224937155,0.33537299401296367,0.3273248076438904,0.4770224094390869,0.6376386284828186,75.07344055175781,4.367573239574921,11.892394065856934,3.8203125,0.3972507263249974
01843,0.8917018033919378,0.34965016290124445,0.3285279870033264,0.46161800622940063,0.5757084488868713,76.18704223632812,3.423801287005329,9.643040657043457,4.32421875,0.2989311059293533
01844,0.8546409768297536,0.3737625969856417,0.27310436964035034,0.4851771295070648,0.5546550750732422,68.74603271484375,3.8241396594508,14.224617004394531,4.07421875,0.5691019731078641
01845,0.8005895067784022,0.4202272285880754,0.1987903118133545,0.35436904430389404,0.544121503829956,70.00439453125,5.242801232226325,13.05382251739502,4.29296875,0.45627042954520103
01846,0.8664944082224385,0.434533399429917,0.19418638944625854,0.33014070987701416,0.5315607190132141,72.810546875,3.843331256652475,12.816692352294922,4.53515625,0.5240239772380112
01847,0.6961757159187357,0.2899860033083089,0.2593243718147278,0.624882698059082,0.5418057441711426,68.50589752197266,7.245894871722998,14.472097396850586,3.408203125,0.550016494208504
01848,0.7625270381106224,0.34360245915559934,0.32960426807403564,0.5945519804954529,0.6117098331451416,70.1641845703125,4.452912791561186,10.571420669555664,3.93359375,0.49634817272565335
01849,0.861128673599052,0.33376089886180976,0.34204041957855225,0.6290189027786255,0.4073888063430786,69.83316802978516,5.785968294313807,8.218499183654785,4.0078125,0.1393918972733809
01850,0.5665160960184903,0.29550431534200694,0.3149634599685669,0.691167414188385,0.49490681290626526,73.38099670410156,4.611049420019627,9.928619384765625,4.75,0.4032404698564787
01851,0.8343519924467604,0.4513115946081996,0.22882795333862305,0.4963930547237396,0.423868864774704,71.75431823730469,4.532625689099566,13.597807884216309,3.708984375,0.573105721777849
01852,0.8461887865892768,0.43762363801927967,0.27899354696273804,0.4049997925758362,0.5909361839294434,74.37333679199219,4.133347616335501,10.424456596374512,4.875,0.41774765390884155
01853,0.8185626880107536,0.36902354004389554,0.22413206100463867,0.29405122995376587,0.5694164633750916,73.32656860351562,3.6191195031936756,16.820091247558594,4.9453125,0.5780052350555438
01854,0.7413009467931971,0.3070285557623768,0.29739493131637573,0.5423175692558289,0.46247366070747375,75.43514251708984,2.9634469285946907,10.453153610229492,4.7265625,0.27246977991444804
01855,0.8458621530314341,0.33248005714966067,0.29148364067077637,0.5240650773048401,0.30876728892326355,69.82364654541016,5.576161757239067,15.142463684082031,3.306640625,0.3780601818253469
01856,0.7030142090370263,0.3557929883138564,0.21867144107818604,0.45987001061439514,0.47640758752822876,71.48719024658203,3.244761022500317,12.88149642944336,4.90625,0.5167973286907492
01857,0.87694313496803,0.4597650899128559,0.2134164571762085,0.30241990089416504,0.6012619733810425,73.43362426757812,3.870632149216122,13.693729400634766,4.453125,0.4274557778257724
01858,0.9110856381049998,0.3785891252514426,0.2639731168746948,0.48842012882232666,0.5160390138626099,73.25192260742188,3.4246802913947856,12.411117553710938,4.25390625,0.28820060703426126
01859,0.7981989579600933,0.3477711901624945,0.18964779376983643,0.4060367941856384,0.5093745589256287,69.21626281738281,3.944261423565299,13.607627868652344,4.796875,0.45662925660724807
01860,0.7957298625814158,0.3562610229276896,0.3364331126213074,0.583209753036499,0.5101433396339417,70.05365753173828,3.65396417352573,10.034117698669434,4.58203125,0.41961066325199753
01861,0.8047691370148058,0.39451582800947527,0.2678382992744446,0.5055132508277893,0.41949111223220825,69.14726257324219,5.437654485301066,17.563526153564453,3.830078125,0.479315293947612
01862,0.7713677050754023,0.3562278129340948,0.17582213878631592,0.27035319805145264,0.6509496569633484,72.85741424560547,4.345447339771274,14.917364120483398,4.50390625,0.6878504286923274
01863,0.7245340632418151,0.29739055423765365,0.3740628957748413,0.5896511077880859,0.3006378710269928,64.56777954101562,5.9670899071966375,16.57556915283203,2.287109375,0.42536248420277356
01864,0.8878778348981967,0.4157308438190592,0.3682774305343628,0.4987452030181885,0.4552980065345764,69.41724395751953,8.789491691741844,11.042618751525879,3.669921875,0.7156446886153737
01865,0.8383687974781352,0.3186947899765639,0.3003365993499756,0.514218807220459,0.6520352959632874,73.5339584350586,5.148551629752298,14.129476547241211,4.08984375,0.5115748757851639
01866,0.8309540744138831,0.46748938428874737,0.2907760739326477,0.523984968662262,0.5515442490577698,72.32434844970703,4.720193575734679,12.147481918334961,4.94140625,0.6058690603530281
01867,0.9032384085347431,0.5359779806894142,0.28527677059173584,0.5820006132125854,0.6057044267654419,75.63733673095703,3.439838042529768,8.73012638092041,4.69921875,0.50600373105651
01868,0.8644714608537458,0.3877381487382713,0.20139634609222412,0.3879760503768921,0.47954848408699036,73.32364654541016,2.8147822728612795,12.920594215393066,4.921875,0.40029792331125624
01869,0.5675061998845187,0.308956621242068,0.3567676544189453,0.6296133995056152,0.5585809350013733,68.67823791503906,7.692323417467059,11.647672653198242,3.615234375,0.3624666141915471
01870,0.9562554618120487,0.6741341041655913,0.13401931524276733,0.2380874752998352,0.5897842049598694,71.08809661865234,5.51945099643741,13.858795166015625,4.9140625,0.8339518434880656
01871,0.7764169401637205,0.3522083805209513,0.2210373878479004,0.3832145035266876,0.4950152039527893,72.28982543945312,3.4519412276875485,12.436394691467285,4.04296875,0.5198044669531909
01872,0.8952860567254923,0.3500159727398573,0.4003937840461731,0.7681329846382141,0.39268791675567627,69.25350952148438,5.546396864969934,10.427331924438477,3.685546875,0.2790824714479217
01873,0.8241139189474531,0.4046446681854928,0.25490427017211914,0.45239412784576416,0.6216163039207458,74.49069213867188,6.051368994100772,12.066350936889648,4.515625,0.7371853672161435
01874,0.8002122495169707,0.3487651870086556,0.2196422815322876,0.4171326160430908,0.574670135974884,75.15353393554688,4.327995684150084,15.730319023132324,4.66796875,0.4782655846114277
01875,0.8734140993599642,0.5070963070238957,0.18877089023590088,0.30353042483329773,0.6655837297439575,73.54115295410156,3.954093637746567,13.560937881469727,4.890625,0.5116372248888826
01876,0.21944115773186493,0.10830052768238546,0.4027458429336548,0.7457242608070374,0.3939346373081207,72.30309295654297,5.607447174294231,5.057806015014648,3.21484375,0.27047088357660265
01877,0.7938026890044665,0.3577036941691337,0.40348100662231445,0.5551749467849731,0.47614169120788574,70.58677673339844,6.563932294320741,13.762191772460938,3.537109375,0.42804723223427527
01878,0.8500196692178303,0.43450847821420907,0.2543386220932007,0.41442036628723145,0.5994735956192017,75.06329345703125,3.229465382478286,9.625882148742676,4.94921875,0.37882700716021406
01879,0.8171595101510007,0.4019919474464929,0.3210890293121338,0.5676257610321045,0.4286760985851288,65.1635513305664,5.863252749079647,13.866368293762207,3.63671875,0.5675831017266062
01880,0.8286741356630348,0.3521897810218978,0.24609160423278809,0.4304420053958893,0.6535539627075195,73.78262329101562,5.95849390341189,14.880757331848145,4.9375,0.673954108397743
01881,0.9056472679238402,0.3624706133789271,0.23294693231582642,0.5664937496185303,0.5435980558395386,75.05937957763672,3.8007370676768892,10.605259895324707,4.953125,0.4213512213001383
01882,0.9034442841190982,0.37674281904789214,0.2963525652885437,0.4638043940067291,0.5350471138954163,72.05352020263672,5.102266395930301,9.120100021362305,4.0390625,0.18187236580754687
01883,0.8021614104032438,0.3562398116283282,0.22437161207199097,0.5012301206588745,0.4846086800098419,68.86434936523438,3.8047563110121416,13.527303695678711,3.859375,0.34421147577993555
01884,0.8300677121697311,0.35747363505467566,0.29781538248062134,0.5976401567459106,0.5808680057525635,72.51211547851562,3.3531593067665453,11.852189064025879,4.51171875,0.351505583422057
01885,0.4962324674861934,0.28092748961265246,0.2938739061355591,0.4421580731868744,0.5648260116577148,68.67645263671875,8.820393417018153,14.510973930358887,4.84765625,0.7039565205233019
01886,0.8732753992995783,0.3497478718212872,0.2624139189720154,0.5184738039970398,0.46804505586624146,72.34532165527344,4.57501935074661,15.934356689453125,3.16796875,0.3865788266603633
01887,0.6380358338040151,0.26456457525178834,0.3298262357711792,0.47091352939605713,0.6426813006401062,75.62137603759766,7.349403407133444,7.5981621742248535,4.96875,0.4352800452044315
01888,0.8202359379991929,0.3795872343333561,0.2849256992340088,0.4767824411392212,0.40604734420776367,68.06537628173828,4.24737959736198,15.70574951171875,3.505859375,0.36891918545855445
01889,0.842313869627827,0.44841114162416634,0.24167972803115845,0.26904115080833435,0.6562829613685608,74.81350708007812,3.5291300714630935,16.252933502197266,4.8515625,0.6317569087831482
01890,0.6996447865620277,0.2775916230366492,0.3405029773712158,0.5762383341789246,0.6245126128196716,72.85676574707031,6.008356534104721,14.174704551696777,4.3125,0.6688162258596673
01891,0.799745008471037,0.3537615663135309,0.22698581218719482,0.4436424970626831,0.5004237294197083,70.28245544433594,3.829940052311852,14.151988983154297,4.73828125,0.48828007647569677
01892,0.9012051472232275,0.533116381917934,0.23405122756958008,0.4077146649360657,0.5392625331878662,72.48733520507812,4.235817760760375,10.783958435058594,4.27734375,0.42617008540709417
01893,0.8824614814013507,0.5553393019333074,0.1601666808128357,0.3911449909210205,0.5118363499641418,63.70606994628906,6.585200168119429,19.767656326293945,4.69921875,0.7523141856413091
01894,0.8280589211858375,0.4366586538461538,0.25681841373443604,0.6254048943519592,0.49482765793800354,75.51301574707031,5.026319106211638,13.008814811706543,3.857421875,0.793068456569971
01895,0.7361983825566565,0.31723349528436695,0.3188853859901428,0.6181848049163818,0.557410717010498,70.96878814697266,5.452483168237347,10.383013725280762,3.328125,0.4081998030689909
01896,0.8225196289314632,0.35797389716901445,0.31050992012023926,0.4399484395980835,0.5781195759773254,69.76407623291016,4.847202816701765,11.279146194458008,4.25,0.35511700666472196
01897,0.8944341570498128,0.3528383431263051,0.2603122591972351,0.5064382553100586,0.6328575015068054,75.84872436523438,4.57431902677607,10.172648429870605,4.8359375,0.3727155306438585
01898,0.735316762281488,0.38552437223042835,0.24269551038742065,0.5506730675697327,0.4867580533027649,73.01305389404297,4.439086316093416,13.312416076660156,4.11328125,0.6293389121330591
01899,0.6224953995479338,0.27578693616429467,0.17571383714675903,0.40753260254859924,0.43486788868904114,73.48277282714844,3.5633198282781993,14.586681365966797,4.75,0.3893625513699707
01900,0.8019324934140533,0.3966997279030984,0.23886287212371826,0.4159868061542511,0.5974534153938293,73.06624603271484,3.762962020958148,12.745193481445312,4.8984375,0.3553503942352768
01901,0.7043134207808937,0.27099993165197184,0.3869251012802124,0.5993621945381165,0.459421843290329,72.5686264038086,8.707838257886175,15.461463928222656,2.447265625,0.3367359896761065
01902,0.3718227568998707,0.21216109502500657,0.37626218795776367,0.5588626861572266,0.4613998830318451,64.87537384033203,6.8692498324768145,7.174134731292725,2.677734375,0.31749788164983117
01903,0.8010170808947972,0.32764581242332996,0.21462953090667725,0.43857690691947937,0.4427596628665924,73.15361022949219,4.060741684836709,14.503169059753418,3.638671875,0.40009859717320195
01904,0.8168025393515654,0.4157124408092983,0.2010362148284912,0.32914048433303833,0.5537718534469604,73.99840545654297,3.262728992413154,12.176514625549316,4.80859375,0.5405682842037295
01905,0.9086281173870777,0.43018419489007725,0.38954663276672363,0.5504949688911438,0.6331519484519958,75.49781036376953,8.991194212971221,5.2435760498046875,4.80859375,0.04122475861724129
01906,0.869527383477457,0.3685865013324632,0.23320311307907104,0.4786406457424164,0.49011167883872986,72.90515899658203,5.428574361520464,14.77344036102295,4.05859375,0.3189104566934769
01907,0.6970729921624372,0.25010424668056624,0.3269968032836914,0.5727216601371765,0.551327645778656,72.97379302978516,5.683675270970065,11.754199981689453,3.48828125,0.40335245499286587
01908,0.7788864647798835,0.3302719196717122,0.2870103120803833,0.5781412720680237,0.5830870866775513,73.7032241821289,4.503508651191452,9.79693603515625,4.44140625,0.24103044539730586
01909,0.798949948587661,0.4027486502164116,0.19166064262390137,0.3564310073852539,0.3307025730609894,68.93684387207031,3.9588668339016393,13.804377555847168,4.125,0.5925702985394738
01910,0.7025259075697482,0.30968997324452263,0.21920561790466309,0.3734726011753082,0.5379488468170166,75.83243560791016,3.522741892972616,12.661645889282227,4.671875,0.508645642919125
01911,0.7470075293587679,0.272207890863627,0.2709517478942871,0.5350381731987,0.6111006736755371,75.37451934814453,4.618823214990411,10.230361938476562,4.7890625,0.2981667050838872
01912,0.6745672611538572,0.29421048259822247,0.47780710458755493,0.7629168033599854,0.3689787983894348,67.90133666992188,4.810282772225827,10.601625442504883,4.1796875,0.46987477404236994
01913,0.6612967020157549,0.32018461094685224,0.3019838333129883,0.5227880477905273,0.4619061350822449,70.91305541992188,5.626859322338013,10.417457580566406,3.806640625,0.39450294946650627
01914,0.7741083417298391,0.3073869978914542,0.22652989625930786,0.3797907531261444,0.5988630652427673,71.91363525390625,4.68499665075444,17.396753311157227,4.82421875,0.4942463060497102
01915,0.8191454858209126,0.4014471137063248,0.19633924961090088,0.3130306303501129,0.49129533767700195,73.58779907226562,4.448992986829708,14.147444725036621,4.01171875,0.6199484836156738
01916,0.7752285938254132,0.3281782028955371,0.27801454067230225,0.5543995499610901,0.4806317389011383,68.88363647460938,5.431739547291264,15.021451950073242,4.2890625,0.4199055608178616
01917,0.8395894992609276,0.4244258224705152,0.27243268489837646,0.5690321326255798,0.3810773193836212,69.33250427246094,5.054670416886821,15.8497314453125,4.21484375,0.7134139654599613
01918,0.8180870548013311,0.3908695652173913,0.22758567333221436,0.4384988248348236,0.5405699014663696,73.14402770996094,3.524052714311571,11.527098655700684,4.61328125,0.41715012050932226
01919,0.7296362686692452,0.2837382401328925,0.27519434690475464,0.4842885136604309,0.611400842666626,73.54006958007812,3.8722996729150285,9.032894134521484,4.7578125,0.2962400229741277
01920,0.43555383218682864,0.15980921575614704,0.5396276712417603,0.7929400205612183,0.3370434045791626,68.13529205322266,7.909005268151616,10.957531929016113,2.203125,0.16612731253233645
01921,0.7874767722854212,0.42018611309949894,0.41886377334594727,0.6844222545623779,0.2365044504404068,60.63665008544922,6.272040659669158,12.026630401611328,1.943359375,0.45757353747939344
01922,0.7084021365220466,0.3644207388814809,0.22801637649536133,0.5083932280540466,0.5114736557006836,74.2989730834961,3.558362554685756,10.720821380615234,4.953125,0.3707581351370092
01923,0.7394182545291373,0.2695549249176447,0.4634283185005188,0.7490595579147339,0.40605252981185913,69.71702575683594,6.62409001425187,11.028264999389648,2.529296875,0.24282967575712636
01924,0.7373088564930489,0.3513441372735939,0.19324183464050293,0.3782610297203064,0.6481130719184875,74.6398696899414,3.9060822059639557,14.213434219360352,4.96484375,0.5438814225494591
01925,0.5231022753732677,0.1847788725939505,0.3098468780517578,0.598421037197113,0.5605583190917969,70.46918487548828,4.974319984115357,11.586923599243164,4.52734375,0.3702587893166532
01926,0.7089131694989661,0.3569081791457721,0.2791600227355957,0.533937394618988,0.301121324300766,56.954917907714844,4.21571845643718,17.959815979003906,2.896484375,0.562763383410249
01927,0.7761648486911934,0.427575711459443,0.1995542049407959,0.3436030447483063,0.6715542674064636,74.33370971679688,3.9095792893552788,14.834183692932129,4.97265625,0.6176267103646528
01928,0.7941105668428093,0.40426588286695925,0.2616236209869385,0.4035486578941345,0.5944840908050537,73.63471984863281,3.324876069478913,12.69173526763916,4.046875,0.4609991218567216
01929,0.7442803361983064,0.31308616647127785,0.19791483879089355,0.36556434631347656,0.5430814027786255,76.03651428222656,3.514752785334034,15.547680854797363,4.83203125,0.3508117869868702
01930,0.7469807122798661,0.39888781280264923,0.17079991102218628,0.317861944437027,0.4727593660354614,70.52848052978516,3.7437208595454825,15.588130950927734,4.13671875,0.5049517419031069
01931,0.7951842972018495,0.3363181542971862,0.2742251753807068,0.5649796724319458,0.5761691927909851,71.40380096435547,3.5921517716391813,8.034523010253906,4.95703125,0.4156162333511011
01932,0.8477609994389462,0.35155555555555557,0.2864307761192322,0.5253849029541016,0.4423806667327881,73.99825286865234,4.152017639876937,9.211944580078125,4.27734375,0.293182080407768
01933,0.6677985178815904,0.28136710169272516,0.24122750759124756,0.4069526195526123,0.6504217386245728,76.53423309326172,5.230147046937058,11.367864608764648,4.98828125,0.5427492540882217
01934,0.8876411117378643,0.39662566901782864,0.31753844022750854,0.4604528546333313,0.6384264230728149,74.60774993896484,4.604259642757924,5.80265474319458,4.9921875,0.3163883992760408
01935,0.6950537864052603,0.33821224952488915,0.24542587995529175,0.49917441606521606,0.6215137243270874,76.6703109741211,4.593852395523454,11.629924774169922,4.75,0.5531363064817052
01936,0.854925841844516,0.33714374119022245,0.5348358154296875,0.6565214395523071,0.42445266246795654,66.93419647216797,5.4984548416582975,6.92938756942749,1.8779296875,0.16187693584301166
01937,0.6292284968594984,0.30483297923622144,0.2225397825241089,0.36921247839927673,0.5615062713623047,74.52447509765625,3.0879865650812146,14.863790512084961,4.4765625,0.43334701233931944
01938,0.8197436275199341,0.31096899701485864,0.34447306394577026,0.6740131378173828,0.414577841758728,72.02804565429688,5.782411442195373,15.10238265991211,3.923828125,0.2816406606034638
01939,0.7590425197436141,0.40841509052290886,0.36372464895248413,0.6877137422561646,0.300171822309494,68.29962158203125,5.440227843511878,6.846126556396484,3.16796875,0.3751456553980647
01940,0.8315740105058085,0.37446183284357276,0.32860851287841797,0.6091746091842651,0.42935749888420105,67.27208709716797,4.275720330747242,14.280075073242188,2.69921875,0.4180118543340483
01941,0.7955996464001571,0.3892828999211978,0.2034199833869934,0.4391810894012451,0.5474853515625,70.70301055908203,5.207267981303952,15.239072799682617,4.8671875,0.611658933465
01942,0.9277800068151342,0.4007331282319827,0.28413820266723633,0.5011346936225891,0.48883917927742004,73.96058654785156,3.5300444191426186,8.936771392822266,3.900390625,0.3048400716706935
01943,0.7845776238536462,0.2955375460140552,0.3778337836265564,0.5975195169448853,0.5512731075286865,71.44483184814453,5.560722175033089,8.983457565307617,4.13671875,0.24625042342240153
01944,0.8177017868250392,0.40329505741387917,0.31951582431793213,0.587775468826294,0.41532501578330994,74.70679473876953,4.452588353372778,9.810468673706055,3.89453125,0.4902644538208768
01945,0.7816486999446693,0.3126542820591362,0.31488120555877686,0.5734037160873413,0.6231681704521179,72.42724609375,4.606935297239193,10.957975387573242,4.6484375,0.3900328449972885
01946,0.6586855755878541,0.33420163334272035,0.16780221462249756,0.3301423490047455,0.656103789806366,74.53172302246094,5.605597243229581,15.252679824829102,4.9765625,0.4829378052344947
01947,0.44290888215177016,0.21313586606567933,0.365727961063385,0.5587553977966309,0.5810051560401917,65.47277069091797,5.3620564400427995,10.461263656616211,4.04296875,0.43194448868815283
01948,0.5974042277519841,0.31605370694687684,0.24395549297332764,0.474086195230484,0.555398166179657,70.59021759033203,4.035119471094507,13.343852996826172,4.83984375,0.5590715772380049
01949,0.7935279495102344,0.3423792256404258,0.25217437744140625,0.47793397307395935,0.4357403814792633,75.17062377929688,3.062444782088446,10.477242469787598,4.42578125,0.33373039519236697
01950,0.7729420081360775,0.3781610534902692,0.25729960203170776,0.4650859236717224,0.5346052646636963,70.12857818603516,4.077796077695955,9.410879135131836,4.33984375,0.426923930044564
01951,0.8912196668561571,0.35724191238320413,0.25519847869873047,0.44585585594177246,0.7037299275398254,73.36813354492188,5.805652372284814,17.311731338500977,4.70703125,0.5917073318503705
01952,0.8683363911839511,0.38100737703734716,0.242806077003479,0.39893367886543274,0.52066969871521,75.2177734375,4.9194515573006035,12.40942096710205,3.884765625,0.48693798730575716
01953,0.8705718027404868,0.3623932059231719,0.2501962184906006,0.4935350716114044,0.6498244404792786,74.53881072998047,3.9027086214201563,14.054275512695312,4.484375,0.3637597453051614
01954,0.8147904453701605,0.4722222222222222,0.24277615547180176,0.36750614643096924,0.6390188932418823,71.4877700805664,6.6009391681968115,13.87099838256836,4.52734375,0.6969542068877486
01955,0.7717552911978565,0.3066172100743898,0.2616944909095764,0.5092501044273376,0.4645189940929413,71.97897338867188,5.056757381384196,14.63278865814209,3.787109375,0.4313393192602912
01956,0.8681927411397916,0.35368213875676563,0.2426052689552307,0.6088686585426331,0.528052568435669,75.00138092041016,2.7126355291349524,9.890846252441406,4.7421875,0.44358931385310707
01957,0.7407555913740342,0.3371628526306011,0.25759512186050415,0.45988819003105164,0.4872024953365326,74.30548858642578,4.361752337671625,10.016956329345703,4.67578125,0.3781095814498524
01958,0.7731753524438374,0.47103274559193953,0.202336847782135,0.38438165187835693,0.6505434513092041,72.78141784667969,3.8351185970710526,10.545652389526367,4.984375,0.501711470363093
01959,0.8934051863023875,0.3416259498755449,0.23295843601226807,0.37252500653266907,0.5504910349845886,74.06422424316406,5.105118221090883,15.513915061950684,4.65234375,0.5448444591719692
01960,0.8406635109507712,0.42888770811193766,0.2108798623085022,0.37263280153274536,0.5008307099342346,70.97859954833984,4.269281466860376,15.560239791870117,4.828125,0.6161814620555053
01961,0.8604469249934068,0.4135653763083569,0.2670155167579651,0.5025599598884583,0.5463440418243408,74.0203628540039,4.109896112841069,10.570612907409668,4.78515625,0.471086380903433
01962,0.8186386187065605,0.3690167413345909,0.34058845043182373,0.5646944046020508,0.5756540298461914,75.8850326538086,4.488745455278648,4.694411277770996,4.953125,0.21060418512258913
01963,0.8668839317645659,0.37242406400443323,0.2682766318321228,0.5043122172355652,0.5651546716690063,72.6690444946289,5.254090096566097,8.999975204467773,4.52734375,0.33628676595461876
01964,0.7564983423536761,0.3001469321578761,0.4573952555656433,0.7445950508117676,0.27594423294067383,59.126441955566406,8.614381568884818,12.871528625488281,2.08984375,0.2492486544204398
01965,0.9225047602108437,0.43054443554843874,0.21353679895401,0.4035497009754181,0.46877720952033997,74.36707305908203,3.480066393032426,10.994305610656738,3.857421875,0.3980821969962758
01966,0.3867713580514317,0.15161835806321003,0.30913597345352173,0.6000152230262756,0.4852196276187897,74.3580551147461,5.037851826483664,8.924511909484863,4.6171875,0.31059551221721016
01967,0.7637346939101617,0.39053770949720673,0.3526269793510437,0.6757847666740417,0.3211521506309509,75.38614654541016,4.641364865559546,8.601091384887695,3.421875,0.30059967011422595
01968,0.8611259663118742,0.48509720724793937,0.23933327198028564,0.47624361515045166,0.6040468215942383,75.64695739746094,4.9052401142096,8.941397666931152,4.49609375,0.6100660950934917
01969,0.7011655646038614,0.3495899330119577,0.33967697620391846,0.604548990726471,0.30365055799484253,69.30921173095703,5.899875266333367,10.03994369506836,2.9921875,0.5003925729747557
01970,0.7684411099555772,0.4225423621247699,0.17794585227966309,0.31162402033805847,0.6181302666664124,73.73193359375,4.038781942378041,17.544368743896484,4.87890625,0.602575756521713
01971,0.8824408566295683,0.5017157305400036,0.13521170616149902,0.22254914045333862,0.6303608417510986,74.15644836425781,4.030688918121884,17.84322738647461,4.84765625,0.6681621514440929
01972,0.6348972956017244,0.27063896953127203,0.3921794295310974,0.686663031578064,0.4135523736476898,72.02447509765625,4.966103201264066,9.110273361206055,3.662109375,0.3746343778886766
01973,0.754909491363298,0.3309673159458567,0.41086292266845703,0.7049071192741394,0.35959792137145996,58.0010871887207,4.972041052309559,12.572275161743164,2.556640625,0.47113137618994405
01974,0.9195350448412922,0.3639823050944204,0.3445826768875122,0.7956470847129822,0.49994397163391113,74.16522979736328,6.535997482459598,10.740984916687012,3.154296875,0.16101865699074533
01975,0.791271310209092,0.40497899805347815,0.23797833919525146,0.44123291969299316,0.603247344493866,71.2081527709961,4.51491582872927,9.28892707824707,4.7734375,0.5360814363245415
01976,0.8640872242557107,0.4209361163820367,0.25604045391082764,0.48200908303260803,0.5453969836235046,77.39195251464844,5.498075696224433,12.084440231323242,4.703125,0.7761494482902408
01977,0.6724687428512028,0.25060122094098786,0.2255064845085144,0.42819660902023315,0.5473456382751465,65.3059310913086,4.054554555348129,12.720319747924805,4.5,0.41729745232741144
01978,0.772071248205776,0.3239163966500688,0.30413877964019775,0.40461456775665283,0.40517765283584595,65.7879867553711,3.827245819053826,9.107040405273438,3.20703125,0.19942090427443934
01979,0.794954188059629,0.3217044557030302,0.30014944076538086,0.5348314046859741,0.4835444688796997,71.62892150878906,5.644370665748498,15.97400188446045,2.962890625,0.4499969473137896
01980,0.6078429185985447,0.2557296604026097,0.22109276056289673,0.3932921290397644,0.3562222123146057,65.91836547851562,5.054242459583431,17.508142471313477,3.244140625,0.31941785268559886
01981,0.8287179058132033,0.4204592122456599,0.3550061583518982,0.7073038816452026,0.3959372639656067,74.24127960205078,5.242173980217562,9.67420768737793,3.232421875,0.48790172558066613
01982,0.8208677659504772,0.30981432360742706,0.4246334433555603,0.6437343955039978,0.6206856966018677,75.88789367675781,5.3504995688878525,9.830788612365723,2.072265625,0.47822109979386346
01983,0.6614096846705385,0.258097063868429,0.38668638467788696,0.4558350145816803,0.39990943670272827,69.98347473144531,4.150047250697085,14.586943626403809,2.453125,0.27299558028255283
01984,0.7229422065028546,0.28699140719352556,0.2548156976699829,0.4753706157207489,0.46352869272232056,72.41649627685547,3.6373001867133685,11.307243347167969,4.4453125,0.3302234374764341
01985,0.7707399814689043,0.4113729418173511,0.2721335291862488,0.5421450734138489,0.5485972762107849,73.8873291015625,3.8865018572684824,13.493284225463867,4.47265625,0.48956804048349445
01986,0.8365506716155265,0.39543131464325687,0.18876469135284424,0.3582466244697571,0.528887927532196,74.45196533203125,4.598179221314022,14.806017875671387,4.79296875,0.5146138802573021
01987,0.8130795074505152,0.48587153252317805,0.24775761365890503,0.43824076652526855,0.5865584015846252,73.39263153076172,3.8523047480660018,8.703354835510254,4.7890625,0.47061250691251744
01988,0.8078112015361814,0.29962983145117345,0.2582508325576782,0.4576580822467804,0.5349059700965881,69.13584899902344,5.270373553244709,13.626144409179688,4.7265625,0.44942424377566925
01989,0.849409686845,0.5027782922763475,0.27963876724243164,0.6393365263938904,0.4249507486820221,74.66499328613281,6.224473012470167,7.9193115234375,4.34375,0.6477570662550355
01990,0.8470527812530246,0.3666607153484497,0.2918735146522522,0.4106041491031647,0.5549155473709106,73.23799896240234,3.707840485792351,11.804315567016602,3.083984375,0.2790706265391902
01991,0.6010698988761098,0.28843881168751784,0.33458107709884644,0.604291558265686,0.55216383934021,73.51959228515625,4.174159548996917,9.515239715576172,4.49609375,0.5708592613606488
01992,0.5807659228475323,0.3075174249902779,0.2656574249267578,0.4298710823059082,0.5391552448272705,75.18307495117188,4.429395148764371,10.27137565612793,4.91796875,0.4734936781486206
01993,0.8727210108889116,0.36664538284984555,0.40003257989883423,0.507012665271759,0.40028566122055054,70.5164794921875,5.546916386911027,10.51043701171875,2.7890625,0.19227712667943817
01994,0.5019750084115993,0.1773798420692657,0.368461012840271,0.5945360064506531,0.5421444773674011,69.49676513671875,6.6037234149987425,11.903656959533691,3.650390625,0.19101304127871846
01995,0.8653494039791734,0.3972404329928343,0.23541128635406494,0.3737541437149048,0.35365429520606995,69.01396179199219,3.8184949193240563,13.098836898803711,3.39453125,0.4134887522328804
01996,0.6234064549781622,0.24118634583100168,0.3094524145126343,0.5636253952980042,0.3997631072998047,73.80423736572266,4.76589676699367,11.371541976928711,3.978515625,0.22614597953558646
01997,0.8117457108115096,0.3136011180842057,0.2706926465034485,0.5130154490470886,0.6035268306732178,73.3497085571289,4.2785371181477405,12.900812149047852,4.1796875,0.33193229616870135
01998,0.8294864124703429,0.4014113932865964,0.29159122705459595,0.500661313533783,0.3331802189350128,63.18262481689453,4.924878243563046,18.48628044128418,3.994140625,0.5008619022357433
01999,0.80179573533616,0.47913197615082986,0.32780349254608154,0.5024555921554565,0.27599596977233887,64.15040588378906,5.780295729493991,15.016508102416992,2.5859375,0.6562002145934537
02000,0.8299649667005313,0.4379107312440646,0.2639322876930237,0.39203739166259766,0.48783642053604126,67.70668029785156,5.551247436863328,13.115010261535645,2.654296875,0.6227597072716134
02001,0.7143955135304206,0.27552986512524086,0.37536489963531494,0.6464601755142212,0.413156658411026,69.14108276367188,7.992589790579633,14.32711124420166,3.7890625,0.246599323599287
02002,0.7702090425516926,0.40458843590141064,0.23378443717956543,0.33662840723991394,0.6037409901618958,74.350830078125,4.276810126432562,10.73910140991211,4.6953125,0.42391843606836993
02003,0.7825964035433691,0.34299383567945535,0.3338390588760376,0.6312350630760193,0.2855907380580902,64.29539489746094,5.8093946568724375,13.545063972473145,2.3828125,0.5550069790766494
02004,0.8542929908600625,0.36976045975234195,0.22092360258102417,0.4231376647949219,0.6284168362617493,74.21634674072266,2.9873857163959157,11.781608581542969,4.9765625,0.3671284535164275
02005,0.815284092175489,0.38623389332898383,0.2621591091156006,0.5838985443115234,0.414662629365921,70.86675262451172,3.82887516902724,14.33182144165039,4.390625,0.41406503491695407
02006,0.822809296349344,0.3627347541675459,0.32178235054016113,0.5271305441856384,0.48105907440185547,74.30197143554688,5.7502396823152635,13.152886390686035,3.1484375,0.5290662653536571
02007,0.8673144811070037,0.38833727028866555,0.2084096074104309,0.36409762501716614,0.48286041617393494,73.45680236816406,3.1331100875823634,10.710235595703125,4.80859375,0.28585926871696865
02008,0.8422904203890056,0.4498143773202835,0.2559155225753784,0.392977774143219,0.6087760925292969,74.93003845214844,6.734625753499516,11.509759902954102,4.9609375,0.6272115985290219
02009,0.7720401699024798,0.3089989016161933,0.28763747215270996,0.509101152420044,0.6140453815460205,72.46331024169922,5.338884372443392,13.700841903686523,3.947265625,0.49242436870027445
02010,0.8193756775896847,0.40948353753297917,0.15460127592086792,0.3271075487136841,0.5942990183830261,73.42327880859375,4.014123965386785,13.118824005126953,4.55078125,0.5131071601922056
02011,0.8458680512146121,0.4469905512982665,0.17170751094818115,0.3212733268737793,0.5556445717811584,71.63368225097656,3.517749830354473,12.637956619262695,3.888671875,0.529176477252782
02012,0.7561285250189522,0.3279028535108554,0.2583409547805786,0.5747054815292358,0.5134169459342957,71.3595199584961,3.3659041189034826,10.47879409790039,4.9140625,0.5067130134671805
02013,0.3825637104741857,0.17438464747601168,0.4083435535430908,0.503316342830658,0.3051277995109558,52.272186279296875,6.6604175393161125,21.266521453857422,2.771484375,0.7404096196231358
02014,0.6965512333489984,0.2841114730365545,0.35486143827438354,0.7454532384872437,0.601804256439209,70.19636535644531,7.0178900148952845,9.896242141723633,4.04296875,0.45279373116609595
02015,0.8785720053207696,0.40595195175510473,0.2722991704940796,0.6600426435470581,0.45826658606529236,73.04928588867188,2.6221077719712222,10.625910758972168,4.77734375,0.2499986835456506
02016,0.804520350439836,0.36424800491098835,0.19308125972747803,0.4356108009815216,0.5638353228569031,75.9471206665039,3.707330670025337,13.747161865234375,4.96484375,0.505709031185886
02017,0.8993998485377244,0.3967374371300129,0.21443861722946167,0.39332062005996704,0.5200442671775818,72.65587615966797,4.096810519447464,14.38744068145752,4.48828125,0.409185643299984
02018,0.6968978760576245,0.30433251144769286,0.2566198706626892,0.3538280427455902,0.6728729009628296,76.14012145996094,4.677604664429765,12.227778434753418,4.99609375,0.5886453293484942
02019,0.821857651681463,0.42619097733810424,0.21996045112609863,0.35892370343208313,0.5623096227645874,74.17052459716797,3.8712508367018685,10.887094497680664,4.734375,0.47876621878511205
02020,0.8564460798799811,0.3800431867257643,0.31089603900909424,0.6248510479927063,0.49807870388031006,65.63275909423828,4.548363241073669,11.742481231689453,4.01171875,0.6021077903429839
02021,0.6125386389496035,0.22355628886914583,0.30829232931137085,0.6596603393554688,0.46986889839172363,67.542724609375,5.93874257013995,12.710729598999023,2.916015625,0.19610235666897835
02022,0.6593707008591271,0.3974293583596858,0.3565143942832947,0.46854913234710693,0.6743029356002808,67.48638916015625,6.446400161701546,9.98505687713623,4.86328125,0.25796928668228913
02023,0.7916717070910697,0.4062594192705717,0.18906629085540771,0.4049068093299866,0.6213676333427429,73.78912353515625,3.7578533974500536,14.258880615234375,4.95703125,0.5023982454625096
02024,0.785385995771756,0.3324101640933324,0.27147161960601807,0.47179606556892395,0.4098142087459564,73.16412353515625,3.5799648513843674,13.725078582763672,3.990234375,0.2963865195412251
02025,0.7866676771065477,0.37463314031887046,0.23691308498382568,0.419239342212677,0.5771166086196899,74.991455078125,4.00082648054483,10.421024322509766,4.9765625,0.5999389166982813
02026,0.6869905437344379,0.4199333439136645,0.2370924949645996,0.45167282223701477,0.45777425169944763,64.69390106201172,4.4378920769279055,12.974886894226074,4.55078125,0.34769984623084604
02027,0.7831739989663095,0.33000799764280003,0.40529316663742065,0.6466118693351746,0.4120965003967285,71.45694732666016,4.833302955903603,15.080867767333984,4.06640625,0.4390692559420213
02028,0.8644552864692381,0.36754413604117137,0.2465667724609375,0.4157048463821411,0.40205666422843933,71.57173156738281,3.7484330580007077,12.920282363891602,3.189453125,0.29748393363892073
02029,0.9638627356970855,0.6092556044734578,0.3297564387321472,0.3885532021522522,0.5273960828781128,71.39279174804688,7.927214074441673,6.426468849182129,3.87890625,0.5120201806981525
02030,0.7769403459971252,0.40130582573284423,0.21990716457366943,0.4428752064704895,0.5082533955574036,68.26673126220703,4.153966653575485,11.370353698730469,4.23046875,0.4274544355688255
02031,0.8532302118057887,0.39929070029272684,0.18267041444778442,0.3520811200141907,0.5731819272041321,73.33028411865234,2.829127617301989,12.909114837646484,4.953125,0.4443151130230426
02032,0.7157141268755646,0.2730191610564474,0.3062472343444824,0.47683000564575195,0.6511319279670715,70.07270050048828,7.707268173242612,15.624536514282227,4.2578125,0.46785456319295576
02033,0.8366284000684755,0.4584725005566689,0.30721646547317505,0.5356720089912415,0.3367423117160797,61.08006286621094,5.13358829390859,15.900245666503906,3.984375,0.4693940164070937
02034,0.6916638898319706,0.37699767791285343,0.17465537786483765,0.3437007665634155,0.6160935163497925,72.47895050048828,5.079164736077586,13.80025863647461,4.23828125,0.6099827330694185
02035,0.8817294058041274,0.36119146403953917,0.30424559116363525,0.38412198424339294,0.5224228501319885,72.72514343261719,3.9775341630009766,12.308212280273438,3.0546875,0.2097669525048977
02036,0.630138170752681,0.3777408867676558,0.2037537693977356,0.34668612480163574,0.5555446743965149,74.93385314941406,4.697333023687587,15.527573585510254,4.36328125,0.6868858193405459
02037,0.717998742186905,0.32175582990397805,0.23276227712631226,0.49209871888160706,0.47643110156059265,74.64698028564453,4.318310180454192,12.782669067382812,4.73046875,0.4782378275030613
02038,0.8374826554866963,0.38623988601089004,0.3364495038986206,0.7348485589027405,0.44940346479415894,73.12223815917969,6.197904511746882,12.08951187133789,3.79296875,0.5650743014925625
02039,0.8089380837127248,0.5412437719136372,0.2827907204627991,0.4531952142715454,0.3787692189216614,66.2157211303711,6.847834681450439,13.785475730895996,4.60546875,0.6419565096035551
02040,0.8267783305732462,0.41622545311930975,0.16622710227966309,0.33838099241256714,0.5681143403053284,72.01701354980469,3.1693213772558804,14.642685890197754,4.76953125,0.5702627262364579
02041,0.8622800258349107,0.34326193124123594,0.38731688261032104,0.7980034351348877,0.3716133236885071,71.63468170166016,4.760983977379196,8.582090377807617,2.654296875,0.2912934071993538
02042,0.8500032412164541,0.3978247854719617,0.32346659898757935,0.5879261493682861,0.572855532169342,75.6736831665039,3.8051321997982996,9.998723983764648,4.27734375,0.4866749145272887
02043,0.8322145431793951,0.4064210142283838,0.2606256604194641,0.5082178711891174,0.5560014247894287,74.98686981201172,3.7221872068228126,11.038919448852539,4.22265625,0.41882617545060474
02044,0.9066165660060003,0.3397806221208529,0.28370410203933716,0.5579076409339905,0.6065953969955444,73.77684783935547,5.986649508098223,13.06570053100586,4.44140625,0.26466109180585373
02045,0.8221109915488847,0.3968334835599796,0.3733183741569519,0.610829770565033,0.5151975154876709,65.61476135253906,4.852024452281225,8.405881881713867,3.697265625,0.25201649350885613
02046,0.7426069034616359,0.304961181594395,0.4069739580154419,0.6811755895614624,0.5906789898872375,66.62053680419922,6.760612355884277,13.523859977722168,3.697265625,0.5665904356164455
02047,0.992059430027548,0.12670045345425446,0.49594271183013916,0.6865323185920715,0.5319534540176392,57.233856201171875,3.3766648002943467,4.360272407531738,3.6328125,0.3366950959647664
02048,0.8735695345646959,0.6105720358562056,0.3703114986419678,0.6275393962860107,0.41185086965560913,68.10274505615234,8.085911927569072,9.83609676361084,2.953125,0.47406586156851716
02049,0.7727154696754563,0.34134134134134136,0.40731102228164673,0.8358244299888611,0.3948749601840973,69.04486083984375,5.920944497126825,10.914078712463379,4.16015625,0.3070472367752331
02050,0.8630084920029284,0.4039189490091294,0.37389248609542847,0.6693137884140015,0.5482274293899536,69.99726867675781,6.55482191681788,9.915661811828613,2.966796875,0.6816451740676934
02051,0.847896231084223,0.49656955354479465,0.14601755142211914,0.24236498773097992,0.6396353244781494,70.76626586914062,3.8799285871571083,15.956377983093262,4.87890625,0.6715047715414576
02052,0.8584077382828639,0.329332704279484,0.25444847345352173,0.41442447900772095,0.5562283992767334,73.41857147216797,4.625483441131602,13.43374252319336,4.453125,0.3967977247297433
02053,0.8931818803365615,0.34102402708744817,0.5316325426101685,0.6876605153083801,0.43278366327285767,70.098388671875,6.327915415215671,9.776582717895508,3.8359375,0.13227767703768645
02054,0.7794144386818219,0.35655746807329264,0.46326756477355957,0.6567993760108948,0.3226807117462158,67.8462905883789,4.136728544857455,3.5611343383789062,2.861328125,0.09185135777329331
02055,0.7725198318125108,0.4500576258163657,0.3765221834182739,0.4570620357990265,0.5036155581474304,64.8723373413086,6.643964553587982,17.139694213867188,4.80859375,0.6251937444804098
02056,0.8559236674239624,0.3803296471509929,0.2373981475830078,0.49987515807151794,0.5420359969139099,75.49002838134766,2.273972545585548,8.24538803100586,4.8828125,0.3159952614696409
02057,0.7268064841657473,0.3249169851513063,0.2954077124595642,0.5088237524032593,0.6689127683639526,73.27350616455078,4.803104550921153,13.954511642456055,4.07421875,0.6207533107324024
02058,0.8290384643052547,0.3381622686420158,0.45900118350982666,0.6541807055473328,0.41765961050987244,64.95982360839844,5.144056914747287,11.620851516723633,1.9931640625,0.48093523756483864
02059,0.8367005353127551,0.3381825325433998,0.2891789674758911,0.5451862812042236,0.3807404339313507,74.51933288574219,5.418199526651127,10.187426567077637,3.33203125,0.256804020251225
02060,0.8745540633120462,0.3359921243105975,0.33402252197265625,0.5175791382789612,0.5858421325683594,72.8805923461914,5.684613394353204,13.752254486083984,3.796875,0.37426207551978563
02061,0.7765591049254377,0.4119925740765104,0.2293192744255066,0.4096665680408478,0.641600489616394,74.8702621459961,3.80945675362445,11.002431869506836,4.8671875,0.4274856524017081
02062,0.8259649984418795,0.4553229512381925,0.28046518564224243,0.5222476720809937,0.6315019726753235,75.29431915283203,3.9067707546722454,11.285358428955078,4.5390625,0.45086664349764743
02063,0.8859126141018226,0.3712824398560333,0.2612324357032776,0.4988648295402527,0.5306627750396729,73.30716705322266,3.901797078079555,11.665666580200195,4.33203125,0.2305090449961058
02064,0.8883091780961979,0.34330390076585515,0.3728417158126831,0.7572788000106812,0.4633922576904297,73.52387237548828,6.132703308514019,11.846450805664062,3.466796875,0.22888115323482663
02065,0.8415738135593438,0.4387970672300236,0.24109739065170288,0.4669494032859802,0.4614103138446808,71.49539947509766,5.146376670938212,18.79201889038086,3.9921875,0.660506373992905
02066,0.7472841493464416,0.2835689045936396,0.3273388743400574,0.46068745851516724,0.6236298084259033,74.59566497802734,4.548670766072401,8.550314903259277,4.96484375,0.3340128017850857
02067,0.8641485621577669,0.3457019268580417,0.4321445822715759,0.7961918711662292,0.40845051407814026,64.46084594726562,7.542946572706949,12.92992115020752,2.1015625,0.2538712404143177
02068,0.8401113239619346,0.4259052375632516,0.2901676297187805,0.5235068798065186,0.40257424116134644,72.39234924316406,4.959365989106928,11.255970001220703,2.689453125,0.46174583248382806
02069,0.8977916949530187,0.5188785832523187,0.26529020071029663,0.4361097812652588,0.5138811469078064,76.14532470703125,2.7796396890809487,10.065296173095703,4.05078125,0.28661666678295905
02070,0.8266338952858292,0.383693972179289,0.25423842668533325,0.3888843059539795,0.5870750546455383,73.37041473388672,2.7843121754451,10.87136173248291,4.6640625,0.3846783595274007
02071,0.7808510443807286,0.3380399017035278,0.39559638500213623,0.6116182804107666,0.34636449813842773,69.1125717163086,6.107482351805185,13.007673263549805,2.818359375,0.37064206149899237
02072,0.8382113350794065,0.4463198671831765,0.21754348278045654,0.46062034368515015,0.5796173214912415,73.41754150390625,3.7369210588923845,14.558820724487305,4.98828125,0.4798433257404613
02073,0.7565982714662842,0.3355731488257601,0.29691606760025024,0.6809921264648438,0.46498966217041016,67.67611694335938,5.746774231395336,13.906471252441406,4.04296875,0.46009616819004645
02074,0.9325774917791422,0.41000649032713526,0.3764723539352417,0.4735475778579712,0.5075697302818298,70.92940521240234,4.008103132717621,10.21487045288086,3.533203125,0.39709950133423166
02075,0.5079447959851445,0.2828160745888548,0.3267378807067871,0.6209688782691956,0.3790474832057953,71.01952362060547,4.536338251100897,9.48499584197998,3.548828125,0.4569186053567889
02076,0.8476779437036687,0.3858763602685807,0.23347902297973633,0.46573564410209656,0.42972472310066223,73.46836853027344,3.3052731360092866,13.554437637329102,3.9375,0.47096149691621875
02077,0.3243591351625832,0.15951502757185115,0.3243291974067688,0.4622703194618225,0.6279346942901611,74.17086791992188,5.032255664573988,11.105194091796875,4.92578125,0.45618103093980455
02078,0.5876811885985384,0.27315611110165017,0.3238219618797302,0.4725198745727539,0.6157727241516113,73.93409729003906,3.5082340641716194,9.19841480255127,4.6015625,0.3074813012367556
02079,0.65036532242917,0.31018730013704887,0.27310895919799805,0.5146577954292297,0.3005354404449463,58.06489562988281,3.828006056515737,16.28521728515625,3.28515625,0.4994616476292918
02080,0.7645220871077807,0.33113534797962435,0.2548518180847168,0.4092414379119873,0.5768932700157166,73.81021118164062,3.6324175491515254,11.61092758178711,4.3359375,0.40324095696225426
02081,0.7335318199448728,0.3794785218533108,0.19294095039367676,0.41978538036346436,0.6400874257087708,73.03485870361328,5.477190272789287,15.568649291992188,4.58984375,0.6164341353510543
02082,0.7426137470018075,0.365750055890901,0.22026807069778442,0.329374760389328,0.5268913507461548,73.40364837646484,3.183480508785487,13.724974632263184,4.44921875,0.5548487813527213
02083,0.5921427182151776,0.26275434175946244,0.22969061136245728,0.5226525664329529,0.32210543751716614,66.5401611328125,5.026423863420476,15.736806869506836,3.1875,0.3279424557228041
02084,0.6398932513854221,0.2595722114194803,0.3374507427215576,0.7469260692596436,0.6275841593742371,74.7110824584961,4.058305191404751,7.994107723236084,4.9609375,0.33415203895515727
02085,0.8205212664886427,0.3599694889397407,0.30612677335739136,0.6127039790153503,0.3463095724582672,72.29692840576172,4.332514197303889,9.284735679626465,3.5546875,0.2984490020640981
02086,0.9322581437652251,0.4054295850686411,0.23391801118850708,0.15900474786758423,0.5335554480552673,73.28192138671875,4.461705046877938,17.05459976196289,4.65234375,0.8111387830867185
02087,0.8763026116687535,0.3438262880637286,0.23539328575134277,0.44911396503448486,0.6627105474472046,76.62149047851562,3.8589473910039516,10.941459655761719,4.98046875,0.4827485562657856
02088,0.6236500993866109,0.2994537328256911,0.26072245836257935,0.5418515205383301,0.4030410647392273,64.70427703857422,3.8372342927346237,13.217233657836914,4.69921875,0.523387906247953
02089,0.7474823437842841,0.3180581607681892,0.2884252071380615,0.4724360704421997,0.4517113268375397,75.31015014648438,3.964376102427401,10.107627868652344,4.0859375,0.2015930881926279
02090,0.6906899466452383,0.27370928656507987,0.38779616355895996,0.7068020701408386,0.39874061942100525,67.54239654541016,6.368403368843095,13.963359832763672,3.890625,0.3267268596297061
02091,0.8370320422017429,0.3515356756502516,0.24864983558654785,0.5097930431365967,0.5698149800300598,73.88798522949219,4.182870285777886,13.002333641052246,2.828125,0.29365804559043646
02092,0.7563347323485832,0.31411072223989817,0.34386688470840454,0.6525551080703735,0.5547240972518921,70.17603302001953,4.890069955788967,10.73788833618164,3.92578125,0.39517497633767984
02093,0.8774040045086148,0.6384407564646855,0.23933327198028564,0.35584306716918945,0.5729033350944519,73.3093490600586,16.84354784603844,15.45590877532959,3.943359375,0.8993963306122164
02094,0.818856314117377,0.44296359120373174,0.2342439889907837,0.4422689974308014,0.47406402230262756,74.30039978027344,3.523880173075099,9.140692710876465,4.125,0.3840544924480706
02095,0.9165238706883355,0.43142396127470756,0.3436424136161804,0.6198099851608276,0.4177264869213104,67.78924560546875,5.124658460495695,11.415874481201172,3.8984375,0.4732554643523295
02096,0.8094078873303908,0.3190721865693553,0.35432153940200806,0.5137011408805847,0.6082255244255066,72.12507629394531,5.687411931136,11.25209903717041,3.640625,0.382816098838314
02097,0.8615911642504495,0.3901337234670568,0.3618510961532593,0.5320608019828796,0.3883184492588043,63.848182678222656,4.668555463590972,9.475540161132812,3.13671875,0.4077930653450133
02098,0.84601959176012,0.4864864864864865,0.23268914222717285,0.3507373332977295,0.4264783561229706,70.8035659790039,5.891931290578216,12.815153121948242,3.125,0.5722369110688312
02099,0.8930194700957491,0.35634955060373436,0.3090035319328308,0.545691192150116,0.297753244638443,71.32948303222656,4.513369154845441,11.033724784851074,3.0625,0.34800088474973095
02100,0.9145529425949966,0.46530743814973,0.32988953590393066,0.5617669820785522,0.33682188391685486,71.84817504882812,5.146669350632747,8.387218475341797,3.060546875,0.32936332959406833
02101,0.8725859531360713,0.35866994836156557,0.3088296055793762,0.4347017705440521,0.4839954972267151,73.11723327636719,3.3999825162873267,11.568585395812988,4.31640625,0.28281453729167083
02102,0.6726855483176251,0.25046868294445823,0.2741052508354187,0.4854595959186554,0.4022660553455353,70.08155059814453,4.386962336635485,11.704446792602539,4.0078125,0.20998187679553967
02103,0.6807418541334557,0.3192364480067496,0.2935081124305725,0.4581094980239868,0.5674587488174438,73.88642120361328,4.766984082622474,9.17388916015625,4.9921875,0.46195655228178817
02104,0.8439891175240919,0.3487588318820249,0.2553797960281372,0.5415133833885193,0.45486700534820557,73.16983795166016,4.812121707860724,9.742104530334473,4.2890625,0.4027479027101454
02105,0.9002142598479994,0.35094555873925504,0.4233779311180115,0.7054286003112793,0.4341944456100464,71.88001251220703,5.267345644274276,9.413485527038574,3.451171875,0.23134691521277292
02106,0.8381408467514554,0.43321851084059415,0.21002382040023804,0.30446165800094604,0.546264111995697,74.07093048095703,3.8279321935770865,11.676416397094727,4.91796875,0.4532505492367903
02107,0.8325639863422059,0.37487112194207517,0.20788174867630005,0.3662433326244354,0.5479348301887512,72.53866577148438,3.2702093388068105,14.07065200805664,4.8828125,0.3507851614333738
02108,0.8588446062407635,0.38564644223335576,0.184326171875,0.3399808406829834,0.4147762656211853,70.53193664550781,2.9868356787452672,14.0110502243042,3.92578125,0.37450706792277055
02109,0.7931120668755062,0.473544830568016,0.38915908336639404,0.6254079341888428,0.533470630645752,72.86127471923828,5.614640476423836,11.626382827758789,4.77734375,0.5345542448128913
02110,0.6013812109526252,0.2532736044107512,0.35315120220184326,0.507728099822998,0.5796480178833008,75.80311584472656,6.011146733444761,7.418615341186523,4.95703125,0.4175092037245663
02111,0.531019285133385,0.28784899724734564,0.30944496393203735,0.5928279161453247,0.5461544990539551,77.0145034790039,4.674772615656321,10.216059684753418,4.8828125,0.5334022003902705
02112,0.7123296741089746,0.34148219441770933,0.28079479932785034,0.5311511158943176,0.5733558535575867,70.01497650146484,4.957624935419577,17.401845932006836,4.20703125,0.6753709933600027
02113,0.9060175727779132,0.42339569854869735,0.32331299781799316,0.32655254006385803,0.45941710472106934,76.50858306884766,4.853445845669829,11.240571975708008,3.814453125,0.3341287401721936
02114,0.8277351981877824,0.5148929318950249,0.2598029375076294,0.48861128091812134,0.5334442853927612,61.474700927734375,5.389178482385805,15.528139114379883,4.26953125,0.5214779821388442
02115,0.9069586592984193,0.3802948217210533,0.33733415603637695,0.6008467674255371,0.43874892592430115,73.06576538085938,3.9075993695942235,7.436042785644531,4.921875,0.3117919681293335
02116,0.652053755732267,0.2637872425514897,0.2893899083137512,0.5474336743354797,0.6276859045028687,71.0372085571289,3.582129814971534,15.243827819824219,4.7109375,0.42482646633069915
02117,0.7623209022440118,0.27612186084808565,0.30443912744522095,0.6014776229858398,0.5080434679985046,72.82746887207031,5.852578712853654,10.62743091583252,3.56640625,0.37406340861286175
02118,0.8475878712183473,0.516203219736567,0.19016045331954956,0.3586069345474243,0.6652498245239258,74.7475357055664,5.22841519223907,14.288118362426758,4.90625,0.7205163532596419
02119,0.5759775912102119,0.26535791823380117,0.288879930973053,0.512980043888092,0.5286065936088562,72.39131927490234,4.348263777687364,13.322399139404297,4.8125,0.37672067119339264
02120,0.9424189983675437,0.3818590432585603,0.36403411626815796,0.6402863264083862,0.6592715978622437,73.92094421386719,5.5958216883596545,7.585599899291992,4.984375,0.439911862502194
02121,0.9398665181159461,0.6474037743895937,0.22496187686920166,0.35496047139167786,0.4258057773113251,74.18472290039062,5.531572883840202,14.238905906677246,3.927734375,0.6285245306523647
02122,0.8401525680084789,0.3524548940717923,0.1963210105895996,0.40456268191337585,0.5422268509864807,75.05512237548828,4.2351950525042525,17.017576217651367,4.72265625,0.45519768182568116
02123,0.8150052746812503,0.36456239932499807,0.24985963106155396,0.4927113652229309,0.39112648367881775,67.22269439697266,3.2659774484021145,9.58340072631836,3.1875,0.3082280751504901
02124,0.9099227591179505,0.3511958444318603,0.31811195611953735,0.6336991786956787,0.5603958368301392,74.89808654785156,7.321445891458326,13.29450511932373,4.03515625,0.1796212345672134
02125,0.7651837524013227,0.2836110341552222,0.33944255113601685,0.6120981574058533,0.4983806610107422,72.46783447265625,6.132917356402052,8.617234230041504,3.2265625,0.21560140180059112
02126,0.7215186634942564,0.39053404201467984,0.349967360496521,0.6446585655212402,0.5644222497940063,73.18250274658203,6.345868281359762,8.23128604888916,4.7109375,0.37845959347756253
02127,0.6638575918518548,0.29590153533815505,0.20625096559524536,0.308220773935318,0.6455198526382446,76.41790008544922,4.116335630372541,12.893729209899902,4.9921875,0.5600599208235111
02128,0.8510153350734977,0.45959869210322035,0.216485857963562,0.40618768334388733,0.6112287044525146,74.22767639160156,3.616818378331673,11.488694190979004,4.87890625,0.529709613622405
02129,0.8439994655852727,0.45111994330960964,0.1823456883430481,0.34364429116249084,0.5513383150100708,72.44082641601562,3.6813251238430675,14.946833610534668,4.76171875,0.6055803662082586
02130,0.7842095570903087,0.37942725239847075,0.23244374990463257,0.3980078399181366,0.4029957354068756,57.44489669799805,5.748521309951862,16.581995010375977,2.916015625,0.6421844610340376
02131,0.8356054723650201,0.3609126009126009,0.28635698556900024,0.5760491490364075,0.44211214780807495,74.44902801513672,4.448985626955573,11.133745193481445,4.109375,0.33075446108280465
02132,0.6378238341095427,0.29333734170080045,0.3210446834564209,0.5854684710502625,0.5178027749061584,71.62094116210938,3.895401465545475,10.522360801696777,4.31640625,0.4108761107620084
02133,0.8693477454373351,0.46698579135324064,0.24574261903762817,0.49266085028648376,0.5664961934089661,72.29216766357422,4.177539506916479,10.391173362731934,4.3984375,0.45425713802046863
02134,0.9075936675542645,0.46494546764783323,0.20236527919769287,0.37515777349472046,0.6037167906761169,75.65162658691406,4.34301697569254,10.633282661437988,4.92578125,0.5214554630598682
02135,0.7653826953923664,0.3641698781275064,0.18556952476501465,0.33449649810791016,0.6686407923698425,74.0927734375,4.00235210839474,13.307140350341797,4.93359375,0.46073118705756927
02136,0.8388763854843929,0.5152365677626303,0.21082359552383423,0.4487163722515106,0.40907156467437744,71.77938079833984,4.545828807987754,14.412408828735352,3.712890625,0.6441200387294997
02137,0.7111060011501144,0.3832393623494098,0.2075256109237671,0.41913822293281555,0.6059664487838745,71.82440185546875,4.630978831478473,11.502548217773438,4.62890625,0.523379358731423
02138,0.8417647511669077,0.4316044683116942,0.24557840824127197,0.45226171612739563,0.5926944613456726,73.34444427490234,3.463220852720177,9.514233589172363,4.9609375,0.4346517172034932
02139,0.8329431731329016,0.37857657581280996,0.2035815715789795,0.4148767590522766,0.6210220456123352,76.4486312866211,3.6650394040561007,12.78354549407959,4.96484375,0.614230301403776
02140,0.8426935838682587,0.44521109770808204,0.2042650580406189,0.39135146141052246,0.6315778493881226,75.00008392333984,3.756379043626898,11.735730171203613,4.9296875,0.507503549652892
02141,0.6953405143343923,0.29737964655697746,0.43678736686706543,0.6608970165252686,0.4724985361099243,72.16915893554688,5.038780242075912,11.1592378616333,4.37109375,0.2253255781939197
02142,0.8669631084853983,0.5551812958192986,0.20319479703903198,0.22903881967067719,0.7165163159370422,74.92391967773438,5.4028803985262215,13.35400104522705,4.94140625,0.6791956636681128
02143,0.7179558281702518,0.2748775291419576,0.3413413166999817,0.6658275127410889,0.5734907984733582,73.26176452636719,3.785682007005659,13.330964088439941,4.09375,0.27286805742540715
02144,0.7514400669023188,0.2851385219806272,0.3336365222930908,0.4595470428466797,0.6341198682785034,74.48896026611328,4.893266004208127,8.605216979980469,4.95703125,0.33879316616208077
02145,0.8829207498283452,0.3614597840021397,0.27988994121551514,0.5160993337631226,0.5148034691810608,73.1259994506836,4.413301220836306,12.567230224609375,4.875,0.2608956407073582
02146,0.8640964568901992,0.3356361709302886,0.3840619921684265,0.7187649011611938,0.35729387402534485,71.13373565673828,6.358824490019204,11.993880271911621,4.140625,0.2095649570994978
02147,0.8833795777581794,0.34871552371064074,0.23390483856201172,0.3868545889854431,0.5629116892814636,74.88529205322266,4.002669734078331,15.375190734863281,4.66796875,0.4622766328818884
02148,0.8157864679008733,0.3476093431572347,0.3120623826980591,0.5079972743988037,0.4141882061958313,70.28925323486328,4.212981797681676,10.48765754699707,3.888671875,0.27921702486997135
02149,0.8391466135439778,0.3894172806430007,0.2865593433380127,0.4991050958633423,0.357758104801178,69.5521011352539,4.876617890128962,13.96332836151123,2.63671875,0.501177521268232
02150,0.7873486453011704,0.4158451989777291,0.2591679096221924,0.5075571537017822,0.6064093708992004,72.72705078125,5.029118020881972,10.15385627746582,4.9296875,0.5806632214958526
02151,0.741369467446524,0.2873545668305494,0.37147629261016846,0.5572106838226318,0.393884539604187,73.28125762939453,6.268338555938207,13.174846649169922,3.052734375,0.20305609766669666
02152,0.8702210739187333,0.3769844911443517,0.30605435371398926,0.5524978041648865,0.47538289427757263,68.15806579589844,5.57506313224557,10.015531539916992,3.810546875,0.4618308556696339
02153,0.8989838560498383,0.4719587369480438,0.29845088720321655,0.571654200553894,0.3446020781993866,74.83077239990234,5.15761615017074,10.541841506958008,3.0234375,0.5335262858742442
02154,0.665535576980044,0.26774726099354645,0.36701005697250366,0.7284785509109497,0.3382206857204437,62.72770690917969,6.781918438506716,12.357126235961914,2.69140625,0.4855763017833164
02155,0.8902625795413841,0.3773409281761248,0.2523607015609741,0.41739580035209656,0.5433555841445923,72.90027618408203,3.7056392816120427,10.686843872070312,3.947265625,0.3323025039324407
02156,0.9278911969147404,0.38072720659214593,0.3367187976837158,0.5545785427093506,0.47377097606658936,71.98637390136719,5.776725573578147,10.803010940551758,3.458984375,0.2254661407812076
02157,0.777102692882203,0.3607692307692308,0.19117367267608643,0.41531261801719666,0.4386303126811981,73.64622497558594,3.2319691667393107,13.13469409942627,4.953125,0.5098015455987233
02158,0.8698832476540151,0.3598595179018783,0.28726786375045776,0.52611243724823,0.5342442393302917,71.56568908691406,5.411240730934123,12.1013822555542,4.66796875,0.22809427627980233
02159,0.8727899322331711,0.3909122735009718,0.31653469800949097,0.537843644618988,0.30289939045906067,69.2208023071289,4.943946616254048,9.459494590759277,3.509765625,0.24565253803137374
02160,0.09051580698835275,0.03380281690140845,0.3988635540008545,0.8252554535865784,0.53409343957901,64.20225524902344,9.084655131324931,10.126445770263672,2.560546875,0.720610944562146
02161,0.736626745569751,0.32997920062960256,0.3001980185508728,0.5622194409370422,0.3952925503253937,65.30075073242188,7.0868357978622925,10.317522048950195,2.693359375,0.344795576452376
02162,0.8409640931915447,0.43309301916652015,0.2144128680229187,0.2906450629234314,0.6338549852371216,73.01406860351562,5.7230701557731996,13.730201721191406,4.8671875,0.7821003909254645
02163,0.8652679254472455,0.33626327410366946,0.31439971923828125,0.6189701557159424,0.32502812147140503,70.77250671386719,5.788944039685297,12.472684860229492,3.5390625,0.2717186126124182
02164,0.415754932693718,0.1732122870289765,0.2372400164604187,0.3082444965839386,0.49308741092681885,68.8935775756836,5.365875294446191,16.02445411682129,4.578125,0.45083188894271226
02165,0.6545590381679056,0.24509920682180883,0.32564640045166016,0.5724857449531555,0.5208371877670288,72.14053344726562,6.013256566488995,12.227325439453125,4.1796875,0.27401936797573273
02166,0.7807990917427186,0.38368387507966856,0.23875802755355835,0.5153065919876099,0.6208284497261047,76.94100952148438,4.391529844950756,13.386239051818848,4.9609375,0.5378742424094165
02167,0.8679893574582226,0.33872149532710283,0.3842088580131531,0.7085927128791809,0.5515499114990234,70.46371459960938,5.261941192029,7.256478786468506,3.85546875,0.2671925959297932
02168,0.7352798215858202,0.4064957013740907,0.23345911502838135,0.3958391547203064,0.3571690320968628,63.995182037353516,3.7085307437584487,11.27227783203125,3.10546875,0.40905227123899
02169,0.4136295996414538,0.14283311306019464,0.4470866918563843,0.5692338943481445,0.5631377696990967,72.24132537841797,6.9203406788007245,12.374910354614258,3.431640625,0.42957924838288064
02170,0.7358403220908972,0.2807977249261869,0.38883668184280396,0.6063681840896606,0.4783693850040436,69.70636749267578,5.703208738046241,8.742263793945312,3.83984375,0.10844240267486462
02171,0.8140332141828596,0.3284292453490488,0.2848426103591919,0.46011126041412354,0.6694650053977966,76.77525329589844,4.611386188179251,10.756280899047852,4.84375,0.4743772685317521
02172,0.8544633137742284,0.4534455003375396,0.27320295572280884,0.4116757810115814,0.4090633690357208,71.16058349609375,4.0352524899669335,11.2767333984375,4.19140625,0.45950784213507284
02173,0.8710607028889141,0.4463306880471243,0.1996806263923645,0.2877555787563324,0.4034183919429779,68.4667739868164,4.576746268797973,15.606142044067383,3.44921875,0.5253578040899223
02174,0.8632547816017431,0.48984748254318267,0.15943074226379395,0.34570783376693726,0.6009617447853088,74.49601745605469,4.041197653532109,11.584131240844727,4.91015625,0.5649261089395932
02175,0.865323153579365,0.501903042089179,0.284859299659729,0.4266798794269562,0.6139305830001831,73.9592514038086,3.7126447075138493,11.675374984741211,4.26953125,0.5678538945261933
02176,0.7676718739000439,0.4691157723954108,0.21985191106796265,0.5198382139205933,0.5482420325279236,68.68724822998047,5.514218681439695,15.706865310668945,4.84765625,0.6785074489364364
02177,0.7833312136662263,0.32284025354319495,0.370732843875885,0.6686828136444092,0.37827950716018677,67.62867736816406,3.53592912548784,15.364368438720703,4.08203125,0.44523233089387043
02178,0.7703813082297825,0.3723763637370549,0.2800435423851013,0.5618711709976196,0.4616760313510895,71.20468139648438,2.967775606828526,7.81699275970459,2.919921875,0.3163608405119019
02179,0.7658580939068764,0.3743510593517609,0.35442596673965454,0.6665757894515991,0.3405178487300873,66.12061309814453,5.116693434057326,10.04111099243164,4.22265625,0.29116212057168617
02180,0.2978659097156461,0.13346469358211355,0.3469347357749939,0.6871757507324219,0.4873921275138855,74.80331420898438,4.815052984706145,7.557231903076172,3.8984375,0.22922823582275187
02181,0.8518099999020736,0.40036767644472865,0.2670053243637085,0.5767706632614136,0.5519168376922607,70.85319519042969,4.495278568035046,11.761495590209961,3.48046875,0.5877110519801194
02182,0.780898971183721,0.37024830410853704,0.3208656907081604,0.48837795853614807,0.5142709016799927,74.04581451416016,3.6613984636367647,12.987777709960938,4.12109375,0.5081728949646922
02183,0.7294310227951235,0.32803001424472844,0.27498096227645874,0.5222955346107483,0.44943028688430786,74.80742645263672,3.556292054525052,12.1480073928833,3.908203125,0.34117993976440547
02184,0.7925563129049377,0.5239419614945131,0.1897713541984558,0.33608800172805786,0.5383470058441162,73.29906463623047,3.8729111218947048,13.314764022827148,4.8125,0.5803555839296933
02185,0.7813362032626752,0.39170256901228656,0.20209991931915283,0.4598977863788605,0.5447381138801575,72.94342803955078,3.928439449001899,12.630352020263672,4.8046875,0.5909348460985353
02186,0.8189987078794266,0.3655151515151515,0.22939932346343994,0.3318805396556854,0.45026805996894836,75.16403198242188,3.8972734304420276,14.44454288482666,4.13671875,0.6692151039489903
02187,0.7653473721494662,0.34930964734851816,0.26339417695999146,0.5780230164527893,0.4054469168186188,68.72798156738281,3.366372787988163,10.106230735778809,2.9296875,0.29945704797939593
02188,0.7302956890340212,0.3499725726823917,0.3353821635246277,0.5422442555427551,0.4195553958415985,68.89409637451172,6.366202788620961,13.849101066589355,2.21875,0.5931788202398656
02189,0.894821129122988,0.43618658708968117,0.20232754945755005,0.35625940561294556,0.6288937330245972,73.26702117919922,3.453088621100503,14.85797119140625,4.73828125,0.632428533457039
02190,0.6141508951200576,0.25882400533991384,0.2850703001022339,0.503262996673584,0.3396754860877991,70.7626953125,5.67983000791742,12.245635032653809,3.58203125,0.2378412673179853
02191,0.8204763288933767,0.3047366020976664,0.3268669843673706,0.5558710694313049,0.6324313282966614,75.58917999267578,4.69263437196598,11.45889663696289,4.8359375,0.26061355767252165
02192,0.8315991443465118,0.3813047913820829,0.2679879665374756,0.5232532620429993,0.5758528709411621,76.81964874267578,2.6896735932997595,8.375457763671875,4.69140625,0.2355562608340926
02193,0.8127617585358752,0.3149858726363834,0.28820765018463135,0.4854775071144104,0.5485711097717285,73.5277099609375,4.855739709884785,12.984036445617676,4.5078125,0.326035861988477
02194,0.7887166534501189,0.3335863323261109,0.3036384582519531,0.5190631747245789,0.46328482031822205,72.8752212524414,3.8243072971285876,8.915898323059082,3.9296875,0.2394886212569152
02195,0.6667377589387157,0.2655309838243338,0.2193131446838379,0.5160477161407471,0.5952097773551941,73.32418823242188,5.2346824165231185,16.310073852539062,4.90625,0.5927180382684988
02196,0.7350760947467843,0.3653719725458227,0.25795525312423706,0.4099442660808563,0.5415684580802917,72.9371566772461,3.5839915462457155,10.064781188964844,4.6328125,0.40721613132625956
02197,0.7080094259370193,0.2991849822967466,0.27215439081192017,0.4899764060974121,0.46507906913757324,73.36006164550781,2.894952706597248,11.243209838867188,4.51953125,0.33437580638723424
02198,0.8652090118194966,0.3674568278850443,0.2488483190536499,0.4939824938774109,0.5161307454109192,75.63086700439453,2.9148434649955117,10.479888916015625,4.5859375,0.40134075582837603
02199,0.8523852205585716,0.4322388438133874,0.16387516260147095,0.24075590074062347,0.4762371778488159,76.73274230957031,3.537792933169021,15.718546867370605,4.9765625,0.6919822766541917
02200,0.7045755958213328,0.3115482871683463,0.2551534175872803,0.4389396607875824,0.5920687913894653,75.68443298339844,4.164074557718335,10.20004653930664,4.96484375,0.5091980977825664
02201,0.8472346547979315,0.3439843153688433,0.29941755533218384,0.5764881372451782,0.47399720549583435,72.74422454833984,3.69027047700008,13.550314903259277,4.76171875,0.3166171391939652
02202,0.77048341744237,0.35311336663590953,0.2456580400466919,0.5495967268943787,0.47868549823760986,71.44396209716797,2.898897154074884,8.232973098754883,4.97265625,0.38166490342461057
02203,0.8003664273875291,0.3113142857142857,0.2884235978126526,0.4756556749343872,0.6597573161125183,76.67604064941406,4.4381354366468635,11.39930534362793,4.390625,0.34878451770050095
02204,0.7799988239021775,0.3485569121613304,0.3095915913581848,0.419339120388031,0.39093297719955444,67.9600830078125,4.037972511432418,12.51875114440918,3.177734375,0.3161939514148236
02205,0.7727887509104953,0.39913520705138866,0.26476627588272095,0.42872005701065063,0.6261279582977295,74.87898254394531,4.074588804135134,10.110002517700195,4.89453125,0.4143945133670052
02206,0.8205680638844035,0.3972491311099608,0.23047775030136108,0.5384734869003296,0.5587834715843201,72.91260528564453,3.7082876925089723,14.939929008483887,4.95703125,0.4263536561574092
02207,0.7955600411027143,0.34970280215114635,0.2164773941040039,0.4105473756790161,0.622496485710144,74.70848083496094,5.181552800555952,15.141952514648438,4.4453125,0.6454902764753236
02208,0.778686280386044,0.5016831108531631,0.23893892765045166,0.569063663482666,0.43889668583869934,70.5749740600586,3.6156672149292204,7.819036960601807,4.33984375,0.5730113116862857
02209,0.83608921423634,0.43955318329389753,0.2820170521736145,0.5036088228225708,0.6271689534187317,74.9512939453125,5.467823425444281,12.434706687927246,4.51953125,0.5144516610188221
02210,0.7920166152394383,0.32952967866454475,0.22543686628341675,0.4634973108768463,0.5097750425338745,71.77178192138672,3.6994908431646376,14.7141752243042,4.8125,0.5155175086124308
02211,0.8133562904786545,0.4413319086262165,0.21265244483947754,0.38425248861312866,0.5288242697715759,73.74689483642578,3.508576447777251,14.809879302978516,4.80078125,0.5302536553154262
02212,0.8381853216846292,0.5652099105299381,0.25733333826065063,0.5832328796386719,0.5462480783462524,73.0245361328125,6.118255224914244,10.273027420043945,4.4296875,0.7878865503369662
02213,0.8293271084683431,0.3905641832121093,0.2400829792022705,0.44419988989830017,0.40168777108192444,71.33868408203125,3.310221457032414,9.491455078125,3.966796875,0.3741179408153408
02214,0.7066809654249979,0.3241869480939048,0.21433061361312866,0.4593866765499115,0.600866973400116,75.80589294433594,3.539404492788863,10.639324188232422,4.79296875,0.43757782330768097
02215,0.6425876146042694,0.3347325176386532,0.2634599208831787,0.3878350257873535,0.6606392860412598,74.97578430175781,5.403670472702536,9.754877090454102,4.984375,0.6044544267968266
02216,0.8333475231094178,0.39678520824138813,0.24564993381500244,0.4776987135410309,0.5942443013191223,72.88500213623047,4.190489247742172,12.9747953414917,4.2890625,0.5189369044282485
02217,0.7767222498680874,0.44840261997059216,0.29337286949157715,0.43530988693237305,0.6082176566123962,72.95552062988281,4.177862754452888,10.225074768066406,4.01171875,0.5322630116735166
02218,0.7802079376509758,0.3737914843666631,0.23535799980163574,0.4586523175239563,0.5427159667015076,73.86090087890625,3.892673280639508,10.71739673614502,4.5703125,0.42905366661224237
02219,0.888670431888626,0.5909387222946545,0.28276264667510986,0.38044676184654236,0.591862142086029,75.11032104492188,5.323205286884034,6.8911309242248535,4.9765625,0.4757625778490828
02220,0.6123450500533222,0.26764321598792806,0.29392653703689575,0.46625515818595886,0.3388342559337616,68.66487884521484,4.2834934946837215,13.425792694091797,3.755859375,0.3188506580022812
02221,0.806673039203291,0.4515326320551974,0.19228535890579224,0.4524869918823242,0.5180336236953735,74.10678100585938,4.919899774222964,12.414417266845703,4.96875,0.6197420882815671
02222,0.7835346750533781,0.3726285853015642,0.3314637541770935,0.6109483242034912,0.4220644533634186,68.4327621459961,5.124333663282732,9.464510917663574,3.482421875,0.5520374308803208
02223,0.8655140826595147,0.3599158780231335,0.27196478843688965,0.5592547059059143,0.5407374501228333,73.66895294189453,5.034277042401242,11.020071029663086,4.98046875,0.4493485088384838
02224,0.7834653692639357,0.33715169301650416,0.19790887832641602,0.3610835075378418,0.6638363599777222,77.20094299316406,5.482394768829056,11.700033187866211,4.984375,0.534223512931565
02225,0.8180512573322256,0.30860635836499184,0.45403486490249634,0.9049336910247803,0.3048272728919983,68.31671905517578,10.888744589356078,12.331910133361816,2.16796875,0.1779987472111756
02226,0.8285278642571174,0.36887545866609106,0.1918954849243164,0.33232975006103516,0.5958166718482971,73.7580337524414,2.9525392440057767,13.905416488647461,4.9453125,0.43331683845690777
02227,0.7969481719919288,0.3983633629932711,0.3257308602333069,0.5666897296905518,0.480631947517395,73.88951873779297,4.842160077924638,9.760641098022461,4.21875,0.30638337844920605
02228,0.8019814821148892,0.3474545359804075,0.3684167265892029,0.6355154514312744,0.4513423442840576,70.58273315429688,5.440856144734902,13.650345802307129,2.671875,0.5635162796816054
02229,0.762065589667585,0.35193851141146637,0.2611207365989685,0.37756457924842834,0.5701137185096741,69.2685546875,3.432486654099094,13.497681617736816,4.05859375,0.538929132551051
02230,0.8817373141713827,0.34521174698234974,0.334680438041687,0.6088173389434814,0.5340522527694702,73.27120208740234,4.811669474845629,12.982112884521484,4.12109375,0.3200531045578073
02231,0.8713353072503525,0.3561633199724371,0.2853199243545532,0.39471474289894104,0.3822726607322693,69.28912353515625,3.5070308662987304,15.406609535217285,3.689453125,0.37694929539675825
02232,0.7194390767859855,0.377902321857486,0.2381238341331482,0.5219419002532959,0.5918457508087158,72.68868255615234,4.043183577482638,11.912189483642578,4.8515625,0.470465632895331
02233,0.829895488678727,0.4018378433263949,0.3478275537490845,0.5615658760070801,0.2972961962223053,71.46037292480469,5.286892370873989,13.09554672241211,3.541015625,0.4171098958428189
02234,0.7284595906534151,0.30340723012973925,0.4357566237449646,0.548255443572998,0.302896648645401,68.23594665527344,5.0942885181206785,9.741372108459473,2.791015625,0.24978270494918048
02235,0.8987301229855755,0.3776886804347278,0.29311853647232056,0.4366486668586731,0.49108728766441345,69.27155303955078,3.926411851110959,11.89794921875,3.13671875,0.4544067688253801
02236,0.6576090931996698,0.27027341477603256,0.17315369844436646,0.4602838456630707,0.5399896502494812,75.78213500976562,5.720425978562312,13.000388145446777,4.84765625,0.6156118595283212
02237,0.8322494205548981,0.37455126397894933,0.24969130754470825,0.5023401379585266,0.5196470022201538,69.9804916381836,3.326756497903928,11.09500503540039,3.884765625,0.44745316206109464
02238,0.904369567993526,0.4518772531434098,0.22130250930786133,0.31800132989883423,0.6580756902694702,75.51750946044922,3.605023281928781,11.535928726196289,4.9296875,0.5341368168854043
02239,0.8363009451072242,0.3979841694664313,0.20964062213897705,0.4528971016407013,0.6558484435081482,74.42926025390625,4.308770110556723,14.070582389831543,4.96875,0.551400356660991
02240,0.8341086136815193,0.32262515631063776,0.25348442792892456,0.2872026562690735,0.46008801460266113,71.21878814697266,5.181092627115563,10.943161010742188,3.876953125,0.49843234156579597
02241,0.8620253164021279,0.37006832408253443,0.27719032764434814,0.5198758840560913,0.5539028644561768,72.5178451538086,4.230124340189298,11.911436080932617,3.921875,0.3270142656390687
02242,0.7518062346339053,0.41474939007442635,0.1894080638885498,0.32188504934310913,0.59101402759552,73.85540008544922,3.664149242114806,15.361863136291504,4.9609375,0.5801413104238198
02243,0.8346565697393721,0.45615209532735307,0.307003378868103,0.6007140278816223,0.5553315877914429,73.37598419189453,5.949583840349442,13.408388137817383,4.01171875,0.5877693082810872
02244,0.6215107056325911,0.3552227813919234,0.34332865476608276,0.6429556608200073,0.5685540437698364,72.3909912109375,5.727024420100857,7.869176387786865,4.7109375,0.5023165220491678
02245,0.8293915641371468,0.32460324101190974,0.19520187377929688,0.3830018639564514,0.6047509908676147,73.42967224121094,4.172751483456177,14.254464149475098,4.94921875,0.45399182067622446
02246,0.8624197303767888,0.39739652741564785,0.16526079177856445,0.34091657400131226,0.6316643953323364,77.17871856689453,4.267094635649616,11.16611385345459,4.984375,0.5520049719041948
02247,0.8341858288791044,0.3223320800259945,0.3336373567581177,0.6113602519035339,0.5038182139396667,74.59132385253906,4.380475179102753,12.604323387145996,4.1171875,0.2938704244782929
02248,0.8489253222634703,0.3389852146784013,0.2280188798904419,0.5022221803665161,0.3736410439014435,75.21260070800781,4.294264356911352,12.324055671691895,4.453125,0.20710768063564725
02249,0.8226289362275784,0.36267636491105076,0.3816256523132324,0.7179281711578369,0.40544939041137695,71.96989440917969,5.06504441830796,7.520216941833496,3.5625,0.27194507792049466
02250,0.7658278608954886,0.5169639734172787,0.2771204710006714,0.6004642248153687,0.47478005290031433,69.73744201660156,3.950489566395206,11.704011917114258,3.8671875,0.5956243607637309
02251,0.8071941621855385,0.3901247136675999,0.3341875672340393,0.6848056316375732,0.35060402750968933,70.33769226074219,5.16073506153646,8.325008392333984,3.333984375,0.4782438051912294
02252,0.561421130015811,0.28154126529549595,0.2741042375564575,0.37664732336997986,0.5610561370849609,72.27586364746094,4.343352923149391,10.684300422668457,4.90625,0.4559274121527724
02253,0.7761607611489938,0.40682999257609503,0.24893289804458618,0.4054344892501831,0.587704062461853,69.74324798583984,5.124114497966279,12.321521759033203,4.26953125,0.7468515172219833
02254,0.5504233336937937,0.2094761758294663,0.330192506313324,0.4664533734321594,0.3836963474750519,69.16063690185547,5.421595291319482,11.243650436401367,2.904296875,0.20574778210610487
02255,0.709479575800463,0.28507965320404116,0.26486730575561523,0.502265453338623,0.5610702037811279,74.19776916503906,4.781050075478406,12.820368766784668,3.818359375,0.2768364918702749
02256,0.7167836146719294,0.3268013724742661,0.272929310798645,0.5809255838394165,0.449773907661438,72.12738800048828,3.7252406871584167,11.785979270935059,3.6015625,0.44561682333168817
02257,0.8261168142391044,0.39137615497924383,0.2723773121833801,0.5622342824935913,0.4948771297931671,76.28305053710938,5.417958873906437,11.88136100769043,4.16796875,0.5645707216051286
02258,0.8460719687034447,0.3229132273216245,0.45621150732040405,0.569884181022644,0.3882093131542206,72.67218780517578,4.702384915011465,11.839410781860352,3.046875,0.304750682290915
02259,0.8060958998186575,0.3501549616981463,0.22646814584732056,0.3579022288322449,0.6115120053291321,74.83009338378906,6.466358381592323,12.827977180480957,4.984375,0.7584705490683874
02260,0.7525100297389551,0.3558461623351542,0.2858431935310364,0.5768690705299377,0.42236778140068054,75.40680694580078,3.7430598705644225,8.94632625579834,4.73046875,0.44044716346754464
02261,0.8752300964112215,0.3635009175645475,0.24120080471038818,0.4288974702358246,0.4859781563282013,71.74478149414062,3.7917681844732445,13.111885070800781,4.2109375,0.30435684398643076
02262,0.832431202634835,0.4398231146169475,0.30763620138168335,0.4810636639595032,0.6140285134315491,73.466552734375,3.815579267092354,10.56157112121582,4.56640625,0.4689380644184152
02263,0.6664264803754711,0.2616182572614108,0.21857106685638428,0.40474382042884827,0.5596574544906616,70.8626937866211,3.0912129938990835,14.602361679077148,4.3046875,0.48055938552967503
02264,0.8955368133924897,0.3928851687156683,0.20893865823745728,0.43742087483406067,0.6245668530464172,74.77181243896484,3.5805431844534468,12.982507705688477,4.8984375,0.41621120884473445
02265,0.6858818030845625,0.28708012307066394,0.24897003173828125,0.4978349804878235,0.5612003803253174,73.96812438964844,4.637927999806073,9.995646476745605,4.81640625,0.48509355556669476
02266,0.846589071419687,0.39118457300275483,0.25010359287261963,0.3797154724597931,0.6377308368682861,75.56147003173828,3.8482944083210833,12.281832695007324,4.84375,0.4560065390867542
02267,0.8123609862203873,0.33529311033734804,0.3098427653312683,0.6027350425720215,0.5019455552101135,69.9056167602539,4.501477191759909,13.696989059448242,4.11328125,0.26396136075121135
02268,0.5365644605675324,0.2456319260316813,0.24187123775482178,0.49193722009658813,0.3505284786224365,68.68931579589844,3.8223712869390885,14.490652084350586,3.490234375,0.46280949376759917
02269,0.8278817612076204,0.4873387482083134,0.21103531122207642,0.3640795648097992,0.6445195078849792,74.27041625976562,4.384526819556027,13.240114212036133,4.97265625,0.5923461397958377
02270,0.3887924780093605,0.14855160662122688,0.24735677242279053,0.3801439702510834,0.6148117780685425,65.81201934814453,6.538426020370067,17.569934844970703,4.90234375,0.4008181530116205
02271,0.8673471770595242,0.35099076340096313,0.2380378246307373,0.5000432133674622,0.48627349734306335,73.69329071044922,3.2673107068878147,12.614200592041016,4.75390625,0.416136037235794
02272,0.7630422926943724,0.30963597430406853,0.27502357959747314,0.5006763935089111,0.5845465064048767,73.02383422851562,4.49639018282769,10.756586074829102,4.3203125,0.4517482125921301
02273,0.6033665399219653,0.25346342916728737,0.2222297191619873,0.3940791189670563,0.35476189851760864,65.92424011230469,5.090619916586067,17.508586883544922,3.279296875,0.31948146102206937
02274,0.8855917646689877,0.3952922077922078,0.3773178458213806,0.5611651539802551,0.6096725463867188,74.546630859375,4.6396334430738895,3.739943504333496,3.66796875,0.08393841390086206
02275,0.877996512102793,0.48751951701884044,0.2016555666923523,0.39187487959861755,0.6345767974853516,73.67375946044922,3.8363251924346646,10.699970245361328,4.625,0.5072677756793351
02276,0.7855947031684063,0.35040024165533906,0.23175150156021118,0.4219275414943695,0.6396926641464233,74.63523864746094,3.9538872897474318,12.151025772094727,4.953125,0.391711642736393
02277,0.551846946617598,0.20563022255874955,0.3137440085411072,0.6268367767333984,0.6502742767333984,69.97242736816406,4.622532689823261,13.979455947875977,4.03515625,0.5208574998200334
02278,0.7553807523646123,0.3419685690653433,0.3563205599784851,0.7248729467391968,0.35794660449028015,70.07733917236328,7.225068909124299,12.980023384094238,2.630859375,0.32524936247763503
02279,0.8403366693598747,0.3630229419703104,0.28454160690307617,0.557013988494873,0.38896387815475464,70.3421401977539,4.880339926247784,10.71752643585205,4.42578125,0.4559213653188054
02280,0.8036773259868667,0.36601397633709265,0.3434441089630127,0.5390453934669495,0.5353093147277832,73.92940521240234,3.7321103948691494,7.157480239868164,4.75,0.1973774921020139
02281,0.9162306800398796,0.6726843673032534,0.21672707796096802,0.38098299503326416,0.6302505135536194,72.90512084960938,4.8787239247088445,10.82712173461914,4.32421875,0.5416516019737527
02282,0.7984446442957285,0.4323902715734241,0.2558556795120239,0.4662187695503235,0.5208163261413574,69.96549987792969,6.547279660870127,12.498529434204102,4.00390625,0.590464127386825
02283,0.8145654542735329,0.35493336593715613,0.2695475220680237,0.43559518456459045,0.5676466822624207,71.61236572265625,3.88981899476387,12.75041675567627,3.3515625,0.3229981593576301
02284,0.8197397022491654,0.39476349795880783,0.28900325298309326,0.5039241909980774,0.40935444831848145,68.56537628173828,3.4236650633863115,10.67959976196289,3.76953125,0.3682161208406263
02285,0.8142437212114462,0.32225475841874085,0.28899461030960083,0.5158359408378601,0.603236973285675,75.00231170654297,4.899068793276673,15.433621406555176,4.38671875,0.6054861885935258
02286,0.8311966424053828,0.5042107769911888,0.19560688734054565,0.27077245712280273,0.6942136287689209,74.78279113769531,4.751366075146462,14.725349426269531,4.953125,0.5938146678587036
02287,0.7116696901245398,0.3140506491836997,0.3000044822692871,0.5031687021255493,0.6764150261878967,71.87921905517578,4.650526160955427,12.098249435424805,4.35546875,0.5460577087762941
02288,0.8322090129865836,0.42288447512593924,0.2650721073150635,0.46015673875808716,0.6111598014831543,75.3360366821289,3.501626214050276,9.980008125305176,4.3515625,0.37058400637056516
02289,0.6294768919555817,0.260094191522763,0.2669334411621094,0.4930987060070038,0.6358455419540405,75.97677612304688,5.716325979480333,10.711932182312012,4.98828125,0.5483958225071226
02290,0.8469609475798479,0.38699823397451194,0.1914534568786621,0.23531852662563324,0.6131458282470703,74.26972198486328,4.137394038114196,13.54769515991211,4.8046875,0.6350262190460525
02291,0.8929876400552047,0.38396067975443826,0.2631317973136902,0.44047611951828003,0.4227338135242462,70.92559051513672,4.3022914284548985,12.935527801513672,3.384765625,0.35302272103208104
02292,0.7231741609722959,0.3441699007352224,0.23422670364379883,0.44244226813316345,0.549755871295929,72.91544342041016,3.488123438642065,12.947844505310059,4.59765625,0.48392612985743566
02293,0.8531226306920109,0.3761657778751796,0.2658848762512207,0.4445371925830841,0.4669886827468872,74.00537109375,3.537512201179963,10.798858642578125,4.4296875,0.6620326511067703
02294,0.8288732117533785,0.4016710743168142,0.291238009929657,0.3635222315788269,0.6705593466758728,73.87871551513672,6.945817944490975,11.636207580566406,4.69140625,0.7275762513848959
02295,0.8715820501625346,0.4195427225974348,0.19818508625030518,0.3709561228752136,0.5530596971511841,73.87591552734375,3.254977228666409,12.620955467224121,4.828125,0.3887942478532098
02296,0.8423148854693584,0.33286857894819294,0.352882981300354,0.5939762592315674,0.3761584460735321,73.20800018310547,4.742694788123261,5.620867729187012,3.3125,0.2447180801052631
02297,0.7689028762536918,0.2910992760787065,0.2670753598213196,0.5338461399078369,0.7302127480506897,75.05147552490234,4.858103495440049,5.203181266784668,4.9453125,0.32244337264308237
02298,0.7500441319955269,0.3551582806417729,0.31095683574676514,0.5355887413024902,0.36747613549232483,63.6407356262207,3.699596917237967,7.91820764541626,3.419921875,0.3465164505962536
02299,0.6305189269182825,0.3304785354887057,0.2670328617095947,0.5191946029663086,0.48342183232307434,66.84626770019531,4.0560644712016884,15.30788516998291,4.01171875,0.6186003360500906
02300,0.6881927314565983,0.3083443028221016,0.3320204019546509,0.6442989706993103,0.6051252484321594,74.89689636230469,3.4615119263433667,9.183724403381348,4.89453125,0.35143142380462233
02301,0.8157515946474345,0.46936833470057426,0.20436197519302368,0.46038222312927246,0.550818145275116,76.82991027832031,4.850090749578218,11.613577842712402,4.15234375,0.6198534693601156
02302,0.651755787824037,0.3341434536050352,0.2765030264854431,0.5214030146598816,0.6045369505882263,73.90815734863281,4.407231452168698,8.81372356414795,4.53125,0.48208397125654184
02303,0.8714985181706365,0.38416339742800343,0.2596416473388672,0.45812898874282837,0.4925653636455536,73.56632995605469,3.332928789161479,8.510872840881348,4.15625,0.2561103614524421
02304,0.8158687328773151,0.34520618446164736,0.23825430870056152,0.5590062141418457,0.6730265617370605,77.44599151611328,4.6113881012278615,11.697815895080566,4.93359375,0.4331716984431112
02305,0.8273400453144624,0.3836577636939792,0.21762603521347046,0.4786621332168579,0.2072935253381729,69.55091094970703,5.8312979686534945,13.02972412109375,2.8671875,0.41653617524377456
02306,0.9325290043798158,0.36318427700406036,0.3154054284095764,0.5154494643211365,0.5974209308624268,76.0373306274414,5.076545522748758,11.974133491516113,4.32421875,0.5250203058725166
02307,0.7773452779421773,0.3673157415832575,0.1876797080039978,0.33047741651535034,0.48195070028305054,69.81974029541016,2.846009599059205,11.860175132751465,4.03515625,0.4294348608014906
02308,0.8003692538521981,0.47479312982407346,0.31578898429870605,0.5866178870201111,0.5414429903030396,75.80104064941406,5.81447159049453,4.875082492828369,4.94140625,0.3496472379924624
02309,0.7086154058721466,0.36661565626839315,0.23415666818618774,0.4212077260017395,0.5992939472198486,75.63159942626953,4.647702749097398,12.274612426757812,4.64453125,0.49323991745706347
02310,0.8903437826238277,0.35771671155338475,0.3955349922180176,0.6337635517120361,0.5737103819847107,73.59982299804688,4.231250501571519,7.908006191253662,2.890625,0.21477572837497705
02311,0.8451146391808888,0.47454068241469816,0.2604901194572449,0.38793250918388367,0.48219990730285645,72.78462982177734,4.288086234472269,11.63759708404541,3.9375,0.4564661476329901
02312,0.8940823662478474,0.3611175330333802,0.38117605447769165,0.5312634706497192,0.3797090947628021,73.40657043457031,5.605027280052266,10.450872421264648,3.162109375,0.1994031683303708
02313,0.7265610645994955,0.376890937905201,0.1991736888885498,0.450632244348526,0.510253369808197,73.79496002197266,5.117569076266025,13.376794815063477,4.95703125,0.6612976292150898
02314,0.6353764144509202,0.2940282675382013,0.24271970987319946,0.4647989571094513,0.2931574881076813,66.28787231445312,5.0227150062210795,14.57917308807373,3.322265625,0.38292672723958393
02315,0.8539355575857751,0.40996294385290116,0.17428815364837646,0.12949010729789734,0.48444652557373047,73.09741973876953,4.135788574842451,19.526643753051758,4.42578125,0.8176681150845796
02316,0.8033513557956813,0.3264813314789626,0.30582714080810547,0.7237390875816345,0.41694527864456177,68.67398071289062,6.1710606820443505,10.372737884521484,3.0,0.3131354935142492
02317,0.7594711370117054,0.33114015322217216,0.24542957544326782,0.5032477974891663,0.5130144953727722,76.40025329589844,4.295853321127781,11.952666282653809,4.93359375,0.45063945633830743
02318,0.7721219712701506,0.3797078619504511,0.22387516498565674,0.46434399485588074,0.39716339111328125,70.17440032958984,3.3685003572137235,12.095775604248047,4.015625,0.4231298578372626
02319,0.7626692860434806,0.29307326831707925,0.3374236822128296,0.5238521099090576,0.4652272164821625,74.89482879638672,4.033868423764764,10.766256332397461,3.744140625,0.19579610696744643
02320,0.8085268385846484,0.4011351678836772,0.20559048652648926,0.4579981565475464,0.5300542712211609,71.98118591308594,3.115464221748203,13.117088317871094,4.76953125,0.4991416995225381
02321,0.8439816676163252,0.39405925998722424,0.2297421097755432,0.36050254106521606,0.5812928080558777,72.95172882080078,2.360267424087869,11.171692848205566,4.94140625,0.3319049947220516
02322,0.8242210788442262,0.3114990226002263,0.2865670919418335,0.5412697792053223,0.476773738861084,73.47441864013672,4.55018132729049,13.338637351989746,4.52734375,0.27437122796594354
02323,0.7758745797955756,0.3805601317957166,0.22948616743087769,0.463861346244812,0.4228569567203522,66.97408294677734,3.4992114538954056,14.025615692138672,4.3203125,0.5684869475116383
02324,0.9161071795600843,0.3962601138747378,0.2168114185333252,0.42078718543052673,0.511705756187439,74.5017318725586,3.031551176265959,11.821422576904297,4.59375,0.41281817671898224
02325,0.4619220547427939,0.17632343005313808,0.3064514994621277,0.6108399629592896,0.33188170194625854,64.53661346435547,6.824397925491571,9.763484954833984,3.173828125,0.22663126916052892
02326,0.8008329334070581,0.2997046037950028,0.3048248291015625,0.6004953980445862,0.5394371151924133,71.45240020751953,5.3399512729621375,12.401598930358887,4.01953125,0.3420081369024903
02327,0.79678177056616,0.44649446494464945,0.3073325753211975,0.7672180533409119,0.5510869026184082,76.37879943847656,6.157796641274887,13.859231948852539,4.66015625,0.44401349385876654
02328,0.801855117391244,0.32562217576043706,0.3121917247772217,0.64305579662323,0.5878031253814697,77.66423797607422,5.39383737445724,7.497210502624512,4.671875,0.5174603497236389
02329,0.5470048845457524,0.24054264319751045,0.39514654874801636,0.7186986207962036,0.44731825590133667,70.38452911376953,4.663231271696695,11.48835277557373,4.02734375,0.361594807169927
02330,0.7458895032696319,0.48111941728963004,0.2535686492919922,0.45346370339393616,0.5848017334938049,75.03101348876953,6.717321026137818,14.647923469543457,4.140625,0.7402057603551184
02331,0.8008578385749144,0.36495938193811683,0.27544528245925903,0.512332558631897,0.4608602821826935,72.69734954833984,3.500186405747466,8.207534790039062,4.7578125,0.23354918660918508
02332,0.7221454228416062,0.2985783115372748,0.27550023794174194,0.4603506028652191,0.5653601288795471,73.04887390136719,5.116803649357766,13.857426643371582,3.90234375,0.49858435174495463
02333,0.6001748311789165,0.33330577829213853,0.23412704467773438,0.3680245280265808,0.6491764187812805,73.8639907836914,5.178920722648763,15.010580062866211,4.95703125,0.6722596740320238
02334,0.8042615661451942,0.4406930516821931,0.25033801794052124,0.42210230231285095,0.6532551646232605,74.8034439086914,3.8371225387980776,9.996696472167969,4.984375,0.4121105011850143
02335,0.5081294036470736,0.23732357553580763,0.24213528633117676,0.4672057032585144,0.6374915838241577,73.3023910522461,4.577024481753303,10.010295867919922,4.77734375,0.40256900516342004
02336,0.8995782262729505,0.5469685902118334,0.2286592721939087,0.3513135015964508,0.6779047846794128,71.69822692871094,6.528505982562891,12.868480682373047,4.92578125,0.6489319497185388
02337,0.8830283624696871,0.4510765827639724,0.20318078994750977,0.31369099020957947,0.5692623257637024,70.08405303955078,3.7032303448239716,11.591676712036133,3.86328125,0.49062097357485274
02338,0.8380849186636861,0.40427882099877915,0.21215283870697021,0.3736817538738251,0.5325449109077454,75.2249755859375,3.516989472282346,11.896495819091797,4.91015625,0.5394610821136924
02339,0.7761062557346988,0.34637514384349827,0.3039476275444031,0.5843989253044128,0.4369342029094696,65.9326171875,3.5843077170637283,13.571949005126953,4.09375,0.4156335569593322
02340,0.7307768825644985,0.31459739299251177,0.3125224709510803,0.4652232229709625,0.5439013838768005,73.52998352050781,7.746248912249304,14.414148330688477,4.3046875,0.672426097274204
02341,0.8136427861446134,0.4261417322834646,0.29033738374710083,0.649372935295105,0.39075106382369995,66.08613586425781,5.095595455563827,6.891316890716553,3.796875,0.43902617410226485
02342,0.8808554857558148,0.3551267345883094,0.2757651209831238,0.46356651186943054,0.6357375979423523,74.35166931152344,4.504508169785003,12.505128860473633,4.41015625,0.33246265586745655
02343,0.9309917959720995,0.48273903551587655,0.1273323893547058,0.2353498637676239,0.6262791752815247,71.67570495605469,4.881609587603225,12.280970573425293,4.0859375,0.5747120634611178
02344,0.9495603339419525,0.6651229803437275,0.1639845371246338,0.22238197922706604,0.5844298005104065,76.15169525146484,7.812546713565003,12.431534767150879,4.46484375,0.8131760855555795
02345,0.8776448075747659,0.4275616487136117,0.23171484470367432,0.4269174337387085,0.41755738854408264,71.72724914550781,2.7823745350904985,13.295177459716797,3.990234375,0.39076061835941406
02346,0.9002606049083256,0.38326838139776565,0.3057546615600586,0.5115894079208374,0.47626692056655884,72.28252410888672,3.813249102824738,9.766181945800781,2.0859375,0.3412347725769516
02347,0.8188553121778218,0.40019388133321926,0.23644518852233887,0.4345354437828064,0.6259097456932068,74.13558959960938,3.9041994029954874,12.273406982421875,4.890625,0.50515507358945
02348,0.7926388611995447,0.34988248172832354,0.3163430094718933,0.6217552423477173,0.41956570744514465,76.90887451171875,5.70974636186276,10.891404151916504,3.87109375,0.2911659794360906
02349,0.8919575408938549,0.3665449392271216,0.19327467679977417,0.32268935441970825,0.6417049169540405,75.038330078125,4.737687313361679,15.795880317687988,4.94140625,0.6748759237270618
02350,0.9000149888769688,0.3542725327627708,0.2759474515914917,0.5312774181365967,0.4248623251914978,74.81214141845703,5.656461485333972,12.862771987915039,3.998046875,0.2609637603589137
02351,0.865821499177903,0.4782004670272827,0.27619636058807373,0.44151514768600464,0.6173208355903625,72.76751708984375,3.941413371738174,11.034626007080078,3.97265625,0.3371387220954347
02352,0.6433665550404001,0.35147756033222827,0.32314586639404297,0.49880141019821167,0.3710109293460846,69.76337432861328,5.308667840620327,12.57426643371582,2.44140625,0.45665332371135536
02353,0.7766855116187661,0.373233826673934,0.17093181610107422,0.33809277415275574,0.4466978907585144,71.5613784790039,2.974196453327592,14.365226745605469,4.45703125,0.4147228257082477
02354,0.7287485604537208,0.3110502402226135,0.2201690673828125,0.45713090896606445,0.5242475271224976,74.94730377197266,2.9911784001303285,10.3316650390625,4.95703125,0.4151256300199057
02355,0.7512613798368261,0.3259464153613586,0.27547454833984375,0.5883048176765442,0.4606900215148926,75.41256713867188,3.721014094528503,8.875476837158203,4.5859375,0.30560856918489737
02356,0.9285044020038742,0.5283337534660952,0.20378780364990234,0.2869136333465576,0.4579310119152069,73.35945129394531,3.5294686746320116,13.505107879638672,4.2421875,0.507337975814828
02357,0.7813662203145185,0.42398802663042545,0.16748470067977905,0.31611186265945435,0.6492900252342224,75.36264038085938,2.926609135936703,12.637852668762207,4.99609375,0.5309666583553339
02358,0.8159859778161843,0.34447398404861373,0.3389272093772888,0.5125799179077148,0.5818698406219482,69.89631652832031,7.447631476352056,13.643145561218262,3.94140625,0.8579610449837692
02359,0.8842113753465626,0.36028387610267293,0.3295934796333313,0.5168726444244385,0.518097460269928,74.8915023803711,3.4237816958631497,13.117734909057617,4.859375,0.5066172369794704
02360,0.7834381214246935,0.3573256409063416,0.3675881028175354,0.6153566241264343,0.50306636095047,71.79891204833984,3.8771665410127936,9.052519798278809,4.0234375,0.1963439541932865
02361,0.8764099266497085,0.38125555226532426,0.32735109329223633,0.6128576993942261,0.38995489478111267,54.738529205322266,5.325724969889926,12.079733848571777,3.861328125,0.6177053270932539
02362,0.8866777943231572,0.7097430208911074,0.6385247111320496,0.8291010856628418,0.6048169732093811,67.32158660888672,3.0327842965213074,2.0146381855010986,4.1171875,0.25871495097387437
02363,0.7986662004117692,0.3500761870770244,0.40440309047698975,0.5340177416801453,0.2610085904598236,66.53202056884766,7.439265831918898,10.619668960571289,2.55078125,0.2633562032344307
02364,0.8183341079745501,0.48753925302331796,0.24251121282577515,0.41751837730407715,0.6524648666381836,76.81670379638672,4.645569780880441,11.214778900146484,4.9296875,0.5266840939556173
02365,0.6494654730133921,0.2645939647798,0.2983033061027527,0.6306686401367188,0.5981625914573669,70.8955307006836,4.419387787051633,12.097112655639648,4.0546875,0.3814186142844812
02366,0.8674947499038278,0.35674477942657623,0.293870747089386,0.6827152967453003,0.36190205812454224,73.56678771972656,6.94306642005182,9.693597793579102,4.078125,0.2847265139457849
02367,0.8785867345491346,0.39769642540020805,0.3253065347671509,0.6349273920059204,0.37354961037635803,71.48383331298828,3.3053047739380608,9.938417434692383,3.060546875,0.2145842164664125
02368,0.6028952498753815,0.24724633925100428,0.37223029136657715,0.7014792561531067,0.5609524250030518,68.29530334472656,6.214068279342188,11.610613822937012,4.31640625,0.5522992943560672
02369,0.8390055950279007,0.3761068440878626,0.21794885396957397,0.4893489181995392,0.5604748725891113,72.38196563720703,3.2818325643471935,13.519001007080078,4.59765625,0.3459687342384452
02370,0.8390320299021669,0.4453172205438066,0.23521119356155396,0.4405047297477722,0.5441798567771912,76.11766052246094,5.273729699827557,13.033620834350586,4.5234375,0.6021915630193416
02371,0.6840771077712169,0.24208723831268067,0.19517415761947632,0.4422496557235718,0.6716033816337585,76.02247619628906,5.359527008337365,12.348291397094727,4.984375,0.3678365981886523
02372,0.6702327072038651,0.3781874379070538,0.20357072353363037,0.3137754201889038,0.6471272706985474,73.53700256347656,4.183514011109215,14.967399597167969,4.9765625,0.6502827316548818
02373,0.860068967257518,0.3384857451925226,0.3898888826370239,0.583683967590332,0.4422525465488434,66.91754913330078,5.438880619365468,11.193132400512695,2.80859375,0.2348235538621642
02374,0.8099626461952305,0.3038456736171807,0.4996402859687805,0.7709689736366272,0.33961230516433716,67.61894226074219,7.849053221084797,12.250547409057617,2.654296875,0.16900912074172175
02375,0.7217045739576657,0.27516194527699894,0.33287298679351807,0.4867982566356659,0.5706017017364502,70.04960632324219,5.673308169155877,18.40083885192871,3.099609375,0.5274054276648323
02376,0.8733145537253538,0.40669261454480854,0.3601548671722412,0.3779545724391937,0.4621199667453766,73.83756256103516,5.17361048964382,10.086506843566895,3.30859375,0.5332598815738695
02377,0.8358456807767536,0.37895779074022257,0.24684476852416992,0.5213277339935303,0.5499045848846436,73.26238250732422,3.5645737451841892,8.419487953186035,4.91796875,0.3721062525476034
02378,0.8755618083554406,0.4927268054484708,0.2430485486984253,0.2957209348678589,0.4632737934589386,76.44007110595703,5.641297133202362,14.13593864440918,4.3203125,0.74459830592554
02379,0.8183371169419633,0.3604295927687317,0.32759231328964233,0.6375766396522522,0.39907318353652954,68.76520538330078,5.2391654312724,5.252867698669434,3.06640625,0.41548289910681324
02380,0.8377852726495479,0.3436642132484583,0.31778520345687866,0.5039153099060059,0.5237334370613098,70.63091278076172,4.437967272310775,10.764162063598633,2.90625,0.24135606517921793
02381,0.7741824884090813,0.35979243254721366,0.30525439977645874,0.4618104100227356,0.4182741940021515,74.84893035888672,2.940014061739535,7.0612568855285645,4.0546875,0.2553194101192347
02382,0.8150295026401633,0.3661951219512195,0.2776615619659424,0.5342869758605957,0.5782431364059448,77.7257308959961,2.9537464729301672,11.40865707397461,4.98046875,0.2119524919345449
02383,0.8210023145050396,0.32087381464890335,0.31007224321365356,0.5039685368537903,0.655923068523407,73.51588439941406,4.833307333928865,12.471827507019043,4.28515625,0.3461662735318743
02384,0.8280746020489416,0.39473893981666003,0.21541595458984375,0.3769283890724182,0.42046642303466797,69.4748306274414,3.005239027528756,9.45606803894043,4.0546875,0.3377427311343434
02385,0.7878996530498052,0.4285940803382664,0.25029557943344116,0.38265639543533325,0.6288187503814697,73.66294860839844,3.9194255624253036,12.363885879516602,4.91015625,0.5994498092153171
02386,0.7191479325753675,0.37638224553823996,0.2821502089500427,0.46696823835372925,0.4631197452545166,72.17652130126953,5.49948335073807,12.26748275756836,4.1640625,0.48458855703213455
02387,0.7818475444110005,0.32678504905004346,0.23355811834335327,0.46408653259277344,0.5267565250396729,73.78228759765625,3.1011520880085057,13.570411682128906,4.75,0.432860515202386
02388,0.8203419183902706,0.34175599181018906,0.26312255859375,0.5007054209709167,0.6100823283195496,73.93762969970703,3.8692322293285684,12.58717155456543,3.578125,0.4591587335960448
02389,0.8226783984454263,0.3892457331620481,0.2788413166999817,0.4970764219760895,0.44791945815086365,70.90925598144531,3.6561105177672086,13.356929779052734,4.265625,0.32428112086253924
02390,0.7996964986249937,0.4113315429264489,0.32465964555740356,0.6066680550575256,0.4412374496459961,75.33364868164062,3.938081552186847,10.228161811828613,3.88671875,0.45182590642361653
02391,0.7825031602849778,0.3543298150039723,0.33758169412612915,0.6259098649024963,0.3570318818092346,68.45111846923828,4.043563713891323,12.827177047729492,4.046875,0.4154235317871054
02392,0.8254603359038025,0.3981440026049086,0.23687583208084106,0.4382537603378296,0.6030503511428833,71.42373657226562,2.898883078039863,9.021984100341797,4.95703125,0.3743695608958541
02393,0.7768023236116531,0.41544474155916666,0.20464462041854858,0.42919591069221497,0.5812374949455261,72.61959075927734,2.5304946601842815,12.479681015014648,4.9453125,0.5265340309341632
02394,0.7975938415673371,0.33155824218000385,0.27014774084091187,0.5052738785743713,0.32068854570388794,74.00788116455078,3.09589614110043,11.949006080627441,3.298828125,0.30578747416303564
02395,0.7767121382528116,0.48554018763903667,0.3759169578552246,0.6362868547439575,0.36165907979011536,64.45018768310547,6.159603252106559,12.248183250427246,2.912109375,0.48099954782534
02396,0.8223322503317981,0.38072787427626137,0.23257941007614136,0.5664973855018616,0.6428343653678894,74.45286560058594,3.7279626526237712,9.63502311706543,4.67578125,0.41888635926454826
02397,0.8327384787013917,0.5726763056948952,0.1979682445526123,0.38073962926864624,0.5380412936210632,74.91145324707031,5.389696845438409,15.68476676940918,4.0703125,0.7101888337991168
02398,0.8721803251764845,0.33569933943297914,0.344584584236145,0.6365094184875488,0.6159881353378296,73.47674560546875,5.495522345736051,8.180095672607422,4.3125,0.3798386198148474
02399,0.8149692645827774,0.42499192927562146,0.1960810422897339,0.31954681873321533,0.3914698660373688,68.36461639404297,3.1447096364553624,12.933218002319336,3.75,0.5300763510257025
02400,0.8013194617545292,0.4134686714071179,0.24117964506149292,0.4251967668533325,0.5579274296760559,74.21466064453125,3.6583791787347977,10.709124565124512,4.09375,0.3562535288932267
02401,0.7211609005370132,0.2687891253800751,0.4263263940811157,0.7711743712425232,0.35741326212882996,69.83524322509766,8.293269384984107,12.413629531860352,1.9609375,0.2772662648990612
02402,0.6796793175693631,0.31530722242184694,0.18133270740509033,0.27416953444480896,0.5645878314971924,75.00408935546875,4.9866644075374955,16.041805267333984,4.96875,0.6636655641412604
02403,0.7389558169630008,0.3292120435618193,0.32445573806762695,0.6821936368942261,0.4797464609146118,70.8869400024414,4.741168944114726,9.765122413635254,3.595703125,0.3629516816431245
02404,0.4677539333921261,0.2277321717764003,0.42218905687332153,0.8614857196807861,0.3825738728046417,63.4959602355957,5.579804312535467,7.369438171386719,1.486328125,0.49030707683109276
02405,0.7373095019636733,0.27213556800483507,0.3093861937522888,0.48397383093833923,0.5236431360244751,73.70507049560547,3.664610870947222,12.177046775817871,4.2265625,0.1844260687037266
02406,0.7534644921223367,0.3496927522077076,0.2369709610939026,0.5626283884048462,0.5449807643890381,72.9772720336914,4.5557619072745865,9.022239685058594,4.8984375,0.3783188718190601
02407,0.9095737991987783,0.35306783735758335,0.3216218948364258,0.5459204912185669,0.5830597281455994,75.184814453125,4.627965295339058,8.48922348022461,4.49609375,0.2441071429287156
02408,0.8096038512313996,0.34699787182081426,0.21957802772521973,0.4101880192756653,0.44211098551750183,70.63368225097656,2.794584922779131,10.475709915161133,4.125,0.30688307671241205
02409,0.7104601387382745,0.3309425487212925,0.2510926127433777,0.5474910736083984,0.5612175464630127,70.12366485595703,6.076269124727002,14.378679275512695,4.41015625,0.5193358917350807
02410,0.8109846507819003,0.36695756633572413,0.3193628787994385,0.6242222189903259,0.514204204082489,73.1954574584961,3.4833856688491736,4.889523506164551,4.41796875,0.23408040497613927
02411,0.8117181503198055,0.42110938869043607,0.2198704481124878,0.47900059819221497,0.42950108647346497,72.00770568847656,4.210836301321031,10.078489303588867,4.89453125,0.5646622836134394
02412,0.6982891196213481,0.3232027340412547,0.2736329436302185,0.4867894947528839,0.5001742243766785,68.86741638183594,4.885607633060889,12.893415451049805,4.00390625,0.4601385193749434
02413,0.7977488994420442,0.4678650161098864,0.26807695627212524,0.3243333101272583,0.4604010581970215,67.76924896240234,5.202530032630302,18.246625900268555,4.18359375,0.5775427990984402
02414,0.8451259840600864,0.32706975158720014,0.3365830183029175,0.592621922492981,0.49295881390571594,71.94255065917969,5.276390060285145,12.42668342590332,3.85546875,0.390874111680229
02415,0.8271072883567563,0.33605236406912453,0.25107717514038086,0.44623708724975586,0.5691950917243958,72.15928649902344,4.690175076611733,16.50312042236328,4.50390625,0.5020177806085822
02416,0.8074906963896912,0.3762987012987013,0.20111507177352905,0.5262327790260315,0.5535078644752502,66.86197662353516,3.5894044526816353,13.817492485046387,4.40234375,0.5670133861761119
02417,0.820403086900942,0.4224104002945396,0.28319448232650757,0.35564061999320984,0.6330389976501465,74.12589263916016,4.088674819537647,12.717336654663086,4.7734375,0.33424943534977375
02418,0.8326244888419362,0.39826338639652675,0.27078986167907715,0.4549078941345215,0.6263124346733093,73.39361572265625,3.779298030383647,10.735301971435547,4.734375,0.21912322535824655
02419,0.3028047774692948,0.13981748202657887,0.28824102878570557,0.5234763622283936,0.5248047709465027,75.76426696777344,3.9766089556111073,12.011876106262207,4.859375,0.3917489693211714
02420,0.7885139259321166,0.3260679839774431,0.31876158714294434,0.5201716423034668,0.4156769812107086,72.095703125,4.251956825814061,8.733323097229004,4.31640625,0.2109296137273619
02421,0.754472738201533,0.404394960445356,0.2816041111946106,0.5148493051528931,0.519315242767334,70.80305480957031,2.7002117184377665,9.611614227294922,4.6640625,0.2830903183438018
02422,0.6602660872656712,0.2621197796107326,0.34674012660980225,0.726835310459137,0.554375171661377,70.92576599121094,4.515526691363952,9.62459945678711,4.015625,0.3336751295691456
02423,0.7845157809214361,0.31754605483219567,0.19381111860275269,0.44046738743782043,0.3896455764770508,74.79169464111328,4.030570157599554,15.309097290039062,3.158203125,0.38611789088788195
02424,0.8633790142743809,0.5011838989739542,0.2233964204788208,0.47442176938056946,0.649064302444458,71.15043640136719,4.868842403831437,12.010222434997559,4.77734375,0.558444392035943
02425,0.8345262498806439,0.3436540597034424,0.25487250089645386,0.4607757329940796,0.5823802351951599,74.45680236816406,4.155135154806385,13.312321662902832,4.71875,0.28784109851715617
02426,0.8568670507347774,0.3424864739077317,0.2985984683036804,0.568638026714325,0.4439803659915924,72.2256851196289,3.744456572620886,11.876002311706543,3.779296875,0.24567012678973094
02427,0.7151942540956543,0.4313477356955618,0.2584574818611145,0.5855857133865356,0.5931988954544067,69.68705749511719,5.3444257498605525,8.916988372802734,4.80859375,0.5084990222408924
02428,0.4955769352654002,0.2274349224919567,0.28920644521713257,0.5886839628219604,0.5039557218551636,72.77864837646484,4.752251393108254,9.656678199768066,4.52734375,0.4535647783264904
02429,0.7642512987372443,0.30691369866471463,0.32617056369781494,0.5698585510253906,0.48228898644447327,73.0521240234375,4.840708982530334,8.746138572692871,4.55078125,0.2460586162715607
02430,0.6096296739180355,0.24329065076302403,0.3537570834159851,0.5538928508758545,0.44269314408302307,64.1954116821289,6.641654766948621,15.353784561157227,2.5390625,0.38453794529055446
02431,0.8876502074073791,0.3911371237458194,0.26355481147766113,0.4321935772895813,0.5827060341835022,75.05659484863281,4.23376167939924,12.88915729522705,4.0390625,0.5480084729532855
02432,0.7496904664768463,0.3098657630652939,0.34384602308273315,0.5725877285003662,0.3904817998409271,71.16748809814453,6.196906279734472,11.149474143981934,3.34375,0.38928517318528444
02433,0.8549732477511748,0.33749328237893356,0.2558888792991638,0.5037146210670471,0.6262316703796387,72.2825927734375,4.168705976132492,14.400846481323242,4.65234375,0.41469323612575415
02434,0.7057506325935708,0.25257731958762886,0.41699135303497314,0.7227687239646912,0.37526723742485046,54.89315414428711,7.576274784717899,12.417288780212402,3.044921875,0.25342983234592326
02435,0.8192164741728738,0.45152390118703883,0.2582395672798157,0.3896901607513428,0.6444475650787354,73.2276611328125,3.751865926830596,11.698708534240723,4.78515625,0.56722377723689
02436,0.7666987057695507,0.4164071536613578,0.24119168519973755,0.47014251351356506,0.3244374394416809,71.42770385742188,3.9581847341300063,12.026617050170898,3.974609375,0.5595345537215011
02437,0.7978082647443889,0.3112708947885939,0.3233932852745056,0.6861076354980469,0.4481111764907837,71.47294616699219,5.129590024613567,10.924314498901367,3.875,0.36551967459671664
02438,0.3089972588585042,0.14047857337821854,0.4209578037261963,0.5687593221664429,0.24755440652370453,57.77553176879883,5.7908596316590675,12.443617820739746,1.93359375,0.3834383617992283
02439,0.8176496907115491,0.3675169182717335,0.2763946056365967,0.5313383936882019,0.36606356501579285,68.1360855102539,4.090823087982104,13.07752513885498,3.939453125,0.31113405671105876
02440,0.7444811566949253,0.2693913092860591,0.47095322608947754,0.6782317161560059,0.5592364072799683,74.32015991210938,5.188153068879829,7.808470249176025,3.90234375,0.12532335690660565
02441,0.8010240248492856,0.3669406699099704,0.23056024312973022,0.47216692566871643,0.5147586464881897,69.38790130615234,4.424327306233,15.725411415100098,4.578125,0.5126539420016644
02442,0.8412893298835977,0.33115713642503375,0.31929218769073486,0.4597424864768982,0.6683821082115173,74.05772399902344,5.910048760947325,13.148618698120117,4.484375,0.5588660395229017
02443,0.6366322539192218,0.2858614852432472,0.3206804394721985,0.5906321406364441,0.6241530179977417,72.20230102539062,4.56850322149034,11.68514347076416,3.73828125,0.402670202346204
02444,0.7865856308591033,0.34235965637191784,0.3707561492919922,0.6144331097602844,0.5570244789123535,74.74259185791016,3.906229472112729,9.326570510864258,3.93359375,0.3531931433360142
02445,0.823171675038324,0.3981052951784977,0.21035069227218628,0.35426563024520874,0.6116611361503601,73.39295196533203,3.60876640326373,13.368958473205566,4.66015625,0.5206309303057282
02446,0.7569857760148814,0.3071727992547741,0.24844390153884888,0.6198986768722534,0.6132777333259583,75.72914123535156,4.272657449032411,8.918859481811523,4.95703125,0.39012389172608397
02447,0.7113694956561345,0.3566950500608216,0.1988210678100586,0.4040340185165405,0.5127720236778259,73.01293182373047,4.185496461198256,17.28240966796875,4.3203125,0.5849557850282184
02448,0.675887196521283,0.3213803626973414,0.22086238861083984,0.47213900089263916,0.3596564531326294,74.44537353515625,3.4823403996802456,13.254517555236816,4.46875,0.44095963222151746
02449,0.8822537934817044,0.47035260142531093,0.23977422714233398,0.42437049746513367,0.5983747243881226,74.41177368164062,5.475711451313008,12.384620666503906,4.8515625,0.6689417319491309
02450,0.7808745461399108,0.34101610904584884,0.3956592082977295,0.6969448328018188,0.25331464409828186,66.67103576660156,7.013398330943943,14.541648864746094,3.28125,0.3518186484270839
02451,0.566121355410734,0.23312527217302947,0.3009788990020752,0.5188432335853577,0.49349284172058105,68.47791290283203,4.816817301546827,12.966007232666016,4.75,0.41202045848631863
02452,0.6200022961912453,0.256520004352715,0.22578823566436768,0.45570069551467896,0.607153058052063,71.62377166748047,4.324878017110074,13.460282325744629,4.68359375,0.5008074546140485
02453,0.8438120259526429,0.42408258181611935,0.19544905424118042,0.4010794162750244,0.5251244306564331,74.22730255126953,3.2794008935783765,11.729279518127441,4.55859375,0.5686826423925291
02454,0.8014472656116091,0.3987030751304524,0.23459947109222412,0.39201992750167847,0.6402110457420349,75.88737487792969,5.243231058180677,9.287824630737305,4.9296875,0.5154424505442906
02455,0.5233353407032671,0.20204583910167667,0.5466451644897461,0.6954470872879028,0.36656057834625244,67.87091827392578,5.609849148243439,9.783080101013184,2.451171875,0.2520607155487555
02456,0.7061232706202019,0.3524274718768502,0.2124919891357422,0.47179919481277466,0.5144067406654358,75.23448181152344,3.637338930168024,13.530618667602539,4.921875,0.4013892015641527
02457,0.6831221043684473,0.27362630932178594,0.36108291149139404,0.5031489729881287,0.31039440631866455,65.00896453857422,6.871606310257186,10.491827011108398,2.76171875,0.21887937528132587
02458,0.8493109332261586,0.4254403741231489,0.2406941056251526,0.40334752202033997,0.47547876834869385,70.08560943603516,3.7493301092037554,12.297869682312012,4.30078125,0.6385008744526867
02459,0.8120562367615191,0.3626297944479763,0.40340059995651245,0.7525017857551575,0.2586634159088135,65.15077209472656,8.306105785426581,12.670602798461914,2.392578125,0.38048662877488876
02460,0.8247735834994753,0.463326482885692,0.20546972751617432,0.35199660062789917,0.5106151700019836,75.44384765625,3.076535234657661,11.750279426574707,4.84375,0.4898846393464879
02461,0.7721331054297116,0.3628349059852607,0.22498279809951782,0.3600260019302368,0.5799161791801453,73.775390625,2.994302388800568,12.194232940673828,4.87890625,0.37227384480833764
02462,0.8880403857482329,0.39592636967650585,0.34881240129470825,0.484500527381897,0.3597845435142517,71.44988250732422,3.013569019849543,11.209172248840332,3.69140625,0.2812350424920553
02463,0.7972733624648453,0.3108041440552541,0.2536246180534363,0.5092300772666931,0.5725364089012146,75.79969024658203,2.9809924217401895,13.755912780761719,4.9921875,0.38854243659178356
02464,0.786848096319363,0.3208689801018937,0.2799234986305237,0.5655535459518433,0.560943067073822,74.08251190185547,5.859287292856086,14.08658504486084,4.61328125,0.4383893197355029
02465,0.8337026965600716,0.4255871682260836,0.25890976190567017,0.44924575090408325,0.47229254245758057,73.10713195800781,3.179147683189697,9.089035034179688,3.861328125,0.3262961936684433
02466,0.8594626693983575,0.34616236119364724,0.24294734001159668,0.48676782846450806,0.5319066047668457,75.09585571289062,4.178231103023185,13.245755195617676,4.5625,0.3652588461711859
02467,0.8521519759366815,0.4300852618757613,0.1983131766319275,0.3566187918186188,0.573983907699585,76.53849029541016,3.897797650427913,13.607128143310547,4.62890625,0.708605768378543
02468,0.8097756041721935,0.3326401038743824,0.4212794899940491,0.6229075789451599,0.56071537733078,72.52596282958984,6.047233118840097,12.96186637878418,2.99609375,0.2680215175315231
02469,0.6537478555853122,0.38384171475680134,0.22159111499786377,0.405849426984787,0.5402529239654541,71.58479309082031,5.326440660808667,13.864032745361328,4.77734375,0.6592025330614766
02470,0.7813181394340509,0.49225276686897534,0.20977699756622314,0.35923898220062256,0.49842214584350586,65.36540985107422,4.470257883219302,17.19367790222168,3.8046875,0.6064489165755982
02471,0.7560035681093398,0.40488756310234053,0.21744799613952637,0.3490482568740845,0.5889549255371094,73.84201049804688,4.155544265483038,13.555410385131836,4.85546875,0.5993845971901073
02472,0.8029735961007708,0.34837887250708666,0.20625895261764526,0.44718170166015625,0.43333181738853455,71.13046264648438,2.7992632897659675,13.44735336303711,4.23046875,0.3227708929914393
02473,0.7963064958977556,0.30262701441231193,0.3443894386291504,0.6008437871932983,0.3870801329612732,71.77234649658203,6.788862389544745,12.103384017944336,3.8046875,0.21955942128218586
02474,0.5530266150819747,0.38857501569365976,0.3563287854194641,0.6491037011146545,0.5682867765426636,71.1373291015625,10.67413968835443,13.144730567932129,4.484375,0.7810597840084726
02475,0.7404519754585358,0.36771923326233913,0.2510439157485962,0.4914669394493103,0.49362364411354065,75.61453247070312,3.860903481676807,10.761337280273438,3.873046875,0.4222260478644872
02476,0.8822738657563157,0.41703723870889675,0.2044486403465271,0.42763209342956543,0.4126540720462799,75.23963928222656,3.753740648673839,13.464479446411133,3.603515625,0.49688018729365935
02477,0.5843663633698146,0.21942553240263163,0.3491916060447693,0.5201639533042908,0.610378086566925,70.62187194824219,4.699340098474949,14.956920623779297,3.15625,0.45407328616134024
02478,0.8470566443334674,0.4729240895368129,0.2141892910003662,0.4072425961494446,0.5822231769561768,75.72349548339844,3.731400799106577,10.92176342010498,4.9375,0.5241505204268807
02479,0.8261933600449305,0.38469847830170956,0.30237001180648804,0.5631681680679321,0.4215814769268036,71.90608978271484,5.181547772839268,12.437935829162598,3.984375,0.38037076019403154
02480,0.6902736290390005,0.29408425116384695,0.26036882400512695,0.4631892442703247,0.5654558539390564,74.28145599365234,3.1196907819527517,10.891223907470703,4.7265625,0.41340245786429897
02481,0.8163037555428649,0.4226888659132233,0.22000372409820557,0.5017131567001343,0.6235434412956238,72.05329132080078,4.4604931393034315,13.20442008972168,4.47265625,0.5411259903543585
02482,0.8079129734426397,0.3327581957111166,0.34414345026016235,0.6058422923088074,0.659861147403717,76.07742309570312,5.521788839243727,11.991111755371094,4.29296875,0.5146159585299718
02483,0.9782183783909604,0.6413550532904034,0.2902304530143738,0.29621022939682007,0.6353504657745361,73.56375885009766,5.461130334111946,11.605853080749512,4.0703125,0.6662031455974532
02484,0.854538778817244,0.37862227119754593,0.15907394886016846,0.29935792088508606,0.39384064078330994,64.29039764404297,3.084446377148615,15.047741889953613,3.8984375,0.45679356870555704
02485,0.873749813848245,0.388739661179224,0.218508780002594,0.41957569122314453,0.5368150472640991,74.07587432861328,3.387229509823348,10.462093353271484,4.74609375,0.32666488166717234
02486,0.8307206679354129,0.34990261005064277,0.24217140674591064,0.46229347586631775,0.5383847951889038,77.04125213623047,4.385928858451276,10.479254722595215,4.7421875,0.27747379981669107
02487,0.6801045324770267,0.3146488429793914,0.2965397238731384,0.6532944440841675,0.5149426460266113,71.3090591430664,3.3413284239364316,10.866369247436523,4.29296875,0.3458745934162122
02488,0.37492154716166076,0.15876923076923077,0.30242568254470825,0.7161856889724731,0.5485790967941284,69.72650146484375,5.627558316991744,6.074563026428223,4.32421875,0.5252790187013259
02489,0.7718846400952709,0.3846229475961066,0.3224489092826843,0.4943988621234894,0.539750337600708,71.9650650024414,4.761019752523394,10.809370040893555,3.30859375,0.5891449156188531
02490,0.441790538078783,0.17022940563086547,0.29415804147720337,0.6571654677391052,0.5282884836196899,66.10163879394531,4.5163856480465565,13.914962768554688,4.11328125,0.46777766748828725
02491,0.820655226843942,0.4377623445012592,0.2952796220779419,0.6477285027503967,0.3599422872066498,70.66365051269531,7.576941431290484,12.3872652053833,4.05859375,0.3829641636258312
02492,0.8100853934675588,0.4936307240611829,0.27184873819351196,0.43255680799484253,0.5836116671562195,74.68229675292969,3.8318163347468124,10.462738037109375,4.8359375,0.5050477378820466
02493,0.676271649566925,0.26529111713616105,0.27025580406188965,0.40198540687561035,0.6415151357650757,74.65538024902344,4.93464057183572,14.391616821289062,4.96875,0.4605150243082836
02494,0.720446684848591,0.26084732988802756,0.29831236600875854,0.6250686645507812,0.611565351486206,76.33570098876953,5.924034320299029,13.824435234069824,4.359375,0.3538987991772816
02495,0.8946795985195827,0.3753484137544646,0.22908782958984375,0.4186844825744629,0.5483059287071228,75.27655792236328,4.933426061924749,13.654495239257812,4.0703125,0.5267005146544783
02496,0.7818500078268095,0.39119786658926403,0.25190532207489014,0.34866684675216675,0.5850204229354858,72.8997802734375,4.227751520525126,11.475933074951172,4.94140625,0.4312422411924693
02497,0.8297559748947991,0.3904729448294142,0.29808109998703003,0.6499820947647095,0.5280905961990356,71.40448760986328,4.21411121597168,7.010051727294922,4.16796875,0.47342694892080206
02498,0.6677323572716729,0.28918792539097005,0.2588809132575989,0.5211838483810425,0.4978877007961273,73.5501937866211,3.057922259778293,8.11250114440918,3.8359375,0.34553590932660755
02499,0.863452362189692,0.4265326561270477,0.1778375506401062,0.37353071570396423,0.4011644721031189,72.90057373046875,3.6161132775962384,15.330509185791016,3.935546875,0.5832022390024092
02500,0.7674674031668017,0.354769363061237,0.321148157119751,0.49445095658302307,0.48604294657707214,73.56459045410156,4.269227734649033,9.45590591430664,4.34765625,0.44023514727199325
02501,0.42374864433904236,0.17781340173132415,0.28824383020401,0.6436898112297058,0.5838436484336853,69.53234100341797,4.26228661042292,10.978939056396484,4.55078125,0.4239062038862444
02502,0.7944242792003395,0.3559731689433235,0.2249138355255127,0.3674212396144867,0.5729522109031677,71.97109985351562,3.777327959030797,11.28874683380127,4.7109375,0.29745681134179347
02503,0.622551135652042,0.30793057409879837,0.26336491107940674,0.4848114848136902,0.6174748539924622,74.34688568115234,3.831000718172681,9.177156448364258,4.98828125,0.5652873045441705
02504,0.8636671349433829,0.34576583438881164,0.2646954655647278,0.4616794288158417,0.46752655506134033,73.23697662353516,3.558276680828037,13.341848373413086,4.0390625,0.2440332320252471
02505,0.823458871176049,0.33213344862951716,0.25429767370224,0.595591127872467,0.5620752573013306,75.81881713867188,3.587843628889037,9.506584167480469,4.94921875,0.36474526048876366
02506,0.6871982181952413,0.3210085409446885,0.24711841344833374,0.43228718638420105,0.4586687386035919,68.05683135986328,3.9956135643170034,14.59553337097168,4.4296875,0.5053929305041689
02507,0.811422153543191,0.41527975907433823,0.30000919103622437,0.44187015295028687,0.3607524335384369,66.4483413696289,4.8490856500433654,15.11185073852539,3.546875,0.44132964422997295
02508,0.8286255973732563,0.3355357358497076,0.3094707727432251,0.6135766506195068,0.36433765292167664,71.79447937011719,5.453354291017582,11.021757125854492,3.330078125,0.4089665860177615
02509,0.8720590325870256,0.41661982387108865,0.21669667959213257,0.3764494061470032,0.5488382577896118,74.93971252441406,6.3492173622495205,12.220191955566406,4.6171875,0.6438985871467622
02510,0.8194105957669895,0.39276652673340406,0.3024994730949402,0.544521689414978,0.2853562533855438,67.41445922851562,5.595785514468531,17.39246368408203,3.46484375,0.4362300864614649
02511,0.7559591373439274,0.4478518937252685,0.20982134342193604,0.4835245609283447,0.6103708744049072,73.62220001220703,4.575156157959644,13.26594352722168,4.921875,0.7105901210540893
02512,0.5352010522983223,0.26851582075636615,0.31308358907699585,0.5385576486587524,0.5947986841201782,74.03677368164062,4.964795831649855,11.016361236572266,4.80078125,0.5658520068670103
02513,0.6701630554431144,0.30013383894713364,0.2204223871231079,0.3314340114593506,0.6957501173019409,75.8919906616211,7.426522215860265,14.089694023132324,4.69140625,0.716529449819542
02514,0.798810690123522,0.342645781376972,0.3086560368537903,0.511718213558197,0.5717000365257263,76.49449157714844,3.61595504595623,11.525123596191406,4.78125,0.5250493601743015
02515,0.6759092544176414,0.2865047398185443,0.30282139778137207,0.5602443814277649,0.3498249351978302,73.83356475830078,7.637383764911115,16.83755111694336,2.021484375,0.470721050787892
02516,0.6792555780446573,0.26763934799954403,0.27368855476379395,0.5680358409881592,0.4381689727306366,65.5352554321289,6.660255047709357,14.80333137512207,3.58203125,0.5253006522694583
02517,0.8188079481771684,0.40642559661532357,0.3375973105430603,0.4935451149940491,0.4714237153530121,70.9746322631836,4.999944823838323,9.344924926757812,4.1953125,0.4198386143905095
02518,0.7624734740749705,0.36888687899735123,0.22807419300079346,0.4387446939945221,0.5348069667816162,70.9081802368164,2.9950989741822,15.277761459350586,4.77734375,0.4822140356383871
02519,0.8254102628947461,0.3372053041515301,0.3498467206954956,0.5582594871520996,0.5705171227455139,74.59550476074219,4.881698001930316,10.442919731140137,4.37890625,0.3360055774579412
02520,0.800710319466993,0.3271946714326513,0.4146881699562073,0.5259149074554443,0.5101589560508728,73.93891143798828,4.702080574738878,11.998613357543945,3.056640625,0.22184134496239655
02521,0.8507556749232136,0.4065231694708149,0.19889342784881592,0.5769579410552979,0.4984550178050995,76.4162368774414,3.6735064553287713,9.230758666992188,4.94140625,0.526539239970557
02522,0.7900603196507144,0.30579310344827587,0.28239506483078003,0.558696985244751,0.5821769833564758,75.32726287841797,4.537224147802618,13.101988792419434,4.40625,0.5210792027812549
02523,0.7658805554104117,0.39107042479723764,0.23697519302368164,0.5191596746444702,0.4184146225452423,69.98390197753906,6.271569101157035,17.03455352783203,4.01171875,0.5148129944288683
02524,0.6205219797631474,0.28913087046562896,0.29743480682373047,0.5756332874298096,0.5730754733085632,70.33045959472656,4.788268249016441,8.658637046813965,4.12890625,0.5184875654571691
02525,0.687703377832369,0.3120210785854142,0.24260300397872925,0.49024805426597595,0.5176407694816589,73.42268371582031,3.468038808850915,10.398828506469727,4.2578125,0.42406221504611663
02526,0.722494898432527,0.36122244488977956,0.2137150764465332,0.4301793873310089,0.5527204871177673,73.70523834228516,3.8772491414609234,10.270864486694336,4.8828125,0.4770782181260474
02527,0.8719862586940645,0.3822069943289225,0.21839410066604614,0.3053004741668701,0.5941152572631836,73.99773406982422,4.703494472016346,12.855843544006348,4.3828125,0.4195674900303072
02528,0.8190281943797871,0.4283169022449222,0.18589681386947632,0.2937648296356201,0.6439746618270874,76.96471405029297,4.3588535417900856,12.089859008789062,4.984375,0.7005943794340487
02529,0.8275343573256915,0.4069726678191071,0.2905299663543701,0.40715280175209045,0.38851284980773926,67.59026336669922,3.5812771797806624,9.852592468261719,4.43359375,0.2771057713453436
02530,0.5237511507458786,0.28407633702949386,0.4689157009124756,0.642498791217804,0.5710726380348206,71.66911315917969,7.780958413546319,11.633978843688965,4.01171875,0.44904546490913266
02531,0.8172890385729112,0.3443935086596662,0.4333559274673462,0.5258314609527588,0.27803343534469604,69.9927978515625,4.982360166767923,12.527852058410645,2.892578125,0.24417638388965482
02532,0.8599432794266954,0.3567520827444003,0.20572227239608765,0.45344796776771545,0.582696259021759,74.46258544921875,4.166308574126348,13.183732032775879,4.7890625,0.4300456844265857
02533,0.6820119605394,0.27602930032836576,0.2680007815361023,0.3348665237426758,0.597819983959198,71.13703155517578,7.082653448519204,11.758447647094727,4.03125,0.580061630552017
02534,0.6493382712260056,0.28017763423496167,0.3527519702911377,0.5676822066307068,0.4736601710319519,66.1185073852539,5.915749034441533,11.757678985595703,3.162109375,0.6156755526885728
02535,0.8245285990063257,0.35966259480660634,0.2955446243286133,0.6152582764625549,0.3465779423713684,66.51008605957031,6.2418643922813635,14.96200942993164,4.30078125,0.4093773053593939
02536,0.7495095306503141,0.41227180527383367,0.2999931573867798,0.8119779229164124,0.44521042704582214,75.40444946289062,6.900158875574427,14.879451751708984,3.775390625,0.6570218096606222
02537,0.6812654871330016,0.2800390979543392,0.3854394555091858,0.6045442819595337,0.26759445667266846,68.98885345458984,6.116555670654474,13.454994201660156,2.185546875,0.28887210628832344
02538,0.790409036545541,0.3037526600098216,0.3591516613960266,0.6292388439178467,0.3283226490020752,72.21595001220703,6.361953908474256,10.70968246459961,2.974609375,0.25226196344843815
02539,0.9315289461921363,0.3817822834795155,0.3183850049972534,0.4456712007522583,0.5288194417953491,73.32440948486328,3.9338125957034675,12.422762870788574,4.453125,0.19866137756724042
02540,0.7324287595370073,0.37632607481853714,0.23224031925201416,0.4433367848396301,0.48982521891593933,73.7984390258789,5.700903592282031,15.41619873046875,4.4765625,0.6681679194576379
02541,0.8275295180791622,0.35073367759087887,0.2600077986717224,0.363879919052124,0.4023861587047577,69.28429412841797,4.174189603130232,13.56589412689209,3.234375,0.3456918339164915
02542,0.79594314492832,0.315884311549259,0.4633752703666687,0.779555082321167,0.399831622838974,67.51338958740234,7.357305433079609,11.034140586853027,2.23828125,0.23348664680220382
02543,0.8008118910353512,0.3158119051001563,0.32786422967910767,0.6073198914527893,0.6233841180801392,72.74347686767578,4.639677007980686,12.014261245727539,4.703125,0.4592484036042208
02544,0.6534431114684539,0.3264210944746257,0.20367854833602905,0.36645424365997314,0.5756223201751709,75.02820587158203,5.167157450099086,13.171258926391602,4.8125,0.5799037870791153
02545,0.821593744375217,0.5023063850449138,0.2807294726371765,0.5055776238441467,0.4087662994861603,68.12474822998047,4.789235820750562,11.630581855773926,4.1015625,0.595112684498442
02546,0.892744382190659,0.47374770990660886,0.27973222732543945,0.7223320603370667,0.5456327199935913,62.8026237487793,4.602725351914565,12.556571006774902,3.947265625,0.5239611488534479
02547,0.8930652496662075,0.3702721164079999,0.27233874797821045,0.4266303479671478,0.34772244095802307,68.17935943603516,4.565391914537709,11.779544830322266,3.494140625,0.2859549834376715
02548,0.7605885893279626,0.29684342554525817,0.3152933716773987,0.7058707475662231,0.5271543264389038,72.65406036376953,5.272146278495031,9.208460807800293,4.31640625,0.2462285205995259
02549,0.8269098552761323,0.4291526623032018,0.25339245796203613,0.4384846091270447,0.5783843398094177,75.22846221923828,3.8451773849157744,9.129024505615234,4.9765625,0.47258896479940077
02550,0.7917133027147119,0.35697514371305966,0.2602510452270508,0.5318004488945007,0.6620297431945801,72.35990905761719,3.940892423546402,10.739019393920898,4.9296875,0.424855895410457
02551,0.8213013864250982,0.38988672093724425,0.17756766080856323,0.425077885389328,0.6035426259040833,74.25482177734375,4.55548730686109,12.802790641784668,4.9765625,0.5367027591798167
02552,0.857208567002041,0.39624086731086494,0.24547892808914185,0.5193554162979126,0.3293493986129761,70.12033081054688,3.747941709816047,14.298815727233887,4.109375,0.5253753191498957
02553,0.8311183804879753,0.3662748464637126,0.21102339029312134,0.4407805800437927,0.5859519839286804,74.20465087890625,4.139191874032831,12.606736183166504,4.9609375,0.35210569153788895
02554,0.812298741945215,0.303614916803853,0.3880913257598877,0.6887109279632568,0.4403149485588074,74.25460052490234,8.768991636464829,11.252897262573242,3.458984375,0.3290803808325876
02555,0.770881648600958,0.3752594789239568,0.3111572861671448,0.7221238017082214,0.3919139802455902,76.51390838623047,5.848166797724907,8.963604927062988,3.240234375,0.494766113848331
02556,0.8904241327458394,0.34375904486251807,0.2906811237335205,0.5733290910720825,0.5306269526481628,75.71131134033203,4.6985441915001696,14.58269214630127,4.203125,0.3496954672487392
02557,0.6327110518624862,0.3750503018108652,0.43106597661972046,0.7521651983261108,0.33532166481018066,53.74781036376953,5.301479605582457,8.188068389892578,2.17578125,0.49444213168003565
02558,0.5802530569246527,0.32152471196295895,0.22840410470962524,0.39796149730682373,0.6018404960632324,73.85166931152344,4.4762851006004345,15.862770080566406,4.97265625,0.6245108077446638
02559,0.8049070464519761,0.42174668824551936,0.3021014928817749,0.6740661263465881,0.4160263240337372,69.9219970703125,6.643474303078274,11.788864135742188,2.076171875,0.628542359945883
02560,0.7088229572916058,0.3495118020665466,0.2845305800437927,0.57524573802948,0.2905573546886444,62.02873992919922,5.723391282487949,16.52484130859375,2.888671875,0.45557652862449494
02561,0.6226396205141804,0.2917095875777345,0.2808762192726135,0.4268398880958557,0.5775486826896667,65.01412963867188,6.556715501711508,17.997638702392578,4.921875,0.4377488304738499
02562,0.8608928079539604,0.3487629375622847,0.2735915780067444,0.5008396506309509,0.4650368392467499,72.47469329833984,3.77008965998777,11.619562149047852,4.46484375,0.20996949253366515
02563,0.369704055297893,0.18297776272717012,0.28073829412460327,0.45217564702033997,0.5280258655548096,66.02285766601562,4.51885222186288,17.849729537963867,4.62109375,0.37588938958598744
02564,0.5762659692917067,0.25826741019323046,0.36913806200027466,0.5152701139450073,0.5258556604385376,68.56825256347656,4.795533124931613,13.222445487976074,4.9296875,0.3396374069997105
02565,0.7576518271874337,0.31098830855516835,0.24628448486328125,0.35640767216682434,0.615238606929779,78.02568054199219,4.648604073707019,11.092531204223633,4.9765625,0.578995435844646
02566,0.8968936195939332,0.4479377882751398,0.21113723516464233,0.38039782643318176,0.5408307909965515,76.28986358642578,3.970697732136375,11.607851028442383,4.14453125,0.43207255057583743
02567,0.6719791304137579,0.247002867573388,0.34933072328567505,0.5481664538383484,0.5532597303390503,74.74969482421875,2.891572003920659,13.24370002746582,3.94140625,0.23242860730375045
02568,0.8086927896311041,0.3722898264253505,0.3159145712852478,0.6496434211730957,0.3926585018634796,62.28730010986328,4.2610811454657105,14.577047348022461,4.13671875,0.4066001557945652
02569,0.7169930782977235,0.34087309130076665,0.29647505283355713,0.6563742160797119,0.35999003052711487,69.9554214477539,5.742760248290067,10.034150123596191,3.5234375,0.39724877624001315
02570,0.8843714440739876,0.35418875927889715,0.35884416103363037,0.5293406248092651,0.6522130966186523,76.48133087158203,4.6046063117743605,11.636033058166504,4.84375,0.49964565295230046
02571,0.7906891624523661,0.3295844956687711,0.3229420781135559,0.5647653341293335,0.3964875340461731,67.7274169921875,6.453094535464937,15.82398796081543,2.734375,0.4952229767150867
02572,0.8272790781712717,0.47294327702238703,0.2074817419052124,0.3609181046485901,0.6606703400611877,73.86325073242188,5.727443201370174,15.264972686767578,4.32421875,0.6865343938063251
02573,0.8662966698622385,0.3652097646542903,0.3023630380630493,0.6247738003730774,0.5637736916542053,74.82372283935547,4.031640353201765,10.175046920776367,4.33984375,0.39688009063733715
02574,0.781592739121151,0.3509174954475417,0.2804027795791626,0.40669000148773193,0.3630336821079254,63.67531967163086,2.873410906206752,11.335138320922852,3.38671875,0.3068722399847177
02575,0.8435644015773249,0.34748745600239644,0.3910866379737854,0.6332347393035889,0.35430940985679626,72.9662857055664,5.415348708521051,9.9357328414917,2.33984375,0.3026833169691265
02576,0.8087290023790226,0.5262390670553936,0.15168511867523193,0.16552025079727173,0.632090151309967,73.10064697265625,5.76826686260127,16.679061889648438,4.9375,0.7888051836597383
02577,0.6667369839117475,0.3389115030906076,0.33188676834106445,0.8064401149749756,0.5237744450569153,69.1092300415039,4.3524465440252555,11.799735069274902,4.79296875,0.5048902953156454
02578,0.8212898646816492,0.3288049329548791,0.2994268536567688,0.5386308431625366,0.42212536931037903,74.10804748535156,4.738651941473817,14.303878784179688,3.830078125,0.25435426645292475
02579,0.835499565991058,0.34669766378291855,0.4688686728477478,0.773638904094696,0.4379498064517975,71.77897644042969,4.909096810803597,7.6140923500061035,3.048828125,0.29285917636183845
02580,0.802329812460249,0.35020550644670906,0.23497158288955688,0.5700153112411499,0.3974692225456238,69.61266326904297,3.4535042084979324,15.110618591308594,4.4453125,0.4221218149184424
02581,0.5829927385201708,0.2667462211614956,0.3063275218009949,0.5229513049125671,0.5876133441925049,64.79694366455078,3.8696441644163393,13.951532363891602,4.3125,0.5570085927693444
02582,0.9183720286450484,0.35020846683913637,0.3567986488342285,0.6094623804092407,0.48374828696250916,74.77651977539062,4.73559510239066,11.98635482788086,4.31640625,0.2236303582988258
02583,0.8775242840135921,0.4847107094341715,0.15885502099990845,0.3005628287792206,0.5358816385269165,73.19530487060547,3.418007549803079,14.069253921508789,4.95703125,0.6232966754950202
02584,0.8500266787138153,0.41594498217014775,0.21064597368240356,0.4048081934452057,0.6440083980560303,75.62214660644531,3.8153758935932034,8.609505653381348,4.98046875,0.49089839647374056
02585,0.8665911566996449,0.4129996901146576,0.2462751865386963,0.5051128268241882,0.45163464546203613,74.8454818725586,4.569952227734694,12.3307466506958,4.078125,0.6182760107490318
02586,0.8463713443642947,0.39374699374699373,0.29055333137512207,0.583864152431488,0.5978937745094299,70.38523864746094,4.724215353685278,11.353919982910156,4.59375,0.6217664060438433
02587,0.7732386087268318,0.39639552814186585,0.40930694341659546,0.6072003245353699,0.36703890562057495,70.28446197509766,5.509592858955964,9.963441848754883,3.86328125,0.3753333807981401
02588,0.7388169757697681,0.3116959165044865,0.45083242654800415,0.6825318932533264,0.31340712308883667,67.83495330810547,5.819153603017929,7.9506707191467285,2.80859375,0.282100925094472
02589,0.7987553892907264,0.40570620969878984,0.2596043348312378,0.5144298076629639,0.6432068347930908,75.39056396484375,5.5449822251926095,8.319626808166504,4.91015625,0.5298129529477393
02590,0.846233508949121,0.36344034499281264,0.20101815462112427,0.4484879970550537,0.48692867159843445,74.8830795288086,3.1204157968303585,7.916634559631348,4.83203125,0.43769614684816455
02591,0.814925933051564,0.3576947550222707,0.28180187940597534,0.4862573444843292,0.694965124130249,73.59844970703125,5.5661665163149685,10.796600341796875,3.943359375,0.5350866422763023
02592,0.8235987264635047,0.3771080803636897,0.31539493799209595,0.5911849141120911,0.286434531211853,69.8967056274414,7.59240123731698,12.279899597167969,3.771484375,0.31886019948322136
02593,0.5418792225229014,0.25650888961861423,0.23689496517181396,0.4980980455875397,0.5141432285308838,65.49260711669922,3.9670839100917257,14.194791793823242,4.8828125,0.43341772074024715
02594,0.7851114690764492,0.2988341886840271,0.39499878883361816,0.622236430644989,0.5860402584075928,75.44842529296875,3.790158204825717,12.117799758911133,4.81640625,0.41879552293894634
02595,0.7769040791986674,0.35557988803136537,0.32521986961364746,0.5912508368492126,0.30104196071624756,63.983802795410156,4.348637537703777,11.238614082336426,3.30078125,0.34104288919882947
02596,0.8172447006376664,0.32991375397185657,0.27513641119003296,0.5427930951118469,0.5749649405479431,72.05459594726562,3.7704847893228837,12.160649299621582,4.52734375,0.47319486136646266
02597,0.7227859355859321,0.4447101016138673,0.21363186836242676,0.39565902948379517,0.4657784700393677,66.0904312133789,4.562025104083661,17.3631649017334,3.923828125,0.7574647278180324
02598,0.864066508871376,0.3821713824989292,0.27354544401168823,0.5029222965240479,0.5270903706550598,71.91458129882812,5.6120189105002565,12.262240409851074,4.8359375,0.32453174824218906
02599,0.7624105379014557,0.3681639461455975,0.29188549518585205,0.495370477437973,0.5984216332435608,74.626953125,4.841109919073177,11.771987915039062,4.93359375,0.6150887284175454
02600,0.881611530553158,0.4068427990142702,0.2508748173713684,0.5302069187164307,0.5190409421920776,73.91995239257812,3.8120485434174882,11.534052848815918,3.904296875,0.5383019632661498
02601,0.7138193528360823,0.28186514030434173,0.3488895297050476,0.6249478459358215,0.3380400240421295,69.40711975097656,4.515339085781328,12.227803230285645,2.826171875,0.21151932344971033
02602,0.8448305521842548,0.43046537464510554,0.2708229422569275,0.37166106700897217,0.5470411777496338,73.24835968017578,3.458264408134032,8.802790641784668,4.75390625,0.2736924227435057
02603,0.8293424673082347,0.339549657655114,0.30623435974121094,0.5494202375411987,0.3940809667110443,71.93868255615234,3.5883550758384954,9.21117877960205,3.96484375,0.24477197599886336
02604,0.8065892111411151,0.3481430371392572,0.2586706280708313,0.46718209981918335,0.5306622385978699,75.05386352539062,3.6031494289954846,11.154936790466309,4.828125,0.35069429007210917
02605,0.7279597387548776,0.36751908600715394,0.2557743191719055,0.5599756836891174,0.5698575973510742,74.91358184814453,3.943679509721494,12.702980995178223,4.92578125,0.521172287577642
02606,0.8495460577594716,0.4697012293301301,0.28358638286590576,0.4288458824157715,0.5673872828483582,75.2842025756836,4.018753746464205,7.655303955078125,4.8671875,0.4158357327169872
02607,0.7827669281196709,0.3892755352290051,0.18318676948547363,0.3830634355545044,0.681390643119812,76.1151351928711,3.7040181812930477,12.072428703308105,4.9609375,0.4488955607166308
02608,0.9223931965815473,0.37910130284498805,0.20193201303482056,0.2965945899486542,0.6218810081481934,74.97234344482422,4.866037734520605,14.979697227478027,4.984375,0.5800565746333591
02609,0.8706579456385158,0.36661826956503957,0.31542301177978516,0.5384637117385864,0.5737994909286499,70.58622741699219,3.9125947494648092,10.637551307678223,4.7265625,0.32289496560231473
02610,0.8366318849764296,0.4236175788949295,0.17674392461776733,0.3152051568031311,0.4329018294811249,73.11984252929688,2.8300932128814447,14.571273803710938,4.1640625,0.5010768611602059
02611,0.6916286915566622,0.3056914990030814,0.26675838232040405,0.42253315448760986,0.5299501419067383,69.32810974121094,4.117372168307806,10.619277000427246,4.375,0.35893338906811595
02612,0.7963600093145382,0.37494743611942516,0.40952324867248535,0.5734702944755554,0.319388210773468,60.7964973449707,4.2707733305557545,10.288008689880371,2.05078125,0.32798278694707395
02613,0.9209023617302831,0.39756718711382855,0.2661280632019043,0.4930540919303894,0.5873481631278992,74.08872985839844,2.8179365595000427,10.199660301208496,4.6640625,0.29223318414512456
02614,0.7419773751035502,0.3715461493239271,0.19924640655517578,0.3465740382671356,0.5715650320053101,71.49764251708984,3.072647316583634,15.895383834838867,4.05859375,0.6357247469904168
02615,0.650018516137002,0.23858827396359752,0.25995343923568726,0.5185463428497314,0.6904711127281189,72.60182189941406,4.09589521727362,14.635801315307617,4.984375,0.27062893816865485
02616,0.8357254268947043,0.36591466793319083,0.3279423713684082,0.3933058977127075,0.5993673205375671,72.79962921142578,3.9946823333890777,8.595630645751953,4.88671875,0.22731472528616084
02617,0.8523534456291582,0.38432825503912404,0.19591224193572998,0.4068168103694916,0.5338874459266663,75.76718139648438,3.8782331841602247,14.81490707397461,4.86328125,0.6198793689294391
02618,0.7364271206775214,0.33753561253561254,0.2211201786994934,0.37441521883010864,0.5693016648292542,72.16600036621094,4.231831495851978,11.383223533630371,4.56640625,0.45016274234798104
02619,0.7717834035342016,0.4415544518969843,0.1812225580215454,0.44058462977409363,0.5697143077850342,73.50630187988281,4.6310202868186625,9.735546112060547,4.8359375,0.5374248766461145
02620,0.7199079567928315,0.34992071282941933,0.27073192596435547,0.5918329358100891,0.5539355278015137,70.31209564208984,3.257673363761265,11.78276252746582,4.171875,0.5898540833598245
02621,0.634950969253231,0.2441668881211799,0.4124782681465149,0.6379510760307312,0.37716278433799744,75.09932708740234,5.6772173621984185,13.423748970031738,3.42578125,0.17983559870812904
02622,0.7588780168961705,0.3499058925727523,0.22790026664733887,0.4382671117782593,0.6576141119003296,74.63365936279297,3.6784557690674147,12.210289001464844,4.80078125,0.3292514133467516
02623,0.6176282805804952,0.2923915321735485,0.3299880027770996,0.564919650554657,0.4003421366214752,57.76527404785156,4.706613260438823,16.160179138183594,3.08984375,0.4999991626651022
02624,0.7921407640577105,0.36165369752792337,0.24074965715408325,0.5203920602798462,0.5102559328079224,72.72515869140625,3.1461398378972567,11.661715507507324,4.421875,0.4569391357514011
02625,0.826477930557329,0.38778812929186895,0.2521648406982422,0.5260902643203735,0.5341628193855286,74.57229614257812,5.059297950507876,11.260583877563477,3.994140625,0.5341683635462386
02626,0.8111962737389928,0.35358874666899653,0.2690592408180237,0.5819882154464722,0.6088359951972961,75.072021484375,4.200318006183869,11.768644332885742,4.98828125,0.5463344422361939
02627,0.8176516205603529,0.37730760009590025,0.2568196654319763,0.3969218134880066,0.30787962675094604,73.7815170288086,4.6514526141463035,15.567431449890137,3.931640625,0.5666635449770193
02628,0.7586206100510047,0.3870577229956529,0.22137880325317383,0.41725099086761475,0.6287953853607178,77.1810073852539,5.170488504918058,13.39052963256836,4.95703125,0.7144308102456888
02629,0.7730819279061354,0.3459152599721794,0.2093070149421692,0.3833218216896057,0.579243540763855,73.6834716796875,3.748879380255163,10.943942070007324,4.6640625,0.44805922494760536
02630,0.8824491168721345,0.4796118747834123,0.2271912693977356,0.3860805630683899,0.49878546595573425,74.04291534423828,5.335485373771907,11.631356239318848,4.48828125,0.6425868450170544
02631,0.7724011405972248,0.321062491432749,0.30897992849349976,0.5068119764328003,0.4312509298324585,72.86473846435547,4.90877174431819,13.466458320617676,4.4921875,0.35129245040554874
02632,0.8913911786606203,0.33927781528647594,0.3027600646018982,0.5844613909721375,0.6023487448692322,75.82032012939453,4.994805535267403,13.362157821655273,4.02734375,0.4549341682656131
02633,0.7737885380304916,0.3950768575005994,0.2286044955253601,0.4619550108909607,0.41806837916374207,69.92765045166016,2.769459978786195,15.726377487182617,4.1640625,0.4400786066816077
02634,0.8672805158382051,0.5852631578947368,0.27430105209350586,0.3855074942111969,0.5195981860160828,68.673095703125,7.0897360430709275,17.07649803161621,4.8671875,0.8532305341773556
02635,0.6875473532240794,0.25581001486611094,0.23676276206970215,0.5410513877868652,0.6242019534111023,71.87739562988281,4.440527611769977,13.26026439666748,4.85546875,0.3196134737028602
02636,0.8988190049685465,0.36299786368558135,0.27199530601501465,0.5395956039428711,0.531296968460083,74.75287628173828,5.144976168947748,13.562868118286133,4.14453125,0.3073760450290157
02637,0.649611357999318,0.28602748516122134,0.21674716472625732,0.4079233705997467,0.6322159767150879,73.53070831298828,6.3297447019176785,10.915538787841797,4.95703125,0.42410010039213036
02638,0.7333331649054542,0.3426726312603007,0.3841792345046997,0.6156857013702393,0.5076844096183777,71.5801010131836,5.392471611980539,9.732490539550781,4.109375,0.3908962960434443
02639,0.6697763112199813,0.25059514634605834,0.3994274139404297,0.6400116682052612,0.5053812265396118,72.70124816894531,5.275678089768,12.421431541442871,2.75390625,0.3621375673290198
02640,0.8095170248071855,0.5914239482200647,0.28029727935791016,0.3900095522403717,0.5445838570594788,72.6915054321289,5.359903083038297,15.362530708312988,4.21484375,0.8118285376273845
02641,0.4712153738899201,0.21200408401400234,0.33904898166656494,0.5951529741287231,0.5696456432342529,74.89049530029297,4.339308354566429,6.803107261657715,4.98046875,0.3363380010049338
02642,0.615760006037995,0.2983009934082258,0.32549816370010376,0.48334670066833496,0.3799659013748169,66.30789184570312,5.862258847640445,10.494178771972656,2.857421875,0.35474316129271843
02643,0.8874826305237172,0.4523019034971226,0.3012903332710266,0.6304113268852234,0.3967380225658417,74.97113800048828,6.666638845543318,7.529261112213135,2.001953125,0.5269883739913628
02644,0.8175512802889171,0.3658481504343506,0.21655476093292236,0.4445139169692993,0.4552633464336395,72.80392456054688,2.9503572355332635,12.455291748046875,4.484375,0.39756380856710266
02645,0.4068094491556984,0.19654677591075315,0.2648988962173462,0.5061181783676147,0.5814014673233032,73.92951202392578,3.608304300626706,12.728529930114746,4.984375,0.44664853164454343
02646,0.7648667046135305,0.33122139181256305,0.25130629539489746,0.4324754476547241,0.597589910030365,76.50330352783203,4.729357779657546,9.017074584960938,4.9453125,0.4750280059513887
02647,0.605675663058962,0.3175207756232687,0.40368229150772095,0.6121438145637512,0.5294058918952942,73.75776672363281,5.763090512614018,8.197657585144043,4.0625,0.23579190207407805
02648,0.7191843868636469,0.29664632145435454,0.37486863136291504,0.627191960811615,0.5755736231803894,72.45820617675781,4.836827569614265,11.60234260559082,4.21875,0.38634078652115145
02649,0.5134637757800105,0.2728241563055062,0.3292344808578491,0.626917839050293,0.516448974609375,58.53702163696289,8.043004953289772,16.311349868774414,3.822265625,0.6831019911026226
02650,0.8085892891472221,0.4391651978440238,0.2086172103881836,0.347186416387558,0.6835756897926331,74.3480453491211,3.780593198167334,16.077350616455078,4.91015625,0.618111624050921
02651,0.8199279518469342,0.3647122758287543,0.18970364332199097,0.359908789396286,0.5668433904647827,74.41191864013672,3.7287392791706506,13.307218551635742,4.98046875,0.536137747275525
02652,0.32515251133135187,0.14738113728535682,0.3067842721939087,0.4015069901943207,0.6160605549812317,70.18745422363281,4.471914411249863,13.677569389343262,4.8203125,0.3949804133471864
02653,0.9079535079099824,0.3932553188930448,0.27344805002212524,0.4995953142642975,0.2819693386554718,70.7701644897461,3.662255243218167,11.100586891174316,3.158203125,0.29068018371493076
02654,0.5828639172583046,0.25733582505491626,0.3571847081184387,0.6268242001533508,0.43316155672073364,70.01011657714844,5.715162130551794,10.450944900512695,3.34765625,0.29597321133342935
02655,0.8333824565146872,0.34573395039753174,0.2994035482406616,0.5509849786758423,0.48851168155670166,71.02495574951172,4.793609519287692,12.645367622375488,4.359375,0.33458811324406296
02656,0.6134164825506728,0.31774169521823326,0.30715471506118774,0.620492160320282,0.33404624462127686,64.29585266113281,6.304601311775624,9.915343284606934,2.0625,0.49251855390890176
02657,0.8238652622100292,0.32276989291387,0.32187002897262573,0.5111188292503357,0.6021900773048401,73.16551208496094,5.074546814465851,13.214075088500977,4.1640625,0.3319206440936955
02658,0.6620468159430174,0.3365217742260968,0.29520857334136963,0.5258594751358032,0.42074957489967346,66.09002685546875,4.461754057787031,13.281445503234863,4.28515625,0.3944879465642087
02659,0.8868569882620088,0.38884292005872145,0.2904071807861328,0.4718743562698364,0.38862717151641846,71.79468536376953,3.6635642832613846,11.0648775100708,3.939453125,0.25107948696172205
02660,0.8364883520346079,0.37699985322178187,0.3433868885040283,0.553298830986023,0.6072810292243958,75.8186264038086,3.8118340916558293,9.605583190917969,4.84765625,0.2933263545598836
02661,0.7636075181851995,0.4202266782911944,0.2726467251777649,0.5029735565185547,0.5572106242179871,69.37158966064453,4.719786607879118,10.311184883117676,4.5078125,0.5552060178640211
02662,0.85492721134998,0.3404427974411339,0.22914022207260132,0.41924095153808594,0.5735012888908386,75.71231079101562,3.6964312323563338,14.094582557678223,4.98828125,0.41911478753803294
02663,0.7116940317975062,0.4137789624769325,0.33275777101516724,0.5049492716789246,0.46263906359672546,66.46664428710938,7.681464518028051,10.678925514221191,4.09765625,0.7500813163507951
02664,0.45635606634280756,0.24652087475149106,0.35733455419540405,0.7295978665351868,0.6115956902503967,64.08589935302734,5.637208395007478,12.06201171875,4.60546875,0.4654308287421302
02665,0.8409408955723647,0.40301493509514724,0.2683860659599304,0.5409608483314514,0.5392540693283081,73.09602355957031,7.079075359690384,9.647401809692383,3.900390625,0.6596336877163037
02666,0.37923091332471703,0.22151731430081945,0.2954787015914917,0.4932178854942322,0.49425840377807617,65.83294677734375,5.584458890720834,14.723607063293457,3.169921875,0.6517110481619822
02667,0.853106885479967,0.440415690016387,0.2522817850112915,0.37269020080566406,0.5964410901069641,74.20146942138672,3.2651793211113382,12.522932052612305,4.74609375,0.48325679224466805
02668,0.7948363628750877,0.3801081206766262,0.313953161239624,0.5826013088226318,0.47506701946258545,68.95814514160156,4.056576014707375,10.101580619812012,4.26953125,0.4374239910829633
02669,0.7345012036112065,0.2968146605191097,0.2799060344696045,0.4747859537601471,0.6219198703765869,73.6362533569336,5.285044132218749,17.073123931884766,4.00390625,0.4685338597885137
02670,0.9045930975751855,0.5175090411925554,0.24058139324188232,0.43809449672698975,0.5645198822021484,75.07350158691406,7.161481860761662,13.424217224121094,4.19921875,0.6337905218540817
02671,0.840710313244649,0.3870910541714691,0.2290184497833252,0.47642624378204346,0.6622186303138733,77.08975982666016,4.040874437797665,11.315343856811523,4.95703125,0.6550376551017045
02672,0.7882621682811266,0.38039500347820826,0.1946762204170227,0.3530957102775574,0.412316232919693,69.04253387451172,2.9222974367134267,11.846779823303223,3.5859375,0.38232600790983506
02673,0.7807256160165347,0.4183969465648855,0.22621536254882812,0.5152056217193604,0.46836793422698975,71.7813720703125,3.145979212328316,10.129384994506836,4.5390625,0.5658600971034045
02674,0.7125831279808519,0.30507716394542606,0.3515222668647766,0.6949895620346069,0.30175742506980896,58.45247268676758,5.338591932248288,15.139297485351562,2.275390625,0.5990706146016108
02675,0.8520501468825221,0.34860557768924305,0.2119196653366089,0.37855082750320435,0.5987024307250977,75.59878540039062,3.4360327070771843,11.697227478027344,4.9140625,0.5750354485536573
02676,0.7546978264480768,0.3503464899065984,0.3638206124305725,0.5834676623344421,0.41655629873275757,63.95351028442383,5.238416836602528,14.855615615844727,4.27734375,0.37651656729978733
02677,0.7942366216618696,0.4137172037330516,0.26016223430633545,0.5959301590919495,0.6392403244972229,75.36782836914062,3.3650244841615744,7.463905334472656,4.96875,0.49427304092017754
02678,0.5652091684088566,0.24896733007885843,0.427714467048645,0.6389656662940979,0.4101961851119995,64.28392791748047,5.719646149887059,12.183035850524902,4.01171875,0.43624810621165344
02679,0.8563981854575881,0.37262139107611547,0.2704312205314636,0.3713989555835724,0.4351154565811157,69.45594024658203,4.959334017254737,14.408493041992188,3.646484375,0.1745945742726432
02680,0.7929922727104665,0.3011684542169372,0.41539424657821655,0.6711319088935852,0.3831118941307068,68.23040008544922,5.4318043330025665,12.353960037231445,2.18359375,0.2122615630219531
02681,0.8365976291126977,0.3225107021737922,0.37508630752563477,0.8232054710388184,0.3063775599002838,68.51171112060547,7.156754108149687,12.7211332321167,2.361328125,0.22762091101570686
02682,0.8559842102328591,0.435389025147011,0.25516968965530396,0.45724672079086304,0.5294679999351501,74.97050476074219,5.041419372370784,8.789399147033691,3.88671875,0.4123016431354359
02683,0.883032574456505,0.35247984895795514,0.27846503257751465,0.5177392959594727,0.6010422706604004,69.77308654785156,4.166301137829185,11.81618595123291,4.75,0.566639154773637
02684,0.753636768683514,0.4831414713960147,0.2941514253616333,0.4978819191455841,0.5807451605796814,74.66207122802734,6.367527314089187,10.697742462158203,3.947265625,0.5752203642373118
02685,0.751735051835087,0.328627052649399,0.2946799397468567,0.5870909690856934,0.5371319055557251,65.52945709228516,4.918083252693027,12.818671226501465,3.646484375,0.36303849852703385
02686,0.6603686861449088,0.37359098228663445,0.2979598045349121,0.5634956359863281,0.5017687678337097,68.22377014160156,7.8042335525180855,9.673297882080078,3.7421875,0.5564594161053308
02687,0.8394255672148496,0.32985866379790035,0.29782044887542725,0.6241724491119385,0.503298819065094,67.08202362060547,5.084774686962506,12.26057243347168,3.7265625,0.5213910146927745
02688,0.8776945157610982,0.343788154217652,0.3134198784828186,0.5499396920204163,0.6324735283851624,74.08940887451172,4.6207420649377475,10.354488372802734,4.44140625,0.34595912879014307
02689,0.7621868997196168,0.31832154183947303,0.3340224027633667,0.7420351505279541,0.4152023196220398,68.82401275634766,5.7780755032344855,10.717779159545898,3.693359375,0.4948806586449299
02690,0.8274004876006263,0.3807937169036711,0.20364350080490112,0.4237784147262573,0.5364341735839844,73.21614837646484,2.876025009059745,12.119911193847656,4.08203125,0.3786705654298533
02691,0.48648818168082236,0.21286987409216326,0.38236671686172485,0.6446163058280945,0.28959015011787415,65.53941345214844,6.591996607313283,14.518738746643066,3.1640625,0.36966649371181637
02692,0.6924025046045116,0.28550908525053265,0.3654850721359253,0.48671114444732666,0.4440402686595917,67.96672821044922,4.591625198197583,14.718728065490723,2.763671875,0.2563101021395328
02693,0.8375785531863986,0.34251846719212065,0.3911227583885193,0.7131717801094055,0.2610272765159607,70.2115707397461,7.6929334909979215,10.497784614562988,2.60546875,0.23208001054352462
02694,0.534382428886853,0.3164205617852781,0.28093791007995605,0.5077700018882751,0.5236425399780273,68.4180908203125,5.0992906965220435,16.678730010986328,4.80078125,0.5922712862916525
02695,0.82950845802772,0.3370538150856893,0.3084414601325989,0.5241056680679321,0.35326823592185974,71.85733795166016,5.525503324538851,13.454261779785156,4.60546875,0.3747387049354241
02696,0.8219551623993231,0.32441538646664797,0.3053397536277771,0.5453523397445679,0.5528512001037598,74.1427001953125,4.163762156319724,14.176602363586426,4.859375,0.34716104624211375
02697,0.7317226462543612,0.30419836161497954,0.27596187591552734,0.5322832465171814,0.45961958169937134,70.96928405761719,3.2189837744936773,12.314615249633789,4.69921875,0.3294193316585286
02698,0.5210376146539654,0.23620792670782711,0.3986075520515442,0.5324699878692627,0.3473705053329468,63.86885452270508,6.509019123756449,11.695684432983398,2.40625,0.35602032755936186
02699,0.761710584125922,0.401126862958924,0.2175620198249817,0.49510231614112854,0.5718418955802917,75.2526626586914,4.951329939404934,13.997180938720703,4.953125,0.5406770235843141
02700,0.7069580795006547,0.29997582789460964,0.3137744665145874,0.5538736581802368,0.5732893943786621,69.09127807617188,4.809016871603876,11.75881290435791,3.96484375,0.5712673319623398
02701,0.7283771860206356,0.34033912072291606,0.28470081090927124,0.44817179441452026,0.6423183083534241,75.54924774169922,4.955548335005018,13.195232391357422,4.9609375,0.571365575611677
02702,0.7566475999904667,0.30532628703758685,0.3090136647224426,0.5877730250358582,0.5301655530929565,73.1204605102539,4.988355637930423,11.811935424804688,4.92578125,0.28130759440518566
02703,0.7944439328566583,0.30577556058424193,0.36216604709625244,0.5539855360984802,0.5659354329109192,73.28645324707031,4.979740013750715,11.28042984008789,4.26953125,0.29246120052212626
02704,0.7437211390845467,0.4195073966176081,0.3042905330657959,0.5432890057563782,0.518134355545044,74.74034881591797,3.161469778042009,10.423192977905273,4.62109375,0.42750152615895104
02705,0.9021535700076793,0.3656708112865858,0.3502930998802185,0.5168265104293823,0.496427983045578,72.7555160522461,4.381616274829395,10.0693359375,4.03515625,0.3155267435217274
02706,0.7882239391022842,0.2880058664466749,0.5229926705360413,0.8220131397247314,0.44174298644065857,70.33673095703125,8.901977057635483,12.896098136901855,2.671875,0.18401289262702503
02707,0.6620271363033671,0.32909617721282364,0.3769209384918213,0.7293472290039062,0.3692474067211151,64.82820892333984,5.786937762777013,12.967677116394043,3.681640625,0.4498745847468602
02708,0.8014752929401463,0.3182457126792241,0.269356906414032,0.42827510833740234,0.6382041573524475,75.09512329101562,5.179051174232382,12.89537525177002,4.08984375,0.5146489780331583
02709,0.7418093446749938,0.29267799644801246,0.34508299827575684,0.68177330493927,0.47206124663352966,71.54946899414062,5.191882166991253,10.371088981628418,3.865234375,0.3023878585833853
02710,0.7106386840576647,0.32898390229027236,0.18789196014404297,0.3746325373649597,0.587650716304779,75.7999038696289,3.0046777442617576,13.278514862060547,4.984375,0.43702261834947903
02711,0.684405432724747,0.30347987345914695,0.3756090998649597,0.6126580834388733,0.5200547575950623,71.22562408447266,4.754841141555919,12.498773574829102,4.63671875,0.4314365384074445
02712,0.7652924425377687,0.34383557695079414,0.46601778268814087,0.7242727279663086,0.30648908019065857,65.60935974121094,7.104639202102018,11.436269760131836,2.275390625,0.3792167026846642
02713,0.7725613274374842,0.3149286560261689,0.3269810676574707,0.632724940776825,0.6060848832130432,74.44863891601562,5.021238017152407,8.691523551940918,4.1953125,0.4060765229313576
02714,0.9195369348965815,0.35787300124575505,0.277468204498291,0.47753506898880005,0.5364987254142761,74.72430419921875,4.903951098229816,15.366950035095215,4.2109375,0.36011261125384847
02715,0.7848956903838818,0.3468104796247248,0.26204776763916016,0.43042731285095215,0.5734485387802124,74.75119018554688,3.5944196011132052,10.945767402648926,4.85546875,0.34509958163206
02716,0.8485356791501729,0.4292864292864293,0.16125810146331787,0.30203524231910706,0.47918251156806946,75.35604095458984,3.3895693732033827,12.4611177444458,4.84375,0.4728388049207607
02717,0.8160902753032158,0.3537234042553192,0.31758034229278564,0.5416863560676575,0.6048177480697632,73.12300872802734,5.048782733524639,10.132146835327148,3.740234375,0.4659102878802045
02718,0.7479775914407092,0.28332075104108323,0.44684505462646484,0.6763145923614502,0.6655036211013794,72.78471374511719,5.150830049491611,9.591837882995605,3.953125,0.4643616999129132
02719,0.9300685579299498,0.36165824676921915,0.33272719383239746,0.6150407791137695,0.48622414469718933,72.1639175415039,6.663126650194265,11.305741310119629,4.0546875,0.16021685745818653
02720,0.6432712072805793,0.3052033873415243,0.2763223648071289,0.46586841344833374,0.4818010926246643,70.50748443603516,3.5829085254345783,9.759552001953125,4.96875,0.3474738053257707
02721,0.7450601515752777,0.3191298987930726,0.24812203645706177,0.3293662667274475,0.6249107718467712,74.5201644897461,4.006151612757016,11.784610748291016,4.984375,0.507072361131234
02722,0.8268134334695462,0.3700148980059592,0.19481122493743896,0.39087599515914917,0.37940600514411926,68.17670440673828,3.666860535005369,13.72507095336914,3.623046875,0.4168205389734768
02723,0.9668206329400262,0.793612220100677,0.1869664192199707,0.2432677149772644,0.6013512015342712,73.31885528564453,12.94903230698028,9.309402465820312,4.1484375,0.7349753270739098
02724,0.7889835673031982,0.2939140789253354,0.349262535572052,0.495743066072464,0.3941459655761719,68.49808502197266,6.183553783346686,13.301565170288086,3.720703125,0.15686619090062012
02725,0.7532102769934427,0.3399095985110343,0.40551942586898804,0.6528401374816895,0.47318869829177856,72.51908874511719,6.807956158932597,10.038775444030762,4.4765625,0.4947149618667906
02726,0.7990430820933948,0.31731887965038735,0.3220590353012085,0.6974874138832092,0.4852708876132965,73.61878967285156,6.178976336859304,11.81922435760498,3.861328125,0.46297461423534786
02727,0.7085785306315242,0.31246533005784927,0.22439265251159668,0.46194398403167725,0.583606481552124,67.38326263427734,3.6720908609118075,15.829570770263672,4.91015625,0.4699967407048022
02728,0.8392555327928091,0.3619902588100468,0.2762502431869507,0.5225268006324768,0.5819628834724426,74.36894226074219,4.890468598766731,11.664029121398926,4.60546875,0.4030645956690298
02729,0.8617346916492388,0.41019485232538666,0.20748835802078247,0.4291672110557556,0.5020020604133606,73.4886474609375,3.0220090755597293,8.728314399719238,4.93359375,0.38274070512262964
02730,0.7039076719194529,0.2891214225063683,0.34953391551971436,0.5286374092102051,0.5548072457313538,69.96717071533203,6.265697364055369,10.519172668457031,3.1328125,0.2092063460684779
02731,0.6641866150988386,0.2645791915175613,0.3483654856681824,0.6364675164222717,0.3102814853191376,69.0163803100586,7.583349053758103,17.594541549682617,2.265625,0.39136562470314323
02732,0.8101259128116641,0.4087558549648236,0.26489508152008057,0.41722947359085083,0.4226907789707184,71.09626770019531,4.357768311141637,9.024638175964355,3.44921875,0.5091747851072252
02733,0.6706681601572717,0.2943338340097792,0.25167155265808105,0.4308890700340271,0.5934246182441711,75.3239974975586,5.34784938187029,11.39401626586914,4.94921875,0.5564204102631043
02734,0.6255769120991974,0.26636318214622773,0.2518671751022339,0.5685015916824341,0.5169874429702759,66.88851928710938,4.035356678846302,15.142794609069824,4.61328125,0.4420509837206688
02735,0.749568133079959,0.37626414223043175,0.16478955745697021,0.4111979305744171,0.5009053349494934,69.84210968017578,3.854338072825536,15.410337448120117,4.7578125,0.5278748677733415
02736,0.7286920919415827,0.3490825780260857,0.29184848070144653,0.5349583029747009,0.5362616777420044,73.08875274658203,3.9514602988810723,7.766098499298096,4.67578125,0.27791349475362104
02737,0.6887792357414697,0.262134782283805,0.4837612509727478,0.819394588470459,0.36473461985588074,68.49956512451172,6.851339065800503,11.631277084350586,2.4921875,0.17144366062304114
02738,0.8432664741498073,0.5007479999132753,0.38021570444107056,0.4737972915172577,0.49526020884513855,71.30640411376953,3.9506998311293935,9.017908096313477,3.177734375,0.35798625113090105
02739,0.7816135077209692,0.2888480727395886,0.38405752182006836,0.6205946207046509,0.4365966320037842,74.29417419433594,6.478921535814914,8.742226600646973,4.31640625,0.26915028594042306
02740,0.8646160898058233,0.36101447982636103,0.2959543466567993,0.46291616559028625,0.6229333281517029,75.04278564453125,5.768510419431069,9.713459968566895,4.73046875,0.5188658896061629
02741,0.7623074514983874,0.423465812393633,0.21419686079025269,0.45178043842315674,0.5261519551277161,72.50989532470703,3.3497725587501614,15.564529418945312,4.68359375,0.5873479991280268
02742,0.9194867072647628,0.36521407975627007,0.21141064167022705,0.4245498478412628,0.6064174175262451,74.22603607177734,5.100486286636551,10.790262222290039,4.890625,0.3582159261022504
02743,0.5524378038905208,0.22940184248086157,0.38412588834762573,0.5681594610214233,0.48260706663131714,71.83566284179688,5.399608361463158,16.366737365722656,3.357421875,0.4701931667725665
02744,0.34672387152975914,0.16979207532365634,0.4047354459762573,0.6267881393432617,0.4348258376121521,68.36581420898438,6.797590578634106,12.354458808898926,2.220703125,0.43209272848681335
02745,0.832943376248672,0.34297942386831276,0.4783472418785095,0.688338577747345,0.2948111593723297,59.97714614868164,6.757054157490144,10.859846115112305,2.537109375,0.4635675843402278
02746,0.9205879132447603,0.35133004926108374,0.2725216746330261,0.47911855578422546,0.48225510120391846,68.81346893310547,5.624848616876878,11.652565956115723,3.634765625,0.3339884054561089
02747,0.7839799114081367,0.43375034243448085,0.2691633701324463,0.596929669380188,0.4700292944908142,75.29058074951172,6.157035288612873,12.201101303100586,3.74609375,0.6284534334498193
02748,0.8595779211686256,0.3300929459835661,0.3119288682937622,0.5240077376365662,0.5923686623573303,75.05058288574219,5.366641946531476,11.163445472717285,4.53125,0.33143729684461476
02749,0.47779014564577127,0.2022404480896179,0.28071630001068115,0.5401628613471985,0.543328046798706,69.95668029785156,4.749342720499284,12.709101676940918,4.7109375,0.2960172515896298
02750,0.698969521181504,0.2774388105757767,0.280759334564209,0.5025861859321594,0.5341688394546509,65.53794860839844,4.321882032644654,15.039443016052246,4.22265625,0.43027486218967287
02751,0.8226729349149359,0.36710823909531504,0.3037128448486328,0.5673308372497559,0.5148992538452148,75.03497314453125,3.887205643927572,9.802000045776367,4.69921875,0.37767248970005945
02752,0.804091576783831,0.3920452928959572,0.31361281871795654,0.5863361358642578,0.3237989544868469,67.89375305175781,6.559343318966491,9.493968963623047,2.2734375,0.3475806399656279
02753,0.8492605428493041,0.35808236900740315,0.29871028661727905,0.5836559534072876,0.3442251980304718,74.0625,5.574366904521129,12.600881576538086,3.0546875,0.4185852750533221
02754,0.8918199860409888,0.3632813157584634,0.392048716545105,0.7328095436096191,0.4133618474006653,72.8636245727539,5.44796662638831,7.976422309875488,2.658203125,0.4269749203100097
02755,0.8468264522495591,0.3572699368511603,0.2723234295845032,0.5257821083068848,0.4686182141304016,73.73896789550781,4.5664197584130815,11.835939407348633,4.39453125,0.2615229093601599
02756,0.7568394352477767,0.35925551868417255,0.3589619994163513,0.7177622318267822,0.39793553948402405,64.78363800048828,6.753997143587914,12.513667106628418,4.015625,0.7177084316541618
02757,0.740236565748702,0.27914804102024715,0.30560171604156494,0.5086861848831177,0.4648798108100891,71.80110931396484,4.082106011309552,12.234346389770508,4.16796875,0.34516495166521427
02758,0.7528231384589765,0.2948986265533028,0.3474162817001343,0.6823642253875732,0.34654152393341064,69.66651916503906,4.953431253755744,12.7943754196167,2.53125,0.5993914232001042
02759,0.6504819544654059,0.34391426035906886,0.3439796566963196,0.5980592370033264,0.4986187517642975,68.04750061035156,5.472090003288579,14.588739395141602,3.796875,0.5223595093551275
02760,0.8000020297697449,0.40108283703302655,0.17900753021240234,0.3445962369441986,0.5790144205093384,72.24862670898438,3.738771897180261,13.302570343017578,4.94921875,0.5263403110993873
02761,0.7033233202368405,0.3709849393575903,0.4002227783203125,0.554205060005188,0.44051429629325867,71.7855224609375,5.0617347869216545,11.581560134887695,3.283203125,0.49193634599343455
02762,0.8599658650590633,0.42050634686864435,0.2775558829307556,0.6149495840072632,0.5257202982902527,69.98052215576172,5.189335808308791,15.179800033569336,4.7109375,0.7359926484056708
02763,0.7930055992633168,0.3630948257948327,0.34709179401397705,0.5441874861717224,0.26528987288475037,67.4188232421875,6.093806936692635,11.48277473449707,3.05859375,0.33134785191315047
02764,0.6679721655187161,0.3169519602429597,0.306627094745636,0.4883788228034973,0.6419061422348022,74.57210540771484,4.804203732934964,10.468230247497559,4.96875,0.44092013542542696
02765,0.6924638132037091,0.31280411511191436,0.3919949531555176,0.8497204780578613,0.36028119921684265,58.29393768310547,6.989697980015312,10.144535064697266,2.83984375,0.5271303387303657
02766,0.7401411414015849,0.38960447567004947,0.2563123106956482,0.5294115543365479,0.5833518505096436,75.68611145019531,3.8081382350388533,5.746633529663086,4.984375,0.419729534567945
02767,0.8429040721988669,0.3392497506070131,0.2353169322013855,0.49854862689971924,0.5464848279953003,73.7231216430664,3.6693084080107607,14.148921966552734,3.763671875,0.49012281402769664
02768,0.852823751536241,0.37136356905348467,0.2561066150665283,0.5400887727737427,0.4562801420688629,73.56221008300781,3.8791705532612046,12.440241813659668,4.1953125,0.3332340396824664
02769,0.712530730759762,0.3482965009208103,0.28671276569366455,0.5069724321365356,0.5645805597305298,69.84262084960938,4.916881801244306,10.62214469909668,3.9765625,0.4949517003644333
02770,0.7964530165246171,0.34013915820691226,0.21963971853256226,0.46283477544784546,0.6226469278335571,74.89387512207031,4.284078570587162,13.002006530761719,4.9296875,0.6276836505007952
02771,0.7076326540202038,0.33769063180827885,0.24410593509674072,0.43205422163009644,0.3675341010093689,69.26062774658203,3.6987017254994625,14.437905311584473,4.109375,0.5725582077912067
02772,0.5876843858454254,0.47362052274927396,0.4983372092247009,0.703088104724884,0.6153113842010498,73.27617645263672,4.004138054646599,4.553118705749512,3.947265625,0.4680086185334641
02773,0.6729292434933308,0.27437654151822416,0.3674379587173462,0.5611710548400879,0.5508174896240234,72.87850189208984,6.384930324353765,9.418667793273926,1.9365234375,0.7514840215398652
02774,0.766403559492661,0.3100089959713693,0.4031626582145691,0.7106525897979736,0.4885719418525696,69.82814025878906,5.721330563657699,9.132587432861328,3.185546875,0.45408066984575474
02775,0.736748501876521,0.3055555555555556,0.28631240129470825,0.5828441381454468,0.5879188776016235,73.91751861572266,5.226234341066478,14.913949966430664,4.37109375,0.5142799159983097
02776,0.7581548409005492,0.29794214856095147,0.2604156732559204,0.622791588306427,0.4303295910358429,74.9697265625,5.545058798508523,11.854806900024414,4.14453125,0.43299284229374074
02777,0.6704705568941892,0.31006272945393576,0.2651445269584656,0.4485509395599365,0.4469696283340454,68.14744567871094,3.6851675458537034,12.997139930725098,4.41015625,0.387033545921036
02778,0.8666222208173123,0.3571675501267573,0.3262396454811096,0.591295063495636,0.5203970670700073,76.15811920166016,4.340385391064103,13.446924209594727,3.8515625,0.3855962695566667
02779,0.8699818176757853,0.37448675933250464,0.1982695460319519,0.37322089076042175,0.5017460584640503,68.59217834472656,3.370952743192894,14.82705020904541,2.806640625,0.26535061306403
02780,0.7522776866159637,0.43135090382227126,0.3469719886779785,0.5623172521591187,0.534636378288269,74.1034927368164,6.203098374561695,9.815200805664062,4.30078125,0.6760732854421819
02781,0.4767145233237974,0.22951311986185668,0.2816460132598877,0.5551394820213318,0.5406703352928162,74.8121566772461,4.133521153585813,9.852350234985352,4.89453125,0.3458439324796564
02782,0.8502561717888192,0.3400911357578884,0.4008994698524475,0.751284122467041,0.3553888499736786,70.8046646118164,5.75434306747714,8.30152702331543,3.435546875,0.3572365726338283
02783,0.7438224096625577,0.33741074200558835,0.27917706966400146,0.5260428190231323,0.3257523477077484,68.10635375976562,5.466551261044578,11.924613952636719,3.130859375,0.3930619521663924
02784,0.7608894989458287,0.3748251748251748,0.2489146590232849,0.47037485241889954,0.38057586550712585,68.53563690185547,5.186447123096797,15.001779556274414,4.03515625,0.5681833234170042
02785,0.7083047971801714,0.3272877447775063,0.2599066495895386,0.493468701839447,0.4248870015144348,70.1333236694336,4.335662457302035,16.41119384765625,4.12109375,0.537311664423378
02786,0.8358345204625575,0.37353702555875595,0.2711929678916931,0.4583004415035248,0.3746057450771332,71.40819549560547,4.091961066048579,14.837199211120605,3.830078125,0.41617029747938444
02787,0.7370757903806944,0.35414054407675954,0.26444947719573975,0.5354303121566772,0.5040393471717834,73.73162078857422,4.557868610838599,12.660585403442383,4.5703125,0.6921183776197909
02788,0.8371656363943974,0.47959516813581454,0.31772685050964355,0.45218774676322937,0.534601092338562,76.505859375,4.624229278014003,3.418196678161621,4.921875,0.2549084824961806
02789,0.8684523840929183,0.3428979993794434,0.2701714038848877,0.5327695608139038,0.5950818657875061,73.98461151123047,4.173881142118154,11.635031700134277,4.7734375,0.4179047142958806
02790,0.4719147696500284,0.1933803581117743,0.4691006541252136,0.7025191783905029,0.3974878191947937,73.03651428222656,6.885276211858111,11.964279174804688,3.59765625,0.4427247692667605
02791,0.8116566297912723,0.3270340613330316,0.33866816759109497,0.6834617257118225,0.5856587886810303,68.67642974853516,3.300508180571806,7.5081787109375,4.3203125,0.4128203031947838
02792,0.665984148076837,0.31914958054453496,0.21212846040725708,0.4158516228199005,0.5380911827087402,70.97332000732422,3.7291414380049885,12.784637451171875,4.87109375,0.42473303835103565
02793,0.8822842896357799,0.3520280614716769,0.3212782144546509,0.6063494682312012,0.5077056884765625,69.60971069335938,4.704319128155741,10.172778129577637,4.86328125,0.22717915932325328
02794,0.8860456557199353,0.36322314375675696,0.3080199956893921,0.5364670753479004,0.40094658732414246,71.73886108398438,5.087383057977596,9.697815895080566,4.25390625,0.2084882676522838
02795,0.8347265755945634,0.3463687150837989,0.2541320323944092,0.5093170404434204,0.6377686262130737,75.09940338134766,3.768027716178277,14.18546199798584,4.4140625,0.5298345828309009
02796,0.8384867586599007,0.35429649216886405,0.2778857946395874,0.5196420550346375,0.4832540452480316,71.6684799194336,5.27055071426356,10.804014205932617,3.787109375,0.27333571794347145
02797,0.8125494621697563,0.3366349411195354,0.24045038223266602,0.5608927011489868,0.6114386320114136,73.37223052978516,4.550515301777083,15.112625122070312,4.83203125,0.5517640542860914
02798,0.8021428965129181,0.36664723032069974,0.2984055280685425,0.6602668762207031,0.5433570742607117,73.64281463623047,3.1254023300117684,10.42972469329834,4.8203125,0.36821091032730896
02799,0.7807468657319832,0.5956817509612541,0.357779324054718,0.5310795903205872,0.38422873616218567,67.00592803955078,6.9928297872408445,6.6562628746032715,3.412109375,0.6453224363238904
02800,0.7590925338640025,0.39738851933973884,0.2685590982437134,0.4481576383113861,0.4841402769088745,76.71768951416016,5.893064630499469,9.849299430847168,4.18359375,0.5997420527123246
02801,0.6601126874576206,0.36464646464646466,0.27392351627349854,0.46005210280418396,0.6152748465538025,77.66785430908203,4.46909061483169,11.654458045959473,4.0625,0.38017776184648433
02802,0.5361126843650156,0.25215591583304586,0.22642534971237183,0.5160687565803528,0.5957496166229248,72.04695892333984,5.653463891503266,17.40953826904297,4.84375,0.5879049661454215
02803,0.8592498490344187,0.39926456357654344,0.31237679719924927,0.4374181926250458,0.3761158287525177,69.31706237792969,4.754777734510441,12.986431121826172,3.556640625,0.38169352252907435
02804,0.781359993432222,0.37451255654344096,0.24776530265808105,0.5635044574737549,0.48219627141952515,74.40312194824219,4.5890410329459845,9.610766410827637,4.97265625,0.5825964582954154
02805,0.881496303920396,0.4060850842257842,0.2833523154258728,0.4257240295410156,0.5627526044845581,74.38400268554688,3.503932447994717,7.448904991149902,4.56640625,0.47199388564423034
02806,0.7278230860313243,0.3225407915477357,0.24938583374023438,0.48584410548210144,0.36299440264701843,69.56338500976562,2.5897201062815114,11.615535736083984,3.734375,0.320004896514028
02807,0.8197368010253892,0.4838074398249453,0.2170569896697998,0.3987659811973572,0.5621581673622131,74.06816101074219,3.607825737148046,13.562618255615234,4.90625,0.5104388004003381
02808,0.5757417219687189,0.2436907520539288,0.3275836706161499,0.5003997087478638,0.577811598777771,75.45497131347656,9.106240064320232,12.530885696411133,4.125,0.512091078532244
02809,0.6590964415726257,0.4009296920395119,0.2765936255455017,0.43016770482063293,0.5953051447868347,75.0039291381836,4.376373659398808,10.861483573913574,4.390625,0.5189620350018813
02810,0.7737640550227857,0.37167855410431,0.20872628688812256,0.3966662287712097,0.529999315738678,74.59253692626953,3.2345788582462274,11.646204948425293,4.8046875,0.36780058700493273
02811,0.8067527179528861,0.4756333349858708,0.19237226247787476,0.3046993613243103,0.5388646721839905,74.31130981445312,4.495958070076358,10.389894485473633,4.8984375,0.5467750794271261
02812,0.6597101875713876,0.30253275806967084,0.24845749139785767,0.48396289348602295,0.3473636209964752,69.34959411621094,4.427311626763977,13.777265548706055,3.859375,0.3927336063633179
02813,0.8706870282106942,0.4218062095631867,0.21745145320892334,0.401093065738678,0.5844361186027527,74.91947937011719,3.7458831138474076,12.096648216247559,4.6953125,0.5462142007992842
02814,0.7586009728566395,0.3123282567183643,0.3131672739982605,0.7164393663406372,0.5865187048912048,75.73390197753906,4.9803114061851534,12.805301666259766,4.58203125,0.604925440186688
02815,0.7385157535514154,0.2860216363230429,0.426270067691803,0.7554064989089966,0.5877423286437988,72.25617218017578,5.592256633768421,9.02624225616455,3.240234375,0.23586883870727737
02816,0.8126147252451169,0.38444160993376464,0.24398678541183472,0.4457300007343292,0.5257236361503601,74.90711975097656,3.6862313502472546,9.924600601196289,4.7578125,0.3839218780118941
02817,0.6237848263690561,0.3083083083083083,0.35491877794265747,0.7224457263946533,0.47801315784454346,69.62939453125,6.2102412373087335,13.250950813293457,4.09375,0.43714390506321876
02818,0.8162879807526374,0.31473093704550176,0.25250309705734253,0.43969571590423584,0.5641260147094727,74.84178924560547,3.945187497933135,13.461337089538574,4.84765625,0.4472468701832337
02819,0.8548123766402255,0.39357487367937527,0.2944561243057251,0.5311775207519531,0.5120136141777039,72.36058044433594,3.071362024896979,9.906412124633789,4.8984375,0.34389689263204903
02820,0.9185095936413636,0.3611840007847561,0.3153550624847412,0.5562489032745361,0.3796848654747009,72.76248931884766,5.623115857841381,12.39813232421875,3.255859375,0.24100468027125035
02821,0.7069305899932591,0.3304789464359535,0.287878155708313,0.468173623085022,0.5382797122001648,69.7103042602539,5.225956852649942,14.527033805847168,4.4140625,0.5795440136188815
02822,0.963136950806766,0.36994496812510214,0.3712770938873291,0.6854938864707947,0.5799365639686584,73.53748321533203,7.046661618380465,12.094005584716797,4.1953125,0.11611043341499802
02823,0.6285055926642572,0.24660866311161006,0.22969549894332886,0.49860191345214844,0.5706517696380615,71.83322143554688,4.048964141832657,12.478360176086426,4.375,0.4278884350156565
02824,0.7592925935224493,0.35486226352472616,0.23852699995040894,0.39997413754463196,0.6077474355697632,74.79499053955078,3.3713834352256744,10.843619346618652,4.90234375,0.3853450362986702
02825,0.5882471231455608,0.2770344462971247,0.3914145231246948,0.652906596660614,0.46952852606773376,69.44075012207031,6.292389406880918,12.188791275024414,4.54296875,0.4518978512500214
02826,0.8295914716114176,0.34010267823272045,0.2537686824798584,0.6510531306266785,0.44706985354423523,73.69859313964844,5.072769057763598,11.87930679321289,3.927734375,0.30575396778948843
02827,0.5075880811274671,0.23898139079333985,0.35363638401031494,0.7134600877761841,0.5874822735786438,74.70429229736328,4.437639311069118,8.234146118164062,4.3359375,0.6888165721820422
02828,0.7730056812928048,0.3795791947025526,0.2892552614212036,0.5118458271026611,0.49177223443984985,64.83468627929688,4.963536190092285,16.436309814453125,4.8984375,0.645156295302879
02829,0.43377677887217786,0.18778256755335926,0.263808012008667,0.5264262557029724,0.5416987538337708,69.32954406738281,5.048387903026847,13.26442813873291,4.2265625,0.4209376835568463
02830,0.9178044298032839,0.39836763483386656,0.21914660930633545,0.45640701055526733,0.5216131210327148,74.63346099853516,4.20151627285187,10.287232398986816,4.890625,0.4485040643289184
02831,0.7576791402408344,0.39251658374792703,0.29645687341690063,0.6085275411605835,0.5761791467666626,69.72401428222656,4.311760869868484,12.50613784790039,4.43359375,0.42212242097443375
02832,0.8662122799301369,0.39883672621520566,0.2545025944709778,0.34043529629707336,0.6442893743515015,71.43160247802734,6.566634662932258,16.26216697692871,4.5390625,0.690556856584981
02833,0.634626285284342,0.29653846153846153,0.24345511198043823,0.4856661558151245,0.5350883603096008,74.30810546875,2.8335040719148847,12.24170207977295,4.97265625,0.3657991739437258
02834,0.8295607569729851,0.36811335426086456,0.2648584246635437,0.43264853954315186,0.6057896018028259,73.60797119140625,5.478401949500328,13.449939727783203,4.91796875,0.6086216214486947
02835,0.7505005152123683,0.27791448946040187,0.5696192979812622,0.7839435338973999,0.40091633796691895,67.18387603759766,9.172105671076034,13.757682800292969,2.228515625,0.1951470858139887
02836,0.7964242931935068,0.4156660654470497,0.3381574749946594,0.6332765221595764,0.4479869604110718,69.14301300048828,6.866106854480317,9.090904235839844,3.30078125,0.5545090305871206
02837,0.702102725198504,0.3049553389422186,0.2366967797279358,0.5988541841506958,0.5717442035675049,70.99478149414062,4.194736452866744,10.491877555847168,4.6875,0.35612973993049646
02838,0.6849296872007217,0.3358024691358025,0.3491384983062744,0.5892939567565918,0.43032798171043396,71.11235046386719,4.407235295875131,10.845961570739746,3.716796875,0.29426179770689126
02839,0.880848318220047,0.44650708353688323,0.24795293807983398,0.3487735986709595,0.6540914177894592,74.75059509277344,5.012977100395988,12.570037841796875,4.69140625,0.5396560922201776
02840,0.7035443213888327,0.36546594720723347,0.36735546588897705,0.6611907482147217,0.4969511032104492,62.29218292236328,5.903299517357869,9.932822227478027,3.548828125,0.5257251298330116
02841,0.9163111004616356,0.3989774928604238,0.42148804664611816,0.6446820497512817,0.3998761475086212,71.35657501220703,5.164307727792838,7.801582336425781,3.107421875,0.10986030680362888
02842,0.7912172007583578,0.4678111587982833,0.30483484268188477,0.40000683069229126,0.4979609549045563,66.6546630859375,6.296820384098933,16.27631187438965,4.4140625,0.4982066772290291
02843,0.8406244771175889,0.35996957855812856,0.31422948837280273,0.6918415427207947,0.47118034958839417,73.56298828125,5.407945731821193,10.417695999145508,4.62890625,0.267576864568165
02844,0.7507576850731097,0.28848368242307637,0.34937500953674316,0.589103102684021,0.5337547659873962,73.3415298461914,4.331887326219802,7.937629222869873,4.4296875,0.19006802678693618
02845,0.8571603133970664,0.4423006712163339,0.2053930163383484,0.3251813054084778,0.4096192717552185,69.08393096923828,3.836342642707878,14.33951187133789,4.1484375,0.4230823729905311
02846,0.4748904082580287,0.19996888854320605,0.40531641244888306,0.6560963988304138,0.5048312544822693,69.5883560180664,5.727897155609886,10.709633827209473,4.03125,0.48861036270288566
02847,0.6282406577900027,0.2809619942069692,0.27034425735473633,0.5264908671379089,0.3689952790737152,70.46477508544922,5.437983337305096,15.576510429382324,3.794921875,0.4721099343844146
02848,0.5525836352640777,0.22300981461286803,0.3401111960411072,0.5535163283348083,0.5515881776809692,64.3111343383789,4.933452060161135,15.225839614868164,4.58203125,0.38447468187380085
02849,0.8087526372221763,0.3830182113443916,0.2651650905609131,0.5043097734451294,0.36335623264312744,73.25749969482422,4.552954715169625,10.201274871826172,3.451171875,0.38337506678201805
02850,0.8313380633886681,0.37583479630065336,0.3475103974342346,0.4666110873222351,0.2534177899360657,69.68914794921875,4.767426402232238,12.961833953857422,2.62890625,0.36873824581117615
02851,0.5425018516887337,0.2237882433826057,0.36158788204193115,0.5526375770568848,0.5562357902526855,75.85221862792969,3.88802519463299,9.590805053710938,4.67578125,0.33041581693978334
02852,0.8771937009855247,0.457223365404223,0.22056561708450317,0.39688748121261597,0.57044917345047,73.58129119873047,4.7297173807823185,12.901835441589355,4.7734375,0.5903848714056614
02853,0.7643343113965739,0.294388076073105,0.355773389339447,0.6490982174873352,0.5566279292106628,72.7669677734375,5.424166234399528,10.151487350463867,3.498046875,0.21011511465287053
02854,0.8629756776130953,0.47657934578152955,0.23214900493621826,0.4033457040786743,0.5739741921424866,71.45740509033203,3.9874516409996117,15.37157917022705,4.13671875,0.545110537054369
02855,0.5989372778687347,0.2633100331108425,0.40459614992141724,0.5667872428894043,0.30125197768211365,64.74302673339844,7.030091487224133,13.73912239074707,2.068359375,0.38148133065312456
02856,0.7687434693997194,0.6316721681024072,0.394372820854187,0.5934500098228455,0.5504648685455322,64.15010070800781,3.7008889974613037,8.121572494506836,2.60546875,0.6143124386350894
02857,0.6575019730398496,0.28123781042777274,0.30577707290649414,0.5342109203338623,0.570746898651123,72.0796890258789,5.875461462891593,11.758703231811523,4.640625,0.5640227854098642
02858,0.8215705116092145,0.406336311941511,0.2150188684463501,0.40965548157691956,0.5659737586975098,71.80003356933594,3.4229918910221953,15.233112335205078,4.9765625,0.45452802678994825
02859,0.7130997764320322,0.350054393811193,0.2134804129600525,0.3846092224121094,0.6557745337486267,72.58642578125,4.613626884779749,10.131617546081543,4.9296875,0.46172725148787247
02860,0.7333592468542972,0.37024758411511605,0.34903258085250854,0.5273828506469727,0.5993692874908447,71.4062271118164,4.532153997158725,5.6621174812316895,3.4765625,0.3334368494730768
02861,0.8546671406248639,0.3507759531697123,0.4559370279312134,0.664738655090332,0.2781050205230713,66.00916290283203,8.708802600624638,11.050060272216797,2.07421875,0.19204100037109073
02862,0.7223221838347694,0.26613977543686823,0.324759840965271,0.6579473614692688,0.4693845808506012,71.35912322998047,5.798805104513226,13.707152366638184,4.54296875,0.22798216808599714
02863,0.8494407868487943,0.3634096930029609,0.20852071046829224,0.406958669424057,0.5427494049072266,74.90998077392578,3.8672298041622013,13.154592514038086,4.625,0.3803111745041088
02864,0.7708225337658142,0.3601526034229203,0.3068886995315552,0.5527181625366211,0.34591466188430786,68.06098175048828,5.0287131965474225,14.165084838867188,3.26171875,0.4107255695369989
02865,0.7580080051846203,0.3853000884909687,0.2700183391571045,0.5800821781158447,0.46520087122917175,73.85821533203125,3.8553725964561494,12.573789596557617,4.19921875,0.48880076038978987
02866,0.8803910441022003,0.44845758522838725,0.3127385377883911,0.4596286416053772,0.5241919159889221,72.61186218261719,2.6687078215415942,10.078435897827148,2.921875,0.2761413787019016
02867,0.8086977130773999,0.3581076913587862,0.25528573989868164,0.5833459496498108,0.4873688519001007,73.74408721923828,5.48606609743455,12.771585464477539,3.916015625,0.5477357844402703
02868,0.566188533585507,0.26199400299850073,0.3668043613433838,0.7876307964324951,0.497178852558136,65.10575866699219,7.385627980447773,15.794707298278809,3.587890625,0.531649626528192
02869,0.8282887674831747,0.4381037651383064,0.19666838645935059,0.3622017800807953,0.6146185994148254,72.21321868896484,3.9186865951914114,13.69630241394043,4.015625,0.5294381682366691
02870,0.7086375044113413,0.2970394116537809,0.3327164053916931,0.6779319047927856,0.4771338701248169,68.76100158691406,4.653691729480908,11.509332656860352,4.08984375,0.40911345667253296
02871,0.8134819845717642,0.36124232404345774,0.4140554666519165,0.7289286851882935,0.2866555154323578,68.81938934326172,5.231090240995391,4.8134331703186035,3.072265625,0.353480316651393
02872,0.8450324646258498,0.3189611983027453,0.2938798666000366,0.5448437929153442,0.556640088558197,73.7213363647461,5.9414203820718905,12.31899642944336,3.896484375,0.3711145838140454
02873,0.8352131871707397,0.3948708188609221,0.2213883399963379,0.393066942691803,0.6365171074867249,75.01454162597656,3.267626732879725,14.329078674316406,4.4296875,0.5159103754885986
02874,0.7691671279616054,0.428703459202535,0.2863640785217285,0.35108286142349243,0.4214283525943756,71.80601501464844,4.70944991191876,12.773801803588867,4.01953125,0.13748440149768093
02875,0.5670468120009252,0.3388204513245394,0.3341487646102905,0.6113926768302917,0.37890946865081787,73.84497833251953,7.916434314378115,12.087690353393555,3.265625,0.6386757625586222
02876,0.8645055191389074,0.41251250662115235,0.29828375577926636,0.573369026184082,0.5925465226173401,73.97298431396484,3.4937113989309134,9.539921760559082,4.3125,0.29296199562395886
02877,0.5578235991743394,0.291354898123633,0.32009732723236084,0.5695592164993286,0.36956265568733215,71.70008087158203,6.06877291980079,12.559720039367676,3.794921875,0.4513309907297228
02878,0.8566138944847788,0.3530971774957378,0.24889123439788818,0.4707641899585724,0.515417218208313,74.22012329101562,3.565446030652808,13.260673522949219,4.5625,0.5298149268881089
02879,0.79797050623464,0.30532221027235995,0.3818603754043579,0.4535425007343292,0.4780119061470032,64.3177261352539,5.863467742208563,15.783434867858887,2.265625,0.63505183964035
02880,0.9056263752652826,0.3664786287697982,0.25016868114471436,0.43962252140045166,0.4692891538143158,73.5325927734375,3.8734218540703513,12.247011184692383,3.7578125,0.4407582809179552
02881,0.6491907232603803,0.2707771549765187,0.29280781745910645,0.5422032475471497,0.5882106423377991,72.7489013671875,4.075451266222617,9.900455474853516,4.7734375,0.24621359151858788
02882,0.8170988795748417,0.39206417418707923,0.23361659049987793,0.447045236825943,0.6078291535377502,72.03609466552734,5.228605125683398,10.240671157836914,4.6015625,0.5470235087071483
02883,0.7866291445389431,0.33683940847435917,0.30942434072494507,0.5749337673187256,0.3533845543861389,74.64579772949219,4.71110490537012,12.095956802368164,3.1640625,0.30380697347093044
02884,0.847192585307925,0.47032768893069926,0.24451488256454468,0.43877628445625305,0.5613279342651367,72.93404388427734,3.9189362410966937,10.965719223022461,4.359375,0.5363526190023626
02885,0.5573983152599299,0.29659383033419023,0.408710241317749,0.7255349159240723,0.3610381782054901,74.18174743652344,6.6993593962154305,6.479275703430176,3.728515625,0.44702113565708385
02886,0.757149482045159,0.37657298277425205,0.28557288646698,0.4934788942337036,0.47227177023887634,71.4465560913086,4.501549322264765,12.567181587219238,4.32421875,0.4108357008401102
02887,0.8406805352150813,0.5118497766336034,0.17396235466003418,0.2575122117996216,0.6490086317062378,74.87916564941406,4.556309940454545,15.255967140197754,4.921875,0.6288617037940796
02888,0.8759378819000232,0.35667476222134786,0.3369688391685486,0.5341916084289551,0.3492564558982849,70.58580017089844,5.586999237539012,13.093825340270996,2.771484375,0.3608329192769576
02889,0.6965378041111953,0.2854410294309438,0.37766337394714355,0.689746081829071,0.3182796239852905,70.6750259399414,6.407000033446826,14.903539657592773,3.173828125,0.3558788594370115
02890,0.3791807343796405,0.13595166163141995,0.33696091175079346,0.5089402794837952,0.5804696083068848,58.22796630859375,6.980917130138429,11.18127727508545,4.81640625,0.5534334390831266
02891,0.7285416219770868,0.3432773692243652,0.33958661556243896,0.6005517244338989,0.41973385214805603,68.82756042480469,4.82486235384908,11.655379295349121,4.30859375,0.40251745408378725
02892,0.7837021032551565,0.41299303944315546,0.2526124119758606,0.5368202924728394,0.5704565048217773,75.24201965332031,3.8932839959960623,9.811651229858398,4.96875,0.44008714137581767
02893,0.7115461155635538,0.3445484747810329,0.2987937331199646,0.5375229716300964,0.49425628781318665,73.8768310546875,6.43736435175919,10.314456939697266,4.18359375,0.48520845599472334
02894,0.8387982704650112,0.3594961564637235,0.33716249465942383,0.5731344223022461,0.47722792625427246,73.63324737548828,4.0004460573298735,10.524858474731445,4.00390625,0.20227237919009786
02895,0.5523796349066534,0.1935453430216099,0.4235159754753113,0.624617874622345,0.41991543769836426,72.8569564819336,6.068600785080547,15.799302101135254,2.95703125,0.28657112438773125
02896,0.8126162424347849,0.36541699272011574,0.29301583766937256,0.49496299028396606,0.3760433793067932,72.66539764404297,3.16518112557557,11.329861640930176,3.234375,0.40591512554527914
02897,0.8129228669364037,0.34904991227087767,0.2660515308380127,0.47519057989120483,0.6158927083015442,74.79060363769531,4.166290083118277,11.502180099487305,4.98046875,0.6038655763073562
02898,0.8656977130643595,0.4092073648298841,0.35578638315200806,0.3929316997528076,0.4661160707473755,74.27888488769531,5.116833949483619,8.878002166748047,4.453125,0.44746978775015284
02899,0.8380881063532375,0.39905413814561297,0.21360450983047485,0.3762620687484741,0.5079506039619446,74.34869384765625,3.025075332062002,12.661630630493164,4.89453125,0.32411958903425175
02900,0.7878996692437203,0.3966651468768319,0.2500009536743164,0.4542652368545532,0.5418765544891357,72.91743469238281,4.567306200936832,8.672797203063965,3.94921875,0.5598932841722913
02901,0.9066586078573831,0.3571366769532489,0.40954530239105225,0.680101215839386,0.294295996427536,71.64493560791016,5.623870108370576,11.961121559143066,2.68359375,0.250537681978591
02902,0.5588103918267697,0.2808932289796798,0.2235398292541504,0.3107755482196808,0.389501690864563,64.21830749511719,5.500693267783518,18.357913970947266,3.6171875,0.7605813334905738
02903,0.8272672089186881,0.4190082817030686,0.20559215545654297,0.4186975359916687,0.5444783568382263,77.19792938232422,3.8802332168948817,12.261575698852539,4.625,0.5009764279537033
02904,0.836020631722471,0.4067209162145871,0.2927669882774353,0.47725337743759155,0.30543527007102966,72.17625427246094,3.9600662314806896,9.992870330810547,3.62109375,0.42378274607686856
02905,0.4288305074078629,0.18916996850553694,0.3019554018974304,0.5878539085388184,0.627363920211792,71.33673095703125,3.7589440765439224,14.51840877532959,4.953125,0.3469574723920634
02906,0.7008212691437979,0.3121205920469272,0.40614181756973267,0.8534857034683228,0.402385950088501,66.5721435546875,5.897177649576123,8.695213317871094,3.4296875,0.4012602635194885
02907,0.870548578202125,0.372479671110305,0.3144909143447876,0.5404689311981201,0.33859139680862427,72.364013671875,5.767318940442325,12.394280433654785,2.994140625,0.2986388676229842
02908,0.9176212130559431,0.37825850832729907,0.2586458921432495,0.5049088001251221,0.5265212655067444,71.33806610107422,3.315652816260322,11.08254337310791,4.0703125,0.6120236518570948
02909,0.8169548783983845,0.3828882060978492,0.21997034549713135,0.41494932770729065,0.4249255657196045,62.22055435180664,3.7531675027319884,20.8992977142334,4.75390625,0.5380672004675704
02910,0.806350930224717,0.3106984180669362,0.25169259309768677,0.49625319242477417,0.5989447236061096,74.32295989990234,4.084390306014931,13.391803741455078,4.25390625,0.40526611869174517
02911,0.8378009935168644,0.3188405797101449,0.2799152135848999,0.4594426453113556,0.6168280243873596,75.5711898803711,4.385171701229106,10.691492080688477,4.703125,0.3188423563769084
02912,0.7846432450822891,0.33138300626520995,0.38261687755584717,0.6378015279769897,0.4553307890892029,69.59942626953125,5.342035628159742,11.196245193481445,3.666015625,0.2071002395366466
02913,0.6631857316294989,0.34704055707161,0.2558898329734802,0.4917723536491394,0.6423341035842896,72.92634582519531,5.872130827494077,11.160995483398438,4.96875,0.3703581839797793
02914,0.6942200171904779,0.2970133048710918,0.2766340970993042,0.4662590026855469,0.38697054982185364,65.0880126953125,3.918176498203439,15.510445594787598,4.11328125,0.3173219890171614
02915,0.759051388302848,0.36464177598385467,0.2190021276473999,0.47104644775390625,0.6636205315589905,74.70555877685547,4.148118124195955,8.082343101501465,4.97265625,0.5772149334535569
02916,0.6232725799538925,0.2468930734035003,0.3297162652015686,0.5118761658668518,0.4237150549888611,68.25672149658203,4.346353699878075,13.786628723144531,3.853515625,0.36548163718131754
02917,0.8613034702107605,0.37728904021349036,0.37955063581466675,0.4382729232311249,0.47881191968917847,69.65251159667969,4.613301362960378,15.363736152648926,4.046875,0.4280071192019315
02918,0.5972079206506758,0.3116335960858929,0.37082260847091675,0.5454496145248413,0.3498135507106781,60.35723114013672,5.887738797014995,12.995073318481445,2.908203125,0.5709517247793214
02919,0.8179704383166643,0.44081514669749966,0.2514573335647583,0.43015071749687195,0.5254247188568115,71.95048522949219,4.123365760344427,13.044337272644043,4.39453125,0.48221197392294546
02920,0.8980471738925053,0.4747346868601616,0.14748996496200562,0.30814191699028015,0.5741944909095764,75.68440246582031,2.9024016864582904,12.785892486572266,4.88671875,0.5385268006866378
02921,0.8611708840007497,0.40937418544584253,0.24880605936050415,0.383822500705719,0.3635401427745819,67.15937805175781,3.9350922023238106,13.272904396057129,3.55859375,0.36972653630050123
02922,0.8789512475696053,0.4125514242362621,0.43277508020401,0.5868944525718689,0.36049187183380127,68.218994140625,4.751567692326454,9.516316413879395,2.3515625,0.3228268574915361
02923,0.8388062508126801,0.3779897198205425,0.2881860136985779,0.5109164714813232,0.3630273938179016,69.6983871459961,5.262201510069797,15.767077445983887,3.83984375,0.4629122351837931
02924,0.8000101081470417,0.40274609677776546,0.342193603515625,0.479371041059494,0.31081053614616394,63.92351531982422,4.064178051695695,14.211970329284668,3.02734375,0.38791890794468825
02925,0.9186755346959199,0.4035181059422073,0.2991822361946106,0.44677063822746277,0.31472286581993103,72.51631164550781,3.3164603318591865,12.774715423583984,3.353515625,0.36579690892169814
02926,0.7860011878752903,0.33538221002774415,0.35187458992004395,0.407993882894516,0.573438286781311,74.01022338867188,7.858055673458365,11.803323745727539,4.40625,0.46662179096300693
02927,0.5649694632521487,0.3044079857679383,0.34114253520965576,0.7074788808822632,0.4028015434741974,72.80477142333984,5.734652830030295,8.475820541381836,3.775390625,0.4033746239748384
02928,0.7927198544210597,0.3619905466868813,0.2787156105041504,0.5676945447921753,0.5777820944786072,69.18559265136719,4.996420380342436,15.540781021118164,4.0703125,0.6208260764839132
02929,0.785527970220713,0.29981328354227793,0.4165126085281372,0.7413938045501709,0.267181932926178,70.45511627197266,6.411757371510179,12.106882095336914,2.1171875,0.27073952177901284
02930,0.8322614482707491,0.3302752293577982,0.34957367181777954,0.5576242208480835,0.3347962498664856,73.30682373046875,5.368259197759096,13.944364547729492,2.734375,0.3759155374948274
02931,0.8128241140919822,0.32280701754385965,0.2909417152404785,0.47392237186431885,0.5935094952583313,74.76947021484375,5.032805866965173,14.312548637390137,4.734375,0.49131284529376856
02932,0.6397924527720918,0.32593574031136135,0.34269553422927856,0.6100960373878479,0.24420686066150665,54.1732292175293,6.290523814477432,9.201050758361816,2.390625,0.5817869121739384
02933,0.8057141825516279,0.35023795926137447,0.29570144414901733,0.5108010768890381,0.2968292832374573,62.705257415771484,6.074273953622135,15.421365737915039,2.595703125,0.40802176839274534
02934,0.8572816288432137,0.3550522503018444,0.36313217878341675,0.6393951177597046,0.556616485118866,70.18650817871094,6.094778162531557,13.36992073059082,3.607421875,0.443332490817731
02935,0.7637961488391037,0.44029756651115876,0.21540623903274536,0.3750689923763275,0.4895531237125397,64.47852325439453,6.141914749519299,19.972049713134766,4.9765625,0.5907724281799692
02936,0.8755431345522382,0.4570693242799255,0.1863519549369812,0.3036222457885742,0.5716394186019897,71.91951751708984,3.5429232509159982,12.495706558227539,4.4921875,0.4843494937200802
02937,0.8089589008784775,0.3084021781539975,0.30817681550979614,0.7720783352851868,0.4162573516368866,75.10418701171875,5.729679312814383,12.904709815979004,3.291015625,0.380534115434216
02938,0.7584939265281382,0.286589737067271,0.29500824213027954,0.5863345861434937,0.31234830617904663,72.23100280761719,5.6115802392154706,14.801061630249023,3.376953125,0.262749061452433
02939,0.79203605750099,0.44703433922996877,0.2629055380821228,0.5627967119216919,0.384259968996048,67.97602081298828,3.7370737859055474,15.719907760620117,4.05078125,0.6259226453254759
02940,0.896503900361522,0.3684580877825666,0.2972928285598755,0.5299521088600159,0.4062582850456238,74.31732940673828,4.592304898347363,12.53029727935791,2.916015625,0.282469279352004
02941,0.7954032712117463,0.3524974582663737,0.3302879333496094,0.659177839756012,0.5450952053070068,70.96868133544922,5.479548684572268,13.777079582214355,4.0625,0.43216737847732206
02942,0.7438208117114714,0.3622436372621695,0.26861488819122314,0.39206820726394653,0.5125242471694946,65.6115951538086,2.8567098524742467,9.529341697692871,3.849609375,0.39051710248550664
02943,0.8013264110221288,0.31731843575418994,0.3639949560165405,0.5805906057357788,0.42296549677848816,67.46989440917969,5.378329074782875,13.802837371826172,3.53125,0.38096898991895517
02944,0.8181920914201078,0.40734787600459244,0.17639827728271484,0.369445264339447,0.5029042959213257,72.05183410644531,4.574364442129755,10.667162895202637,4.6796875,0.38928884358210525
02945,0.5281044071447202,0.19604125369875608,0.3606182336807251,0.3707379996776581,0.46464985609054565,66.27265167236328,3.976377103315757,10.355439186096191,4.32421875,0.11515439090868217
02946,0.5821758450768852,0.2830528375733855,0.28798264265060425,0.5673359036445618,0.5100014209747314,69.84584045410156,5.124622340258908,15.882172584533691,3.931640625,0.5254393851482019
02947,0.7255840445485344,0.31712393566698205,0.1920379400253296,0.3863246440887451,0.718397319316864,75.35073852539062,4.796286204388934,12.907594680786133,4.98828125,0.5960579152369792
02948,0.7724773755086066,0.39171191238572556,0.2565380930900574,0.47425901889801025,0.47649163007736206,73.26931762695312,3.9518705231738145,11.814268112182617,4.671875,0.46333671453063574
02949,0.7755589970495301,0.371826999616734,0.34958887100219727,0.5313180088996887,0.45194119215011597,72.64178466796875,4.976290376913571,8.64160442352295,2.310546875,0.4071541973128691
02950,0.8585694050882485,0.35892742294562907,0.30992311239242554,0.6295837163925171,0.6975618600845337,72.37350463867188,5.843664689714756,10.38558578491211,4.97265625,0.3000536623755239
02951,0.8084947927449987,0.3367279709353764,0.24665504693984985,0.5071434378623962,0.5616359114646912,72.91999053955078,2.7550742936716484,10.362045288085938,4.90234375,0.45805887736076245
02952,0.6421434843204229,0.34239522686811336,0.23754608631134033,0.40301626920700073,0.6367008686065674,75.0697021484375,3.9958370865842463,12.781495094299316,4.9921875,0.6065342754449298
02953,0.7130457249144418,0.3699890470974808,0.26040053367614746,0.5249900817871094,0.6043612957000732,70.74898529052734,5.940203873865437,15.545989990234375,3.794921875,0.6854399789525812
02954,0.8112450291260049,0.37624412964072435,0.2795965075492859,0.4584352672100067,0.56645268201828,70.63257598876953,3.8833768728856763,11.675406455993652,3.04296875,0.35669822609085344
02955,0.9029358063618508,0.5642734524891447,0.255268931388855,0.6070905923843384,0.39669331908226013,76.12566375732422,7.248888895528218,9.082740783691406,2.548828125,0.5558144371847356
02956,0.7444264830749118,0.3741319444444444,0.28099995851516724,0.7141926288604736,0.5004904270172119,69.03971862792969,3.7123340845777224,13.522693634033203,4.0859375,0.6500779241422958
02957,0.767052207897681,0.30465456804366153,0.286452054977417,0.5441777110099792,0.5092837810516357,74.58148956298828,4.978100669593444,13.563533782958984,4.88671875,0.27420183088528016
02958,0.7857594913443897,0.4096399671631289,0.20715749263763428,0.3412868082523346,0.5905319452285767,75.94331359863281,4.900736137985329,10.787372589111328,4.90234375,0.6544789022785023
02959,0.8072845615834662,0.31839935652523627,0.2928367257118225,0.6068891286849976,0.5115668773651123,70.03430938720703,7.652759781896841,11.738645553588867,3.955078125,0.23613044223432456
02960,0.8160246885498518,0.3589322044347629,0.40670496225357056,0.5609672665596008,0.3610628545284271,68.56645202636719,5.195871971134346,13.938772201538086,4.27734375,0.39877857870568423
02961,0.826493433854342,0.3814514124761826,0.35199981927871704,0.6376861333847046,0.5286425948143005,73.3757095336914,3.3091538573047,6.85858154296875,4.51953125,0.2918593984130438
02962,0.7257864464150013,0.41812833642008934,0.23223668336868286,0.4673196077346802,0.41158655285835266,71.19930267333984,5.605466244736736,16.7814884185791,4.625,0.7330422534218574
02963,0.6497670388386058,0.341948310139165,0.3177875280380249,0.7347673177719116,0.29407402873039246,64.9979476928711,5.8653937657943285,13.253290176391602,2.984375,0.5022304661660527
02964,0.6125277436269395,0.30466879489225857,0.2870978116989136,0.5981616973876953,0.6023676991462708,74.18881225585938,4.23045291611752,8.749175071716309,4.75,0.46673810574787805
02965,0.8391648498773173,0.41730002915735254,0.23121988773345947,0.4170360863208771,0.4383101165294647,71.33808898925781,3.3831651116387,12.316072463989258,4.140625,0.39350443672325763
02966,0.8485570798057337,0.3411954604036587,0.25604861974716187,0.46515923738479614,0.473039448261261,73.01754760742188,4.368395647160982,14.306171417236328,4.3125,0.3925232932759527
02967,0.8110658011544195,0.537568210437946,0.28412318229675293,0.40278351306915283,0.6218112111091614,72.98734283447266,6.477172629123862,17.837202072143555,4.15234375,0.7745573174604871
02968,0.7665758760375574,0.4525939177101968,0.3897068500518799,0.569515585899353,0.5065560340881348,71.80070495605469,5.945769813728777,14.494685173034668,3.60546875,0.6386698162534915
02969,0.8154712181347122,0.40578213732576146,0.3123733401298523,0.5459810495376587,0.6850690245628357,72.42967987060547,6.00169289994158,6.274643898010254,4.66015625,0.2859408870729626
02970,0.38321872880908475,0.14478764478764478,0.22818613052368164,0.3836672306060791,0.6834636926651001,74.4228515625,6.333026685859264,12.249922752380371,4.97265625,0.5927546543944268
02971,0.8469123390701582,0.4022943807116469,0.2709965109825134,0.4806002378463745,0.6184273958206177,74.1595458984375,4.819959521372643,7.986501693725586,4.65625,0.5254096688144797
02972,0.6217545634659544,0.21807768871288816,0.3388206362724304,0.6052650213241577,0.3754124641418457,66.52800750732422,6.6021719981900935,14.93583869934082,2.255859375,0.2706446226702829
02973,0.8664196800424802,0.3423302960047447,0.4154338836669922,0.6637359857559204,0.3682376444339752,71.72688293457031,5.9018718550971,12.13601303100586,3.234375,0.2866551223061811
02974,0.2815380476793504,0.152900294039027,0.38413190841674805,0.7736300826072693,0.34794336557388306,68.71770477294922,6.158347157617497,6.947124481201172,3.71875,0.32782412727207205
02975,0.46492703060819784,0.2101574293724391,0.2978190779685974,0.42721259593963623,0.6228166818618774,74.67255401611328,4.158682797617622,10.754537582397461,4.93359375,0.5107011698895909
02976,0.8635247882392648,0.33969648857216705,0.2732630968093872,0.5947906374931335,0.5220135450363159,77.0573501586914,4.981320186161139,13.376721382141113,4.375,0.25363472144148813
02977,0.8351005050901059,0.4128771108721776,0.22320419549942017,0.46875816583633423,0.5019353032112122,75.3711166381836,4.026370289497644,10.712313652038574,4.921875,0.5545202663367018
02978,0.8720566529802289,0.3386328192687576,0.31978368759155273,0.5528526306152344,0.6301776766777039,71.11772918701172,4.8861957567434,11.404556274414062,4.828125,0.5131368942778062
02979,0.6843661836013982,0.3589218259811768,0.32494741678237915,0.7316563725471497,0.5924255847930908,71.32313537597656,5.889527966787758,13.657723426818848,4.01171875,0.44165377079737106
02980,0.5774996027845518,0.23269715212843176,0.29978013038635254,0.5744592547416687,0.4236995577812195,75.48509216308594,3.7349438381762154,8.693181037902832,4.5078125,0.2909350732050331
02981,0.9025391905662876,0.3552035645212623,0.23202741146087646,0.4793529212474823,0.5765835642814636,75.5989990234375,3.637159246421388,12.956131935119629,4.73046875,0.4121498312833143
02982,0.7112749323741862,0.3378002088409328,0.29257893562316895,0.5219498872756958,0.631769061088562,75.5259017944336,4.482533351052549,12.36542797088623,4.265625,0.5945191613402565
02983,0.7914601986308281,0.42230835810785383,0.15758275985717773,0.4083169400691986,0.5039600729942322,75.47898864746094,3.001999802962808,10.355789184570312,4.97265625,0.429666740485763
02984,0.7451382058721404,0.33994200711945116,0.214127779006958,0.3848210573196411,0.5122476816177368,69.86417388916016,3.88783384548493,14.946755409240723,4.390625,0.5126365789788817
02985,0.8506255711196181,0.35982068806231826,0.19879508018493652,0.4092263877391815,0.4094894528388977,72.42822265625,3.607922271835276,13.471206665039062,4.0078125,0.25948836681813653
02986,0.755631705916637,0.31504463313738296,0.4580029249191284,0.6998612880706787,0.30724504590034485,68.71040344238281,6.241726394202019,6.663763999938965,3.353515625,0.39424293414959294
02987,0.8831816603913292,0.4573178199632578,0.28940409421920776,0.5670817494392395,0.7375798225402832,79.34434509277344,4.063962886253572,6.042770862579346,4.97265625,0.6303511199092373
02988,0.7692515891550675,0.31367877704983127,0.18852823972702026,0.3794723451137543,0.5906065702438354,76.22209930419922,4.796726858611911,15.202302932739258,4.90234375,0.5343669784622845
02989,0.7646986604910664,0.3194670280036134,0.2556524872779846,0.49746087193489075,0.4099685847759247,70.17750549316406,3.405296744301533,10.202349662780762,4.30078125,0.4397750856655114
02990,0.7391530899890181,0.3360224281954457,0.299846887588501,0.6507291793823242,0.4767724871635437,68.72551727294922,3.846795822445917,12.03792953491211,4.51953125,0.3252193525276255
02991,0.8117802196051549,0.42368384303868173,0.2750006914138794,0.5052180886268616,0.5965290069580078,73.72743225097656,4.924613953465798,9.839057922363281,4.734375,0.42707714102275307
02992,0.8293289752014815,0.38801635749422153,0.21073788404464722,0.48835238814353943,0.64629065990448,75.1904296875,4.022656559936083,9.925708770751953,4.984375,0.47539243068879355
02993,0.8921515739098848,0.3923173577454676,0.2426939606666565,0.681629478931427,0.5571972727775574,71.26300048828125,4.24757994740984,16.46080780029297,4.91015625,0.5344121334767551
02994,0.6530312584949769,0.30580399619410087,0.29338181018829346,0.5162156224250793,0.5941542387008667,65.41587829589844,5.186711977679269,18.904388427734375,4.45703125,0.4360464921200707
02995,0.6874097574681105,0.2905669172056167,0.1731041669845581,0.3004641532897949,0.5637738704681396,74.65291595458984,4.749725960621453,16.25196647644043,4.9921875,0.4908486863964023
02996,0.9014501305339419,0.348547006103575,0.24636656045913696,0.45136988162994385,0.5525419116020203,74.66006469726562,4.260713169990281,12.190896034240723,4.69140625,0.4790190395752148
02997,0.6381494149379586,0.27035871617369417,0.2964114546775818,0.5469867587089539,0.5980536341667175,71.97679138183594,4.880583794715534,14.233217239379883,4.55859375,0.521203596894383
02998,0.8208523611072525,0.37851013800489974,0.23230242729187012,0.38020193576812744,0.646737813949585,72.37477111816406,3.320969174986584,10.947190284729004,4.359375,0.37629020687719483
02999,0.8770230961068741,0.5417595384817098,0.28099215030670166,0.49832379817962646,0.4334871768951416,71.85814666748047,5.060092944273256,13.38161563873291,3.3203125,0.4749425484436852
03000,0.7647153286250086,0.37059005251776334,0.301547110080719,0.5926222801208496,0.3350149691104889,65.23521423339844,6.033588781000604,10.54309368133545,2.6015625,0.4036915038363254
03001,0.6681899273647596,0.3146165994034041,0.33380746841430664,0.6393309235572815,0.4782291054725647,72.74645233154297,4.439426514773149,12.732677459716797,4.93359375,0.4788468162476237
03002,0.7027334822966074,0.3432919954904171,0.32161086797714233,0.4848859906196594,0.4164375364780426,66.91350555419922,5.525849016099437,14.798430442810059,3.28125,0.6295276406674154
03003,0.8348475850448096,0.45810531436215496,0.31400203704833984,0.39793819189071655,0.42624983191490173,62.83021926879883,7.151480433588731,17.17456817626953,4.4765625,0.5401930442824171
03004,0.7737904599343493,0.37767109654001524,0.29913944005966187,0.572952926158905,0.4515760838985443,71.14962768554688,2.7940878901021895,9.486268997192383,4.0859375,0.2927805310905066
03005,0.7295232174582429,0.4482354473238703,0.2446138858795166,0.4345625042915344,0.4274253249168396,60.7808723449707,5.176187892093687,16.769577026367188,3.390625,0.765696564652185
03006,0.8120816398281651,0.4277613971422091,0.2965063452720642,0.5891431570053101,0.42508387565612793,71.15023040771484,5.5786857022120175,9.789019584655762,3.126953125,0.40577956977788854
03007,0.7259907690517576,0.3536682263617904,0.2869492769241333,0.42202574014663696,0.5884867906570435,75.61180114746094,4.947761586415688,9.442639350891113,4.93359375,0.602094468583333
03008,0.7664800348554928,0.3196962794229309,0.3724874258041382,0.655394971370697,0.5931931734085083,68.21863555908203,3.7025389641435225,8.80804443359375,2.6953125,0.3724315497219136
03009,0.5629379451852518,0.21359034267912771,0.2769853472709656,0.518904447555542,0.5518137216567993,75.23731994628906,3.573582156083315,12.262707710266113,4.88671875,0.5238134640681577
03010,0.7448378819180378,0.3241936083931694,0.4513236880302429,0.7333794832229614,0.3052297830581665,55.57783126831055,6.656264156061885,10.157037734985352,2.40625,0.30570269781550263
03011,0.8213347850524664,0.3080517723737203,0.26567190885543823,0.4591336250305176,0.4562121033668518,74.18292236328125,3.799676879575888,13.169550895690918,4.640625,0.49815026383797595
03012,0.8108239160223351,0.31228203277003463,0.31343692541122437,0.6250379085540771,0.5798810124397278,73.265625,5.091005556133332,11.503803253173828,3.814453125,0.2784881890500666
03013,0.7446927421372794,0.39379658983806015,0.36330294609069824,0.5920084714889526,0.5339655876159668,69.81356811523438,4.2437772171346895,13.382911682128906,4.671875,0.6138508542457152
03014,0.8647483393048236,0.43331293253613296,0.2267237901687622,0.40760523080825806,0.5972289443016052,75.38349151611328,5.94826663545549,14.147256851196289,4.5234375,0.7517793657562502
03015,0.6003631812227197,0.2864434639674712,0.32357388734817505,0.6096226572990417,0.3669768273830414,74.75202178955078,5.145859357666294,12.059789657592773,3.025390625,0.4218560624156628
03016,0.8198613057401717,0.40590531664394597,0.2621838450431824,0.47418615221977234,0.38506338000297546,71.83342742919922,3.211668161388939,11.528427124023438,4.07421875,0.3460647593493478
03017,0.7038045754985526,0.35887960978493827,0.2261713743209839,0.4036238491535187,0.46174120903015137,73.95335388183594,3.300619921599387,13.622428894042969,4.328125,0.4169452054483114
03018,0.6364986375936105,0.24191616766467067,0.31203925609588623,0.6401352882385254,0.5305001735687256,74.4897689819336,3.9057743135691076,10.901676177978516,3.173828125,0.3528687664770072
03019,0.8122694019207181,0.38997980492416107,0.19290053844451904,0.3775540590286255,0.6097114086151123,74.65406799316406,4.397232945661104,13.387920379638672,4.98828125,0.5350299496818823
03020,0.6774020772092849,0.3795233892321271,0.18303179740905762,0.3845188617706299,0.7016510963439941,73.8094711303711,5.688646235603882,11.586503982543945,4.96484375,0.6727606278176179
03021,0.5817344017058701,0.22982300280188614,0.4434519410133362,0.6288034915924072,0.37119030952453613,73.831787109375,6.624225754534589,14.465778350830078,2.65234375,0.2615623969303621
03022,0.7135999885033539,0.380509024306483,0.32637274265289307,0.579852819442749,0.4201149046421051,72.12242889404297,4.039902152993954,10.37817096710205,3.1640625,0.42387784595515693
03023,0.8640381487436263,0.34747486404223704,0.2898160219192505,0.49053993821144104,0.5768405199050903,73.58267211914062,4.4344041171753155,12.182472229003906,4.1875,0.3837649116568231
03024,0.825041429832771,0.37464129439299887,0.23276537656784058,0.44871100783348083,0.44271162152290344,71.15392303466797,3.1403933523014977,12.800110816955566,4.37109375,0.4489469971700228
03025,0.8412226527759757,0.4336852323747118,0.23392385244369507,0.412628710269928,0.5653237700462341,73.20470428466797,3.24701273807135,10.709663391113281,4.78515625,0.46129141637074694
03026,0.8630293935562651,0.3257705384324793,0.4411740303039551,0.6718982458114624,0.41088011860847473,69.07180786132812,7.174747457153975,14.012412071228027,3.41796875,0.16704276043948788
03027,0.8081675990847542,0.4131620297624549,0.2956048250198364,0.5951529741287231,0.5861263871192932,73.59170532226562,3.2314119415954874,8.84354019165039,4.1171875,0.3567258664124467
03028,0.6117949236298563,0.3050481903349734,0.33705443143844604,0.6283332109451294,0.47726112604141235,68.67059326171875,5.115417680462816,14.541872024536133,4.26171875,0.3820105435175234
03029,0.7161892576540017,0.29111980965538414,0.2804248332977295,0.5728544592857361,0.5260584354400635,75.20854949951172,3.835682120271903,11.929259300231934,4.98046875,0.3488324291894228
03030,0.8202723377816026,0.3476766614062774,0.2790919542312622,0.6412500739097595,0.5714784860610962,72.00604248046875,3.5632919546954622,13.915765762329102,4.96484375,0.4856268124272345
03031,0.7777302363434531,0.346690656727927,0.33030784130096436,0.5187479257583618,0.41580477356910706,67.75199127197266,5.200353689955281,11.935544967651367,3.130859375,0.4489768442183007
03032,0.7603637141611598,0.32786847551161186,0.26909440755844116,0.4266441762447357,0.5062984824180603,69.15962219238281,3.981226494100095,11.148634910583496,3.89453125,0.2601130770358939
03033,0.7934617500498982,0.3425068186844239,0.2649573087692261,0.571406900882721,0.42115432024002075,71.94078063964844,2.925457943508812,11.915582656860352,4.2265625,0.35933519195621866
03034,0.8175192409780707,0.3858356940509915,0.21752583980560303,0.3359297811985016,0.698246955871582,74.28235626220703,6.738341493140292,16.269027709960938,4.9765625,0.7190475170585724
03035,0.46958248652720874,0.17432014329913695,0.3639332056045532,0.6110677123069763,0.4728512763977051,66.37307739257812,5.099935105775783,16.653287887573242,3.876953125,0.4996126572720205
03036,0.8926047082848236,0.4316577000672495,0.2527589797973633,0.521473228931427,0.5190512537956238,76.72447967529297,6.464555154383382,13.518414497375488,4.703125,0.574181063081258
03037,0.8110658342660436,0.342585868366551,0.24770694971084595,0.5086516737937927,0.38006407022476196,70.11226654052734,4.119016738345268,11.967387199401855,3.904296875,0.28521376145542965
03038,0.9091346195703353,0.34843985034905695,0.38945716619491577,0.6739113330841064,0.3838943541049957,71.07473754882812,4.765467488008478,12.950246810913086,3.6171875,0.2480140794673667
03039,0.6790953987256668,0.35496088242611895,0.27296704053878784,0.5162116885185242,0.5783918499946594,73.46721649169922,4.485212211926908,9.125897407531738,4.84765625,0.4218645833732717
03040,0.734598617588474,0.33274900398406376,0.22438395023345947,0.45089951157569885,0.5922578573226929,74.40708923339844,3.7535272759963605,11.891497611999512,4.96875,0.45174608701576224
03041,0.879436717446468,0.43163799020187915,0.2543937563896179,0.38922175765037537,0.6049618721008301,73.481689453125,3.5272612564526264,11.469827651977539,4.87109375,0.5172121492993396
03042,0.8265550616787938,0.35763999955879594,0.2769007682800293,0.5200733542442322,0.5336887240409851,75.45358276367188,3.3294969529814455,10.289522171020508,3.939453125,0.28089855655498147
03043,0.7044061170188312,0.3476096346731093,0.22513139247894287,0.41520148515701294,0.6441214084625244,73.09317016601562,3.7241749726817472,13.40168571472168,4.98828125,0.5545327385706729
03044,0.8416911004258749,0.4296057222609909,0.25838029384613037,0.43504852056503296,0.5202017426490784,73.03849029541016,5.402082236395858,13.946486473083496,4.09375,0.5917679894722802
03045,0.7090211511326461,0.28990280603183827,0.3175557255744934,0.555765688419342,0.3953220546245575,72.65206146240234,3.5329049379318165,11.813100814819336,3.693359375,0.4151370073330004
03046,0.4969735644736689,0.206947352097387,0.26713812351226807,0.3545128405094147,0.6269871592521667,76.6900863647461,5.428477973236101,13.107523918151855,4.984375,0.6484373136071951
03047,0.7386246850439128,0.32067079401334375,0.4007365107536316,0.6201047897338867,0.3498938977718353,69.3227310180664,5.1949189648671465,10.255942344665527,3.830078125,0.26846394512568733
03048,0.869656097202767,0.4239068319309516,0.2715233564376831,0.44859862327575684,0.5587336421012878,74.76939392089844,3.6123763864246135,10.910888671875,4.86328125,0.5092622049282289
03049,0.550265406750393,0.2549523110785033,0.2978634238243103,0.5781825184822083,0.3686978220939636,59.131622314453125,4.805207541569372,12.939332962036133,3.75,0.4312635590818274
03050,0.8085656307896762,0.32666771430816377,0.20313942432403564,0.4830184578895569,0.4995651841163635,74.13233184814453,2.8540843448240816,15.627792358398438,4.703125,0.3785720800767117
03051,0.8182464868496865,0.3418500020638131,0.23824244737625122,0.5914477109909058,0.4227736294269562,66.00697326660156,3.4211996276417787,13.114068984985352,2.796875,0.3530427724306224
03052,0.7607083961199094,0.3980871050384287,0.247949481010437,0.36308571696281433,0.5939057469367981,69.47589874267578,4.581691341395381,10.284422874450684,4.73828125,0.6234214866348246
03053,0.7980200622825,0.31306794418463174,0.3369314670562744,0.5955545902252197,0.40855857729911804,69.462646484375,7.42466757385193,15.067832946777344,4.3671875,0.2717185352271141
03054,0.7595492952057051,0.3293128250525617,0.3509902358055115,0.5397676825523376,0.47329309582710266,66.26432800292969,7.9101551292426215,13.679153442382812,2.556640625,0.6491322608846178
03055,0.7484092822436527,0.32133329508619946,0.32716649770736694,0.4813443422317505,0.5103554725646973,68.83158111572266,4.713764502326705,12.314294815063477,4.95703125,0.2637551942760063
03056,0.7128609245600167,0.304320112393168,0.3481409549713135,0.543344259262085,0.3485310971736908,68.82886505126953,5.332763305700667,13.10894775390625,3.091796875,0.27091845571372436
03057,0.7616759175405375,0.3589008852274472,0.2745361328125,0.5840049982070923,0.6263601183891296,73.96841430664062,4.787126157764266,6.347439765930176,4.9765625,0.4737294704739976
03058,0.6817182591656099,0.30969582338532137,0.23747748136520386,0.3031635880470276,0.5277339220046997,76.43712615966797,4.144798728610965,14.800132751464844,4.80859375,0.5463547359710945
03059,0.8270534862212813,0.3459947274360924,0.3172544836997986,0.5131456851959229,0.5050946474075317,72.02729034423828,4.474030887916573,12.049771308898926,3.9296875,0.2813960719904539
03060,0.7268726630404173,0.34240598379389153,0.2260388731956482,0.46106913685798645,0.4983636736869812,74.14205932617188,2.915374139714357,12.86544418334961,4.84765625,0.4227200892878773
03061,0.5948920739936447,0.31975831763967355,0.2025548219680786,0.368043452501297,0.6021158695220947,72.07599639892578,3.750937830366989,16.697757720947266,4.71875,0.6181849905763344
03062,0.8760492601993621,0.44803821044297637,0.21875333786010742,0.3912605047225952,0.5511951446533203,73.40824890136719,2.6909622055453584,12.036991119384766,4.55859375,0.3330354277306052
03063,0.8008833305074523,0.4305660061867737,0.2103804349899292,0.35953962802886963,0.5049871802330017,71.77787780761719,3.774063558313974,14.208028793334961,3.849609375,0.5833982918297587
03064,0.7960659492483213,0.3250846023688663,0.3271554708480835,0.607823371887207,0.40224629640579224,73.2115478515625,5.232655203094737,10.51212215423584,3.556640625,0.24139154150261322
03065,0.8084656107119057,0.3573550697036642,0.30186325311660767,0.5258538722991943,0.4707249701023102,72.71626281738281,5.897578649314764,13.15280818939209,4.18359375,0.6098133496279589
03066,0.6072549368331351,0.2586306165219594,0.3322354555130005,0.5673584342002869,0.5883386135101318,73.13467407226562,6.44762902983431,13.484434127807617,4.44921875,0.3093646288373029
03067,0.8053583997089363,0.2993334920257082,0.3046354055404663,0.5434724688529968,0.5946559906005859,71.20030212402344,5.313990922963526,15.651988983154297,4.25,0.40158346876575957
03068,0.6981946141537899,0.3377546487275497,0.24898087978363037,0.5214572548866272,0.6326876282691956,76.3251953125,5.184952242674703,13.193964004516602,4.98046875,0.618229701022608
03069,0.7509097325221453,0.29214224360075586,0.37926191091537476,0.5491645336151123,0.4033326208591461,71.86200714111328,8.508179594005764,10.32095718383789,3.23828125,0.12187985155746378
03070,0.5016992084473224,0.20841376027922473,0.43194955587387085,0.6628003120422363,0.40989476442337036,65.34773254394531,5.062810635947788,8.499786376953125,1.72265625,0.35183575569925063
03071,0.8492266361925204,0.3599071546400782,0.2554609775543213,0.4972829222679138,0.5240763425827026,75.31576538085938,4.720542688546207,12.756233215332031,4.83984375,0.3568963091932036
03072,0.8761471852015146,0.3485690153656239,0.3869408369064331,0.5950818061828613,0.5329828858375549,71.57369995117188,4.860119583515425,12.50298023223877,4.42578125,0.2706900794978019
03073,0.78334378978831,0.38658848730190426,0.2983672022819519,0.5253791213035583,0.5468738079071045,71.75190734863281,3.6577969345246197,10.760637283325195,2.52734375,0.4449082862670942
03074,0.7909497895542713,0.40197560729765147,0.24749308824539185,0.45312756299972534,0.5076678395271301,67.53659057617188,4.281444733999328,15.962080001831055,4.2578125,0.38705258191588215
03075,0.8584976899428441,0.44341801385681295,0.18945443630218506,0.28183674812316895,0.5665974617004395,72.56614685058594,5.187141356595941,15.440422058105469,4.53515625,0.7325664145517816
03076,0.8697000559005417,0.4736127656037898,0.2513417601585388,0.4623773694038391,0.594721257686615,75.52804565429688,4.432179425286596,7.248234748840332,4.63671875,0.37777670444330835
03077,0.7318555866086066,0.3924687696593871,0.22772002220153809,0.46462178230285645,0.5796264410018921,75.27130889892578,3.96851140044426,7.55402946472168,4.82421875,0.6019831808666414
03078,0.6389277319538011,0.30838180604558024,0.30657511949539185,0.5154262781143188,0.5968602299690247,69.4294204711914,5.473483756574473,11.65427017211914,4.4375,0.6104674556668114
03079,0.8460029341243316,0.3561643835616438,0.2883669137954712,0.5627129077911377,0.4390821158885956,73.84786224365234,5.260601066168352,14.672353744506836,3.75,0.5000707812256076
03080,0.895109071530082,0.3428216555855922,0.30680233240127563,0.5787656307220459,0.4195375144481659,74.92195129394531,4.841571214808674,11.616857528686523,4.125,0.20355679811651242
03081,0.8657771452853866,0.46100870974275876,0.2546549439430237,0.36045628786087036,0.6134621500968933,73.32584381103516,5.958895492034655,14.599796295166016,4.234375,0.7586115528145214
03082,0.815324168076925,0.39499230496034093,0.20313537120819092,0.42065492272377014,0.5830577611923218,70.94273376464844,3.4792636476948706,14.309630393981934,4.27734375,0.25094351118459246
03083,0.7716969163610479,0.4050930619196302,0.25570058822631836,0.4807686507701874,0.5638287663459778,71.7369613647461,3.866426115881282,10.104909896850586,4.9609375,0.507163741272288
03084,0.8108078786460411,0.3280550398602162,0.23688876628875732,0.5911549925804138,0.6235000491142273,76.98828887939453,4.228098288767286,9.201759338378906,4.99609375,0.45775858540742104
03085,0.7915702271163912,0.3097420811384005,0.3993852734565735,0.6344301104545593,0.5171374678611755,71.95329284667969,5.206928248887572,8.67312240600586,3.4296875,0.3145787921344189
03086,0.9100978782457144,0.38316837413902877,0.23525357246398926,0.37205249071121216,0.5509799718856812,74.47071075439453,3.071755924594964,11.912933349609375,4.8828125,0.37350490972500755
03087,0.8316929344636008,0.3903896910417637,0.2006971836090088,0.3172034025192261,0.6855332851409912,79.54779815673828,4.701344274571795,14.810439109802246,4.98828125,0.7143508523430975
03088,0.7223748837107934,0.40506226092618214,0.23872417211532593,0.45213061571121216,0.46288418769836426,71.34774017333984,3.475609634422546,13.652419090270996,4.45703125,0.5498683132089508
03089,0.7838193835124021,0.29423725451299343,0.22632545232772827,0.4743883013725281,0.5769549012184143,71.48060607910156,3.7335322586360253,11.208757400512695,4.546875,0.25192349842048367
03090,0.7867622297444575,0.43223644454210847,0.24771618843078613,0.5010733604431152,0.513694167137146,75.88709259033203,3.5478019069989286,9.089011192321777,4.9453125,0.4878917029774491
03091,0.7456706337359038,0.31550596383224316,0.24637514352798462,0.6000396013259888,0.5190072655677795,71.38878631591797,3.142413277153838,11.285887718200684,3.984375,0.37977595823991256
03092,0.6837089027225517,0.26246937001027587,0.38776761293411255,0.7816374897956848,0.3499913811683655,72.119140625,7.9351277655200905,14.359199523925781,3.619140625,0.3368660528081227
03093,0.7958708259547189,0.34967511259325473,0.3055243492126465,0.4209049344062805,0.6753767132759094,73.23455810546875,4.538904535637215,11.781347274780273,4.87109375,0.44782427162021116
03094,0.8475468733566622,0.5145044319097501,0.1884629726409912,0.30572354793548584,0.6090298295021057,75.79762268066406,3.729339766403873,12.622685432434082,4.98046875,0.5282131327056432
03095,0.7253390212207003,0.38003798269677147,0.297049343585968,0.5655686855316162,0.5512024760246277,75.56855773925781,4.1521867475007515,10.055188179016113,4.83984375,0.3760265981588955
03096,0.7519716971309973,0.2941447421898285,0.2684204578399658,0.5108230113983154,0.5263518691062927,73.11634826660156,4.896802766059755,14.654046058654785,4.5234375,0.363495758889671
03097,0.5983727889016714,0.35304511721050774,0.32625365257263184,0.6157110929489136,0.540521502494812,72.55899047851562,5.246838709818054,12.44047737121582,4.16796875,0.4577590087958815
03098,0.7133888259331451,0.2886393943304512,0.2882939577102661,0.4267544746398926,0.6022207140922546,73.89966583251953,4.74455265913018,14.407875061035156,4.96484375,0.6905920840449787
03099,0.8851546402188287,0.39467704505898277,0.2059141993522644,0.44133538007736206,0.6067790389060974,73.89305114746094,3.7538911444900993,12.781377792358398,4.125,0.3652602915356089
03100,0.7688576542026346,0.3528133099239194,0.22477656602859497,0.46720021963119507,0.5259445309638977,71.54625701904297,5.324472638332561,15.871957778930664,4.51171875,0.6002771461041291
03101,0.8508972680550225,0.4058536585365854,0.26681143045425415,0.608772337436676,0.6485845446586609,76.03443908691406,5.0176189442829555,9.986433029174805,4.984375,0.5543260872813608
03102,0.5688286787972396,0.2668211664735419,0.3084058165550232,0.5211489796638489,0.35062944889068604,63.498016357421875,4.185130579296897,19.04064178466797,3.626953125,0.7507475670918669
03103,0.8352826188647112,0.3936527991973095,0.23504036664962769,0.5240201950073242,0.5454555749893188,72.6035385131836,3.505681041561835,12.171236038208008,4.58984375,0.44598995896671295
03104,0.6981747076612197,0.35481173960675777,0.23387271165847778,0.415530264377594,0.48182424902915955,74.0503158569336,3.4090607562507267,13.743936538696289,4.2578125,0.3902668506154126
03105,0.6600281744473213,0.275258035064915,0.3749030828475952,0.41703325510025024,0.5491313934326172,67.79952239990234,4.406309474415765,10.874070167541504,3.724609375,0.238636390456824
03106,0.5480080749702506,0.23018947241990212,0.32739996910095215,0.5788182616233826,0.5013647675514221,63.27762985229492,6.7080246092668165,13.150219917297363,4.34765625,0.3241692390569118
03107,0.8188402776671964,0.33534157770496426,0.2809489369392395,0.4905562102794647,0.6348767876625061,73.27340698242188,4.749949510753367,15.29771614074707,4.73828125,0.42444074208573873
03108,0.7445459692587527,0.2698977960551703,0.4022422432899475,0.7722854614257812,0.550635039806366,71.93124389648438,6.1818182836923175,8.169427871704102,4.62109375,0.16085374194132046
03109,0.7886851181795964,0.363191662826557,0.4811698794364929,0.7448235750198364,0.259875625371933,61.87896728515625,7.442093394195999,12.14237117767334,2.283203125,0.27382788238945355
03110,0.721630815729994,0.3324942925715624,0.38016241788864136,0.6801150441169739,0.41587498784065247,70.58523559570312,5.844608345580177,15.088197708129883,4.04296875,0.5721756050428215
03111,0.7074802516229325,0.34339209882897953,0.31529122591018677,0.5311209559440613,0.35435861349105835,70.33333587646484,5.198574431327386,11.409431457519531,2.419921875,0.5352901469676361
03112,0.8079128441069061,0.4505445322989706,0.23118621110916138,0.441303014755249,0.5491517186164856,76.24896240234375,4.988996652627344,9.840214729309082,4.921875,0.7001674425981153
03113,0.7692127154418203,0.35096538960859597,0.20899277925491333,0.32861414551734924,0.38227808475494385,72.03218078613281,3.5780456016750817,13.106700897216797,4.06640625,0.5178841400899407
03114,0.7799867810355161,0.46527108697556274,0.2965214252471924,0.6027378439903259,0.5932900905609131,75.36885833740234,4.564319259884898,7.575981140136719,4.9375,0.4364076671189484
03115,0.8604539228119533,0.4046428776647704,0.37318360805511475,0.69157874584198,0.4351067841053009,73.8652572631836,4.367447444124797,8.165925979614258,4.05078125,0.40341123880466795
03116,0.8927307806050151,0.37909980007564703,0.35285770893096924,0.5583476424217224,0.6287558674812317,71.35157012939453,5.0759842336569525,12.69265365600586,3.921875,0.47415001769695503
03117,0.7957169469465513,0.3460519342872284,0.2832512855529785,0.5539706349372864,0.39496707916259766,67.31832885742188,5.847641729416856,18.22669792175293,4.01171875,0.34186956088919196
03118,0.7495974199621822,0.3394515948517068,0.26699262857437134,0.6317821145057678,0.620177686214447,73.93470001220703,4.719821236246686,11.751176834106445,4.94140625,0.5194070646849913
03119,0.6363648395115118,0.3418181818181818,0.3200172185897827,0.5970877408981323,0.3909267783164978,66.98072052001953,5.16489868468987,16.607664108276367,3.97265625,0.594648731217178
03120,0.8130424030051734,0.40204507416832885,0.3042694330215454,0.555550754070282,0.3758595287799835,69.89643096923828,5.381204722297377,12.110896110534668,2.916015625,0.4440904885141074
03121,0.7163526445039101,0.3838263058527376,0.23055070638656616,0.36270126700401306,0.6013728380203247,73.59627532958984,4.240740858837401,12.04927921295166,4.76953125,0.5374789406856904
03122,0.8649314933995473,0.3303937625106734,0.3241986632347107,0.5682316422462463,0.43170425295829773,69.703857421875,6.684791805830733,14.515176773071289,4.6875,0.1544686052968171
03123,0.8175162156122899,0.4070511255432394,0.26925140619277954,0.3578900694847107,0.5263910889625549,73.61725616455078,4.295252662216998,11.369155883789062,4.78125,0.3641873626639943
03124,0.9022195180942529,0.3691371744457742,0.2517963647842407,0.5059332847595215,0.451136976480484,72.71778106689453,3.4268275547192824,11.593350410461426,3.841796875,0.21704224185530727
03125,0.5590245279065799,0.2419030674442358,0.33509600162506104,0.6066364049911499,0.37844011187553406,73.8432388305664,5.069192198349537,13.145712852478027,4.60546875,0.3988182504394828
03126,0.6936097853649276,0.3894261766602192,0.20230191946029663,0.38382047414779663,0.480224609375,70.7391357421875,5.8874603171886015,12.780989646911621,4.921875,0.5928322036754563
03127,0.8749219047214879,0.3538218562150489,0.23127514123916626,0.431255966424942,0.4995172917842865,72.30325317382812,4.061249342588516,13.387078285217285,3.814453125,0.2945294714867863
03128,0.8112918065142726,0.3510600460822367,0.29721999168395996,0.4790172874927521,0.31440088152885437,67.92456817626953,4.389325469785891,13.22638988494873,3.337890625,0.3709776726672139
03129,0.6287767214098188,0.3062597953351157,0.2453131079673767,0.447723388671875,0.6753295063972473,73.54987335205078,5.682920443293524,10.734162330627441,4.95703125,0.48260582134163305
03130,0.8270480471164408,0.33242976393501483,0.34142255783081055,0.5351006388664246,0.3537861704826355,70.33099365234375,5.395333639902169,15.811775207519531,2.294921875,0.48960009610617544
03131,0.8638560467316171,0.42843081695350016,0.20982730388641357,0.31380659341812134,0.5552253127098083,75.14627838134766,4.003753293534323,10.135178565979004,4.5390625,0.537994251769372
03132,0.48426960993676127,0.20023417511094407,0.4109331965446472,0.6281870007514954,0.4662691056728363,69.7342529296875,4.916692214289578,10.967272758483887,4.4375,0.22469022691972654
03133,0.7771284086573519,0.3576414229308183,0.24972474575042725,0.5801866054534912,0.39316046237945557,71.10343933105469,4.559490846261135,10.664372444152832,3.677734375,0.3710506595605375
03134,0.8877993006014989,0.4162648774402374,0.21939682960510254,0.32099449634552,0.6238587498664856,71.99114227294922,4.2404027271602,16.50757598876953,4.98046875,0.6368237831987923
03135,0.6067271550281659,0.25085446307924647,0.32724446058273315,0.6290058493614197,0.5032232403755188,74.26773834228516,5.473784247318619,12.452439308166504,3.828125,0.5103028049390497
03136,0.8453387716129327,0.4190615328425059,0.17593705654144287,0.30739712715148926,0.5931013226509094,74.16785430908203,4.5089712480890265,15.267139434814453,4.8515625,0.57848844787033
03137,0.7433934286873177,0.3502697981971866,0.37505602836608887,0.5680338144302368,0.2804548144340515,68.99542999267578,5.304548204395123,10.95593547821045,3.111328125,0.20690077738855586
03138,0.4245360610177617,0.16080524481489605,0.37021756172180176,0.7550332546234131,0.40811148285865784,74.02178955078125,7.153927990416281,11.954442024230957,3.298828125,0.27900202303469324
03139,0.7071417009338896,0.35347765083183,0.35310792922973633,0.6558788418769836,0.6476764678955078,76.13737487792969,7.070472133952187,7.349911212921143,4.73828125,0.3504893476527139
03140,0.6058601439065026,0.2912280701754386,0.3539965748786926,0.6861387491226196,0.640881359577179,75.37391662597656,5.562484559624855,6.769185543060303,4.23046875,0.3286153347403281
03141,0.7208492351005495,0.3362202534662906,0.35148024559020996,0.5417550802230835,0.3603929877281189,74.1362533569336,5.243581528606479,12.214096069335938,3.046875,0.3524702526907658
03142,0.8016078856020674,0.42619210586356376,0.17056256532669067,0.30708569288253784,0.5966339111328125,74.55315399169922,4.050281699866828,11.938034057617188,4.875,0.47835589835101966
03143,0.795569168690634,0.3343758540066195,0.342232882976532,0.5929578542709351,0.5986582636833191,73.93450164794922,5.6882746010043075,9.948638916015625,4.15234375,0.38229407491411704
03144,0.8016710179343192,0.4781408859840232,0.3005792498588562,0.5704436898231506,0.5453211665153503,74.53166198730469,4.759169800054625,7.565483093261719,4.29296875,0.4610118042532889
03145,0.8401727010835945,0.4366449276853128,0.21973085403442383,0.39912867546081543,0.4365697205066681,69.24918365478516,4.7395160935739735,12.545695304870605,3.435546875,0.42792229955578287
03146,0.8474427153902953,0.4038154484188699,0.2540537714958191,0.479699045419693,0.6349295377731323,74.23921203613281,3.865586331004607,9.372340202331543,4.88671875,0.3960500919808166
03147,0.7475277717483847,0.300256174778868,0.296283483505249,0.5942630767822266,0.6094165444374084,72.885498046875,4.822174086911243,11.608427047729492,4.34765625,0.1819312547565945
03148,0.7561106340957549,0.4208419193405946,0.1635603904724121,0.2875937223434448,0.5703380107879639,73.60585021972656,4.435571321614946,13.662686347961426,4.7421875,0.49106354204635005
03149,0.7547554366012543,0.39133718515161814,0.20454519987106323,0.2950499653816223,0.5655495524406433,75.57197570800781,2.98328923234557,14.733752250671387,4.96484375,0.500894375402097
03150,0.8955865620082504,0.3681892260934678,0.35000360012054443,0.6069054007530212,0.36123162508010864,69.0093765258789,6.444730737378723,14.81657600402832,3.015625,0.40600943698782327
03151,0.7250571968901182,0.3661155181751569,0.24411100149154663,0.6105700135231018,0.40434592962265015,71.73944091796875,4.474225500425073,12.551569938659668,3.591796875,0.49333446513778617
03152,0.8222861307978627,0.34466688673566476,0.2114906907081604,0.332192063331604,0.5129602551460266,67.50598907470703,4.6019860017176475,16.17059898376465,4.47265625,0.5761998581458762
03153,0.8233075145520142,0.43197500325478455,0.35137128829956055,0.6771566271781921,0.2914324104785919,61.09968185424805,7.363819345474946,13.226017951965332,3.478515625,0.5733880924107391
03154,0.8283566446923402,0.40341293084027935,0.17331701517105103,0.4443703293800354,0.49425533413887024,75.9955062866211,4.193645292235143,13.562788009643555,4.1875,0.5083448198512642
03155,0.8277248975520912,0.4318380425284008,0.26100432872772217,0.5227108001708984,0.6703287959098816,75.3281021118164,5.573954796367563,8.028975486755371,4.94921875,0.8363269962579412
03156,0.6452840780245326,0.26393842082331487,0.43969953060150146,0.6109744906425476,0.5047229528427124,71.9634017944336,4.552706679543838,9.331646919250488,4.56640625,0.2678584977855901
03157,0.825908599712518,0.3067489020160288,0.32758909463882446,0.47435900568962097,0.43154942989349365,67.01299285888672,7.908264450326416,10.261831283569336,3.603515625,0.4340740466330054
03158,0.7176846377695306,0.3460391449264466,0.305942177772522,0.5039942860603333,0.44790464639663696,72.4186782836914,4.680002453571984,10.603150367736816,3.951171875,0.33071961133675853
03159,0.7995299233667307,0.3185757236337912,0.24030804634094238,0.45098215341567993,0.6255046725273132,74.8818130493164,3.8210689604073047,11.833015441894531,4.7265625,0.5305717741527635
03160,0.8266856363198762,0.4415569280969584,0.21340858936309814,0.3309578597545624,0.6276861429214478,76.27828216552734,5.0875199890151315,13.197203636169434,4.98046875,0.7143690760961643
03161,0.7618235153940839,0.4620551871905493,0.20555204153060913,0.38539183139801025,0.5188421607017517,73.8355712890625,4.346199799305613,12.114255905151367,4.7421875,0.6093433327207042
03162,0.6995590737106574,0.2671714672919311,0.31508415937423706,0.5379356145858765,0.4966011047363281,69.4432144165039,5.5209883168066565,11.68368911743164,3.767578125,0.3705267254981145
03163,0.846480584292732,0.3676516932922838,0.2863312363624573,0.5432658791542053,0.502849817276001,77.02072143554688,4.413540864235867,12.380851745605469,4.04296875,0.5753140622108484
03164,0.6655283173205552,0.2820768931249894,0.307281494140625,0.5239319205284119,0.3616015911102295,69.02794647216797,4.466471513028084,13.487897872924805,4.2578125,0.3053691009983677
03165,0.7931489465640086,0.4577332026242365,0.17721319198608398,0.25432679057121277,0.5703180432319641,75.00249481201172,5.0423062189399355,14.970312118530273,4.91015625,0.7741551906567878
03166,0.8130225283939544,0.43165573109490124,0.27795934677124023,0.40261906385421753,0.4527333676815033,73.18339538574219,5.566491614118842,16.574438095092773,3.65234375,0.5885811689661503
03167,0.8938466901756064,0.42319807300352047,0.30296993255615234,0.44724029302597046,0.3459112346172333,70.1247329711914,4.7668017451122635,13.06467056274414,3.111328125,0.43505768874922524
03168,0.804034674893566,0.4105609902176083,0.336073100566864,0.573520839214325,0.40075579285621643,71.44076538085938,4.384766928716848,12.320669174194336,4.09765625,0.43446931207664236
03169,0.7780411429039495,0.38258989145183175,0.19281113147735596,0.38957875967025757,0.553683340549469,75.4520034790039,4.533644414975067,14.03530216217041,4.921875,0.42962092887073744
03170,0.693869695619201,0.3328523931999247,0.32074040174484253,0.6304140090942383,0.38443422317504883,60.105587005615234,5.358923074072714,13.944839477539062,2.615234375,0.4376268276541525
03171,0.8394724444856776,0.3568191914704576,0.3019266724586487,0.6236758232116699,0.32443636655807495,68.88783264160156,5.143073240431884,10.119962692260742,2.06640625,0.28515759862088874
03172,0.7595687688205639,0.36356316594648275,0.23269152641296387,0.42923784255981445,0.4214082360267639,70.14004516601562,3.6696414472845236,12.390052795410156,4.33203125,0.48089154931413386
03173,0.8626000320732424,0.5413210205039912,0.14292514324188232,0.3411652147769928,0.4978475272655487,58.20844268798828,4.087171676886287,13.83569622039795,4.90234375,0.6095822202537126
03174,0.7769534690820894,0.4008726479410963,0.30264484882354736,0.583130955696106,0.32589685916900635,68.6910629272461,5.124821488515695,13.814897537231445,3.5546875,0.3511859157160033
03175,0.8624765195997272,0.418796567009337,0.2858107089996338,0.49882233142852783,0.3382144272327423,66.52548217773438,5.214074022310866,14.457511901855469,3.919921875,0.3925654300982717
03176,0.9246662422262447,0.3686435701702877,0.30864864587783813,0.5514182448387146,0.5755247473716736,74.56160736083984,4.898195558375948,8.996211051940918,3.173828125,0.30248833657049506
03177,0.8471937169207028,0.37216302610548746,0.20112240314483643,0.35533830523490906,0.5833168625831604,74.1181411743164,3.3112693388475805,13.824801445007324,4.76171875,0.44513687931040524
03178,0.6921961674510335,0.27998119497392937,0.3509049415588379,0.6095330715179443,0.4054413437843323,72.46792602539062,5.532816306093505,14.15748405456543,3.3671875,0.46662714702909663
03179,0.8891152487014525,0.4235193229059861,0.2596403956413269,0.4121067523956299,0.5373431444168091,71.18272399902344,5.048433735337793,10.652995109558105,3.1875,0.4977279209870693
03180,0.7117611671184865,0.2608654783865396,0.4978257417678833,0.7033286690711975,0.35186490416526794,68.06790161132812,7.616889485985986,11.338967323303223,2.46875,0.16978528420474703
03181,0.6240404692822713,0.2761137131031478,0.3105349540710449,0.5040274262428284,0.6235367655754089,76.5050048828125,4.098238450327712,7.548077583312988,4.9921875,0.3976690989536851
03182,0.8532740922236287,0.31923145646987106,0.2797841429710388,0.4967016577720642,0.5981817841529846,73.96541595458984,4.252045027726349,12.558184623718262,4.828125,0.33775277222653355
03183,0.5649369288612669,0.23399164605215134,0.2527773380279541,0.4240903854370117,0.6207641363143921,74.46053314208984,3.9922667642765006,12.899662017822266,4.98046875,0.46242681758659876
03184,0.8851959109314521,0.34561853310136437,0.3687402009963989,0.7412109375,0.35068416595458984,71.8172378540039,7.983677248397269,10.958047866821289,2.865234375,0.1829736982250556
03185,0.7998943322107059,0.43172754825330995,0.2011740803718567,0.354853093624115,0.46321555972099304,73.78580474853516,4.01493169073636,15.483718872070312,4.76953125,0.6061596833543799
03186,0.8652604771905044,0.42906079979483047,0.20066994428634644,0.39803069829940796,0.46687400341033936,74.03716278076172,2.896900209695086,12.879809379577637,4.5546875,0.45769160408352666
03187,0.8920855348835789,0.3740351055970244,0.18406713008880615,0.3331587314605713,0.5023148059844971,75.3277816772461,3.686012550038957,15.217766761779785,4.828125,0.4768198371112478
03188,0.8227873037986796,0.32240886755799336,0.27701038122177124,0.7126399278640747,0.2352655827999115,68.6221694946289,8.461880010231841,11.200628280639648,2.49609375,0.22220409243499106
03189,0.8680459632106349,0.34332384970077506,0.2405417561531067,0.4255960285663605,0.5756862163543701,74.89204406738281,3.4167233645192123,10.341176986694336,4.86328125,0.4025967208283078
03190,0.520629068946584,0.24672187715665977,0.22731858491897583,0.45174193382263184,0.5818772315979004,74.57001495361328,5.753958437411633,13.317293167114258,4.875,0.6724829515553484
03191,0.8638290261923629,0.39134704079507243,0.22182834148406982,0.49728065729141235,0.48565956950187683,69.72018432617188,3.6701615360420874,13.925849914550781,4.953125,0.46484411346939597
03192,0.897001714921134,0.5327461607949413,0.1989491581916809,0.36303389072418213,0.5927884578704834,74.97764587402344,3.719045252633801,11.702859878540039,4.73828125,0.5811964101562843
03193,0.8560144832721666,0.3757548479051799,0.21483206748962402,0.35281985998153687,0.5179016590118408,71.71160125732422,3.111537192033837,11.562185287475586,2.462890625,0.2642981612645168
03194,0.8395443105066717,0.344443805360635,0.30246472358703613,0.5420339107513428,0.6351453065872192,74.68582916259766,4.090790276780464,10.989435195922852,4.71484375,0.3676998656799946
03195,0.745509568822497,0.34817791777548474,0.22502297163009644,0.41667553782463074,0.5420230031013489,65.74549865722656,3.734577502499921,14.263574600219727,4.94140625,0.4952033562615313
03196,0.8609066935127696,0.3387532440019067,0.3703889846801758,0.553381621837616,0.49088457226753235,74.64257049560547,4.382398689186292,13.400253295898438,4.1484375,0.29504354150774353
03197,0.7653590167515132,0.29595572584078333,0.3834912180900574,0.6121286749839783,0.6304591298103333,73.13125610351562,4.995427366945797,12.316104888916016,4.18359375,0.42222196229394265
03198,0.7164947581182175,0.3416220351951033,0.33515650033950806,0.5827448964118958,0.5943260192871094,73.75423431396484,5.43335413991384,13.479303359985352,4.703125,0.6079359552760334
03199,0.6536122382793366,0.2838176836092779,0.2716836929321289,0.4972739815711975,0.41970592737197876,68.51252746582031,4.502808207178836,12.007987976074219,3.65625,0.5651171323756914
03200,0.7861707712924827,0.3044713048966208,0.32547879219055176,0.6732779145240784,0.4948798716068268,72.957763671875,5.349468743020527,13.371274948120117,4.23046875,0.25198153959903064
03201,0.8082838288427463,0.33269843074823746,0.23280537128448486,0.3563701808452606,0.5808159708976746,73.9715347290039,4.556278105311131,12.317928314208984,4.56640625,0.4251677115465984
03202,0.8626365382036042,0.5542342342342342,0.31858617067337036,0.6172264814376831,0.2280030995607376,55.47629928588867,7.592812039750982,10.693340301513672,2.50390625,0.46485631454068777
03203,0.5710121934922964,0.24353184189335855,0.25856149196624756,0.46139881014823914,0.5575544834136963,76.12872314453125,4.154819340932708,15.49112319946289,4.85546875,0.5651773143540404
03204,0.8498611217511751,0.33837380662523225,0.26640164852142334,0.5430278182029724,0.485577255487442,71.4646987915039,4.514862286373059,13.553226470947266,3.99609375,0.28684687904728734
03205,0.8780634258899175,0.3974445458513551,0.3211195468902588,0.4991758167743683,0.35128334164619446,70.80897521972656,3.6307609598204835,10.17566204071045,3.990234375,0.2227323988260898
03206,0.8436385800723729,0.37894310589188096,0.19684040546417236,0.3918370008468628,0.5314126014709473,74.57947540283203,4.122438940893797,11.49655532836914,4.91015625,0.39950370484071246
03207,0.6258658798550609,0.2815202091292982,0.31532949209213257,0.48344630002975464,0.414451003074646,63.78961181640625,8.271842821193287,13.85313892364502,4.7109375,0.7558618686983736
03208,0.7362413436480588,0.34721646063220774,0.2618137001991272,0.4804424047470093,0.6281301379203796,75.53874969482422,3.8377997690371033,11.149417877197266,4.82421875,0.5494073528671897
03209,0.8299198274565313,0.33785521409283786,0.21967166662216187,0.5121091604232788,0.5421321392059326,76.71563720703125,4.0762288509807645,13.497652053833008,4.94921875,0.5637848833552588
03210,0.8093731234925862,0.3868797308662742,0.2470998764038086,0.48217201232910156,0.5620992183685303,75.93848419189453,4.494026078545697,13.874263763427734,4.97265625,0.6946026883735533
03211,0.856946440755645,0.4060127846584099,0.21556276082992554,0.4011121690273285,0.514468789100647,66.14907836914062,5.013215237384057,15.156707763671875,4.9453125,0.7443028380104981
03212,0.82656504140425,0.3303991165799022,0.21517324447631836,0.4220215678215027,0.560499906539917,73.57655334472656,3.9669643409208883,14.991806030273438,4.609375,0.4957040293857868
03213,0.751815022645561,0.37150481494372894,0.18403524160385132,0.4412650763988495,0.6231462359428406,76.13661193847656,4.526310820418836,12.906636238098145,4.953125,0.5153202608801322
03214,0.7977388822396024,0.33549293575833267,0.3504452705383301,0.7140875458717346,0.25272896885871887,65.93885040283203,6.905352868201414,12.290657043457031,2.279296875,0.31437737214697226
03215,0.7973575930212059,0.40237012539616923,0.30326932668685913,0.5050039291381836,0.3743128478527069,60.94929504394531,8.352747979328495,9.648032188415527,2.244140625,0.560666649286458
03216,0.06458543906990778,0.03067907618062737,0.3655860424041748,0.714939534664154,0.45395320653915405,65.08158111572266,5.368708768447063,11.464712142944336,4.17578125,0.5159102343752198
03217,0.6716867477685241,0.3766789667896679,0.29998672008514404,0.5161570906639099,0.49612563848495483,67.62744140625,5.506862408274678,7.365707874298096,4.71484375,0.30403288930839306
03218,0.8481904874890054,0.4371787549971445,0.20459282398223877,0.37141937017440796,0.48100125789642334,73.89228057861328,4.448435971560929,12.125551223754883,4.58203125,0.5975664142727642
03219,0.7044446192705263,0.30808529061586754,0.3388998508453369,0.48020532727241516,0.35935452580451965,68.24762725830078,4.260657613617899,11.080602645874023,3.25,0.3522395442996609
03220,0.7113340393914327,0.29414582734502254,0.34068286418914795,0.6152716875076294,0.5384832620620728,73.60228729248047,5.479476202274679,10.154295921325684,3.921875,0.5208992792107688
03221,0.8195105433262132,0.31036338698196086,0.3257627487182617,0.5422017574310303,0.6802261471748352,70.28053283691406,5.518464846111038,13.761229515075684,4.81640625,0.49241811401868135
03222,0.8129588253698998,0.3904024856871602,0.32607221603393555,0.5010746717453003,0.36179104447364807,66.5926742553711,4.348975240765659,17.187227249145508,4.1953125,0.5013930584206513
03223,0.846738139959884,0.4614845119812975,0.2019137144088745,0.2888469099998474,0.5992138385772705,74.06048583984375,3.508468302220631,13.151966094970703,4.921875,0.5209287156560661
03224,0.8558639073758755,0.482243611018918,0.31783604621887207,0.640374481678009,0.493197500705719,64.017822265625,8.017025311120015,13.936219215393066,3.501953125,0.771864576331482
03225,0.8262101481406253,0.4454395643762986,0.2535437345504761,0.47800976037979126,0.5382917523384094,70.66231536865234,4.006722844601289,9.36050033569336,4.36328125,0.46643030151508813
03226,0.7768189106893589,0.4247460757156048,0.21456462144851685,0.40018099546432495,0.529090166091919,68.61474609375,4.2858694070739,14.492570877075195,3.888671875,0.43942361685863385
03227,0.7495192584999537,0.2831654535205745,0.19754165410995483,0.4133530855178833,0.6539321541786194,74.74083709716797,3.91904707219755,16.8533878326416,4.95703125,0.6204952547003547
03228,0.8136266575967186,0.38643964730921254,0.312741756439209,0.4723989963531494,0.5485082864761353,69.83558654785156,6.13062537611429,12.70142650604248,4.93359375,0.5513460091112757
03229,0.8864191636025005,0.40277981145039027,0.3561578392982483,0.5176467895507812,0.3423178195953369,69.3827896118164,4.703999707074912,7.805289268493652,2.45703125,0.24700072933006084
03230,0.5797275115880913,0.2282791185729276,0.31891781091690063,0.49588027596473694,0.4007931351661682,63.85862350463867,4.491894660739281,14.428010940551758,4.1328125,0.4006913251536448
03231,0.6778780997756098,0.28249905908919837,0.1900445818901062,0.2556475102901459,0.6320768594741821,73.73291778564453,5.43213554522385,15.612071990966797,4.9765625,0.6887910190863114
03232,0.8668394237704685,0.4890953716690042,0.3152134418487549,0.48741990327835083,0.5411180853843689,74.97024536132812,3.6507595322939554,9.604207038879395,4.8125,0.30540425092812096
03233,0.7910621603534965,0.3452300317824207,0.4211835265159607,0.631622314453125,0.41756942868232727,67.4318618774414,5.5117840265500515,14.176125526428223,3.158203125,0.6296489379642266
03234,0.6812464503334179,0.27485808459989014,0.2911118268966675,0.5328676104545593,0.5278476476669312,66.30938720703125,6.046107600853003,16.26534080505371,4.00390625,0.4653292757599918
03235,0.4441514576658286,0.2041288937840662,0.24710214138031006,0.6075139045715332,0.4093644917011261,69.58250427246094,4.697418717857133,13.076936721801758,4.53515625,0.3894323590721436
03236,0.8052583623294689,0.3780049059689289,0.27953392267227173,0.5907397270202637,0.37841179966926575,73.0191421508789,6.742279676436984,12.523674011230469,3.279296875,0.48236634399217126
03237,0.8768452299693386,0.4095463441708293,0.21150946617126465,0.3037216067314148,0.430012971162796,71.50910186767578,3.3193707438403646,16.6993465423584,4.94921875,0.6689568696315957
03238,0.7418758423988724,0.2813239341412776,0.5326911211013794,0.7746277451515198,0.42326608300209045,69.92079162597656,6.171457752961745,5.09602165222168,2.087890625,0.10859684771922021
03239,0.7759050003047178,0.3831601762197564,0.27768975496292114,0.4377651810646057,0.525139331817627,72.5971908569336,4.582620799762936,11.650449752807617,4.5078125,0.4208977965316641
03240,0.6362842180271123,0.2639678266360887,0.2211289405822754,0.4063868522644043,0.36503198742866516,70.43128204345703,2.777486773790404,14.590076446533203,4.09375,0.31232006348793173
03241,0.9346762679930749,0.355802882141019,0.3515594005584717,0.5684044361114502,0.5190806984901428,73.17105865478516,6.819264161932928,12.858344078063965,3.9375,0.17632810713611
03242,0.5335791676765992,0.2306942613082612,0.49964624643325806,0.7747053503990173,0.36905887722969055,64.20077514648438,6.889552859481512,10.42187786102295,2.775390625,0.46166034410080525
03243,0.7319824290150192,0.41423647932131497,0.20218169689178467,0.28734368085861206,0.6014918684959412,75.78142547607422,4.985312714922741,12.061357498168945,4.98046875,0.5965950230801181
03244,0.7174416471913181,0.2951126813339757,0.37270182371139526,0.6007139682769775,0.48341843485832214,69.49042510986328,5.037920640448144,14.577651023864746,3.744140625,0.37009068624009434
03245,0.853727094198761,0.41268669973626315,0.2800348401069641,0.477527916431427,0.3205884099006653,74.59553527832031,5.1081999559690034,10.376481056213379,3.87890625,0.23442124691945904
03246,0.8211775128125386,0.403598148525516,0.22165662050247192,0.3197701871395111,0.520616352558136,72.3033447265625,4.178904082892735,9.617804527282715,4.67578125,0.6100856333090892
03247,0.8352331459395784,0.41229664435480295,0.2122398018836975,0.39784061908721924,0.5654723048210144,74.73079681396484,3.909473559065974,12.648164749145508,4.6796875,0.534631206361706
03248,0.712303859947134,0.29913473423980225,0.3761218786239624,0.7338670492172241,0.34463974833488464,58.17882537841797,6.754450676697923,14.231420516967773,2.140625,0.4591298985457806
03249,0.9599528816087163,0.6403762467227072,0.2517395615577698,0.2836896479129791,0.653877854347229,68.14309692382812,9.568517302831888,14.19969654083252,4.19140625,0.8254511551863807
03250,0.8167910733095449,0.3238538435022406,0.35020238161087036,0.6513043642044067,0.6017952561378479,67.22354888916016,6.4679643982032475,14.090457916259766,3.77734375,0.42744869042471173
03251,0.8330385937372534,0.39588278451512665,0.41290462017059326,0.6840907335281372,0.272500216960907,65.6969223022461,6.314503920445407,11.903675079345703,2.814453125,0.4079863867831614
03252,0.872060734684165,0.33793602460128436,0.41285479068756104,0.869575023651123,0.37006303668022156,68.59649658203125,10.39993433128432,12.839747428894043,2.958984375,0.3713689081819927
03253,0.6426031020695485,0.24657041873839333,0.31365400552749634,0.5657804012298584,0.5103476047515869,73.35694885253906,4.316313009605283,8.640373229980469,4.8984375,0.2691950638739054
03254,0.5633174467418371,0.28768494827010793,0.2419677972793579,0.41485804319381714,0.49517080187797546,61.78059387207031,5.9937614888453465,18.926136016845703,3.826171875,0.7185321321463721
03255,0.8646173299604194,0.33455583529924865,0.2557176351547241,0.5561143159866333,0.6525180339813232,76.37406158447266,3.82435467069122,11.051698684692383,4.9921875,0.47231120647401603
03256,0.7127178942711075,0.3590825563193357,0.24448132514953613,0.45432791113853455,0.5426394939422607,73.38846588134766,5.716481641547924,15.996723175048828,3.037109375,0.7144834102324171
03257,0.8534339794366199,0.38587306701030927,0.2165178656578064,0.34239742159843445,0.5622768998146057,72.67522430419922,2.975454871152315,9.762998580932617,4.69140625,0.40249170224181324
03258,0.697051480140844,0.30149585346319785,0.343639612197876,0.6549822092056274,0.4051835238933563,70.59571075439453,6.040000705999763,8.865179061889648,4.13671875,0.2726118265239933
03259,0.8167173913261111,0.3770013236387373,0.34840071201324463,0.6084688305854797,0.6106564402580261,74.90267944335938,3.943443268270513,9.965561866760254,4.92578125,0.38492117345530236
03260,0.6640694683479171,0.46779661016949153,0.2909764051437378,0.47624167799949646,0.3867647349834442,61.24458694458008,6.996585422780708,12.892026901245117,3.84375,0.747223737599607
03261,0.7772758247785456,0.32834191020898457,0.2839140295982361,0.4952126443386078,0.5435237288475037,69.53398132324219,3.30430857793445,10.758012771606445,4.12109375,0.3187368124846514
03262,0.7500887600353566,0.3245388612871909,0.2783849239349365,0.47776633501052856,0.6340105533599854,71.55522155761719,4.575833186672539,12.221632957458496,4.7578125,0.5283739734208179
03263,0.7677278996628005,0.4055989583333333,0.2748333811759949,0.2992522716522217,0.5071309804916382,73.72584533691406,6.156552489342383,11.271004676818848,4.78125,0.7624309367273986
03264,0.6361660087641979,0.2997176736307171,0.3968367576599121,0.8316327333450317,0.27752459049224854,65.74869537353516,5.498325819389842,11.41596794128418,2.6328125,0.48754557466983756
03265,0.7680292130750721,0.2938419361495151,0.2985726594924927,0.6265242695808411,0.5271992087364197,73.94844818115234,5.894601199099564,15.130252838134766,3.78125,0.23433909564853345
03266,0.6547923437642361,0.2502078137988362,0.21059095859527588,0.4118965268135071,0.6655808091163635,68.63765716552734,3.9810546143139005,18.159435272216797,4.890625,0.48434579990226245
03267,0.8775219844214626,0.33934983710256594,0.5429654121398926,0.591235876083374,0.39204052090644836,74.02718353271484,8.773050497547777,9.17393970489502,2.970703125,0.18758220595628494
03268,0.8958138703333786,0.34849986703092134,0.3794662356376648,0.5666435360908508,0.5663717985153198,76.8820571899414,4.172179599810285,10.60067081451416,4.6796875,0.33011452665048263
03269,0.7478962524709678,0.31522186027388593,0.3278467655181885,0.5899950861930847,0.29907822608947754,72.31422424316406,5.092550081019205,12.011772155761719,1.900390625,0.3489688496322971
03270,0.7060652515940797,0.30658511398840255,0.30233174562454224,0.6107916235923767,0.36060231924057007,70.26092529296875,5.246593647811454,13.902742385864258,3.888671875,0.3135185219663265
03271,0.8833363876769292,0.45752751751114346,0.1453690528869629,0.2881375253200531,0.525394082069397,72.5190200805664,3.0394446319318855,15.511758804321289,4.9140625,0.5919896120437957
03272,0.7520425015209409,0.2825104958282404,0.28503912687301636,0.4665273427963257,0.39716437458992004,74.00691223144531,4.702792505414833,13.866409301757812,4.16015625,0.3264519258872603
03273,0.8870902598257773,0.35100119976562716,0.3024488091468811,0.5034246444702148,0.42575472593307495,75.69988250732422,5.097493091618908,10.950947761535645,3.943359375,0.28131024990634157
03274,0.721783436378788,0.2665199791252345,0.45141464471817017,0.6435161828994751,0.4403741657733917,69.39482879638672,4.76656361392471,10.291098594665527,3.890625,0.2774637407051758
03275,0.6207269817251416,0.2640718353656406,0.22765260934829712,0.33309492468833923,0.6460494995117188,75.84635925292969,6.459308146373387,16.052413940429688,4.97265625,0.6035247612221784
03276,0.8107053989920703,0.32074480433003044,0.31794285774230957,0.506547749042511,0.46260568499565125,72.8504638671875,4.516618561949911,16.140914916992188,3.634765625,0.3311516770142653
03277,0.46907087078462845,0.17263951609562084,0.32087695598602295,0.6246962547302246,0.5342286825180054,67.87386322021484,5.499508897922049,11.30062198638916,4.04296875,0.2930810481675738
03278,0.7599264718431069,0.3544547892373979,0.3161705732345581,0.4546577036380768,0.5719080567359924,69.57052612304688,4.797270317135893,14.975198745727539,4.921875,0.257338970368635
03279,0.7490064179043824,0.28191469730707247,0.39990705251693726,0.7281040549278259,0.41897568106651306,69.15526580810547,8.27131498577765,12.068861961364746,2.265625,0.2564426680131712
03280,0.8161332668450636,0.30951167295341014,0.2559410333633423,0.47812414169311523,0.573738157749176,73.78665161132812,4.355151461446831,15.676880836486816,4.6328125,0.310459940478745
03281,0.7304493071111432,0.33282755630874733,0.16835695505142212,0.3436957597732544,0.49416714906692505,72.309326171875,3.2526431179415867,12.943497657775879,4.74609375,0.43503292983918596
03282,0.7356690658024735,0.30115125954633537,0.34461402893066406,0.6258916854858398,0.4265306293964386,68.45054626464844,5.1000824323344975,11.93931770324707,3.7421875,0.37503168167456563
03283,0.7385394472742073,0.28333243982201256,0.23507529497146606,0.47124290466308594,0.567024827003479,73.86931610107422,4.037984486781944,12.640637397766113,4.66015625,0.2778395879172815
03284,0.6582049384201346,0.3291207604234176,0.3093804717063904,0.6382784247398376,0.3985520303249359,73.26050567626953,6.782133985000017,12.666223526000977,3.228515625,0.3970870666001311
03285,0.3069424314740501,0.1288657210164904,0.31157398223876953,0.5203515291213989,0.48438116908073425,73.69477081298828,4.554443045959965,10.802186965942383,4.69921875,0.3402617865316662
03286,0.8335620706947858,0.3771916092673763,0.19328200817108154,0.2580772042274475,0.40588730573654175,69.52365112304688,3.063854837416255,13.929365158081055,3.876953125,0.5221433749785297
03287,0.7808854591583808,0.3783812939939049,0.18498146533966064,0.4995919466018677,0.5551877021789551,74.10955810546875,3.3891574866799807,12.811704635620117,4.75,0.32692618351781216
03288,0.8815119081292385,0.5836849507735584,0.1905534267425537,0.2771175801753998,0.5157955884933472,74.09454345703125,6.810701024756867,11.820871353149414,4.5859375,0.8530081643218301
03289,0.8683739992419338,0.3889766476980759,0.23580437898635864,0.5194673538208008,0.4668344259262085,68.4596176147461,3.817234958364839,8.972878456115723,3.951171875,0.35071360967542736
03290,0.6357050991590485,0.25928159186837796,0.3001166582107544,0.5439079403877258,0.5416700839996338,72.79878997802734,5.227927563044328,15.101408958435059,4.18359375,0.3328634747085737
03291,0.7684376147367752,0.3480400021391518,0.3129858374595642,0.5608572959899902,0.5911058187484741,67.33991241455078,6.439619341498941,8.761021614074707,2.380859375,0.4777236288196058
03292,0.8501581134649175,0.37932719719801256,0.44054651260375977,0.5657444000244141,0.3681676387786865,68.72837829589844,5.742683835195162,13.041473388671875,3.0078125,0.2932834222799473
03293,0.855798374176166,0.3473660043412924,0.33287912607192993,0.6339487433433533,0.4524250328540802,73.77345275878906,4.175877981082722,11.268539428710938,3.8671875,0.3368514067099242
03294,0.7039874899302823,0.3454364013203347,0.2074730396270752,0.40689241886138916,0.43279796838760376,64.91657257080078,3.5262782086128066,16.377546310424805,4.1953125,0.4701588633098297
03295,0.7933042591902302,0.4239219078215742,0.21644753217697144,0.372683048248291,0.5988105535507202,71.48120880126953,3.4316594841592813,11.508440017700195,4.86328125,0.4582321629695397
03296,0.6894831421153009,0.32902820103516667,0.32571327686309814,0.5631431341171265,0.33514395356178284,65.9059066772461,4.644147260634555,16.33913230895996,3.2109375,0.4620776078750521
03297,0.9090654390567141,0.36529415821780814,0.35648244619369507,0.5006543397903442,0.5838272571563721,72.9493179321289,3.4328111400790795,10.82385540008545,4.1953125,0.4854216522660283
03298,0.8662497888199593,0.34841148702604896,0.28453510999679565,0.45788028836250305,0.3509150743484497,66.91851806640625,4.309190013468865,13.080938339233398,2.474609375,0.25770178292025114
03299,0.8792190170175989,0.3797919056850101,0.27820372581481934,0.4669656455516815,0.3882438540458679,73.2218246459961,3.4227935406409498,8.06018352508545,3.8203125,0.19851814222651867
03300,0.6576852993414177,0.29590409042275934,0.3456399440765381,0.5260761380195618,0.38022735714912415,64.78336334228516,4.755779213630476,17.49909210205078,3.056640625,0.49387702811681566
03301,0.87141320936781,0.3651965406686963,0.2234025001525879,0.45339542627334595,0.535624086856842,71.82467651367188,4.346966703367501,13.918204307556152,4.58984375,0.4484711716960249
03302,0.7341341403101935,0.3592486303156796,0.26452869176864624,0.3551951050758362,0.6491400599479675,75.58061218261719,5.27542026372313,10.925149917602539,4.921875,0.5106236685262275
03303,0.8875592001106155,0.3783615847293334,0.3529813885688782,0.5735361576080322,0.29141753911972046,67.87236785888672,5.768796982245985,11.55275821685791,3.310546875,0.3177776466853012
03304,0.8062749998081135,0.3221881120726778,0.42200398445129395,0.7380627989768982,0.30787110328674316,70.28456115722656,7.935334296358565,13.166762351989746,2.384765625,0.2861854315186304
03305,0.8604293450189067,0.4436887377475495,0.19573485851287842,0.3918103873729706,0.3666137456893921,70.783447265625,3.2643677806246303,13.8268461227417,4.671875,0.44804522393971075
03306,0.8790741906555968,0.34007959743047955,0.2961735129356384,0.59154212474823,0.5347326993942261,73.70046997070312,6.004246464915613,11.614407539367676,3.73046875,0.19337041726990875
03307,0.9367686134000092,0.48045039242348336,0.30863285064697266,0.4145585298538208,0.41016700863838196,72.10313415527344,4.239587866364099,7.315199375152588,3.357421875,0.189212939319947
03308,0.727582375042616,0.35934076402781745,0.37539196014404297,0.7631112337112427,0.46190667152404785,68.51490783691406,6.057547424254139,11.538695335388184,2.841796875,0.5552967789906611
03309,0.8069198216951028,0.3725524695236898,0.20383113622665405,0.5117269158363342,0.5033438801765442,74.49099731445312,3.501713949382149,11.60654067993164,4.26953125,0.4517059904309029
03310,0.8089025468117461,0.338809946714032,0.3356889486312866,0.6965941190719604,0.28574904799461365,72.84168243408203,7.137422592167286,10.763051986694336,3.134765625,0.2504919352252547
03311,0.7676602961926291,0.29276356720052615,0.2833726406097412,0.5405851602554321,0.46999576687812805,70.2569351196289,4.437089590049409,14.677544593811035,4.17578125,0.462288368814412
03312,0.6130441874234828,0.2369429089157511,0.3308107256889343,0.4629720151424408,0.6406909823417664,76.0939712524414,5.4562767728794,9.038468360900879,4.984375,0.3809242005430659
03313,0.8436661380467055,0.4149775103685963,0.32344257831573486,0.5575470924377441,0.3617488741874695,72.94254302978516,4.370305253290655,11.824921607971191,2.83984375,0.618301231361961
03314,0.7725949393812396,0.4608590232074818,0.2731128931045532,0.534870982170105,0.5217178463935852,69.02521514892578,5.294258692469197,10.589534759521484,4.109375,0.34945870360186404
03315,0.6238354457496798,0.30241151302994945,0.35445666313171387,0.6890750527381897,0.43739068508148193,66.31507873535156,4.893780490511434,10.432458877563477,4.3046875,0.33118355798005583
03316,0.8555693043970134,0.3434252459470694,0.31845754384994507,0.4609930217266083,0.536345362663269,72.08094024658203,4.049178421569675,10.955001831054688,4.6015625,0.290487072617428
03317,0.8057885253572259,0.41858602042860005,0.2508053779602051,0.5456833839416504,0.5371090173721313,75.84321594238281,4.879991212724232,8.207576751708984,4.76171875,0.5872307869623901
03318,0.6913835015817543,0.3210442844943272,0.23203378915786743,0.37547561526298523,0.47272929549217224,67.23190307617188,5.493760079713573,15.892282485961914,4.5,0.36731942319098293
03319,0.5761158491043398,0.22040816326530613,0.34834587574005127,0.7059240937232971,0.2973024547100067,68.5981674194336,5.835571332356386,13.291024208068848,3.3984375,0.2348729755985993
03320,0.8464363482474789,0.424757500225232,0.2617793083190918,0.44535601139068604,0.4199037551879883,68.88518524169922,4.722207805081496,14.130170822143555,4.05078125,0.4354829310541159
03321,0.8641106736232417,0.37406004618937644,0.18758779764175415,0.31842586398124695,0.4912914037704468,72.01687622070312,3.553912696505704,15.555152893066406,4.71875,0.5677210310513889
03322,0.8001349517192657,0.30735322425409045,0.41404592990875244,0.6732562780380249,0.4419371783733368,70.71627044677734,6.942909888096403,13.107094764709473,3.51171875,0.21308915361682143
03323,0.8018099303483732,0.40106029368452056,0.18110400438308716,0.33244043588638306,0.5652026534080505,73.6707534790039,3.644534248010744,12.868852615356445,4.828125,0.522199312588216
03324,0.8891577137293801,0.5781356096614608,0.21103262901306152,0.332965224981308,0.5514490604400635,74.22872924804688,5.4073449782314595,11.12700366973877,4.93359375,0.7847081561791694
03325,0.8130656402597849,0.3282590412111018,0.2749664783477783,0.6177506446838379,0.3826548755168915,72.19895935058594,5.16860250896161,14.706097602844238,3.67578125,0.35761566501025965
03326,0.8764864727365368,0.5388255277845183,0.19521069526672363,0.3203844428062439,0.38393399119377136,65.6902847290039,4.161606737209879,13.043980598449707,3.966796875,0.6749126162791185
03327,0.7195740143600539,0.3900464884608999,0.20290100574493408,0.3244779109954834,0.6372014880180359,74.85533905029297,3.4839453271982497,12.83408260345459,4.96875,0.4773710562228224
03328,0.8088542039539417,0.44778427487556177,0.18251025676727295,0.31747689843177795,0.5845162272453308,75.36088562011719,3.426742526067247,12.977100372314453,4.96875,0.571895891069794
03329,0.639589185171386,0.34155555555555556,0.22205275297164917,0.4431551694869995,0.46724599599838257,66.39470672607422,4.280555212416076,14.936789512634277,4.4609375,0.6047047935034047
03330,0.7777013230674432,0.4511836212412028,0.2422924041748047,0.5004014372825623,0.6283277273178101,77.05992126464844,5.054195087696797,11.444535255432129,4.9921875,0.5666290418977599
03331,0.9348751484245222,0.44660443827303353,0.3951426148414612,0.612251341342926,0.44732651114463806,73.36456298828125,6.0008349069730755,9.076434135437012,3.15234375,0.2607033656386367
03332,0.8199050378288615,0.3540432039762952,0.36626148223876953,0.5188721418380737,0.44962042570114136,69.6971664428711,6.064891711651676,15.415925025939941,2.1328125,0.5461572390928842
03333,0.7802790875673622,0.33534891322111454,0.2841153144836426,0.5165620446205139,0.6205339431762695,74.54241180419922,4.461541893550519,8.149298667907715,4.953125,0.32904023761666285
03334,0.5407114624505929,0.2790513833992095,0.31875449419021606,0.4825042486190796,0.4040343165397644,66.6919174194336,8.175517293874432,14.042688369750977,3.333984375,0.6987885157982896
03335,0.8263061019611218,0.4253775122216187,0.18602347373962402,0.32100585103034973,0.5931694507598877,74.23316192626953,3.4063371155672226,13.264144897460938,4.84375,0.5349427980031174
03336,0.7401602820022145,0.2999790028696078,0.33939307928085327,0.5861098170280457,0.6383087038993835,75.58850860595703,4.960569518695232,8.718599319458008,4.96875,0.2897843188226195
03337,0.8803666705046406,0.3554079845224712,0.37436723709106445,0.5752853751182556,0.48415324091911316,72.89439392089844,4.6975091205133515,12.823705673217773,4.140625,0.23669661816331997
03338,0.8408794043536622,0.32403748236591084,0.3169860243797302,0.683276891708374,0.4565940201282501,73.89148712158203,3.721122788987911,13.384382247924805,3.83203125,0.21012548903709427
03339,0.8195619114727803,0.3767603283721551,0.2739923596382141,0.5992199778556824,0.5184190273284912,71.10005187988281,5.169080471055658,11.431930541992188,4.765625,0.3239960685951089
03340,0.8643274444325362,0.416530129255416,0.18059265613555908,0.40166276693344116,0.5376622080802917,69.9787368774414,2.765071360470916,9.734062194824219,4.078125,0.448944696722554
03341,0.7766323734219829,0.34144758195391106,0.29050785303115845,0.5363754630088806,0.47792667150497437,69.36566925048828,3.824335691687108,14.857606887817383,3.79296875,0.349652584339112
03342,0.7022040897634662,0.4277749619868221,0.28601717948913574,0.5713452696800232,0.43867939710617065,74.5444564819336,5.476139981539427,8.710968971252441,3.859375,0.4180837943766167
03343,0.7902481889856316,0.35503119066992134,0.3778979778289795,0.6804816722869873,0.3663772940635681,70.63482666015625,4.290999617775212,5.643582344055176,2.849609375,0.2872570585739831
03344,0.8572646386743641,0.32972238182659025,0.36380016803741455,0.5854403972625732,0.39500051736831665,73.90531158447266,6.138033131891845,13.85769271850586,2.349609375,0.4544705318839642
03345,0.8008865315613962,0.3766145092460882,0.35643959045410156,0.5902408361434937,0.3127700984477997,67.0224838256836,7.12276669377544,17.63593292236328,3.9140625,0.43631620230362644
03346,0.7824900343871137,0.40710636321411986,0.2789763808250427,0.4820164740085602,0.3600362241268158,71.45354461669922,4.5486631330448555,12.164630889892578,3.42578125,0.559478371882575
03347,0.38383942450751946,0.15601601950200245,0.4427032470703125,0.8662365674972534,0.345317542552948,53.54983139038086,8.925563999648102,11.970719337463379,1.9580078125,0.4538621954587414
03348,0.843246825825013,0.3876461816183973,0.313088595867157,0.5913995504379272,0.5677677392959595,75.3177719116211,4.444063349609455,8.713974952697754,4.05859375,0.5277363879286716
03349,0.7889631266444493,0.3231599214594811,0.3169857859611511,0.5606613755226135,0.2674432396888733,74.22994995117188,7.542657637195485,14.223017692565918,2.984375,0.36416246597851504
03350,0.5253586392972918,0.2567297707484623,0.31664013862609863,0.6740899682044983,0.4530554413795471,73.31936645507812,4.7827271335648485,12.856868743896484,4.16015625,0.4460758389794736
03351,0.8432138468727852,0.4475057559478127,0.26465892791748047,0.3639278709888458,0.6620357632637024,73.80838012695312,4.730188419756515,11.286903381347656,4.94140625,0.6192541661499932
03352,0.626609832366957,0.3614513519759649,0.16601932048797607,0.3453441560268402,0.5826208591461182,75.84376525878906,4.6326215958336014,14.482551574707031,4.984375,0.4093418503463416
03353,0.7397539269557262,0.3164803778870184,0.442909836769104,0.6995306611061096,0.5649561285972595,66.79574584960938,5.988972855740779,10.288071632385254,3.884765625,0.3338566464002033
03354,0.7009317624829297,0.3018590097551997,0.350588858127594,0.5949217081069946,0.4221307337284088,61.559810638427734,5.569242577537963,11.506526947021484,4.0234375,0.49266517921201364
03355,0.8765012845098512,0.3854452967961603,0.2864146828651428,0.5288573503494263,0.3339745104312897,67.81354522705078,4.639932353084442,8.961212158203125,2.0625,0.5674762804656446
03356,0.5949694530169843,0.30895891633207606,0.31407594680786133,0.5267460942268372,0.718268096446991,76.67694854736328,3.5468447946333654,7.218428611755371,4.98046875,0.37792507040589635
03357,0.8867757257212161,0.3608344586990772,0.29346442222595215,0.3578428328037262,0.5666930675506592,72.95604705810547,3.5047512626997657,12.393173217773438,4.34765625,0.17636984626167157
03358,0.7337305510047718,0.28361425382898486,0.3298468589782715,0.6334583759307861,0.6321372389793396,69.6571044921875,5.482478241906919,14.009025573730469,4.33984375,0.4449707005700244
03359,0.7461378692814417,0.37199921290830384,0.35240817070007324,0.8197458982467651,0.3390970230102539,62.00634765625,4.580095216129421,9.53966999053955,3.794921875,0.45100677672111056
03360,0.8902805353579316,0.34306428395885263,0.290075421333313,0.5745406746864319,0.5330389738082886,71.35076904296875,3.6921880741107636,13.020735740661621,3.69140625,0.2520229161428206
03361,0.8565844018282731,0.4154963680387409,0.25061148405075073,0.3970983326435089,0.4580812156200409,72.1702651977539,2.9590476424880396,9.832723617553711,3.95703125,0.3505559180616658
03362,0.865924581973489,0.34096672849085885,0.26283878087997437,0.5330121517181396,0.570099949836731,71.89159393310547,4.757100402310003,12.779618263244629,4.12109375,0.6209763699284728
03363,0.7296851689331397,0.2817242206485122,0.24757981300354004,0.46817976236343384,0.46152013540267944,74.83002471923828,3.588781347195247,10.008216857910156,4.71484375,0.22871043302226116
03364,0.5710199277289796,0.22653657570204547,0.26611965894699097,0.5262636542320251,0.5194101929664612,68.91678619384766,4.708343170450895,11.162984848022461,4.796875,0.32024533869409255
03365,0.6115787979239155,0.3383705125129927,0.27819323539733887,0.5649020671844482,0.6216292977333069,69.01055908203125,5.365218831681309,13.364381790161133,4.15234375,0.6709213242564092
03366,0.7468935777506087,0.3001252261026854,0.34433984756469727,0.6406146287918091,0.4947836101055145,67.88031005859375,5.307827440826412,10.998403549194336,3.703125,0.3139797489739968
03367,0.6244284945347007,0.32323952024700153,0.21777766942977905,0.4797798991203308,0.4348073899745941,69.60360717773438,4.7176712056541605,11.870891571044922,3.845703125,0.5316411038294061
03368,0.7482833245009611,0.28008804806948656,0.43515199422836304,0.7512041926383972,0.4416893720626831,67.37322998046875,7.2515402391495245,11.53052806854248,1.951171875,0.33146353793018196
03369,0.44741196248294945,0.1568673510136008,0.4076542854309082,0.6066260933876038,0.5670161247253418,67.17183685302734,7.39867736902088,10.102628707885742,3.80078125,0.2974915488218849
03370,0.7333824463024023,0.3062637177106196,0.32706260681152344,0.5294128656387329,0.33295610547065735,68.87376403808594,4.739507881956273,12.506725311279297,3.47265625,0.25851867781766263
03371,0.8908696293948467,0.3808109404248078,0.28874462842941284,0.5879408717155457,0.48330891132354736,74.63227844238281,2.7430674327921434,12.041191101074219,4.4921875,0.36184842464102285
03372,0.7816262563260408,0.5110923897781522,0.2737696170806885,0.3626042306423187,0.40675118565559387,63.08639144897461,5.3843390349980895,17.923505783081055,2.98828125,0.8096469036304276
03373,0.8495937614994357,0.37700706486833657,0.20351719856262207,0.3863788843154907,0.5728386640548706,73.70343780517578,3.9088307744772433,12.447824478149414,4.87109375,0.3890477890053815
03374,0.8369469068456046,0.4018331688997804,0.35663312673568726,0.49205267429351807,0.6110042333602905,71.36244201660156,4.550758203325685,9.476394653320312,4.171875,0.4905049232284098
03375,0.6727756528131374,0.3033803793922254,0.3036494255065918,0.613128662109375,0.4866712689399719,75.36880493164062,3.7645746617870297,11.605196952819824,4.08203125,0.3123468709349365
03376,0.8500872572802107,0.4245913871017696,0.25067412853240967,0.4441715478897095,0.6873967051506042,73.91356658935547,3.2578105643886572,10.739298820495605,4.85546875,0.39006830570623263
03377,0.8589592872201427,0.3308518022001008,0.3430114984512329,0.6064359545707703,0.5296269059181213,71.3980712890625,5.104237271434241,12.657523155212402,3.951171875,0.3189423898024562
03378,0.732755705273419,0.3796088489900609,0.23049193620681763,0.4071747064590454,0.5709429979324341,71.75159454345703,4.6327119632614755,13.077335357666016,4.84765625,0.38475046852563005
03379,0.705875642084697,0.2607346283043669,0.2618970274925232,0.6310313940048218,0.6162752509117126,76.52581787109375,4.900952513327582,12.49983024597168,4.953125,0.3654419537514547
03380,0.48957944903234385,0.1822085736399271,0.29328256845474243,0.5525370836257935,0.5316059589385986,63.03909683227539,5.2958608990610205,15.81174087524414,4.75,0.31112938973296417
03381,0.814012855005365,0.3545406653969283,0.28294336795806885,0.423014760017395,0.4493902921676636,66.67971801757812,4.175281126700137,16.175582885742188,4.90234375,0.30253339005837177
03382,0.770163957665538,0.3327858852235934,0.2653809189796448,0.4428020119667053,0.6632246375083923,72.94178771972656,6.258292008677374,8.192602157592773,4.94921875,0.5028499256205586
03383,0.8108261556654611,0.367408981027031,0.23787271976470947,0.4775301218032837,0.50334632396698,75.14523315429688,3.2541779901852865,9.701794624328613,4.93359375,0.35802908399348876
03384,0.6678328782793642,0.2653774662778602,0.364862322807312,0.5850412845611572,0.37736618518829346,68.55332946777344,6.625658697019232,9.554688453674316,3.259765625,0.2323482771450537
03385,0.8138960473494444,0.36026227455345494,0.33184319734573364,0.5317009687423706,0.5823412537574768,71.71920776367188,3.7816484383699867,8.72541618347168,3.634765625,0.25917752700700625
03386,0.7586359858538737,0.4826923076923077,0.31451719999313354,0.6943498253822327,0.39422887563705444,61.64640426635742,4.627247531726906,11.749552726745605,3.53515625,0.4824082125077129
03387,0.8124808588408535,0.30908482753727484,0.3627537488937378,0.568198025226593,0.5102906227111816,72.02125549316406,5.1079326816380926,11.403188705444336,1.8349609375,0.23944719757120897
03388,0.8546791830286589,0.35986190605978013,0.2231319546699524,0.41191262006759644,0.6570705771446228,73.64873504638672,4.048252523313589,15.068479537963867,4.7890625,0.5802162417143646
03389,0.8176193306984024,0.36400374838936395,0.2902885675430298,0.4853307008743286,0.48621952533721924,69.75469207763672,4.307845895928276,6.784727096557617,3.9453125,0.23826618681786238
03390,0.610810819231674,0.30029990003332224,0.27599138021469116,0.571487545967102,0.6496742367744446,72.64762115478516,4.717034786245802,11.677968978881836,4.87890625,0.5056114161386818
03391,0.7996996700901257,0.3561859193438141,0.2344006896018982,0.48784947395324707,0.5403420925140381,74.79238891601562,4.53711324421489,15.254081726074219,4.2578125,0.5867017457224971
03392,0.8648218666949854,0.3400086598830916,0.3824436664581299,0.523320734500885,0.42296355962753296,71.86550903320312,4.590052935706843,13.21032428741455,3.333984375,0.48300186943176515
03393,0.8622465221448607,0.41964833367409526,0.25669223070144653,0.46187230944633484,0.4470627009868622,69.49642944335938,4.904947049701489,13.59365463256836,4.2890625,0.7001487383625241
03394,0.7989718827597969,0.3608684938258084,0.39211761951446533,0.6357395052909851,0.35524895787239075,66.15815734863281,5.279364037965959,11.272801399230957,4.39453125,0.4155725672977889
03395,0.8673600852927021,0.38536717550356786,0.20064330101013184,0.48343151807785034,0.5931912064552307,77.23988342285156,2.8901560247474203,12.26664924621582,4.98046875,0.35798150373872545
03396,0.8995107961524661,0.3672155179183791,0.32322901487350464,0.5657728314399719,0.46451911330223083,73.78831481933594,5.014203213987795,11.155137062072754,4.1640625,0.40088433291029685
03397,0.8129217492540954,0.3641715467822113,0.2571553587913513,0.4409891366958618,0.5503908395767212,71.44403076171875,4.155473938413018,11.195985794067383,3.625,0.2167358636654109
03398,0.8512176476137457,0.531981893328085,0.22037410736083984,0.39355480670928955,0.46624842286109924,64.88168334960938,5.792039607989606,13.853403091430664,4.01953125,0.7013197240529351
03399,0.780726581857421,0.307388701207479,0.3384152054786682,0.6522719860076904,0.4898797273635864,72.05519104003906,5.503382828896978,8.874944686889648,4.3203125,0.3618248262800288
03400,0.8318763689563913,0.44963127371661776,0.23607468605041504,0.3371749222278595,0.49612635374069214,63.27618408203125,4.1567073266155985,9.80086898803711,3.916015625,0.3240176888988004
03401,0.7725753315548569,0.370096971642099,0.35871386528015137,0.5289185047149658,0.2911509871482849,69.54058074951172,4.6593217157347615,12.913066864013672,2.751953125,0.5004158279525063
03402,0.7910676461712288,0.3482192543127435,0.26504969596862793,0.5848417282104492,0.46882131695747375,68.02098083496094,4.478584755886369,12.206692695617676,4.25390625,0.33272475955665193
03403,0.7686762473260866,0.28100629521751386,0.3829166293144226,0.6267302632331848,0.6028518676757812,70.17364501953125,5.165996722059522,11.03160285949707,3.24609375,0.24824051860953414
03404,0.7419356144264273,0.39682059046177137,0.31110990047454834,0.5189916491508484,0.4564046263694763,74.2359390258789,6.0400834971862665,9.728944778442383,4.1953125,0.3736044934918301
03405,0.8091413728111059,0.36383050123554717,0.2616869807243347,0.4842332601547241,0.6083794832229614,72.65061950683594,5.998501550622163,15.362204551696777,4.078125,0.5303629838054771
03406,0.5780118451266429,0.22353109810922453,0.37422502040863037,0.5994771718978882,0.5625637173652649,76.4449691772461,5.242921914740541,8.443462371826172,4.4453125,0.1915034802690701
03407,0.8323746803702678,0.3491666432446106,0.22632163763046265,0.48636868596076965,0.5214465260505676,71.7882080078125,4.049462327781551,12.368463516235352,4.23828125,0.4021729598367216
03408,0.7365475708843878,0.39891153311718386,0.33441007137298584,0.5852880477905273,0.6026768684387207,73.63837432861328,4.243476866413877,7.95289421081543,4.15234375,0.2697941673275485
03409,0.7777260935582271,0.31910604732690623,0.3818950057029724,0.6873940825462341,0.3666919767856598,60.924781799316406,6.716674330368099,13.599013328552246,3.6015625,0.5300087343274618
03410,0.8695522806788659,0.48477671640219994,0.21979695558547974,0.3206244111061096,0.6232337951660156,73.49520111083984,5.194244974714281,10.77031135559082,3.1875,0.6908511278539472
03411,0.8896027780744511,0.3834322048950304,0.3014993667602539,0.5444360971450806,0.4749903678894043,73.35796356201172,4.019326642991428,10.506977081298828,3.953125,0.4106900186279056
03412,0.6333862537576695,0.24272079480548475,0.44639503955841064,0.9548213481903076,0.42822718620300293,67.28202819824219,6.254865707567811,13.576918601989746,3.83203125,0.24012828851937898
03413,0.8236262676235601,0.34316277411303264,0.2880026698112488,0.5906710624694824,0.6391064524650574,70.44580078125,5.057531034438366,13.07182788848877,4.2734375,0.5095209156116616
03414,0.6979466964204387,0.289849693820746,0.35609811544418335,0.7125773429870605,0.42579811811447144,64.0816421508789,5.4178003208838765,12.90730094909668,4.23828125,0.6000834451567914
03415,0.7683446716315149,0.33451776649746195,0.2544713616371155,0.5560108423233032,0.5280215740203857,76.75643920898438,3.6196287996033623,9.819820404052734,4.97265625,0.4239556042208876
03416,0.7599813114169235,0.279744921250856,0.4272312521934509,0.6204307079315186,0.3602304458618164,66.25569915771484,7.970871678596358,11.0713529586792,2.578125,0.10200419340676482
03417,0.8178961466580522,0.34839796849767124,0.23159199953079224,0.49542903900146484,0.5726819634437561,75.81341552734375,4.814303564289326,10.59272575378418,4.98828125,0.4089117335470905
03418,0.8228043102016253,0.31890486143242336,0.3442612290382385,0.5433049201965332,0.642732560634613,70.88451385498047,5.694940938161013,10.962472915649414,3.916015625,0.40375468927376224
03419,0.6004379163542678,0.3014450038888207,0.3190237879753113,0.6154234409332275,0.4704403877258301,70.46691131591797,6.14962557703576,9.209077835083008,3.419921875,0.42360238448640697
03420,0.8275701677282034,0.3199653623423716,0.38707858324050903,0.6815609931945801,0.35300421714782715,72.89496612548828,8.285398770296116,13.135509490966797,2.90625,0.20384815248695692
03421,0.5126164840783944,0.1951983298538622,0.4244588017463684,0.7005022168159485,0.4958362877368927,69.36465454101562,5.264766740543939,10.908994674682617,3.623046875,0.39549210728449735
03422,0.9284581820123915,0.413760336241948,0.21602469682693481,0.2729274332523346,0.6974819302558899,76.20169830322266,3.322730841108776,14.067754745483398,4.98828125,0.42866066785320645
03423,0.8779944216126284,0.3714440855168098,0.303263783454895,0.5410335063934326,0.3675549626350403,72.40149688720703,3.74877340496312,11.849960327148438,3.4765625,0.2186956450138506
03424,0.7148736287739164,0.3395171537484117,0.22743189334869385,0.4352788031101227,0.3795299530029297,68.70055389404297,3.634939669391377,13.697386741638184,3.953125,0.43724816023936136
03425,0.8543740365792368,0.3827206975131279,0.18853235244750977,0.3536725342273712,0.5950696468353271,71.346435546875,4.9957080151001225,15.583185195922852,4.48828125,0.4525261289124924
03426,0.7912152602357436,0.3241629634655178,0.276455283164978,0.538207471370697,0.3055259585380554,71.81499481201172,5.659644520672891,11.426094055175781,3.498046875,0.3516796860960228
03427,0.7136909756111482,0.3474850809889173,0.29721754789352417,0.5319181084632874,0.4965057671070099,72.53388214111328,5.744090970028148,16.485937118530273,3.8125,0.6914070027128996
03428,0.8221363346027033,0.3644764888488334,0.21242785453796387,0.3572000563144684,0.5598775148391724,73.98172760009766,3.373333520539371,12.145251274108887,4.8359375,0.38336554279907437
03429,0.6053262946512967,0.29467408585055643,0.2958771586418152,0.5155172348022461,0.6225245594978333,74.71144104003906,4.26614486488559,10.96310043334961,4.94921875,0.5644077481181559
03430,0.3636074737888658,0.17469233518868407,0.3312627673149109,0.7061184644699097,0.38048452138900757,71.51522064208984,6.395105452528811,12.40643310546875,3.216796875,0.2430978788913349
03431,0.8342344350997981,0.4446049277824979,0.17093563079833984,0.3544778525829315,0.5916085839271545,74.98194122314453,3.816766986631636,14.685836791992188,4.91015625,0.6149626478461543
03432,0.916319118459844,0.3583461450394164,0.2866755723953247,0.6988291144371033,0.5084920525550842,70.49168395996094,5.115511709703278,11.794012069702148,4.89453125,0.4185153144202232
03433,0.29222320989157663,0.09767649513752742,0.46688103675842285,0.6956228017807007,0.3851603865623474,70.78221893310547,6.459173198264923,9.051814079284668,3.294921875,0.2117941544557653
03434,0.800767176436641,0.4099070067212964,0.3277347683906555,0.7090628147125244,0.44586214423179626,69.92451477050781,4.784610023038532,12.47955322265625,4.76953125,0.5730613486981978
03435,0.8284299105883606,0.32998885172798215,0.26259809732437134,0.5056078433990479,0.4632888436317444,73.44508361816406,6.379010891539813,12.056374549865723,3.435546875,0.4679557518027189
03436,0.6861651133664018,0.3005763165282296,0.31358492374420166,0.4714964032173157,0.47182533144950867,74.91561126708984,3.15589953543334,10.809021949768066,3.984375,0.3002505952605016
03437,0.873176629825777,0.3937630236401523,0.2822170853614807,0.41495534777641296,0.510593831539154,72.76445007324219,2.830346274180231,10.02235221862793,4.171875,0.2972414648373893
03438,0.6624563364957644,0.2850946603364398,0.3271656036376953,0.605792224407196,0.5144116878509521,72.19528198242188,3.3793894711149313,11.922224044799805,4.75,0.34462994283322
03439,0.7348431727582685,0.3848583555423946,0.21782511472702026,0.41046571731567383,0.42863109707832336,65.60714721679688,3.520473314340734,11.197908401489258,4.015625,0.6112359850724889
03440,0.9030833403814837,0.3517299489177945,0.21665751934051514,0.51971435546875,0.551363468170166,76.1175308227539,4.5081180101728116,14.81249713897705,4.30078125,0.5232340278560678
03441,0.6049210388741083,0.2974726314366806,0.27528858184814453,0.5713099241256714,0.6478273868560791,72.64418029785156,4.645221183638168,11.678570747375488,4.875,0.5058702248425638
03442,0.842006133532824,0.36924319662915217,0.3700413703918457,0.6415088772773743,0.3400919735431671,71.43917083740234,7.0220019991592535,8.503645896911621,2.787109375,0.1685826303206311
03443,0.7499866661941252,0.4083889816360601,0.2597193121910095,0.551381528377533,0.5878340005874634,66.37832641601562,5.814455879487197,14.40135383605957,4.45703125,0.6521588113789214
03444,0.8035372892864721,0.3083735273187317,0.3641834855079651,0.6213419437408447,0.6169899106025696,73.15380096435547,4.741686134716179,11.77806282043457,3.8203125,0.3974115892503798
03445,0.8695451341772046,0.43298400441257584,0.20228826999664307,0.44045090675354004,0.5853043794631958,72.86750030517578,3.1780359134438245,13.16174602508545,4.6875,0.5758037881114779
03446,0.7636612064743813,0.32082224465449205,0.23260921239852905,0.5495758056640625,0.591260552406311,68.94889831542969,4.116391189879891,13.575825691223145,4.86328125,0.4479787954522927
03447,0.7486210352668339,0.36765476675790576,0.30533021688461304,0.47287559509277344,0.3261779248714447,67.35295104980469,4.57912436817256,16.68474006652832,2.8125,0.5078739312165558
03448,0.4357674881290192,0.21221945137157108,0.30876368284225464,0.6277891993522644,0.2716922163963318,64.58605194091797,6.43867007253278,17.72291374206543,2.23828125,0.6252980265080106
03449,0.8304829908834225,0.38201939740354507,0.2515064477920532,0.5294573307037354,0.4111340641975403,70.15738677978516,3.5180604024035538,12.033482551574707,3.779296875,0.31297095187154667
03450,0.9264685923171861,0.3516106740378482,0.32936686277389526,0.4260692000389099,0.6143810153007507,74.28026580810547,6.1748557363006435,14.286285400390625,3.927734375,0.4485122308945455
03451,0.7159307790200033,0.2923569277108434,0.28324365615844727,0.584496796131134,0.4028349816799164,72.74192810058594,6.077906855434229,12.802681922912598,4.2265625,0.38100773086403994
03452,0.8224559544708263,0.5123846204927286,0.1880398988723755,0.41086822748184204,0.4756907820701599,74.65058135986328,4.103449164348011,11.144330978393555,4.703125,0.6140544676080013
03453,0.7755814614021359,0.2885373897825941,0.32342594861984253,0.5744030475616455,0.4313453137874603,72.25699615478516,3.5114542712839047,13.628363609313965,4.53515625,0.2813962284056677
03454,0.6686646151171843,0.313927781871776,0.3066798448562622,0.4406239986419678,0.5080966949462891,69.80158996582031,6.83572047435281,11.3822021484375,4.0234375,0.4928513238815525
03455,0.6758798141757862,0.2655657634608675,0.4254741668701172,0.5963107943534851,0.6072971820831299,73.0885009765625,4.844789689651112,9.156733512878418,4.48828125,0.2826241226704298
03456,0.8936258276370159,0.34973025500117283,0.38156694173812866,0.6354244947433472,0.6678574681282043,72.52091979980469,9.845763220332863,3.6757349967956543,4.734375,0.1569116650233583
03457,0.8048113697508524,0.3178711537552583,0.2662848234176636,0.44166743755340576,0.5509660840034485,71.97083282470703,4.7778953965352535,12.045754432678223,3.6796875,0.19705173693903397
03458,0.7743693870708828,0.28524462516762555,0.39236313104629517,0.6656833291053772,0.4953859746456146,71.41190338134766,5.6196733918373525,10.850997924804688,4.2734375,0.24952925180220184
03459,0.36172471221917535,0.1963333183916805,0.36297857761383057,0.5861329436302185,0.45876261591911316,72.57073974609375,6.256754299610261,12.905998229980469,3.458984375,0.5865864692456977
03460,0.6652578819946694,0.2939211212516297,0.2778139114379883,0.4590560495853424,0.4029111862182617,70.11093139648438,5.415305017242991,11.40140438079834,3.80859375,0.3801516212980344
03461,0.8003860843748184,0.3619075698385789,0.4359860420227051,0.632044792175293,0.2871248722076416,62.99456024169922,6.0317871448577955,10.301045417785645,1.9619140625,0.32587198883255286
03462,0.8349231398140717,0.34994523548740414,0.33621954917907715,0.643517017364502,0.366344153881073,73.38699340820312,6.16445251681552,13.042011260986328,3.283203125,0.3635306898391448
03463,0.670625995039969,0.28542318878165346,0.36062365770339966,0.45981740951538086,0.42256689071655273,69.70694732666016,4.488125228135056,11.793986320495605,3.0390625,0.4633608210043534
03464,0.4563091654867459,0.2074271118298747,0.4233624339103699,0.5916986465454102,0.4542398154735565,67.55587005615234,3.8832673569724108,9.078190803527832,4.1796875,0.1903567483118121
03465,0.9080629929432174,0.3750560149916487,0.3189987540245056,0.42097675800323486,0.4749673008918762,73.71943664550781,4.37642503638489,11.683122634887695,3.1484375,0.4086285899881515
03466,0.859851829940179,0.338100692739868,0.2820291519165039,0.47674423456192017,0.5711724758148193,74.34322357177734,5.717941931912188,14.026627540588379,4.3203125,0.29483467145031894
03467,0.9080015966691131,0.36079832892718433,0.31092578172683716,0.4525998830795288,0.4647059440612793,73.34210968017578,3.3141046506467777,11.688514709472656,4.76171875,0.24810207582140176
03468,0.8004794040966862,0.37033668187107904,0.2534353733062744,0.38058656454086304,0.5394722819328308,73.96029663085938,3.52509930739061,11.875858306884766,4.39453125,0.23366392919244888
03469,0.7768442491857992,0.4645490640952921,0.2811587452888489,0.6059257984161377,0.38643646240234375,66.71697998046875,5.3927220659873685,13.030118942260742,4.96875,0.4842027648843464
03470,0.8531571003613241,0.34626261987897555,0.2700410485267639,0.4280910789966583,0.49657580256462097,67.88835906982422,4.452036164676464,14.333935737609863,4.75390625,0.4103135020331268
03471,0.78745409786659,0.3629234106457534,0.3011821508407593,0.6016928553581238,0.5292909145355225,68.63900756835938,3.8684271562653216,13.833283424377441,4.95703125,0.45563639929024624
03472,0.8793352389523864,0.3632283154306077,0.47967565059661865,0.6211455464363098,0.35674065351486206,68.01148223876953,5.13334534183169,6.799309730529785,2.51953125,0.15310761464203615
03473,0.8525818036895074,0.3791150616797577,0.2025582194328308,0.3851536512374878,0.5705569982528687,73.75971984863281,3.9201631882561454,12.47085952758789,4.8828125,0.389488929299503
03474,0.8281518289550313,0.4055224688684353,0.24013620615005493,0.5497704744338989,0.552516520023346,74.59610748291016,3.6442326939381218,8.050115585327148,4.93359375,0.37785060802707804
03475,0.8473564794820435,0.41652348224513175,0.19453924894332886,0.3586638569831848,0.568221390247345,71.20761108398438,3.402060765123532,15.037097930908203,4.875,0.4540143697307707
03476,0.5375689168112501,0.2245964693119432,0.36290794610977173,0.6341416239738464,0.3687279224395752,68.8638687133789,5.221890171754487,11.220979690551758,4.11328125,0.36428741826231953
03477,0.8039987837385266,0.339326160815402,0.33284735679626465,0.5133631825447083,0.5604385733604431,70.39556121826172,5.167483877397685,13.604469299316406,3.3828125,0.5043035916442415
03478,0.7970456121492795,0.32251975934882626,0.30055999755859375,0.46982496976852417,0.5438709855079651,74.68998718261719,4.1069700376883915,12.544408798217773,3.47265625,0.611361954326335
03479,0.750698130617126,0.32044736202285434,0.3029358983039856,0.5953567028045654,0.5787176489830017,71.54749298095703,5.160137037873197,11.868206024169922,4.328125,0.5524678052578812
03480,0.7228721460061078,0.3503841571140967,0.26136893033981323,0.5202599167823792,0.5101679563522339,69.38264465332031,4.359010022025218,16.305891036987305,4.875,0.542146477261838
03481,0.9205214594872343,0.46549606917243735,0.2600812315940857,0.3387376666069031,0.49103060364723206,73.10674285888672,5.227361561271844,14.048666954040527,3.64453125,0.5205411256007834
03482,0.8334230001658893,0.38463502717688686,0.2876822352409363,0.5476043820381165,0.4613955616950989,70.12577819824219,3.6595239829149206,10.426689147949219,4.40625,0.43816929654963566
03483,0.7140560064663684,0.3353353812296548,0.3077125549316406,0.4930233359336853,0.5548697710037231,76.47505187988281,3.6622836493633386,12.628561019897461,4.9375,0.3902867022071748
03484,0.8138858778675823,0.3231245545260157,0.40123987197875977,0.640156626701355,0.28058212995529175,71.09891510009766,8.172568048340475,10.231874465942383,2.470703125,0.17920834810930267
03485,0.7002781763862495,0.28998566455048125,0.21667760610580444,0.5370544195175171,0.47569459676742554,70.20123291015625,4.830101827764668,14.9488525390625,4.69140625,0.4538389529989444
03486,0.7215608467449038,0.3174461051036573,0.3625530004501343,0.4975719153881073,0.43529975414276123,68.17981719970703,5.050253838529082,12.048138618469238,3.712890625,0.3092156953661151
03487,0.7837750117314001,0.4887074829931973,0.312808096408844,0.7440121173858643,0.503441572189331,71.12034606933594,4.811635631685215,9.685447692871094,3.89453125,0.6227967113700712
03488,0.821193764796036,0.38876328485215317,0.15008211135864258,0.3614119291305542,0.40193304419517517,74.32999420166016,2.870144987736078,13.725133895874023,4.30078125,0.48841520629367463
03489,0.7169794700352534,0.3290909090909091,0.3032160997390747,0.5748513340950012,0.48575329780578613,66.22856903076172,5.664131108341004,14.787940979003906,4.8515625,0.5621156850722524
03490,0.8729615125152725,0.3673618213348748,0.2972601652145386,0.5119161605834961,0.388505756855011,71.57657623291016,4.618255937296618,12.901090621948242,4.80859375,0.28922116370031914
03491,0.5026038681042958,0.19353520016351797,0.29589247703552246,0.6204135417938232,0.5217480659484863,66.96329498291016,7.1370362236276685,8.694289207458496,3.013671875,0.3645397271936228
03492,0.8027986158738352,0.3081785445972902,0.3854745626449585,0.643818199634552,0.395620197057724,69.01463317871094,5.570421180405925,13.79318618774414,3.556640625,0.19669082040179642
03493,0.7769415410265149,0.4621556565926718,0.19082897901535034,0.3782823085784912,0.6346378326416016,74.1617660522461,4.396018502411345,12.385747909545898,4.8828125,0.7394989125761761
03494,0.8410701315374071,0.3530186126448971,0.25876760482788086,0.45233890414237976,0.42469295859336853,75.2509536743164,5.617660823607733,15.401473045349121,3.330078125,0.44506252644181693
03495,0.919058730910901,0.37197940610183294,0.25055938959121704,0.4556847810745239,0.4676325023174286,74.54438018798828,4.286735117366311,10.88354206085205,4.515625,0.2456244312384651
03496,0.8786006246049556,0.375265898921734,0.3219035863876343,0.5372411608695984,0.38702380657196045,74.21302795410156,4.40578920974938,12.257250785827637,3.69921875,0.5868437961699492
03497,0.8113491631820982,0.3740214554943462,0.26794010400772095,0.5355838537216187,0.6753683090209961,76.27067565917969,4.936664012580566,7.737897872924805,4.78125,0.4471515180386463
03498,0.738422541913899,0.29192427439465257,0.2507750391960144,0.47402194142341614,0.55694180727005,74.75334167480469,3.48037025912741,14.145698547363281,4.77734375,0.3894089255079982
03499,0.7848428728806889,0.3143961193784428,0.28275132179260254,0.6407675743103027,0.47748318314552307,71.8282470703125,5.742239308565617,14.797719955444336,4.1875,0.4827888268182723
03500,0.8167384331466442,0.3554203290511607,0.2588111162185669,0.5775270462036133,0.3441704213619232,64.52886962890625,3.991140239325797,14.211974143981934,3.8671875,0.6123836898396201
03501,0.8168492137395139,0.32882048230250077,0.2923309803009033,0.5176050066947937,0.43619292974472046,74.47557067871094,6.573193451745989,13.522778511047363,3.755859375,0.2966193157545887
03502,0.8249066675617689,0.333257537859839,0.3014633059501648,0.5295263528823853,0.3610401749610901,73.7988052368164,5.574597032458927,15.58183765411377,2.95703125,0.4408934573683711
03503,0.7498407655090508,0.35749360613810743,0.3682991862297058,0.5445878505706787,0.22079326212406158,67.21411895751953,5.485826790123105,13.66257095336914,2.181640625,0.4241127920944571
03504,0.8245504726214947,0.32962346052897235,0.3129066228866577,0.6682837009429932,0.4250826835632324,70.10253143310547,6.073271675177979,11.26823616027832,4.0234375,0.24519289509511272
03505,0.8651843240446823,0.41404065854416183,0.3416919708251953,0.5875905156135559,0.5654147863388062,77.0821762084961,3.646690424584456,9.573088645935059,4.828125,0.3440713429812333
03506,0.8060040172426501,0.3296480516725207,0.2904052734375,0.5424213409423828,0.47724318504333496,68.70796966552734,4.85051292999222,14.882942199707031,3.3515625,0.5264795922107913
03507,0.8023310278851608,0.4030335097001764,0.2718174457550049,0.529929518699646,0.45295029878616333,75.32852172851562,4.8894968852890965,10.854879379272461,4.46484375,0.5442145008923504
03508,0.8706257687715155,0.33255821464328394,0.29185086488723755,0.5127061009407043,0.570310115814209,74.65235137939453,4.01093692200899,14.115436553955078,4.73828125,0.5023517955129042
03509,0.8308593100449969,0.3270598974414047,0.3491131067276001,0.557681143283844,0.3359738886356354,73.32683563232422,5.40824746990853,13.948088645935059,2.72265625,0.376142669338479
03510,0.8270951024414483,0.3462642672081787,0.3402683138847351,0.5828264951705933,0.3446992337703705,71.15394592285156,4.672318332809856,10.782136917114258,3.572265625,0.33668206519280514
03511,0.8119772326350528,0.33224465558194777,0.24237263202667236,0.3278055191040039,0.6588873863220215,72.93402862548828,5.350556491789888,11.321993827819824,4.984375,0.6259223555223419
03512,0.821129756539538,0.37378298877242405,0.23888492584228516,0.4130904972553253,0.5997496843338013,70.91106414794922,3.2684418788373106,10.518840789794922,4.72265625,0.3656913448899909
03513,0.7774216110620286,0.3883177570093458,0.19092106819152832,0.47671204805374146,0.6010266542434692,75.25743103027344,3.2542421845446188,11.014752388000488,4.921875,0.41371116943594183
03514,0.821278045210385,0.3240120782460286,0.22612804174423218,0.5017037987709045,0.5112195014953613,74.58747100830078,5.148627775619163,12.395781517028809,3.357421875,0.3966302458883968
03515,0.8765620898723624,0.46094124171309014,0.2423771619796753,0.469282329082489,0.6237935423851013,74.94242858886719,5.288273189491892,9.805109024047852,4.7109375,0.48157894425271447
03516,0.7780248346089698,0.30288013776864003,0.2896776795387268,0.4894733726978302,0.5217067003250122,71.85669708251953,4.980659024086983,8.677508354187012,4.51171875,0.35416254619204923
03517,0.8404796217316437,0.3537125061465334,0.267242431640625,0.3891768753528595,0.5352017879486084,70.29845428466797,5.4609970292047745,14.800238609313965,4.40234375,0.7250606748571726
03518,0.7995698341681249,0.3472762645914397,0.3048073649406433,0.6821930408477783,0.4587392508983612,67.8135986328125,4.502179128919915,12.112631797790527,3.966796875,0.564404318859462
03519,0.886200432028612,0.36196875,0.31012052297592163,0.5615313649177551,0.5794787406921387,74.90670776367188,3.745173650328508,12.17629337310791,4.0625,0.4856227707368393
03520,0.8434352697861799,0.415278487480838,0.24176490306854248,0.4318687617778778,0.576310396194458,75.2243423461914,3.9382659449725255,10.533834457397461,4.16015625,0.6373029714172995
03521,0.8032444559918641,0.42530965527533204,0.21506226062774658,0.3551233410835266,0.587167501449585,73.46964263916016,4.306471437512429,15.088216781616211,4.9375,0.6056485088025118
03522,0.8878566326953575,0.37100167545195123,0.2754574418067932,0.5186795592308044,0.41034144163131714,72.3095474243164,4.2356130855177145,10.846009254455566,3.841796875,0.20200745203959525
03523,0.7965281731476809,0.35178134893599966,0.2747640013694763,0.4621129631996155,0.5616879463195801,73.10821533203125,3.9029541877115195,11.762863159179688,3.857421875,0.28753563221070416
03524,0.8828747712532998,0.6508304364619544,0.2294347882270813,0.29542291164398193,0.623185932636261,71.48494720458984,11.520385181174538,16.716773986816406,4.765625,0.9113811754201037
03525,0.4433347739402673,0.15619869599887423,0.40584003925323486,0.5462884306907654,0.5960812568664551,67.07440948486328,4.909314362428233,10.061689376831055,3.650390625,0.4730256068770008
03526,0.7039994029072869,0.39688954200342885,0.26668715476989746,0.5180309414863586,0.41075077652931213,65.69508361816406,4.899793757409968,16.213268280029297,4.359375,0.48674269968381645
03527,0.9339935098352786,0.36977337836783375,0.2717245817184448,0.5556779503822327,0.618307888507843,76.15386199951172,4.365998012225745,12.368112564086914,4.3125,0.3987671041475706
03528,0.7372856367241953,0.3528130522335922,0.2806328535079956,0.5302509069442749,0.47547051310539246,72.93514251708984,3.0642645014215906,8.091870307922363,4.0078125,0.28697577544924063
03529,0.9135564731956761,0.533438402941949,0.2600078582763672,0.4178345799446106,0.5342491269111633,71.6202163696289,5.105125559064364,9.418307304382324,4.40625,0.6048202242862104
03530,0.8884292493433498,0.36064276750150054,0.3321771025657654,0.6178946495056152,0.4671483039855957,73.95037841796875,3.620427023621896,12.305745124816895,4.08984375,0.4028302386891262
03531,0.6765591613036053,0.26997285067873306,0.3440035581588745,0.5765112042427063,0.3676028251647949,72.99913787841797,6.054394535622941,17.094696044921875,3.337890625,0.5286878828609691
03532,0.7690052199104909,0.33877761540445284,0.3172779679298401,0.6371408700942993,0.42555952072143555,65.0650634765625,2.8263584070703542,10.602834701538086,3.419921875,0.3832885567076313
03533,0.8209916560136422,0.41435168395348276,0.21220242977142334,0.40398794412612915,0.3916204869747162,69.7656478881836,3.049216590988086,11.412403106689453,3.94140625,0.4194471062798292
03534,0.8362473039517712,0.48336454963391795,0.20777451992034912,0.3958219289779663,0.363437682390213,72.97745513916016,4.722499254490309,13.09578800201416,3.462890625,0.5651827794164217
03535,0.700338735399062,0.339335976514028,0.2732187509536743,0.4501216411590576,0.6027571558952332,73.46827697753906,4.182874977215171,13.996559143066406,4.8515625,0.4642693933847502
03536,0.7921776436376099,0.376534630530461,0.36465567350387573,0.4652082622051239,0.3900894820690155,65.60633850097656,5.397141409566555,15.629472732543945,4.0390625,0.5264568738546881
03537,0.6408956092392921,0.26644076864773286,0.2704312801361084,0.5191723108291626,0.5234946012496948,71.60118103027344,4.13169657689312,13.263487815856934,4.6640625,0.4172696406787892
03538,0.7940927993153213,0.30988128741017984,0.2243894338607788,0.4407898187637329,0.5920439958572388,74.42748260498047,4.3440312394938365,14.448270797729492,4.76171875,0.379180098958604
03539,0.6611948927480855,0.2648832321803862,0.29667729139328003,0.5412943363189697,0.4381866455078125,64.00923919677734,4.769842426877208,17.643531799316406,4.05859375,0.3290562341311755
03540,0.8616699230124927,0.3625030674846626,0.3519139289855957,0.6003090143203735,0.5422963500022888,75.03176879882812,4.801327233057686,6.205478668212891,4.26171875,0.34873479971827215
03541,0.40714204501748225,0.15535294034751485,0.3534301519393921,0.6412275433540344,0.38180452585220337,67.93599700927734,4.203798619915811,9.420453071594238,3.427734375,0.18897496855766405
03542,0.853534485524579,0.3868966168074364,0.26457691192626953,0.4251615107059479,0.5319494605064392,73.80476379394531,3.2201360174970852,11.045197486877441,4.3984375,0.31940420548174325
03543,0.6846731640360525,0.2790669494092699,0.28503507375717163,0.5296149253845215,0.6302303671836853,73.1519546508789,4.447699765263466,8.009482383728027,4.34765625,0.411411462749225
03544,0.8707069881405387,0.3487157088380063,0.36209022998809814,0.7660362124443054,0.4954451620578766,71.6587905883789,4.422855615380242,10.048067092895508,4.4375,0.3804057732840872
03545,0.4909180596221127,0.2022805017103763,0.3845037817955017,0.5311525464057922,0.6194742321968079,73.07121276855469,4.3201641412847716,13.309259414672852,4.59375,0.38524357995343583
03546,0.8027934219359986,0.4289716403758297,0.1873784065246582,0.31649327278137207,0.5678799748420715,75.71614074707031,3.3295636926613983,11.68406867980957,4.8984375,0.5794679946736787
03547,0.6486412693134774,0.34275204815248284,0.23701858520507812,0.41934269666671753,0.5591646432876587,69.96835327148438,3.200708891174649,12.667609214782715,4.82421875,0.45383708464022876
03548,0.6277130547029716,0.3338823690892869,0.4330589771270752,0.616988480091095,0.36525219678878784,65.4000015258789,5.147899275793206,11.410822868347168,2.53515625,0.33697984909841333
03549,0.626799758720871,0.2348832431692118,0.3493935465812683,0.6648612022399902,0.47737401723861694,72.13639831542969,5.664424968016135,14.676172256469727,3.3359375,0.3569479389856989
03550,0.5553809888371272,0.23593964334705075,0.33233630657196045,0.6445145010948181,0.5991585850715637,73.09341430664062,5.278309510053572,10.602201461791992,4.875,0.47671164930975013
03551,0.8592779708258942,0.3289091766106825,0.32900887727737427,0.6899597644805908,0.517319917678833,69.69837188720703,5.472809213966299,12.825222969055176,3.779296875,0.25073987773921946
03552,0.8272592065255571,0.4338387869114126,0.2943832278251648,0.4815315008163452,0.46787169575691223,74.37920379638672,4.459793297241685,10.884477615356445,3.984375,0.4017492827511562
03553,0.7976490829764891,0.3201230585168885,0.20969367027282715,0.39429181814193726,0.495540052652359,74.12608337402344,5.4159328769714685,13.339009284973145,4.03125,0.40787447105603986
03554,0.6970353048368355,0.35522987650647225,0.31072187423706055,0.571229100227356,0.423606276512146,66.61886596679688,5.54955916099275,12.65369987487793,4.390625,0.38479527530941693
03555,0.8585890653586691,0.45589273112208895,0.283642053604126,0.49612751603126526,0.4364050626754761,71.658203125,3.5045474254772047,11.996068000793457,4.3203125,0.49870559262356634
03556,0.7977498320184073,0.31149407326383466,0.29879534244537354,0.509838342666626,0.6801993250846863,75.60063171386719,4.253316837182755,10.955211639404297,4.9296875,0.43092222580312184
03557,0.8351101723950848,0.32751218516745284,0.4141671657562256,0.48949524760246277,0.4575953185558319,67.91605377197266,5.01252295186583,13.019942283630371,4.2109375,0.18787867778405828
03558,0.8316715729376137,0.34443742098609353,0.2376028299331665,0.4359911382198334,0.6017367839813232,71.24868774414062,5.5153340261324155,11.309584617614746,4.1875,0.376024477492012
03559,0.7778004776518517,0.3306904090825277,0.27410781383514404,0.4747316241264343,0.5632728934288025,73.30110168457031,3.4032538345666463,9.070384979248047,4.4296875,0.43926510697883864
03560,0.8864307927816656,0.35715842457578745,0.23302727937698364,0.44657987356185913,0.46957874298095703,77.30712127685547,3.851204722547626,11.744928359985352,4.76953125,0.39189050853580687
03561,0.9220602039732898,0.7278821311360939,0.2325156331062317,0.38565120100975037,0.4782388210296631,71.50713348388672,6.1813079646131595,13.02754020690918,3.27734375,0.7194667405399815
03562,0.7375841937247595,0.34311836333073675,0.293140172958374,0.5527891516685486,0.5101227164268494,72.55709075927734,3.6110707816434617,11.525671005249023,4.32421875,0.37518817950947864
03563,0.8617646854265486,0.4908417038190901,0.24464333057403564,0.40052369236946106,0.6586311459541321,74.5031509399414,4.330384785128389,12.075352668762207,4.4140625,0.6734234144568165
03564,0.6792469257548701,0.38974358974358975,0.36228883266448975,0.5727822780609131,0.5718066096305847,70.66859436035156,6.034168759325934,10.091756820678711,4.68359375,0.5448353075758176
03565,0.8166776022134326,0.31162150846342485,0.34275978803634644,0.5773419141769409,0.5949313044548035,68.71023559570312,5.981534697815782,9.688928604125977,3.87109375,0.43269465443227945
03566,0.7274134136919691,0.3324080837594351,0.27514559030532837,0.5315375328063965,0.4022035300731659,67.16179656982422,3.8437618148381865,15.725687026977539,3.859375,0.6231838568975004
03567,0.8394740637138071,0.3319663133490819,0.276741623878479,0.5849050879478455,0.5437741279602051,73.06002807617188,5.9151155594647395,12.097188949584961,4.26171875,0.2108447918423593
03568,0.9133659103828696,0.4459847295175177,0.43675827980041504,0.6946561336517334,0.44151222705841064,67.17945861816406,5.059761225013013,2.4528472423553467,3.005859375,0.14125336317365345
03569,0.6015769126212636,0.3061155630535639,0.2663848400115967,0.5392330884933472,0.5441645383834839,72.49518585205078,4.836895984110058,12.721146583557129,4.43359375,0.5552147600569202
03570,0.8321906554424496,0.31715584952459697,0.31981927156448364,0.6474090814590454,0.4866894483566284,70.4248275756836,5.098427171137084,11.73103141784668,3.849609375,0.3883583706082166
03571,0.6132550062350693,0.29659391836361976,0.313742995262146,0.5725763440132141,0.588876485824585,71.27349853515625,5.34206724266577,14.577476501464844,4.1328125,0.5897961094963586
03572,0.7508998798402926,0.33015741507870755,0.2551235556602478,0.5267176032066345,0.39618533849716187,74.21772766113281,3.5559458901421226,13.041224479675293,4.09765625,0.5717228117028751
03573,0.7973508437285367,0.3688284217104947,0.18107402324676514,0.3286471962928772,0.6173186302185059,75.296875,3.8619128965234983,13.23302173614502,4.7890625,0.5434645138921482
03574,0.783322704552776,0.3823960295392711,0.3095923662185669,0.6374878287315369,0.30081430077552795,66.00260925292969,6.290828703929244,11.933248519897461,3.9375,0.4060252536605691
03575,0.7978622873085488,0.3908054458915987,0.25597143173217773,0.49302828311920166,0.5416293740272522,70.38297271728516,3.6324518559524295,15.106220245361328,4.52734375,0.4171078247651212
03576,0.8784908995327152,0.33656259323610455,0.26497358083724976,0.6138071417808533,0.5551608800888062,74.94159698486328,6.18823222311313,14.527205467224121,4.671875,0.2978040716143336
03577,0.8573215245810134,0.42033258036933524,0.26905936002731323,0.46345946192741394,0.39854997396469116,73.8497543334961,3.1106478727629483,12.407821655273438,3.318359375,0.329335520935584
03578,0.7697130215026683,0.393571715548413,0.2828102707862854,0.48219382762908936,0.618471086025238,75.4562759399414,7.126395472180385,16.558378219604492,4.4140625,0.6845641259191455
03579,0.8402622891867666,0.41363233885686407,0.2843433618545532,0.47174176573753357,0.48096394538879395,72.52342987060547,3.7315143095981647,10.177006721496582,3.474609375,0.3303941079216345
03580,0.7937412610895873,0.3781115879828326,0.2225513458251953,0.4320911765098572,0.5343170166015625,74.75373840332031,3.5373256277819225,12.363248825073242,4.78515625,0.3448353861371676
03581,0.6319391499779854,0.33177497272868944,0.2161065936088562,0.3853890001773834,0.5065919756889343,70.34346008300781,4.385536391522434,16.09502410888672,4.64453125,0.6749038990087787
03582,0.5920525785373644,0.22832949380486894,0.2783355712890625,0.5146019458770752,0.36189132928848267,70.80484008789062,6.119917912540967,13.108710289001465,2.927734375,0.2088414204882115
03583,0.9375437618399993,0.41815449353772166,0.29329347610473633,0.5620362758636475,0.6130391359329224,71.36849212646484,6.069925406918856,14.594505310058594,4.4375,0.6760831558271807
03584,0.8786506675498678,0.3545557376670745,0.22525376081466675,0.3622550368309021,0.5496739745140076,74.92085266113281,4.012534070183737,13.573198318481445,4.48046875,0.4564457444095155
03585,0.8555341933719757,0.3430709682528683,0.32610416412353516,0.5057597756385803,0.5578583478927612,72.6729507446289,4.07549696461348,10.55280876159668,4.02734375,0.27308805569091726
03586,0.728087304053911,0.30667861168106814,0.22154384851455688,0.3518793284893036,0.6158661246299744,76.84077453613281,5.812096370052904,15.218771934509277,4.984375,0.6002488738048279
03587,0.766701945767033,0.34881308354183194,0.3473891019821167,0.5549934506416321,0.559910237789154,74.63256072998047,5.657944392574086,10.595573425292969,3.779296875,0.2946663548246806
03588,0.8792473113376394,0.3777203368631702,0.29449546337127686,0.568231999874115,0.5942091941833496,74.56212615966797,5.357242615706048,10.81251335144043,4.7421875,0.41111991797568664
03589,0.7695280741951993,0.30706806282722515,0.33582329750061035,0.6804296970367432,0.32096898555755615,69.53128814697266,6.242133222807687,14.07941722869873,2.611328125,0.3190527227859825
03590,0.7280025780890492,0.37123031758740327,0.20716959238052368,0.444587767124176,0.4983219504356384,71.59725189208984,3.6751064316444633,15.812617301940918,4.8671875,0.5386654795842097
03591,0.6834270978087921,0.35645536010620643,0.22287040948867798,0.5597774982452393,0.5223428606987,73.59053802490234,3.7232671887597766,10.450872421264648,4.9609375,0.5044949625919919
03592,0.8052210920724167,0.32068011742546365,0.3555244207382202,0.5149156451225281,0.44397419691085815,72.88544464111328,4.234519055598493,15.137937545776367,4.01953125,0.49348817637794434
03593,0.723132750727846,0.30322188449848025,0.33945387601852417,0.6221374273300171,0.592510461807251,77.21070098876953,4.56456868732295,6.921525478363037,4.91796875,0.42556732804725333
03594,0.7506564683536059,0.3269035532994924,0.3037295937538147,0.5726125240325928,0.3672661781311035,73.9911117553711,6.350784483466794,9.120823860168457,3.830078125,0.31294164053893503
03595,0.8266529304924161,0.3394421081060226,0.26574641466140747,0.52121901512146,0.5542250275611877,71.23859405517578,3.854572362529518,12.958877563476562,4.73046875,0.2848682379866722
03596,0.8866550893292967,0.35406077327687324,0.39602911472320557,0.5256897211074829,0.4490725100040436,74.80994415283203,5.399210029293105,11.124815940856934,3.41796875,0.13581356670085104
03597,0.8728674425357755,0.49362119725220804,0.2807713747024536,0.596351683139801,0.6586995124816895,69.42402648925781,6.645444075921732,13.163599967956543,4.73828125,0.7322111754571388
03598,0.790550549371453,0.39164983164983164,0.16426992416381836,0.33242759108543396,0.3917972147464752,71.5348892211914,2.8372119383308303,14.339017868041992,4.02734375,0.37620148173910717
03599,0.783910282926844,0.416506616390323,0.16937410831451416,0.28500691056251526,0.6047756671905518,75.69035339355469,4.168035466111858,13.643113136291504,4.875,0.4819873722240161
03600,0.7981313445957826,0.31382275132275134,0.34573376178741455,0.5949413776397705,0.28545814752578735,70.65153503417969,5.974972055477739,13.649395942687988,3.0078125,0.25899948671522005
03601,0.8177823779439289,0.35637115929813806,0.3901810050010681,0.499130517244339,0.39962339401245117,67.93797302246094,4.86884332495952,18.196672439575195,3.11328125,0.42008654886715385
03602,0.7368091112169516,0.3839470417873397,0.3343461751937866,0.4833304286003113,0.5841705799102783,74.73917388916016,6.260813942285267,9.203579902648926,4.5,0.43031768093675327
03603,0.5342557100831037,0.27705557361065974,0.2703436613082886,0.5021598935127258,0.5398834347724915,64.3627700805664,6.414942355275075,14.764549255371094,4.28515625,0.3992829497313967
03604,0.7964270449345904,0.4549983394221189,0.13845938444137573,0.16739670932292938,0.6597625017166138,75.40483093261719,5.336612226175533,19.284475326538086,4.9375,0.8055345760923102
03605,0.8043161745380348,0.30418017805553915,0.4164048433303833,0.7024009227752686,0.34925955533981323,68.23863983154297,5.7484343827830395,12.822515487670898,1.98046875,0.2849368213480936
03606,0.7913281911702127,0.33533887807467705,0.4010258913040161,0.4632646441459656,0.5250109434127808,73.08624267578125,6.369671596930316,17.0714111328125,3.212890625,0.7829376806062353
03607,0.9153561023766907,0.37356135890917497,0.2564406991004944,0.46559077501296997,0.46487894654273987,72.9241943359375,3.5524478136822255,11.11807918548584,4.765625,0.19638733235304373
03608,0.9056552382619083,0.36992525643077906,0.22207951545715332,0.49917715787887573,0.41627028584480286,74.42620849609375,3.945879195853863,13.950693130493164,3.873046875,0.4279533412237094
03609,0.8947482628041978,0.34300008246515845,0.368713915348053,0.465482234954834,0.5404937267303467,72.40304565429688,4.747592583653927,13.56137752532959,3.927734375,0.6215678282913756
03610,0.7319888025625061,0.3039205213118257,0.35638874769210815,0.6037642955780029,0.529338538646698,69.30850219726562,5.933170121525784,11.967001914978027,3.5234375,0.3322623447058477
03611,0.8144800830820271,0.3414254060240084,0.220400869846344,0.35870516300201416,0.3617521822452545,68.94060516357422,4.085817640121977,11.858454704284668,3.109375,0.32107384779466347
03612,0.6231297727152291,0.261374306444729,0.3199458122253418,0.5761800408363342,0.6121854782104492,74.646240234375,4.442164068850963,9.123888969421387,4.98046875,0.4030802001406254
03613,0.6406422251570396,0.31756310294700674,0.2771996259689331,0.4747936725616455,0.5170139074325562,60.18354797363281,5.157574183169601,17.9208984375,4.76953125,0.3516183834540355
03614,0.8220985999210387,0.3784489255712211,0.3318026661872864,0.5022604465484619,0.49784156680107117,70.6458740234375,3.661236449523577,11.164873123168945,3.55859375,0.3576642075187287
03615,0.8460274816752609,0.3910505300839873,0.3126590847969055,0.48580285906791687,0.35740548372268677,65.7772216796875,3.6258729125962295,9.636762619018555,3.75,0.3088488640508155
03616,0.3326109831092439,0.12246345188741,0.3954353928565979,0.5563477873802185,0.392221599817276,64.51412200927734,7.456197196186437,13.392988204956055,2.888671875,0.238116270447379
03617,0.8981227534305376,0.353755109720013,0.3747972846031189,0.6190628409385681,0.41056880354881287,74.63682556152344,5.605330609707227,10.493102073669434,2.50390625,0.18783254807493519
03618,0.6000146191660873,0.3400419804914187,0.33227044343948364,0.5982694625854492,0.46308523416519165,70.47530364990234,5.175618549868063,10.982168197631836,4.55078125,0.43638240134573003
03619,0.8391364949866998,0.31740664271431124,0.3081814646720886,0.5503190159797668,0.581912636756897,71.3230209350586,4.155094380398423,9.456466674804688,4.9140625,0.43868145140963344
03620,0.802908515486691,0.32354052902053193,0.34307044744491577,0.49834468960762024,0.5627149939537048,71.04771423339844,4.438573104736539,10.121359825134277,4.796875,0.17969332663391932
03621,0.7749469260947314,0.39784109924815575,0.2206006646156311,0.47138315439224243,0.49988314509391785,72.13153076171875,3.0671969940611152,11.749497413635254,4.078125,0.43948817167361937
03622,0.9021357805924755,0.4463720091613469,0.21067452430725098,0.41622194647789,0.5345478653907776,75.05571746826172,3.93456777008887,11.538814544677734,4.48828125,0.5771646675983941
03623,0.8335106115043044,0.39510525066946883,0.21466171741485596,0.44793248176574707,0.5821009278297424,72.80484008789062,3.274639068681949,10.605091094970703,4.7890625,0.41883716071102733
03624,0.8529042251135708,0.40162299392510653,0.1664586067199707,0.28694212436676025,0.5871778726577759,73.63497924804688,4.219748666967584,18.435361862182617,4.95703125,0.5814981866819937
03625,0.5077645761834471,0.2248699446215808,0.2825765013694763,0.4916589856147766,0.6072767972946167,74.07817077636719,5.286176095176344,10.9563627243042,4.5390625,0.31317692677567344
03626,0.7877619372036943,0.4447237843202117,0.2553512454032898,0.5593657493591309,0.5487528443336487,75.08207702636719,4.864725037251246,7.412380695343018,4.9140625,0.6360155434894754
03627,0.8146626414968153,0.40874887488748873,0.16985392570495605,0.33745795488357544,0.6166550517082214,73.877685546875,4.706755457033629,13.17327880859375,4.95703125,0.5334208958667686
03628,0.7174170667781516,0.2752965965828409,0.36644041538238525,0.6570259928703308,0.46707019209861755,73.53289794921875,7.04207875299213,10.978373527526855,3.81640625,0.4057488933198611
03629,0.6607964855185502,0.26998964267219056,0.43943291902542114,0.7081592082977295,0.3593760132789612,72.81504821777344,5.722031846574935,6.995373725891113,3.35546875,0.17884993398463914
03630,0.7126961101331613,0.28447287885848144,0.47398728132247925,0.898994505405426,0.3519783616065979,68.53540802001953,9.41528875241558,10.892252922058105,2.658203125,0.2406653469464986
03631,0.6656165833306646,0.3996064131504312,0.2807782292366028,0.36957237124443054,0.48322632908821106,61.78777313232422,4.856285913851314,12.460151672363281,4.453125,0.4956769347677229
03632,0.5711235798232365,0.25774594389277766,0.374048113822937,0.6308374404907227,0.25240251421928406,67.01435852050781,7.7429488903324435,10.803275108337402,2.47265625,0.3245967789279394
03633,0.766150086052746,0.35645270017227176,0.1716415286064148,0.30449241399765015,0.5780816078186035,73.07011413574219,4.9087159636493745,17.226152420043945,4.98046875,0.6425710605157884
03634,0.6035453790269973,0.25807790770082334,0.3006289601325989,0.6547529697418213,0.4838966727256775,74.37525177001953,3.4880224699272,9.410011291503906,4.53515625,0.36581300779349546
03635,0.9058063060453531,0.38007159904534604,0.28416192531585693,0.487020879983902,0.4805077612400055,72.98442077636719,3.7234729067548193,12.142641067504883,4.5703125,0.3196913292537278
03636,0.8651744612397381,0.37057462208872916,0.34200310707092285,0.6959694623947144,0.6290701031684875,73.94469451904297,5.759463258474932,10.033859252929688,4.265625,0.5706628829986351
03637,0.8638028147318091,0.43419832130494784,0.2673642635345459,0.46739813685417175,0.5444225072860718,71.09435272216797,3.510190547012122,10.609655380249023,4.38671875,0.38270843413769773
03638,0.8596608685949318,0.3652481666127852,0.4834563136100769,0.6427156925201416,0.3015233874320984,63.05447006225586,7.3353891671021785,11.115484237670898,2.013671875,0.1844827462784942
03639,0.755592763008636,0.30658117249154454,0.3143799901008606,0.6672958731651306,0.3361954391002655,68.73503112792969,6.110609940895992,13.915858268737793,3.32421875,0.33200668776990166
03640,0.7457182507014918,0.30214236351071183,0.30416494607925415,0.5141080021858215,0.5077771544456482,70.09735107421875,4.860406528330892,15.35168743133545,4.015625,0.39008351724594076
03641,0.8764502660957747,0.35735758304524273,0.24021250009536743,0.423926442861557,0.5189767479896545,74.24300384521484,3.714055379263268,10.934554100036621,4.8515625,0.29799879449242656
03642,0.6551146033167203,0.25478759599494505,0.3365327715873718,0.7972235083580017,0.6123806238174438,67.0438232421875,6.545073465067091,14.840782165527344,4.65625,0.5305226505610797
03643,0.8178843065765399,0.3632483770137052,0.30217766761779785,0.4147580862045288,0.7019575238227844,71.00001525878906,5.966735946858132,13.988208770751953,4.4609375,0.5799950047887629
03644,0.8167009150339282,0.5011129158394995,0.20159554481506348,0.3721228837966919,0.4789276421070099,71.04756927490234,4.776527223257808,14.319417953491211,3.7109375,0.6880451393027548
03645,0.8138340684945907,0.3477651674372986,0.3755563497543335,0.6118929386138916,0.5137467384338379,74.02428436279297,4.852623172913947,11.6587495803833,4.07421875,0.2879390794756082
03646,0.8502927364959526,0.4060493651020117,0.34067022800445557,0.6163885593414307,0.40498873591423035,69.924560546875,5.899531738408857,11.962472915649414,3.875,0.657061821517521
03647,0.6107820769197173,0.2584158415841584,0.25432485342025757,0.4077673852443695,0.56944340467453,75.56503295898438,4.740308647384766,12.083159446716309,4.9765625,0.7127339816664019
03648,0.6583685697431144,0.3104724113893506,0.31774479150772095,0.5668665766716003,0.5441077351570129,72.3808364868164,3.9571893065646195,10.54112434387207,4.91796875,0.4839932303834471
03649,0.5853687470150812,0.2661392405063291,0.24954742193222046,0.43261197209358215,0.5938523411750793,76.69625854492188,6.182427555823505,16.790552139282227,4.3046875,0.5533683836771175
03650,0.889953724044222,0.37467164385455554,0.2026810646057129,0.2690102756023407,0.6421269178390503,73.12157440185547,4.843250202921681,14.481549263000488,4.88671875,0.6442435287629779
03651,0.7959424268628389,0.3268450656212715,0.2099320888519287,0.4144410490989685,0.5209898352622986,71.97802734375,3.9563639195929423,13.913799285888672,4.4765625,0.42946457634277935
03652,0.8874387118555493,0.4469226529487415,0.1482143998146057,0.3047485649585724,0.6437329053878784,75.55892944335938,3.4948960881653153,13.473334312438965,4.96484375,0.5484932115975658
03653,0.7002143930471361,0.3075526836440201,0.3092491626739502,0.5524020791053772,0.3305617570877075,72.94001007080078,4.728064877032856,12.959545135498047,2.900390625,0.38664346844130204
03654,0.8468388434283666,0.41650978581323483,0.3087320327758789,0.5099512934684753,0.3771613538265228,62.19808578491211,4.925080518035173,15.060237884521484,3.7734375,0.5152611679411507
03655,0.8303678151186642,0.3188727016817259,0.37845534086227417,0.5598822832107544,0.6637320518493652,72.3013687133789,4.536512919106032,10.965107917785645,4.46484375,0.17768760848659385
03656,0.621646533202469,0.23185911016949154,0.31520217657089233,0.5429289937019348,0.4313679337501526,69.88670349121094,5.191346780043436,14.930778503417969,3.396484375,0.4227949112382902
03657,0.8029691948062375,0.3295396561286744,0.3004222512245178,0.5048564672470093,0.5428788661956787,73.2765121459961,4.570189287096048,15.563569068908691,3.66796875,0.49835291318801855
03658,0.5459967357534103,0.2239499961887339,0.23951411247253418,0.4866526424884796,0.6407376527786255,71.8674087524414,3.693211641899649,14.829551696777344,4.984375,0.38140972320906824
03659,0.6342275895242061,0.2817741828548697,0.262084424495697,0.5010053515434265,0.53765469789505,68.74457550048828,4.304315601962048,16.511463165283203,4.21875,0.5623137870917411
03660,0.8189410542438741,0.32756200280767434,0.28636980056762695,0.5974527597427368,0.509028434753418,72.74880981445312,4.918641201027553,12.048254013061523,4.2265625,0.4413532073779998
03661,0.7710881167789981,0.439771335238873,0.26926183700561523,0.5764060020446777,0.5851617455482483,78.11280059814453,3.587873326031202,10.92691421508789,4.9296875,0.5128862132354988
03662,0.8522059276295659,0.34665487641806497,0.36277031898498535,0.5813077092170715,0.37551429867744446,70.62259674072266,8.165408891792762,14.032282829284668,2.541015625,0.23043268984523768
03663,0.9379764937121655,0.5086159985488845,0.15619546175003052,0.255838006734848,0.529566764831543,74.83818817138672,4.7290000969525225,15.21994686126709,4.47265625,0.6112577756240902
03664,0.9214644887812148,0.6324137349194296,0.2796526551246643,0.4835141599178314,0.505526602268219,74.83524322509766,4.299760634399418,10.636368751525879,4.23046875,0.7341113436715718
03665,0.8197137479149447,0.4429238522354247,0.35507625341415405,0.6335934996604919,0.5176010727882385,75.19478607177734,4.877172692660194,6.412522315979004,3.892578125,0.2597357404672833
03666,0.7539837015231727,0.32946904147887496,0.24864840507507324,0.4788927435874939,0.3883455693721771,64.93985748291016,4.405709014284433,16.54930877685547,3.669921875,0.43586881613694994
03667,0.6989936701688082,0.2955168256056122,0.28640079498291016,0.6511794924736023,0.5158482789993286,74.25541687011719,4.246014819871113,11.794333457946777,4.6640625,0.32247560102418693
03668,0.8961867833426614,0.3459541384826967,0.3734195828437805,0.6273152828216553,0.46816760301589966,70.32845306396484,5.530863202823599,13.036235809326172,3.673828125,0.24038784765953805
03669,0.7360283360090613,0.29124126813541107,0.3546520471572876,0.5520439147949219,0.5213837623596191,74.21354675292969,7.570607947877484,11.671576499938965,3.0859375,0.4353097560640869
03670,0.383623685233967,0.19581339275928836,0.21840429306030273,0.482307106256485,0.5033973455429077,71.33924102783203,4.764460142404561,13.804046630859375,3.86328125,0.4914014504483122
03671,0.8869383714162099,0.38455536021510434,0.21499019861221313,0.4377327263355255,0.34763914346694946,68.56494903564453,3.619513862935994,12.766709327697754,3.87109375,0.3054319547340808
03672,0.8558017513576222,0.3494241130611401,0.2761014699935913,0.4424736499786377,0.5235540866851807,69.52457427978516,4.563785958279781,12.892851829528809,2.48046875,0.28772734912546605
03673,0.7723390818298199,0.40020340706839563,0.3249269127845764,0.478225439786911,0.5111529231071472,69.27564239501953,5.124565157039287,13.193838119506836,4.1171875,0.5638762396896433
03674,0.7993377467333843,0.3424593606595629,0.34293097257614136,0.6256759166717529,0.2489199936389923,67.81983947753906,7.453205932438808,11.071954727172852,2.994140625,0.31662443418865316
03675,0.822717590030512,0.33456717075117304,0.322597861289978,0.6190740466117859,0.5337163209915161,76.37445068359375,5.9998352080110955,14.487260818481445,3.875,0.4034470349935348
03676,0.7435038241819941,0.31473769892295533,0.3809177279472351,0.6910673379898071,0.3229663074016571,69.15731048583984,5.4072621928398625,10.289546012878418,3.513671875,0.19248405580954597
03677,0.679872505928412,0.3140565894991678,0.20112556219100952,0.4328106641769409,0.630572497844696,74.59983825683594,4.326488917026812,12.078242301940918,4.9296875,0.5570984239055715
03678,0.903987288352877,0.36691217147010013,0.288826048374176,0.5277227163314819,0.3805575668811798,71.38139343261719,4.86585901256158,11.351367950439453,3.787109375,0.3830467619008099
03679,0.757918109102914,0.35038960308306843,0.28437018394470215,0.6254916787147522,0.31902673840522766,68.82707977294922,4.804038830255253,13.490741729736328,3.73046875,0.37049101784256716
03680,0.6366743583948589,0.2815244667503137,0.41319549083709717,0.6993671655654907,0.5178942084312439,66.8282699584961,8.128511152948205,10.555434226989746,3.318359375,0.3964642573456433
03681,0.8440616984414704,0.31649509775347706,0.29439830780029297,0.5380871295928955,0.6011766791343689,73.88677978515625,4.7392106033673365,11.814165115356445,4.3515625,0.3523814643703209
03682,0.8610926423239721,0.33528879549368124,0.3900110721588135,0.6725081205368042,0.436966210603714,74.4412841796875,4.6144326828977755,9.0288724899292,3.771484375,0.19004862308429685
03683,0.7845439633485711,0.3863740856844305,0.35652071237564087,0.6537646651268005,0.37971562147140503,71.9605712890625,5.238229207138769,11.512125015258789,2.96875,0.3391735031223475
03684,0.7803101346216729,0.3482336722384973,0.3524993658065796,0.6945277452468872,0.34579089283943176,64.40959167480469,6.425073501505929,14.078055381774902,4.359375,0.4019729741405193
03685,0.49352521860013454,0.26194839983081913,0.29846471548080444,0.4695912003517151,0.5178592205047607,73.06139373779297,5.86531334099892,11.907559394836426,4.95703125,0.37657450603228604
03686,0.8313865739813956,0.3432346513014107,0.40318697690963745,0.6105629205703735,0.31678807735443115,68.53338623046875,7.792304249627852,10.641633033752441,2.181640625,0.24199488599250152
03687,0.7245453930838969,0.2663536073753086,0.30812686681747437,0.4994010627269745,0.5296956896781921,73.54932403564453,5.231944330381262,11.465664863586426,4.7890625,0.15720575262532205
03688,0.6775651737375665,0.2641207492271322,0.3187341094017029,0.5719987154006958,0.2610015571117401,73.03707885742188,6.842543943410555,13.538727760314941,3.0,0.2655945132785235
03689,0.8485087517367264,0.3349367109005503,0.4360806941986084,0.6313174962997437,0.4499218463897705,70.07548522949219,7.358358868617868,11.88300895690918,3.49609375,0.16492370080975055
03690,0.6507955367917225,0.24248272534592388,0.38638627529144287,0.5614069104194641,0.4453656077384949,70.9869613647461,6.23393063552488,10.205897331237793,3.115234375,0.2982511214908742
03691,0.8572555501788415,0.35940628236106315,0.20636028051376343,0.30692970752716064,0.6497461795806885,76.1816177368164,4.880877327410113,15.797470092773438,4.984375,0.7426311751168886
03692,0.5542328737974999,0.20914424728105324,0.38479137420654297,0.7019901275634766,0.4773208796977997,53.189666748046875,6.174490121849742,9.241584777832031,2.248046875,0.25561992938913086
03693,0.7841795149536903,0.33804422840339665,0.32794344425201416,0.5621588230133057,0.37086623907089233,69.72989654541016,4.921520506238922,13.685959815979004,4.33203125,0.4696203088498143
03694,0.8318633949801238,0.4206231454005935,0.37006616592407227,0.5719349980354309,0.5528555512428284,67.75031280517578,5.9335499144494,12.295273780822754,2.845703125,0.6198271691924466
03695,0.8494503501169188,0.43817646549484807,0.25030815601348877,0.4329332709312439,0.4185718894004822,69.48797607421875,4.329636797632621,14.203368186950684,4.0,0.5757071870119307
03696,0.6769531122790735,0.2415051951698961,0.34645307064056396,0.5842578411102295,0.6075232625007629,71.53080749511719,5.477899791913324,11.514013290405273,3.83203125,0.23484065957616207
03697,0.744812726428497,0.31037398728825116,0.4825358986854553,0.792831301689148,0.3862092196941376,69.0601806640625,6.567149439364045,8.324326515197754,3.90234375,0.2417039297417901
03698,0.7535956929074635,0.3375884603663698,0.22325384616851807,0.47917962074279785,0.4346809983253479,68.26419067382812,2.8594620675472116,16.37358283996582,4.86328125,0.5281693676241883
03699,0.8144893396312473,0.370989074701502,0.2813403606414795,0.47518789768218994,0.5417322516441345,71.9623031616211,5.198309455958632,12.41666316986084,4.2109375,0.40045793095741816
03700,0.6773374548879346,0.26957298316409223,0.39690566062927246,0.6903237700462341,0.313168466091156,60.442134857177734,7.7246866444856535,14.214381217956543,2.60546875,0.29271902021722446
03701,0.8079903558220782,0.3172910094637224,0.3167526125907898,0.543219268321991,0.45770883560180664,72.79855346679688,6.192506214067306,14.750088691711426,3.58203125,0.2593686211403973
03702,0.7015314974417007,0.3119275825346113,0.3499371409416199,0.6588970422744751,0.5650120377540588,69.4298324584961,4.19639142870903,10.315533638000488,4.19921875,0.32540442914606066
03703,0.7723478997879221,0.2982600944237182,0.40387624502182007,0.694309413433075,0.5511124730110168,71.21318054199219,5.65204599225899,10.86909294128418,3.75390625,0.3796544183722178
03704,0.6737085631870678,0.2920742946264001,0.20310121774673462,0.3967851400375366,0.5979123115539551,74.15126037597656,6.079345457299014,16.740829467773438,4.9765625,0.6735949725799655
03705,0.6863992740388378,0.3331353647951026,0.30706363916397095,0.5494818687438965,0.45167076587677,71.61185455322266,3.3472094725965023,12.052908897399902,3.611328125,0.48932823682857235
03706,0.7849996344709502,0.4001626057572601,0.2337256669998169,0.44286248087882996,0.343955397605896,75.5181655883789,4.938216753872011,14.40841293334961,3.990234375,0.5302934256755227
03707,0.8193152983955352,0.30054029533985144,0.331459641456604,0.5521252751350403,0.48705270886421204,74.71605682373047,5.084521811809506,12.931723594665527,4.4140625,0.1713703029600675
03708,0.7779476204956031,0.3894712927201324,0.23038417100906372,0.45680686831474304,0.6068452596664429,74.19407653808594,4.069246914020196,11.267375946044922,4.95703125,0.55154261531118
03709,0.7676295275333839,0.3264140619656658,0.41270846128463745,0.5240341424942017,0.27040401101112366,68.32071685791016,4.076536422007436,13.990912437438965,2.78515625,0.41163637232734196
03710,0.5467337685796313,0.2680443934175277,0.264865517616272,0.47188329696655273,0.4456086754798889,67.26176452636719,5.173868159079574,12.56227970123291,4.32421875,0.4979723014111681
03711,0.7405160688031314,0.31458080895505164,0.2959597706794739,0.5483396053314209,0.48386234045028687,73.59092712402344,5.34507160853815,10.05908203125,4.9765625,0.4674177807715913
03712,0.8583617390621276,0.39846519038792966,0.1900343894958496,0.3136787712574005,0.5777922868728638,76.37814331054688,5.974401694378151,13.412820816040039,4.0390625,0.7555650432616625
03713,0.6037947689911155,0.29532006455083376,0.2756883502006531,0.5715111494064331,0.6467601656913757,72.65882110595703,4.668764405042034,11.676196098327637,4.859375,0.505656584607022
03714,0.8562625774641617,0.4188158372684344,0.29228705167770386,0.516729474067688,0.5229703187942505,72.2198257446289,3.487763124802787,9.365503311157227,4.53125,0.41447230947734875
03715,0.7724347593588805,0.36288756839442254,0.21566373109817505,0.41280803084373474,0.6111992001533508,72.37690734863281,4.547851763482153,9.409082412719727,4.984375,0.4131198336790968
03716,0.7507509196189156,0.3622099976082277,0.2704682946205139,0.46092018485069275,0.6145533323287964,74.59517669677734,3.786423422273017,11.254327774047852,4.5546875,0.4898305136684512
03717,0.7110562056733454,0.3763025577497632,0.30522406101226807,0.4448727071285248,0.5458409786224365,69.4972915649414,4.532375710829629,12.150744438171387,3.283203125,0.5034518657674141
03718,0.8813608175973572,0.46673891562808784,0.2029133439064026,0.43346306681632996,0.5101069808006287,76.4872055053711,3.7213232554918654,10.389083862304688,4.4765625,0.42952352769788266
03719,0.679707062672023,0.27620419267082735,0.48541176319122314,0.8226121068000793,0.31220319867134094,56.18675231933594,7.836985237534689,15.996461868286133,1.869140625,0.441505035670951
03720,0.7030106184517448,0.36885383453599596,0.24957293272018433,0.559686005115509,0.5101690888404846,65.4706802368164,4.040944095683094,14.838133811950684,4.82421875,0.4610505376840737
03721,0.6340244144348965,0.2809986487356026,0.3563557267189026,0.5720983743667603,0.36878859996795654,71.025634765625,6.881467071058647,13.281878471374512,2.828125,0.4509010310278942
03722,0.54943199947959,0.21893028846153847,0.3381245732307434,0.4651522934436798,0.32174086570739746,68.52957153320312,6.072427090565031,13.889707565307617,3.037109375,0.23242195252316336
03723,0.8494214220857468,0.4189071986123157,0.2913755178451538,0.5267826914787292,0.5643008351325989,71.99412536621094,4.235028549964713,11.8776216506958,4.06640625,0.7018674570878843
03724,0.8666611861536151,0.43353225882242374,0.2566026449203491,0.6074140071868896,0.3989340662956238,72.53857421875,5.956449442863079,12.946769714355469,3.53515625,0.6438673511038977
03725,0.7274086356237429,0.4407961891799932,0.21366238594055176,0.3988812565803528,0.5866398811340332,73.7512435913086,5.091831243885985,8.089096069335938,4.9453125,0.4088430273259056
03726,0.7352116105931209,0.32052731602877144,0.36576569080352783,0.6632449626922607,0.45233821868896484,71.55840301513672,6.146835714172786,9.513453483581543,4.5,0.35154694128930125
03727,0.8041027131048871,0.3354201227855612,0.45378386974334717,0.6871426105499268,0.3699060380458832,66.42820739746094,7.480764507480836,11.2804594039917,2.73046875,0.24462514153991904
03728,0.7798481216769206,0.3292756503531249,0.3813158869743347,0.6379984021186829,0.5301913022994995,72.30318450927734,5.480269050980619,11.313982009887695,3.896484375,0.43611660675001385
03729,0.8653567674791763,0.32673520442634624,0.37917888164520264,0.7162102460861206,0.45214396715164185,72.84317016601562,6.1003554355523075,11.46552562713623,4.05859375,0.17004088879143225
03730,0.7959752059243816,0.3660323457586509,0.25154048204421997,0.42600423097610474,0.6562209129333496,72.04442596435547,5.482245851677409,13.510225296020508,4.765625,0.5804844835741859
03731,0.7073934598495554,0.32996690146821694,0.1956254243850708,0.3093603253364563,0.6177584528923035,74.45828247070312,5.095192571646787,18.042461395263672,4.9765625,0.7188872504072127
03732,0.8004696444147316,0.29129540781357094,0.2256002426147461,0.4535495638847351,0.602786123752594,69.880615234375,7.513612486323416,13.297554016113281,3.892578125,0.4189519984434088
03733,0.8967264034842635,0.3490665960545479,0.2545332908630371,0.5478783249855042,0.4418206512928009,72.4545669555664,4.976946967860539,12.390304565429688,4.37890625,0.20779698356819773
03734,0.6648532312787284,0.2532459502905898,0.40880197286605835,0.6563763618469238,0.3719944655895233,68.80835723876953,7.291010635816247,14.072693824768066,2.654296875,0.2536156257312276
03735,0.8028350781229434,0.3229136675852425,0.3061409592628479,0.6133343577384949,0.614325225353241,76.07506561279297,5.083073495921764,13.210777282714844,4.84375,0.4525837132979031
03736,0.6448846433041233,0.24406766232222796,0.22963345050811768,0.5160626769065857,0.5354800224304199,74.86532592773438,3.8804535022343796,13.255393981933594,4.96875,0.4115723999904819
03737,0.8947194711825347,0.48603971373853444,0.24081653356552124,0.4794240891933441,0.5031652450561523,70.95919036865234,5.299119327590406,17.81911849975586,4.37109375,0.7857978114842983
03738,0.8734019222290537,0.4738181818181818,0.2445908784866333,0.5525838136672974,0.5752091407775879,67.24317932128906,3.9870451489189778,14.1715669631958,4.97265625,0.695884461628918
03739,0.6956627351347461,0.26114225981184075,0.26214081048965454,0.43878722190856934,0.5761080384254456,77.65184783935547,5.191794640802414,17.66552734375,4.98828125,0.6398676082233651
03740,0.6748870952356856,0.26593959731543626,0.2220880389213562,0.49752867221832275,0.5560269355773926,74.01799774169922,4.378160062814592,12.820877075195312,4.76953125,0.4940709699206792
03741,0.8155529977116851,0.3646807456493466,0.3785410523414612,0.6390284895896912,0.32855740189552307,67.4820327758789,6.908042007851385,9.990094184875488,2.240234375,0.2787781304025495
03742,0.8628958984305115,0.3408001080618654,0.34676438570022583,0.5326442122459412,0.3550373613834381,70.35852813720703,6.3017825628559425,16.178110122680664,3.3203125,0.271624981433984
03743,0.7236096202782465,0.27758424987279345,0.31281226873397827,0.5476834774017334,0.5733142495155334,71.72601318359375,4.09117960885119,10.774980545043945,4.63671875,0.24724881502183815
03744,0.8388805113050505,0.3830949392405412,0.21542328596115112,0.39427998661994934,0.5652244687080383,71.47222900390625,4.568949179426851,10.957344055175781,4.3125,0.3260443631294417
03745,0.7584350946360194,0.3048610967032511,0.30734264850616455,0.5237699151039124,0.5661575794219971,73.12348175048828,6.256941145629828,10.181378364562988,4.1015625,0.27732315906023297
03746,0.8542822221355238,0.34826490007336103,0.22144043445587158,0.4563102424144745,0.5883333683013916,71.33003997802734,3.4624581505858387,17.20114517211914,4.93359375,0.5326723149071944
03747,0.6638905379063247,0.26908306364617046,0.29616880416870117,0.5596410036087036,0.5872300267219543,72.6995849609375,4.973269511366255,12.542594909667969,3.966796875,0.30569323470925747
03748,0.5851775959630139,0.35356200527704484,0.3082010746002197,0.5748435854911804,0.5745989084243774,65.64366912841797,6.752443199211927,9.950401306152344,3.712890625,0.5393914707576974
03749,0.7637206050373595,0.36438190205489024,0.2164565920829773,0.450106680393219,0.5846942067146301,72.34627532958984,4.653840918437712,10.516149520874023,4.1796875,0.4472987067981968
03750,0.12065985514159251,0.04575446187128177,0.5461469888687134,0.7152433395385742,0.37560325860977173,65.5106430053711,6.825043878322268,9.151618957519531,3.373046875,0.16426789717356088
03751,0.6079276411416934,0.3118705035971223,0.27459073066711426,0.5235215425491333,0.6671081781387329,73.27555084228516,4.04658731750295,15.058473587036133,4.9765625,0.5037015417847976
03752,0.757134722436185,0.3091381057482752,0.4338427186012268,0.6916929483413696,0.3054628372192383,69.23422241210938,6.5537068773307885,10.017317771911621,2.81640625,0.20240142342767198
03753,0.8235766762100092,0.38589239734381353,0.31093472242355347,0.5911235809326172,0.6321391463279724,72.94890594482422,4.4847797655600266,7.531356334686279,4.9765625,0.23633639329960968
03754,0.8351823175671235,0.5095381835355962,0.22082734107971191,0.3366791605949402,0.5765085220336914,74.19464111328125,4.842936823141161,13.954129219055176,4.9140625,0.5702040672651395
03755,0.6580601352321332,0.28066084681661785,0.2863506078720093,0.6289139986038208,0.6153234839439392,76.80821990966797,4.337316076415199,9.248648643493652,4.75390625,0.2883789067064491
03756,0.44428181069712613,0.1867800896654788,0.42639392614364624,0.6500089168548584,0.4697536528110504,71.87722778320312,7.468231720695462,11.504982948303223,3.361328125,0.2332205548265715
03757,0.5533248212714336,0.25744274064536266,0.4259495735168457,0.6127777695655823,0.3796274960041046,67.13030242919922,4.856403941911262,11.37423038482666,1.58203125,0.4743120735235379
03758,0.7513261052367733,0.2887006942854963,0.3650280833244324,0.5567913055419922,0.4420605003833771,69.90555572509766,5.94041730532564,15.876069068908691,2.1875,0.4620587482837532
03759,0.8187869434374884,0.3239472703558785,0.38203275203704834,0.6509397625923157,0.5350489020347595,74.74826049804688,4.056864502296892,8.346992492675781,2.326171875,0.28182314547748916
03760,0.7132497144783381,0.4593742420567548,0.31551265716552734,0.6111903786659241,0.4425051510334015,59.88417053222656,6.692004398154083,15.405477523803711,2.669921875,0.7869023553096275
03761,0.7263825771168988,0.38363042932462965,0.2084077000617981,0.40725159645080566,0.5478339195251465,68.14937591552734,5.134326677978006,14.79583740234375,4.88671875,0.5540595931633671
03762,0.72731669541725,0.33059146102624365,0.3144391179084778,0.7196231484413147,0.5102203488349915,74.49718475341797,3.3292779154262533,7.9701948165893555,4.875,0.1931525811343552
03763,0.8068504252167692,0.46471916995290785,0.20339572429656982,0.39629966020584106,0.63426274061203,73.27584838867188,3.71265668424817,15.906665802001953,4.953125,0.6615299281628599
03764,0.857403659649143,0.37217350500043994,0.3162824511528015,0.44832906126976013,0.3533118963241577,71.26061248779297,5.3119026240668825,16.091602325439453,3.994140625,0.3981311229392778
03765,0.6836521006388228,0.3444510311690743,0.2680986523628235,0.5080339908599854,0.3785519599914551,70.64094543457031,4.890171009576846,12.61743450164795,4.07421875,0.4899328145455736
03766,0.8451076754969088,0.36677012963301076,0.27048259973526,0.5902754664421082,0.6109302043914795,74.16658020019531,4.555362278528235,10.716669082641602,4.91796875,0.3912600546023008
03767,0.8117245715419826,0.29351360098862783,0.4116426706314087,0.6684917211532593,0.4165593683719635,69.91907501220703,9.080746648016309,11.669626235961914,3.40625,0.12007324951243571
03768,0.863638777079449,0.33047563639556965,0.31659644842147827,0.5263106822967529,0.568172812461853,72.75447082519531,5.290253585422938,9.830696105957031,4.34765625,0.3396961536176969
03769,0.730232032467434,0.31026501562319175,0.2785254120826721,0.45859387516975403,0.5763851404190063,69.64041900634766,4.5687194613914865,18.863420486450195,4.3359375,0.668311310361446
03770,0.913805212527965,0.39213693919024545,0.2410980463027954,0.41376805305480957,0.6443397998809814,75.49625396728516,4.628119132019527,11.534557342529297,4.98828125,0.5109903871662836
03771,0.7229698137248498,0.30718842421724146,0.3966142535209656,0.5439764261245728,0.36064350605010986,70.97882843017578,6.134451488430336,13.803378105163574,2.51171875,0.39343089402178794
03772,0.8649716178910009,0.451563445632439,0.1682841181755066,0.20108869671821594,0.4915274381637573,73.1044692993164,3.7297909172611363,17.01787567138672,3.853515625,0.6502853857471982
03773,0.763873027884224,0.38768529076396807,0.19350266456604004,0.3258621096611023,0.6272542476654053,75.15486907958984,5.053029207272565,13.791868209838867,4.9765625,0.6939134418784344
03774,0.8058270070880199,0.3725792933080418,0.30125993490219116,0.41447389125823975,0.4954212009906769,73.32572937011719,4.159483296894157,11.84292984008789,3.935546875,0.3488744420993662
03775,0.7263894774108046,0.3268511247632685,0.25791430473327637,0.39146021008491516,0.6615091562271118,76.11344146728516,4.793309025060115,11.982160568237305,4.96875,0.6598193313147961
03776,0.8641611949464685,0.4932143475143994,0.1680578589439392,0.3451704978942871,0.6323028802871704,73.20518493652344,3.476097063724817,13.552230834960938,4.3984375,0.5943643436214922
03777,0.884098558156563,0.4370443203532271,0.3035892844200134,0.5100184082984924,0.45616376399993896,74.68187713623047,4.104277388878931,9.27293586730957,4.20703125,0.45932633649833393
03778,0.8477908005927395,0.3971254102106094,0.149225115776062,0.32566043734550476,0.6577330231666565,75.6665267944336,3.4200359869657815,13.91401481628418,4.94921875,0.4554234495494493
03779,0.8079039851331946,0.409409727233367,0.16965055465698242,0.31689295172691345,0.4441431760787964,75.2837142944336,3.3697692603913096,11.793088912963867,4.9921875,0.571206674564888
03780,0.728976968864351,0.2976357349780394,0.2520374059677124,0.5011884570121765,0.4933137893676758,67.99427032470703,3.3378796066961853,14.742912292480469,4.5859375,0.35144584938255913
03781,0.5806660924126964,0.22217688462715496,0.22542911767959595,0.4860022962093353,0.5708016157150269,68.35574340820312,3.5267378250784813,11.894244194030762,4.109375,0.2990198955395946
03782,0.829459330708804,0.3712558204183751,0.26097071170806885,0.47938212752342224,0.34418654441833496,70.4759292602539,4.906593577311463,12.270090103149414,3.263671875,0.4767753753318682
03783,0.4816238344374982,0.22528684907325683,0.5161578059196472,0.7714157700538635,0.3685840666294098,57.11640930175781,6.3911756618062725,7.835080146789551,2.859375,0.2670474459480081
03784,0.5090615896009042,0.23256714251149285,0.32050591707229614,0.48800796270370483,0.44396501779556274,69.76831817626953,3.8363563104450518,12.103950500488281,4.60546875,0.30962450925411095
03785,0.6369354205659571,0.2972892816893054,0.28033244609832764,0.5296149253845215,0.536799430847168,65.76250457763672,4.977519058912193,11.825944900512695,3.919921875,0.5130872718516701
03786,0.9030122277075875,0.5852653687696906,0.14336484670639038,0.28185221552848816,0.6140313148498535,71.94597625732422,4.031362017822907,15.550064086914062,4.98046875,0.687178771229882
03787,0.5640632628744467,0.2653351046772642,0.36824625730514526,0.5144181251525879,0.4349260628223419,71.7827377319336,5.565682917912376,11.942397117614746,2.568359375,0.31988686805449074
03788,0.7690247801247034,0.34275136726966765,0.2395542860031128,0.523944616317749,0.47536933422088623,74.90119934082031,3.900465555403875,12.445305824279785,4.21875,0.3696884913754928
03789,0.8099362402535986,0.34556787492735624,0.3983193039894104,0.47416427731513977,0.3817533552646637,66.52330017089844,4.733862279569889,12.763404846191406,3.341796875,0.2515544562157437
03790,0.8736409655483699,0.5421669248644462,0.17600977420806885,0.28723472356796265,0.6341446042060852,75.55571746826172,4.0200053210973286,12.96116828918457,4.75,0.6406948972993366
03791,0.8644227649524525,0.3865375548543865,0.26672762632369995,0.543836236000061,0.6444894075393677,78.27481079101562,6.7382330303766445,9.715744018554688,4.9296875,0.6723432786875703
03792,0.8082379994558435,0.3930215653016719,0.3093186020851135,0.5309600234031677,0.5181787610054016,71.54422760009766,3.9102633370092077,9.911138534545898,4.8046875,0.335781534742777
03793,0.8478697045406178,0.372074329755544,0.26545965671539307,0.386180579662323,0.6065992712974548,71.06468963623047,4.615609740843714,11.936193466186523,4.96875,0.3045338299418235
03794,0.8364174106944497,0.4082761539159085,0.2714139223098755,0.45763692259788513,0.49837371706962585,74.0054702758789,2.936178438241636,7.4251580238342285,4.15234375,0.33150414410083034
03795,0.6068820732645994,0.24310872391558433,0.42362046241760254,0.7202283143997192,0.34633466601371765,67.9936752319336,5.950286936088789,10.947162628173828,3.462890625,0.21616747994771593
03796,0.7739312602122965,0.3443437591347559,0.2987836003303528,0.5615307092666626,0.4881870448589325,69.12750244140625,4.415267618647693,14.509552955627441,4.15234375,0.4628631751249218
03797,0.8614518122447289,0.4203828496254732,0.2035292387008667,0.30652299523353577,0.44384294748306274,69.32704162597656,4.20620918977406,13.650857925415039,3.654296875,0.5434631657230888
03798,0.8304325919336564,0.3838341191096099,0.21828067302703857,0.4425196647644043,0.4567677080631256,73.30193328857422,3.218779127850727,10.21926498413086,4.91015625,0.4040654966021486
03799,0.7531444903872335,0.3925069515586126,0.21636730432510376,0.44911158084869385,0.5328847169876099,72.52678680419922,3.1742385727839983,17.248769760131836,4.87890625,0.590756247687692
03800,0.6333607598349452,0.2756789871349806,0.45252859592437744,0.7321521043777466,0.6505386233329773,72.6269302368164,7.074031336522201,8.649986267089844,4.04296875,0.4385681231881715
03801,0.6451681868252815,0.314503286330602,0.23617202043533325,0.5245439410209656,0.4018292725086212,67.53450775146484,4.6336340380642715,15.7920560836792,3.87890625,0.4734790638614532
03802,0.7602519675759065,0.4304818509870516,0.2381976842880249,0.40390264987945557,0.5385529398918152,73.91559600830078,4.1658277478138634,11.889200210571289,4.8515625,0.671917726196303
03803,0.6946411014399347,0.41222800694166334,0.31990909576416016,0.5873646140098572,0.4624037742614746,73.86666107177734,4.030213664923545,9.287811279296875,4.703125,0.5219300764695199
03804,0.805681520914488,0.34541067869505926,0.3073074221611023,0.7054367661476135,0.3647780418395996,73.5747299194336,6.78875092250891,10.252913475036621,3.330078125,0.32521601732006616
03805,0.7319050396746967,0.38037356671123534,0.22806060314178467,0.4731605052947998,0.6124365925788879,75.39659881591797,2.6923318112639554,13.008628845214844,4.953125,0.47343926412374215
03806,0.7743010767398032,0.35284266350330584,0.23445051908493042,0.43144798278808594,0.4714581072330475,72.9991455078125,4.911581130172428,14.830238342285156,3.2265625,0.37527907136092564
03807,0.7500258146546985,0.28714364617410887,0.2913706302642822,0.5693912506103516,0.4680509567260742,72.46240997314453,3.8258675424920696,13.015331268310547,4.83984375,0.2597716679043331
03808,0.7409579173451882,0.3601643703166546,0.20102065801620483,0.46150046586990356,0.517958402633667,73.03103637695312,3.8696374131821547,15.328683853149414,4.15625,0.6866860418471832
03809,0.7901584729924651,0.3117758467023173,0.4116366505622864,0.7492238283157349,0.5848546624183655,67.12461853027344,4.88943166025671,11.573739051818848,3.75,0.4331212337414009
03810,0.8161280928458805,0.4148403483309144,0.2584691643714905,0.39369678497314453,0.5571110844612122,72.41558074951172,3.76316109977207,13.46010684967041,3.7890625,0.4768362982375792
03811,0.7110573326224355,0.36764848838339653,0.26169919967651367,0.43582454323768616,0.6477670669555664,71.49048614501953,3.913727925521018,11.538129806518555,4.796875,0.47371942697188457
03812,0.6182976992672081,0.3023981183208059,0.2496730089187622,0.4705388844013214,0.5974941253662109,74.25213623046875,4.046017222154904,11.684270858764648,4.98046875,0.4618873264819228
03813,0.8206314443234226,0.3846993651692208,0.21942877769470215,0.4665965437889099,0.526904821395874,74.0223388671875,3.5632950308223283,9.909418106079102,4.2265625,0.47815085431060583
03814,0.8642469989174193,0.4153946388682055,0.16289794445037842,0.3235114812850952,0.5816744565963745,75.07437133789062,3.455948264235688,15.71722412109375,4.93359375,0.665090838919684
03815,0.7983042754291528,0.37465993004275167,0.32926666736602783,0.5670939683914185,0.6652218103408813,75.7898941040039,4.267803433223454,6.417483329772949,4.9609375,0.29751886821008966
03816,0.7665217662455103,0.3713796198090887,0.32034021615982056,0.5369690656661987,0.47765541076660156,69.21587371826172,4.215006568776583,17.332599639892578,4.68359375,0.7150684562659364
03817,0.6497958677106029,0.31312690798081116,0.24829596281051636,0.4432276785373688,0.6610286235809326,72.34593200683594,5.874232464985372,11.229491233825684,4.8359375,0.5312588600429073
03818,0.7872343112718306,0.39190776128963384,0.31345129013061523,0.471967488527298,0.651966392993927,73.27601623535156,7.426635034551363,12.841133117675781,4.79296875,0.6008260284376066
03819,0.9229197504375699,0.4481476840830305,0.19243574142456055,0.3884825110435486,0.6505982279777527,75.015869140625,6.38658728683493,11.088651657104492,4.890625,0.7214379399273763
03820,0.9114568090149459,0.37438856946709004,0.40254080295562744,0.7203785181045532,0.4592488408088684,72.61421203613281,5.205301103148585,8.389935493469238,3.384765625,0.1844546562953424
03821,0.623822685238417,0.24503875308747125,0.2802302837371826,0.5516665577888489,0.4716300368309021,70.92766571044922,4.824967707375199,13.842549324035645,4.36328125,0.22289116558775748
03822,0.755775084268298,0.3829967347925989,0.2276836633682251,0.35971418023109436,0.5811205506324768,72.89659881591797,7.247613009520971,11.317237854003906,4.8515625,0.730230831138412
03823,0.6034019250599382,0.3094390325831374,0.3226233720779419,0.4732300043106079,0.6300182938575745,75.03453063964844,4.605422454834703,14.750460624694824,4.45703125,0.6218160428070348
03824,0.8679542304104345,0.3399257928579823,0.24432063102722168,0.4681934714317322,0.4552605152130127,74.42436218261719,5.050620193553286,15.392158508300781,4.3203125,0.2601928806658453
03825,0.6240329705267742,0.3061213405029602,0.22942858934402466,0.3880057632923126,0.6198291182518005,75.3017807006836,5.666725497764828,13.297547340393066,4.91796875,0.6351573870507051
03826,0.49843241750468265,0.2395709177592372,0.3735915422439575,0.6540873646736145,0.5121027231216431,73.13855743408203,4.476070844502792,7.851602554321289,3.869140625,0.27003750535190113
03827,0.32307401789186785,0.11505318577414848,0.5496405363082886,0.6839032173156738,0.37708061933517456,60.350772857666016,8.844293927181567,14.909481048583984,1.740234375,0.2056533878856079
03828,0.8463434930861905,0.4956869866688679,0.2847158908843994,0.4862266480922699,0.5571177005767822,73.69258880615234,7.010900935536529,12.946425437927246,4.3359375,0.6310864233592959
03829,0.7088661281147647,0.3387422360248447,0.24708819389343262,0.5614097714424133,0.5636900067329407,71.90735626220703,4.468638298140823,15.328258514404297,4.66015625,0.5002826935879683
03830,0.7463136549432658,0.28976394456234117,0.30181145668029785,0.6684523224830627,0.46761104464530945,70.04925537109375,6.014501829568978,11.85210132598877,3.693359375,0.43311801997525357
03831,0.7698202224405959,0.3867104705383637,0.39591264724731445,0.5256990790367126,0.3657732903957367,73.08450317382812,4.442066219293647,14.023603439331055,2.5078125,0.5359996431966089
03832,0.782885906494057,0.36889502399263785,0.21559137105941772,0.3998646140098572,0.5839329361915588,68.20690155029297,4.109413592557185,15.966035842895508,4.9609375,0.5172381929154874
03833,0.835211623048925,0.36479479886225114,0.32750648260116577,0.4006769061088562,0.5850449204444885,73.41586303710938,3.6910515742278616,12.370159149169922,4.24609375,0.3330194804928733
03834,0.7715215707471247,0.3766465621230398,0.22498703002929688,0.4470136761665344,0.4918953478336334,73.8100814819336,3.494155325554231,11.33823299407959,4.8828125,0.3328316516893447
03835,0.797379707397487,0.31387213510253315,0.36580759286880493,0.6252806186676025,0.35431358218193054,69.47977447509766,4.630412488059965,9.814332962036133,3.04296875,0.233519560483299
03836,0.8091417566962175,0.37129714811407544,0.34066587686538696,0.5888655781745911,0.3590828776359558,67.16793823242188,5.718664240834643,10.12160873413086,2.783203125,0.5637398356780782
03837,0.8406840401325195,0.5427389484823705,0.2119159698486328,0.31048280000686646,0.6050052642822266,73.22588348388672,4.264182413442984,13.594523429870605,4.8359375,0.5698194952690987
03838,0.8294482848999116,0.43285528031290743,0.3504319190979004,0.629633367061615,0.43251481652259827,68.90177154541016,6.2436391874939305,14.834933280944824,3.91015625,0.7478036750436484
03839,0.8028201682665624,0.31584429498244154,0.3137021064758301,0.5953254103660583,0.5243607759475708,74.98377227783203,4.114833627196625,11.760579109191895,4.80078125,0.4129625938935595
03840,0.7242549458957608,0.425886524822695,0.1826738715171814,0.33871084451675415,0.531559944152832,75.53112030029297,5.1882688347126855,15.546069145202637,4.98828125,0.6765817620915651
03841,0.8038631114754277,0.36166098885922104,0.3097649812698364,0.6445979475975037,0.31474047899246216,63.50269317626953,5.495340783950202,15.137348175048828,2.326171875,0.5319401063139898
03842,0.2826166530782847,0.1279472031507797,0.2846122980117798,0.47311270236968994,0.518852949142456,60.151710510253906,5.753044807368095,18.50934410095215,4.55859375,0.47009273517439104
03843,0.714451951707347,0.30050294582554965,0.4146449565887451,0.749691367149353,0.49051633477211,66.13739776611328,5.776351225196408,8.22407054901123,3.880859375,0.25552602915693956
03844,0.8487649350515166,0.33136432432432433,0.40979957580566406,0.6485398411750793,0.43565642833709717,69.27164459228516,4.810040197716464,9.798020362854004,2.294921875,0.1532561739351251
03845,0.8516284842267476,0.3565143184902282,0.23954147100448608,0.44281888008117676,0.5796937346458435,72.50218200683594,4.11381090902704,15.731514930725098,4.09765625,0.4459609418521766
03846,0.8799902856696254,0.3912867776459699,0.22279077768325806,0.3506753146648407,0.6018664240837097,75.17105102539062,3.9242234088664736,11.543526649475098,4.5078125,0.4672619100743281
03847,0.5960796791174157,0.25889983909895414,0.28464263677597046,0.4797973036766052,0.4878031611442566,65.94269561767578,5.092704260850815,17.785602569580078,4.53125,0.3453616458667419
03848,0.5876282935267746,0.2681050439611291,0.3246743679046631,0.5662927627563477,0.40524405241012573,70.2198257446289,4.926161947837876,13.79073715209961,3.171875,0.49240207717502094
03849,0.8120106072186472,0.3924420059036406,0.3201819658279419,0.49370086193084717,0.4089721441268921,65.30104064941406,4.917047838073006,14.102877616882324,2.650390625,0.4306130927098852
03850,0.7381019652680889,0.337691042885253,0.19254302978515625,0.37609976530075073,0.586153507232666,75.88400268554688,3.7725289267622935,13.05020809173584,4.94921875,0.5790335641379172
03851,0.8091396399369283,0.3242234025430549,0.38329410552978516,0.6105762720108032,0.28315111994743347,71.98249053955078,6.381245291611772,9.282129287719727,3.21484375,0.24800313086352402
03852,0.8258956201317935,0.32447376688658497,0.40208059549331665,0.6519896984100342,0.5533719062805176,69.11045837402344,4.953510268916515,9.487189292907715,3.451171875,0.3621503792069371
03853,0.758150819435316,0.2888406684100224,0.32185012102127075,0.5537686347961426,0.6264957785606384,70.35710906982422,5.3538520564318315,16.939685821533203,4.3984375,0.4927317316198955
03854,0.6005639328566711,0.3246628131021195,0.3218424916267395,0.4685472846031189,0.5573706030845642,64.84662628173828,6.789708662556753,13.818719863891602,4.88671875,0.6271247733534673
03855,0.8397929105596401,0.3419909003733703,0.30199068784713745,0.6212605834007263,0.546977162361145,74.83647918701172,4.621045473925092,12.257078170776367,3.970703125,0.5458508844694123
03856,0.8347141325956156,0.32969869023807985,0.3167937994003296,0.5090371370315552,0.5785298347473145,70.4515609741211,6.069488222391236,12.756563186645508,4.9296875,0.5419995422498195
03857,0.29915194769715714,0.12042637446092924,0.3917590379714966,0.6331717371940613,0.28165802359580994,61.13071060180664,7.170537953558133,16.163713455200195,2.744140625,0.298741487260358
03858,0.7723837233616889,0.36974075648108795,0.2751268148422241,0.5018823146820068,0.5224985480308533,73.0601577758789,4.371317072375272,14.567404747009277,4.78125,0.43907082229071537
03859,0.7865453677579806,0.387693356628457,0.21727824211120605,0.5051779747009277,0.48623862862586975,71.71195983886719,3.8303502698264866,12.39590835571289,4.890625,0.5161602117815117
03860,0.8457187257884841,0.3409010246722766,0.35410982370376587,0.5636480450630188,0.2715892195701599,66.76288604736328,5.60160236102822,13.79883861541748,2.0234375,0.2568494415530742
03861,0.6265938865013286,0.26386489622276654,0.2663266658782959,0.5023021697998047,0.48837968707084656,75.46186828613281,3.2036921278605517,11.720426559448242,4.62890625,0.38155712893490157
03862,0.7716559948311242,0.39228924224926714,0.3163033127784729,0.6368699073791504,0.3320070207118988,65.14888763427734,4.6067626986115835,12.013046264648438,4.7109375,0.6015951972796432
03863,0.8685056256312715,0.37530098234729303,0.18350136280059814,0.3691251575946808,0.5125470161437988,70.57853698730469,3.5948486223662437,14.123244285583496,4.73046875,0.48832639375454645
03864,0.884609447402694,0.3366515223435275,0.4581889510154724,0.69809889793396,0.38555169105529785,69.74774932861328,7.502499261929198,10.38617992401123,2.55859375,0.12456582824974366
03865,0.8349772936225258,0.43997721168714904,0.17760199308395386,0.31787073612213135,0.4874986410140991,75.02748107910156,2.8433149021051767,10.745384216308594,4.91015625,0.510734727988092
03866,0.7422258338166581,0.29140276060460774,0.2883921265602112,0.41548460721969604,0.6144464612007141,74.24667358398438,4.242163999637798,12.570134162902832,4.59765625,0.2750280383433278
03867,0.7480961252322867,0.40499132780882635,0.2973356246948242,0.42589229345321655,0.5248569846153259,64.68730926513672,6.07184682278523,12.611712455749512,4.8984375,0.4287126088740112
03868,0.7405736138945899,0.40604529691313096,0.2932400703430176,0.513364315032959,0.42158088088035583,70.65901184082031,4.395487265220777,12.060100555419922,4.0078125,0.378566366901517
03869,0.8093047485907915,0.3472369531808048,0.31789326667785645,0.39740854501724243,0.3877870738506317,72.22444152832031,4.033257374363469,11.427602767944336,4.0625,0.26455192223987795
03870,0.6389318763866175,0.2432906542998286,0.33740973472595215,0.6758038401603699,0.4812518060207367,68.28366088867188,5.422044355311115,13.953725814819336,4.1640625,0.30833417543336666
03871,0.6686906875054361,0.33327847809630384,0.2624865174293518,0.5803730487823486,0.5326154828071594,73.87032318115234,3.2581582877130844,12.058122634887695,4.9609375,0.3572986618998967
03872,0.857890738235821,0.38156922902107837,0.2883349061012268,0.4081543982028961,0.45598047971725464,70.05401611328125,5.201634195489615,12.82040786743164,3.15234375,0.37174254993432954
03873,0.8038222367151524,0.34701419192514843,0.30338603258132935,0.5391391515731812,0.5636299252510071,70.66145324707031,4.992056945736938,12.762497901916504,4.51171875,0.350457161570968
03874,0.7620850696027516,0.2940471651870813,0.2902708053588867,0.4933543801307678,0.5728062987327576,70.35625457763672,5.107807765220859,11.20792007446289,4.19140625,0.5222161312210262
03875,0.4276960466373524,0.22885299753627156,0.3553975820541382,0.5079691410064697,0.46500763297080994,67.49373626708984,5.628204502295622,6.894493103027344,3.970703125,0.48082128592986884
03876,0.8003699499547354,0.3983076572816271,0.20082181692123413,0.38320058584213257,0.5051647424697876,74.51761627197266,2.855097660363637,12.486958503723145,4.65625,0.40535173689720017
03877,0.900238880996867,0.3900985134771265,0.27810192108154297,0.5362754464149475,0.5075470209121704,73.4781265258789,4.363354036982409,11.581640243530273,3.677734375,0.29258138442305903
03878,0.7318302286133227,0.2908591484816115,0.28941500186920166,0.6034095883369446,0.47871309518814087,70.102294921875,5.823613363992177,17.157371520996094,3.234375,0.47464296244030224
03879,0.8061037856788501,0.3689103974189764,0.26441919803619385,0.5150735974311829,0.4597949981689453,71.20906829833984,3.6322495503872667,13.24450969696045,3.76953125,0.34705818185284754
03880,0.833578798196127,0.35743021651673235,0.31118321418762207,0.45093274116516113,0.4765191972255707,66.72004699707031,5.535519386841169,9.615922927856445,3.509765625,0.12654731461126845
03881,0.42604673313854413,0.2392642096208562,0.28309565782546997,0.5271629691123962,0.5088014006614685,74.59083557128906,3.904318347561385,10.719012260437012,4.9609375,0.4907096947077641
03882,0.8779786066115076,0.45254074784276127,0.3948580026626587,0.5692578554153442,0.5409040451049805,60.5606803894043,11.005121662002121,8.83317756652832,4.1171875,0.6499441163608695
03883,0.8288033559272369,0.45006132352156986,0.30496156215667725,0.5870566368103027,0.5595414638519287,73.85000610351562,5.5630747740377435,10.72379207611084,3.623046875,0.4305444741716487
03884,0.748637529737208,0.3110867069335596,0.3377254009246826,0.538415253162384,0.44669753313064575,67.81816101074219,4.75230874509834,14.882706642150879,3.078125,0.5142910874801543
03885,0.8122225097960383,0.31517040031441246,0.36154693365097046,0.7147727608680725,0.5159717798233032,68.78204345703125,4.738869730306289,12.811382293701172,4.51171875,0.2642822005464844
03886,0.7429119936819084,0.30234533220095383,0.31597238779067993,0.6110953092575073,0.49067434668540955,73.48810577392578,5.72340153335409,16.390615463256836,3.669921875,0.3703709170211493
03887,0.7885195864847468,0.29378382638852396,0.38734060525894165,0.7523642778396606,0.487971693277359,75.90042114257812,4.942339201435948,12.848600387573242,3.126953125,0.27962393911049177
03888,0.7796229020210379,0.2808808669291613,0.25758951902389526,0.47864052653312683,0.5238379836082458,69.42456817626953,4.228784665045503,12.466168403625488,4.578125,0.39569237099332
03889,0.9251625826299608,0.3589495563654788,0.343719482421875,0.474056214094162,0.42868995666503906,71.8898696899414,4.9312070513847654,12.588327407836914,3.552734375,0.10778257023494228
03890,0.8439589385131342,0.3500152671755725,0.21352487802505493,0.461608350276947,0.6006825566291809,75.73208618164062,4.639928145163571,14.689265251159668,4.890625,0.43809647367218085
03891,0.8882615777265785,0.39138302455838003,0.3918057680130005,0.5644553303718567,0.32035118341445923,72.48381042480469,6.037030622983555,11.325026512145996,2.4296875,0.2944554266484735
03892,0.8607797517563947,0.41967725724496063,0.2503895163536072,0.34762269258499146,0.49366533756256104,69.46015167236328,4.357057061477083,15.015317916870117,3.88671875,0.5246265199948718
03893,0.22655061397817572,0.09961749542657575,0.32106083631515503,0.612725555896759,0.5094947218894958,66.14517211914062,6.4283952705833824,14.109124183654785,4.0234375,0.37439855038186937
03894,0.6985303537717196,0.32786885245901637,0.3642416000366211,0.8355162143707275,0.277639776468277,64.88835144042969,6.748199371421702,12.013671875,3.06640625,0.538432558606715
03895,0.566002125627579,0.2700366044971239,0.3586931824684143,0.5910662412643433,0.3235715627670288,66.04170989990234,5.0311471862519035,13.698025703430176,3.169921875,0.40581974370168994
03896,0.8179555212670291,0.4090569355902396,0.2480490803718567,0.4706462025642395,0.6978631019592285,72.49346160888672,3.4894160445952105,13.432781219482422,4.96875,0.601985671824652
03897,0.6775250914467056,0.2853590610702208,0.27792805433273315,0.48800626397132874,0.3272402584552765,71.33519744873047,5.763802120883633,18.236522674560547,3.3125,0.43792605937286233
03898,0.8074763607689026,0.37852445725610306,0.3100607395172119,0.5376408100128174,0.5365420579910278,75.85369110107422,4.675127590273837,8.221117973327637,4.77734375,0.37441786783032743
03899,0.8751277560409384,0.4676940680087246,0.2747882604598999,0.4459995627403259,0.52872234582901,76.0214614868164,5.606488384417488,8.404361724853516,4.234375,0.41509192907395476
03900,0.8513760827841628,0.36829631123773987,0.38694995641708374,0.5908104777336121,0.2188269942998886,69.69730377197266,5.657864336003654,9.891005516052246,2.158203125,0.2863049106102072
03901,0.8051164508052079,0.36346062661852135,0.4016643166542053,0.709098756313324,0.3283819556236267,64.89861297607422,3.2517944172892435,8.950248718261719,2.681640625,0.30502502280951677
03902,0.7886857607144435,0.3074722724451521,0.3770901560783386,0.6563003659248352,0.5050681829452515,72.54832458496094,5.518878692111767,11.447166442871094,4.1328125,0.26568612667006775
03903,0.9029042234085876,0.5388007054673721,0.29935258626937866,0.43705886602401733,0.5887377858161926,75.17528533935547,6.918918800645829,8.252490997314453,4.47265625,0.6017173344485626
03904,0.75005683783618,0.33574541346102116,0.3675929307937622,0.5715555548667908,0.4088244140148163,66.26216888427734,4.400631840088255,11.1785306930542,3.88671875,0.3255554590152363
03905,0.6806708674812614,0.29177125531227477,0.32764536142349243,0.597170352935791,0.42068615555763245,72.05846405029297,5.258420853621247,11.114151000976562,4.3046875,0.29027518048258294
03906,0.8634593013025552,0.46393795777682034,0.2185710072517395,0.3215291202068329,0.6110014915466309,74.78336334228516,3.7613818164591026,11.8126220703125,4.84765625,0.4605888399809754
03907,0.8576396090859036,0.3565023011176857,0.37505394220352173,0.5622034668922424,0.30732184648513794,73.78185272216797,3.972524003592915,9.876211166381836,2.65625,0.20708610656444865
03908,0.7855230316582119,0.33873388493361556,0.3049430847167969,0.5061251521110535,0.4679102599620819,65.8194808959961,5.27433716404713,14.669593811035156,2.923828125,0.5276267438710437
03909,0.7511605664581643,0.3413318188272043,0.45338279008865356,0.7525944709777832,0.3027230203151703,70.57952880859375,7.052553664874267,13.566627502441406,2.5625,0.459784917414519
03910,0.8454426072647301,0.3515378456031275,0.38484305143356323,0.5833519697189331,0.3321741223335266,67.57624053955078,6.633210742958856,10.660181045532227,2.853515625,0.18221434054687843
03911,0.7762469403673065,0.38762318533432233,0.4120408892631531,0.8388529419898987,0.310311496257782,60.3997688293457,6.758893047367695,13.912004470825195,2.470703125,0.5460175673092117
03912,0.7414148764046342,0.33455320331681104,0.3228864073753357,0.5155559778213501,0.5752535462379456,68.20101165771484,5.728877849001897,18.422454833984375,4.80078125,0.5249819351863869
03913,0.8932661814480807,0.5060384927239363,0.26551806926727295,0.546953022480011,0.4185808598995209,72.89030456542969,6.405850739081001,11.68428897857666,3.62890625,0.6317135982518581
03914,0.8961053324759078,0.3958188545990721,0.241260826587677,0.4217318892478943,0.35583677887916565,75.15384674072266,4.23998839409537,13.155353546142578,2.994140625,0.3339521599268955
03915,0.8481703096744819,0.35642346428846006,0.21858060359954834,0.39951857924461365,0.2647033631801605,64.03707885742188,4.875978619924942,15.673866271972656,3.283203125,0.5030101794072835
03916,0.8631056266095024,0.4914582062233069,0.22339612245559692,0.45518407225608826,0.551299512386322,74.6229019165039,3.349194926743916,10.288589477539062,3.96875,0.5387520740633793
03917,0.9549926150933791,0.4661588556808931,0.2609333395957947,0.4278672933578491,0.6366081833839417,74.0174331665039,5.170389569552277,9.323824882507324,4.9609375,0.6534096036235317
03918,0.8221720134489755,0.3459718577597785,0.3288756012916565,0.5448745489120483,0.38926759362220764,72.421875,5.596429376671094,13.642862319946289,2.888671875,0.41830708819148943
03919,0.8707688404452885,0.38639672744921305,0.24833393096923828,0.5588032603263855,0.64385986328125,75.03185272216797,4.418696739464683,13.109521865844727,4.9453125,0.46273890654836924
03920,0.8303145824803384,0.34524741998873176,0.383602499961853,0.6589421629905701,0.4678996205329895,70.74494934082031,5.81996324746035,7.235665798187256,4.109375,0.3358442655834554
03921,0.8561483362995662,0.3863653041755339,0.2803630232810974,0.5467736721038818,0.2818894684314728,72.03792572021484,4.498127887798321,11.923835754394531,3.3515625,0.4869129839273106
03922,0.7797197039083131,0.2892832167832168,0.3659725785255432,0.37624141573905945,0.5636836886405945,68.08029174804688,5.802980562808393,10.271318435668945,4.421875,0.1431962611732304
03923,0.6933231121393619,0.307379261658569,0.3288688659667969,0.572466254234314,0.5674763321876526,71.97274780273438,4.279821141322871,12.983558654785156,4.109375,0.4167706698619449
03924,0.67055205995322,0.3675063464167155,0.29884958267211914,0.6636340618133545,0.5648137927055359,75.00077056884766,3.8826018152391124,10.837312698364258,4.07421875,0.5426471847449393
03925,0.6132100944145957,0.22200089382621466,0.44614177942276,0.7179886698722839,0.4381360709667206,65.95671081542969,7.277033035412652,14.89454174041748,4.125,0.15141374189076523
03926,0.7119210856762982,0.33520062532569045,0.22977513074874878,0.5298736095428467,0.6139681339263916,72.5440902709961,5.127863863051135,6.845765113830566,4.83203125,0.4201061539998334
03927,0.8272874555638747,0.4674326775995162,0.27566397190093994,0.5143309831619263,0.491595983505249,67.91106414794922,4.172430025833416,14.31125259399414,4.1484375,0.4784901534694518
03928,0.7590786486815828,0.3701336432306798,0.2595176696777344,0.5529699325561523,0.4165700376033783,71.04505157470703,4.789864921779855,11.979684829711914,4.4765625,0.46557291442482873
03929,0.7001388801783058,0.37043825130720714,0.32764995098114014,0.5675252676010132,0.5102602243423462,74.8398666381836,4.396950183145727,11.283952713012695,4.171875,0.6772022742912447
03930,0.8572355713948353,0.34253511924207775,0.32837235927581787,0.40908098220825195,0.5780889987945557,71.19381713867188,5.870450940928034,14.661425590515137,3.740234375,0.6982722872613707
03931,0.8537352171212321,0.3269269722496932,0.2671871781349182,0.5481733083724976,0.6024441123008728,74.12181091308594,6.21899322057422,13.152873992919922,4.0703125,0.35991749183486743
03932,0.6449088840726545,0.2926750824153735,0.3073166608810425,0.4700317680835724,0.5424924492835999,72.45310974121094,4.25794383110079,10.783531188964844,4.078125,0.5445140211187774
03933,0.7939935689279455,0.3173678666584051,0.39303648471832275,0.6517034769058228,0.47234612703323364,72.20716857910156,4.33113534328661,9.98829460144043,4.125,0.2455925785536656
03934,0.7491942665173679,0.30757296615921653,0.3935478925704956,0.7102669477462769,0.4628641605377197,67.83100128173828,4.708473951189753,15.846805572509766,4.0078125,0.5211458624263626
03935,0.7158016221563309,0.32584921292460645,0.21542996168136597,0.4583452641963959,0.5708444118499756,76.05928802490234,4.674627788675299,12.5144624710083,4.96875,0.5759061300673277
03936,0.8107201964104789,0.34295246038365307,0.38199102878570557,0.6205331683158875,0.3012984097003937,69.51074981689453,6.251999713061363,11.710464477539062,2.8515625,0.30282835816108067
03937,0.8322041046171562,0.3927521720874649,0.2569267153739929,0.42748138308525085,0.654619038105011,70.47039794921875,4.269428844787826,8.022294044494629,4.859375,0.3796607413445414
03938,0.7451704130328637,0.31717942473685634,0.26967430114746094,0.456924706697464,0.5118280053138733,74.08741760253906,3.529224844213223,11.531681060791016,4.953125,0.3496020255639999
03939,0.8917178730609071,0.4439210513919638,0.3536127805709839,0.6228300333023071,0.3396178185939789,66.10774993896484,5.115542564180712,12.15644645690918,2.240234375,0.35651231894242813
03940,0.5879037447125146,0.28256601861820024,0.33612698316574097,0.5564781427383423,0.44886651635169983,68.77311706542969,5.338076769701501,12.572811126708984,3.18359375,0.5358443627206722
03941,0.8521758666011667,0.3644710855479713,0.25331032276153564,0.369570791721344,0.5899747014045715,72.81546783447266,3.983177328709747,14.125398635864258,4.609375,0.3027809759713698
03942,0.8299248377286959,0.4331161068908341,0.2233026623725891,0.45431965589523315,0.3947260081768036,61.112735748291016,4.538872481877728,18.232742309570312,3.61328125,0.5257443575941829
03943,0.8226722826029559,0.4236076956458846,0.2744262218475342,0.4478492736816406,0.47731220722198486,70.76826477050781,4.431694016929074,11.258865356445312,4.15234375,0.4490033148050712
03944,0.7064578991488353,0.3225139106862605,0.251920223236084,0.5641469955444336,0.5919864177703857,75.28475189208984,4.4888474004601875,13.611339569091797,4.671875,0.4724689969790259
03945,0.5736837753306426,0.27710547330917135,0.2757875323295593,0.5037029385566711,0.4296676218509674,70.97635650634766,4.312050980181149,12.573919296264648,4.46875,0.40580487093290624
03946,0.7398311165975804,0.3250614715339512,0.2701669931411743,0.4947810769081116,0.5203761458396912,74.91512298583984,3.4967707114336197,8.232988357543945,4.42578125,0.25675891877599577
03947,0.8285818631848295,0.4661032863849765,0.285115122795105,0.5454298853874207,0.5180322527885437,69.94771575927734,5.21196359045973,9.256537437438965,4.25390625,0.5759157411723075
03948,0.8788674017794256,0.379694712044893,0.19968771934509277,0.378010094165802,0.4862540364265442,73.68031311035156,2.9505512080255336,12.632492065429688,4.17578125,0.2896050056223228
03949,0.7605419877005212,0.349900356301709,0.23293131589889526,0.42303380370140076,0.6402744650840759,73.86677551269531,4.736291474507012,11.250236511230469,4.796875,0.5454038574734233
03950,0.9306505731377998,0.38827866816940154,0.22755342721939087,0.4243982434272766,0.5896503329277039,74.25846862792969,3.7125701602505163,13.537521362304688,4.33203125,0.4027489748949729
03951,0.8733819398247215,0.37998341295891785,0.2503013610839844,0.4733460247516632,0.5322383642196655,74.59785461425781,4.294005503644885,11.838127136230469,4.59375,0.31591299049341226
03952,0.7466057327032946,0.3244189383070301,0.14807730913162231,0.2991451621055603,0.42756950855255127,69.97438049316406,4.14589519731242,15.494091033935547,4.7421875,0.5537834112580597
03953,0.872458516211907,0.47763974174809387,0.3019862771034241,0.40360593795776367,0.5060945153236389,76.91727447509766,3.9063277861789882,11.036016464233398,4.3359375,0.5618324388151297
03954,0.8857335283558088,0.4012565528832686,0.27996212244033813,0.45450520515441895,0.664814293384552,77.36504364013672,4.0487923363015295,11.759562492370605,4.90625,0.47375148528944205
03955,0.7939337529950915,0.4906298435958856,0.2676692008972168,0.517399787902832,0.4609038233757019,61.4185791015625,6.340825185680673,13.56014633178711,3.4609375,0.7052706449763498
03956,0.598013852647154,0.29531926406926406,0.2753927707672119,0.5708581209182739,0.648370087146759,72.68321990966797,4.786333352562153,11.680891036987305,4.875,0.50633736120812
03957,0.697760262400508,0.31188462638395226,0.21868938207626343,0.44826626777648926,0.5161477327346802,73.54248046875,2.393046835910571,12.354945182800293,4.4453125,0.34926015158604834
03958,0.892234789290265,0.3654825859420428,0.38320714235305786,0.7036086320877075,0.37342673540115356,71.811767578125,7.091460120304855,11.480575561523438,3.041015625,0.19874333316697756
03959,0.8099300717538014,0.369249035322054,0.3609148859977722,0.5939496159553528,0.45996585488319397,67.91499328613281,7.284929153307578,11.655863761901855,4.17578125,0.5357742869288245
03960,0.8122017256676186,0.3049358287799299,0.36623847484588623,0.5727315545082092,0.6268870830535889,70.65129089355469,7.298690933393265,10.129929542541504,2.740234375,0.45873284142309534
03961,0.8430150889416587,0.4469914040114613,0.2717432379722595,0.5797597169876099,0.34558582305908203,72.90731048583984,4.388254534819928,9.459418296813965,3.7890625,0.5031915331038046
03962,0.8005896135784538,0.3782771535580524,0.31092727184295654,0.5394986271858215,0.6155484318733215,70.96964263916016,5.017262766306839,14.589302062988281,3.49609375,0.5636648267724621
03963,0.7428842671642644,0.3278463059268492,0.24619096517562866,0.4719303548336029,0.6508564949035645,76.49270629882812,6.034826279127385,8.882905960083008,4.9765625,0.6625104546149087
03964,0.7486068711931343,0.2847130767380873,0.3999093770980835,0.5574568510055542,0.6074445247650146,73.973876953125,5.391145892806905,12.59712028503418,4.36328125,0.2792073486247141
03965,0.7802729253458595,0.37960145283204083,0.30946528911590576,0.6597256064414978,0.5449934005737305,70.5373306274414,4.662643588927612,10.517730712890625,3.71484375,0.6414076923332513
03966,0.7619637309672224,0.3057181271749446,0.3712196946144104,0.5187698602676392,0.6080383658409119,72.70986938476562,5.032253721896609,10.645323753356934,3.33203125,0.3527686688612469
03967,0.7794848476501635,0.3854650792640224,0.27176564931869507,0.38027364015579224,0.6176161170005798,75.06097412109375,3.910067057477145,11.635689735412598,4.9296875,0.38378005586596925
03968,0.8094404259206006,0.42148213498014997,0.21670883893966675,0.4028502106666565,0.539050281047821,77.1031265258789,4.964784305055623,10.664312362670898,4.2421875,0.3998177634054643
03969,0.7469724703302979,0.3127387941477961,0.33857035636901855,0.7171831130981445,0.5459609627723694,67.88375854492188,6.274316064950679,12.333023071289062,4.12109375,0.5169470806598095
03970,0.9158367417356738,0.37846434559621267,0.1861894726753235,0.3613150119781494,0.533574104309082,74.50126647949219,4.280912161428454,11.702260971069336,4.8203125,0.3704104753525502
03971,0.8193747632389828,0.4144180158571524,0.2258443832397461,0.4750354290008545,0.5637956857681274,73.87622833251953,3.034699226985332,11.331396102905273,4.3125,0.4443777302439935
03972,0.8183912438629967,0.3764878962150595,0.355879008769989,0.696995735168457,0.3711128234863281,74.88142395019531,3.8127219594583877,6.957523345947266,4.5703125,0.4232578570066108
03973,0.8478322923075664,0.36810024063689273,0.241713285446167,0.528030514717102,0.45701199769973755,70.00849151611328,4.033810531340685,11.764355659484863,3.86328125,0.24032700774660926
03974,0.8123924199851895,0.3501311669628501,0.3263084292411804,0.501715362071991,0.35625362396240234,73.93229675292969,4.998168327421063,13.62788200378418,3.23828125,0.4432143822074096
03975,0.8021784000732218,0.3439841846351892,0.29623717069625854,0.5185350179672241,0.49512505531311035,70.37383270263672,4.394699339356659,16.855613708496094,4.94140625,0.4735000537312479
03976,0.8246448795207152,0.3851289571293022,0.3030705451965332,0.5765975713729858,0.43760988116264343,71.3309555053711,3.3260661048981337,7.944770336151123,4.328125,0.39844033868626544
03977,0.9235720170430011,0.37635563563286095,0.22692900896072388,0.4117850959300995,0.5980463027954102,73.48497772216797,4.017841398477707,15.414961814880371,4.3359375,0.5281249549938664
03978,0.7367781730589834,0.3468887577724323,0.2610248327255249,0.4295177161693573,0.5699765086174011,73.2696762084961,4.308174588413056,9.375852584838867,4.91796875,0.37853377845237596
03979,0.6453007064904243,0.24293145546551542,0.5363305807113647,0.7828974723815918,0.39649808406829834,66.97889709472656,7.3709204872839775,11.364465713500977,1.2861328125,0.2652043770431241
03980,0.9154683213336975,0.35770014220377416,0.49283456802368164,0.762884795665741,0.4056229293346405,72.77760314941406,6.02500208145939,10.455718994140625,3.658203125,0.12299275582243875
03981,0.8513734488088349,0.4346658167911127,0.23518621921539307,0.4960583448410034,0.5020436644554138,75.08602905273438,3.8480339675106396,14.492973327636719,4.1875,0.5095865445158738
03982,0.8484096268118164,0.38852630730803317,0.30486607551574707,0.691271960735321,0.39049044251441956,67.92268371582031,5.927945616968832,10.840564727783203,3.25,0.511720196138939
03983,0.8060097986756124,0.4117940868444373,0.3647598624229431,0.537402331829071,0.5370355844497681,72.04911041259766,4.855650073123363,6.757956504821777,4.703125,0.34574587268706963
03984,0.671433946708248,0.2539944449027858,0.28528326749801636,0.470994770526886,0.5171981453895569,74.20738983154297,4.758480146737772,13.540410041809082,4.5078125,0.34559318574556364
03985,0.8269508023812348,0.44112498541253353,0.242853581905365,0.3869573175907135,0.511811375617981,69.06802368164062,6.239997337312039,11.707401275634766,4.65234375,0.6174670025268202
03986,0.8669761378043979,0.39950114321346913,0.2316293716430664,0.3478933870792389,0.5401358008384705,74.6234130859375,3.8182577950832894,10.623516082763672,4.6875,0.410264464365679
03987,0.841623313163892,0.4202993742869983,0.3116663694381714,0.44966304302215576,0.5954210758209229,74.6763687133789,4.5122582411987935,6.910192489624023,4.29296875,0.47822242984995506
03988,0.8534373281918887,0.41289451614882694,0.1586909294128418,0.45948031544685364,0.5959888100624084,74.85665130615234,4.147961821490697,9.894861221313477,4.98046875,0.5333770146593673
03989,0.8371513920669452,0.3338484688275245,0.28619295358657837,0.64573734998703,0.45439282059669495,68.89105987548828,4.863420548712104,11.9569673538208,4.1484375,0.4040839446634819
03990,0.8291358711012201,0.34733931524302636,0.3668954372406006,0.5562604069709778,0.36501550674438477,73.13501739501953,4.2183720220000085,10.455904960632324,4.0625,0.25478374056129044
03991,0.5575840452789742,0.30243703477108186,0.27235841751098633,0.5310474634170532,0.27802717685699463,68.38710021972656,5.071341675293825,12.996655464172363,3.546875,0.4813008581275577
03992,0.9154459543132721,0.5194902765336492,0.22510939836502075,0.5659962892532349,0.4635469615459442,75.05847930908203,4.898228207966345,8.603449821472168,3.82421875,0.5910495695323953
03993,0.8024899856531508,0.3349973659784763,0.31427597999572754,0.6019368767738342,0.7109867930412292,71.72513580322266,5.5864485310996885,12.203710556030273,4.015625,0.45260846157150464
03994,0.74778783697066,0.33418559181831853,0.2765144109725952,0.3065256178379059,0.5283184051513672,67.45034790039062,7.235511625306287,16.840469360351562,4.05078125,0.7966935117907624
03995,0.7952838193272879,0.3724082367716405,0.3306400775909424,0.5614446401596069,0.345537006855011,74.37447357177734,4.1590648354080155,11.557947158813477,3.09765625,0.4409506139487679
03996,0.8226599434078823,0.3489358795960355,0.26422929763793945,0.490295946598053,0.4694654941558838,72.44485473632812,4.1130345682243,11.580604553222656,4.01171875,0.23776264215164603
03997,0.49674813230079756,0.20374729762190727,0.36649394035339355,0.5712583661079407,0.43328890204429626,71.3652572631836,5.942968901409168,11.290861129760742,3.412109375,0.3120551855428641
03998,0.7215249595128211,0.3408493567575045,0.381889283657074,0.6643738150596619,0.2967216372489929,64.7997055053711,5.550896413236847,8.113773345947266,1.798828125,0.3768399216932954
03999,0.7766644778604775,0.32648817962115384,0.2580100893974304,0.5252928137779236,0.5248467326164246,74.43540954589844,3.3646275146646567,10.096431732177734,4.921875,0.23130393503940486
04000,0.8252779875711741,0.4103684193620917,0.22542864084243774,0.4123235046863556,0.48348337411880493,75.45504760742188,2.8596946490322326,10.924537658691406,4.4296875,0.43937120800022955
04001,0.1296581796728068,0.061647004395095996,0.4599631428718567,0.7861176133155823,0.5258984565734863,70.12796783447266,7.976593925553711,10.366836547851562,2.1640625,0.501554203343258
04002,0.828327568185319,0.4637062339880444,0.2802983522415161,0.6129587292671204,0.3883678615093231,66.50399780273438,4.5207814252854845,9.844886779785156,4.2265625,0.5991938573534309
04003,0.8669918860632988,0.3364349140374079,0.2938269376754761,0.5882624387741089,0.5706910490989685,72.84812927246094,5.322374081309741,11.938064575195312,4.57421875,0.33008403279063
04004,0.7600939225827088,0.3385937814787455,0.16794031858444214,0.4277615547180176,0.6345375776290894,74.73374938964844,2.9900384986621837,14.101552963256836,4.8828125,0.38160925488203745
04005,0.7437563536640145,0.33922544859157283,0.3338478207588196,0.6083075404167175,0.4771835505962372,72.50439453125,6.064974884805508,11.725363731384277,4.1640625,0.43845436022867573
04006,0.8724885922234088,0.33040032174842804,0.22559434175491333,0.49255552887916565,0.5353974103927612,73.03828430175781,4.150029215693395,14.386545181274414,4.30078125,0.33356249098532165
04007,0.8217572901897027,0.42651471984805317,0.22263163328170776,0.5240182280540466,0.7013554573059082,74.59085845947266,6.068286346502396,7.269219875335693,4.9375,0.5698445220510668
04008,0.8395143551484356,0.4176827990781479,0.19990909099578857,0.3513415455818176,0.6380453109741211,74.48363494873047,3.780764057228444,12.942118644714355,4.8515625,0.5011002746514253
04009,0.8188953838501193,0.35992673483109594,0.4065570831298828,0.620186984539032,0.3346252739429474,65.66557312011719,4.810284452640425,11.984073638916016,2.091796875,0.3927538339355179
04010,0.8846562964991577,0.440247750379806,0.24608856439590454,0.4587286412715912,0.5876942276954651,72.6505355834961,4.588438726163146,11.761938095092773,4.76953125,0.6258315725589343
04011,0.8223174826846462,0.3504092384859148,0.33255141973495483,0.5820586681365967,0.36678546667099,72.52351379394531,6.92120935779644,10.29431438446045,2.865234375,0.4654566338104062
04012,0.7835999012601677,0.4143036016793106,0.24236267805099487,0.3453559875488281,0.5294308662414551,73.8607177734375,4.393536951577723,13.2117919921875,3.65625,0.6981893237723943
04013,0.791494292724956,0.33960579875740915,0.22525155544281006,0.45177915692329407,0.4963984787464142,73.2929916381836,4.318080152609895,11.393119812011719,4.56640625,0.36668291545571147
04014,0.8610405679450184,0.40696082904256015,0.2820104956626892,0.5909982323646545,0.45141860842704773,71.38623046875,3.7325697775031084,12.325525283813477,4.2578125,0.4820838532447565
04015,0.7845338953847968,0.31523288295992247,0.2765599489212036,0.5552208423614502,0.5509603023529053,68.31275939941406,4.0288277157697925,12.68193244934082,4.44921875,0.3568650105572778
04016,0.8760531095188051,0.4477099429379387,0.24468165636062622,0.5238308310508728,0.6040478944778442,71.9866714477539,3.7382852594040115,8.186628341674805,4.2578125,0.4796590485410588
04017,0.6214789633702582,0.3344573881054568,0.35545825958251953,0.6025763750076294,0.25267165899276733,68.46195220947266,6.331227011269145,14.519256591796875,1.875,0.5402829581066649
04018,0.6491651711571843,0.34269085929476206,0.3114891052246094,0.6345016956329346,0.6276329159736633,74.57577514648438,5.334560573335453,9.35081672668457,4.58203125,0.467103062392358
04019,0.7780019893746078,0.3641887786104922,0.1934894323348999,0.3613126277923584,0.432378351688385,74.52530670166016,3.2738273587727704,13.487968444824219,4.4921875,0.3905449713132855
04020,0.8017563729863402,0.4318429661941112,0.24752497673034668,0.3909068703651428,0.6320005655288696,71.6916732788086,4.442248053807679,13.65699291229248,4.95703125,0.5970825910156933
04021,0.8373693294408696,0.35527387497454693,0.2672221064567566,0.5395843386650085,0.4646070897579193,72.09941101074219,4.726639258937451,14.793848991394043,4.0,0.5176527848604546
04022,0.8430643980582165,0.40762403608322423,0.311942994594574,0.641428530216217,0.46726444363594055,75.35425567626953,4.610519286584573,7.970539093017578,4.7265625,0.3694524701140348
04023,0.8273908296519362,0.3812405446293495,0.24538010358810425,0.4625009298324585,0.5914855599403381,71.34481811523438,6.676953802903635,15.771231651306152,3.763671875,0.5772905379561505
04024,0.7914578960039375,0.39391255997858277,0.3234325051307678,0.37195903062820435,0.5730016827583313,70.52796936035156,3.355531783586238,10.420966148376465,4.05078125,0.31858028739184846
04025,0.780610835825999,0.45342396777442096,0.29559099674224854,0.545676052570343,0.4468034505844116,69.37000274658203,6.593253172695862,15.999256134033203,3.6484375,0.6076545467806344
04026,0.8309057947051612,0.39568515884305355,0.25577205419540405,0.39006808400154114,0.5761908292770386,72.88507843017578,3.9807745518535653,10.803491592407227,4.375,0.44512286427151626
04027,0.8564242841803383,0.36795878312070657,0.3216644525527954,0.5966175198554993,0.5070324540138245,75.56208038330078,2.567632452834021,7.315797328948975,4.78125,0.26168482262614084
04028,0.7224416911746562,0.3142967393401505,0.22870445251464844,0.47707465291023254,0.5581124424934387,72.77863311767578,4.274079671907204,8.644820213317871,4.9453125,0.4370052387698876
04029,0.9202362636923317,0.37032283990226006,0.3003620505332947,0.5685417652130127,0.4855385422706604,73.07511901855469,4.018536156015463,11.836014747619629,4.5234375,0.1795962985799134
04030,0.9633381122077579,0.6211095235136982,0.31116145849227905,0.5050436854362488,0.6597431898117065,75.21176147460938,6.926157825989275,9.590899467468262,4.875,0.8676122306896464
04031,0.8249610725145357,0.31683944694934213,0.33551353216171265,0.5641319751739502,0.6159259080886841,75.02945709228516,4.653212947748269,11.578367233276367,4.51953125,0.3027403606105745
04032,0.8625647604669355,0.4637347306263485,0.24819177389144897,0.4028111696243286,0.6044575572013855,75.96058654785156,3.4811939488523587,9.885997772216797,4.47265625,0.4947936467083162
04033,0.9189317709711012,0.3502551114047645,0.3631976246833801,0.6303552389144897,0.5332760810852051,71.40120697021484,4.294075148305364,11.66416072845459,4.9296875,0.2595329262902633
04034,0.8713155646431473,0.43832231196943,0.2602245807647705,0.3171032667160034,0.4766013026237488,73.05524444580078,3.7647749415814316,12.7081880569458,3.82421875,0.6701428113589581
04035,0.5398271885432342,0.19257112452027034,0.4411301612854004,0.7221224308013916,0.2753226161003113,68.25007629394531,6.71181907899555,12.299829483032227,1.8359375,0.15538099001703945
04036,0.8392205411551867,0.4455012853470437,0.2961203455924988,0.4553876519203186,0.5266950130462646,73.5774917602539,4.982671161558089,8.707330703735352,4.73828125,0.3382227377491875
04037,0.7303589205670609,0.3149450268473536,0.27108246088027954,0.5101506114006042,0.45674648880958557,65.61410522460938,5.167045690567129,16.694194793701172,4.47265625,0.40208210376941045
04038,0.8434712078948302,0.4654061915645128,0.21980726718902588,0.40838879346847534,0.565431535243988,72.14713287353516,5.148322343999855,16.31503677368164,4.60546875,0.7101076126558808
04039,0.6710224894242278,0.36099360017355464,0.29323625564575195,0.5621825456619263,0.5951217412948608,72.61395263671875,5.91712503462321,9.323776245117188,4.79296875,0.626525191923161
04040,0.8274218809249537,0.39696913694326375,0.20042002201080322,0.3594207167625427,0.6224411725997925,72.65923309326172,3.467674512468092,12.049609184265137,4.63671875,0.5092980769482843
04041,0.7543418774626909,0.3281697664254844,0.3740770220756531,0.5502215623855591,0.5811973214149475,69.49028778076172,4.303103762983424,7.458405494689941,2.375,0.34612638329901674
04042,0.8858688175584953,0.34245250545019423,0.2945043444633484,0.5417565107345581,0.540603756904602,75.5809097290039,5.039237735992717,11.778055191040039,4.6796875,0.22996613683650477
04043,0.684984008910717,0.24645182835197862,0.3310067057609558,0.6640923023223877,0.5699755549430847,72.54369354248047,4.710094280952142,9.375666618347168,4.89453125,0.5194490916068696
04044,0.6412947827850859,0.2616298759274653,0.34943079948425293,0.5420145392417908,0.5503380298614502,70.9084243774414,5.0608655815379695,4.002497673034668,4.859375,0.4743742380202884
04045,0.7472613495124761,0.39788980070339974,0.2073655128479004,0.41818439960479736,0.4976018965244293,71.67219543457031,3.3443446264330974,13.937538146972656,4.01953125,0.5136686586977266
04046,0.867627514272892,0.5295944779982744,0.13038945198059082,0.3340303599834442,0.6024895906448364,72.609130859375,4.6676555944015705,13.798320770263672,4.96484375,0.689704962998346
04047,0.8715840892208903,0.3992399687045937,0.2563702464103699,0.5233963131904602,0.6651273965835571,73.68877410888672,3.8936540060580054,12.323583602905273,4.953125,0.43861183598035103
04048,0.8923941802879772,0.3460198720877113,0.4523869752883911,0.46554064750671387,0.5799065232276917,72.15567016601562,5.11114311956105,12.435612678527832,4.32421875,0.18235045422397586
04049,0.8307009787765349,0.40645966609455453,0.2635146379470825,0.6116471886634827,0.5366824269294739,76.0333251953125,3.7898572405988538,6.461920261383057,4.97265625,0.31477146565658437
04050,0.32131876793237,0.11679696016445013,0.33420056104660034,0.5769054889678955,0.5038701295852661,68.90234375,5.739792158155979,10.481374740600586,4.53125,0.20085733411705614
04051,0.741228049360475,0.310800950438736,0.3318564295768738,0.6010604500770569,0.5240302681922913,71.97917175292969,3.4290320746349656,7.012901782989502,4.1171875,0.24793453907021457
04052,0.6974103493413207,0.3650051665600551,0.301044225692749,0.4454549551010132,0.5061349868774414,69.9400634765625,5.418431691805594,12.386374473571777,4.08203125,0.5276791473280776
04053,0.7596044351080548,0.30562834553965373,0.349884033203125,0.5876056551933289,0.457317590713501,73.52215576171875,4.636785658644449,12.621652603149414,3.693359375,0.36235768299465254
04054,0.9137683091809009,0.5023805913570887,0.26403820514678955,0.4640818238258362,0.6561570167541504,75.1502456665039,3.6121628790934994,8.518043518066406,4.96875,0.5175737037931054
04055,0.8313003301445483,0.4033349179069002,0.1977587342262268,0.41938596963882446,0.6200577020645142,74.34976196289062,3.0340751795785383,9.237516403198242,4.9609375,0.42538416481681846
04056,0.8738613336304992,0.33282771343650713,0.25836825370788574,0.4486120045185089,0.6095718741416931,75.70555114746094,4.808287739491399,13.30679988861084,4.6875,0.35308676455938515
04057,0.8359038188802616,0.36802450839985557,0.35393226146698,0.5220985412597656,0.3499539792537689,70.98967742919922,3.937301855688957,11.215657234191895,2.3046875,0.3985946127895797
04058,0.8495668610641178,0.40104776710607576,0.2642199397087097,0.3847719430923462,0.5768649578094482,73.51132202148438,4.959081662125301,16.020822525024414,4.1953125,0.597521916451587
04059,0.8183746226364895,0.33071017736384856,0.25712668895721436,0.5479964017868042,0.49467337131500244,71.81476593017578,4.525445940538138,10.367169380187988,4.5625,0.29195253688857137
04060,0.8718630301163126,0.5122901104513823,0.18051791191101074,0.3196640610694885,0.5982652902603149,74.99299621582031,3.8201107697554644,12.128128051757812,4.9140625,0.5510020902746143
04061,0.6828049271583132,0.3283149197626271,0.28941547870635986,0.4107570946216583,0.5746570229530334,73.53003692626953,3.715967595254958,10.012383460998535,4.08203125,0.41307388841150383
04062,0.6714568693717436,0.28628181253879575,0.3372541069984436,0.5539646744728088,0.40907174348831177,62.38697052001953,4.2980241248370294,10.96409797668457,3.515625,0.7233228018911997
04063,0.5125504636454437,0.19387619174484766,0.3002069592475891,0.44801008701324463,0.525218665599823,74.56997680664062,4.953270978589132,12.872535705566406,4.55078125,0.3543200615263207
04064,0.7760208787349452,0.317280026512812,0.26000165939331055,0.44997119903564453,0.47595539689064026,68.14653015136719,3.4059715044596963,14.789772033691406,4.04296875,0.30603780282510096
04065,0.6635146072165378,0.3174754202346971,0.18848168849945068,0.34352487325668335,0.6024717092514038,73.1700439453125,5.571094545026102,16.37149429321289,4.96875,0.5749120095232404
04066,0.62623392642112,0.3481222027631835,0.2616252303123474,0.4967220723628998,0.5868842005729675,69.16082763671875,4.94711539319054,15.354438781738281,4.453125,0.5548345409236365
04067,0.821377144628985,0.4926456898156768,0.27539539337158203,0.4591521918773651,0.5932785272598267,73.98786163330078,4.0043449982554495,11.725893020629883,4.05859375,0.523372358167273
04068,0.6509606283367714,0.34995125558879886,0.21852290630340576,0.4575740694999695,0.4720267057418823,70.5107650756836,3.300625273812012,11.562685012817383,4.796875,0.36203065371181353
04069,0.8302264391149788,0.42964271772851476,0.20443832874298096,0.3846924602985382,0.4716170132160187,74.83561706542969,3.40503647522164,10.192739486694336,4.06640625,0.4718548102579034
04070,0.8003670886768114,0.44798158979767955,0.2353806495666504,0.3935234546661377,0.5718296766281128,76.63202667236328,6.542296261694124,14.193324089050293,4.72265625,0.8214579531871303
04071,0.23502428005630452,0.11038563558457458,0.3729826807975769,0.5940564870834351,0.4075454771518707,70.64279174804688,7.101389099955853,11.372386932373047,4.4140625,0.4895737221484018
04072,0.780980160488721,0.3917413322945072,0.20090734958648682,0.43716153502464294,0.5406669974327087,74.14104461669922,4.053936037167819,11.039335250854492,4.98828125,0.5989673373670458
04073,0.8022152013013936,0.3777681049023342,0.24361521005630493,0.46730244159698486,0.5266553163528442,75.62675476074219,3.583553341232251,8.442384719848633,4.80078125,0.40370706349415125
04074,0.35241004041667695,0.1491038671511577,0.415608286857605,0.6202306747436523,0.44317570328712463,71.31600952148438,5.318381102784161,8.012693405151367,2.02734375,0.20877234399715544
04075,0.8792919957154076,0.3294068842043209,0.3147426247596741,0.5689650177955627,0.6091763377189636,75.18729400634766,5.41290286854409,11.167092323303223,3.8515625,0.318897758352864
04076,0.853752674177977,0.382715281234445,0.30550867319107056,0.42906031012535095,0.3802083134651184,68.29764556884766,4.029681579879582,12.013970375061035,4.0625,0.2788866800172922
04077,0.8663910977965276,0.4103018750831154,0.2930779457092285,0.4717748463153839,0.34744685888290405,71.65694427490234,8.370560367369912,16.103208541870117,2.970703125,0.5833155004489515
04078,0.47423501887378827,0.27411376751854905,0.44554877281188965,0.6400988698005676,0.6031467914581299,73.88949584960938,4.772773491608706,6.316218376159668,4.85546875,0.4312645379468504
04079,0.8681421476719279,0.46621773288439955,0.24566608667373657,0.5739219188690186,0.6058351397514343,73.20639038085938,3.931952057218873,8.224501609802246,4.20703125,0.47561932105241633
04080,0.7801473107658954,0.41587949500605054,0.18307286500930786,0.2219730168581009,0.6233881115913391,75.20645904541016,4.213730679224816,16.438081741333008,4.90234375,0.6004457443286767
04081,0.852643979748698,0.45550668245643716,0.21924567222595215,0.3861886262893677,0.5578829646110535,75.89610290527344,5.0756771594124865,8.743509292602539,4.9453125,0.5429447123824215
04082,0.7175304056495928,0.3093489392831017,0.2236032485961914,0.35009610652923584,0.6588767170906067,77.3236312866211,4.83643284324013,15.179487228393555,4.99609375,0.5827655712479265
04083,0.6098039374262787,0.22645236598724972,0.4513763189315796,0.7328916192054749,0.4311233162879944,61.793548583984375,7.7000048197878135,14.477029800415039,1.7685546875,0.37792740111482825
04084,0.9141899945224452,0.3485543487910982,0.330100953578949,0.5217306613922119,0.3738667964935303,72.27781677246094,4.900202739491911,13.53651237487793,4.12109375,0.39517471243316127
04085,0.8626717653698959,0.4805738194859534,0.21882879734039307,0.4468224048614502,0.5995134711265564,73.12522888183594,4.87801823751022,10.367879867553711,4.953125,0.7287492657015241
04086,0.8641218680357221,0.3702380518391601,0.32386624813079834,0.44689616560935974,0.566654622554779,64.8493423461914,5.9579698631062055,15.364952087402344,4.20703125,0.6109635855986518
04087,0.8114133098127634,0.35426697781585087,0.3461531400680542,0.5610032677650452,0.39553335309028625,75.18325805664062,4.255397448820397,10.13587760925293,4.05859375,0.2875934986546451
04088,0.839465625064987,0.5394445809781273,0.25146329402923584,0.5522685647010803,0.5118139386177063,73.17967987060547,4.972988309053267,9.973306655883789,4.26171875,0.7411394970830494
04089,0.7157398793217127,0.3628924162257496,0.29824692010879517,0.764072835445404,0.4675830900669098,72.59772491455078,6.570818178268555,9.584291458129883,4.2265625,0.4096397638309204
04090,0.8318818080596725,0.44783415561490064,0.2929006814956665,0.47807037830352783,0.5287666916847229,74.9203109741211,5.034688150145209,8.652352333068848,4.0859375,0.49901998341164966
04091,0.8368044050414344,0.43742295218768373,0.19247716665267944,0.4010124206542969,0.5452651381492615,72.01251220703125,3.457105363464304,11.037507057189941,4.5390625,0.44421750373054303
04092,0.7986756417023935,0.39091164095371667,0.22602063417434692,0.440868616104126,0.49333325028419495,69.52672576904297,3.607021938357747,10.563426971435547,3.88671875,0.44995959358176
04093,0.6683442795978065,0.27673728379899704,0.32257330417633057,0.5585637092590332,0.46633586287498474,68.3908920288086,5.477375411157477,18.54962921142578,3.048828125,0.509943854490834
04094,0.611297050321186,0.31159780985564955,0.3035627007484436,0.4794674813747406,0.515673041343689,77.06291961669922,5.198716390896054,14.412235260009766,3.953125,0.4954714948300457
04095,0.774599283684818,0.2931901811914854,0.38550102710723877,0.5364562273025513,0.5093824863433838,74.10240173339844,5.671933463528198,13.21523666381836,3.884765625,0.3218537831212583
04096,0.7947877242112938,0.3820254862508384,0.2582883834838867,0.5286140441894531,0.34785929322242737,62.51490783691406,5.072543163385903,11.306943893432617,3.232421875,0.4738683220622926
04097,0.8366512518644045,0.3781287792721809,0.23149096965789795,0.5585250854492188,0.564643144607544,71.9107894897461,4.245169061476933,15.323678970336914,4.34375,0.6266906752809379
04098,0.9060689978997759,0.34949300137342565,0.3697237968444824,0.6397803425788879,0.5970889329910278,66.92064666748047,6.474833683974933,9.690085411071777,2.33984375,0.5219557443158561
04099,0.7780948642494074,0.29892152946730094,0.36120879650115967,0.5843070149421692,0.30397829413414,71.35812377929688,5.810754427444631,13.485222816467285,3.75,0.22477702146893258
04100,0.8328090042253867,0.42494998656355437,0.33024847507476807,0.5521624088287354,0.5385492444038391,75.22525787353516,3.7964664994153194,6.723814487457275,3.873046875,0.21944920098183854
04101,0.778301998313872,0.34894114698634143,0.2758305072784424,0.5506962537765503,0.5620629191398621,73.69749450683594,4.897522630637553,10.365434646606445,4.08984375,0.44894998068818576
04102,0.8867329301883276,0.3696887400630166,0.19758230447769165,0.37355780601501465,0.45301011204719543,71.3648452758789,3.487451218983181,12.376327514648438,4.73046875,0.3611801449219869
04103,0.8440760750837307,0.46351441347160116,0.26780062913894653,0.5323947668075562,0.5135833024978638,75.07839965820312,3.4208785466895515,9.104951858520508,4.03515625,0.4245176018730015
04104,0.7968623079894288,0.3531560787497463,0.24580895900726318,0.4894137978553772,0.4992549419403076,71.92135620117188,3.841434965793041,11.304189682006836,4.15625,0.4433351908129938
04105,0.8663527523942945,0.42706964520367935,0.17615526914596558,0.3371339440345764,0.6321972012519836,76.1944808959961,3.7481517507607274,12.930999755859375,4.984375,0.5100413669208321
04106,0.8668882612355734,0.4686363409894873,0.2257251739501953,0.294627845287323,0.652640163898468,74.65540313720703,5.20967217822766,14.728992462158203,4.80859375,0.5639036324358923
04107,0.7922768883689774,0.35405861400987315,0.315912127494812,0.5596143007278442,0.5099543333053589,72.0362777709961,3.9179083015413814,8.993101119995117,4.31640625,0.37393535411371187
04108,0.7986183369256257,0.3573383927361431,0.29490166902542114,0.6270517706871033,0.37944406270980835,73.2922592163086,3.930911977875549,9.450010299682617,3.228515625,0.461866583748368
04109,0.8163028513019951,0.4352991544471797,0.2730741500854492,0.5305180549621582,0.5213892459869385,69.66484069824219,7.791085709908372,11.46096134185791,3.69140625,0.49520532487363433
04110,0.7966067051149975,0.39825868240301826,0.26844698190689087,0.4648418128490448,0.5665654540061951,74.62445068359375,4.748821856403915,7.809210777282715,4.73828125,0.3153449103065829
04111,0.8101557979855835,0.35516362606690666,0.3021852970123291,0.5485031604766846,0.6609771251678467,72.40906524658203,5.531797106421483,11.384419441223145,4.734375,0.5432564296452327
04112,0.7209428218104107,0.33085155886458817,0.18560272455215454,0.3300946354866028,0.5366879105567932,75.28414916992188,3.4882377596568013,16.376174926757812,4.90625,0.5788935708150441
04113,0.8547096854456546,0.34271523178807944,0.26370441913604736,0.44011443853378296,0.5796871185302734,72.93809509277344,5.340701265840847,12.529014587402344,4.12890625,0.49880653131012775
04114,0.6381821343503324,0.29257274458567695,0.3413189649581909,0.6355305910110474,0.2918757498264313,53.86634826660156,6.418217157354005,10.405583381652832,2.26171875,0.4781524609372869
04115,0.7646909203770647,0.34537685244113103,0.18657612800598145,0.458255797624588,0.514517068862915,74.5787353515625,2.084402095190402,9.628472328186035,4.22265625,0.4303194043494806
04116,0.7658347029596304,0.3125141537207301,0.2716182470321655,0.4899652600288391,0.5235525369644165,71.79615020751953,5.122807117700313,13.895475387573242,3.9453125,0.30369730970926717
04117,0.8217777616121187,0.47756482525366406,0.3748083710670471,0.5400095582008362,0.34895214438438416,64.98889923095703,6.374912924873828,13.419931411743164,2.185546875,0.4774220804815086
04118,0.9087649854007674,0.5190727200589469,0.24093592166900635,0.3620029091835022,0.5900943875312805,76.03321075439453,5.002913865054399,10.485687255859375,4.97265625,0.742316801405221
04119,0.9059410140365723,0.45701175334084687,0.23966342210769653,0.4096517562866211,0.5969237089157104,73.3847885131836,6.104696066344887,14.074970245361328,4.85546875,0.7048977849718835
04120,0.8485433716913249,0.3472844541783038,0.32454490661621094,0.5000535249710083,0.3827785849571228,70.36705017089844,4.031910433153144,13.439602851867676,2.212890625,0.5352375809326931
04121,0.866404428385779,0.3310828583954406,0.35815370082855225,0.6381547451019287,0.47134217619895935,72.68546295166016,5.781151460000768,13.18140983581543,3.65625,0.3705823846681219
04122,0.5477395903175035,0.26665721576410545,0.24239230155944824,0.41162312030792236,0.6066761016845703,72.3852767944336,7.175962614281589,14.118616104125977,4.078125,0.4968839724958114
04123,0.7714675660793633,0.30176175187289045,0.23230773210525513,0.592490017414093,0.5177607536315918,73.21621704101562,3.21920022547675,10.507877349853516,4.84765625,0.44492343587860045
04124,0.6764257741322665,0.2542357358732485,0.3152579069137573,0.6058224439620972,0.592998206615448,72.5400390625,5.15459225661621,12.455198287963867,4.609375,0.39685096368014955
04125,0.8283129589316509,0.346440608722296,0.30318719148635864,0.5408710241317749,0.49559035897254944,72.09085083007812,6.523693207869647,14.392593383789062,3.474609375,0.5792645708962068
04126,0.854600088348335,0.43618989939773223,0.2304621934890747,0.4706741273403168,0.6072980165481567,73.94725036621094,4.480470070762457,10.501774787902832,4.79296875,0.5685278795407246
04127,0.6135052778066322,0.30380085653104927,0.2751584053039551,0.5709014534950256,0.6504451036453247,72.63053131103516,4.722878528638216,11.688453674316406,4.87890625,0.5060833339874947
04128,0.795717950404195,0.3323199027106602,0.34605056047439575,0.5111091732978821,0.4174906313419342,74.5557632446289,3.7666180450448774,10.92719841003418,4.671875,0.40658185200268476
04129,0.3491114353368892,0.16803774497943383,0.29088300466537476,0.48956096172332764,0.5214254856109619,73.61986541748047,4.1935971295473795,13.776551246643066,4.84375,0.5699912398952123
04130,0.8273265469875853,0.5319631252833611,0.28620344400405884,0.27929070591926575,0.4365769028663635,59.995792388916016,10.22386877721698,22.343847274780273,4.1875,0.7450734745866795
04131,0.797305059615252,0.36280583192541144,0.26887232065200806,0.4798813462257385,0.5778447389602661,74.25982666015625,4.880481946340131,12.328499794006348,4.109375,0.5683484757891729
04132,0.7132032168333127,0.4338305299904792,0.221016526222229,0.5720428228378296,0.49509793519973755,73.65617370605469,3.5904227303299696,14.239922523498535,4.94921875,0.6291456078456464
04133,0.7787783977306733,0.4319422825093272,0.24392563104629517,0.3808188736438751,0.5650158524513245,74.06914520263672,3.0246544638686297,11.043933868408203,4.8671875,0.4517482721411746
04134,0.8681533453636328,0.3866523268319623,0.19142931699752808,0.2904480993747711,0.6507901549339294,74.73930358886719,3.9307564904875503,13.84683609008789,4.8125,0.678511920210239
04135,0.8982315306840831,0.3559799977441065,0.21721982955932617,0.36743131279945374,0.6703959107398987,75.82528686523438,5.3621932653307685,14.53548526763916,4.87890625,0.6116083780145879
04136,0.8261624688427616,0.39861273419534815,0.17687368392944336,0.4426630735397339,0.5163692235946655,72.33751678466797,4.274342254408276,13.528484344482422,4.7109375,0.5979283991020827
04137,0.8033641676105663,0.45074390351263316,0.2714381217956543,0.5148733854293823,0.6163872480392456,75.93658447265625,4.731276898224181,11.635476112365723,4.30078125,0.6752050522753369
04138,0.8215003709749481,0.3972939729397294,0.16975122690200806,0.33604174852371216,0.5623457431793213,70.03677368164062,2.8926697657987157,13.876891136169434,4.859375,0.42397449042159463
04139,0.807510283742775,0.3999105595617419,0.23555433750152588,0.429083913564682,0.5494174361228943,72.01526641845703,4.305485032865185,16.269380569458008,4.23828125,0.7091325501590703
04140,0.7895773177246912,0.3874244429342967,0.33676809072494507,0.5046950578689575,0.3459373712539673,66.21882629394531,6.901478520998644,13.565569877624512,3.470703125,0.48600409341451484
04141,0.7614577906939416,0.29618154270441427,0.3508269190788269,0.6549659967422485,0.5351906418800354,74.34613037109375,5.155723706010374,11.845474243164062,4.05078125,0.34494240920303004
04142,0.7611328306930067,0.34135242544671296,0.2519877552986145,0.5353602170944214,0.5839460492134094,75.53701782226562,3.5645518489679358,11.235042572021484,4.87890625,0.40049686412035024
04143,0.648213648588814,0.2648050208024822,0.2703603506088257,0.4487057328224182,0.3584425747394562,69.6331787109375,3.6949008700379298,12.070406913757324,3.427734375,0.32215995680368065
04144,0.8229628187791911,0.4232273530153924,0.29070454835891724,0.5187135338783264,0.32806146144866943,66.31757354736328,5.304364736531465,15.231247901916504,4.08203125,0.5296399999631121
04145,0.6382692073034191,0.2600303714111352,0.42810994386672974,0.6639196872711182,0.3664777874946594,71.53946685791016,6.7720441272008065,10.407465934753418,3.75390625,0.23286804303450032
04146,0.7902202829388038,0.37053155113459746,0.1654643416404724,0.24844418466091156,0.5571644902229309,75.60199737548828,5.480510863808137,17.658241271972656,4.38671875,0.6797312827083888
04147,0.9076212165917482,0.39022906416970854,0.20034855604171753,0.36413678526878357,0.524946928024292,69.36846160888672,3.9728393952606367,12.824049949645996,4.01171875,0.44189664132241135
04148,0.8927513328366331,0.36470313131098403,0.2726987600326538,0.6369267106056213,0.40850070118904114,73.81011199951172,4.275942435101488,8.737286567687988,4.921875,0.25458352138799695
04149,0.8974445816515411,0.36132265513683487,0.37314170598983765,0.7211666703224182,0.44377753138542175,69.42162322998047,5.322909472722115,8.122047424316406,3.099609375,0.20114326851741207
04150,0.7638805633461925,0.43060145406477196,0.2716783881187439,0.36256319284439087,0.5361953377723694,70.98273468017578,3.914227433150333,9.717598915100098,4.39453125,0.3579281529541492
04151,0.7936775284863132,0.4275774826059456,0.3076975345611572,0.5823383927345276,0.4151794910430908,68.98902130126953,5.433855895865261,15.661238670349121,3.5625,0.630568131154061
04152,0.7943533444550472,0.42896455415451595,0.3461923599243164,0.6347876191139221,0.46416449546813965,71.54524993896484,3.615373393633524,7.637562274932861,3.388671875,0.41140395856671347
04153,0.9025840860121985,0.34261186451664016,0.35639095306396484,0.6205990314483643,0.47783273458480835,65.88349914550781,12.557452523517325,10.132111549377441,2.41015625,0.125218702228492
04154,0.7626099279601815,0.32634591257030887,0.23324203491210938,0.41201329231262207,0.5364314317703247,72.82971954345703,3.4210497532993407,13.380327224731445,4.03515625,0.33171035019511197
04155,0.7896915845597274,0.48031608784035273,0.19778680801391602,0.3224655091762543,0.5585034489631653,75.51302337646484,4.640575973748515,13.971739768981934,4.9296875,0.684256904024145
04156,0.7140206473864662,0.3367162692235851,0.25805002450942993,0.5934394598007202,0.5636531114578247,73.00115203857422,5.133229236646534,10.957611083984375,4.7109375,0.5773895939117362
04157,0.3210494067372604,0.15944947969117154,0.3790076971054077,0.6954834461212158,0.48817235231399536,76.02310943603516,4.6853486076807105,6.831244945526123,3.140625,0.2803448401559556
04158,0.7224045776897342,0.30507853083175457,0.2690179944038391,0.49869149923324585,0.5650607347488403,70.92619323730469,4.64853111460767,12.033190727233887,3.765625,0.39423360430762766
04159,0.7709928430784647,0.39431508920471725,0.23824971914291382,0.43683135509490967,0.5438962578773499,75.48316955566406,3.4309139229769468,11.939849853515625,4.91796875,0.593201364472102
04160,0.8425325432512862,0.3823263307925885,0.3119003176689148,0.4283033311367035,0.5412331223487854,74.62688446044922,2.732869118579381,11.59666633605957,4.23046875,0.3640658141975967
04161,0.8335922856679095,0.4672620208243965,0.1679975390434265,0.33011090755462646,0.5443212985992432,72.00727081298828,4.299469214474601,13.5005521774292,4.3203125,0.6532824227410797
04162,0.6794082403413884,0.31228966878368464,0.302243709564209,0.4378444254398346,0.4813123345375061,71.27532196044922,4.465561366910098,13.569101333618164,4.15234375,0.4520840965611131
04163,0.732103102898802,0.4295554164057608,0.2509137988090515,0.49802684783935547,0.6082143783569336,75.29093933105469,6.595663791170533,13.810006141662598,4.91796875,0.563755475060832
04164,0.6944777200938019,0.3003010267161211,0.3687902092933655,0.4660988748073578,0.5553170442581177,72.88744354248047,3.497312862794823,9.64328670501709,4.14453125,0.25507160575854876
04165,0.7734811287747649,0.3831867057673509,0.22044169902801514,0.3560468554496765,0.5215955972671509,73.3431625366211,5.452730497350392,11.982184410095215,4.5078125,0.5704709015050342
04166,0.782645549423529,0.34718923198733176,0.24502593278884888,0.4578496813774109,0.44469237327575684,70.24456787109375,4.443122063979898,13.649518966674805,4.48828125,0.5629408933560991
04167,0.7864577367951262,0.4476926793911573,0.2871469259262085,0.5355550050735474,0.512495219707489,70.21768951416016,6.455015926500214,13.465971946716309,3.837890625,0.5275215741243555
04168,0.9469410071502434,0.4138279591630446,0.32138365507125854,0.5228642225265503,0.5256457328796387,73.79944610595703,5.41517923415234,6.538874626159668,4.6640625,0.2742292218073487
04169,0.34023244434821304,0.12090359529112313,0.28975749015808105,0.35329383611679077,0.4412275552749634,64.18281555175781,4.984673575915216,14.198589324951172,3.939453125,0.25261594662911785
04170,0.41686039088966576,0.16534475208019075,0.42049652338027954,0.5998519659042358,0.634748637676239,72.82386016845703,5.304553215141057,10.116199493408203,4.41796875,0.4015747483971145
04171,0.8171548759344196,0.42061149263547515,0.16883152723312378,0.3345263600349426,0.4405730962753296,69.22616577148438,2.8104360004164968,10.24069595336914,3.3671875,0.3931165043039516
04172,0.8624254501682262,0.46162635008479874,0.20217019319534302,0.35836106538772583,0.5760074853897095,75.44375610351562,3.7530804919254117,12.692577362060547,4.875,0.4976315240637792
04173,0.7359293738285511,0.36770156629867284,0.2854197025299072,0.43267732858657837,0.5387476086616516,75.6015396118164,4.32946231304043,14.693321228027344,3.830078125,0.6468477173820198
04174,0.8738401308727218,0.33978674553449817,0.4521106481552124,0.6594805717468262,0.42325547337532043,70.49921417236328,7.153174663836518,13.802596092224121,3.72265625,0.1966903193637359
04175,0.81178127921783,0.3946572054680163,0.1787964105606079,0.26906314492225647,0.5281468033790588,71.79177856445312,8.015990246453175,16.180545806884766,3.892578125,0.7394722774016028
04176,0.7519220700233362,0.3481331064888499,0.20502710342407227,0.3756311535835266,0.6105825901031494,72.32542419433594,3.3014916834070904,11.294646263122559,4.80078125,0.41504663069845815
04177,0.3903551267877296,0.1947588302316749,0.24845027923583984,0.42531031370162964,0.5225195288658142,71.9550552368164,5.824160519637324,19.43721580505371,4.578125,0.5971020182942072
04178,0.884937331047348,0.3500521954720428,0.3382576107978821,0.6569039821624756,0.3999181389808655,72.49098205566406,5.326612367023584,11.56313419342041,2.359375,0.21940182615074616
04179,0.7811002355876648,0.4354844968760914,0.2388249635696411,0.5113635063171387,0.5692582130432129,73.81401062011719,3.1189557884172476,10.637720108032227,4.73046875,0.4584041874409515
04180,0.6496976167384476,0.2819946403997972,0.38582664728164673,0.612971305847168,0.36156871914863586,68.98971557617188,5.345989787984491,9.091200828552246,2.640625,0.2830449505389771
04181,0.8416622990087053,0.3549721522497747,0.22347241640090942,0.3938785493373871,0.6304532885551453,74.41340637207031,4.054492499090237,12.196640014648438,4.88671875,0.412991397206144
04182,0.8384252248899112,0.4385675085400683,0.23607534170150757,0.41397804021835327,0.3960040509700775,72.20209503173828,3.1851309651501283,9.031783103942871,4.10546875,0.27315957614915076
04183,0.6532523684945652,0.2808275705057059,0.3213006258010864,0.5627852082252502,0.4486068785190582,75.53251647949219,3.696658899714299,12.217863082885742,4.14453125,0.4574728760582427
04184,0.8012734580446197,0.3839053472366089,0.28050076961517334,0.4081880450248718,0.613011360168457,73.1323471069336,4.481653734553421,12.976057052612305,4.484375,0.5546380640197206
04185,0.8415879666208066,0.4631291842301017,0.23444974422454834,0.4462131857872009,0.5442386269569397,71.66371154785156,3.1381802406422152,10.681428909301758,4.3125,0.4286246607704706
04186,0.8711531977098741,0.35535227986872425,0.28983068466186523,0.4239075779914856,0.602913498878479,74.56834411621094,3.0069589500706093,11.214457511901855,4.81640625,0.41180208336480806
04187,0.9105100800019235,0.3644074129427589,0.24918586015701294,0.507142186164856,0.5853961110115051,77.4251480102539,3.6903761086016384,11.948718070983887,4.984375,0.3167644234868923
04188,0.8084810696652561,0.40420294205944163,0.24819272756576538,0.557468056678772,0.42324185371398926,69.91154479980469,3.5044918224901225,8.453656196594238,3.884765625,0.36152125936916896
04189,0.8923728953665595,0.5599232347296671,0.2797622084617615,0.515394389629364,0.48314544558525085,76.29763793945312,5.032576983634198,10.360647201538086,3.837890625,0.4582872159375302
04190,0.5922717317886699,0.2847659820097167,0.2309930920600891,0.4323233962059021,0.5037032961845398,71.7771987915039,3.5517239730486394,14.650762557983398,4.3203125,0.44360697592089515
04191,0.8769889542389184,0.4596610513497057,0.29109323024749756,0.4399658441543579,0.485937237739563,73.04991149902344,4.088541915933466,12.617162704467773,4.1953125,0.5813690427235173
04192,0.6854317458318397,0.3025276018606737,0.3089512586593628,0.5585988163948059,0.5306084752082825,69.70255279541016,2.964302529368408,8.708880424499512,4.6171875,0.39182799392100187
04193,0.6504311089615793,0.3163920208152645,0.2041846513748169,0.49737948179244995,0.6427091360092163,74.66585540771484,4.833776117659042,9.101680755615234,4.98046875,0.5667692678019668
04194,0.8767798352581101,0.3430891127848968,0.30168402194976807,0.5285160541534424,0.4489862620830536,68.59005737304688,4.090039668918506,13.335280418395996,3.015625,0.25418360954567154
04195,0.7389762041123674,0.38663209449726305,0.3477867841720581,0.41435202956199646,0.5339563488960266,71.4561538696289,6.458961587277295,7.7895588874816895,2.94140625,0.5462544509553009
04196,0.6966507885868581,0.3336831059811123,0.2716575860977173,0.5278559327125549,0.5169525742530823,72.2047348022461,5.271393798982897,8.673673629760742,4.71875,0.34843625093545855
04197,0.706859262330664,0.3054545454545455,0.3394702076911926,0.5177682638168335,0.42208725214004517,71.54407501220703,6.397477416540232,12.757023811340332,3.833984375,0.6700897827788135
04198,0.8329490020833218,0.4385157532262736,0.263155460357666,0.45876529812812805,0.49815818667411804,72.90269470214844,5.302337604064995,11.757216453552246,3.806640625,0.479617528692726
04199,0.8106852264421958,0.3433808553971487,0.26757174730300903,0.563762903213501,0.4428296387195587,69.12425994873047,5.065490004646512,11.509624481201172,3.64453125,0.3301395311526915
04200,0.8588211146901323,0.3891605868676341,0.315889835357666,0.4725985527038574,0.49715155363082886,73.84880065917969,5.818909518651689,10.894240379333496,3.982421875,0.4601960087788767
04201,0.8362366823729727,0.4609515504932149,0.2000187635421753,0.44675561785697937,0.6331087350845337,74.69072723388672,5.4128241764984795,12.474788665771484,4.87890625,0.61067529561735
04202,0.8305983405716497,0.3345483641536273,0.3997718095779419,0.597672164440155,0.4080762565135956,67.88607788085938,5.5284657188342665,9.6111478805542,1.96484375,0.4138176731267146
04203,0.9231947214905724,0.3666469544648137,0.28231948614120483,0.5314081907272339,0.6998893022537231,75.29741668701172,5.125055984109949,13.243171691894531,4.95703125,0.5005872601849016
04204,0.8618935596129513,0.36750146781932663,0.2451186180114746,0.3502182364463806,0.5820662379264832,73.70845794677734,4.5527693418842725,10.893672943115234,4.859375,0.6203461059208069
04205,0.8217416391792515,0.3336888657648283,0.30039048194885254,0.6064359545707703,0.35149675607681274,67.64362335205078,3.688825131724278,8.45559310913086,3.103515625,0.3244664278528168
04206,0.840239368839835,0.4068325143040107,0.2738266587257385,0.4869512617588043,0.40416255593299866,73.96794891357422,3.0433306781512406,8.807612419128418,3.806640625,0.33840495438772294
04207,0.8749692684108508,0.3508842619762971,0.32748472690582275,0.5972356796264648,0.23989911377429962,66.65369415283203,4.075437954747544,12.287921905517578,3.001953125,0.22193790078212414
04208,0.9141688256074741,0.3820483725418368,0.2621840834617615,0.3954015374183655,0.35190343856811523,73.03703308105469,3.4905609835194955,11.919103622436523,3.84375,0.3431397243102413
04209,0.5043661496507875,0.22321392674787924,0.2142753005027771,0.42132091522216797,0.5789073705673218,75.31233978271484,4.188648746286133,11.918850898742676,4.9765625,0.419879074975466
04210,0.8532557128051136,0.3281273692191054,0.35260069370269775,0.6300686597824097,0.3687554895877838,72.61216735839844,5.3360582312427915,12.075201034545898,2.75,0.17808985345352513
04211,0.2208732151853508,0.08661232430981852,0.38042640686035156,0.6494826078414917,0.3080431818962097,61.103248596191406,5.9804324846024315,12.800796508789062,2.6015625,0.3350220552932387
04212,0.8170440931635236,0.4012609609391985,0.2817152142524719,0.6162897348403931,0.5836822390556335,74.55691528320312,3.7010127470459384,12.745248794555664,4.8125,0.5529370552111382
04213,0.839508471705771,0.3599622952751267,0.3271504044532776,0.6053247451782227,0.4951569736003876,71.74031066894531,4.585380894638221,10.488642692565918,4.21875,0.2662040872911922
04214,0.7949444436486235,0.42723492723492723,0.21338582038879395,0.3333027958869934,0.5187548995018005,71.64269256591797,5.213044153182285,14.170097351074219,3.912109375,0.7302853870563661
04215,0.6952136209656935,0.37034563366171314,0.3154233694076538,0.4944547116756439,0.5487246513366699,73.37701416015625,3.978037672895387,7.438232898712158,4.8359375,0.27668252541816624
04216,0.8062378532177079,0.3466324046524209,0.31753796339035034,0.6019083857536316,0.5317031741142273,71.67462921142578,3.623867317422381,8.961182594299316,4.95703125,0.4493276222989169
04217,0.5830006980166743,0.2174991860060404,0.4233057498931885,0.6428086161613464,0.3551493287086487,68.76498413085938,6.4005873978698995,10.604593276977539,2.921875,0.15148051669733673
04218,0.7989597311028325,0.3025950607604861,0.38511359691619873,0.6487575173377991,0.5943211913108826,72.35724639892578,6.073553147085978,11.38490104675293,4.0546875,0.38860029433557536
04219,0.610049632818104,0.2745738747938104,0.3344382047653198,0.5544552803039551,0.41431331634521484,73.07350158691406,3.543181931859645,12.358942985534668,3.603515625,0.29928600718572607
04220,0.8179753797115823,0.38089373209456745,0.2749940752983093,0.49536368250846863,0.6180910468101501,76.35832977294922,3.8110431090015116,10.208268165588379,4.94921875,0.5426697207090627
04221,0.8628734504082749,0.35599180848810114,0.42096489667892456,0.6433308124542236,0.43246400356292725,71.80265808105469,4.674655730072967,4.416098117828369,3.576171875,0.11995803332950272
04222,0.7965935986299604,0.34711188905345364,0.26518917083740234,0.4726670980453491,0.35078006982803345,66.156005859375,5.541784706744266,17.95023536682129,3.4453125,0.373722428716742
04223,0.8521941604025676,0.43004014491334575,0.2234581708908081,0.4065001308917999,0.6190040111541748,73.30370330810547,3.2767363885828766,13.009175300598145,4.2109375,0.4548626062324003
04224,0.851127386824803,0.33754139588157667,0.36112362146377563,0.6671756505966187,0.6096868515014648,75.12772369384766,4.055173952156023,10.088191986083984,3.10546875,0.4921458725890987
04225,0.8376155450901464,0.40258361351973104,0.1806778907775879,0.3944877088069916,0.4461941123008728,68.62799072265625,2.7557526808098123,11.920575141906738,3.58203125,0.4563126065432666
04226,0.6911803124544632,0.30550240743466284,0.3093622922897339,0.4516505300998688,0.4390735328197479,71.47333526611328,3.850532751846756,13.963781356811523,3.853515625,0.5006734533062442
04227,0.839308402235462,0.3604721549636804,0.3878498077392578,0.7338557839393616,0.41524338722229004,66.1775894165039,4.891515224603874,7.629101276397705,3.412109375,0.2829758041510542
04228,0.7811021981396767,0.3484633569739953,0.16990792751312256,0.3515324592590332,0.5554147362709045,74.7874755859375,6.124969487608821,18.57291030883789,4.96875,0.7454973306452369
04229,0.6510308210657245,0.2765465064530485,0.2634558081626892,0.6091316938400269,0.5673586130142212,72.91923522949219,3.452928011520539,12.470891952514648,4.83203125,0.4179038777229947
04230,0.6659746273126357,0.29443358030131933,0.2558695077896118,0.4650685489177704,0.47008347511291504,76.3847885131836,3.27909297092323,12.291097640991211,4.55078125,0.3867594206160157
04231,0.7230704090564559,0.2949703405921406,0.3781423568725586,0.48734843730926514,0.39011260867118835,69.8668441772461,4.3402713948248435,9.613134384155273,3.873046875,0.25721217516639333
04232,0.6781702415970206,0.3110481299660914,0.24439102411270142,0.49724721908569336,0.6770956516265869,73.4364242553711,4.752713505890312,15.972959518432617,4.96875,0.5376545873252555
04233,0.32505637722028385,0.13172690763052208,0.2759726047515869,0.5696510076522827,0.6277782320976257,71.3431167602539,4.564539733637576,11.849967956542969,4.94921875,0.4492477897214718
04234,0.795987793789914,0.37371764188411233,0.2313467264175415,0.4044640064239502,0.4052533507347107,71.47821807861328,3.0427542443692683,15.694470405578613,3.802734375,0.43715678612541536
04235,0.8691859837244971,0.4342341774147772,0.2566424608230591,0.4122779667377472,0.47094810009002686,75.89631652832031,4.439308026713023,9.443899154663086,3.9296875,0.6016256053399165
04236,0.8222428240080082,0.3856933394226378,0.24317479133605957,0.5811314582824707,0.4280001223087311,70.41360473632812,2.9165319819116253,12.71185302734375,4.42578125,0.34938140791220257
04237,0.7854586805895799,0.295128323344091,0.3295247554779053,0.5035107731819153,0.5605098605155945,73.65325164794922,5.845839180565433,14.770944595336914,3.9765625,0.362241960503458
04238,0.7888569719462709,0.4620501449769742,0.2963557243347168,0.7383034229278564,0.40080222487449646,72.62201690673828,4.183030286167757,8.89272403717041,4.6953125,0.506051917508719
04239,0.8160365366559482,0.44857154808215166,0.18897956609725952,0.34870702028274536,0.5505755543708801,73.95357513427734,4.011620525768453,12.42948055267334,4.96484375,0.5734857414190562
04240,0.3699381389022946,0.19814740233588402,0.305733323097229,0.7109237313270569,0.5862825512886047,68.78035736083984,6.219277915979462,10.820053100585938,4.1640625,0.7089618519001205
04241,0.8148793117181415,0.32766681851967294,0.2548360824584961,0.5185964107513428,0.46769264340400696,71.78895568847656,5.801289223434065,15.348633766174316,2.98828125,0.32890317062527585
04242,0.792443647784586,0.3047776719196589,0.3003801107406616,0.6217634677886963,0.5638997554779053,71.8397216796875,5.208733917921944,10.666098594665527,3.46875,0.36513240286537063
04243,0.8078701237716513,0.4186494700170484,0.21951037645339966,0.5053455233573914,0.5276381373405457,69.01370239257812,5.098882394611492,14.750262260437012,4.8125,0.6836469135996536
04244,0.7640388090753221,0.3137028230626749,0.2690443992614746,0.48668548464775085,0.5526044964790344,72.84477233886719,4.038917297065356,12.261662483215332,4.765625,0.3480936572828928
04245,0.8054315450550972,0.4503423340256943,0.21696257591247559,0.3636910617351532,0.6564927101135254,73.57437133789062,5.466079048914429,13.268179893493652,4.94140625,0.6193754812749606
04246,0.8319857208028356,0.42605588873293354,0.24816131591796875,0.398494690656662,0.5899412631988525,74.08299255371094,3.7852365826465473,9.753954887390137,4.859375,0.4179978077303548
04247,0.8169923782362017,0.3278703166167999,0.2848036289215088,0.5189069509506226,0.46886396408081055,75.72810363769531,5.7694306434880485,11.210906982421875,4.05859375,0.5222699245251248
04248,0.8173975884086545,0.33016570173687365,0.21883267164230347,0.4714618921279907,0.6478322148323059,71.8197250366211,3.748880897225202,15.875564575195312,4.94140625,0.522543933935913
04249,0.8623402359919321,0.3387205500690957,0.34255510568618774,0.7363706827163696,0.45159295201301575,76.3973617553711,5.794842011924214,12.100085258483887,4.671875,0.19859691074076719
04250,0.8677093445396337,0.34784122243699556,0.2490893006324768,0.5773494243621826,0.5266889333724976,73.85894775390625,4.509984821667437,12.866739273071289,4.71484375,0.2638969725979315
04251,0.8041832331559617,0.4809734221460133,0.14845675230026245,0.26976099610328674,0.6603715419769287,73.9461898803711,4.183200797196453,15.610635757446289,4.93359375,0.6626515532115069
04252,0.6274332816336866,0.23287228889726064,0.3764989376068115,0.718216061592102,0.46523594856262207,69.47295379638672,6.253011997098644,9.816247940063477,3.9453125,0.2527598815830195
04253,0.8213142224766498,0.4989829129373474,0.1455824375152588,0.128029003739357,0.654189944267273,75.25224304199219,6.498506674890341,20.731889724731445,4.6484375,0.8459476485069964
04254,0.6070207610343467,0.25729954053653475,0.22220546007156372,0.39361950755119324,0.3537296652793884,65.88265228271484,5.1150734675738985,17.50345802307129,3.220703125,0.3197750029442977
04255,0.8337217575653769,0.3470300100532609,0.23663181066513062,0.44641542434692383,0.6350570321083069,73.7743148803711,3.9873186582735056,11.674818992614746,4.81640625,0.5290081665684758
04256,0.9063304243775682,0.6081058634627097,0.2807518243789673,0.3562476634979248,0.617994487285614,75.5542221069336,6.414077449929394,11.595498085021973,4.51171875,0.4902769484415078
04257,0.7972383412181613,0.4693029824707153,0.26474714279174805,0.5477395057678223,0.3691372871398926,72.99723815917969,5.156540075302264,14.32897663116455,4.01953125,0.5224789720098496
04258,0.7412993416468274,0.40053105177754833,0.1931743621826172,0.3471930921077728,0.5335776805877686,73.2482681274414,3.656017519895117,9.690226554870605,4.78515625,0.45824929912478934
04259,0.8486783654078928,0.39481346825179775,0.31860554218292236,0.39213916659355164,0.5673409700393677,71.34225463867188,4.096881174964805,8.16575813293457,4.82421875,0.22244903221852347
04260,0.5908091492473249,0.25015963107484923,0.3086099624633789,0.6482889652252197,0.4343636631965637,66.91500091552734,5.136549484267245,12.861400604248047,4.6015625,0.365387084791196
04261,0.8417400967397317,0.36030783582089554,0.16979360580444336,0.3107767105102539,0.6359366774559021,72.84331512451172,3.7768120292117517,14.84716510772705,4.5859375,0.4890557006749788
04262,0.7885089077636706,0.3286014794589248,0.2741866111755371,0.4427025020122528,0.568077564239502,74.508544921875,3.736492698278396,13.585375785827637,4.5234375,0.3685947307774502
04263,0.6019296259568699,0.28726664809139035,0.28739064931869507,0.5070488452911377,0.6700551509857178,71.4296875,6.362208400113056,8.758830070495605,4.984375,0.5987346063397005
04264,0.8619493806469312,0.512484554589327,0.22935569286346436,0.3438803553581238,0.6042875051498413,74.15563201904297,4.175374398507622,12.168293952941895,4.84375,0.5385970260112198
04265,0.8617922968818641,0.34569954204115033,0.29229509830474854,0.4458373188972473,0.5737266540527344,75.94029235839844,3.9591820246786904,13.179902076721191,4.68359375,0.44325039397475396
04266,0.8742505303357627,0.3388597426018526,0.21568870544433594,0.413222998380661,0.4384869933128357,73.71306610107422,4.261811550122647,12.675739288330078,4.35546875,0.3569277314539731
04267,0.8968285503578126,0.40929549589810704,0.3997058868408203,0.6899328231811523,0.4741937518119812,73.05408477783203,5.358204974592993,7.055361270904541,3.513671875,0.07801096771028126
04268,0.798052970714897,0.41079917481388467,0.2726554870605469,0.577393651008606,0.4431040585041046,69.80113220214844,4.527971938085081,11.342496871948242,4.2734375,0.4670288382900898
04269,0.8730804181854668,0.34939529568612515,0.2936013340950012,0.4492073357105255,0.4910392761230469,59.756439208984375,5.773032040105097,7.830339431762695,3.849609375,0.6424795967029331
04270,0.8501023199494551,0.3795379537953795,0.23850542306900024,0.4159063696861267,0.5617196559906006,75.34371185302734,5.725647006585422,18.18362808227539,4.88671875,0.664675227818314
04271,0.6483676206589225,0.23533070444961376,0.3014807105064392,0.5362601280212402,0.3941304683685303,68.62945556640625,5.715782736198705,7.574579238891602,3.51953125,0.22652516719650834
04272,0.8173680964022181,0.40276853454013045,0.24809515476226807,0.45568740367889404,0.38200244307518005,70.78976440429688,3.6222351006805518,13.321871757507324,4.125,0.5133734202478857
04273,0.757729768871459,0.29636431056098034,0.40435558557510376,0.6339638233184814,0.3296917974948883,63.64092254638672,5.826072414105693,10.16852855682373,3.3125,0.23042028194411193
04274,0.8866280341330364,0.34866254317615875,0.30580079555511475,0.6779042482376099,0.5632898211479187,76.01837921142578,5.746489893470683,11.186805725097656,4.0546875,0.551630300456455
04275,0.8319954499152955,0.5179518815545959,0.2286769151687622,0.39728742837905884,0.43218812346458435,70.38346099853516,5.0094964545959515,11.901546478271484,3.880859375,0.608673101561627
04276,0.7825717990440336,0.36210959540641907,0.32422012090682983,0.6798771619796753,0.5264452695846558,69.68573760986328,3.8957265012719056,9.142319679260254,4.3046875,0.33479308025896726
04277,0.779474121305425,0.37469292416737143,0.21121430397033691,0.453461617231369,0.44923773407936096,75.62123107910156,3.6168065971815717,12.709761619567871,4.66015625,0.523463764591894
04278,0.9012184339492259,0.4251012145748988,0.19018352031707764,0.0752442479133606,0.5001721382141113,68.75337219238281,9.988330707123318,19.635099411010742,3.673828125,0.9452892821526226
04279,0.83170308422197,0.3098558809855881,0.28555434942245483,0.5265411138534546,0.5448839068412781,74.10205078125,4.6273455204917795,11.21536636352539,4.359375,0.2663977523781935
04280,0.731704121922124,0.3311901913875598,0.22216558456420898,0.41618072986602783,0.607247531414032,74.7953109741211,4.073157512052039,11.981059074401855,4.9921875,0.5074961058169597
04281,0.8565822828385551,0.43060475301088424,0.2729335427284241,0.42039984464645386,0.7132843136787415,75.54183197021484,3.6382569622986236,11.060579299926758,4.83984375,0.4046835879405968
04282,0.7713164700334313,0.3176147784194238,0.2298036813735962,0.48354747891426086,0.5287068486213684,72.32411193847656,3.4258755189147925,12.470563888549805,4.96484375,0.36933362560626143
04283,0.7507666792000258,0.28762132110437544,0.34707212448120117,0.5519951581954956,0.6157854795455933,73.06412506103516,4.617654509306649,12.672053337097168,4.56640625,0.2820637383562654
04284,0.3700817706682348,0.1314854447607372,0.2810887098312378,0.6331888437271118,0.5051344037055969,68.51199340820312,4.255492058090827,14.341684341430664,4.734375,0.4678958204586629
04285,0.8756148624615849,0.37039502885042164,0.2273755669593811,0.4880410134792328,0.581156849861145,75.62701416015625,4.083982583601321,13.35513973236084,4.39453125,0.3907996998537723
04286,0.26890946285556666,0.1256092688773472,0.3607519865036011,0.5540804862976074,0.5153455138206482,68.22067260742188,5.872235836348322,13.245597839355469,3.744140625,0.17160118917822317
04287,0.7624809449930421,0.2903920350273832,0.32125771045684814,0.5669143199920654,0.4435231387615204,72.91563415527344,6.468033769854589,12.416942596435547,3.98046875,0.2911755229617724
04288,0.7894676330664476,0.3213081521626709,0.24785566329956055,0.4785841405391693,0.5200411677360535,75.56739044189453,3.8244427765575013,11.920141220092773,4.31640625,0.25549782668640153
04289,0.7647921084719828,0.35898625529200257,0.3245951533317566,0.5395216345787048,0.5835145711898804,69.96089935302734,4.2807169073561475,10.486525535583496,4.75390625,0.20717446664689804
04290,0.6824805035248052,0.2875413698322769,0.29863500595092773,0.5586698055267334,0.6111913919448853,69.53692626953125,4.821939919558316,11.784476280212402,3.7734375,0.40652574360509475
04291,0.7486257963135927,0.3749210581713564,0.19527870416641235,0.5191667079925537,0.5674641728401184,72.6202621459961,3.2049037896369597,11.451629638671875,4.8671875,0.4852125975046321
04292,0.8733524908534603,0.35205823383848417,0.2865752577781677,0.620785653591156,0.3996039032936096,74.33145141601562,4.649283388320099,10.553228378295898,3.078125,0.29291700697897866
04293,0.8354875817659378,0.4423260783982903,0.28871649503707886,0.4568013548851013,0.4558151364326477,71.93531799316406,3.2974336934364215,10.41767692565918,3.474609375,0.3475285350036505
04294,0.7384546316787859,0.3735263393523355,0.25812608003616333,0.5497837066650391,0.6390231847763062,71.55445861816406,4.467490202173602,8.855032920837402,4.90625,0.43712331620076195
04295,0.8918251748447004,0.3413851125395138,0.3315221071243286,0.7053953409194946,0.4940766990184784,70.37909698486328,7.344712750994729,14.057071685791016,4.03125,0.1824198796093131
04296,0.825882929250963,0.3721309565420016,0.2854660153388977,0.4850115478038788,0.4447166323661804,71.31977081298828,5.0349923317441645,11.312437057495117,4.59375,0.28739006814932305
04297,0.776423846535148,0.3886948828979839,0.331095814704895,0.6538316011428833,0.4577814042568207,72.88612365722656,4.5286626505698155,6.686216354370117,3.099609375,0.364826371340597
04298,0.8314362732911226,0.4279398405168063,0.17934131622314453,0.32522258162498474,0.3192208409309387,64.04591369628906,3.422704044589423,13.129920959472656,3.76171875,0.41289897825952193
04299,0.8207481548890632,0.36205510487466197,0.23016047477722168,0.49163711071014404,0.5532758235931396,72.9054946899414,3.1925487576311866,14.677281379699707,4.75390625,0.5392002505297604
04300,0.8047394291131972,0.3298546933204425,0.33127081394195557,0.5811598896980286,0.4766145348548889,66.8511734008789,4.64223036907279,15.053533554077148,3.990234375,0.45241069403344103
04301,0.7424656116472386,0.2725333050262725,0.45796096324920654,0.7125444412231445,0.3941307067871094,69.86672973632812,9.093444548977637,11.53097152709961,1.9208984375,0.15631296510914958
04302,0.7519926760560323,0.35492921409913253,0.22652608156204224,0.2751033902168274,0.509425163269043,71.92686462402344,5.387107110866373,11.109811782836914,4.4453125,0.5078994466618793
04303,0.7402477299029995,0.3504609992126184,0.29358118772506714,0.5926501154899597,0.5196552872657776,74.57785034179688,2.9753787625285573,10.591724395751953,4.87890625,0.3689348223204627
04304,0.8181173817922043,0.3721944035346097,0.2764846086502075,0.48108237981796265,0.4000144600868225,65.52581787109375,4.246716555113609,15.5607271194458,4.95703125,0.6575900671862206
04305,0.7826914344970332,0.29737007964246837,0.229972243309021,0.47568976879119873,0.6349307298660278,75.26387023925781,4.41841066958168,15.970537185668945,4.7109375,0.39341459153225317
04306,0.7908514791769055,0.35949711179068977,0.2527048587799072,0.42105555534362793,0.5243315100669861,75.2532958984375,4.716924317329332,16.359230041503906,2.998046875,0.5988889541422648
04307,0.7901252340941373,0.4517121969988457,0.24094843864440918,0.5325921773910522,0.6247161030769348,69.39468383789062,4.663828512010651,10.007326126098633,4.97265625,0.465782409640574
04308,0.7872725200231997,0.42652519893899205,0.3322770595550537,0.6608895063400269,0.5961227416992188,74.44499969482422,4.748620041220583,8.066343307495117,4.95703125,0.3843240563418977
04309,0.7019280359751471,0.26413680520245136,0.25193607807159424,0.514377772808075,0.605920672416687,74.06419372558594,4.229205798607188,14.800039291381836,4.00390625,0.2854527231728612
04310,0.9003631295042995,0.35797969775606775,0.35528379678726196,0.601405918598175,0.4526844322681427,71.95564270019531,6.344460682113523,13.36638069152832,2.88671875,0.39871029026724375
04311,0.5740368995123742,0.21830291356764095,0.43281906843185425,0.7345104217529297,0.5032089352607727,71.80461883544922,6.262454278786693,11.32597827911377,3.76171875,0.18554724855844779
04312,0.7806321260752396,0.3387676441481327,0.3630359172821045,0.73941969871521,0.2969515323638916,67.57185363769531,6.945740630923344,14.018826484680176,2.56640625,0.35485871437865024
04313,0.7016348854390451,0.34363636363636363,0.23565727472305298,0.46811413764953613,0.4607012867927551,70.86914825439453,3.643263044179357,11.716211318969727,4.55078125,0.3839321684049192
04314,0.7349373559299264,0.3592606149341142,0.2111361026763916,0.4818170666694641,0.5189075469970703,67.05706787109375,5.349127609502951,20.85456657409668,4.4140625,0.7164076456232191
04315,0.8114789516356293,0.3785234899328859,0.25053876638412476,0.5742682814598083,0.5269100666046143,72.63705444335938,3.976695252281498,10.824254989624023,4.2578125,0.48782876325623437
04316,0.436248051956736,0.2336762860727729,0.33119815587997437,0.5616350173950195,0.4698954224586487,73.39253234863281,5.98506496677351,10.908952713012695,3.892578125,0.5318200894199381
04317,0.7604521385600439,0.3595613929389083,0.29906564950942993,0.5790524482727051,0.568203330039978,75.27851104736328,3.9603744486785435,8.743847846984863,4.36328125,0.33633645043108606
04318,0.980509569780705,0.6003659174072138,0.19045490026474,0.20102496445178986,0.5587278008460999,70.61007690429688,12.228559496935357,17.55988121032715,4.09765625,0.8747704800056954
04319,0.9188381468250096,0.36121740678116937,0.2552439570426941,0.5102166533470154,0.4889144003391266,74.72784423828125,4.550169230957259,11.877304077148438,3.98046875,0.37125726038235307
04320,0.8404572827521201,0.4038672191265419,0.2605518698692322,0.33297812938690186,0.47165432572364807,74.3614730834961,4.623047234913738,13.980422973632812,4.3671875,0.6435704077885578
04321,0.8449771404570585,0.3690182878162196,0.2403045892715454,0.5500743985176086,0.4834669828414917,72.92465209960938,3.5121829640315854,10.052717208862305,4.734375,0.3090466963412468
04322,0.7731372534578338,0.31905046752510785,0.33007413148880005,0.6033391356468201,0.637582540512085,75.09227752685547,5.414029161924316,10.094621658325195,4.359375,0.4730157784719715
04323,0.744653791882826,0.3901898863962597,0.34686368703842163,0.4136776030063629,0.5349591970443726,71.49528503417969,6.27012745144373,7.795487403869629,2.98828125,0.5464102625348777
04324,0.7902645481192079,0.30708215297450425,0.33993440866470337,0.7626622319221497,0.3125666081905365,67.8231201171875,9.78793724048536,13.526599884033203,2.775390625,0.24276353156783995
04325,0.8178408463840708,0.3412313713683577,0.29645389318466187,0.5644643306732178,0.4684864282608032,74.46174621582031,5.4962376260895445,13.718376159667969,3.544921875,0.6103584063291146
04326,0.8293761416481776,0.5219431140650963,0.17605805397033691,0.22265680134296417,0.6438437700271606,73.98868560791016,6.244414991812852,15.527263641357422,4.98828125,0.7667531245916938
04327,0.8215903291189492,0.42286661143330573,0.209217369556427,0.371807724237442,0.5546237826347351,73.47248077392578,3.033366235647042,12.633068084716797,4.546875,0.4530541258699539
04328,0.8346671271615461,0.46295910574185933,0.25463712215423584,0.466163694858551,0.4853295087814331,74.21857452392578,4.691171274700661,15.738285064697266,4.5390625,0.6899003501470706
04329,0.9059933046751099,0.3590678630264063,0.2523818612098694,0.4985763430595398,0.5256384611129761,74.44605255126953,4.1687542005811205,11.79877758026123,3.712890625,0.26900583321217764
04330,0.624387637151613,0.24070831874343454,0.34258949756622314,0.73811274766922,0.6023694276809692,71.6220474243164,5.321415954797172,10.890609741210938,4.1328125,0.2487473209046368
04331,0.7405760552512132,0.39452752147629655,0.21171897649765015,0.3827644884586334,0.6996672749519348,75.00566101074219,5.770485232821519,13.286239624023438,4.98828125,0.6572139511843859
04332,0.4525424205638808,0.16327721742936874,0.28722864389419556,0.45685702562332153,0.5971393585205078,75.3603515625,6.089772759272835,12.781281471252441,4.96875,0.3273270589095998
04333,0.4479162153007344,0.1865877712031558,0.3226417303085327,0.49426212906837463,0.5887189507484436,74.24066162109375,3.754411756358117,10.33279037475586,4.9765625,0.3081560592159436
04334,0.8400341967893015,0.35982770997846375,0.24029219150543213,0.36546576023101807,0.5479984879493713,72.23419952392578,4.45084381022068,15.289678573608398,4.5859375,0.49019375519952063
04335,0.8101061816469859,0.5679086538461539,0.26025116443634033,0.48543351888656616,0.3387925326824188,58.096214294433594,7.240738348142126,17.825992584228516,4.296875,0.7094599594904658
04336,0.8788357242076648,0.3683117712825427,0.3769608736038208,0.6789307594299316,0.5680258274078369,72.39282989501953,6.782533221415917,11.328788757324219,4.42578125,0.6880038783731318
04337,0.9121280370679535,0.44984029171495604,0.20095503330230713,0.39274299144744873,0.6071246862411499,77.2904052734375,4.95620124937769,10.880049705505371,4.22265625,0.6356349528041498
04338,0.8631439671192649,0.3615486463041592,0.31886476278305054,0.5681067705154419,0.3139166533946991,73.60620880126953,5.8722604006301555,13.536938667297363,3.71875,0.2520826683586671
04339,0.8872828486489498,0.36453794139744555,0.36066651344299316,0.44790178537368774,0.3748270571231842,68.8833236694336,5.592668591004377,13.778596878051758,2.259765625,0.5341582181580009
04340,0.8707362244298879,0.3537981269510926,0.26900869607925415,0.4706215262413025,0.3576880097389221,75.19640350341797,4.978013931795766,12.8441801071167,3.080078125,0.33003732748046943
04341,0.8741400257489645,0.42971806558302744,0.4155261516571045,0.5169438123703003,0.4216054081916809,68.8565902709961,6.200295278539403,9.310235023498535,3.33203125,0.2771728554696166
04342,0.8824145481507083,0.5013032832205576,0.17918193340301514,0.34202927350997925,0.49136555194854736,74.79976654052734,3.944092779152308,11.073423385620117,3.884765625,0.5847840228205728
04343,0.8175928379334784,0.4184555691451225,0.21596848964691162,0.4070202708244324,0.5733150839805603,73.86283874511719,3.5757331100420733,10.962008476257324,4.74609375,0.4808893633911839
04344,0.8432046451329347,0.32170732029423804,0.33966124057769775,0.6199502348899841,0.6197425127029419,73.116943359375,4.952717626449571,9.611483573913574,3.904296875,0.2919360966363317
04345,0.905101864867352,0.45192990118469184,0.2072773575782776,0.40351876616477966,0.6221339106559753,73.79962158203125,4.938112432794095,12.7783784866333,4.78515625,0.5165774024057512
04346,0.8873404244030608,0.36988890782603306,0.280628502368927,0.5081244111061096,0.5477790832519531,72.39363861083984,3.411167151580811,12.781478881835938,3.986328125,0.2516591857416378
04347,0.6587373859930866,0.2460235294117647,0.27150118350982666,0.5393882989883423,0.6168996691703796,69.12581634521484,3.3618602661199977,16.39919090270996,4.83984375,0.36106309568483475
04348,0.7586868706112762,0.34397239594565454,0.31248730421066284,0.4600766599178314,0.662636399269104,74.90619659423828,4.8967512778878755,10.888420104980469,4.3359375,0.3803701417817963
04349,0.7029250816935532,0.3675236096537251,0.22936785221099854,0.5194242000579834,0.2549722194671631,71.9059829711914,3.85842238136434,13.013648986816406,4.015625,0.5091208243748625
04350,0.8880844549322308,0.3560588579846998,0.23800891637802124,0.4671891927719116,0.4566478729248047,73.36643981933594,3.9860114738605725,13.935500144958496,4.18359375,0.28724190843571723
04351,0.40410551453410765,0.1712110619125301,0.31046146154403687,0.5908300280570984,0.2913815379142761,58.97536849975586,7.026436976795402,14.64168643951416,2.916015625,0.3241244432706687
04352,0.7563753843428297,0.29631455136103957,0.2590964436531067,0.43019193410873413,0.5245769023895264,74.1653823852539,2.676341049657351,13.257203102111816,4.28125,0.2659047023159808
04353,0.7759664870235139,0.2902700742877861,0.4639196991920471,0.6616612672805786,0.420817494392395,68.37889862060547,7.3271090974803075,13.004903793334961,3.359375,0.13785090405688738
04354,0.5698838842487858,0.26145433047590894,0.3391491174697876,0.5685625076293945,0.5201340317726135,67.9807357788086,3.5247071328933246,10.209126472473145,3.607421875,0.2519568175883579
04355,0.7866112482042409,0.3428285857071464,0.26775825023651123,0.4123713970184326,0.6050980091094971,73.63803100585938,3.0123138448064837,11.284130096435547,4.87890625,0.3164095325903804
04356,0.8901494614238856,0.4769544407020032,0.22152423858642578,0.3985956907272339,0.3857806921005249,71.76964569091797,4.0893807810214975,12.610000610351562,3.255859375,0.5418919102420702
04357,0.7303035506011993,0.2752832827798645,0.26861417293548584,0.5321735143661499,0.6490671038627625,75.21980285644531,3.409158590692398,10.80476188659668,4.76171875,0.31422332119827584
04358,0.20770686437230032,0.0889260575649871,0.3616853356361389,0.5660141706466675,0.3312644362449646,61.54347229003906,6.44517492354324,9.769981384277344,3.029296875,0.5492163928214324
04359,0.8697813291402666,0.3744586564608722,0.3679382801055908,0.5515744090080261,0.27866166830062866,70.34844970703125,5.393542642735411,12.75597095489502,2.642578125,0.3473361661798953
04360,0.7108359182217823,0.29673763836560646,0.37579989433288574,0.5616839528083801,0.5832695960998535,73.02789306640625,5.186732707266099,11.094949722290039,4.390625,0.5119545924536137
04361,0.6327296098581858,0.2816872214737278,0.1866496205329895,0.36275798082351685,0.5614635348320007,76.07401275634766,4.682473097216058,14.328149795532227,4.98828125,0.6051017650093777
04362,0.6515507897109151,0.28346514893931557,0.2988377809524536,0.5788286328315735,0.474126398563385,75.54471588134766,3.7218413693082737,12.746612548828125,4.80859375,0.47977443667632835
04363,0.28691316882844736,0.11575795624667987,0.348016619682312,0.6307451725006104,0.4736068844795227,65.588134765625,5.955753970970158,12.068944931030273,3.859375,0.2699798829849161
04364,0.8043377538480719,0.31158370074295566,0.26191121339797974,0.48598843812942505,0.4853915274143219,76.04508972167969,4.753667065311744,13.747567176818848,4.1328125,0.4566595443947266
04365,0.8382303546772439,0.3467068770531531,0.26965123414993286,0.2818177342414856,0.41145744919776917,70.62480163574219,3.3982683850828934,15.12214183807373,4.1640625,0.5883793942968206
04366,0.7892820881637861,0.3890641430073607,0.15017151832580566,0.23362529277801514,0.6619017124176025,75.42249298095703,4.832904372330561,16.2465877532959,4.96875,0.8249230630336667
04367,0.7876410543033132,0.40707223936810166,0.2292117476463318,0.4827516973018646,0.5163561701774597,70.9587631225586,3.6228586105880094,12.332975387573242,3.974609375,0.41323879507762995
04368,0.7935176358752271,0.31975564256575306,0.18803834915161133,0.3133885860443115,0.4489938020706177,71.20655059814453,4.347547276129717,15.481263160705566,3.5625,0.4830096957408893
04369,0.8267365760545082,0.43252867376092086,0.2172626256942749,0.39853984117507935,0.5460575819015503,72.97431182861328,3.7700019268560108,13.453420639038086,4.92578125,0.6800647844397001
04370,0.7846752811231356,0.40904151271462724,0.240381121635437,0.4683966636657715,0.5212522745132446,67.15669250488281,3.188706656656616,7.9795403480529785,3.625,0.48146195802364217
04371,0.8458345305275404,0.41364009860312245,0.23996353149414062,0.4641241431236267,0.6060110330581665,74.48064422607422,3.2870110165589588,8.042510986328125,4.9453125,0.4360125942304134
04372,0.8164465926100476,0.36762662322104556,0.4286913275718689,0.5507351160049438,0.28049731254577637,59.85847091674805,5.411982277450545,12.945761680603027,2.380859375,0.34117202994517515
04373,0.8402192781661978,0.38139590902703896,0.29855746030807495,0.4893690049648285,0.5409453511238098,68.642333984375,4.409140540461993,10.878610610961914,3.923828125,0.3567566512519857
04374,0.8611336865996713,0.40794665940944347,0.20152610540390015,0.39797675609588623,0.5270112752914429,74.60992431640625,3.466691087363925,14.612494468688965,4.66015625,0.5427697015344845
04375,0.7285300567580326,0.40358083201685097,0.20382726192474365,0.361194372177124,0.5956616401672363,75.4343490600586,5.562124381646035,12.599584579467773,4.9765625,0.6733714029326048
04376,0.7982894677147168,0.29984643774276387,0.2879844307899475,0.47165772318840027,0.5899079442024231,73.05146789550781,5.721909271832439,15.939844131469727,4.08203125,0.41685872475965224
04377,0.7563578310083852,0.3875797532964696,0.26496249437332153,0.46077603101730347,0.6494889259338379,76.71436309814453,3.7242485940635723,10.733891487121582,4.3984375,0.4609863117819794
04378,0.7704316521256128,0.430642822619623,0.21933728456497192,0.3468371629714966,0.6414388418197632,72.91484069824219,4.291918232013086,14.033039093017578,4.97265625,0.636149584902564
04379,0.8501686109614541,0.39636463114380377,0.32227349281311035,0.39833781123161316,0.5546823143959045,76.53385162353516,4.267487748252924,11.270207405090332,3.5078125,0.42893463376428353
04380,0.9632699836720969,0.6526822030646441,0.24954354763031006,0.39462995529174805,0.49392080307006836,74.32826232910156,5.611043161694765,10.428096771240234,3.673828125,0.7169825555976685
04381,0.8249127234058067,0.38162442809402924,0.23159712553024292,0.4134633243083954,0.3610990643501282,71.08314514160156,3.1186129619110727,13.095827102661133,3.58984375,0.3246392109754538
04382,0.6092260286168801,0.296591804570528,0.26914095878601074,0.4366348087787628,0.4573376178741455,67.7555160522461,3.963530269356543,10.61619758605957,4.08203125,0.36186866496659875
04383,0.8588650812241776,0.37571858462177027,0.3934539556503296,0.5606728792190552,0.39496415853500366,65.77388763427734,4.13899127810474,12.250244140625,2.26171875,0.43843628299719983
04384,0.7609663995394894,0.36219805601000865,0.2614973187446594,0.4359901249408722,0.4020417034626007,68.96150970458984,3.296497541406411,11.722476959228516,3.97265625,0.3179170968131194
04385,0.7368748989927508,0.4211926938429902,0.28546297550201416,0.45154452323913574,0.5678320527076721,72.31462860107422,5.4506775270279775,12.221406936645508,4.37890625,0.4881583784558864
04386,0.7067350378171635,0.3169147925245486,0.42343467473983765,0.7624219059944153,0.5089486837387085,72.16232299804688,5.869202365041669,6.2369256019592285,4.98828125,0.08343388176389048
04387,0.8897537074751263,0.35903654636127996,0.4695354104042053,0.6431593894958496,0.4475250840187073,69.82274627685547,5.1501006611002245,10.156124114990234,2.826171875,0.3291110607472651
04388,0.7402353775111526,0.38302383102351695,0.2637467384338379,0.5286988019943237,0.6435086131095886,73.79832458496094,4.804590677201622,13.599775314331055,4.94921875,0.5341280859926584
04389,0.8621006080757945,0.4310428455941795,0.3433856964111328,0.5714703798294067,0.6066277027130127,75.83036041259766,5.537756278264288,9.252983093261719,4.96484375,0.48644631102004166
04390,0.7942827527541977,0.4349518762842003,0.24722075462341309,0.3380427956581116,0.5898668169975281,69.74246978759766,6.499778049486341,10.956059455871582,4.31640625,0.6734169050476921
04391,0.8751622743644871,0.45342336857253557,0.2659206986427307,0.435798704624176,0.3570881485939026,70.05814361572266,4.288691178335767,11.910354614257812,4.28125,0.3935240114040742
04392,0.7443615185854476,0.3000139245290525,0.43788421154022217,0.7084090113639832,0.32152536511421204,67.21218872070312,6.976649787775077,11.100845336914062,2.21484375,0.22877790082702287
04393,0.919019265758675,0.5175150418958325,0.21932870149612427,0.435202419757843,0.5234258770942688,75.38079071044922,4.431766490260979,11.19993782043457,4.59765625,0.5829427027290118
04394,0.7862263674813482,0.3720377134120445,0.2723808288574219,0.46766436100006104,0.42335888743400574,72.80308532714844,4.6015108978446575,13.522867202758789,3.982421875,0.4725353379995803
04395,0.6453945070405938,0.2753079334245729,0.4542456865310669,0.7747581005096436,0.2611071467399597,60.594383239746094,7.44698471574983,12.935958862304688,1.93359375,0.37464952432188325
04396,0.9063904455408666,0.3953508756552075,0.25746095180511475,0.4884178042411804,0.5680252909660339,73.72624969482422,3.1454330228479903,8.946372985839844,4.8984375,0.43127478913501527
04397,0.871289238485134,0.4062247685620431,0.23847895860671997,0.44667983055114746,0.3691044747829437,71.69502258300781,3.160466294443528,11.105274200439453,3.412109375,0.29501805155017247
04398,0.38501764493361673,0.19125056118122413,0.3109971880912781,0.615723192691803,0.5143428444862366,72.24539947509766,4.355905369903358,9.772984504699707,4.86328125,0.2984581616906758
04399,0.8466550222211954,0.4729658485150255,0.17075806856155396,0.3003396987915039,0.5795364379882812,74.78703308105469,3.7511585205943945,13.419108390808105,4.83203125,0.5454486292735624
04400,0.9026529789915686,0.4860196935390448,0.26133662462234497,0.446384459733963,0.6494220495223999,74.05912780761719,6.8865581700307095,12.033836364746094,4.77734375,0.5195968217491194
04401,0.8627817260469003,0.32753213518101915,0.2738651633262634,0.612352728843689,0.5363927483558655,73.79859924316406,6.70885240101036,13.449243545532227,4.08203125,0.2258318287694708
04402,0.9433408897200627,0.5005725737188663,0.262870728969574,0.3840624988079071,0.48599421977996826,75.71029663085938,5.270347633058517,11.597129821777344,3.6796875,0.5308464379783862
04403,0.8132426618006704,0.38245409384364754,0.27781665325164795,0.3650093078613281,0.533153772354126,75.13092041015625,3.406517378601644,14.654809951782227,4.66015625,0.5457123618788928
04404,0.6971163074094726,0.3370491337688157,0.3206048607826233,0.7060515880584717,0.44469448924064636,69.16493225097656,3.806523689318139,11.334314346313477,3.576171875,0.36674053615657043
04405,0.842914457303162,0.3591549295774648,0.30196696519851685,0.5743582248687744,0.3156566619873047,70.47479248046875,6.9189782984274215,16.371280670166016,2.953125,0.46365035304755836
04406,0.2586915761029899,0.09552863632314955,0.5190191268920898,0.7343523502349854,0.2954009473323822,65.788818359375,7.9627711909919965,12.501784324645996,2.421875,0.25726126302339425
04407,0.8960770216922133,0.37988946718892525,0.24765366315841675,0.5628497004508972,0.4854658842086792,72.72960662841797,4.303440125132775,11.782381057739258,3.52734375,0.2993182655177461
04408,0.6794945070357419,0.3041578355182249,0.23910927772521973,0.32942235469818115,0.5773124098777771,74.83206939697266,4.173771249260721,14.246153831481934,4.890625,0.5523574367708723
04409,0.6521348647046472,0.3594722955145119,0.22735029458999634,0.3886622190475464,0.6476712822914124,75.76763153076172,5.500853489168712,13.200516700744629,4.99609375,0.5977133956223368
04410,0.40832548129158025,0.17243428196775054,0.38330918550491333,0.6069247126579285,0.5575767159461975,73.02021026611328,5.195444635964213,12.555253982543945,3.94921875,0.2919232591523599
04411,0.7559226990419192,0.3589760103042988,0.20498383045196533,0.34389573335647583,0.5106614232063293,73.30126953125,2.877880422235225,14.698528289794922,4.3984375,0.4351739832131987
04412,0.8995698904409835,0.38713628766881547,0.36800968647003174,0.5970115661621094,0.5754283666610718,75.99879455566406,3.6747904316869775,4.988028526306152,4.5625,0.12172216051585524
04413,0.8321177304518073,0.3678851969152039,0.23253566026687622,0.4659018814563751,0.5109447836875916,70.06966400146484,4.848455424152266,9.086400985717773,4.19921875,0.3909566949674422
04414,0.8999543203482722,0.4109568002808311,0.3653477430343628,0.49685969948768616,0.44851306080818176,72.09249877929688,5.210334783264119,8.394205093383789,3.876953125,0.22264253014837215
04415,0.9064204147125768,0.5166930974042233,0.2322063446044922,0.5278187394142151,0.6219237446784973,75.24192810058594,3.9854718036378762,10.73184871673584,4.984375,0.5732517760263468
04416,0.7969140764852447,0.36924245149171714,0.245391845703125,0.5656546354293823,0.45532065629959106,73.23199462890625,3.6787283828332944,9.791177749633789,4.05859375,0.3465820941860733
04417,0.7787498219685413,0.3658717541070482,0.2252126932144165,0.3482782542705536,0.5292969942092896,74.5934066772461,3.2425059653386703,13.153650283813477,4.36328125,0.5045534701262762
04418,0.8684259086391478,0.41512062178257797,0.24078786373138428,0.3537140488624573,0.41291525959968567,71.47821807861328,4.271749688227025,13.028392791748047,3.6796875,0.3028593432135004
04419,0.9348650039808313,0.5825533318113791,0.1985909342765808,0.17810001969337463,0.5331815481185913,72.98600769042969,5.768695442516128,17.14816665649414,3.92578125,0.8537604982918184
04420,0.9107765477554018,0.6330242510699001,0.19132065773010254,0.22784700989723206,0.47550472617149353,69.3547592163086,8.0221316891472,19.370309829711914,4.47265625,0.8370089892581544
04421,0.8719453112869421,0.37176558481674643,0.28271687030792236,0.5107789039611816,0.5767895579338074,73.97132110595703,3.3501673500239604,11.042510032653809,4.94921875,0.38994716268990093
04422,0.74102790009728,0.3486046136473625,0.44135695695877075,0.8452889919281006,0.20834650099277496,66.12700653076172,7.000756279009549,9.432502746582031,1.958984375,0.3343198011855754
04423,0.8268356724379209,0.4404174446519072,0.28276926279067993,0.5261027812957764,0.5490413308143616,76.00177764892578,3.3044327673041702,9.139205932617188,4.07421875,0.34143612555073327
04424,0.7479448926249815,0.2781044500887234,0.32062309980392456,0.6494163870811462,0.3962741494178772,75.27252197265625,4.400121244231936,6.804767608642578,4.1015625,0.26823286809491703
04425,0.8160649906467196,0.3499280262907738,0.26209455728530884,0.632302463054657,0.4757639169692993,74.88139343261719,3.261677840533651,9.081599235534668,4.73046875,0.3549073168017434
04426,0.8480927167344805,0.4541578629640809,0.16507750749588013,0.30458271503448486,0.5831670761108398,74.14923858642578,2.955916016456111,14.301374435424805,4.8828125,0.5184394382138672
04427,0.7946793863613208,0.357047034432294,0.1975277066230774,0.40054744482040405,0.5411314964294434,73.72368621826172,2.7588540196437195,11.87582015991211,4.953125,0.41058597764438626
04428,0.8699674291427115,0.5139607032057911,0.21888017654418945,0.29488611221313477,0.5824843049049377,74.38619995117188,6.5439716240287025,10.147842407226562,4.96484375,0.8371222508179678
04429,0.7127796442049922,0.38087079957904013,0.2743685245513916,0.4654836654663086,0.5758929252624512,68.62457275390625,3.5596796453306605,10.78255558013916,4.3125,0.32819445853262424
04430,0.8192627910359241,0.3251131787883614,0.3117426037788391,0.4973604679107666,0.47612547874450684,72.72943878173828,4.719838608511168,13.274203300476074,4.65234375,0.3367766820050349
04431,0.5188853087788801,0.242896293091014,0.32586926221847534,0.6606506109237671,0.3786168396472931,59.003780364990234,6.120187540869333,17.052722930908203,4.09375,0.5743515811875264
04432,0.8269057074364862,0.33299652945569563,0.2694227695465088,0.5553404688835144,0.550269365310669,73.69468688964844,3.4258584641491994,11.749373435974121,3.96875,0.45648066857112957
04433,0.8116738347754477,0.3650800936338183,0.31759363412857056,0.5029202699661255,0.6467850804328918,72.76387023925781,5.877615811879396,13.093276977539062,3.36328125,0.5435285225144446
04434,0.7016933363706969,0.3888446215139442,0.24703353643417358,0.46161821484565735,0.5671499371528625,70.9500732421875,3.6656443396290683,9.42177677154541,4.640625,0.4799229609055025
04435,0.7830126787000657,0.4157939428247948,0.3271230459213257,0.6016274690628052,0.5394836664199829,72.3107681274414,4.325516871777378,12.202258110046387,4.69921875,0.5207986689381556
04436,0.8039954150974291,0.4227935156377927,0.2260429859161377,0.40179622173309326,0.5947847962379456,75.3271255493164,6.663412965506678,14.012700080871582,4.91015625,0.7864835998546805
04437,0.7983126074753142,0.33078009561060406,0.23118829727172852,0.6013367772102356,0.4373735785484314,76.2676010131836,3.3345827702915365,9.587567329406738,4.9296875,0.4814305264056962
04438,0.8283547581638384,0.3330849478390462,0.3858226537704468,0.7599064111709595,0.5613488554954529,72.58786010742188,6.676179000674815,9.51795482635498,3.642578125,0.2770391801218475
04439,0.7990907759823473,0.3306621940613741,0.28807002305984497,0.48934194445610046,0.3961423635482788,65.40933227539062,4.5324396908535,17.227500915527344,3.669921875,0.35465729421457126
04440,0.5323164413246144,0.22782903408021088,0.3427698016166687,0.6361779570579529,0.5168381929397583,75.40904235839844,4.3344489335161684,12.360549926757812,4.94140625,0.5898834808317163
04441,0.8403184783681983,0.37342499718246364,0.21385300159454346,0.43667131662368774,0.48405399918556213,74.72859191894531,3.6309964738393603,12.53130054473877,4.0390625,0.31324626743870304
04442,0.8320295124014709,0.35027205783391974,0.2833935022354126,0.5750060081481934,0.5409218072891235,74.20246887207031,3.7143243214493573,8.767714500427246,4.7578125,0.38934020116590967
04443,0.4218411921795856,0.16816398620994175,0.3457367420196533,0.640493631362915,0.5065938234329224,73.32379150390625,4.0998862837745556,11.538704872131348,3.982421875,0.2659490873115798
04444,0.8347840948877913,0.31238896126969085,0.31844884157180786,0.6441650986671448,0.5849922299385071,73.8254165649414,4.970167266152628,13.531346321105957,3.830078125,0.3893869565768467
04445,0.8235745582622155,0.3267932393855635,0.2089298963546753,0.4482872486114502,0.4810996353626251,72.23072052001953,4.978055976970668,14.217050552368164,4.45703125,0.3164130782750513
04446,0.8493485286791375,0.3409333903560355,0.2780737280845642,0.5552889108657837,0.4474731385707855,74.11026763916016,4.155040380392673,12.468613624572754,4.41796875,0.4243530727449892
04447,0.531817817293805,0.3049233778937072,0.38574057817459106,0.571709394454956,0.5391215085983276,74.01275634765625,5.055879005579889,10.559920310974121,3.494140625,0.42029032810618877
04448,0.7894569600524176,0.3640363839359012,0.22173011302947998,0.3783000707626343,0.6169024705886841,76.42745208740234,3.883446948822299,12.811017036437988,4.6796875,0.5403308094232663
04449,0.7044952192170575,0.4326870083671527,0.2798425555229187,0.42669644951820374,0.5460951924324036,70.28279876708984,4.365060903762634,12.031487464904785,3.7890625,0.5216708541608146
04450,0.7894375003977121,0.3938053097345133,0.1927972435951233,0.33181050419807434,0.7409370541572571,78.07488250732422,5.613731764448929,17.02867317199707,4.984375,0.6545556770910474
04451,0.33940012821745275,0.14469216004724642,0.4369514584541321,0.5016797780990601,0.5529473423957825,71.69934844970703,7.099025012655497,11.380025863647461,4.9296875,0.7523486731923955
04452,0.7196698063301485,0.3253483185122962,0.2692943215370178,0.4312092065811157,0.3938232958316803,73.666015625,3.4490396051518646,12.191954612731934,4.10546875,0.59790707603976
04453,0.8329336408347779,0.4042318886179501,0.21158576011657715,0.3472399115562439,0.4912238121032715,71.93778991699219,6.915500048972511,11.107331275939941,4.74609375,0.33049064112689364
04454,0.8150087763326701,0.3518590490996243,0.2120996117591858,0.33074167370796204,0.6589635014533997,73.84469604492188,5.052819238054518,15.71596908569336,4.59375,0.5145060722086976
04455,0.797220751515166,0.32636533738744006,0.32393747568130493,0.5027965307235718,0.5784600377082825,70.53762817382812,4.552242218719028,12.229937553405762,3.4921875,0.3795457951061929
04456,0.7518476211936449,0.3322583245988874,0.29635947942733765,0.670441746711731,0.4366946220397949,69.90707397460938,3.394407465799504,8.60439395904541,4.71484375,0.45393759558528307
04457,0.6333565976687903,0.2525511123931778,0.35106396675109863,0.5710047483444214,0.5888718962669373,70.41902923583984,4.813293755071222,10.915435791015625,2.263671875,0.477102291647943
04458,0.8170651710436885,0.44172180021236623,0.25729674100875854,0.5086219906806946,0.5141321420669556,75.1964111328125,4.557104678928746,9.270538330078125,4.46484375,0.4652581328716003
04459,0.5799374753215721,0.23027916964924838,0.3417758345603943,0.7334945201873779,0.3421946167945862,73.5465087890625,4.386441031309824,8.588789939880371,4.25390625,0.3636115808577309
04460,0.8783014974208104,0.3626775908655103,0.2707703709602356,0.6020678281784058,0.47995975613594055,73.83757781982422,4.52695159445068,11.595171928405762,3.271484375,0.4059664518009128
04461,0.8314853446048935,0.35545083254791077,0.24489498138427734,0.538399338722229,0.531581461429596,74.6725845336914,4.056706597258737,12.316328048706055,4.984375,0.4533642020974121
04462,0.8512568906623693,0.37874603661654904,0.3312556743621826,0.6078325510025024,0.5423874258995056,72.27999114990234,5.731364988085223,13.580798149108887,2.962890625,0.5960344861912454
04463,0.8629839542828495,0.3307374399055357,0.2458808422088623,0.49994200468063354,0.47144314646720886,72.88031005859375,4.094941037415809,13.885215759277344,4.7109375,0.4338289850275167
04464,0.8940360358096955,0.38184146670261526,0.23979967832565308,0.45879390835762024,0.5702373385429382,70.82115936279297,5.1190709237832905,18.024290084838867,4.12890625,0.668087544663423
04465,0.879921085756521,0.3724938445304256,0.21417444944381714,0.30359217524528503,0.6376671195030212,75.525634765625,4.495064343337836,15.479707717895508,4.41796875,0.6925702139400809
04466,0.8208341026918393,0.3794427928757465,0.24478363990783691,0.4326610863208771,0.558278501033783,74.7039794921875,3.2844876647968,10.992470741271973,4.8984375,0.327088276382335
04467,0.8384155051901427,0.3433889019899505,0.3283459544181824,0.49862346053123474,0.4014354944229126,71.26641082763672,4.44989998594374,12.136676788330078,2.96875,0.502542848487019
04468,0.8689168468576349,0.4251948861864671,0.25026875734329224,0.47876474261283875,0.4847065806388855,74.5865707397461,3.6918801313770215,7.8437910079956055,4.18359375,0.4076998603405408
04469,0.767217826431103,0.34165593046201015,0.26881980895996094,0.5127667188644409,0.5071194767951965,76.81221008300781,3.5788731947607366,8.805903434753418,4.890625,0.31633389541510504
04470,0.8532971682682096,0.39261445707467185,0.2942858338356018,0.5359833240509033,0.3794355094432831,72.5185317993164,2.8557418478716103,8.502415657043457,3.671875,0.26803357231235936
04471,0.8494121657814043,0.3425797001862534,0.24569731950759888,0.5029274225234985,0.3661133646965027,72.21000671386719,3.7723791740157484,12.149262428283691,3.744140625,0.23419505195851173
04472,0.7008611248104005,0.342353298875038,0.2961605191230774,0.4176405668258667,0.5489032864570618,70.65811920166016,5.7558511469639715,15.444626808166504,4.3828125,0.6788868506527962
04473,0.9294923959678141,0.4154874531683782,0.2836875319480896,0.3974783420562744,0.5077823400497437,70.60195922851562,4.866197053208705,13.654709815979004,4.421875,0.47945732523831786
04474,0.8499234635642535,0.3291473526750263,0.25756871700286865,0.44065654277801514,0.5285364389419556,74.6991958618164,4.458187377185215,10.851670265197754,4.59375,0.24882744069323823
04475,0.8446509704759929,0.3558120201476845,0.23056507110595703,0.4783003032207489,0.4489205777645111,74.46107482910156,3.463817523675836,11.979192733764648,4.0546875,0.3394119215589096
04476,0.8896264973655837,0.3691042958370239,0.2629510164260864,0.5787569880485535,0.45548295974731445,74.05634307861328,3.474048328976938,10.724103927612305,4.65234375,0.4054739393202399
04477,0.7833955688965741,0.38843587842846555,0.21865546703338623,0.3949613571166992,0.37534889578819275,68.20718383789062,3.405762394014882,13.556929588317871,3.779296875,0.4514920764407748
04478,0.7476052780295691,0.3086351238059252,0.2748228907585144,0.42793309688568115,0.3734920024871826,67.87496948242188,3.105522959527766,12.335448265075684,4.0703125,0.3389371746227226
04479,0.779313271696847,0.36519058295964124,0.2560790777206421,0.4649648368358612,0.41702964901924133,70.99760437011719,3.4720822417709143,8.483064651489258,4.74609375,0.3716993894157983
04480,0.5090919973894433,0.21892117723516852,0.28147411346435547,0.4247094988822937,0.515789270401001,70.1542739868164,3.3857106637319956,12.823707580566406,3.951171875,0.314287655206699
04481,0.7057924801187827,0.2643264960879679,0.39984840154647827,0.7716168165206909,0.4662572145462036,68.84874725341797,5.558340734628074,10.641268730163574,4.1640625,0.19453529734368402
04482,0.8470089241303713,0.4673798402892873,0.25006169080734253,0.4599221646785736,0.5606554746627808,73.59859466552734,4.1529682337786085,11.326730728149414,4.671875,0.6322404576951365
04483,0.7891423501291494,0.3436049811371148,0.412240207195282,0.5210311412811279,0.5806560516357422,72.82011413574219,4.209176502799453,4.703968048095703,4.21875,0.15867526786222355
04484,0.9047840841032262,0.36501320943791565,0.3275253176689148,0.49051183462142944,0.48445242643356323,74.95519256591797,5.153773128568309,10.954925537109375,3.900390625,0.4196799304638575
04485,0.8689439001011405,0.48043192762293885,0.19498765468597412,0.36237800121307373,0.5260017514228821,73.37471771240234,3.9586114822254306,13.502055168151855,4.8125,0.5981659069852464
04486,0.739747740861287,0.3681058148240579,0.21265268325805664,0.42832839488983154,0.41740357875823975,70.03697204589844,3.8227778841248523,14.044890403747559,4.63671875,0.7241323961625322
04487,0.8888600352652615,0.33877492741897103,0.3505703806877136,0.6607233285903931,0.5763534307479858,74.21246337890625,4.459397442127582,11.264219284057617,4.21484375,0.24145262269429602
04488,0.8446848519973974,0.4699536966366458,0.27656662464141846,0.43742790818214417,0.6775521039962769,74.52311706542969,4.3020291428107,10.7449951171875,4.5390625,0.4813553089089356
04489,0.837722175208327,0.3397157445511355,0.3294941186904907,0.5014926195144653,0.450872004032135,76.2099380493164,4.7160649152392615,11.444955825805664,4.38671875,0.32739117082734037
04490,0.6749678958546703,0.3279272856888255,0.27356576919555664,0.5592367053031921,0.4795486330986023,71.245849609375,5.030586249243608,15.705717086791992,4.29296875,0.42083899434504846
04491,0.7491084062288526,0.34274193548387094,0.24429380893707275,0.49470219016075134,0.6074082255363464,77.45004272460938,4.254649801495496,11.591754913330078,4.95703125,0.48449432886014776
04492,0.8988132316111319,0.4020450916335829,0.23191052675247192,0.37983089685440063,0.5267050266265869,74.73553466796875,3.8440870555632034,11.711134910583496,4.74609375,0.49712773250027364
04493,0.8106383830936955,0.34410939843902866,0.2881714701652527,0.5059247016906738,0.5717432498931885,74.66178131103516,5.049334352206984,12.120721817016602,4.421875,0.4049594434365356
04494,0.8707095468147827,0.3305806319244973,0.32421088218688965,0.6750097870826721,0.6361921429634094,75.6644058227539,5.791822844371836,12.03366470336914,4.72265625,0.2553497714688507
04495,0.5565836323161851,0.22064225110084845,0.24589526653289795,0.42727988958358765,0.5106817483901978,73.6740493774414,7.227514274687832,12.172160148620605,3.880859375,0.27483355438426876
04496,0.9229443777179794,0.4089155713904981,0.2920573949813843,0.4694894850254059,0.6354477405548096,75.53583526611328,4.436243498119605,6.810195446014404,4.9921875,0.24606694385924346
04497,0.897764962231555,0.42620368137609516,0.254696786403656,0.4085158705711365,0.5522386431694031,74.5895004272461,3.5350387296377064,9.861654281616211,4.69140625,0.48476823023612137
04498,0.7682234403984447,0.340016570008285,0.2589941620826721,0.3901427984237671,0.64286869764328,74.44595336914062,5.890494759251215,15.328532218933105,4.640625,0.6941383707120165
04499,0.7856235849851309,0.4326721342742705,0.22823667526245117,0.45819997787475586,0.5100528597831726,74.31863403320312,3.6443437049015888,9.23630428314209,4.30859375,0.5824492457481126
04500,0.7697537381184529,0.42535091450446616,0.3072136640548706,0.5391650199890137,0.5627315044403076,69.42195129394531,8.924210534841517,15.649686813354492,4.5546875,0.6044203592547379
04501,0.8103792859987967,0.37857410413285053,0.28648555278778076,0.6862393617630005,0.6522037386894226,74.84859466552734,4.40822539743269,11.14756965637207,4.95703125,0.5983027765084514
04502,0.8621255026659042,0.4095828517389934,0.26363784074783325,0.4264161288738251,0.5132319331169128,72.3564682006836,2.7131523161860263,9.12125015258789,4.5078125,0.24559882425065696
04503,0.3742158480666993,0.19726339794754846,0.3521759510040283,0.6342697739601135,0.4024820923805237,71.77825927734375,5.838456860500953,8.355063438415527,4.1953125,0.6039627327594184
04504,0.8492624695744864,0.4333305220544826,0.21970027685165405,0.47371286153793335,0.6064285039901733,75.12555694580078,3.7027022090849324,10.669309616088867,4.74609375,0.48511972730214553
04505,0.8672269970129454,0.3918657660453016,0.20527863502502441,0.36755436658859253,0.5571531653404236,74.9825210571289,3.258912589374577,13.798181533813477,4.6953125,0.4095976669975249
04506,0.7707680566888839,0.3446762442578342,0.2654315233230591,0.5371285080909729,0.5403925180435181,72.62981414794922,4.006728657005476,9.700563430786133,4.90234375,0.4199703340444294
04507,0.8465550311723842,0.49435980928014883,0.18482887744903564,0.26561400294303894,0.5454621315002441,75.01725006103516,5.915988678166798,12.35376262664795,4.85546875,0.7849587535009585
04508,0.7531320866953221,0.3275896838378633,0.27978068590164185,0.48051947355270386,0.5719612836837769,71.64009857177734,4.896103461344107,16.656538009643555,4.28515625,0.5455804612709382
04509,0.7090460369868771,0.3210122263292579,0.38653457164764404,0.8164961934089661,0.47669661045074463,74.5645751953125,4.982325078380547,7.634105205535889,3.763671875,0.23415967718585845
04510,0.8218743899651635,0.3269916369573185,0.4148862957954407,0.6970352530479431,0.3772045373916626,69.83194732666016,5.916938284931823,12.569652557373047,2.75,0.37800856481625794
04511,0.8371684599796902,0.5133023724664291,0.19313907623291016,0.34995970129966736,0.5849863290786743,73.72944641113281,4.426731616796496,12.297869682312012,4.84765625,0.5967172204897183
04512,0.8279724792390288,0.3672132211031642,0.3409493565559387,0.6543378829956055,0.3165293037891388,69.05494689941406,6.058911494591325,10.016111373901367,3.80078125,0.28184138199130787
04513,0.8091162787067409,0.39711370987807915,0.2899205684661865,0.5015178322792053,0.679574191570282,72.14073944091797,5.071882167451147,8.082178115844727,4.9765625,0.6371290494114864
04514,0.8249058032395834,0.48668650953262005,0.25631481409072876,0.6524772644042969,0.4467063546180725,76.52464294433594,6.937036375185239,9.083205223083496,3.81640625,0.6141658825042943
04515,0.7647967137459467,0.4,0.21075403690338135,0.3937499225139618,0.4527929127216339,68.1708755493164,3.770912030868787,11.94365406036377,4.44140625,0.5233099175853172
04516,0.886553622742253,0.3680984652182579,0.24065154790878296,0.18716692924499512,0.544817328453064,70.80958557128906,4.665754125815857,17.98239517211914,4.59765625,0.7626263278669864
04517,0.6593273688380951,0.36692276587141126,0.27356094121932983,0.3358507752418518,0.6086000204086304,72.12816619873047,4.571165267172222,16.532833099365234,4.49609375,0.7143802189314913
04518,0.6657757329757211,0.2636545409899323,0.3830745220184326,0.6924593448638916,0.5578784346580505,73.74043273925781,3.5901415595264754,11.046076774597168,4.7734375,0.26202223011855547
04519,0.6445624632122979,0.36925270286325296,0.17845147848129272,0.37983953952789307,0.6439206600189209,72.79531860351562,5.715735210759688,14.014958381652832,4.99609375,0.55891179741918
04520,0.8821642346662785,0.45899810872411617,0.3049333095550537,0.46588096022605896,0.5972269177436829,72.06619262695312,3.952962534706415,13.16129207611084,3.78125,0.4400859689288953
04521,0.7906940113784128,0.4071844660194175,0.33453208208084106,0.5054973363876343,0.4450038969516754,67.48222351074219,4.585453632557058,13.689651489257812,1.9912109375,0.4291166047413903
04522,0.84784741253619,0.38733963062173976,0.2574406862258911,0.38319188356399536,0.6361114978790283,73.2086410522461,4.063747944413853,12.976245880126953,4.890625,0.44212631034897054
04523,0.8186574019179693,0.4135517850959523,0.28340888023376465,0.41821008920669556,0.5979722738265991,72.50483703613281,3.4054109065421905,11.044853210449219,4.66015625,0.4294324259634739
04524,0.8346972852933249,0.40256815072097674,0.366055965423584,0.5967190861701965,0.36323055624961853,71.83141326904297,4.638075815791336,9.578763961791992,3.59765625,0.29362471287729636
04525,0.7215798266369831,0.3727485306199836,0.3781675696372986,0.5556116104125977,0.5250979065895081,72.29195404052734,3.941086035094946,11.638151168823242,4.12890625,0.47318380667648896
04526,0.8431204852614437,0.45483656576641895,0.21058756113052368,0.4427928924560547,0.5879589319229126,76.08248901367188,3.720074699588537,11.321226119995117,4.98828125,0.5007686072230312
04527,0.8814011783122989,0.41253834791500965,0.37322884798049927,0.6063951253890991,0.32290568947792053,65.7080307006836,5.781538986636163,10.747400283813477,2.6171875,0.3714472623347789
04528,0.5121616909004638,0.2277335421833529,0.2776467800140381,0.4828929603099823,0.5476219654083252,73.63172912597656,3.176201225184022,11.158792495727539,4.9609375,0.369683773232583
04529,0.8080038848834297,0.43127035830618893,0.23091274499893188,0.3963048458099365,0.47571951150894165,69.41934967041016,3.9134039825696356,12.119853973388672,4.10546875,0.46309698178677544
04530,0.7100395322454628,0.2886238697467632,0.25725066661834717,0.476774662733078,0.28663820028305054,68.11565399169922,3.0571052501168308,12.010231018066406,3.943359375,0.4487062083648252
04531,0.8259629934197384,0.390664563830249,0.22790825366973877,0.4527752995491028,0.4614626467227936,72.14701080322266,3.097784943535211,11.570425033569336,3.787109375,0.2748700843958823
04532,0.8721062769472783,0.4504887183703298,0.2644920349121094,0.4771014451980591,0.5208998322486877,74.1425552368164,3.7099106036813185,10.374395370483398,4.91796875,0.5555731273144227
04533,0.7216572151556305,0.345282448897392,0.3139493465423584,0.5115684270858765,0.565598726272583,67.4150390625,6.0430856136730595,14.711532592773438,4.79296875,0.4501810735254793
04534,0.7351891000830197,0.292807780906066,0.3911389112472534,0.6181688904762268,0.3866744339466095,63.900882720947266,6.476495826884187,7.266645908355713,2.29296875,0.5158387484309924
04535,0.7687915013821565,0.30146058057570035,0.26720261573791504,0.4520314335823059,0.6882238984107971,76.21112060546875,4.496922212202252,5.6844706535339355,4.98046875,0.18039049634942741
04536,0.8575453867109147,0.33003192131826414,0.23081809282302856,0.5175083875656128,0.5713772773742676,75.047119140625,4.831392563926002,12.322591781616211,4.375,0.22045268656923842
04537,0.7677450717380625,0.3610408098702942,0.3488849997520447,0.5755934715270996,0.58827143907547,74.95153045654297,3.7382433820897196,5.386161804199219,4.74609375,0.1511028341955561
04538,0.8065326952193547,0.47504259481289834,0.28202641010284424,0.5581551194190979,0.3774634003639221,69.18334197998047,4.599372416538901,12.241606712341309,3.5234375,0.4521150484869546
04539,0.8433145792929855,0.34783750512925726,0.19644027948379517,0.40011727809906006,0.6115878224372864,75.52117156982422,4.442658103154742,13.297037124633789,4.7578125,0.4775992612668499
04540,0.8537330533945132,0.5154775386938467,0.17551851272583008,0.3650074899196625,0.5680869817733765,71.8758316040039,4.375813945634415,18.51909828186035,4.8828125,0.7921094163134759
04541,0.8015597299704084,0.3039342196080785,0.38827329874038696,0.6411086916923523,0.6535784602165222,74.62593841552734,6.5452914485721445,11.453194618225098,3.15625,0.4776602336900739
04542,0.790234616365054,0.39353492531381445,0.25302189588546753,0.4743898808956146,0.4870462119579315,69.41095733642578,3.0161500568517217,9.64077377319336,4.63671875,0.39210173395125875
04543,0.8313712983491608,0.3546224029899967,0.3328665494918823,0.6441568732261658,0.4248189628124237,72.56513977050781,5.046548112899687,9.7822265625,2.7734375,0.3408726267678318
04544,0.6623470133661329,0.33520918958794393,0.2653663158416748,0.45385119318962097,0.3390583395957947,69.01388549804688,3.6607569200127332,11.84058952331543,3.40625,0.319470135467275
04545,0.8259369332479677,0.41770170655356964,0.17680513858795166,0.26773861050605774,0.5072893500328064,73.86182403564453,3.498521053702724,12.971639633178711,4.703125,0.4453597149483321
04546,0.6650411414101196,0.25994917941957546,0.37751901149749756,0.6393563151359558,0.312970906496048,65.30269622802734,5.701010834487439,8.74691390991211,2.6015625,0.17658234595807834
04547,0.7545377570712736,0.3419366818308421,0.3132004737854004,0.521260142326355,0.5534654855728149,75.61858367919922,5.622168995770237,13.209447860717773,4.9140625,0.7205632560465389
04548,0.7969221748372222,0.2990278475748176,0.35406070947647095,0.7223291993141174,0.46518516540527344,74.96955871582031,5.5291724219045655,11.310373306274414,4.5859375,0.1891037483687105
04549,0.8465270655198048,0.45311219324044166,0.24531543254852295,0.5727099180221558,0.48950713872909546,68.35676574707031,4.402189184018926,14.431306838989258,4.546875,0.6148525527727885
04550,0.8634211746599855,0.35571140464034595,0.3614182472229004,0.5581412315368652,0.4613465368747711,71.12715148925781,5.53116780269424,8.930624008178711,2.982421875,0.39377678714738307
04551,0.8265930543450998,0.3452767758666945,0.2835504412651062,0.4314310550689697,0.5518247485160828,75.56878662109375,4.177549487373532,14.093814849853516,4.46484375,0.46688340861201405
04552,0.8919661313951809,0.409187786966106,0.29177355766296387,0.5025729537010193,0.46710216999053955,73.93922424316406,3.804058451732747,10.372925758361816,4.01953125,0.29192769760686044
04553,0.8977598859550445,0.41763013624274004,0.39893078804016113,0.45865973830223083,0.42417848110198975,67.1761703491211,6.264670854856497,12.393148422241211,3.30078125,0.2851348042427693
04554,0.8419472757476223,0.37652186081845623,0.22340375185012817,0.4955325126647949,0.48174285888671875,70.69194793701172,3.111904375639789,13.550159454345703,4.90625,0.4335389241481228
04555,0.8409561835317512,0.419672309915215,0.1630645990371704,0.2619011402130127,0.6445707082748413,76.66777038574219,3.4854655431743207,17.83137321472168,4.91796875,0.6404316618183958
04556,0.7412860819004533,0.43722897937599153,0.33170437812805176,0.6203399896621704,0.5385922193527222,74.78076934814453,4.68152590811955,7.4764084815979,3.865234375,0.36623141466596953
04557,0.7952956258530247,0.29575264228976567,0.293392539024353,0.5200255513191223,0.6039110422134399,72.48499298095703,4.533369127491676,14.158283233642578,4.0625,0.39398962781426783
04558,0.8286770087779709,0.41658456486042694,0.2515375018119812,0.49235397577285767,0.5307077765464783,70.6357650756836,3.800515437675027,15.824901580810547,4.69140625,0.5763243112734171
04559,0.890633057117813,0.3661929589812209,0.26459813117980957,0.4749431014060974,0.549535870552063,75.33013153076172,3.450983051765442,9.899423599243164,4.453125,0.38894867835948327
04560,0.14900810224132527,0.07106668026794519,0.26693856716156006,0.5034316182136536,0.5082878470420837,65.42076873779297,4.557833395532992,16.684221267700195,3.99609375,0.5178294188262846
04561,0.858466436938089,0.47839116479303895,0.1738075613975525,0.3260929584503174,0.5903598666191101,73.93104553222656,2.623373175811132,13.483448028564453,4.93359375,0.46460835827675806
04562,0.8444352130371048,0.42679568877350327,0.21423065662384033,0.39998769760131836,0.48968514800071716,68.75765991210938,4.677359193991102,12.547645568847656,3.39453125,0.4468594647560391
04563,0.7566349176074163,0.38762481584547387,0.28991544246673584,0.4989279508590698,0.6755387187004089,76.44355773925781,5.0160671041372895,10.123970031738281,4.98828125,0.40269399164245795
04564,0.8624101360782969,0.3466412734240907,0.3495790958404541,0.519472599029541,0.5790827870368958,74.224853515625,4.613907187043672,10.953649520874023,4.49609375,0.3342133642749995
04565,0.7661515883142291,0.30803938289789906,0.5091069936752319,0.5345660448074341,0.5142462253570557,66.94111633300781,7.05544743482663,9.197968482971191,4.02734375,0.07671232687572321
04566,0.7936013715604366,0.3636828644501279,0.2116677165031433,0.4470556080341339,0.5665668249130249,76.45886993408203,3.282271013376756,10.611652374267578,4.85546875,0.4223882317761273
04567,0.7355245445531313,0.44245986886728467,0.33233803510665894,0.584189772605896,0.4343668520450592,70.3321304321289,4.71003986909086,8.900596618652344,3.4453125,0.31201419958124266
04568,0.7218401177689494,0.3015306472647402,0.25308454036712646,0.45797809958457947,0.5060094594955444,66.22716522216797,5.076593379203369,10.94083309173584,2.740234375,0.5493245905597905
04569,0.8028010153018,0.4672234877246267,0.22042030096054077,0.5262768268585205,0.40691038966178894,62.21321487426758,5.114188057847161,20.93217658996582,3.17578125,0.6739638417847512
04570,0.812137104538252,0.31391367141093435,0.35946762561798096,0.7332383394241333,0.3042011559009552,70.79518127441406,9.614802051313688,14.413251876831055,2.1171875,0.28565253514635586
04571,0.8773118690692533,0.35720369155159654,0.21610140800476074,0.38066980242729187,0.5443796515464783,74.79459381103516,3.583223067411502,13.28504467010498,4.953125,0.4967859232945213
04572,0.7248570621014895,0.29039347007115945,0.2563965916633606,0.42245373129844666,0.560999870300293,63.471221923828125,4.888407302004652,18.467609405517578,4.328125,0.48907722906335027
04573,0.7342496188323984,0.2965972166358298,0.25025224685668945,0.5190784335136414,0.5750769376754761,71.61495971679688,4.437237615942501,15.76488971710205,4.1640625,0.385729930688352
04574,0.8031618062731911,0.3423550538737814,0.22744625806808472,0.526417076587677,0.5449563264846802,74.30375671386719,4.179803092688664,9.861096382141113,4.88671875,0.44352849107303505
04575,0.7957155256021735,0.38122259478978593,0.22864288091659546,0.38438570499420166,0.4287784695625305,70.83698272705078,4.00734561416611,11.636305809020996,3.53515625,0.502038339308839
04576,0.8278007539115836,0.3619968439245548,0.18997007608413696,0.3760066032409668,0.6325694918632507,72.48593139648438,3.2925440473610883,12.051458358764648,4.8828125,0.4903138863310226
04577,0.723099945998563,0.2986500029475918,0.28758174180984497,0.4581634998321533,0.5631086230278015,65.66802978515625,6.013621614377764,15.016079902648926,3.802734375,0.6581006912181773
04578,0.6040308678188946,0.25495550725445393,0.2206496000289917,0.3937924802303314,0.35619673132896423,65.97545623779297,5.147504824731295,17.507877349853516,3.27734375,0.31960593076605676
04579,0.8552050259609807,0.3767628412472506,0.33384716510772705,0.60029536485672,0.5081817507743835,73.73326110839844,5.068539184989464,12.339529037475586,3.640625,0.48573265827322265
04580,0.694172373899617,0.29825070068618925,0.25892800092697144,0.4930979013442993,0.5953690409660339,75.46455383300781,4.300032930966313,8.725021362304688,4.953125,0.45703241050059146
04581,0.9027414550681818,0.38454697255699144,0.31356656551361084,0.394741952419281,0.32575443387031555,67.41175842285156,3.5903878377422624,12.151738166809082,2.755859375,0.28220856069353617
04582,0.8681961224221195,0.4542678758601832,0.1966409683227539,0.3222641050815582,0.5726684331893921,74.57678985595703,3.274761675032783,14.42497444152832,4.93359375,0.6001567770340694
04583,0.8811260490944053,0.3770151849622048,0.292141318321228,0.4389720559120178,0.5474492311477661,76.00995635986328,4.561898488338845,14.610576629638672,4.69921875,0.7541318793310804
04584,0.8061483657741217,0.3994526657206568,0.20486688613891602,0.28877243399620056,0.5568561553955078,74.85828399658203,3.507244228342298,11.481801986694336,4.71875,0.6050448649136217
04585,0.8205618348438423,0.5387018889362306,0.17661547660827637,0.3464156985282898,0.514832079410553,74.18296813964844,4.729717753390888,12.26362133026123,4.5625,0.7086757558946378
04586,0.847679473503949,0.3846311302693526,0.24906617403030396,0.38651198148727417,0.5624057054519653,72.5031509399414,2.705865653416678,14.45386028289795,4.89453125,0.3159172345468959
04587,0.8420961801817123,0.3712770297837617,0.3938608169555664,0.6005228757858276,0.24974527955055237,64.27017974853516,3.856253439140097,8.459505081176758,2.078125,0.2716009762067829
04588,0.7873691088737282,0.3445990168637117,0.19196808338165283,0.36968186497688293,0.6128821969032288,74.61651611328125,3.226093723231747,12.474099159240723,4.953125,0.3849055183342483
04589,0.9009920462061936,0.35523396044380123,0.33281636238098145,0.5225539207458496,0.6481623649597168,74.55342102050781,5.883185446919686,7.991508483886719,4.91796875,0.3035842320164211
04590,0.8514146514319572,0.49035001635590447,0.33397376537323,0.5966903567314148,0.4209042191505432,68.7564697265625,5.143338365435323,13.307748794555664,3.791015625,0.5797039068363129
04591,0.8024327328980928,0.406551433935392,0.15844130516052246,0.2512330710887909,0.6415384411811829,75.4159927368164,4.354877379087432,16.501752853393555,4.98046875,0.5642868263623864
04592,0.9055580752419675,0.44645963309135606,0.22428089380264282,0.4183087944984436,0.4130510091781616,67.758056640625,4.076257571805371,16.527610778808594,4.22265625,0.5497141856363451
04593,0.7004165023630109,0.34062954635630205,0.29522740840911865,0.5433856248855591,0.4927341341972351,72.24913024902344,4.746894592817331,10.529121398925781,4.0078125,0.37688939283092365
04594,0.7851219163833297,0.29791487353194324,0.28715890645980835,0.48050612211227417,0.4931888282299042,74.7297134399414,4.6791402902083785,10.547904968261719,4.94140625,0.5403455951582108
04595,0.9004228226176659,0.5606494372328327,0.16942107677459717,0.31828343868255615,0.6310336589813232,76.7003402709961,3.2117500467300664,11.090753555297852,4.921875,0.5271164867859213
04596,0.786819732787677,0.39566488904180286,0.3729020357131958,0.5127432346343994,0.42982742190361023,71.84814453125,5.225210129748568,11.573387145996094,3.884765625,0.36901001183005383
04597,0.5231290233013576,0.20586253369272237,0.2923247814178467,0.592764675617218,0.5901113152503967,72.32463073730469,5.62545314455909,10.851930618286133,4.78515625,0.28084051384287123
04598,0.7858664383172321,0.311035060513698,0.27639180421829224,0.5385847687721252,0.6260709166526794,73.9991683959961,4.537976015227845,13.527189254760742,4.84375,0.3322762883493387
04599,0.7872367788918277,0.4626499806476584,0.3030052185058594,0.5337508320808411,0.5798466801643372,71.14373016357422,5.659763867872781,9.68055534362793,4.2734375,0.49026457442914817
04600,0.8576874630201817,0.33575240420890895,0.32516568899154663,0.5686999559402466,0.48565569519996643,74.4570541381836,5.255233348993002,12.516908645629883,4.14453125,0.3319406552627167
04601,0.7521308064224185,0.27977640026566303,0.4331268072128296,0.7711174488067627,0.557824969291687,69.0849838256836,4.920808091036631,7.9326395988464355,2.984375,0.36580273598403457
04602,0.7852376648299665,0.3783543891831119,0.34717005491256714,0.7164406180381775,0.37055161595344543,69.66452026367188,6.034425357246348,11.968852996826172,3.767578125,0.4306805877350739
04603,0.8018460184131357,0.35654027173430425,0.27171850204467773,0.5913430452346802,0.5320756435394287,74.48161315917969,3.869274180036365,10.017777442932129,4.78515625,0.33531732051942603
04604,0.8638791171956672,0.4171493840254548,0.1983414888381958,0.33383727073669434,0.6256096959114075,72.91868591308594,3.911304780106488,13.191600799560547,4.6171875,0.7068340678834903
04605,0.7957770172237545,0.4025213199851687,0.21511375904083252,0.45028945803642273,0.5125933885574341,74.28677368164062,3.012672328368888,10.662399291992188,4.95703125,0.3702004761691966
04606,0.8412583949181535,0.4138502804194099,0.230615496635437,0.36078763008117676,0.6051133275032043,74.1845932006836,2.997976058577091,11.516302108764648,4.7578125,0.47970132729403797
04607,0.7028636808370576,0.4030306733471832,0.3054395914077759,0.38321584463119507,0.5691776871681213,72.28614044189453,6.878349882563484,10.4197359085083,4.56640625,0.7576284301424188
04608,0.733300942923644,0.3367067792809627,0.3072938919067383,0.4370865821838379,0.4107498824596405,72.50408935546875,3.609906239357633,11.71429443359375,3.63671875,0.32006073543338015
04609,0.7753696076918623,0.31368965363526946,0.17794305086135864,0.37558573484420776,0.6101590991020203,76.09999084472656,5.123215575953001,13.892450332641602,4.9453125,0.5251475343296649
04610,0.8401579639035839,0.36188889889259024,0.19109243154525757,0.35048308968544006,0.49956968426704407,75.26642608642578,4.792884439916476,13.461614608764648,4.51171875,0.4946056717216408
04611,0.951571770148079,0.3899704642238265,0.31796443462371826,0.5363678932189941,0.457662969827652,73.06932067871094,4.744298576777221,9.447489738464355,4.31640625,0.21489437977178766
04612,0.7719223008026856,0.39124464574836554,0.24286824464797974,0.5605795979499817,0.48236918449401855,75.12416076660156,3.2916514248372115,11.12955093383789,4.05078125,0.4997045388603382
04613,0.8129040296480681,0.42534376366551674,0.2277814745903015,0.45783185958862305,0.5580503344535828,73.80235290527344,3.708170006089911,10.650609970092773,4.921875,0.5395169187514605
04614,0.8027791438593129,0.35837190477178854,0.2792855501174927,0.5724810361862183,0.357845276594162,72.23004913330078,6.349778059360277,14.282934188842773,3.369140625,0.3751010037855077
04615,0.7424335809569201,0.44929797191887677,0.2832971215248108,0.5238810777664185,0.5910770893096924,71.37174224853516,4.785849403294963,10.234870910644531,4.8359375,0.4240569968065392
04616,0.8783542248725803,0.37490758539109864,0.32029879093170166,0.6691429018974304,0.5563487410545349,74.56221008300781,4.681130402429798,9.623435020446777,3.931640625,0.1425189907003174
04617,0.9032378689083653,0.5370193227472738,0.28725409507751465,0.41018763184547424,0.762698769569397,78.20416259765625,9.637811389054544,16.712257385253906,4.98828125,0.8008015768391626
04618,0.8433545132419189,0.5097121227213866,0.16521888971328735,0.2659807801246643,0.5481863617897034,75.1326904296875,5.382345630763236,14.072172164916992,4.953125,0.7321540253419696
04619,0.8328816505636493,0.3366993131881181,0.31384193897247314,0.5355801582336426,0.48042377829551697,75.47232055664062,3.6041827920053193,10.659314155578613,4.4765625,0.2756025458878058
04620,0.8245346589662351,0.3507412549827563,0.26460397243499756,0.5233464241027832,0.47808051109313965,71.55123138427734,3.429309418953953,10.98155403137207,3.93359375,0.2719814672967272
04621,0.8649016631596776,0.42248897599216073,0.30551278591156006,0.4683133661746979,0.3184977173805237,68.28592681884766,5.542835753579515,15.878024101257324,3.73828125,0.4348240057598509
04622,0.7498237398388221,0.3288209155730082,0.292746901512146,0.5923938751220703,0.5216940641403198,70.14677429199219,4.441427851789472,13.12380599975586,3.861328125,0.5832405626442062
04623,0.7669133053394852,0.38816705336426915,0.19113796949386597,0.4578416347503662,0.6279816627502441,69.74149322509766,5.108925106352373,15.523933410644531,4.5390625,0.6384077295585636
04624,0.7784649994818653,0.38365304420350294,0.2725604176521301,0.5574449896812439,0.27332159876823425,66.34532165527344,3.424440468785277,10.521240234375,3.833984375,0.32209126413443995
04625,0.9671521888857414,0.3701040343491817,0.432866632938385,0.5265690088272095,0.5158442258834839,71.34459686279297,12.538098519578206,10.789804458618164,3.119140625,0.0880281302230538
04626,0.870620680962387,0.36789086237484453,0.2744631767272949,0.41415852308273315,0.3352247476577759,74.48462677001953,4.577856264854973,11.806386947631836,3.0390625,0.30048558545796794
04627,0.7503568465536615,0.318766909895876,0.33483922481536865,0.627892017364502,0.5727164149284363,72.35127258300781,4.556756840663767,11.982658386230469,4.2578125,0.42218020555129315
04628,0.6657410485491935,0.31971759959657087,0.23094695806503296,0.45076966285705566,0.5455231666564941,73.85411834716797,5.853493983095075,13.203612327575684,4.98828125,0.5105150181692177
04629,0.8337839393899057,0.4166568914956012,0.17950183153152466,0.4004082679748535,0.6682639718055725,75.2705078125,3.782486367752752,9.932769775390625,4.8671875,0.5174017154414015
04630,0.808661787079761,0.3579846676074602,0.3810906410217285,0.5946211814880371,0.46904289722442627,66.7655029296875,3.6152499146062356,8.43086051940918,4.109375,0.3697579537724057
04631,0.7728482669629465,0.30798159454915497,0.3465667963027954,0.6708652377128601,0.5544223189353943,73.4056625366211,4.123612311149631,10.656394004821777,4.96875,0.2141957782121012
04632,0.8176844323534235,0.45031010401914345,0.201116681098938,0.36261633038520813,0.5494500994682312,75.496826171875,3.2920082963462773,11.340235710144043,4.9375,0.5256136859447234
04633,0.7710918513763654,0.32349146110056926,0.3290032744407654,0.6172496676445007,0.6105649471282959,73.49982452392578,6.047489307894708,14.82406997680664,3.9921875,0.4527279668030458
04634,0.824296737536781,0.35323867854491464,0.24833446741104126,0.4369620084762573,0.476421982049942,73.58236694335938,4.61260788670474,15.569986343383789,4.3984375,0.6072563552817734
04635,0.8327740338558874,0.3224881006715785,0.2448708415031433,0.5245989561080933,0.477684885263443,73.31993865966797,4.464693501884902,11.564493179321289,3.8515625,0.21148465931481641
04636,0.8560708194499735,0.33146615064526924,0.292338490486145,0.49358755350112915,0.4815913736820221,73.17729187011719,3.694416538277299,14.22707748413086,4.11328125,0.4999691996527765
04637,0.8248622947219714,0.4544961492569693,0.20647567510604858,0.4116875231266022,0.3861663341522217,75.41407775878906,3.014353796493219,9.50290584564209,4.09765625,0.4456873882871113
04638,0.8479530632546313,0.48585621636539256,0.24233973026275635,0.4791461229324341,0.48105621337890625,71.75076293945312,4.890897120743326,14.090690612792969,4.41015625,0.6804617020843998
04639,0.8155010994526647,0.39548310409237564,0.38898253440856934,0.6221852898597717,0.4013935327529907,59.24148941040039,4.451387755454938,15.744744300842285,3.962890625,0.23535493815468636
04640,0.6627322161834669,0.3487456406794915,0.3121486306190491,0.6562278866767883,0.4823881685733795,69.1799545288086,7.0422952858431325,9.82181453704834,4.0234375,0.4591026745052644
04641,0.8158523877572474,0.36894505073712425,0.32498419284820557,0.618187427520752,0.34159934520721436,68.92548370361328,3.644615330303889,11.203662872314453,2.828125,0.421671137817474
04642,0.7731965503434114,0.41578838603017154,0.3835902810096741,0.5363887548446655,0.4948870837688446,71.7613754272461,7.544305952192494,7.050673484802246,4.12109375,0.30171129077304293
04643,0.74702836139482,0.3228663846728042,0.24892866611480713,0.4614960551261902,0.39223724603652954,70.84261322021484,3.7334803600199136,8.439759254455566,3.6015625,0.37969763945045065
04644,0.8642108070630777,0.36750598582181815,0.21559184789657593,0.4437827169895172,0.5581265091896057,73.69367980957031,3.30525900305747,11.094740867614746,4.97265625,0.36099416789510325
04645,0.8860973851127206,0.6262733038631558,0.21171271800994873,0.18367119133472443,0.6685127019882202,73.94639587402344,5.661775749952085,11.736223220825195,4.79296875,0.7363279141365641
04646,0.6191845501192571,0.2750388419417181,0.22973012924194336,0.5069289803504944,0.5495322346687317,73.70954132080078,3.6875361527100816,14.00809097290039,4.953125,0.3945080058393059
04647,0.8955142366143756,0.4220279605801657,0.24994641542434692,0.4264766573905945,0.4661830961704254,70.79088592529297,4.482343906866632,9.50150203704834,4.19140625,0.7136654290320052
04648,0.8356625197463172,0.33403932759620103,0.2854952812194824,0.48094165325164795,0.4330035448074341,71.67573547363281,5.625432605862508,13.54550552368164,3.51171875,0.30842525760355305
04649,0.7223326920255477,0.334655651889416,0.23459672927856445,0.4269073009490967,0.44983237981796265,72.00414276123047,4.691180063086241,13.613580703735352,4.03125,0.3301406297142929
04650,0.5927990914129085,0.3093156268489909,0.25928568840026855,0.5059536099433899,0.5705195069313049,73.864501953125,5.243733880566557,8.092939376831055,4.98046875,0.39347225200305136
04651,0.7914734753574182,0.340646276883173,0.3676772117614746,0.476651668548584,0.4624548852443695,69.41522216796875,4.333044384291366,9.413741111755371,3.85546875,0.23322873986407222
04652,0.7841846641268969,0.30895260386190754,0.2660393714904785,0.3941671550273895,0.6486053466796875,75.82624816894531,4.121235093264968,12.658964157104492,4.65234375,0.42788320171480504
04653,0.7325515615789113,0.46645234885409104,0.4481934905052185,0.7097305655479431,0.43621182441711426,65.02873992919922,6.198531139733264,5.2988691329956055,3.294921875,0.13144366523643208
04654,0.8133674105327026,0.4708686440677966,0.2359970211982727,0.40784329175949097,0.6446828842163086,74.8997573852539,4.923936141359144,10.308538436889648,4.89453125,0.5888536808956396
04655,0.8481258044673685,0.3545070514070319,0.22372913360595703,0.30173245072364807,0.4840473532676697,69.19355010986328,4.5034005301999676,14.73471736907959,3.890625,0.5193359009811376
04656,0.6621678550689915,0.3347906183837884,0.2472935914993286,0.3684614598751068,0.5640011429786682,72.57832336425781,4.110861544133544,12.671828269958496,4.62890625,0.3773113629016734
04657,0.8182954679696133,0.5223361569326794,0.2002650499343872,0.40598443150520325,0.4781724810600281,70.30592346191406,4.693516304013133,18.330415725708008,4.12109375,0.7071202941575765
04658,0.7818348232505765,0.32108717363389927,0.23843073844909668,0.5964064002037048,0.5333102941513062,70.32076263427734,3.5815472162459603,13.796130180358887,4.1015625,0.5054503385472804
04659,0.8910589102409903,0.34413444753178873,0.37240469455718994,0.579995334148407,0.5510866045951843,73.39771270751953,4.74119488104168,11.208348274230957,4.359375,0.3633569545736123
04660,0.9028499348487744,0.46893964708799085,0.20637118816375732,0.3292499780654907,0.5287309288978577,72.1980209350586,2.912996161957913,11.043010711669922,3.72265625,0.31378712589606306
04661,0.8132383538868578,0.34967456334509434,0.30583977699279785,0.5396364331245422,0.5906265377998352,73.39234924316406,4.385024420528219,13.461445808410645,4.43359375,0.49453244664922347
04662,0.787365591239912,0.3635220125786163,0.2837241291999817,0.5947229862213135,0.38393861055374146,72.04766082763672,3.6800711499110115,7.725992679595947,3.806640625,0.27193852815063285
04663,0.7863093201800064,0.4132766341775486,0.2802489399909973,0.5286818146705627,0.6389483213424683,73.44759368896484,4.711469584416776,10.902654647827148,4.25390625,0.3591555158259872
04664,0.870719623170647,0.44057596381040853,0.2628476619720459,0.455311119556427,0.5248563885688782,74.55245208740234,3.3606993837801693,11.061111450195312,4.71484375,0.497170705298636
04665,0.8160662769614828,0.40722516350046717,0.27054882049560547,0.6064879298210144,0.486033171415329,72.60287475585938,3.2953380703231927,12.198409080505371,3.947265625,0.43599376793923816
04666,0.7887887816679874,0.3342686120463898,0.2246873378753662,0.39776885509490967,0.6658777594566345,76.03241729736328,5.288381910690043,12.485122680664062,4.953125,0.4552033987695207
04667,0.8421494519379664,0.43907102288702693,0.2365666627883911,0.5089536309242249,0.4824867248535156,68.35449981689453,3.3683232380003703,12.525735855102539,4.0,0.31392337365148115
04668,0.807246795729924,0.5041511594617807,0.18106120824813843,0.22464212775230408,0.5945168733596802,69.06647491455078,7.03021242232068,20.2366943359375,4.65234375,0.8417988857060077
04669,0.7990233449553692,0.42731320643930126,0.22164136171340942,0.35239526629447937,0.34872791171073914,68.28593444824219,3.4207897465178045,16.588171005249023,3.3125,0.6022238497554476
04670,0.7346673034986767,0.4042720139494333,0.2596769332885742,0.5465143322944641,0.5584127306938171,77.52376556396484,4.129938089821187,11.501667022705078,3.966796875,0.5330595349763129
04671,0.3452910142751155,0.1451674277016743,0.36925578117370605,0.7521116733551025,0.42879217863082886,70.54961395263672,5.086743380096221,10.760345458984375,3.427734375,0.40760476808857343
04672,0.6487552241371172,0.3308331644030002,0.27080971002578735,0.6350204348564148,0.5303134322166443,67.99664306640625,5.145886839116411,16.03604507446289,4.44140625,0.5598989379699598
04673,0.48335752439956653,0.18252380086107572,0.22365105152130127,0.37663033604621887,0.5886870622634888,74.8046875,4.783631589899462,14.032979965209961,4.9921875,0.6593724861333926
04674,0.5842931693938196,0.2888740975884491,0.30268657207489014,0.6723293662071228,0.4838516414165497,72.11549377441406,6.403545711646992,14.110559463500977,4.19140625,0.5014085132198584
04675,0.8000569265426716,0.37702307894452086,0.31308746337890625,0.5050421953201294,0.3895059823989868,67.51636505126953,3.9675744644232074,11.616581916809082,3.57421875,0.39516165357488436
04676,0.7443700293455046,0.4171199740746742,0.23002129793167114,0.5014368891716003,0.5815293788909912,74.9468765258789,3.6081263875649467,11.973525047302246,4.859375,0.5499547501192764
04677,0.8717003851444248,0.3839339929278137,0.22411388158798218,0.40612855553627014,0.5699009895324707,74.08851623535156,3.417605898230509,13.044633865356445,4.51953125,0.2961301021244133
04678,0.8371741475237141,0.393779008224086,0.33806705474853516,0.6446062326431274,0.4526885449886322,68.5233154296875,5.5025292752463075,13.424481391906738,4.9375,0.6355111905482649
04679,0.6305379238814359,0.32729488670987755,0.25998812913894653,0.44359296560287476,0.4916052222251892,69.22232055664062,5.618294194344928,13.150128364562988,3.73046875,0.5403859199918893
04680,0.7415109989606224,0.31896135572550116,0.307613730430603,0.4772281348705292,0.29717084765434265,68.74832916259766,5.265573991032838,12.31248950958252,2.9140625,0.2751105367213009
04681,0.8399951753543783,0.35655425273169494,0.24287056922912598,0.5316479802131653,0.4059259295463562,70.0517578125,4.699168553377322,11.047755241394043,4.0546875,0.21846169242676372
04682,0.8156166201963978,0.3323888195178177,0.26094716787338257,0.5355382561683655,0.5421092510223389,74.47454833984375,4.494783558866117,12.465190887451172,4.35546875,0.3116069359239704
04683,0.8881617382861249,0.4179912831688245,0.2951619625091553,0.4569703936576843,0.4457900822162628,73.14564514160156,4.258366865615407,5.666327953338623,3.857421875,0.3082675182909448
04684,0.8668591173725373,0.41448916782330575,0.1822037696838379,0.3754972815513611,0.5025144815444946,71.29069519042969,3.268505791971816,8.390634536743164,3.95703125,0.345894714999644
04685,0.7272437465233368,0.3674838989013368,0.180217444896698,0.3786311149597168,0.5065324306488037,73.20780944824219,4.123861371339821,11.272011756896973,4.8125,0.5348794488189886
04686,0.8786285450954276,0.36752411909484595,0.19148892164230347,0.37161603569984436,0.4377703070640564,72.54916381835938,2.932568925480816,14.536203384399414,4.16015625,0.3508217418595527
04687,0.6535155141962797,0.39373219373219376,0.23735356330871582,0.5025232434272766,0.5464103817939758,72.80394744873047,6.426375283241997,8.225214958190918,4.828125,0.7119827834907588
04688,0.699111523401643,0.40237691001697795,0.20541292428970337,0.3585914373397827,0.5717644691467285,74.69771575927734,4.635053643592828,11.757406234741211,4.91796875,0.5242561754411602
04689,0.8847414889174474,0.5293993281495925,0.18869507312774658,0.44918978214263916,0.5518650412559509,76.20789337158203,3.5562578013031008,9.962064743041992,4.46484375,0.5696918205165769
04690,0.800546532300063,0.4440015658920246,0.24867093563079834,0.3790193796157837,0.6018565893173218,74.18948364257812,3.1616029848252944,13.371162414550781,4.82421875,0.4504885707717876
04691,0.8249396295078141,0.36998423541776143,0.20384860038757324,0.4624272882938385,0.5229862928390503,74.30492401123047,2.88054735916986,12.899831771850586,4.87109375,0.46008267356295773
04692,0.8429596837749107,0.33687129470262,0.30976808071136475,0.5779021978378296,0.319384902715683,69.0378646850586,4.415697933687781,13.659891128540039,2.552734375,0.4803154494154954
04693,0.8727686714743851,0.3573984797846855,0.34204918146133423,0.4324890077114105,0.5022584795951843,75.84696960449219,4.856572370782329,10.634193420410156,3.5,0.2842874486881196
04694,0.8026480641915889,0.4651838445418175,0.24267655611038208,0.43152910470962524,0.4838807284832001,69.6065902709961,3.482237772956636,8.764769554138184,4.0859375,0.407293446110454
04695,0.8169542146276697,0.4582180652527115,0.18402588367462158,0.24282892048358917,0.5998735427856445,74.3367919921875,4.441644645522094,14.444692611694336,4.96484375,0.6010950815966087
04696,0.8291799840629341,0.32839423133988804,0.276056170463562,0.5184998512268066,0.5356773138046265,72.86095428466797,3.4604111552288837,12.699769973754883,3.98828125,0.21928803498706845
04697,0.6706139984186711,0.32438051168561177,0.1934947967529297,0.41943126916885376,0.5903698801994324,74.28862762451172,3.292883458732888,12.401534080505371,4.9921875,0.546173781526496
04698,0.3798455178866077,0.15133254116448822,0.4533909559249878,0.6268141865730286,0.3314245343208313,69.89990234375,6.195138708215966,11.808638572692871,1.6123046875,0.4185344488102719
04699,0.9193638502344984,0.35479996430998156,0.37255704402923584,0.6739084720611572,0.43731456995010376,71.55345153808594,4.730720891735825,9.61170768737793,4.08984375,0.14443356902803756
04700,0.8529784977439998,0.3457976530288614,0.363311767578125,0.5350034236907959,0.5235977172851562,71.35445404052734,4.903296822604987,11.650785446166992,2.603515625,0.4367726056076902
04701,0.7542094168938612,0.31761399125546536,0.2224118709564209,0.5939533710479736,0.2570480406284332,69.10070037841797,5.052477377105219,13.651729583740234,2.71875,0.3425872809520973
04702,0.8630604052671498,0.4619718309859155,0.283980131149292,0.6682775020599365,0.5027825832366943,73.80326080322266,4.674270706282787,7.5815110206604,4.14453125,0.3317268349444612
04703,0.7871731148212472,0.33017633282821324,0.20649009943008423,0.3642578125,0.4936177432537079,70.87168884277344,4.106374336406817,15.822324752807617,4.40234375,0.44359662813082235
04704,0.8692621166649744,0.49664750004974034,0.24723374843597412,0.38983649015426636,0.5646544694900513,74.10285186767578,4.342342929046159,10.55491828918457,4.7734375,0.5016669742216521
04705,0.888990195374953,0.4657058517103664,0.2133762240409851,0.2632574141025543,0.5941428542137146,73.46714782714844,6.655355998248731,16.049392700195312,4.61328125,0.8315505314734147
04706,0.767811356294221,0.34759964218268563,0.40154188871383667,0.5705153346061707,0.3361806571483612,66.50100708007812,6.886451165062278,12.732319831848145,3.251953125,0.3083054087456853
04707,0.7840276662381218,0.305852417302799,0.20959115028381348,0.2722594738006592,0.5694016218185425,74.3622817993164,5.753568203703356,17.753612518310547,4.33984375,0.5656164708506017
04708,0.763127268609279,0.3163574322883344,0.35413944721221924,0.5504950284957886,0.3830241560935974,71.64402770996094,5.888077624357034,13.800350189208984,2.3125,0.4502172543003162
04709,0.8333547192101134,0.42734920861257664,0.23138296604156494,0.36492055654525757,0.5942239165306091,75.35091400146484,6.030437732719365,7.51446533203125,4.953125,0.6152606542972245
04710,0.78499237421609,0.3016607181877777,0.3492026925086975,0.6688761711120605,0.5547009706497192,71.42064666748047,4.841285291267113,13.003456115722656,4.20703125,0.33933037890921636
04711,0.7893895421753664,0.32365174480084596,0.3929407596588135,0.5988307595252991,0.3435640037059784,71.63005065917969,6.327320864688438,13.201165199279785,2.685546875,0.3089053135537891
04712,0.8152091105036396,0.38201800368750227,0.22976386547088623,0.5507090091705322,0.49622008204460144,72.4405746459961,3.3112144804855212,10.466198921203613,4.08203125,0.3420853726451285
04713,0.826654586973929,0.4446235157490579,0.19395095109939575,0.30124345421791077,0.6203358769416809,74.07303619384766,4.334310583867903,14.289924621582031,4.921875,0.5983682812394396
04714,0.8288028171755275,0.324527831258623,0.34206897020339966,0.60492342710495,0.4220271408557892,69.797607421875,4.892337896348345,12.764049530029297,3.04296875,0.163200566637102
04715,0.8298435321254983,0.3578320061649114,0.22645831108093262,0.4917501211166382,0.5581704378128052,74.76319122314453,2.9344658897210674,11.137138366699219,4.9140625,0.30822520124701547
04716,0.8779516491102037,0.3595760910138436,0.4709268808364868,0.6645739078521729,0.4281523525714874,70.94612121582031,5.06223217572286,10.019359588623047,3.333984375,0.3402328418005603
04717,0.7844480287520232,0.3162896586411828,0.40873122215270996,0.5588613152503967,0.536428689956665,74.14388275146484,3.9810431523683754,10.446800231933594,4.26953125,0.2752813851439402
04718,0.7964990896483898,0.3205645886003906,0.37184011936187744,0.555061936378479,0.4916805922985077,72.10845947265625,5.535468372518518,10.689611434936523,3.95703125,0.2624086292608247
04719,0.7902451258250365,0.38836599290232987,0.23600047826766968,0.6584873795509338,0.5190484523773193,77.07637023925781,3.1172113615414494,11.48529052734375,4.70703125,0.44397097979046674
04720,0.821404642992582,0.3446222272478845,0.23488903045654297,0.5550763607025146,0.3170422613620758,68.86672973632812,6.2047064027248435,15.348339080810547,2.5625,0.33791478123242447
04721,0.8495507367609137,0.42997683608120996,0.26842838525772095,0.5258998274803162,0.46274805068969727,75.37528991699219,3.4515962689009276,9.822402954101562,3.748046875,0.27673909301028515
04722,0.8526416166438185,0.4130817610062893,0.19754284620285034,0.3923113942146301,0.6400455832481384,74.52629852294922,4.514422718418393,10.473663330078125,4.859375,0.49079216291565025
04723,0.6394318247567753,0.2804187403466621,0.3244675397872925,0.54448401927948,0.5216706395149231,68.26460266113281,4.617645745954533,13.075112342834473,4.12109375,0.4869229831547562
04724,0.7107656619534565,0.4014586709886548,0.2401706576347351,0.45206522941589355,0.6025772094726562,75.48063659667969,6.074643761362808,14.185869216918945,4.9296875,0.7418641312971149
04725,0.6273520233491445,0.2601333167722436,0.31944721937179565,0.38735467195510864,0.6177464127540588,75.01925659179688,5.369835380419273,9.371416091918945,4.9921875,0.3371476642399892
04726,0.8072726939275734,0.38543397560544457,0.2507631778717041,0.5257651805877686,0.5268515348434448,75.2658920288086,3.3700610672235767,9.887601852416992,4.890625,0.4054263185326568
04727,0.8896723083291591,0.4018382631881293,0.18878746032714844,0.36398348212242126,0.3598760962486267,68.48249816894531,3.4655821360757635,14.499696731567383,3.576171875,0.4120636152288726
04728,0.855965967240241,0.3291444740346205,0.3630509376525879,0.5999290943145752,0.5879127979278564,73.1058578491211,5.487060421804167,14.398093223571777,4.05078125,0.3882715105360203
04729,0.685218915306358,0.30588382417307575,0.269414484500885,0.6478502154350281,0.599336564540863,65.17174530029297,5.506958465262149,14.1722412109375,4.0546875,0.48257466887099826
04730,0.7675756480278652,0.3551483420593368,0.30304795503616333,0.521673321723938,0.586032509803772,70.2066650390625,5.618426947735128,4.12512731552124,4.93359375,0.47463412664545374
04731,0.9107659572677126,0.376835839477114,0.26927798986434937,0.5648749470710754,0.5555292963981628,73.9145736694336,4.457132417373354,9.178187370300293,4.14453125,0.47177231625635263
04732,0.8425500025052979,0.40779377100155473,0.3459911346435547,0.5324760675430298,0.505591869354248,71.9454574584961,4.054789783851274,8.386162757873535,3.7421875,0.2887733497478585
04733,0.8854102927443332,0.37893531768746425,0.28376305103302,0.38359394669532776,0.5466154217720032,75.73036193847656,3.7637043839437467,9.872940063476562,3.99609375,0.48442067736087185
04734,0.804696597374361,0.4057593627939037,0.254072904586792,0.5963584184646606,0.5533297657966614,76.65099334716797,4.923479306677553,9.791559219360352,4.171875,0.3591968650599695
04735,0.7822641405507698,0.2800032883533571,0.2755635976791382,0.3733435273170471,0.5494778752326965,75.50845336914062,3.9721685857366498,13.267026901245117,4.8671875,0.33887134595855106
04736,0.7035431506324505,0.42626011200995645,0.22806096076965332,0.42710867524147034,0.5550006628036499,75.33267974853516,6.16312561979139,10.438040733337402,4.9453125,0.5539215150265123
04737,0.7948678891455717,0.39185240359823525,0.29941338300704956,0.524935245513916,0.3457430899143219,68.56187438964844,2.870179591136355,10.217476844787598,3.357421875,0.28574480144603837
04738,0.914826106359396,0.44628272617569387,0.2057000994682312,0.3080107569694519,0.6856551766395569,77.11432647705078,4.313509039494427,14.12298583984375,4.78515625,0.6012979482380375
04739,0.7738738877726278,0.3456977228810669,0.3493502140045166,0.5559435486793518,0.4702739417552948,70.008544921875,4.757919017563149,14.713813781738281,4.48828125,0.46178249693502477
04740,0.7156328667934282,0.3120326210682535,0.3182680010795593,0.489787220954895,0.3173512816429138,67.48514556884766,3.6466616592098835,13.052276611328125,3.79296875,0.22970093046227819
04741,0.42387396394902443,0.16792241021854995,0.4841831922531128,0.6515598297119141,0.48339974880218506,73.06798553466797,7.750259713129699,7.855231761932373,3.642578125,0.11175327511330471
04742,0.8983373944189474,0.3456617089338126,0.3820335865020752,0.6594334840774536,0.523833692073822,71.58135986328125,6.5133231922955925,11.106155395507812,4.17578125,0.16716264072308984
04743,0.8820772034930274,0.3884593837535014,0.29026395082473755,0.5040604472160339,0.35096925497055054,65.03240966796875,7.364159767180844,12.58378791809082,2.595703125,0.1465266010223323
04744,0.9044121334330044,0.36110648225295783,0.3002038598060608,0.5667570233345032,0.48665791749954224,75.84542846679688,4.08200552887509,9.946775436401367,4.89453125,0.49192998118405973
04745,0.728471241251922,0.29893924783027964,0.25432151556015015,0.5990310907363892,0.605242133140564,75.95565032958984,4.512437039835806,11.555021286010742,4.984375,0.6046589488608324
04746,0.814699717200998,0.3501256183791344,0.3528677821159363,0.6280760169029236,0.46970969438552856,73.39568328857422,5.008122750786271,9.819511413574219,3.62109375,0.2963851629550912
04747,0.8271405885062802,0.4104752548200909,0.2268720269203186,0.37373048067092896,0.48663628101348877,74.88674926757812,3.72872595351934,11.707242965698242,4.796875,0.4403165898889236
04748,0.8240507192630047,0.42289949622652434,0.29385823011398315,0.4545358121395111,0.6103070974349976,73.43712615966797,3.8602219038855368,10.47848129272461,4.3515625,0.33535122101648746
04749,0.8252454026806579,0.3332377284274359,0.31302309036254883,0.6002954244613647,0.6015799045562744,75.32425689697266,4.256161120106282,10.247671127319336,4.96484375,0.4511194257998847
04750,0.8958047074077471,0.3807745799451204,0.18344604969024658,0.33395087718963623,0.4988638758659363,74.94660949707031,2.7105456678801696,13.876648902893066,4.59375,0.5046489790378905
04751,0.7865099017451247,0.358239729189106,0.19967502355575562,0.33656591176986694,0.6294860243797302,74.49644470214844,3.436373374739503,13.440274238586426,4.8828125,0.4464021465551913
04752,0.9377348989558528,0.45399838328193765,0.23637515306472778,0.21504393219947815,0.6047572493553162,74.6906967163086,5.897602475499794,9.951380729675293,4.984375,0.6702363827606419
04753,0.8073058310170023,0.41435549634653424,0.2244129776954651,0.352841854095459,0.6172492504119873,74.66698455810547,3.323628580110511,11.0441255569458,4.9375,0.47289719958137766
04754,0.7979258273965457,0.30244376112639587,0.36053913831710815,0.7462601065635681,0.3671712577342987,69.73954010009766,4.982907641364108,11.711722373962402,2.873046875,0.5546106078510106
04755,0.724234497088329,0.3478670197116799,0.31358110904693604,0.5104920268058777,0.5618557929992676,74.47374725341797,5.248674419930422,5.508445739746094,4.96484375,0.35635556903903953
04756,0.8331315787687641,0.38460428391778506,0.20728778839111328,0.4244171380996704,0.4791714549064636,72.02581024169922,3.919535979445711,16.15282440185547,4.41015625,0.48553252168261496
04757,0.7469937135975535,0.30704454238790535,0.24801087379455566,0.4575212001800537,0.645083487033844,75.6760482788086,3.670326374270687,13.740821838378906,4.5625,0.44820822281448164
04758,0.7539085989991001,0.3474478700268645,0.26207906007766724,0.5006611943244934,0.39622291922569275,74.16536712646484,4.036689321193348,9.77874755859375,4.265625,0.37539087185323905
04759,0.8655430853328784,0.4231404284811546,0.22401070594787598,0.414630264043808,0.40119609236717224,67.8152847290039,4.2481917503786715,13.787354469299316,3.466796875,0.5354732290460931
04760,0.8475229267531839,0.33840842200588633,0.23854660987854004,0.4205281734466553,0.45697999000549316,72.44184112548828,3.2756681186231535,13.559107780456543,4.7421875,0.40654544201071147
04761,0.9573165611196571,0.4739919105568999,0.28231120109558105,0.5107941627502441,0.6132774353027344,73.82933044433594,4.195429064445465,6.862579345703125,4.30078125,0.43773524762561
04762,0.5745683836773269,0.2954236520163117,0.24539732933044434,0.6208970546722412,0.48357686400413513,74.6221923828125,3.7208569568399814,7.796046733856201,4.9765625,0.4076368110878566
04763,0.8393281647452199,0.41460853331258996,0.3097999691963196,0.6465990543365479,0.48530638217926025,75.24878692626953,5.411853962096014,9.331753730773926,3.009765625,0.45874933580043353
04764,0.6776694689478323,0.272826256027376,0.27216291427612305,0.3349498212337494,0.5267090201377869,71.7242660522461,7.480325482298814,13.046304702758789,4.20703125,0.6800472175695048
04765,0.7831650208426647,0.28837683712735873,0.3313276767730713,0.5974388122558594,0.5359522104263306,73.09786224365234,5.297835716039773,11.187507629394531,4.6953125,0.29359363213765616
04766,0.6944126367655378,0.30274433235708864,0.30279481410980225,0.5333988666534424,0.29597142338752747,67.05745697021484,4.990002413505096,15.715227127075195,3.30078125,0.40023974056927786
04767,0.8837853316622194,0.3658407889028294,0.32490479946136475,0.5197882056236267,0.4627333879470825,69.8612060546875,5.147991126838901,12.123189926147461,2.875,0.3841724623423245
04768,0.775273333062728,0.3190023082415849,0.24044334888458252,0.48019731044769287,0.5504510402679443,77.31270599365234,3.1670329695041173,11.442117691040039,4.9765625,0.3453306204668568
04769,0.8629678616894728,0.34889553519936695,0.2086905837059021,0.4484008550643921,0.5676678419113159,73.75065612792969,5.2972308222797535,15.145711898803711,4.3984375,0.4437838228473526
04770,0.6110271607539058,0.31724464807646735,0.39769381284713745,0.5973044037818909,0.36597684025764465,72.70355224609375,8.049248532011267,10.818442344665527,2.716796875,0.42597898377682664
04771,0.8654160215316866,0.5262989506014845,0.2735629081726074,0.4682909846305847,0.3546780049800873,66.79110717773438,5.546366004400117,11.698322296142578,3.275390625,0.49590750624024293
04772,0.7873082163261476,0.29785495403472934,0.3265807032585144,0.5844981670379639,0.6569510698318481,72.21290588378906,3.4198723258203407,11.984580993652344,4.98828125,0.08674465718532935
04773,0.8182182329723627,0.3974402559744026,0.21994102001190186,0.4463065266609192,0.4916321635246277,73.8275146484375,3.4642458328414807,11.865900039672852,4.5703125,0.3637030383974709
04774,0.7806208547989999,0.3959688450908685,0.25489509105682373,0.387128084897995,0.4356918931007385,67.77794647216797,4.167819235798617,12.418290138244629,3.943359375,0.5084708917444946
04775,0.7995704318168892,0.3373829656267211,0.21747517585754395,0.4664554297924042,0.4445665776729584,75.16943359375,2.853787739678919,11.556106567382812,4.953125,0.3304010279705044
04776,0.8441134131599104,0.45130210151504574,0.24823999404907227,0.5672881603240967,0.5935998558998108,73.63361358642578,4.475949747345401,5.742156028747559,4.83203125,0.5068882715640717
04777,0.9805842037762841,0.7219635064288434,0.21449220180511475,0.24277107417583466,0.653468132019043,74.29908752441406,7.474752549579977,17.386699676513672,4.2421875,0.8383402250606699
04778,0.8877735603317514,0.38510275509288344,0.2484859824180603,0.48205506801605225,0.5177282691001892,70.12125396728516,3.606027711879256,15.561630249023438,4.81640625,0.4467839716308772
04779,0.7250271736145932,0.3069043107531975,0.39031386375427246,0.6653693318367004,0.3160397708415985,68.12049102783203,6.159287989406117,14.228832244873047,3.669921875,0.4228139381872609
04780,0.7129256669082974,0.3468629200118941,0.20720148086547852,0.4001498222351074,0.712901771068573,73.97514343261719,5.01620378730301,10.518342018127441,4.96484375,0.5166647867066173
04781,0.8443228991449903,0.3250518597134449,0.4120028018951416,0.659065306186676,0.447876900434494,73.59456634521484,5.097049459016946,13.122905731201172,3.29296875,0.4622635979549003
04782,0.7528426742543671,0.36786691474225675,0.25757062435150146,0.3923105001449585,0.6381053924560547,73.55127716064453,4.040132421096946,12.024556159973145,4.96484375,0.4170357789205445
04783,0.8999951034494165,0.40967973741964303,0.2055092453956604,0.3983660638332367,0.6205090880393982,72.75525665283203,3.0832519111088543,10.17992115020752,4.90234375,0.5456889028258517
04784,0.7576244570417818,0.34575182917724356,0.2063213586807251,0.3866928815841675,0.6057977080345154,75.5209732055664,4.816316261533435,11.591808319091797,4.98046875,0.7073733370095622
04785,0.8100790722120844,0.3616237655819977,0.3492640256881714,0.5890011191368103,0.4732835590839386,73.15886688232422,5.343505872168898,8.280863761901855,3.556640625,0.33054243352844487
04786,0.8098264561460903,0.39861365628236795,0.21927911043167114,0.50845867395401,0.5384612679481506,76.37899780273438,3.6129900851433585,12.062748908996582,4.98828125,0.6108821726694905
04787,0.8673999625136389,0.45637100405222875,0.251697838306427,0.4424363970756531,0.5571120977401733,72.63323974609375,4.614872822304423,11.920602798461914,3.98046875,0.5889352518757608
04788,0.4143083509800243,0.20633530775173833,0.3235079050064087,0.44225484132766724,0.41889917850494385,72.39427185058594,5.131941413493648,13.43371295928955,4.06640625,0.34441666443745583
04789,0.7947432352931842,0.3309982486865149,0.34953147172927856,0.6344864368438721,0.4958256781101227,73.22850036621094,6.6167687465559055,7.896965026855469,2.8671875,0.5500188734543334
04790,0.7210849878177384,0.3743691420331651,0.33860647678375244,0.5784846544265747,0.310421347618103,63.34370803833008,4.839581981836618,9.019800186157227,2.435546875,0.39235070581704046
04791,0.8328505295906012,0.4075326383018691,0.18893009424209595,0.31359001994132996,0.6773662567138672,74.5806655883789,5.122795231022393,13.883561134338379,4.87109375,0.6705896311467527
04792,0.843881736859497,0.4068,0.15063321590423584,0.25728222727775574,0.5986813306808472,75.67481231689453,3.98722547045089,14.259060859680176,4.85546875,0.7167547577860022
04793,0.9059051484651934,0.436716018023974,0.28522539138793945,0.3736116290092468,0.5677908658981323,73.2908935546875,5.059225744033391,13.325809478759766,4.0234375,0.5790212044479807
04794,0.9011696907030217,0.396660544331274,0.2746363878250122,0.3912605941295624,0.4881299138069153,72.84475708007812,4.188735951304139,13.543828964233398,3.533203125,0.4846426192854069
04795,0.7331978349625959,0.32769609618309553,0.2177467942237854,0.4355854392051697,0.5474374890327454,74.09895324707031,3.7167725813854315,13.23340892791748,4.91796875,0.3361033262015493
04796,0.7389817625721783,0.39090909090909093,0.3950011134147644,0.7903801798820496,0.5088298916816711,65.20711517333984,5.890662489578336,13.477486610412598,4.11328125,0.48769665259365436
04797,0.7481725062520939,0.39302112029384756,0.24788051843643188,0.4985208213329315,0.6847125291824341,75.59593200683594,6.9242317963109175,10.749892234802246,4.984375,0.7856580889512661
04798,0.7295093833191059,0.32675357753275913,0.34837788343429565,0.5438925623893738,0.45432209968566895,67.66377258300781,4.707090847104066,12.655707359313965,2.783203125,0.35075001058004823
04799,0.885793026653288,0.46696231918566583,0.18640774488449097,0.32478421926498413,0.5552052855491638,75.23876953125,2.90009978320142,12.227642059326172,4.6015625,0.49687781108513146
04800,0.7336007174340284,0.43101343101343104,0.32782697677612305,0.6154307126998901,0.4907364547252655,72.5538558959961,7.898525432762444,9.963602066040039,3.73046875,0.5946915143421687
04801,0.8570140200166749,0.3825435641363271,0.22735106945037842,0.43523672223091125,0.5783220529556274,75.33573913574219,3.2300471784707754,13.121708869934082,4.8359375,0.5199135459135801
04802,0.6459263523440286,0.28372011865294017,0.2124253511428833,0.2850304841995239,0.6677150130271912,76.9009017944336,5.232397795330864,12.854642868041992,4.9921875,0.7614346677668853
04803,0.819825288157941,0.43833412774070546,0.19146525859832764,0.4163801074028015,0.6011796593666077,72.99677276611328,3.991232002063612,12.582768440246582,4.9453125,0.5618741882936356
04804,0.7538745343274427,0.32423476275804514,0.16673606634140015,0.2694370746612549,0.6555458307266235,76.36663818359375,3.742908909232183,12.626175880432129,4.9609375,0.3869706456526987
04805,0.8663552712069262,0.40577831280674137,0.20387667417526245,0.4340857267379761,0.43720754981040955,73.38338470458984,3.239188442537053,12.910475730895996,4.1796875,0.48339325198680133
04806,0.6887434198861587,0.3633119779417728,0.31536924839019775,0.5250365138053894,0.4117080271244049,64.6650390625,4.934472556213607,17.699337005615234,3.130859375,0.6166024748073854
04807,0.8207957011125063,0.42070977601457216,0.21716094017028809,0.4972272515296936,0.6334238648414612,75.6476821899414,4.8566133097629605,10.773893356323242,4.9453125,0.3749856502608419
04808,0.8741935331474452,0.46538072776280326,0.2572786211967468,0.48824799060821533,0.40506407618522644,72.71640014648438,5.543213252997824,14.73335075378418,3.416015625,0.6508017521849818
04809,0.6982651619239274,0.3651986055874699,0.2420644760131836,0.6223896741867065,0.5170308351516724,75.28850555419922,3.6675960369160467,7.724917411804199,4.87109375,0.44929457473195095
04810,0.7844374455363285,0.49841633533256957,0.19619697332382202,0.43800878524780273,0.5428486466407776,72.76119995117188,4.242995769671483,10.55390739440918,4.95703125,0.6209822131082945
04811,0.8349646130298631,0.37735161028327063,0.2782725691795349,0.5198408365249634,0.5456306338310242,74.53572845458984,4.352217467395878,10.075940132141113,4.11328125,0.3968996885049222
04812,0.7933603333919143,0.31063313551263977,0.351706326007843,0.6940115094184875,0.40062400698661804,68.11341094970703,8.579663624506114,13.70348072052002,4.05859375,0.2813949313206348
04813,0.5439304519573219,0.28891245434193474,0.3502196669578552,0.7941465377807617,0.17029090225696564,62.59186553955078,7.847606018831981,13.9483642578125,1.9453125,0.5335033508232728
04814,0.7667974922090032,0.39333396458668685,0.3009895086288452,0.4751180112361908,0.655639111995697,76.1325912475586,4.947745431003679,6.797158241271973,4.9765625,0.38615486873941934
04815,0.7838412903899239,0.3684869291563852,0.22630614042282104,0.5021374821662903,0.42600327730178833,71.26416015625,3.122330535701178,9.232073783874512,4.5546875,0.4527061643011239
04816,0.8206855512759853,0.3489254462723136,0.40576642751693726,0.6233209371566772,0.408857524394989,70.3892822265625,4.876039582556771,8.310795783996582,2.810546875,0.2419970930709842
04817,0.7424082333332831,0.3585524201324163,0.1878451108932495,0.39546316862106323,0.5575076937675476,73.0458755493164,3.519472041830932,10.370866775512695,4.9375,0.42430253277921526
04818,0.8356901433814204,0.41080783016266886,0.3386843204498291,0.5988705158233643,0.3316107988357544,60.60086441040039,4.544562227518851,14.068881034851074,3.869140625,0.5008771803518017
04819,0.7972824341372071,0.3056493423933773,0.3406522870063782,0.6568335890769958,0.35869744420051575,64.94686889648438,5.547705248271331,8.908802032470703,2.314453125,0.3387971541673649
04820,0.7037575463703737,0.33075498420307226,0.25296831130981445,0.5743443965911865,0.34301114082336426,63.09014129638672,5.306883679801247,17.70733642578125,4.23046875,0.5383885873467407
04821,0.8732348234530856,0.446815083304158,0.2676759362220764,0.4809918701648712,0.4912432134151459,77.6837387084961,4.133514459423295,9.78193473815918,3.876953125,0.4685454059153021
04822,0.4391167267571381,0.1760725818852837,0.2995087504386902,0.6425127983093262,0.6428684592247009,73.1337890625,4.450869338740395,12.146066665649414,4.9765625,0.4940881126239484
04823,0.7859286945858296,0.3950792958619265,0.2371562123298645,0.386759489774704,0.5903022885322571,74.41321563720703,4.276806033354721,11.059098243713379,4.91015625,0.4480803437001911
04824,0.7669154352550376,0.42784926470588236,0.3062398433685303,0.6808564066886902,0.551048994064331,74.7366714477539,6.685006784295596,13.444768905639648,4.87109375,0.6825207811306834
04825,0.8617783372875231,0.3568020298869416,0.3725736737251282,0.546210527420044,0.4551524519920349,70.91258239746094,4.364315930306668,12.831064224243164,3.1328125,0.2811581363408107
04826,0.47160363495126206,0.22779684886893758,0.2839585542678833,0.6366367936134338,0.5716018676757812,76.16988372802734,3.9847211363196746,10.720215797424316,4.98046875,0.4188987759770496
04827,0.8934178632348488,0.44118778211849485,0.24937129020690918,0.30439794063568115,0.6303853392601013,71.8012924194336,4.642711905055727,14.00813102722168,4.16796875,0.5630127144590404
04828,0.6843642874150472,0.3132185118120184,0.23719018697738647,0.5280576944351196,0.4958561956882477,72.5051498413086,4.014030727041408,11.484115600585938,4.76171875,0.4811337242436832
04829,0.8812252439787343,0.41991304455537526,0.18913567066192627,0.3616804778575897,0.5494497418403625,76.42750549316406,3.7828060729953927,10.750570297241211,3.939453125,0.4152492209048936
04830,0.8643278074895087,0.5935757897531192,0.3056115508079529,0.6051873564720154,0.5330325365066528,71.7188491821289,10.77875272090426,9.197273254394531,3.755859375,0.6968358737030966
04831,0.7852327983217087,0.4167267483777938,0.2734447121620178,0.38974234461784363,0.3804699182510376,65.39128112792969,4.628618885906225,15.416784286499023,3.513671875,0.47928496346400795
04832,0.8333060827038767,0.37624169913835687,0.24846875667572021,0.3957608640193939,0.3697155714035034,66.3716812133789,4.099411935920004,15.13386344909668,3.5078125,0.40598441805679747
04833,0.7142734852505606,0.3939502203167798,0.35022294521331787,0.6328200101852417,0.42735573649406433,69.60811614990234,6.1805648672802,11.000175476074219,4.453125,0.6732754056657031
04834,0.7515218919352853,0.3166025620649099,0.2854846119880676,0.583581268787384,0.5555194616317749,71.4670181274414,4.310697143678117,12.928505897521973,4.14453125,0.517246826219489
04835,0.7559528762182065,0.35488697260683877,0.2605552673339844,0.48239660263061523,0.381756991147995,70.81454467773438,3.6132208633751537,13.046411514282227,4.0546875,0.43078404241401574
04836,0.7726510668392655,0.38707003729796935,0.22354459762573242,0.5287074446678162,0.5698846578598022,75.53160095214844,2.8636307448961347,10.132354736328125,4.95703125,0.5331699823680142
04837,0.8194210259514423,0.40516611509863754,0.1886688470840454,0.4456717371940613,0.4032582640647888,69.7681655883789,3.501827251223968,12.503657341003418,4.08984375,0.4118199246462204
04838,0.8911391980061006,0.3960249713339279,0.30147260427474976,0.5835322141647339,0.45201703906059265,74.340087890625,5.130233518657104,11.447834968566895,2.998046875,0.5849639024922929
04839,0.7377132491484163,0.30789256460727665,0.2552444338798523,0.42975208163261414,0.6445208191871643,75.87322998046875,5.864431660892632,15.128861427307129,4.2578125,0.6823855350267803
04840,0.8721771252004235,0.34373824746145165,0.3339027762413025,0.6076943874359131,0.2743949592113495,72.68804168701172,6.757798578750841,13.673952102661133,3.2890625,0.2558277791493715
04841,0.8639260226087533,0.33750623002726554,0.22773343324661255,0.46914297342300415,0.5390564799308777,73.3497085571289,3.765088950253951,12.538357734680176,4.1953125,0.4139070669261166
04842,0.8846107448940248,0.3729412549176502,0.2730412483215332,0.47268059849739075,0.3427567481994629,72.02657318115234,4.431199036312056,9.287313461303711,3.689453125,0.2877878800976555
04843,0.8649437905130696,0.34325035417931593,0.5150009393692017,0.775795042514801,0.3841269910335541,69.1281509399414,7.93195935441214,10.189766883850098,2.5859375,0.18001378049807346
04844,0.8558251381596823,0.3732388781686976,0.27645039558410645,0.48331230878829956,0.3576131761074066,71.51992797851562,3.8155293362272626,11.513985633850098,3.412109375,0.29842756369381024
04845,0.6797394872439613,0.38702248713085885,0.37773793935775757,0.6305727362632751,0.40425682067871094,72.06501770019531,5.353209923747964,10.479240417480469,2.548828125,0.5031122196554302
04846,0.8563884882042705,0.43080854170469063,0.2418472170829773,0.4537496864795685,0.5539824366569519,72.84783935546875,3.5174363463300256,15.326261520385742,4.84375,0.6042337253130137
04847,0.7316502772181195,0.33841164170187343,0.33816075325012207,0.5529258251190186,0.6591721177101135,73.77294158935547,7.653821840707816,11.683882713317871,4.73046875,0.6395469023247795
04848,0.7693648748006034,0.30312699425654116,0.285897433757782,0.415077805519104,0.6220929622650146,75.8429946899414,4.534944999605018,15.692038536071777,4.98828125,0.576139328403556
04849,0.6966571794090671,0.26431338786052516,0.34780120849609375,0.6998047828674316,0.28117382526397705,65.3135757446289,5.982530727548627,10.56507682800293,2.89453125,0.1402263846549584
04850,0.7307163886830865,0.34437275985663085,0.25692522525787354,0.3574846684932709,0.42009425163269043,73.80342102050781,4.255040089507861,17.11105728149414,3.95703125,0.56937482964241
04851,0.7304596973920299,0.4363404338863257,0.23924624919891357,0.48515740036964417,0.5537189245223999,67.0433578491211,3.9581361289574373,13.473925590515137,4.515625,0.3003042655376215
04852,0.889204624728095,0.4427170090690357,0.2712309956550598,0.5675710439682007,0.42823418974876404,63.5927619934082,5.749087716747044,16.876705169677734,2.935546875,0.5054115093995545
04853,0.5859726163128653,0.22436723373588696,0.3629528284072876,0.524287223815918,0.5864888429641724,72.36579895019531,5.665426129147257,10.6762113571167,4.08984375,0.1540885738194784
04854,0.7841186993856658,0.3531758044124717,0.22370022535324097,0.3880733847618103,0.5034441351890564,69.49569702148438,4.257040887479516,16.17805290222168,3.943359375,0.4124165939350627
04855,0.8562426561780586,0.3846425452045121,0.35699528455734253,0.5345694422721863,0.41685226559638977,70.78833770751953,3.7970951241848128,8.386817932128906,2.5546875,0.3928821323410458
04856,0.8801005976790868,0.46324435318275153,0.2552758455276489,0.47874173521995544,0.4591078758239746,73.20938873291016,6.373553064864818,12.653404235839844,4.078125,0.7212471499672145
04857,0.7337508617953882,0.35235522539253755,0.21990787982940674,0.441499799489975,0.5659805536270142,75.32415771484375,3.3213797228830706,12.608755111694336,4.84765625,0.6466389849006906
04858,0.7915681487981243,0.331675235826053,0.35434478521347046,0.5750102996826172,0.4545772969722748,71.30326080322266,4.8943138058225,11.404008865356445,3.416015625,0.3160289641562313
04859,0.8168476612082078,0.32804824238858654,0.25656193494796753,0.4059704542160034,0.6185107827186584,72.16798400878906,4.090999340696048,16.324687957763672,4.234375,0.3766407285786009
04860,0.8862775034744974,0.44944443161080183,0.1882920265197754,0.25030380487442017,0.597017765045166,73.670166015625,4.157693240117586,13.750129699707031,4.96875,0.6382893250123662
04861,0.811011465012335,0.36751394132794113,0.2961046099662781,0.5146235823631287,0.44144004583358765,75.79501342773438,6.098538761912513,12.121959686279297,4.48828125,0.3853698759060675
04862,0.8268211282010567,0.34175759445737847,0.19754964113235474,0.4004290699958801,0.48589441180229187,73.86808013916016,3.0207271173925494,15.837181091308594,4.8359375,0.4138968593082126
04863,0.7306455573272936,0.3401532851496823,0.1423293948173523,0.2635781764984131,0.38456490635871887,73.47087860107422,3.0419774976756107,17.156003952026367,4.9140625,0.545989965125765
04864,0.7000886179399362,0.3374350869270716,0.23566067218780518,0.4967643618583679,0.5342366099357605,71.61599731445312,3.0006730601628244,8.84132194519043,4.4609375,0.43972290715370776
04865,0.7382026554344552,0.30149385998227624,0.17240864038467407,0.3704530894756317,0.6442042589187622,69.02487182617188,3.820017162852009,15.791396141052246,4.9296875,0.41356589687506595
04866,0.780150404242965,0.3268795144676668,0.2872035503387451,0.3522096872329712,0.4874187111854553,69.69223022460938,4.262447761573235,14.979247093200684,4.859375,0.3836949453159565
04867,0.762558007847431,0.2862625421926296,0.3315880298614502,0.568850040435791,0.5394201278686523,72.66848754882812,4.471702461601777,9.736061096191406,4.35546875,0.24803481881518744
04868,0.7244770311148692,0.2884748643524874,0.2519591450691223,0.4910042881965637,0.41118159890174866,73.47039031982422,2.6068245791241687,12.165452003479004,4.3671875,0.29283543439990856
04869,0.7407383533184074,0.28789841927960613,0.32317036390304565,0.5786242485046387,0.504921555519104,72.76019287109375,4.161500510681725,11.115941047668457,4.80078125,0.3112898202169711
04870,0.7993468225966852,0.34533649529159854,0.2784733176231384,0.4285171627998352,0.4933190941810608,72.48949432373047,3.9922618672633403,10.055084228515625,4.76171875,0.23684197718170374
04871,0.7685489533547206,0.43175958033253314,0.19532513618469238,0.4596327841281891,0.5787482261657715,77.01822662353516,3.318461957919051,10.938228607177734,4.7109375,0.5654467902041793
04872,0.7776140453937674,0.4128522369101943,0.16462910175323486,0.2918344736099243,0.5235112905502319,75.68071746826172,3.355670037197271,16.11101722717285,4.9765625,0.5797268789001777
04873,0.7218395599255645,0.2969092420463992,0.23514199256896973,0.5122433304786682,0.5316713452339172,70.95974731445312,5.562360009879727,14.516681671142578,3.75,0.43955888715665337
04874,0.7922073466284097,0.38339679086211587,0.3248445391654968,0.6048040986061096,0.5079957246780396,73.977294921875,4.5302207312316956,7.298535346984863,3.92578125,0.41444523781598325
04875,0.5816616070290407,0.2503417095994112,0.2948647737503052,0.8595327734947205,0.5403145551681519,71.87334442138672,5.409352250606643,16.854995727539062,3.94921875,0.382258403226426
04876,0.5518475952525704,0.2514026350627246,0.3505566120147705,0.7031515836715698,0.5890081524848938,70.51780700683594,5.395374652659512,12.981285095214844,3.822265625,0.4504782561793769
04877,0.8752652880434704,0.4002489884842826,0.3298068046569824,0.5471813678741455,0.4112686812877655,62.69126892089844,4.470982028228251,13.625945091247559,2.24609375,0.35495544369648363
04878,0.7823664998088773,0.3262943755193261,0.24164855480194092,0.44577357172966003,0.5361888408660889,73.85679626464844,3.6113780048935116,13.666090965270996,4.8984375,0.454150390559131
04879,0.7581013692619116,0.29515292478762173,0.2303863763809204,0.45173415541648865,0.35202255845069885,70.60599517822266,3.9369693393058247,15.288789749145508,4.03125,0.34274249019469555
04880,0.6922547539835938,0.3683131294855558,0.22602713108062744,0.3854142725467682,0.5332620143890381,69.6397933959961,3.9846292578382903,13.921768188476562,3.68359375,0.5014866386728445
04881,0.9108534172209932,0.38848269673442315,0.422521710395813,0.6376990079879761,0.30629804730415344,70.75948333740234,6.644119358855457,9.586308479309082,2.900390625,0.16786484258307421
04882,0.7290908038756903,0.36155132595365136,0.2544078230857849,0.5784367918968201,0.3818809390068054,72.94969940185547,4.617653155228996,11.764612197875977,4.01171875,0.5528407091714457
04883,0.8152732038359289,0.35027624309392263,0.237077534198761,0.364753782749176,0.6317799091339111,74.13903045654297,6.201054909003633,14.812273979187012,4.91796875,0.7896168164211746
04884,0.8193656754500367,0.3720257949744274,0.23014116287231445,0.48733097314834595,0.5046831369400024,76.65482330322266,4.362596990535544,10.669671058654785,4.72265625,0.35373873102416037
04885,0.8442362432597766,0.5171590404264771,0.3662561774253845,0.43906450271606445,0.460723876953125,73.96558380126953,5.074344764139692,9.24376106262207,3.07421875,0.3611943429931352
04886,0.8628631822710844,0.36161872022194075,0.2835865020751953,0.48649537563323975,0.6247166991233826,76.49629211425781,4.056845947955474,15.055471420288086,4.97265625,0.7281080286516791
04887,0.770078464238399,0.3645311300735925,0.22443163394927979,0.4029195308685303,0.5777559280395508,69.33875274658203,6.18260500703003,12.25724983215332,4.3984375,0.6073655616585486
04888,0.7382510386376124,0.40157857854165896,0.19162064790725708,0.3377898931503296,0.5776853561401367,72.53643798828125,3.8903656420368335,15.350866317749023,4.93359375,0.5277116229276124
04889,0.8795452716926245,0.4176604397876887,0.15886861085891724,0.29095229506492615,0.6349708437919617,74.168212890625,5.002603132906229,13.752323150634766,4.8671875,0.7410175410751303
04890,0.7625358012523703,0.30328425821064553,0.284432590007782,0.5833718776702881,0.5848602652549744,67.8556137084961,3.447297506457363,12.835789680480957,4.2734375,0.40589831902755014
04891,0.6879978591201579,0.2925117004680187,0.2796790599822998,0.5296332836151123,0.468863844871521,74.09867095947266,5.083610868860145,12.821990966796875,3.95703125,0.4359730657443462
04892,0.7737483477704522,0.3185545273515286,0.3938356637954712,0.5469326376914978,0.5138161182403564,72.00806427001953,3.9143875000129964,3.4402313232421875,4.79296875,0.22957457915757243
04893,0.8749364872518269,0.42253717796551,0.2632945775985718,0.39507538080215454,0.63226717710495,71.61148071289062,6.948307672307729,10.74893856048584,4.77734375,0.6085908342886645
04894,0.846175564418535,0.4735164858053363,0.2623084783554077,0.5076728463172913,0.608388364315033,74.8475341796875,3.62995578757263,9.752103805541992,4.9375,0.3811200284632938
04895,0.7920389738588245,0.451645928492676,0.23291516304016113,0.38117149472236633,0.5673351883888245,74.63861846923828,5.612847759726564,10.314459800720215,4.87890625,0.5969459083660178
04896,0.8883893661633097,0.6455940457594413,0.36662739515304565,0.49223971366882324,0.5755547881126404,76.19799041748047,6.0477216563811105,12.351879119873047,3.900390625,0.5589087404532003
04897,0.6774567551702977,0.33094335757451604,0.2259312868118286,0.33704617619514465,0.5993131995201111,73.7666244506836,3.043693310212174,11.356573104858398,4.87109375,0.5215524499666229
04898,0.7762970644792926,0.3481489945155393,0.25231480598449707,0.5978866815567017,0.5504534244537354,76.17525482177734,4.690152924310719,14.260469436645508,4.8671875,0.7504314044298444
04899,0.8821730439766015,0.42927980078201794,0.2643866539001465,0.3753061890602112,0.5012352466583252,74.12047576904297,3.4849305202601473,10.422527313232422,4.1015625,0.37045079324319513
04900,0.6620956696560917,0.31371918886782146,0.29172277450561523,0.5081141591072083,0.3717415928840637,66.68582153320312,4.367385520181048,14.932262420654297,4.16015625,0.45571021024913616
04901,0.8404422009660449,0.33816853578555506,0.27365708351135254,0.43526071310043335,0.5242059826850891,75.24457550048828,3.6525997185463557,11.955049514770508,3.9453125,0.3584260837035879
04902,0.6475234743654694,0.35570469798657717,0.29743409156799316,0.6316299438476562,0.5224351286888123,73.50597381591797,6.3279516654454255,11.56849479675293,4.02734375,0.5701386747500432
04903,0.8758999730758813,0.44093876282250544,0.17791658639907837,0.2863351106643677,0.6733511686325073,75.61564636230469,4.785798936870367,14.20309829711914,4.953125,0.6215171516172094
04904,0.7308295514647528,0.3954288522978619,0.185724675655365,0.3963164687156677,0.5265350937843323,75.4493408203125,3.750147164365394,12.392295837402344,4.96484375,0.475588966012983
04905,0.5124042438372017,0.20784337868620328,0.28985685110092163,0.46415624022483826,0.520513117313385,62.13262939453125,5.775440920589102,14.13638973236084,4.8515625,0.3529833402016468
04906,0.6280832582304808,0.2841139970347592,0.2531665563583374,0.45957595109939575,0.5316009521484375,67.0093994140625,4.870709171482553,11.871221542358398,4.26953125,0.5701430363534521
04907,0.7926794756668034,0.42221667913860483,0.34545087814331055,0.5638326406478882,0.5851259231567383,67.88441467285156,7.259533482833939,7.169374942779541,4.29296875,0.4651221013563211
04908,0.7221541930661365,0.36704666704105127,0.3347317576408386,0.5546802282333374,0.4725295305252075,66.91683959960938,4.277278009053321,9.952622413635254,3.6484375,0.40325925432922677
04909,0.6106562906219378,0.3327242571613302,0.2113046646118164,0.3603549599647522,0.5902280211448669,73.06997680664062,4.187731501745285,12.006353378295898,4.76953125,0.5346435197147041
04910,0.2983160475076493,0.1113676286072773,0.3918555974960327,0.6560748815536499,0.4612961411476135,67.86678314208984,4.691617757416656,10.003316879272461,3.515625,0.2657006959743319
04911,0.4587232201379946,0.15841776140384894,0.38167959451675415,0.6891162991523743,0.4621254503726959,64.04386138916016,6.271295078800849,6.886363983154297,3.7109375,0.39498618455380025
04912,0.7645835591796003,0.3276928640767459,0.385280966758728,0.6170707941055298,0.31667983531951904,73.88321685791016,7.354225541030317,11.722420692443848,2.59765625,0.3133028389290049
04913,0.8746485181635617,0.4491620536818277,0.26325052976608276,0.5142483115196228,0.3899393379688263,75.37248992919922,4.075849698609896,10.326347351074219,3.623046875,0.44837425910681183
04914,0.8615476732153953,0.38204211671458543,0.30291837453842163,0.5530152916908264,0.43236297369003296,71.051513671875,4.255447278718348,11.349899291992188,4.0078125,0.37951532704578356
04915,0.7774391013419935,0.30716435881998794,0.3587956428527832,0.768336296081543,0.39055266976356506,70.87843322753906,5.407675803552027,8.562177658081055,3.306640625,0.3876876512851266
04916,0.5797479963695625,0.33034531934399514,0.20116031169891357,0.4121575355529785,0.5357640385627747,71.53876495361328,4.4898351448164435,17.005634307861328,4.046875,0.6340408796460137
04917,0.8321122359493296,0.3641402366603616,0.34164923429489136,0.5553666949272156,0.5120265483856201,73.71768188476562,4.684437868374856,13.114093780517578,2.458984375,0.6665870079250611
04918,0.8096526701481321,0.3574958228163106,0.2315387725830078,0.5187050104141235,0.5169236063957214,75.45675659179688,4.451271521707876,12.191119194030762,4.79296875,0.5057998918516426
04919,0.8356423738682114,0.3926335748980493,0.182744562625885,0.3502022624015808,0.5966141223907471,73.76708221435547,3.2891519140431846,12.054483413696289,4.9453125,0.41087226535538296
04920,0.870638063482811,0.4411354383167725,0.34289705753326416,0.67682284116745,0.3631269633769989,69.69815826416016,6.312880588112883,5.507499694824219,3.896484375,0.3944019253027897
04921,0.9032796541637622,0.3467077376721165,0.32019394636154175,0.5871925354003906,0.6348157525062561,73.65743255615234,6.178085314388649,12.825958251953125,4.06640625,0.44362686200622925
04922,0.7538980870338635,0.3600526777875329,0.2562016248703003,0.4711202383041382,0.5517417788505554,70.55936431884766,3.2311791453922356,11.870346069335938,4.2265625,0.5082160904773372
04923,0.9036314463971292,0.5192758061610521,0.21028751134872437,0.3621634840965271,0.5424173474311829,72.64027404785156,5.975864981505101,11.228480339050293,4.91015625,0.7014933670176855
04924,0.8393365006942789,0.4014508943964031,0.21067535877227783,0.38648751378059387,0.5216121673583984,74.30374908447266,3.130534881620335,12.756224632263184,4.7578125,0.3642956590326609
04925,0.8532011772592865,0.32860091487225257,0.24676519632339478,0.42924270033836365,0.5892151594161987,74.23225402832031,4.331728083450599,12.946232795715332,4.6875,0.473074838809155
04926,0.7288111299455156,0.297273526824978,0.3050946593284607,0.4728427529335022,0.46481233835220337,72.64334869384766,4.087124823278869,14.259896278381348,3.765625,0.6029864435916673
04927,0.6585774213727553,0.3021456045229158,0.3039743900299072,0.5868697166442871,0.4991924464702606,75.94739532470703,3.709715128445973,8.67930793762207,4.8515625,0.5485247244569772
04928,0.7240721759940283,0.3459377195036291,0.2650582790374756,0.580471932888031,0.39029794931411743,64.90643310546875,3.630122155576479,13.04059886932373,4.1953125,0.48560398335932675
04929,0.8004577186376777,0.41602154156849547,0.3082854747772217,0.32345739006996155,0.5313243269920349,68.08707427978516,9.181464146735232,16.584518432617188,4.71484375,0.8136335551345014
04930,0.5975164947076095,0.22863722001256018,0.2922669053077698,0.5668320059776306,0.5301971435546875,69.62267303466797,6.17216219795913,12.84861946105957,3.69921875,0.3257841121477083
04931,0.7634729739581801,0.3923619557285332,0.26135265827178955,0.4659208655357361,0.5330361127853394,76.64221954345703,5.124135183858569,11.38679027557373,4.09765625,0.5611929159831636
04932,0.7184161764400564,0.3043370426098315,0.3907157778739929,0.6101132035255432,0.46446847915649414,69.14501190185547,5.461930126595976,7.726800441741943,3.03515625,0.16264393583445952
04933,0.8424357451175255,0.59981503501123,0.3804025650024414,0.6063178181648254,0.46552762389183044,72.51667785644531,7.626770847780599,13.10538387298584,4.06640625,0.6906827719594875
04934,0.7987468605020587,0.29836092656620605,0.38214564323425293,0.6261391639709473,0.3415529131889343,68.97478485107422,7.411099685695768,15.857742309570312,1.9873046875,0.3644218186987831
04935,0.8188859535007962,0.4705324423367105,0.29988688230514526,0.5429806709289551,0.4228505790233612,75.57986450195312,5.817365832881816,13.549398422241211,3.876953125,0.5733679814627807
04936,0.9372071053382768,0.3640347812831473,0.47544121742248535,0.7770454287528992,0.46945884823799133,75.92153930664062,6.490784500378114,11.573792457580566,3.833984375,0.1292838561378389
04937,0.7856094231600845,0.36732762292366666,0.24547994136810303,0.47646254301071167,0.4653964042663574,75.2790756225586,3.0785799861800047,9.222431182861328,4.59765625,0.312878164712427
04938,0.7408503324871583,0.3589056120894522,0.2616279125213623,0.5677419304847717,0.48553839325904846,68.53401947021484,3.449786344626782,10.480819702148438,4.48046875,0.378796052734819
04939,0.8945408461176255,0.37022047342452064,0.2470165491104126,0.41011232137680054,0.5415706038475037,75.33806610107422,3.598773307023807,12.679025650024414,4.703125,0.43390773148175354
04940,0.8771803549103341,0.3301779751677635,0.3067503571510315,0.4793241620063782,0.5805327892303467,72.61688995361328,4.794689468930272,14.815101623535156,4.0859375,0.5455410587830458
04941,0.5747455538773338,0.2480402636736148,0.2661705017089844,0.5139607787132263,0.5201645493507385,72.14177703857422,3.896226921913525,9.95492172241211,4.3203125,0.3641989508251726
04942,0.8257920699232539,0.41700710090295434,0.20716947317123413,0.3643987774848938,0.5564212799072266,73.8742446899414,3.5269725285738414,11.941364288330078,4.859375,0.39600424282181845
04943,0.8207924937645872,0.4446706967865097,0.18876254558563232,0.4700263738632202,0.5400969982147217,70.06090545654297,3.767735307476759,14.353495597839355,3.86328125,0.6176316434633087
04944,0.7887917483521305,0.44570858283433135,0.32918059825897217,0.6608312726020813,0.33520010113716125,66.849609375,6.015063734083769,9.59053897857666,3.98828125,0.47274047365588046
04945,0.7891914637542249,0.3763545159770529,0.2913767099380493,0.515781044960022,0.42386507987976074,68.71163940429688,4.363683997568604,14.943499565124512,3.9296875,0.41743379142518083
04946,0.7894370700517505,0.31628931587321013,0.3334249258041382,0.531587541103363,0.6051434278488159,74.09440612792969,5.237309164562698,10.80583667755127,4.55078125,0.518961793714752
04947,0.823720527812125,0.40229885057471265,0.20661044120788574,0.47651389241218567,0.7028659582138062,74.6479263305664,4.03661490310945,7.701056480407715,4.9765625,0.48108561562962954
04948,0.8446159011940851,0.33218940270719066,0.2946586608886719,0.6522651314735413,0.3907768428325653,73.12165069580078,6.691501161325632,13.94332504272461,3.451171875,0.27095577609498467
04949,0.8791949353603808,0.46053104412058293,0.24763309955596924,0.4696171283721924,0.4036995470523834,72.88655090332031,5.489583657679284,12.32176399230957,3.87109375,0.5079577801433084
04950,0.7426869371539832,0.33059964971782824,0.22921866178512573,0.406096488237381,0.4544697105884552,71.73199462890625,3.611649385796933,12.453185081481934,4.65625,0.3503123052492173
04951,0.7838828256206816,0.4171605041315416,0.18743592500686646,0.3647999167442322,0.5279178619384766,73.82035064697266,3.6308979995177126,11.992035865783691,4.86328125,0.5235401018888656
04952,0.8052314533980097,0.3460145968622493,0.26551735401153564,0.5034496188163757,0.531739354133606,72.05640411376953,3.1332186726968714,10.259786605834961,4.92578125,0.3235856400413853
04953,0.7551088107684857,0.33879583521955636,0.20784133672714233,0.4827200770378113,0.5829089879989624,74.96381378173828,2.75073716740973,13.920116424560547,4.81640625,0.4697816820926761
04954,0.8726462953749675,0.386832031848109,0.23442387580871582,0.4759962558746338,0.3634125590324402,70.57135772705078,3.9418043574559967,12.5128173828125,3.18359375,0.3332280229494907
04955,0.8258809160861174,0.33061455008734253,0.41447967290878296,0.6673640012741089,0.33333820104599,70.04513549804688,7.226118389366265,15.898299217224121,2.9140625,0.2605341831251458
04956,0.5974275592956728,0.23203588643392495,0.3097708225250244,0.46987950801849365,0.656291127204895,75.93791961669922,7.108350807279931,11.170347213745117,4.9921875,0.4291408362995254
04957,0.9100229471424688,0.45532651455546813,0.2296791672706604,0.3421027958393097,0.39128315448760986,75.23255157470703,5.39786787526434,10.539645195007324,3.625,0.49370082739560384
04958,0.7472731556236534,0.3167611622962438,0.36538052558898926,0.6484734416007996,0.5280686616897583,73.63043212890625,4.761259189050184,9.13719367980957,4.015625,0.2950108664766327
04959,0.6056464430857063,0.2993463171372734,0.27489984035491943,0.5702191591262817,0.6486330628395081,72.64739227294922,4.680710159542756,11.680366516113281,4.890625,0.5056037387079252
04960,0.7161430262244816,0.3442682308639293,0.36597269773483276,0.5753899216651917,0.6158741116523743,74.9906997680664,6.592503475778042,10.11864185333252,4.95703125,0.553747454344871
04961,0.8579646245358626,0.4617340452580727,0.3292582035064697,0.5049545764923096,0.39278873801231384,69.24642181396484,4.080630935791737,10.220108985900879,4.05078125,0.4490854984680463
04962,0.813763493374481,0.34249471458773784,0.27658718824386597,0.5192662477493286,0.39026930928230286,73.7025375366211,3.861764869858621,9.730779647827148,4.18359375,0.3058083929067824
04963,0.7207059642927252,0.2536576486381943,0.36629199981689453,0.5277418494224548,0.5153687000274658,71.91310119628906,6.296329914850091,11.963935852050781,3.14453125,0.3063960462587906
04964,0.7867424930118584,0.28777313893928463,0.38091617822647095,0.6843562126159668,0.35114920139312744,71.73599243164062,6.722307386051697,10.934809684753418,3.49609375,0.11418286307103276
04965,0.7024178475879584,0.2889270900689198,0.3693503141403198,0.6459214687347412,0.3241402506828308,72.63269805908203,5.7620529798605,9.337020874023438,2.791015625,0.22918493306753523
04966,0.8251349038277908,0.4711972119721197,0.17547845840454102,0.3270716071128845,0.5104550719261169,70.95439147949219,3.7615569014613683,15.990839958190918,4.02734375,0.6810206166348116
04967,0.7921997541833229,0.3136782634552483,0.325122594833374,0.646658182144165,0.44708704948425293,72.48265075683594,6.162334843700337,13.880843162536621,4.01171875,0.24468472694594007
04968,0.4976116376062232,0.2659895039783308,0.33664417266845703,0.5409169793128967,0.455854594707489,68.20193481445312,3.150882538855722,10.15785026550293,3.3203125,0.2538629970095406
04969,0.6454038191558013,0.29554226576748527,0.28375351428985596,0.5300720930099487,0.6246988773345947,74.11319732666016,3.8904735770331627,7.446474552154541,4.4921875,0.257263780674493
04970,0.8330928468076066,0.4248603877768714,0.3829258680343628,0.6136124730110168,0.3540203273296356,69.816650390625,4.982436565444929,12.758211135864258,3.744140625,0.3470312597017655
04971,0.733131617504497,0.31683333333333336,0.26565301418304443,0.4550703167915344,0.5764710903167725,75.61853790283203,3.4802640691807314,12.772236824035645,4.57421875,0.5167025154105566
04972,0.807709609661679,0.3668771643919332,0.23653244972229004,0.39530402421951294,0.6072326898574829,71.5423355102539,7.300136822304072,15.391233444213867,4.12890625,0.7686506637523225
04973,0.7822120879123624,0.3933188902089594,0.2937243580818176,0.3843167722225189,0.6033469438552856,75.87135314941406,6.21944506051258,9.776688575744629,4.97265625,0.6073915163009639
04974,0.6806842634296846,0.3115654774323666,0.2520397901535034,0.5117814540863037,0.5723398923873901,73.2164077758789,5.327200198692322,16.0230655670166,4.74609375,0.5417695787900534
04975,0.7174235242565381,0.292050850053607,0.26127851009368896,0.44912394881248474,0.5765432715415955,73.3605728149414,4.301560069027959,11.779370307922363,4.2734375,0.48765396380667264
04976,0.8246814770590295,0.3805370042251601,0.20746338367462158,0.36827918887138367,0.5443668365478516,75.79805755615234,3.872834496949614,13.944059371948242,4.6015625,0.5060427624887284
04977,0.8148314223990349,0.4632081614933796,0.3779881000518799,0.5602104067802429,0.4509974718093872,66.5167465209961,7.058726370243179,15.856203079223633,4.81640625,0.6144414312101254
04978,0.8547847178582605,0.4753448463125882,0.24496769905090332,0.3686673045158386,0.5209792256355286,73.249267578125,3.343045064983622,10.788583755493164,4.453125,0.5840858275035209
04979,0.773614147003293,0.3189690384772486,0.32320594787597656,0.5494687557220459,0.2450646311044693,65.44751739501953,7.125198643151455,12.317748069763184,2.36328125,0.32527393631361506
04980,0.6869070974231684,0.3346921797004992,0.30503129959106445,0.4910615086555481,0.38275545835494995,68.98821258544922,6.000660752084269,12.004898071289062,3.357421875,0.2969733482905159
04981,0.5147638759022072,0.18457381190154498,0.3568304777145386,0.4871324598789215,0.5641605854034424,75.40785217285156,5.2590301530332075,14.081823348999023,4.828125,0.5841198988576147
04982,0.868144476129713,0.35003832417358405,0.28525102138519287,0.5248045325279236,0.4946482479572296,73.88005828857422,6.3012807159033395,7.0127153396606445,3.689453125,0.34570110802390425
04983,0.8933431921029691,0.35327248668272654,0.3080504536628723,0.37251439690589905,0.5351956486701965,72.04219818115234,5.071802756680061,13.480585098266602,4.125,0.7265579077466895
04984,0.8226995397013099,0.46766927111672146,0.14476704597473145,0.2855498194694519,0.5914139747619629,74.80523681640625,3.7103915787295456,14.081320762634277,4.90234375,0.5061110865802865
04985,0.8006969794374612,0.3724954812906203,0.30886512994766235,0.4773269295692444,0.5941621661186218,74.1098403930664,5.647482594459886,12.937204360961914,4.640625,0.6313447938920319
04986,0.7753161023969601,0.3975350727677986,0.16310107707977295,0.37936121225357056,0.6229241490364075,76.5047378540039,2.7831994537067706,12.123235702514648,4.98828125,0.6029581941682489
04987,0.7185988672519337,0.4426437072676627,0.18149960041046143,0.38453584909439087,0.5958647727966309,73.07213592529297,5.897133762649386,13.188300132751465,4.74609375,0.6202001643205564
04988,0.6846099524209388,0.3210872424375274,0.3650665879249573,0.8375657796859741,0.37927690148353577,63.223934173583984,5.7060463183234065,9.80371379852295,4.4609375,0.4302978082036217
04989,0.7952169900038338,0.35886781384434885,0.19691568613052368,0.5063017010688782,0.4348260760307312,70.99372863769531,4.752452978489988,13.195242881774902,4.1171875,0.38444196304211664
04990,0.9132211427941789,0.41226564226343254,0.2251225709915161,0.3927968740463257,0.5960810780525208,73.8714828491211,3.4143956575576015,10.831319808959961,4.953125,0.33183245585581955
04991,0.8837305908979819,0.3786804102668776,0.23848021030426025,0.5699574947357178,0.28397098183631897,66.96593475341797,5.329659163532644,15.707908630371094,3.001953125,0.46612210831490813
04992,0.7406469405616672,0.3951876253222572,0.21546804904937744,0.3849196434020996,0.5985898971557617,72.42450714111328,3.994563796367015,10.427297592163086,4.76171875,0.47750597674845385
04993,0.6673671705817624,0.275995337709343,0.32283955812454224,0.5361166000366211,0.5433819890022278,72.05667114257812,5.148819648713748,14.622730255126953,4.1484375,0.4106040968640451
04994,0.7582804640639045,0.326753720012147,0.34688639640808105,0.6677322387695312,0.5899512767791748,76.40382385253906,5.283154238518367,9.268717765808105,4.84765625,0.4867906606681968
04995,0.792396698095782,0.3926279981053266,0.2444690465927124,0.5178029537200928,0.5294013023376465,71.27953338623047,3.7358424860909687,11.751694679260254,3.818359375,0.4468296972594078
04996,0.8862832544073448,0.5277991153020952,0.15975451469421387,0.3279743790626526,0.49813565611839294,75.17150115966797,3.7425094623709803,14.591607093811035,4.5,0.6078855979565618
04997,0.7883258873319466,0.3580708189078943,0.3391108512878418,0.3977617025375366,0.4990500807762146,70.39191436767578,4.467269167641941,11.188050270080566,3.99609375,0.5995754068014477
04998,0.792881335721809,0.4151900911749527,0.18441426753997803,0.4115459620952606,0.6415493488311768,73.60968780517578,3.998341218360515,14.041394233703613,4.9296875,0.569195270490779
04999,0.8444792025457668,0.3875857091302779,0.233331561088562,0.257194846868515,0.5981485843658447,75.61031341552734,6.49574919196227,11.644569396972656,4.953125,0.7214632507756669
