sample_id,canny_f1,canny_f1_strict,canny_tol_px,dists,lpips,maniqa,musiq,niqe,psnr,qalign,ssim
00000,0.7440738899169212,0.34441237485343196,1,0.32518404722213745,0.7509353160858154,0.4290907084941864,69.36258697509766,6.509285860192548,15.994482040405273,3.818359375,0.5195927929618321
00001,0.48744224323922286,0.27082077051926295,1,0.2417042851448059,0.48941105604171753,0.4061782658100128,61.58258819580078,5.225827525993301,18.816354751586914,4.41015625,0.5805083861120919
00002,0.8521256948137126,0.40262971353913296,1,0.23636198043823242,0.516101062297821,0.47170621156692505,74.93267059326172,4.54110025422356,12.209356307983398,4.15625,0.4001659368868836
00003,0.6611852721721703,0.2911624495782912,1,0.3121502995491028,0.6344339847564697,0.4697725474834442,71.25418853759766,5.116108791336069,13.845298767089844,4.6171875,0.474451269831442
00004,0.5894706925467438,0.2561171358102024,1,0.34134721755981445,0.7143470644950867,0.4842025935649872,67.9710693359375,6.132049668252452,10.646209716796875,3.482421875,0.5309447111780257
00005,0.8177977248693701,0.3966195497718944,1,0.3123873472213745,0.5461461544036865,0.3864668607711792,68.70036315917969,3.7567939994932984,9.087855339050293,3.427734375,0.25610065753862143
00006,0.708245612174401,0.37716035878363596,1,0.2819138765335083,0.5689740180969238,0.3505685329437256,67.63323974609375,4.811032619161973,10.148746490478516,3.142578125,0.4787471266946468
00007,0.9035981029775799,0.40157306905773166,1,0.27812063694000244,0.44798681139945984,0.4109536111354828,74.784912109375,7.572927467971858,15.951709747314453,3.015625,0.3332274461408178
00008,0.8677518944334435,0.42271853276142585,1,0.2059183120727539,0.33301541209220886,0.4380664825439453,74.54756927490234,4.3964743335222565,13.97244930267334,4.5078125,0.458667977487628
00009,0.8906818168256909,0.4078866572139914,1,0.24970144033432007,0.5340954065322876,0.45173224806785583,76.28350830078125,5.0692039136392175,11.154023170471191,4.0625,0.3136756774331204
00010,0.8396844471356251,0.4076184979438713,1,0.2548617124557495,0.4630972146987915,0.4735739529132843,70.16683197021484,3.521765352233767,8.318365097045898,4.67578125,0.2440390476404333
00011,0.8441602951608999,0.5088030773783104,1,0.22560590505599976,0.4556190073490143,0.5018974542617798,75.79805755615234,4.130808753081015,9.647424697875977,4.0546875,0.5005814567785158
00012,0.8673126125004309,0.40806078134154167,1,0.30746614933013916,0.6067708730697632,0.3143301010131836,72.19928741455078,6.000959771370863,11.441307067871094,3.244140625,0.21337216785917698
00013,0.694219282574166,0.3513027253948158,1,0.2574304938316345,0.43569087982177734,0.4896700978279114,73.55393981933594,3.776943068670928,12.456483840942383,3.80078125,0.3717455651034271
00014,0.8741493859006427,0.4023050700719658,1,0.287799596786499,0.5764322876930237,0.45684486627578735,72.25452423095703,6.6611746472835085,13.444000244140625,3.490234375,0.6690433989648701
00015,0.7941066165663085,0.45361244603730555,1,0.22561460733413696,0.35183969140052795,0.46813997626304626,66.28289794921875,4.517086385397304,14.931962966918945,3.587890625,0.5926795866656205
00016,0.8470654312487824,0.40484900652750877,1,0.3542713522911072,0.5165151953697205,0.42378270626068115,69.16010284423828,6.702917921173271,11.694022178649902,3.142578125,0.2764831779687318
00017,0.8059691047032971,0.479888643563406,1,0.3686758279800415,0.6077420711517334,0.27103888988494873,69.55641174316406,7.190429057209437,10.952690124511719,2.61328125,0.5568053181309488
00018,0.7711206195575114,0.3264946242219269,1,0.2322741150856018,0.3124624192714691,0.5775600075721741,76.54639434814453,4.709875805741317,12.43346118927002,4.98046875,0.347759275959638
00019,0.635222963823729,0.3516650615844696,1,0.23932647705078125,0.3985530436038971,0.602458655834198,75.67230987548828,6.170841500715344,11.7863130569458,4.9921875,0.5751514563560791
00020,0.4267330574959973,0.2125753470110048,1,0.3077537417411804,0.476164847612381,0.6248855590820312,75.98948669433594,5.071015717367169,9.736506462097168,4.94921875,0.4533276114355037
00021,0.7647269774930455,0.4107714217018994,1,0.2611294388771057,0.4126441478729248,0.3871796727180481,69.87460327148438,4.364844853014637,10.813680648803711,4.03515625,0.26677085443974624
00022,0.7731147553983405,0.34684554024655545,1,0.248066246509552,0.5468177795410156,0.4748289883136749,76.10541534423828,5.941495655178342,13.667508125305176,3.88671875,0.25639669719876346
00023,0.826926966346251,0.46358732299393124,1,0.1862393021583557,0.29652082920074463,0.5805465579032898,73.208984375,4.4361078550495625,14.17845630645752,4.84765625,0.6076350839250818
00024,0.8764723515848944,0.4638530977548029,1,0.15431636571884155,0.23697368800640106,0.40079110860824585,74.91323852539062,4.199426544919317,14.6712007522583,4.1796875,0.6452861235110002
00025,0.7550036286590076,0.34072123129019743,1,0.36828428506851196,0.827090859413147,0.3914383053779602,70.83448791503906,7.248352701480278,13.288158416748047,3.06640625,0.24908747545128468
00026,0.6105202827873102,0.3553494000201674,1,0.2152290940284729,0.4560595750808716,0.4541528820991516,73.71161651611328,3.96442406256548,10.088973045349121,4.68359375,0.5506227187904339
00027,0.8593716039111375,0.4868200580326127,1,0.19610828161239624,0.423357754945755,0.5710296034812927,75.2912826538086,6.778357190703697,11.896358489990234,4.8046875,0.5789711574236501
00028,0.7831804129601709,0.46192637418053456,1,0.2629792094230652,0.4358772039413452,0.6113286018371582,75.63678741455078,4.521676004532967,13.261713981628418,4.97265625,0.5827625706166794
00029,0.7471607050581512,0.45206402155435094,1,0.23213636875152588,0.566655695438385,0.5134518146514893,74.7408676147461,4.396947478467778,9.152535438537598,4.7890625,0.5385802916659528
00030,0.795699948102866,0.40858416945373466,1,0.39716845750808716,0.6815546751022339,0.40231168270111084,70.78114318847656,8.213668501232739,11.261518478393555,2.5703125,0.2871145057896007
00031,0.8143523650659261,0.4515658174097665,1,0.2844852805137634,0.5347076654434204,0.6048709750175476,74.27149963378906,6.339845391039975,10.281363487243652,4.4609375,0.5240091370702633
00032,0.669142993956444,0.34827111646309994,1,0.24213463068008423,0.43447428941726685,0.3460415303707123,66.06002044677734,4.597168823802959,15.476112365722656,3.98046875,0.3898322943238243
00033,0.6491249367811344,0.3044716127951767,1,0.2846328020095825,0.8178141117095947,0.41345271468162537,68.29957580566406,8.189909688802544,14.111126899719238,3.90234375,0.470881771805089
00034,0.6755984165179438,0.32410148455145493,1,0.26910364627838135,0.3987497091293335,0.4357720613479614,67.99223327636719,5.536929332339665,14.123533248901367,4.2578125,0.4332967951967346
00035,0.6301826120588527,0.2809945339331495,1,0.27802884578704834,0.4923374354839325,0.5042604804039001,73.3594970703125,5.44013829591013,13.180808067321777,3.615234375,0.5006314621541698
00036,0.8348181481072925,0.36987376545228595,1,0.26510530710220337,0.4440310597419739,0.5306844711303711,76.05233764648438,6.964660305164952,13.769902229309082,4.58203125,0.42255068818190533
00037,0.7645110272423216,0.37814164136764045,1,0.31035304069519043,0.525604248046875,0.4155574142932892,75.65199279785156,5.462351876862334,13.661099433898926,3.65625,0.5239740822064762
00038,0.7105036162212313,0.40154136520918526,1,0.2478078007698059,0.47831276059150696,0.5316454172134399,66.72953796386719,6.131130534279354,9.180964469909668,4.19921875,0.5004370863007592
00039,0.7319267257368703,0.3168095219286119,1,0.42109423875808716,0.7245709300041199,0.3892684876918793,66.4475326538086,6.076940506903778,10.843132972717285,3.453125,0.30290272272245516
00040,0.8506854909949209,0.46733595227702607,1,0.255484402179718,0.33295267820358276,0.5233777165412903,73.38726043701172,3.636687619818579,12.380407333374023,2.947265625,0.5023907085156778
00041,0.5493790395200886,0.27747302274073504,1,0.24998903274536133,0.4822678565979004,0.4829014241695404,67.31108093261719,4.437975095470244,15.876011848449707,4.359375,0.4127063906642533
00042,0.7844105254052118,0.36640152083646005,1,0.2820861339569092,0.669119119644165,0.4294068515300751,70.9858627319336,5.922459341040735,12.715519905090332,3.412109375,0.47140197577129656
00043,0.7632587309076773,0.42678868552412647,1,0.2704539895057678,0.5185251235961914,0.4976098835468292,70.44727325439453,5.6727697131945725,11.935155868530273,4.0546875,0.5057839917549682
00044,0.8159265086357238,0.42428626543209874,1,0.2563987374305725,0.4508700370788574,0.5919259190559387,76.11163330078125,5.772937437974168,15.434051513671875,4.40234375,0.6783799150632345
00045,0.7245837993532581,0.3144448365799282,1,0.3319683074951172,0.5576717853546143,0.34253937005996704,70.60989379882812,6.643352622633455,11.808558464050293,2.91796875,0.16810922480055976
00046,0.8064264069923749,0.4395521449238898,1,0.3147795796394348,0.5120007395744324,0.60041743516922,75.40554809570312,5.247933463673745,9.122358322143555,4.98046875,0.4780821274117055
00047,0.8023986121341437,0.46769509498308154,1,0.1952136754989624,0.41709965467453003,0.5404155850410461,74.17228698730469,3.8702047095663916,10.527326583862305,4.9296875,0.49472826295261413
00048,0.46302372140511516,0.21392092381832786,1,0.40215545892715454,0.5348290801048279,0.3223154842853546,64.78045654296875,5.244015318622841,9.613886833190918,3.00390625,0.22946192114603597
00049,0.7371023894009026,0.358479559822794,1,0.26076507568359375,0.537979245185852,0.38472694158554077,75.30870056152344,4.0508042770924595,11.639127731323242,4.5078125,0.39990461278101014
00050,0.9823741996950868,0.7555510448030492,1,0.3514842391014099,0.22347138822078705,0.3566494584083557,65.27913665771484,10.384431494850634,12.450172424316406,3.333984375,0.40434632778369534
00051,0.8326016752241093,0.3916254222641213,1,0.36889487504959106,0.5951679348945618,0.39806923270225525,71.87918853759766,6.127840208410593,11.1533842086792,3.119140625,0.35436164528770503
00052,0.6905158328168418,0.3258351727387714,1,0.24011445045471191,0.6525170803070068,0.4363311529159546,76.68787384033203,4.57884215707775,9.949533462524414,4.73046875,0.3397288345372806
00053,0.18045063886175403,0.09413179717667912,1,0.3273829221725464,0.4676485061645508,0.6013531684875488,77.0341796875,5.632500936653379,9.660618782043457,4.94140625,0.4503703392960094
00054,0.8888369677990152,0.43382123948925566,1,0.46585792303085327,0.8699179291725159,0.306076318025589,66.02095031738281,9.552489853460381,10.821748733520508,2.33203125,0.14114906452486056
00055,0.8641107169047378,0.4457367387033399,1,0.19027411937713623,0.3919481933116913,0.48323750495910645,74.6858901977539,3.815977444142083,14.590240478515625,4.55859375,0.552679638080466
00056,0.8065072824547195,0.46534926470588234,1,0.1671803593635559,0.2910626232624054,0.58161860704422,74.81035614013672,4.311862437221531,13.694786071777344,4.84375,0.6670820980635825
00057,0.7637596562121477,0.5205571781622107,1,0.20541644096374512,0.4002649486064911,0.43761202692985535,69.52981567382812,4.83343232556477,15.378801345825195,4.19921875,0.6204225796436885
00058,0.8032964711035699,0.5080332079077824,1,0.33775126934051514,0.773417592048645,0.5278136134147644,72.85899353027344,6.6964023700751465,7.757988452911377,2.69921875,0.5703878761369394
00059,0.8041333466934711,0.3813192385707599,1,0.27023953199386597,0.47601479291915894,0.4243749976158142,73.87814331054688,4.651288515937174,13.031869888305664,4.19921875,0.25577434757691314
00060,0.8403327403402989,0.42698220907462187,1,0.17708003520965576,0.3470236659049988,0.49630624055862427,74.5042953491211,4.166683698743926,12.06775188446045,4.94140625,0.42691648902077567
00061,0.6898415378104044,0.37392172886588576,1,0.22879111766815186,0.3416908383369446,0.5890591740608215,74.63002014160156,5.469778929271659,9.673089027404785,4.97265625,0.5766856453010482
00062,0.8199885381058106,0.4291713612619072,1,0.30152428150177,0.5442043542861938,0.35332047939300537,74.32659912109375,6.095004467418528,11.298389434814453,3.966796875,0.46809458110660324
00063,0.8298201278429903,0.38498118969434403,1,0.3818567991256714,0.616704523563385,0.32484960556030273,72.09996795654297,5.886283345326101,9.777422904968262,3.3828125,0.17716809607596645
00064,0.8021756121912575,0.4042657001463721,1,0.24530744552612305,0.43786972761154175,0.4333243668079376,73.78575897216797,3.7616991182349184,13.9463472366333,4.73046875,0.5093834812665786
00065,0.5594215838666436,0.24927376798391115,1,0.2631876468658447,0.43102729320526123,0.5195865631103516,74.81346893310547,6.948116656255701,13.3137845993042,4.00390625,0.3100904132613127
00066,0.7991120409030266,0.3735829355608592,1,0.39049768447875977,0.5435110926628113,0.41810911893844604,71.99372863769531,5.992012826820903,10.673212051391602,2.92578125,0.20158439542666015
00067,0.8579670963625916,0.5036517393811263,1,0.28370755910873413,0.5227488279342651,0.5920405983924866,75.69681549072266,5.688445369974429,12.100958824157715,4.765625,0.5908319920318096
00068,0.8213061742688167,0.4541805696600416,1,0.20747053623199463,0.3012566566467285,0.5134672522544861,74.07056427001953,5.479031090643457,18.427621841430664,4.2578125,0.7790645028608204
00069,0.6350957327840526,0.3800144393639275,1,0.24099993705749512,0.39188817143440247,0.4127436876296997,68.34601593017578,3.581704160617689,10.913915634155273,4.578125,0.4079622926592766
00070,0.6103229810833927,0.37464832760237576,1,0.22266584634780884,0.4894959628582001,0.5138053297996521,73.16260528564453,4.688357657942122,12.970782279968262,4.9921875,0.5614244947486046
00071,0.2779261110657523,0.11574528891667411,1,0.3800468444824219,0.6852213740348816,0.29583540558815,67.29475402832031,6.2549578692686225,13.927181243896484,1.701171875,0.4781219682749817
00072,0.8597977284055865,0.5058872470111595,1,0.19419288635253906,0.3530203104019165,0.5314263105392456,75.41948699951172,4.3566060144427805,12.718574523925781,4.8984375,0.5085679072053685
00073,0.8412142793707651,0.40101269913947507,1,0.265369713306427,0.4938974976539612,0.5188890695571899,72.37652587890625,4.648180205322587,10.831445693969727,4.90625,0.35084836001007746
00074,0.8027358989531442,0.37139410282794594,1,0.39882999658584595,0.4926234781742096,0.5010184049606323,71.35140228271484,5.512121840472258,12.121944427490234,4.0078125,0.1960320154013601
00075,0.30042620450129304,0.1422388583460054,1,0.5059963464736938,0.8508098125457764,0.33507975935935974,59.425174713134766,8.139377239709992,7.115023612976074,2.25390625,0.40429992071420306
00076,0.7772278529575177,0.39066213921901527,1,0.2635241150856018,0.5296804308891296,0.46588122844696045,69.19956970214844,5.220903371093459,17.608598709106445,4.76953125,0.5836232135504316
00077,0.8539768238773524,0.44303633777317986,1,0.2193974256515503,0.34674763679504395,0.2913292944431305,64.03885650634766,5.292292390887239,15.89303970336914,3.947265625,0.523589581841579
00078,0.7859763446029833,0.3713729940022694,1,0.23249191045761108,0.41091248393058777,0.5428558588027954,74.43663787841797,5.055898438544429,16.21064567565918,4.796875,0.43095499932407644
00079,0.6152885793507035,0.30456739488295526,1,0.30914920568466187,0.5139056444168091,0.527117908000946,73.5621566772461,4.686570579843816,9.653295516967773,4.45703125,0.4167542646881251
00080,0.674795075263709,0.35093632958801496,1,0.3212084174156189,0.5565809607505798,0.4732286036014557,73.1479263305664,4.711934657366949,9.08598518371582,4.37109375,0.4845292939885659
00081,0.7965625028246169,0.4229846006130212,1,0.24170845746994019,0.5688524842262268,0.48103880882263184,75.23042297363281,5.24162677903737,6.190744400024414,4.8671875,0.43215739735272757
00082,0.8697937353781703,0.4440564989684177,1,0.33043229579925537,0.6123839020729065,0.4145502746105194,71.46825408935547,5.310010817276784,8.808465957641602,3.123046875,0.362765388763515
00083,0.7419276102027559,0.3726466294868436,1,0.24373197555541992,0.3776361048221588,0.4244425296783447,67.77888488769531,5.912506164393765,13.123884201049805,3.931640625,0.41249208574933377
00084,0.7046426882395003,0.4249006622516556,1,0.26588159799575806,0.564165472984314,0.5284249186515808,72.70464324951172,6.6052359212844225,13.716861724853516,4.2734375,0.5536642186127346
00085,0.7755955866151789,0.51645297229445,1,0.2696513533592224,0.4952756464481354,0.560318648815155,72.39204406738281,7.363933835369745,13.283462524414062,4.9296875,0.7530395134678737
00086,0.7610848089475546,0.4551787592008412,1,0.26032519340515137,0.49598178267478943,0.32572242617607117,60.04429626464844,5.205073304243336,12.270711898803711,2.6015625,0.5191543777668195
00087,0.8147174634200812,0.4820779888771016,1,0.26078087091445923,0.4543885588645935,0.4370960295200348,72.38313293457031,3.8505573832215547,10.738492012023926,3.541015625,0.33288692956262345
00088,0.6826696184346971,0.4130057417545734,1,0.23928046226501465,0.358707070350647,0.4826928973197937,64.03582763671875,6.866138655967752,20.217910766601562,4.91796875,0.42716829673477025
00089,0.8239109328447911,0.4206172208863362,1,0.25148242712020874,0.4049604535102844,0.38134273886680603,70.41976165771484,3.433636525519942,11.98514175415039,3.5703125,0.33616542408503153
00090,0.8600598839523695,0.4433013220035464,1,0.185663104057312,0.3829497694969177,0.5229828357696533,75.36522674560547,4.713675267643865,12.011335372924805,4.7578125,0.5082854248725708
00091,0.7910166592050609,0.3797955033014794,1,0.45531463623046875,0.5919610857963562,0.3490908443927765,63.61074447631836,7.387280828357586,11.650156021118164,2.369140625,0.2273324805156757
00092,0.9316004162819589,0.4724530116137562,1,0.1601671576499939,0.3140372037887573,0.5297977924346924,74.13124084472656,5.282447686500403,16.912521362304688,4.95703125,0.6279777642599599
00093,0.7643089324615864,0.43086115326251895,1,0.18209213018417358,0.40652066469192505,0.4295985698699951,73.4661865234375,4.41231004279405,12.182695388793945,4.7421875,0.6151433556201209
00094,0.6922034447063845,0.3475337447940188,1,0.38712823390960693,0.7914174795150757,0.48041510581970215,72.54934692382812,6.492971670798509,8.6474027633667,4.08203125,0.41889837640114747
00095,0.8615221232414403,0.6141131062258768,1,0.27326500415802,0.537078857421875,0.5505194664001465,73.71328735351562,4.250436696987102,6.070601463317871,4.94921875,0.44587888118591523
00096,0.905389660574434,0.40603033882644646,1,0.2680952548980713,0.3588781952857971,0.5097907781600952,72.16143798828125,6.041087112567961,14.13134765625,4.4296875,0.4796226164697884
00097,0.8816815390480485,0.4407943855457668,1,0.27699923515319824,0.4724612236022949,0.37639957666397095,72.93579864501953,3.588519679974563,9.666093826293945,4.25,0.20244112224123081
00098,0.7663066806278614,0.43569724571676427,1,0.2034226655960083,0.38486385345458984,0.4564588963985443,67.62195587158203,3.8140307888930267,13.690971374511719,4.265625,0.5154497195739762
00099,0.8866873345417433,0.42178204876773223,1,0.20385122299194336,0.4151707887649536,0.43384695053100586,75.22488403320312,3.971355493686188,11.4935884475708,4.5,0.4171338260112598
00100,0.8582829944010139,0.5009377223048568,1,0.17412304878234863,0.3654268682003021,0.5702090263366699,70.99935913085938,4.073910154618143,12.7354154586792,4.79296875,0.5599381812487599
00101,0.7158495711466807,0.3397275731441928,1,0.2644275426864624,0.6380244493484497,0.3689174950122833,70.355224609375,5.9304884272615155,12.806835174560547,3.396484375,0.32086083018771183
00102,0.8317329357527949,0.3863627628089326,1,0.23550564050674438,0.4648555517196655,0.43775975704193115,71.24862670898438,4.4012316194090575,9.990604400634766,4.26953125,0.33959859601836373
00103,0.8340112767052384,0.488613490152741,1,0.24412864446640015,0.49485304951667786,0.47809696197509766,72.55070495605469,4.6487730442219375,6.991307258605957,4.11328125,0.33279008561247075
00104,0.573162351280266,0.3119900578159615,1,0.3660597801208496,0.701728105545044,0.29933130741119385,63.52520751953125,6.99889302962355,14.93040657043457,3.2265625,0.45259254417020306
00105,0.7318516753063615,0.43672123819634573,1,0.24872857332229614,0.5482754707336426,0.5843508243560791,74.22203063964844,5.500106755672526,10.530092239379883,4.95703125,0.4370641728589384
00106,0.75786841594794,0.3628411523071401,1,0.28990107774734497,0.6038219928741455,0.4168388843536377,73.38070678710938,4.335224008866277,12.479036331176758,3.734375,0.31001293279695546
00107,0.7118978081189217,0.37194008037997806,1,0.22266942262649536,0.43964388966560364,0.5851938724517822,76.93917083740234,5.181793614340598,12.074651718139648,4.98828125,0.5192183948381306
00108,0.8303036574283218,0.38498340588767727,1,0.26076412200927734,0.5766643285751343,0.40022391080856323,75.01773071289062,5.6179653038948,10.65892219543457,3.525390625,0.5044613205676621
00109,0.7695587776938848,0.44331274895073114,1,0.2187192440032959,0.36578381061553955,0.5348938703536987,71.21171569824219,4.114974335409363,12.968920707702637,4.21875,0.36813572674661416
00110,0.8639567476811244,0.41763138449136794,1,0.43464863300323486,0.665546715259552,0.3371502459049225,67.5080337524414,7.16751885162288,10.356237411499023,2.216796875,0.2672704701993051
00111,0.8527590984701147,0.5426422149025194,1,0.20883941650390625,0.3654964864253998,0.44842246174812317,73.1609878540039,4.184829246816697,14.00071907043457,4.265625,0.5942296718820435
00112,0.685441434853507,0.39071528192867105,1,0.26040273904800415,0.5370274782180786,0.5732696056365967,72.18952941894531,5.816902109185531,11.880796432495117,4.96875,0.521658907307378
00113,0.7688966910587391,0.46289475273232294,1,0.25068122148513794,0.5086369514465332,0.3824361562728882,67.91461944580078,4.742861762096066,10.11076545715332,4.65234375,0.44334083596862417
00114,0.8476983182693111,0.4851019341348667,1,0.14294683933258057,0.11594348400831223,0.6026409268379211,74.67018127441406,7.207292177982347,20.06553840637207,4.76171875,0.8593224856522685
00115,0.5508224729481023,0.26551118747898844,1,0.3064318895339966,0.4919646382331848,0.5818098187446594,69.84794616699219,5.567058042488367,8.633138656616211,4.87109375,0.42989545741182705
00116,0.8716166967645481,0.4117397093402079,1,0.2131771445274353,0.49722737073898315,0.5162497162818909,74.23802947998047,3.963526779915663,13.086148262023926,4.37890625,0.5561222023371628
00117,0.7466562094358896,0.3381972540956424,1,0.30427438020706177,0.48808717727661133,0.49510103464126587,71.1933822631836,6.465181713630791,8.144232749938965,2.67578125,0.4455691284750425
00118,0.7482950441927428,0.367281689202691,1,0.25263530015945435,0.5127164125442505,0.466951847076416,68.47335815429688,5.389895986913864,10.064599990844727,3.478515625,0.4714015291298816
00119,0.7431151893003867,0.460882800608828,1,0.30480825901031494,0.5228250026702881,0.6037258505821228,75.86304473876953,6.981360035045487,6.385690689086914,4.94140625,0.6332686882474845
00120,0.8680408067515789,0.500503690678975,1,0.24713069200515747,0.448556125164032,0.5585033893585205,74.51847076416016,4.035163087169245,9.377182006835938,4.91796875,0.33475627624918525
00121,0.6811437609450681,0.2977073873075645,1,0.317782461643219,0.6695311069488525,0.6295227408409119,74.7372817993164,5.162624924185562,9.918944358825684,4.87890625,0.48456680095298876
00122,0.7743904440333657,0.38099485142092676,1,0.23521095514297485,0.42128002643585205,0.3142823278903961,71.0176773071289,3.3522532329380765,12.30932331085205,3.89453125,0.3340520975480471
00123,0.44604793753413685,0.2127777011177039,1,0.30299460887908936,0.4956899881362915,0.4216115474700928,74.7161636352539,4.44488730489295,11.08112907409668,4.42578125,0.3095380259233304
00124,0.8147266066710787,0.4180083844705025,1,0.21081393957138062,0.40046724677085876,0.5579342246055603,73.13392639160156,6.4276976664818815,13.833902359008789,3.958984375,0.7614747612636309
00125,0.8041452293511162,0.42220087815587265,1,0.2744407057762146,0.6506199836730957,0.38459739089012146,71.69025421142578,4.065110747882204,9.593659400939941,4.6875,0.4213563667805713
00126,0.7733105060185028,0.4185906141542176,1,0.21300405263900757,0.49558231234550476,0.6511445641517639,75.40274047851562,4.974740568158655,10.064925193786621,4.98828125,0.5053070244579108
00127,0.49905061611282225,0.2585844428871759,1,0.2959410548210144,0.5131059288978577,0.6778830885887146,74.52639770507812,5.974044388374467,9.914678573608398,4.984375,0.53947239782535
00128,0.9127811208697771,0.5969701879455606,1,0.2836191654205322,0.4941602051258087,0.40021538734436035,65.95103454589844,5.4230162724033235,14.611420631408691,3.404296875,0.6855157100226165
00129,0.8256736936421486,0.41259166051980734,1,0.2878878116607666,0.5789742469787598,0.4661863148212433,73.41865539550781,4.892154949594402,11.015216827392578,4.828125,0.43763120148813595
00130,0.5359890601025691,0.28943054664671086,1,0.32450002431869507,0.6070122718811035,0.5709153413772583,75.96235656738281,4.323971301835704,11.107671737670898,4.671875,0.416573184984015
00131,0.7960218453422357,0.4026974423640999,1,0.3093406558036804,0.6658613681793213,0.38553285598754883,70.78929138183594,5.718133361961259,12.139596939086914,4.16015625,0.5099348317035186
00132,0.8822086800746665,0.3924756642988687,1,0.272993803024292,0.591722846031189,0.3489784598350525,66.27848052978516,7.567002432033206,16.991634368896484,3.130859375,0.3577348436590403
00133,0.8636635558458049,0.4287186175415716,1,0.25997090339660645,0.4592990577220917,0.45535004138946533,74.0981674194336,2.895557677504398,9.274486541748047,3.91015625,0.2959578753561087
00134,0.6836011558564756,0.328782912509455,1,0.30620497465133667,0.7150058746337891,0.5146522521972656,72.52571105957031,7.249932371679319,11.271259307861328,3.890625,0.38345849765366846
00135,0.9105363694367384,0.39795383001049317,1,0.24101215600967407,0.48038390278816223,0.48451903462409973,73.67053985595703,6.3239989097950895,14.991473197937012,3.04296875,0.7046721263002161
00136,0.8434332528094749,0.43973103925640267,1,0.12504374980926514,0.26024332642555237,0.5736123323440552,74.59071350097656,3.1834732410997257,15.65310287475586,4.98046875,0.48697519361964103
00137,0.8816275279859417,0.4771885175343389,1,0.21156048774719238,0.38579046726226807,0.5636630058288574,74.67378234863281,3.8877059955087967,11.392279624938965,4.671875,0.4833257285552664
00138,0.8274096487217177,0.44923088438938585,1,0.21332663297653198,0.3536093235015869,0.5350527763366699,72.69623565673828,3.787410017629346,13.610406875610352,4.6484375,0.48779884468647844
00139,0.8579281965793772,0.486645345319388,1,0.2540144920349121,0.46449723839759827,0.4617117941379547,75.20108032226562,4.174585346984052,9.8482084274292,4.39453125,0.5292894400832245
00140,0.9108722456998899,0.4209786428764531,1,0.387961745262146,0.6311813592910767,0.44018885493278503,68.74762725830078,5.088445730402567,11.090373039245605,4.078125,0.19649916040327314
00141,0.5994741911903347,0.2887629839471199,1,0.3916245698928833,0.5993150472640991,0.3174051344394684,70.78423309326172,7.514748668798917,11.673345565795898,2.748046875,0.5027646742364141
00142,0.8175318037961735,0.4549156200941915,1,0.1998477578163147,0.3121747374534607,0.6043105721473694,74.32391357421875,4.269353903287112,16.596750259399414,4.8828125,0.5896978338449795
00143,0.9222821145312227,0.4322032010100635,1,0.38034605979919434,0.6132639646530151,0.35884028673171997,72.42098236083984,9.764650090664666,11.907581329345703,3.478515625,0.2404590548812874
00144,0.6080087565170146,0.2828042328042328,1,0.2873159646987915,0.4861406683921814,0.5677421689033508,76.15221405029297,3.8667659467201028,12.969022750854492,4.93359375,0.44307725880915827
00145,0.8129291881667605,0.3956197326748618,1,0.39144206047058105,0.7282671928405762,0.3650590777397156,70.84671783447266,9.785518310291335,13.891810417175293,3.30859375,0.3902358560665614
00146,0.5975049660258519,0.3074872673616069,1,0.22354185581207275,0.3936559557914734,0.6471285820007324,75.48001098632812,5.65396443821766,12.193412780761719,4.98828125,0.6053173465021373
00147,0.8279934431224378,0.42209864376554507,1,0.21212726831436157,0.4021094739437103,0.4727829396724701,73.76338195800781,4.011521699020248,13.799904823303223,4.81640625,0.3529559730949637
00148,0.8037060664743118,0.4045633601064102,1,0.20303410291671753,0.3372706472873688,0.5281338691711426,73.5975570678711,5.463623470160611,15.104898452758789,4.86328125,0.5308215888220469
00149,0.8002562282450546,0.4103913186451825,1,0.278759241104126,0.5442256331443787,0.5842444896697998,69.87757110595703,5.331834319747213,13.89273738861084,2.84765625,0.6615007055768592
00150,0.6368376382293836,0.2998570128688418,1,0.3827306032180786,0.6672840714454651,0.26038992404937744,63.337562561035156,6.471025610795242,13.393219947814941,2.373046875,0.4163096329080454
00151,0.5297345573161398,0.2822680216544781,1,0.2409273386001587,0.49998199939727783,0.6096115112304688,76.02405548095703,6.19501717186959,12.773375511169434,4.96484375,0.6110304270978026
00152,0.629402246395777,0.30687523120012683,1,0.3416425585746765,0.5189076662063599,0.45822611451148987,72.63967895507812,4.64101349914091,10.573712348937988,4.60546875,0.46088086971881914
00153,0.6503028335861547,0.3097984803435745,1,0.32000571489334106,0.5786230564117432,0.324910044670105,67.16104888916016,6.413423684750858,12.477592468261719,2.7734375,0.27829809595265276
00154,0.5890024983026401,0.27677501642639046,1,0.39558887481689453,0.6465182304382324,0.3943130075931549,67.79857635498047,5.477823920898739,13.361204147338867,3.880859375,0.33051267606313217
00155,0.8556611178365479,0.3934608864131751,1,0.2442396879196167,0.4155181050300598,0.4016202390193939,75.38792419433594,4.197295354748286,13.679422378540039,4.7109375,0.43612377163051735
00156,0.7694640216387097,0.34896759195952415,1,0.294833242893219,0.5311171412467957,0.3168436586856842,69.8646240234375,6.379031758145918,14.422940254211426,2.4296875,0.4388792082253009
00157,0.7788373663921778,0.4107427612253462,1,0.19280284643173218,0.4089755117893219,0.6055365800857544,77.01209259033203,4.863928213006593,13.857023239135742,4.97265625,0.5695800842599643
00158,0.9010040942593044,0.44872373675985416,1,0.24529796838760376,0.490709125995636,0.4968683123588562,73.7308120727539,3.765717430957954,9.936503410339355,4.453125,0.47429521226822097
00159,0.7414074899490404,0.3692563587220182,1,0.20881497859954834,0.42015212774276733,0.47797077894210815,73.71914672851562,4.626988594948912,14.298784255981445,4.3984375,0.4859464735631466
00160,0.7855113987653124,0.4149621650199914,1,0.31571632623672485,0.48467111587524414,0.29323577880859375,71.65006256103516,5.0730976213464025,14.709807395935059,2.6171875,0.5231227361307346
00161,0.882306978334885,0.4512118018967334,1,0.17767274379730225,0.3708038032054901,0.44012755155563354,74.81696319580078,5.32092295634304,13.038919448852539,4.2109375,0.42063195068069537
00162,0.8355637799036763,0.400381912846295,1,0.2664880156517029,0.5094999074935913,0.561799168586731,74.95183563232422,3.899960227663161,11.537896156311035,4.99609375,0.36920442116368934
00163,0.8462966832270455,0.5696765898526357,1,0.24746835231781006,0.525333046913147,0.5468546748161316,75.57010650634766,7.2880669814192025,10.475764274597168,4.41796875,0.8500075035478255
00164,0.8609136040055015,0.4898747143645103,1,0.23423272371292114,0.45908665657043457,0.5423919558525085,71.30247497558594,4.18146062586254,12.737039566040039,3.998046875,0.6584798583004124
00165,0.8513996607612839,0.418848167539267,1,0.3214948773384094,0.6218737959861755,0.43488559126853943,66.23979187011719,5.539710191662534,8.252972602844238,2.380859375,0.28811209406978144
00166,0.7887488958050467,0.4328457446808511,1,0.264973521232605,0.4664556384086609,0.4229888617992401,72.4083023071289,4.244941163917708,13.62289047241211,4.21875,0.6293741833339386
00167,0.5273620759261063,0.28991083650893484,1,0.30157649517059326,0.5070088505744934,0.46314045786857605,67.55313873291016,4.352013593622005,7.276844024658203,3.630859375,0.30105318038233914
00168,0.8365793605771994,0.44562058310643377,1,0.2803525924682617,0.5459651350975037,0.4936664402484894,73.11173248291016,6.391875157134215,14.794665336608887,2.798828125,0.47946716802657546
00169,0.9430029918032361,0.6523315310836285,1,0.32459312677383423,0.4227607250213623,0.445609986782074,69.6610107421875,4.912729113979916,7.624296188354492,2.8828125,0.3975827724011403
00170,0.5842901164324161,0.24552507095553452,1,0.3041834831237793,0.450886607170105,0.5568370223045349,74.99777221679688,7.563102117891963,10.623554229736328,4.9609375,0.3811245554332271
00171,0.805538272825192,0.3768461695415378,1,0.21813064813613892,0.4660091698169708,0.3683937191963196,67.46662139892578,4.797430190894673,14.894099235534668,3.76953125,0.265922606732617
00172,0.7242585352014608,0.38239901914038554,1,0.3066338300704956,0.48072007298469543,0.6465587615966797,76.3432388305664,6.602701219128736,7.61129093170166,4.984375,0.4231719131383913
00173,0.7497489893760034,0.37828543355440925,1,0.34845566749572754,0.425899863243103,0.3298560082912445,66.65042877197266,5.944511405175904,12.145418167114258,3.521484375,0.5158824514175191
00174,0.6536491099100831,0.38896720809071406,1,0.2951394319534302,0.580726683139801,0.4729870855808258,70.6699447631836,5.816416704143875,11.748462677001953,3.666015625,0.5438666245198609
00175,0.8223771451378052,0.478750093146874,1,0.23913264274597168,0.47653472423553467,0.4139161705970764,71.2807846069336,3.5916689036177303,11.02470588684082,3.998046875,0.49696510452621795
00176,0.7610144730087656,0.3961206043412285,1,0.28796881437301636,0.5851638913154602,0.4961807131767273,75.38253021240234,4.8410649233314125,8.51975154876709,4.62109375,0.49807647260871973
00177,0.5614207906483941,0.3192764519995641,1,0.31638234853744507,0.6487448811531067,0.4829481840133667,69.5494384765625,6.446026081374089,10.831197738647461,4.55859375,0.36089783701345807
00178,0.8203025144331628,0.3713377964370816,1,0.32124102115631104,0.5613799095153809,0.46951186656951904,74.3369369506836,5.777346381438398,10.35633659362793,3.59765625,0.23635499155389
00179,0.5079177040086089,0.3065032987747408,1,0.2765452265739441,0.5439164042472839,0.49444350600242615,74.647705078125,6.150248276436839,12.571029663085938,4.71484375,0.6558268916360876
00180,0.831309330197264,0.47168436793067753,1,0.2366466522216797,0.5330211520195007,0.34377485513687134,72.84557342529297,4.849246034556808,12.368985176086426,3.82421875,0.5733924490611688
00181,0.6848123299031922,0.30900381778947617,1,0.522250771522522,0.7072042226791382,0.41133683919906616,71.9658432006836,6.775305348855012,8.44093132019043,2.888671875,0.2541806309440702
00182,0.820874270031517,0.440708944890612,1,0.24281620979309082,0.48559755086898804,0.4504450261592865,72.3204574584961,3.691656654374481,9.801429748535156,3.9140625,0.47139281347100587
00183,0.7709354171999923,0.35708000153039754,1,0.2898825407028198,0.6497883796691895,0.36048758029937744,71.72941589355469,7.61796304521157,11.508768081665039,3.154296875,0.31906272306571576
00184,0.8937440866316303,0.3936443943795577,1,0.332030713558197,0.6152700185775757,0.40734830498695374,69.9171142578125,8.754612728487427,14.015199661254883,2.701171875,0.38404065995967285
00185,0.7638031278379844,0.3882303331303003,1,0.25495707988739014,0.47330671548843384,0.4251495599746704,73.17752075195312,4.162607284907867,10.795517921447754,4.12109375,0.28835268995352714
00186,0.8304131609129172,0.4783795684720388,1,0.19728177785873413,0.3275342285633087,0.5153796672821045,75.46629333496094,3.9497702475413505,13.86271858215332,4.87109375,0.5729513824604316
00187,0.8664654219259694,0.4171751206629633,1,0.4090871810913086,0.7417576313018799,0.3206682503223419,63.89451599121094,8.94972979620517,15.451053619384766,2.8671875,0.34148717306615467
00188,0.8017892493546384,0.40045423574835337,1,0.24242866039276123,0.5128122568130493,0.36720526218414307,67.76998138427734,4.583695239003261,14.974020957946777,4.30859375,0.5483379054102643
00189,0.69888816348563,0.3185322533424417,1,0.3800771236419678,0.6029433012008667,0.5235084891319275,73.48853302001953,6.574420080565178,12.680062294006348,2.556640625,0.3802477687320056
00190,0.872672629437167,0.44849257403729287,1,0.221305251121521,0.4052489697933197,0.5542117953300476,73.19898223876953,4.369038914870555,9.384413719177246,4.8984375,0.41813007248307
00191,0.2890810898915906,0.14785029384472625,1,0.36014020442962646,0.6407250165939331,0.287203848361969,61.80431365966797,7.692752030083357,10.409884452819824,2.66015625,0.43417505855801747
00192,0.8361670567409638,0.437547795054805,1,0.3074820041656494,0.5908678770065308,0.5569425225257874,76.46903991699219,5.6496787296430515,7.385246753692627,4.8125,0.3920108713692561
00193,0.788802658729021,0.5073789649415693,1,0.2245246171951294,0.4131239652633667,0.4939039945602417,74.83197784423828,5.145294210020085,11.488868713378906,4.94921875,0.5564892361649825
00194,0.7464298797547069,0.40181425485961125,1,0.2655092477798462,0.5170357823371887,0.424866646528244,74.64071655273438,4.5827742547731605,10.539159774780273,3.462890625,0.48701111948305964
00195,0.832062423868578,0.4251636339287209,1,0.2535383105278015,0.459302693605423,0.4134635627269745,75.75839233398438,3.478363653519484,10.005172729492188,4.41015625,0.37981696654076424
00196,0.8373205127876349,0.41206904888545043,1,0.23980367183685303,0.5147306323051453,0.3609142005443573,69.49343872070312,5.802923897318017,12.19500732421875,3.322265625,0.4687793207203746
00197,0.8287128887062424,0.41117948439914337,1,0.1959889531135559,0.39577025175094604,0.42192551493644714,73.60855865478516,4.373958371826411,10.771217346191406,4.578125,0.45870071529281636
00198,0.6696745656321655,0.3115848658779431,1,0.2702862620353699,0.3074449300765991,0.5868397951126099,74.01573944091797,6.041947129271132,23.9963436126709,4.77734375,0.8563255955181831
00199,0.8466981482579871,0.41191162343900095,1,0.22158163785934448,0.40348896384239197,0.43121251463890076,70.34477233886719,3.440264979622296,9.608506202697754,4.32421875,0.24393744532317962
00200,0.7339940283139326,0.3743932910192711,1,0.2765768766403198,0.583841860294342,0.3220163583755493,67.33494567871094,6.124273902975412,13.936910629272461,3.953125,0.37401899144133377
00201,0.7716621508163998,0.3539418649608098,1,0.2514990568161011,0.5524592995643616,0.4060373902320862,74.62140655517578,5.196226754191459,14.923964500427246,3.337890625,0.5381939048703708
00202,0.832910895783804,0.3916517677965483,1,0.303197979927063,0.4757462739944458,0.47653308510780334,72.90987396240234,4.744982864226897,10.732908248901367,4.34765625,0.5670032946511635
00203,0.6758442501327678,0.3971229998383708,1,0.2709282636642456,0.5248392820358276,0.5363479256629944,70.47683715820312,6.12657133681101,12.99789047241211,4.09765625,0.6099586935393686
00204,0.8626616296753975,0.46018828785702887,1,0.29346609115600586,0.6201409697532654,0.3724896013736725,73.69303894042969,5.646845806939724,9.039630889892578,3.763671875,0.43357299826884593
00205,0.8224742041392229,0.3750680613268377,1,0.2868483066558838,0.5466065406799316,0.4499351978302002,71.4899673461914,6.239623534843859,14.618882179260254,4.05078125,0.32802828806002904
00206,0.7752498324853639,0.35998072626921895,1,0.2506118416786194,0.4292152523994446,0.36742740869522095,68.16781616210938,7.528306931602185,14.621773719787598,3.099609375,0.4656853276028509
00207,0.8373900592108845,0.5405206512740318,1,0.215287446975708,0.3395424783229828,0.5536845922470093,73.10660552978516,4.687639068770249,14.964512825012207,4.09765625,0.5937780473556407
00208,0.6671058871855609,0.411614424683109,1,0.24357789754867554,0.2989599406719208,0.6030742526054382,72.21116638183594,5.8603377239189385,18.660181045532227,4.6875,0.7497103808939108
00209,0.7850565745388329,0.5077646388374413,1,0.18205773830413818,0.4099223017692566,0.41874364018440247,65.02849578857422,4.796706451293908,18.187423706054688,4.2265625,0.7152842628681754
00210,0.8478663068731579,0.4484654145671095,1,0.20355892181396484,0.37891820073127747,0.5285084247589111,73.855224609375,3.7634683655565664,12.578639030456543,4.890625,0.37992935551563967
00211,0.8756181483437272,0.38772513105023765,1,0.2363123893737793,0.4530141353607178,0.452583909034729,73.05257415771484,5.915453878700323,13.625513076782227,4.14453125,0.3394382025521554
00212,0.6503941611927964,0.3738242299463082,1,0.2400798201560974,0.4407045245170593,0.5629120469093323,74.34803771972656,4.1861418827307855,10.804147720336914,4.9453125,0.544315095033843
00213,0.7696040937848782,0.4060609763548604,1,0.18684715032577515,0.5237492918968201,0.41729050874710083,74.97183990478516,3.6620620737804894,11.225119590759277,4.7109375,0.42780307583694477
00214,0.7511716936087247,0.44728772337950723,1,0.20363140106201172,0.3488730192184448,0.5363455414772034,73.4158935546875,4.419195972641037,12.16821575164795,4.7734375,0.5230629924548362
00215,0.8308053961570615,0.38127884486489594,1,0.41720741987228394,0.6923182010650635,0.3654592037200928,67.50987243652344,8.898301227992695,10.064628601074219,2.515625,0.2022340515303029
00216,0.8508418313995029,0.3863225246271048,1,0.29582715034484863,0.5735434293746948,0.30018362402915955,69.8253173828125,6.943916619015912,12.398521423339844,2.623046875,0.24955108827422112
00217,0.863761078446232,0.3899694286316677,1,0.3182064890861511,0.5120418071746826,0.576704740524292,70.32804107666016,5.33724943929856,11.74634838104248,2.51953125,0.32667498929373806
00218,0.861575065596211,0.5917666272455933,1,0.22561156749725342,0.3098665177822113,0.5671439170837402,76.3914794921875,5.7113126531561145,9.659783363342285,4.45703125,0.6601376959490624
00219,0.5567540264717469,0.2543363866692652,1,0.38019007444381714,0.7115219235420227,0.32209718227386475,69.30781555175781,5.074253375070942,9.860774040222168,2.134765625,0.20571615089589945
00220,0.8122296335856849,0.4762223365928976,1,0.2554241418838501,0.5359271168708801,0.4505763053894043,76.28105926513672,3.8869279246779014,11.107996940612793,3.974609375,0.4765214954346685
00221,0.851086134518993,0.3870831929942742,1,0.2751889228820801,0.44366756081581116,0.5155093669891357,72.64669799804688,7.866268060269307,16.63128662109375,4.23046875,0.6735570756032776
00222,0.817783339619499,0.4786207347793372,1,0.17613720893859863,0.26510676741600037,0.4993574023246765,75.2932357788086,4.343071627356935,13.219949722290039,4.7890625,0.46625133872587027
00223,0.7340372933178515,0.36711021623041235,1,0.20352447032928467,0.39728662371635437,0.5915789604187012,74.0983657836914,6.168095604449539,13.083353996276855,4.82421875,0.4932798066641139
00224,0.829681526531404,0.41282554707511476,1,0.2567610740661621,0.517148494720459,0.3099645674228668,68.85320281982422,4.568109018558692,13.379072189331055,3.859375,0.34861434186283774
00225,0.7593022070849809,0.4184029776294079,1,0.31325697898864746,0.5608112812042236,0.6166097521781921,72.97884368896484,6.001883950840366,9.928040504455566,4.1640625,0.3471772071951099
00226,0.7309269166422487,0.4315655763734519,1,0.1989443302154541,0.37978726625442505,0.5060500502586365,74.61774444580078,4.469854514494473,9.850860595703125,4.93359375,0.6933794429090149
00227,0.8623988294918473,0.620698543626756,1,0.23310887813568115,0.552914559841156,0.4812913239002228,73.0191650390625,6.032682911035135,9.569592475891113,3.759765625,0.5518480743282821
00228,0.8872752805875859,0.40482607548771116,1,0.27396583557128906,0.49072855710983276,0.47302618622779846,74.47428894042969,5.866323060802903,12.588478088378906,4.22265625,0.4131242179218815
00229,0.8554260525639317,0.4623439264889947,1,0.1505630612373352,0.30358007550239563,0.5581024289131165,74.29470825195312,4.370447674294602,11.438480377197266,4.96875,0.41239319275273195
00230,0.8366410340283915,0.457286432160804,1,0.18629664182662964,0.31582778692245483,0.5689768195152283,74.4228744506836,4.8305488061749715,13.538107872009277,4.8515625,0.5305236108489265
00231,0.5488112055284645,0.25436196530087324,1,0.2842915654182434,0.4604819416999817,0.41975826025009155,65.3772964477539,5.229981811477855,15.06702995300293,4.5,0.35329752875355663
00232,0.909692559267304,0.6080465189376081,1,0.22382456064224243,0.2412901520729065,0.5624434947967529,73.94332122802734,10.174115185156783,12.136589050292969,4.00390625,0.8653850267786612
00233,0.8246588634603119,0.45111157571956234,1,0.17941123247146606,0.406715989112854,0.33312487602233887,69.46851348876953,4.477326216389323,16.6434326171875,3.712890625,0.5476575992358114
00234,0.7984258172149168,0.39199024642553665,1,0.24099516868591309,0.7474731802940369,0.4959944188594818,76.11859893798828,5.335664214904716,9.873923301696777,3.90625,0.5589304150423098
00235,0.8889288482831037,0.40346624745413573,1,0.30945128202438354,0.6027500629425049,0.4242664575576782,72.78770446777344,6.517193972252911,12.815661430358887,3.310546875,0.22864523095893344
00236,0.8261329632354413,0.3814495428719753,1,0.17874479293823242,0.30415940284729004,0.43419545888900757,74.17202758789062,5.573918160228957,16.652225494384766,3.931640625,0.6603413360261143
00237,0.8196313026421169,0.45200258541912763,1,0.2655945420265198,0.47643202543258667,0.5604960918426514,75.29517364501953,3.566760391449817,6.065232276916504,4.3515625,0.3456777253677485
00238,0.8092920650097176,0.466108035313482,1,0.37852340936660767,0.5715198516845703,0.42622533440589905,71.95451354980469,5.752002924503999,10.404775619506836,2.93359375,0.3758849285705673
00239,0.8230040898889863,0.37478198886816205,1,0.2612302303314209,0.5548591017723083,0.3911994993686676,72.86023712158203,4.10761968166173,11.726224899291992,4.234375,0.3797294762137069
00240,0.6797625732366164,0.39899655064283474,1,0.29319173097610474,0.4689119756221771,0.5370793342590332,72.07736206054688,5.637152007038458,11.681257247924805,4.76171875,0.495613818979757
00241,0.9165816494404426,0.4837241260843425,1,0.17687571048736572,0.24486100673675537,0.47132474184036255,72.6457748413086,6.898746813692773,12.552040100097656,3.9375,0.799643958112279
00242,0.8532567457763616,0.42217683987595495,1,0.26192009449005127,0.4334372282028198,0.4017960727214813,73.71382904052734,4.6157595174595585,14.262090682983398,3.9453125,0.42973981707449765
00243,0.5624386804421422,0.2843301658282094,1,0.40580326318740845,0.6664472222328186,0.47234460711479187,71.8139419555664,7.372115140490007,9.869804382324219,2.537109375,0.46969316474598777
00244,0.6517406856101841,0.37676004149992587,1,0.2738226652145386,0.49839675426483154,0.3615833818912506,61.25193405151367,5.0272032418723684,16.305282592773438,3.26171875,0.4651608385709596
00245,0.8281951397944525,0.42099698683723635,1,0.20958983898162842,0.43574967980384827,0.4772487282752991,71.65959930419922,6.259202239702158,18.877323150634766,4.6484375,0.7185084216471662
00246,0.2754971496837654,0.1362051282051282,1,0.34720462560653687,0.6186380982398987,0.5102888345718384,74.83425903320312,5.74036539693964,8.264860153198242,4.67578125,0.4306769120635709
00247,0.8554012634284592,0.40636038906424704,1,0.2718406319618225,0.47387832403182983,0.3812297582626343,71.07398986816406,5.709889788949947,15.041894912719727,4.0703125,0.33464698524082775
00248,0.6473803622387702,0.30268842157877823,1,0.3337858319282532,0.621213436126709,0.4289606213569641,63.346134185791016,6.873905707367977,14.038650512695312,3.4453125,0.4994925033741534
00249,0.7661465012916591,0.38973619590439074,1,0.2167404294013977,0.47593018412590027,0.4720650613307953,75.9217529296875,3.658740642815676,10.927730560302734,4.734375,0.4634323876329574
00250,0.8010499725091716,0.4434416626892871,1,0.3990870714187622,0.6094769239425659,0.4014703333377838,68.9665298461914,6.5639218451593715,9.776131629943848,3.271484375,0.26247205985414745
00251,0.8498773504130576,0.44944021495745634,1,0.19726580381393433,0.4621458351612091,0.2783225178718567,71.49903869628906,3.322866596882007,10.712584495544434,3.53125,0.3611625226831388
00252,0.88478412952961,0.38650279667803833,1,0.34139156341552734,0.6279377937316895,0.308339923620224,71.78182983398438,7.080206376654873,10.906261444091797,2.697265625,0.12251808283726183
00253,0.6924880920283322,0.36080350769858266,1,0.28204232454299927,0.562731921672821,0.5053689479827881,73.60408782958984,4.918086302984404,9.855039596557617,4.3515625,0.4371134917655656
00254,0.6465713500468467,0.3064801209565791,1,0.3708137273788452,0.5871127247810364,0.3017399311065674,62.193180084228516,6.983286381829688,13.997095108032227,2.111328125,0.35473392637401713
00255,0.8125608828562456,0.4155405405405405,1,0.25780415534973145,0.5103365182876587,0.41361716389656067,68.69075012207031,5.025200528565761,10.333501815795898,4.62890625,0.41647662363488125
00256,0.7845363494418632,0.4625483925265107,1,0.18587887287139893,0.5225434303283691,0.5473138093948364,74.75483703613281,4.665587232952279,12.322141647338867,4.89453125,0.602522626034922
00257,0.2608695652173913,0.13074178682919577,1,0.25998973846435547,0.46015113592147827,0.5251157879829407,73.0428695678711,4.028568656477315,13.817378997802734,4.94921875,0.524736306654881
00258,0.7600698807968786,0.4604421175101803,1,0.37894725799560547,0.6627175807952881,0.22683680057525635,63.41349411010742,8.212818118698246,10.933866500854492,3.9140625,0.4166402830527006
00259,0.7315043859812832,0.4178366188986688,1,0.19522154331207275,0.40868473052978516,0.605766773223877,75.6934814453125,5.39963186216028,10.264104843139648,4.9453125,0.6650433357390995
00260,0.8040237533403336,0.4079419370985234,1,0.3263724446296692,0.6212073564529419,0.4442857801914215,73.9543228149414,6.1529683674988105,15.4307861328125,3.06640625,0.6030738501081018
00261,0.7309487767507347,0.328464583494337,1,0.33308112621307373,0.5687034726142883,0.4242403209209442,71.25275421142578,6.015394488547777,12.089571952819824,3.423828125,0.15425681599307234
00262,0.8441508936523583,0.3763323438485319,1,0.2985013723373413,0.5939562320709229,0.37548837065696716,71.59908294677734,4.346568444406273,11.418258666992188,3.892578125,0.28362544377567783
00263,0.7682499130942674,0.3620142743854084,1,0.30347007513046265,0.7364757061004639,0.48797065019607544,69.4097900390625,4.838688841109531,6.004143238067627,4.1328125,0.43360480550202346
00264,0.734435303303484,0.4386350322202695,1,0.24749404191970825,0.500269889831543,0.4561300277709961,70.3561782836914,6.597490186751389,13.578786849975586,3.951171875,0.6674666288379781
00265,0.7503535773892105,0.41655906716195545,1,0.2337855100631714,0.4567670226097107,0.276343435049057,69.11967468261719,4.387711096998746,14.728325843811035,2.7265625,0.4385571023580708
00266,0.7044672342512196,0.36779586449626045,1,0.21536308526992798,0.39603152871131897,0.5448607802391052,71.01142883300781,5.500014415058003,13.717304229736328,4.4609375,0.5572544398868989
00267,0.857228785045969,0.44684596577017116,1,0.43314820528030396,0.7009097337722778,0.3141281008720398,66.37281036376953,5.845982627993016,5.484786510467529,2.423828125,0.15768823382703825
00268,0.567283827384291,0.2878168438266558,1,0.29120445251464844,0.610276997089386,0.44492703676223755,73.06463623046875,4.334687484343348,7.8391523361206055,4.66015625,0.4611406471605742
00269,0.8574411741848703,0.45336199689478085,1,0.22497773170471191,0.3844563066959381,0.4704498052597046,74.66496276855469,5.23606270168808,11.059556007385254,4.26953125,0.49547587387805475
00270,0.8101555221092273,0.3636695165930548,1,0.3388458490371704,0.6577636003494263,0.3552548289299011,75.31344604492188,5.5495900882819,12.770482063293457,3.486328125,0.2528117894545159
00271,0.8741541779936628,0.4018708083303918,1,0.2881737947463989,0.37827563285827637,0.4988473653793335,72.87808227539062,7.612478871392151,15.710227966308594,3.34765625,0.6905074392990114
00272,0.8375798273730616,0.5019668446192751,1,0.33072924613952637,0.6533315777778625,0.35351255536079407,70.7866439819336,6.167449877289018,10.547773361206055,3.595703125,0.42467598669620604
00273,0.8589445474985229,0.4269955928755835,1,0.2359853982925415,0.4626729488372803,0.33382660150527954,72.01712799072266,4.0045761262614565,9.30068588256836,3.7421875,0.3642807931625324
00274,0.6731805539443598,0.3260967018892091,1,0.3115866184234619,0.604230523109436,0.42836272716522217,62.00076675415039,6.229167496200338,12.171788215637207,3.63671875,0.6242962981598484
00275,0.8592661489620707,0.43130347257171614,1,0.37573182582855225,0.6517277956008911,0.29959577322006226,64.69087982177734,4.9871075277881,11.03768539428711,2.228515625,0.4052501347299561
00276,0.7544609962177553,0.3339410983034086,1,0.5098687410354614,0.6957514882087708,0.525905430316925,71.58732604980469,7.016443834673941,7.336313724517822,3.10546875,0.4224815279764167
00277,0.039463230061695845,0.016612094640842075,1,0.48456746339797974,0.798639714717865,0.45110589265823364,65.50587463378906,6.993972380987316,8.363557815551758,1.9736328125,0.2017248534641975
00278,0.8119244765591264,0.4351109318273497,1,0.2557966113090515,0.42996832728385925,0.5285121202468872,74.49972534179688,4.541363588210629,9.465475082397461,3.943359375,0.2991483904397067
00279,0.8945383055621056,0.4500117804130998,1,0.2038678526878357,0.2690815031528473,0.5490503907203674,74.97370147705078,5.001811926991265,18.73059844970703,4.80078125,0.7369218600401036
00280,0.8390765605008947,0.4395197286198893,1,0.19582629203796387,0.46464866399765015,0.46249115467071533,72.2102279663086,4.24748211878214,11.757621765136719,4.21484375,0.430098053690561
00281,0.6937235923881616,0.4033534909290819,1,0.25718164443969727,0.4886687099933624,0.534509003162384,75.17487335205078,4.281811322782636,8.958610534667969,4.75,0.40107551892931503
00282,0.8321108717906375,0.3889711794828389,1,0.23987245559692383,0.4255028963088989,0.46264803409576416,73.41336822509766,4.949533240105589,12.872265815734863,4.2890625,0.31663857106946597
00283,0.8528770994945378,0.3978853390618097,1,0.24787890911102295,0.5434263944625854,0.45783308148384094,74.5182113647461,4.953149357111387,12.70932674407959,4.68359375,0.36152448989975106
00284,0.8681711443384003,0.43571954575404054,1,0.1506388783454895,0.2605556845664978,0.5125672221183777,73.35714721679688,4.571618788823147,17.20218849182129,4.93359375,0.7105354675647279
00285,0.7890039875323582,0.3902697686750182,1,0.2674078345298767,0.5791803598403931,0.3786737620830536,72.25202178955078,4.921489809839913,9.317063331604004,4.25390625,0.41432339237663707
00286,0.7747556655365637,0.43186936936936937,1,0.19144117832183838,0.40389180183410645,0.5068674683570862,72.9189682006836,4.613321771376205,16.193035125732422,4.76953125,0.46510916007752723
00287,0.873436420362843,0.4627015416790312,1,0.28396016359329224,0.45459747314453125,0.4507826268672943,73.068359375,5.604746085597348,10.908970832824707,3.546875,0.4225432300242693
00288,0.6445574536735035,0.31523924406915965,1,0.1576421856880188,0.2812902629375458,0.6040434837341309,75.40190124511719,6.437865740468028,14.920945167541504,4.98828125,0.6367241955582671
00289,0.8512285712481052,0.4642707898035938,1,0.19496846199035645,0.35342204570770264,0.5052271485328674,76.44145202636719,5.548835375378967,13.181827545166016,4.76171875,0.5792124288147678
00290,0.8317231183986094,0.40314243594767585,1,0.3412524461746216,0.5819860696792603,0.3102187514305115,69.00473022460938,7.167494547883659,12.516804695129395,3.19140625,0.3925996899302411
00291,0.7635312303878612,0.43571974765819155,1,0.18265146017074585,0.3449417054653168,0.4869132936000824,74.71070861816406,3.979587752140157,15.373066902160645,4.9453125,0.5811430226075621
00292,0.8903694072379588,0.5257976917854719,1,0.24044984579086304,0.3885519206523895,0.526700496673584,69.91252136230469,4.617945606745803,7.087156772613525,3.83984375,0.3724761163077581
00293,0.7498816305462718,0.3564615104198311,1,0.34818822145462036,0.4884156584739685,0.3719201385974884,66.98409271240234,6.220778720809634,15.766877174377441,3.533203125,0.571847201902343
00294,0.9131041375062432,0.48802387572379663,1,0.24079453945159912,0.3011019825935364,0.4011686146259308,70.68476104736328,4.883293604931796,11.480466842651367,4.078125,0.7507498742829359
00295,0.7874186258145358,0.4272124531565293,1,0.23548364639282227,0.40023815631866455,0.5200747847557068,75.14595031738281,5.536618746423919,15.268111228942871,4.02734375,0.7514877817971288
00296,0.6613366192719778,0.41839596186203026,1,0.3713855743408203,0.6110898852348328,0.5660988688468933,73.36375427246094,7.017846367325947,8.965453147888184,4.125,0.5184604111601169
00297,0.8751580254846518,0.41281510712290753,1,0.24740391969680786,0.4882223904132843,0.482731431722641,73.10591125488281,6.452153415608969,13.290355682373047,4.20703125,0.43536109413871493
00298,0.49796746618992765,0.24513537843639638,1,0.36480528116226196,0.6228926181793213,0.4663139283657074,72.01760864257812,5.673106392792336,11.69427490234375,3.771484375,0.3139535963891696
00299,0.8766164161790199,0.3981724002309604,1,0.32019203901290894,0.5622268915176392,0.5072690844535828,74.17589569091797,5.365360905059933,10.067903518676758,3.01171875,0.2138276616684396
00300,0.9178408890261635,0.43319619207784016,1,0.334245502948761,0.5202622413635254,0.41268613934516907,68.38571166992188,5.982746066040391,16.12342071533203,3.814453125,0.3583081216157221
00301,0.8098056342968408,0.36391744608487286,1,0.26554709672927856,0.47710326313972473,0.480703741312027,74.0949935913086,6.528280786263083,14.464773178100586,4.03125,0.2980696802333534
00302,0.7183669244899175,0.35504022868522056,1,0.25258541107177734,0.5013153553009033,0.532411515712738,74.1178970336914,5.3743187063440665,8.568511009216309,4.8203125,0.2482469191812712
00303,0.7796640486910514,0.3969273617537397,1,0.21080374717712402,0.4394563138484955,0.5048269033432007,70.00460815429688,4.7416096513092345,14.07569408416748,4.91015625,0.5500329463708888
00304,0.7617424684205023,0.35792143369977714,1,0.26872044801712036,0.4593859910964966,0.33088618516921997,71.05662536621094,5.425108823939709,12.444352149963379,3.3359375,0.20895859008907136
00305,0.7909707735975421,0.37887424660333024,1,0.25647687911987305,0.48764535784721375,0.4655758738517761,75.07263946533203,3.59720324114569,12.937321662902832,4.6875,0.45106039352601757
00306,0.7271130007658912,0.3531581960435087,1,0.2410295605659485,0.5823983550071716,0.5084392428398132,71.44426727294922,5.605736332061826,11.468382835388184,4.18359375,0.4736584603996039
00307,0.8492459961228023,0.4680451127819549,1,0.22615116834640503,0.42504432797431946,0.5684089660644531,73.95112609863281,4.6227725823176185,14.955108642578125,4.7890625,0.5196169329869467
00308,0.8006649738257656,0.5840763928413331,1,0.28006333112716675,0.5101723670959473,0.5584079027175903,72.39124298095703,5.061913003407248,8.39006233215332,4.24609375,0.4763939394362066
00309,0.8214833777884011,0.4722008234825342,1,0.22162526845932007,0.36393818259239197,0.6325244903564453,75.7259521484375,4.752192701790941,11.149439811706543,4.94921875,0.5428207297152169
00310,0.9125112809590632,0.43706301993221625,1,0.24636733531951904,0.5081025958061218,0.4669010043144226,73.47235870361328,4.780761595717096,14.048920631408691,2.841796875,0.45809425105851465
00311,0.7443442331371494,0.3626878002509103,1,0.3117223381996155,0.5273162722587585,0.4251531958580017,75.9529800415039,6.808529520259588,11.883142471313477,3.974609375,0.2801438251175025
00312,0.7677091843399442,0.4230699474034218,1,0.24064910411834717,0.43459033966064453,0.46118152141571045,74.72547149658203,7.487521443159564,7.044139385223389,4.91796875,0.5683930961190726
00313,0.7788051505913383,0.41378588985931697,1,0.22687691450119019,0.4148681163787842,0.5316436290740967,74.9088363647461,4.951705221423118,12.234798431396484,4.55859375,0.5299832231982058
00314,0.8058118159793073,0.4618054599046858,1,0.21829181909561157,0.3065344989299774,0.3786473572254181,68.2356948852539,5.157935202854229,13.033064842224121,2.736328125,0.554720586749601
00315,0.7338667397829527,0.3361185086551265,1,0.24173736572265625,0.40671032667160034,0.4308435618877411,73.82901763916016,4.66620309268071,15.501032829284668,3.751953125,0.4534527119898072
00316,0.8705295027725866,0.4255580882086906,1,0.27103734016418457,0.5821425318717957,0.5065727233886719,75.03282928466797,4.478358625950848,12.384994506835938,4.11328125,0.5348158505246923
00317,0.7463704803804706,0.3835576573299382,1,0.3588184714317322,0.531420886516571,0.4451235234737396,72.778076171875,5.264573363359085,7.8213019371032715,3.96484375,0.14947531691189037
00318,0.8646851823837621,0.5201418200236366,1,0.26625949144363403,0.41493698954582214,0.513456404209137,72.70686340332031,5.247297164245594,12.944584846496582,4.046875,0.6336913546070537
00319,0.5691893935577284,0.2850152905198777,1,0.21456575393676758,0.2779678404331207,0.5534671545028687,70.42573547363281,7.3130168627058465,14.169678688049316,4.109375,0.7791280050665446
00320,0.7835142542585327,0.38671159188981497,1,0.31217265129089355,0.4826701283454895,0.5562427043914795,70.9943618774414,5.823798860775852,9.315266609191895,4.8515625,0.31673548121391626
00321,0.8001571458440901,0.3998651129678894,1,0.18968462944030762,0.4142895042896271,0.5637018084526062,69.91268157958984,4.69842951914039,12.437423706054688,4.5703125,0.4604110008004719
00322,0.7912248749218215,0.42556907820599504,1,0.2035086750984192,0.37914177775382996,0.4983178377151489,74.42730712890625,3.5621817562165035,11.824370384216309,4.8125,0.39188128042364734
00323,0.8416705457124666,0.41797752808988764,1,0.18588119745254517,0.4482661187648773,0.4676128923892975,74.46240234375,3.9341237603938715,11.503043174743652,4.80859375,0.47227663119125773
00324,0.8078646832224963,0.45056550227452946,1,0.21459192037582397,0.39407071471214294,0.47239118814468384,75.3240966796875,4.096174192671892,14.386150360107422,4.30859375,0.6860169751811312
00325,0.7811862934664792,0.41225249619224913,1,0.2747526168823242,0.5808977484703064,0.541297435760498,77.45780944824219,5.701266254960318,10.906030654907227,4.890625,0.6143940536199781
00326,0.7960216449483803,0.44781625024591776,1,0.24043583869934082,0.44492119550704956,0.363805890083313,63.6030158996582,4.560766777980207,11.562955856323242,3.193359375,0.5231627360273026
00327,0.776679499992881,0.33630395483809583,1,0.47715938091278076,0.8435662984848022,0.3561946451663971,69.90898132324219,9.190513514515837,10.498306274414062,2.833984375,0.10707732129610065
00328,0.7698707328242602,0.3431745341952306,1,0.26161491870880127,0.6108952760696411,0.4670524001121521,73.05878448486328,4.674086957996733,13.11317253112793,3.2578125,0.3399563900492429
00329,0.721384376960267,0.3247068073117998,1,0.19174671173095703,0.3944491147994995,0.5454127788543701,75.87459564208984,5.356445226435314,16.2791805267334,4.2109375,0.4443199106932434
00330,0.7815105934102364,0.34871469137647587,1,0.3274689316749573,0.661663830280304,0.40951427817344666,69.68585968017578,3.422200967119946,8.442733764648438,4.01953125,0.2413689221087695
00331,0.843451886368129,0.4898826730147934,1,0.1947116255760193,0.3080538213253021,0.5949683785438538,72.62350463867188,7.105711556592011,12.587594032287598,4.84375,0.610768231853986
00332,0.4669002702779201,0.26109728951158834,1,0.25598734617233276,0.4140564799308777,0.45221397280693054,74.7801513671875,4.374421774964558,10.317426681518555,4.91796875,0.4865503050565848
00333,0.7920394056533555,0.45403384734158186,1,0.25655287504196167,0.4531644582748413,0.49845895171165466,72.32083129882812,4.5753333920518395,6.99871301651001,4.1484375,0.4672716348097451
00334,0.8095104929194579,0.40130725013906915,1,0.20085138082504272,0.4698677957057953,0.516105055809021,74.96773529052734,4.334870913605977,10.028419494628906,4.546875,0.49881960932838176
00335,0.9021774358236647,0.405405054919404,1,0.22348523139953613,0.4549674987792969,0.48808950185775757,74.35881805419922,3.2465161918438405,12.345197677612305,4.40234375,0.45766546758092486
00336,0.6632906215026498,0.3970817280104927,1,0.2727589011192322,0.5440659523010254,0.3801407814025879,63.97268295288086,4.754033244988316,16.056516647338867,2.9296875,0.6095988749429421
00337,0.8242852431139525,0.4797367911747629,1,0.2247403860092163,0.47210171818733215,0.5222026109695435,70.97425842285156,4.104380055488221,12.768848419189453,3.4375,0.6086783411734632
00338,0.8242890126674421,0.3841897233201581,1,0.16707080602645874,0.4385175108909607,0.4038446247577667,73.48313903808594,5.087029365304748,14.69404125213623,4.48046875,0.44603546109069064
00339,0.7729570439407205,0.3845603434568294,1,0.218555748462677,0.4040553569793701,0.5617668628692627,69.39908599853516,5.479075859505324,16.351531982421875,4.05859375,0.6407631801584629
00340,0.8518665604694804,0.4222528012581089,1,0.2736177444458008,0.4768940508365631,0.4102245271205902,70.05087280273438,4.166463455798161,11.476642608642578,3.25,0.37042249557316886
00341,0.6553079984572232,0.33460441567597016,1,0.34704291820526123,0.709496796131134,0.4512351155281067,75.4615249633789,6.023989286811191,6.140371322631836,3.404296875,0.3035995233263925
00342,0.5062175587853736,0.23910626356753323,1,0.2758239507675171,0.45598673820495605,0.455138623714447,75.1146469116211,3.794302386482716,15.459695816040039,4.296875,0.6509748536043131
00343,0.7666963039814532,0.38812778536380416,1,0.2094104290008545,0.41287723183631897,0.3657964766025543,72.04832458496094,3.72405415288538,13.825758934020996,3.443359375,0.3844920928915468
00344,0.7887355571575828,0.4451252375684339,1,0.21887677907943726,0.453630656003952,0.5752681493759155,75.1242446899414,4.405227351632941,9.36280632019043,4.9375,0.49504460170615566
00345,0.6783888136488225,0.34908111831188754,1,0.27961963415145874,0.4105559289455414,0.5304811000823975,73.32769775390625,5.2364876671502545,9.918802261352539,4.74609375,0.5523403683220083
00346,0.6058648181723294,0.30210793317589435,1,0.3190874457359314,0.5543568730354309,0.4724868834018707,73.17831420898438,5.071745663179618,9.857571601867676,4.890625,0.5944044762911403
00347,0.8516053596458977,0.5638120229007634,1,0.18854832649230957,0.35188624262809753,0.5329391360282898,73.61602783203125,4.742698005765931,10.903512001037598,4.8046875,0.6596381053839026
00348,0.7868669133416216,0.4247170704419295,1,0.24035847187042236,0.4209708869457245,0.5403217673301697,72.01115417480469,5.07798531049113,16.071151733398438,4.84765625,0.5005963420318233
00349,0.7136516932116889,0.3280894978752927,1,0.24405622482299805,0.39527690410614014,0.5418114066123962,75.09130859375,3.7607333513976973,11.442498207092285,4.734375,0.35947565504777224
00350,0.859891739633325,0.5446464005079769,1,0.3191298246383667,0.5439191460609436,0.42061200737953186,61.1784553527832,7.923321024224982,8.831543922424316,3.73046875,0.5866909379276564
00351,0.7788268961816806,0.42322626191316626,1,0.36652880907058716,0.7475167512893677,0.2869497835636139,60.532020568847656,8.958464932307466,11.320613861083984,2.833984375,0.3660696469132809
00352,0.8579132043102425,0.41206743566992016,1,0.2539746165275574,0.449221670627594,0.5098970532417297,75.20944213867188,4.105514190153293,7.7756242752075195,4.31640625,0.42060858045871125
00353,0.9311571112771124,0.6240821509413129,1,0.26303166151046753,0.4237065315246582,0.5329540967941284,71.70577239990234,7.303100923931931,5.551212310791016,4.80859375,0.5447157684760353
00354,0.8646121885090587,0.4189896483542046,1,0.208138108253479,0.4773578643798828,0.4629437327384949,74.18494415283203,4.106467687647551,10.850934028625488,4.4921875,0.4566914209716928
00355,0.6805370213931294,0.39142007202129325,1,0.29959189891815186,0.6641820073127747,0.5522493720054626,72.83988189697266,6.24003197362498,10.230008125305176,4.9296875,0.5808299404944027
00356,0.6817251772139012,0.38876581147716716,1,0.30108994245529175,0.5268733501434326,0.5125254392623901,75.58875274658203,4.125623740236409,10.843048095703125,4.92578125,0.33370755005641056
00357,0.8190792058399855,0.45799060553890625,1,0.16701674461364746,0.28725939989089966,0.37149056792259216,68.5125732421875,3.8125869793284886,15.490055084228516,3.826171875,0.535502306717683
00358,0.8039205341108439,0.36219165681812465,1,0.2876589298248291,0.6433262825012207,0.43430304527282715,72.49007415771484,4.200532530906647,10.579778671264648,4.85546875,0.27794690348212125
00359,0.8407014916035728,0.5079185283074277,1,0.19634521007537842,0.3686072826385498,0.5624257326126099,74.18766784667969,4.023981374492216,11.39113998413086,4.87109375,0.3973245757326683
00360,0.766965392642897,0.5774754346182918,1,0.2969858646392822,0.56522536277771,0.5369118452072144,74.06635284423828,8.281031239754611,10.972338676452637,4.5078125,0.6435897208964164
00361,0.7854253334762852,0.37273560937476513,1,0.27516740560531616,0.4044930934906006,0.4166296720504761,71.09101867675781,5.081635629641393,12.414777755737305,3.58984375,0.5019860483950485
00362,0.8119518612981774,0.446063410668501,1,0.192402184009552,0.342165470123291,0.5205782651901245,75.066650390625,4.141022549068206,14.211526870727539,4.87109375,0.4739790155150667
00363,0.8162905162613355,0.46738257234199526,1,0.3262982964515686,0.4722730219364166,0.5219404101371765,71.86672973632812,4.919303243768674,10.84034538269043,3.8671875,0.30699144113932
00364,0.6954509914461643,0.38306188925081436,1,0.2133769989013672,0.3859424591064453,0.5085465908050537,73.9258041381836,4.253419680601679,11.303853034973145,4.66796875,0.48200437428546294
00365,0.8048470409662312,0.522512158134184,1,0.14516031742095947,0.3503097891807556,0.4777110815048218,73.60344696044922,3.94961780660828,13.160829544067383,4.93359375,0.6375225377366703
00366,0.8747493418138419,0.5014870670231621,1,0.2862668037414551,0.4266171455383301,0.4695221185684204,73.10507202148438,3.9460382149593323,9.800260543823242,3.935546875,0.3665524774605781
00367,0.8289382282743059,0.4317164022935588,1,0.1919909119606018,0.3155537545681,0.5413575172424316,74.86079406738281,4.076374184476377,15.105228424072266,4.7578125,0.530950475662787
00368,0.8001769944362751,0.4629885057471264,1,0.2566625475883484,0.42143023014068604,0.5726619958877563,73.66542053222656,5.353922809580083,9.135810852050781,4.73828125,0.44970021252193254
00369,0.848498725205356,0.44707327321503604,1,0.25894832611083984,0.4743417203426361,0.5076791048049927,74.01151275634766,5.422234290863021,14.296615600585938,3.955078125,0.656843749593343
00370,0.856822465385466,0.49424170944914664,1,0.17317116260528564,0.28531989455223083,0.44719845056533813,70.81183624267578,3.146092512316539,10.339784622192383,3.94921875,0.4112506499014296
00371,0.8825217137072856,0.47586138809359263,1,0.3251398801803589,0.6266239881515503,0.5486517548561096,75.67156982421875,4.82841639898549,8.337423324584961,4.9375,0.4407223789674006
00372,0.8609103263395832,0.5142357299670691,1,0.14896494150161743,0.3032841682434082,0.6098692417144775,75.55461883544922,3.7466347175872428,14.299673080444336,4.97265625,0.46123894435905277
00373,0.878754831169585,0.423557278208441,1,0.3339007496833801,0.6565737724304199,0.3565613031387329,67.25563049316406,5.227286236414534,13.192609786987305,2.716796875,0.158897285221186
00374,0.7535698774678213,0.4691506595695441,1,0.3036249876022339,0.46328267455101013,0.5244038701057434,63.08613204956055,4.731325212903609,14.96847152709961,4.359375,0.586091032369072
00375,0.6962677767501579,0.32786223791339436,1,0.28429287672042847,0.46931618452072144,0.4393923580646515,70.09354400634766,5.848897831213608,12.29539966583252,3.935546875,0.39176967899643206
00376,0.7682172531234899,0.3373456185061753,1,0.3192870020866394,0.440249502658844,0.48729208111763,73.01278686523438,5.383551019029834,12.324562072753906,3.9296875,0.39687605053574787
00377,0.502100766510161,0.2669533112118521,1,0.2869611978530884,0.5300832986831665,0.26990872621536255,67.28648376464844,5.265173714623985,12.046955108642578,3.6953125,0.4034708125330946
00378,0.7500688632965188,0.410870391486127,1,0.34787309169769287,0.700859010219574,0.36199355125427246,66.20867919921875,5.861656954202807,8.443113327026367,3.2109375,0.4866539955668277
00379,0.8407220531440835,0.38580250995120274,1,0.4036300778388977,0.651065468788147,0.37214168906211853,73.10164642333984,9.088696823785362,10.575418472290039,3.068359375,0.13593667506312962
00380,0.7719101492540172,0.4716952028381922,1,0.31661415100097656,0.6518893241882324,0.547685444355011,72.43880462646484,6.554276988789602,12.422575950622559,4.44140625,0.642036128176152
00381,0.7808154016125837,0.361035481222179,1,0.28576523065567017,0.34900957345962524,0.529389500617981,73.89474487304688,7.42095491020147,15.559221267700195,4.30859375,0.689545626811974
00382,0.8166512802413465,0.4659658874420064,1,0.18397945165634155,0.35525307059288025,0.5387740135192871,71.10248565673828,4.0567054835682175,12.354336738586426,4.75,0.5045316336206965
00383,0.9596253462219487,0.7477930191498031,1,0.2381191849708557,0.41887953877449036,0.5002608299255371,76.90592193603516,7.655533636652916,12.978376388549805,4.59375,0.8770782927394754
00384,0.8389099907402514,0.43923335660341434,1,0.2705726623535156,0.5020371675491333,0.5796183347702026,75.82383728027344,4.783219295947479,8.023918151855469,4.9296875,0.42359637174615206
00385,0.7085431998102169,0.37526531767369464,1,0.33892524242401123,0.6182405948638916,0.46545594930648804,72.65303039550781,4.960312963554154,10.672172546386719,4.09375,0.3607172681102235
00386,0.8534713834915787,0.4017600838135149,1,0.22902017831802368,0.4267179071903229,0.48826858401298523,74.94715118408203,6.801306588139969,15.556540489196777,4.2890625,0.5362332160615585
00387,0.6226728229382608,0.3289276468183676,1,0.23277133703231812,0.45755264163017273,0.4123116731643677,68.61653900146484,4.60557687798052,12.943723678588867,4.2421875,0.48798217139151673
00388,0.44177106407588396,0.2400078562309732,1,0.26944392919540405,0.45528310537338257,0.5125203728675842,71.29456329345703,5.936049587816793,9.505189895629883,3.83203125,0.26440593767818293
00389,0.8555167888184372,0.39810483208035036,1,0.26282745599746704,0.5222592949867249,0.44137755036354065,72.7339096069336,4.929790187700432,11.452994346618652,4.15234375,0.3288582827880844
00390,0.9257972941963758,0.7236764416453454,1,0.16011446714401245,0.11010400950908661,0.6723985075950623,74.62150573730469,6.398414065553387,18.82886505126953,4.640625,0.851853499642444
00391,0.733507654687154,0.3561853461467834,1,0.3109700679779053,0.5631218552589417,0.3374658226966858,62.440223693847656,6.151212886418547,15.781530380249023,2.611328125,0.5189023131754514
00392,0.8216335524124074,0.4589885908109775,1,0.25396299362182617,0.4707808196544647,0.509921133518219,74.50360107421875,3.86523877385074,9.925126075744629,4.515625,0.41718805253003566
00393,0.7555889929749918,0.389573188198224,1,0.3138393759727478,0.4912918210029602,0.5060808658599854,72.79560089111328,4.659414127609375,9.374560356140137,4.75390625,0.2974911590224115
00394,0.8656238121206294,0.40619904091222053,1,0.2976645827293396,0.5453824400901794,0.4316819906234741,74.94132232666016,5.815797049451457,11.103830337524414,3.984375,0.30798193578453276
00395,0.8514591883916989,0.42383913312243193,1,0.2587432861328125,0.48663055896759033,0.410988450050354,67.16558837890625,5.135723802647474,13.035202980041504,3.634765625,0.5693943455023732
00396,0.5286385346394122,0.2606083017472497,1,0.23301094770431519,0.4313103258609772,0.389643132686615,66.09586334228516,3.423755210570234,11.036667823791504,3.17578125,0.2578076392293304
00397,0.8879696771855793,0.4459392082385256,1,0.24943697452545166,0.46717578172683716,0.4175235331058502,74.09774780273438,4.602526876461075,12.095794677734375,3.126953125,0.30808971402080804
00398,0.8931272268496421,0.4027005404983512,1,0.2773316502571106,0.4063447117805481,0.48047497868537903,74.13200378417969,5.78926843801315,11.127223014831543,4.578125,0.5668329242514966
00399,0.7927366112343321,0.3696011958784902,1,0.35778528451919556,0.7165884971618652,0.44090959429740906,64.32369232177734,4.4119748353684605,8.694643020629883,2.88671875,0.3574059682922695
00400,0.6750068705547576,0.35562278322553725,1,0.2289687991142273,0.4908643066883087,0.4074711501598358,63.6822624206543,4.382015660405183,12.488166809082031,4.484375,0.5686655960230795
00401,0.8571512099972602,0.4075993091537133,1,0.38846492767333984,0.6394283175468445,0.48632946610450745,71.75053405761719,5.385463589041078,5.197746753692627,4.25,0.04952569391805442
00402,0.8841598618311126,0.43847409826332195,1,0.2873547077178955,0.6813398003578186,0.5872387290000916,72.99883270263672,4.534015661564185,9.571203231811523,4.3046875,0.35536029903469785
00403,0.7521345736959483,0.36367996930161167,1,0.2831416726112366,0.4897209405899048,0.4380391240119934,73.43827056884766,6.219178035838416,15.267668724060059,3.939453125,0.41475710163572027
00404,0.9102964239956735,0.40140933685667546,1,0.37246984243392944,0.7009822130203247,0.4358333945274353,73.16149139404297,5.804542099786524,10.623908996582031,3.63671875,0.2283197666357472
00405,0.804399570893896,0.3715799576644447,1,0.32880210876464844,0.5109149813652039,0.4188365042209625,68.6318130493164,6.676498932810388,10.770462989807129,3.86328125,0.31564019864693144
00406,0.8821072959962615,0.45614035087719296,1,0.23151659965515137,0.5248473882675171,0.4793105721473694,75.27831268310547,4.152743255831118,9.89896011352539,4.26953125,0.4880231984576781
00407,0.814703185173742,0.42564991334488733,1,0.23681068420410156,0.5267458558082581,0.34895679354667664,75.57710266113281,4.205476126251009,11.284890174865723,4.18359375,0.47473888792666574
00408,0.7794080479333214,0.47018443782295477,1,0.23104000091552734,0.34641677141189575,0.5304055213928223,70.5135498046875,4.826462658909774,15.843338012695312,3.025390625,0.6115447075058271
00409,0.633964837915591,0.36866079562708776,1,0.262264609336853,0.5078009963035583,0.48325347900390625,68.35643768310547,6.6736655949844375,10.457975387573242,4.7109375,0.5746583821617088
00410,0.8713649700186946,0.3908374888659779,1,0.29767119884490967,0.5963635444641113,0.413062185049057,74.19801330566406,6.955157232641443,12.590785026550293,3.552734375,0.1552303156178694
00411,0.8784897309338023,0.4097094078641403,1,0.3869686722755432,0.6145039200782776,0.39141568541526794,62.28321075439453,7.026717133405167,12.729382514953613,3.83984375,0.3433650513736804
00412,0.7318111318022651,0.4602864583333333,1,0.3077462315559387,0.6514928936958313,0.344207763671875,68.65033721923828,5.616253003117811,11.21940803527832,4.0078125,0.5041274150528212
00413,0.9191046067236246,0.44505229283990344,1,0.37807053327560425,0.6777976155281067,0.407328724861145,70.60031127929688,6.345791427189424,9.429670333862305,3.046875,0.6560901393078934
00414,0.8489726251746221,0.4247411112929241,1,0.21599066257476807,0.37638333439826965,0.29898276925086975,67.19251251220703,3.1982364409159336,9.96141529083252,3.21484375,0.2886302960671503
00415,0.6148764353402477,0.3406627122110861,1,0.36421340703964233,0.730156421661377,0.3911719024181366,71.57292175292969,6.417456031890489,7.681844711303711,3.759765625,0.40525376443465255
00416,0.7605250462733657,0.3795965663206186,1,0.2420356273651123,0.4381018579006195,0.552395761013031,75.99639892578125,5.15582564459798,10.44406795501709,4.9921875,0.5381036990217671
00417,0.9271872413542529,0.42500230943003264,1,0.24497437477111816,0.4445710778236389,0.44736042618751526,76.02587127685547,5.559090677816054,13.4749755859375,4.02734375,0.3434551926258825
00418,0.6273663517298709,0.34008267357948574,1,0.28586989641189575,0.6053586006164551,0.5231524705886841,69.2127685546875,4.950395115101261,13.381179809570312,4.05859375,0.367639608184244
00419,0.8372225905398148,0.3860981549510876,1,0.24332672357559204,0.48885974287986755,0.4464295506477356,76.85853576660156,4.373840576977107,10.970182418823242,4.67578125,0.5948627670356028
00420,0.4997186204762119,0.23347347705519278,1,0.356075644493103,0.6001211404800415,0.3521536588668823,70.9123306274414,5.682297314611953,11.893251419067383,3.765625,0.2737860009999785
00421,0.7887840222699909,0.35377666248431616,1,0.2581521272659302,0.6025502681732178,0.44497254490852356,75.98117065429688,4.521067643309536,9.892970085144043,4.8359375,0.41191063856050303
00422,0.783906019027319,0.49322349189476483,1,0.22175264358520508,0.4639776349067688,0.5814202427864075,73.29290008544922,5.122721380187984,11.381929397583008,4.859375,0.6016065324390943
00423,0.7428266312068428,0.3499832265127037,1,0.3588103652000427,0.7533848285675049,0.2795970141887665,67.21209716796875,7.478808366993198,11.407459259033203,3.27734375,0.273823430734695
00424,0.6162630550739133,0.30124857761912927,1,0.29593217372894287,0.5936400294303894,0.42081502079963684,75.63520812988281,5.5599755886747,9.363452911376953,3.837890625,0.3444787898964577
00425,0.8794449713276639,0.3887344526869252,1,0.37090879678726196,0.6730595231056213,0.35099488496780396,70.2796401977539,7.857164502317484,12.11361312866211,2.716796875,0.1729622273388247
00426,0.7438900036664791,0.35730599401106433,1,0.300983726978302,0.6273887157440186,0.49503687024116516,68.14203643798828,4.767644418805626,13.783265113830566,4.703125,0.4594653682056168
00427,0.8245540914786643,0.40595207115989684,1,0.2441645860671997,0.4938366711139679,0.5623899102210999,72.19573974609375,4.5078295797803625,10.511759757995605,4.890625,0.4131450598571209
00428,0.8377678312733392,0.39266151421925416,1,0.3106672167778015,0.4597766697406769,0.42309531569480896,70.2228012084961,5.688050138028189,12.900151252746582,3.31640625,0.5583805602116758
00429,0.538279479494115,0.2527342827917224,1,0.34067124128341675,0.6780555248260498,0.45387691259384155,73.0196304321289,5.364693495570925,7.947330951690674,4.6328125,0.2804886066856464
00430,0.7993459798431828,0.42894860031832227,1,0.21992313861846924,0.33562853932380676,0.46490105986595154,74.51227569580078,4.48528070255938,15.139969825744629,3.638671875,0.511089509205696
00431,0.7637722406795432,0.3900972870363047,1,0.19665449857711792,0.3765574097633362,0.42487242817878723,73.26087951660156,3.854749498551495,12.611146926879883,4.74609375,0.41248491507698043
00432,0.8050609583502795,0.4167647977698205,1,0.18958252668380737,0.41325289011001587,0.49103331565856934,74.61627960205078,3.443679197791254,12.20822811126709,4.859375,0.3478684424336696
00433,0.888533062616397,0.5108854557667233,1,0.16781246662139893,0.3679111897945404,0.4189920127391815,71.7303695678711,3.725455101245684,10.281523704528809,4.22265625,0.4852946173481607
00434,0.8062192742859497,0.42299972630234467,1,0.268393337726593,0.5225902199745178,0.5056204199790955,75.03079986572266,4.112368405813005,9.918296813964844,4.9296875,0.3240195400164137
00435,0.8764310155824974,0.4481832502647006,1,0.31153297424316406,0.49530571699142456,0.38999009132385254,70.86759185791016,4.395105421298813,9.605137825012207,2.93359375,0.33376070476776676
00436,0.8089464968338398,0.40576923076923077,1,0.4647386074066162,0.815830409526825,0.46592476963996887,68.56410217285156,7.7997768613640766,9.972136497497559,3.646484375,0.1942605035397492
00437,0.785374092457195,0.446395867574548,1,0.18205106258392334,0.3010701537132263,0.531663715839386,74.28279113769531,4.712991883915504,12.276214599609375,4.90625,0.566361530414427
00438,0.44533955015318943,0.2573493663501118,1,0.39703458547592163,0.5173147916793823,0.39584681391716003,69.1873550415039,6.127547755078998,8.251727104187012,1.423828125,0.38807355362197377
00439,0.708688425344758,0.3767999821949211,1,0.17681336402893066,0.3681180775165558,0.5139066576957703,74.60126495361328,3.2892093035033287,14.40742301940918,4.71484375,0.4363632302772824
00440,0.8622818155698547,0.40368285289299766,1,0.3059654235839844,0.5163370966911316,0.449018657207489,72.87078857421875,4.126509246744646,10.36033821105957,4.015625,0.28699841414119476
00441,0.7810006613570266,0.4815855418027185,1,0.2553395628929138,0.5158828496932983,0.424011766910553,73.9867935180664,5.564963090766279,13.613405227661133,4.0,0.6761090535501145
00442,0.7995243167921698,0.3494940007550853,1,0.25423508882522583,0.5772764682769775,0.4152062237262726,72.44334411621094,6.544406127155237,11.332632064819336,3.982421875,0.28540072083192863
00443,0.5718287723999769,0.2815804117974402,1,0.22562772035598755,0.524250864982605,0.4480883479118347,69.25684356689453,4.292088515669977,11.617154121398926,4.75,0.4034586495238608
00444,0.7920695487363469,0.43397976763705437,1,0.2393580675125122,0.39619702100753784,0.5304257869720459,73.7393798828125,4.067020162321388,11.669602394104004,4.8203125,0.5094757402043041
00445,0.8032692477400316,0.4642324670389102,1,0.26998722553253174,0.5225862860679626,0.42719200253486633,70.06114959716797,4.3068191600788355,13.34368896484375,3.904296875,0.4000026007100816
00446,0.7933475445683771,0.4300382431336192,1,0.2773537039756775,0.547492265701294,0.5133486986160278,73.52629089355469,5.147307840495173,9.834285736083984,4.55078125,0.37273881912499446
00447,0.9583033948828982,0.43541634361916576,1,0.25097745656967163,0.32647114992141724,0.6083252429962158,72.8929214477539,6.087219314580312,17.36394691467285,4.77734375,0.8290245683443698
00448,0.9229265982838812,0.4914970481980791,1,0.4342033267021179,0.6357263922691345,0.5295547842979431,73.16056823730469,5.301683034751853,2.598235607147217,1.9755859375,0.13189338255905628
00449,0.7697998660407911,0.4880482710605709,1,0.23933982849121094,0.4556100070476532,0.4681514799594879,68.99173736572266,3.4688573680432095,12.916656494140625,4.0234375,0.4484889931355979
00450,0.738352616377572,0.3976386253426102,1,0.2808496356010437,0.5857820510864258,0.35603469610214233,67.22858428955078,4.434628332264228,14.330788612365723,3.818359375,0.46873104307277824
00451,0.8680790826403069,0.4339533829605481,1,0.2696983218193054,0.5413151383399963,0.5560636520385742,73.0929183959961,5.181451222954554,11.447811126708984,4.94921875,0.4460592589778837
00452,0.9116076452438523,0.47965324768467993,1,0.232893168926239,0.39161252975463867,0.5933731198310852,74.1105728149414,6.073640207177027,9.175074577331543,4.57421875,0.6122439488246821
00453,0.8488566315275573,0.42682696474405274,1,0.4051138162612915,0.5353639125823975,0.36425116658210754,70.29071807861328,6.7645668709275695,14.272265434265137,2.865234375,0.32722072516834266
00454,0.6601394264543761,0.3587496528527787,1,0.21543723344802856,0.4744982123374939,0.39858654141426086,72.39906311035156,6.625044321428279,13.712686538696289,3.66015625,0.4493156839325091
00455,0.6591673189713981,0.38206292064485836,1,0.2708977460861206,0.5182970762252808,0.594574511051178,70.97119903564453,5.289987653271732,6.234278678894043,4.8828125,0.47993096011916186
00456,0.8041974714356463,0.43444028192266176,1,0.37731701135635376,0.6811777353286743,0.33557701110839844,67.7475357055664,6.925618007685274,11.130069732666016,3.728515625,0.37336765774779934
00457,0.8500093728530147,0.6932207860722764,1,0.21898186206817627,0.382931649684906,0.5592122077941895,75.85604095458984,7.437416080970806,10.422298431396484,4.625,0.7092250209163143
00458,0.8052633114923152,0.4245989757480848,1,0.2735644578933716,0.6012169122695923,0.4656238257884979,70.54229736328125,5.568953114473996,12.742578506469727,4.0703125,0.5589067325239704
00459,0.8213786193514825,0.4395381810816285,1,0.27441221475601196,0.500069797039032,0.37916651368141174,69.73712921142578,4.434225913915132,11.533661842346191,3.294921875,0.3572125927126927
00460,0.8413446575405648,0.43768950297447706,1,0.21657443046569824,0.3745863437652588,0.4679189920425415,74.4664077758789,3.8564745767918978,13.068633079528809,4.1875,0.4998374132408202
00461,0.6489653517116026,0.28468075030912104,1,0.3066849112510681,0.5932753086090088,0.44781598448753357,68.7686767578125,6.230144473522917,11.421895027160645,3.439453125,0.32612296897602644
00462,0.690574328385496,0.2990097740159572,1,0.5282281637191772,0.7608448266983032,0.37031289935112,65.27996063232422,11.022487144406904,13.75532054901123,2.361328125,0.18326190425182606
00463,0.7200488361393798,0.3791930981984268,1,0.403423011302948,0.6494384407997131,0.4390289783477783,68.99507904052734,5.826980335009853,4.774781703948975,2.896484375,0.22550329742525613
00464,0.6860183965434891,0.37219944703975594,1,0.3650283217430115,0.6273571252822876,0.48701998591423035,68.99004364013672,6.462088471524935,8.413688659667969,3.251953125,0.5156399736057663
00465,0.8128014774735673,0.3821192194829396,1,0.3912124037742615,0.6897901296615601,0.3024700880050659,66.79701232910156,6.694855121871561,11.130560874938965,2.44921875,0.42692131289648155
00466,0.5328588699559753,0.294077059955696,1,0.2668309807777405,0.4648458957672119,0.5051620602607727,69.61947631835938,4.522981787338278,12.840845108032227,4.671875,0.3941994483256698
00467,0.7467442261317389,0.3848481791586805,1,0.3350555896759033,0.49305787682533264,0.4941547214984894,72.82547760009766,6.686440164601526,14.040384292602539,3.25,0.5340752672409574
00468,0.5292751266662974,0.2596334881385716,1,0.18336933851242065,0.3540804088115692,0.4974595606327057,75.32135009765625,3.897539089216564,16.22260284423828,4.859375,0.47223666238489703
00469,0.80587586349014,0.3612074947952811,1,0.27148890495300293,0.5040206909179688,0.6137397885322571,75.128662109375,6.05436200815698,12.483234405517578,3.935546875,0.5057444968205154
00470,0.8258852903855687,0.5005055611729019,1,0.24860650300979614,0.46677494049072266,0.562537670135498,71.16938018798828,5.068274259768558,14.147504806518555,3.392578125,0.5048606950548831
00471,0.22119316525834803,0.1240284709154872,1,0.36707067489624023,0.667995810508728,0.4762043058872223,64.2103271484375,6.892946697913547,13.272209167480469,2.7421875,0.6671498165088192
00472,0.8707602674533976,0.485528589381087,1,0.22511017322540283,0.3883233070373535,0.4936293959617615,74.55243682861328,4.48284808777318,10.84321117401123,4.00390625,0.3100707083223443
00473,0.872674794060158,0.3942519163837465,1,0.20714128017425537,0.4186739921569824,0.4668534994125366,76.4753189086914,5.186751063598739,15.203998565673828,4.17578125,0.3312381229873873
00474,0.7580062713656208,0.3808167141500475,1,0.20746219158172607,0.42653128504753113,0.4888177514076233,75.75979614257812,4.201073455056915,10.711525917053223,4.83984375,0.4427120240894697
00475,0.8185842345991361,0.4411937838474217,1,0.20537805557250977,0.4031541645526886,0.6002020835876465,73.8189697265625,5.376173634009082,12.993558883666992,4.33203125,0.5816271039123623
00476,0.8255608779434725,0.46177007035117684,1,0.22544795274734497,0.4375132620334625,0.5783738493919373,75.07035064697266,3.7818427349064234,12.663444519042969,4.6953125,0.4728891217842309
00477,0.8334898281704592,0.38939761199389533,1,0.3263671398162842,0.6299462914466858,0.39344629645347595,66.97940826416016,7.047274868711082,15.039586067199707,4.03125,0.4204683220706744
00478,0.7423160962068424,0.39449927196246565,1,0.2874549627304077,0.4893392026424408,0.4116283655166626,67.40188598632812,5.591114347254546,13.300777435302734,3.962890625,0.4739258165365263
00479,0.9026851376899536,0.5050270599455354,1,0.38870424032211304,0.6019694209098816,0.4797249138355255,74.35322570800781,7.120003040145067,10.133140563964844,4.125,0.2911043331240142
00480,0.536164189582611,0.27952845159827705,1,0.33566713333129883,0.5886250734329224,0.3586501479148865,68.85814666748047,5.860763808039343,12.668213844299316,2.994140625,0.4237538371907004
00481,0.867088289993816,0.3866336237908706,1,0.2799839973449707,0.6439237594604492,0.46402817964553833,73.78678894042969,5.02985168164287,9.776764869689941,4.140625,0.34010761259033306
00482,0.9615918975945674,0.7185926773455378,1,0.2911599278450012,0.283667653799057,0.48013946413993835,72.52408599853516,8.145141317245916,14.922957420349121,3.216796875,0.8179943223174578
00483,0.8188500138961008,0.36670047017608554,1,0.2580612301826477,0.5450548529624939,0.49552279710769653,72.99063873291016,6.368300168559501,12.754854202270508,3.94140625,0.4534083196086218
00484,0.7481737037988332,0.34533486917887113,1,0.49952220916748047,0.7413873076438904,0.35361722111701965,69.86687469482422,8.4295106379831,10.467772483825684,2.912109375,0.28749323403146176
00485,0.34477916786486623,0.1804800665747796,1,0.33471816778182983,0.5476155281066895,0.2834101617336273,66.27926635742188,5.2077467954969086,10.766057014465332,3.935546875,0.3315009154245833
00486,0.5819569320392464,0.3101479756628859,1,0.27561241388320923,0.42366424202919006,0.5869258642196655,76.1643295288086,4.258166553949009,11.875576972961426,4.14453125,0.3236068251791382
00487,0.8783625245824868,0.5542665076439336,1,0.18478411436080933,0.30863988399505615,0.49906235933303833,73.98292541503906,5.072257982402971,16.533767700195312,4.8125,0.7564559460419408
00488,0.8457983515240335,0.5076149529986155,1,0.23709994554519653,0.4137052297592163,0.5346255898475647,69.22148132324219,3.4942281691654857,11.455526351928711,4.96484375,0.47048439666032316
00489,0.8639776780965374,0.4592837635111744,1,0.30228447914123535,0.5594597458839417,0.5139415264129639,67.97138214111328,6.626289936003133,10.374659538269043,3.2578125,0.5255753904174262
00490,0.7501481972569485,0.3607242339832869,1,0.3072601556777954,0.6124168038368225,0.39558175206184387,62.49834442138672,4.763827138658035,14.426360130310059,4.47265625,0.5480773185461029
00491,0.8988183941886847,0.48008396746260823,1,0.38350045680999756,0.6397920250892639,0.33282801508903503,64.3455810546875,8.564647407735452,12.3724946975708,2.85546875,0.2533487360872486
00492,0.7945690591377641,0.41258756239155114,1,0.2488090991973877,0.4442621171474457,0.3638336658477783,70.48365783691406,4.264272065139608,11.777069091796875,2.783203125,0.3787634299496613
00493,0.7826883330649778,0.39610284605433377,1,0.25426018238067627,0.5574024319648743,0.5321543216705322,70.8870620727539,4.660116735504288,13.554657936096191,4.30078125,0.52230829863109
00494,0.7178871179313938,0.3825389607705345,1,0.21973073482513428,0.4925221800804138,0.5429206490516663,71.63418579101562,4.586882484752634,14.284324645996094,4.7421875,0.5496977771312228
00495,0.7594783957835533,0.3706296885655831,1,0.31431615352630615,0.6082205772399902,0.37825557589530945,61.91593933105469,5.697882806598166,14.401628494262695,3.390625,0.4561620091238163
00496,0.7535298625699904,0.3585974964190073,1,0.406822144985199,0.7332929372787476,0.49383601546287537,64.65296936035156,5.590539539612304,7.857996940612793,3.2265625,0.4437859485966404
00497,0.8495453236909346,0.3914649777576717,1,0.24132436513900757,0.492411732673645,0.5033881068229675,76.41612243652344,4.999506416323195,11.698387145996094,4.69921875,0.43430854440518873
00498,0.5211016150012858,0.22917420755985315,1,0.2774806618690491,0.5827948451042175,0.5212199687957764,70.29304504394531,5.568750636314121,11.68824291229248,4.08984375,0.350358727317
00499,0.8247916235517209,0.36202003697811413,1,0.24221229553222656,0.43068981170654297,0.45174935460090637,73.57369232177734,7.914907483900874,15.816549301147461,3.9921875,0.34745878529471685
00500,0.4827753337594049,0.21048605306775844,1,0.3671267032623291,0.6199831962585449,0.3308177888393402,67.43586730957031,6.039004208919879,11.867217063903809,3.2421875,0.19757933143560444
00501,0.48918918468430633,0.2093428115479472,1,0.3586428761482239,0.8593261241912842,0.27860403060913086,67.62064361572266,6.337423688743582,10.492657661437988,1.8916015625,0.35719707155735514
00502,0.8066579144271319,0.4416932764864335,1,0.22429931163787842,0.37844306230545044,0.4538096487522125,68.26388549804688,4.0992931913148025,14.556326866149902,4.05078125,0.4412977313464141
00503,0.7005621874173517,0.3221913269833757,1,0.34038245677948,0.6633641719818115,0.48616018891334534,70.0650634765625,6.277053650565737,13.009803771972656,4.28515625,0.4460927694491002
00504,0.6965585093201476,0.37523975588491715,1,0.4339350461959839,0.7705840468406677,0.3006606698036194,53.28404235839844,8.028757222194937,9.43416690826416,2.658203125,0.30308058511935393
00505,0.8706752272505877,0.4736763904710019,1,0.25164419412612915,0.4824788272380829,0.6188509464263916,75.7035140991211,8.14061346389924,12.785033226013184,4.95703125,0.6378419924284677
00506,0.8109656148431934,0.3834719072814311,1,0.2435787320137024,0.6229546666145325,0.3920973837375641,75.39928436279297,5.059703615712555,12.47476577758789,4.34375,0.39017363268796157
00507,0.835250859888281,0.3725017135023989,1,0.2788851857185364,0.5279615521430969,0.4781639575958252,73.42893981933594,6.916947415156256,13.817726135253906,4.04296875,0.3878612041719046
00508,0.7289063845556466,0.32667450058754405,1,0.2656283378601074,0.4867866039276123,0.4097675085067749,72.6457290649414,5.340583257593112,11.121455192565918,3.142578125,0.3212103139044272
00509,0.6322983413776002,0.3462766695978155,1,0.2797210216522217,0.5293999910354614,0.4997556805610657,70.73268127441406,5.143742896863429,7.424218654632568,4.01953125,0.4762486847945472
00510,0.7146455554707899,0.38304439528782347,1,0.3096160292625427,0.48988091945648193,0.3928970992565155,69.8043212890625,6.285098629862158,15.330296516418457,3.384765625,0.5825999389447266
00511,0.9083453561453882,0.4225046176579239,1,0.3893771171569824,0.589228093624115,0.4014093279838562,72.29938507080078,7.672994835027609,9.382278442382812,3.08984375,0.15522969772386397
00512,0.8991013570636773,0.4077998801925182,1,0.3008387088775635,0.570691704750061,0.40392792224884033,72.95526123046875,5.716466600542747,11.577940940856934,4.0234375,0.2542224305781343
00513,0.9026242482238117,0.5057120847060366,1,0.302249550819397,0.4870530962944031,0.44047003984451294,72.27854919433594,5.375308310560786,9.764483451843262,4.06640625,0.234704020685326
00514,0.6787574577541525,0.4090252026899629,1,0.2999535799026489,0.46591439843177795,0.523578941822052,71.73260498046875,5.469182958901023,11.749262809753418,4.76953125,0.49944590104021874
00515,0.8178050568655124,0.37545704254816,1,0.3067368268966675,0.5594273805618286,0.47182321548461914,73.86856079101562,6.359878369467313,10.646754264831543,4.5859375,0.5444975796709677
00516,0.7882236696615076,0.4211787015320126,1,0.18210309743881226,0.2832123339176178,0.5198282599449158,73.54393768310547,4.313404560663267,14.256539344787598,4.5,0.619144351335526
00517,0.703059276635843,0.35037861082546506,1,0.24620592594146729,0.4999051094055176,0.31886419653892517,70.13578033447266,4.915848092573539,14.302148818969727,3.8203125,0.3929444938046801
00518,0.8719524683658161,0.4084473324213406,1,0.276924729347229,0.44701677560806274,0.445387601852417,73.29112243652344,5.798873305413522,13.196098327636719,3.435546875,0.5701965612499739
00519,0.7951495083474789,0.4899183661695561,1,0.23720359802246094,0.3792751133441925,0.4728865623474121,69.11793518066406,3.9108730212510388,8.872444152832031,3.546875,0.4414134358765811
00520,0.9287969361402715,0.4205588667853549,1,0.28428536653518677,0.6167908906936646,0.4321801960468292,76.10105895996094,5.51323823956656,10.459991455078125,4.578125,0.24591948152762472
00521,0.8094755980373852,0.39017280866125337,1,0.2078208327293396,0.47673898935317993,0.53890061378479,72.68843841552734,5.41185712089376,11.6673583984375,4.9296875,0.40819821319097344
00522,0.8811523286652784,0.45923350716000333,1,0.20078402757644653,0.4444364905357361,0.41962534189224243,73.05622863769531,5.140122492977749,14.935075759887695,3.869140625,0.549321910834264
00523,0.8775665256140961,0.5925114955112766,1,0.25404536724090576,0.5491033792495728,0.410202294588089,66.00335693359375,6.680789543790807,13.584705352783203,3.720703125,0.728285536883434
00524,0.8129498568801428,0.35049288061336253,1,0.29915452003479004,0.5833849906921387,0.2601356506347656,55.59783172607422,7.3830704162748875,13.130680084228516,2.271484375,0.6804173592374915
00525,0.5585003344005245,0.30919583023082653,1,0.373643696308136,0.5935618877410889,0.3594626486301422,73.13037109375,3.949220998289289,9.731557846069336,2.603515625,0.42826042889859645
00526,0.7800271313825782,0.374260486435589,1,0.2787931561470032,0.5639598369598389,0.4762738049030304,74.17747497558594,5.653976775630137,11.147652626037598,4.37890625,0.3626791719000361
00527,0.8580875514877455,0.43074506724256406,1,0.2518000602722168,0.4404536783695221,0.37225741147994995,72.46003723144531,5.150068231317505,13.7353515625,3.359375,0.5148694842175764
00528,0.8077611292642829,0.4541983860274787,1,0.20946907997131348,0.33376553654670715,0.5369268655776978,75.38720703125,3.6754977162131865,13.914724349975586,4.7734375,0.5936471818759688
00529,0.82637980791911,0.40182905742061914,1,0.18417072296142578,0.3554423451423645,0.48731401562690735,70.83717346191406,3.5864040237859807,10.290611267089844,4.05859375,0.3461728712529386
00530,0.850692273518595,0.46488643922835693,1,0.18784105777740479,0.3918893337249756,0.46163409948349,73.52566528320312,4.091533455179332,13.284278869628906,4.14453125,0.43048478563153647
00531,0.5241381434486733,0.27802632432081953,1,0.23703408241271973,0.5288700461387634,0.48537060618400574,72.20709991455078,4.134981957690693,10.619229316711426,4.984375,0.3756919101184529
00532,0.7447786477937158,0.35309473464379876,1,0.31354933977127075,0.6177372932434082,0.3391759395599365,70.55547332763672,6.51044479585717,10.515460968017578,3.025390625,0.40724900683097565
00533,0.6037364190752555,0.317350384366693,1,0.33236902952194214,0.5203695297241211,0.5230311751365662,68.69125366210938,5.756373452957741,13.196495056152344,3.919921875,0.2614052203917161
00534,0.7358770125496671,0.43698127774560896,1,0.3261284828186035,0.5169098973274231,0.4917953908443451,72.25264739990234,6.941371514332678,11.335535049438477,3.90625,0.5938244437364522
00535,0.8825887941258216,0.43889513992232587,1,0.12736767530441284,0.18932867050170898,0.4508727192878723,74.94416046142578,4.901399721740959,17.553939819335938,4.625,0.6752723855518405
00536,0.7356240828970044,0.379491133384734,1,0.3025400638580322,0.5744765996932983,0.43892958760261536,55.726688385009766,6.743813496985624,13.766087532043457,3.697265625,0.6134909195943505
00537,0.7730528641646592,0.3909263630606252,1,0.32539427280426025,0.6619500517845154,0.32500535249710083,72.11601257324219,7.73986447991337,14.807159423828125,2.919921875,0.6338249791670192
00538,0.7936543149469509,0.36940620860450385,1,0.16497427225112915,0.3451525568962097,0.5325904488563538,76.22451782226562,4.989741072572942,16.529558181762695,4.796875,0.43701907415707386
00539,0.8367083275117191,0.37338923665576945,1,0.33475250005722046,0.547897219657898,0.38438308238983154,73.84490966796875,6.971771919828849,14.173774719238281,3.783203125,0.3275338587534809
00540,0.8187259496789433,0.4124595130283449,1,0.2165866494178772,0.4193408787250519,0.4572165012359619,70.434814453125,3.601435476432778,10.356973648071289,2.970703125,0.3553299867989918
00541,0.5169268790859705,0.21943661971830986,1,0.33877891302108765,0.40194621682167053,0.38767778873443604,65.37627410888672,6.5111363653336785,16.455888748168945,2.412109375,0.4880899624902112
00542,0.7696716424389423,0.38612607440179675,1,0.37174904346466064,0.5251566171646118,0.3525257110595703,65.96163177490234,5.230956985541573,13.507604598999023,3.576171875,0.3952359688864321
00543,0.8163883939808212,0.5256867267771022,1,0.2125260829925537,0.38711708784103394,0.5882860422134399,74.31307220458984,4.941077364204292,14.174799919128418,4.90625,0.5891964189123075
00544,0.8299045929986483,0.391404027290556,1,0.2663516402244568,0.45814087986946106,0.4821651875972748,74.0414810180664,4.874254563187814,13.607090950012207,4.3359375,0.606457089123191
00545,0.833581108664913,0.43381351543168434,1,0.2605457305908203,0.42974910140037537,0.5229369401931763,74.75128173828125,4.553753180057668,9.792651176452637,4.64453125,0.45187180234593866
00546,0.8891146821224147,0.4435867434545427,1,0.23382073640823364,0.44791489839553833,0.4315311908721924,72.95956420898438,4.424933343684464,15.355616569519043,4.21875,0.4032332070197843
00547,0.6248727854942355,0.2730192573154564,1,0.3723650574684143,0.5849343538284302,0.4323433041572571,69.17842102050781,6.076214039344624,13.33885383605957,4.13671875,0.28427655415697656
00548,0.5664274116742024,0.2728039850831587,1,0.233997642993927,0.4923768937587738,0.5667228698730469,75.52921295166016,3.9267174042268103,10.9119873046875,4.96875,0.3865098893003676
00549,0.7791853250580939,0.42876180886664494,1,0.2387385368347168,0.42866405844688416,0.5057974457740784,73.05016326904297,4.5760980286135595,12.17847728729248,3.828125,0.5801896865603293
00550,0.8435930167603001,0.42369020501138954,1,0.39980679750442505,0.633840799331665,0.4450434744358063,71.19754028320312,5.826681357769088,6.539457321166992,3.83984375,0.3097413515421254
00551,0.7256231808518137,0.344291299260908,1,0.3415696620941162,0.5094698071479797,0.3791722357273102,71.98811340332031,7.060716968745372,13.245619773864746,2.71484375,0.3530088441432739
00552,0.8608396986666558,0.3798768597706091,1,0.38800978660583496,0.8261274099349976,0.4331170320510864,69.32086944580078,9.11703378879735,11.701190948486328,3.419921875,0.15347697349514836
00553,0.8207652033574176,0.3811368099498145,1,0.36902546882629395,0.5234901309013367,0.43426740169525146,71.90015411376953,4.242360551081086,9.867103576660156,3.455078125,0.2097579801985507
00554,0.8084454293461568,0.5842556657563126,1,0.22149139642715454,0.46103206276893616,0.4067988395690918,68.76620483398438,6.8420891781668685,14.804891586303711,4.27734375,0.5702149195318198
00555,0.8474231037835228,0.43827624309392266,1,0.2996699810028076,0.6135439872741699,0.4253099858760834,72.91766357421875,8.813777850823117,11.155318260192871,3.240234375,0.44676551935114667
00556,0.7232926558449827,0.40877480331874444,1,0.21011781692504883,0.342720091342926,0.5242642760276794,70.98942565917969,4.443502756434797,9.9962797164917,4.8828125,0.5012299053137149
00557,0.6818998943915104,0.3495449285334501,1,0.2746129035949707,0.45547980070114136,0.6282612681388855,75.85752868652344,3.924353922215922,9.06160831451416,4.9921875,0.4908749361372208
00558,0.7812812221053715,0.4067455323433174,1,0.21418380737304688,0.4232077896595001,0.475735068321228,68.58074951171875,4.08063912511436,16.333166122436523,4.49609375,0.44553086872420156
00559,0.8412828310606417,0.45108868519214645,1,0.22786647081375122,0.32625144720077515,0.5240793228149414,75.19364166259766,5.879760220806045,13.622848510742188,4.09765625,0.655538275048222
00560,0.7878089996543581,0.4216369177187636,1,0.21581125259399414,0.43760111927986145,0.5047322511672974,72.64886474609375,5.747888932305979,13.130062103271484,4.33203125,0.5485658789005727
00561,0.6393985593314366,0.36432232930079966,1,0.330180287361145,0.6642301082611084,0.45301875472068787,71.27754211425781,10.633391271902104,11.286125183105469,3.28125,0.3511739374154218
00562,0.6920576599792834,0.3514175708785439,1,0.2858237028121948,0.44689837098121643,0.5406743288040161,71.58914184570312,4.785342579453741,12.924171447753906,4.8125,0.3340432830272173
00563,0.8766286292289829,0.3917739310548898,1,0.30154943466186523,0.45297667384147644,0.4896058738231659,72.44677734375,5.359027511153283,10.972723007202148,4.84765625,0.17228691203190452
00564,0.6814913199870091,0.39371685026519787,1,0.2960502505302429,0.577191948890686,0.455206960439682,66.41857147216797,7.236138531909778,12.101024627685547,3.90234375,0.3260491498069145
00565,0.8655981297219705,0.4312571707693881,1,0.18394535779953003,0.31401580572128296,0.4107610583305359,71.1415023803711,4.165328199210336,14.443927764892578,3.900390625,0.4238731285582513
00566,0.9019654362548251,0.4119567809513327,1,0.2025209665298462,0.4483278691768646,0.43426141142845154,72.28568267822266,5.568370861843142,14.399748802185059,4.2421875,0.3758142046368677
00567,0.780628733392422,0.5013169446883231,1,0.2607235908508301,0.5115644335746765,0.3972324728965759,68.28787231445312,4.582707259682478,12.83470344543457,4.01171875,0.4536056709410273
00568,0.7371024934058414,0.3236943907156673,1,0.3251057267189026,0.609557569026947,0.4237070083618164,75.00167083740234,7.609655759492623,15.038005828857422,3.96875,0.23550255040920673
00569,0.7430690086118971,0.3851929456958268,1,0.2775903344154358,0.6471973657608032,0.33651843667030334,70.6418228149414,3.3457660332405017,11.351933479309082,4.859375,0.48045026194274887
00570,0.8122951172988963,0.3802426534021035,1,0.25889766216278076,0.5099940299987793,0.549422025680542,74.65718078613281,4.272361396109446,7.993586540222168,4.9296875,0.46013860161448455
00571,0.8392444124622598,0.41442667574004766,1,0.22453820705413818,0.4379977285861969,0.4840114712715149,70.68714904785156,4.070252991081916,8.538530349731445,3.8515625,0.4416481589655176
00572,0.5594140709664126,0.24924012158054712,1,0.2920147776603699,0.6523071527481079,0.4676409959793091,72.25608825683594,4.4842943258054815,9.680449485778809,4.796875,0.2831123468968251
00573,0.40605276294524845,0.16425530112059653,1,0.22906053066253662,0.4258846938610077,0.45372259616851807,75.22550964355469,6.753522101092588,15.11867904663086,4.6875,0.36033526289461376
00574,0.6853588076675945,0.3374233128834356,1,0.286617636680603,0.49452975392341614,0.49813324213027954,65.11861419677734,7.694902691429075,11.787863731384277,3.7265625,0.6563513957338728
00575,0.7030319458147679,0.3489061920652577,1,0.1658264398574829,0.38514506816864014,0.4484988749027252,75.84444427490234,3.8504960718418406,12.75844669342041,4.64453125,0.5954351490380507
00576,0.8248061349936868,0.40824611815569556,1,0.3546643853187561,0.663644552230835,0.2763335704803467,72.00558471679688,6.549958772674463,10.112443923950195,3.37109375,0.26921292571838357
00577,0.8423674793896122,0.45522956626344985,1,0.3222569227218628,0.47426319122314453,0.3777479827404022,71.80091857910156,4.176670137748189,11.146528244018555,3.28515625,0.3276214786840647
00578,0.7653827532804649,0.3987670026421372,1,0.18080872297286987,0.2987561821937561,0.5565102100372314,72.89759826660156,5.5084570087644895,13.349830627441406,4.97265625,0.6362909267781414
00579,0.8392689191585289,0.3871450297938119,1,0.34128284454345703,0.5142816305160522,0.46338343620300293,73.44437408447266,6.9862648375199194,16.562482833862305,4.03515625,0.3525151671516587
00580,0.7988371642677908,0.42866000155002715,1,0.27166080474853516,0.58710116147995,0.47732359170913696,73.91056060791016,3.707695852730266,9.917221069335938,4.69921875,0.4982972701084126
00581,0.5667412760065131,0.38912529550827424,1,0.23510104417800903,0.49249303340911865,0.41872838139533997,67.02125549316406,5.674221022454373,15.1435546875,3.90234375,0.7463057395625026
00582,0.4385017918357795,0.21007510533064663,1,0.31452298164367676,0.6090992093086243,0.4376550614833832,69.92147827148438,5.679010253213006,11.027341842651367,3.404296875,0.2659241387389203
00583,0.8793760417368347,0.500792864222002,1,0.2202315330505371,0.4072982370853424,0.5246109366416931,74.203857421875,4.240582837649345,11.264888763427734,4.7265625,0.49109347826338084
00584,0.8842441532413977,0.47797056885569955,1,0.27542221546173096,0.40760788321495056,0.47986170649528503,70.76506805419922,4.815942175750766,11.27517318725586,4.6640625,0.4557919307576578
00585,0.3619966359393232,0.1525876022573166,1,0.3769645094871521,0.6706056594848633,0.41260477900505066,71.95279693603516,7.240780505469658,10.552769660949707,1.7529296875,0.4656806140849703
00586,0.835202040553614,0.4088052310817674,1,0.25622498989105225,0.4654059410095215,0.44017183780670166,72.89713287353516,5.1038768483709935,13.441971778869629,3.326171875,0.46861120963546316
00587,0.8530309620218999,0.4672520995315738,1,0.26462894678115845,0.47070586681365967,0.45236361026763916,72.00779724121094,4.389172687387805,12.677919387817383,3.962890625,0.40786047951408827
00588,0.816641010927703,0.4089231721543699,1,0.2897663712501526,0.3865848183631897,0.5580690503120422,72.1751480102539,4.791983742039492,13.1790771484375,3.9375,0.24252992625564254
00589,0.9053418678171244,0.41055510323375294,1,0.23966646194458008,0.49886035919189453,0.4451449513435364,75.21915435791016,6.497032546097842,13.044172286987305,4.37890625,0.3803207105941011
00590,0.9095060044322653,0.4822724511653186,1,0.2668697237968445,0.49610432982444763,0.45598363876342773,74.86821746826172,4.010159786549549,10.48371410369873,3.53515625,0.4424460454854311
00591,0.5992786570311248,0.32350704127964597,1,0.38985008001327515,0.610243558883667,0.29389166831970215,65.04197692871094,5.463410012410923,11.969255447387695,3.09375,0.32512197836209444
00592,0.7660698102756164,0.4278012400035942,1,0.21255993843078613,0.4875478148460388,0.5029091835021973,68.80915832519531,5.134117125782469,15.651525497436523,4.921875,0.47548366900448724
00593,0.8277525375160765,0.44229915667998226,1,0.2160266637802124,0.3063421845436096,0.4629680812358856,71.40064239501953,6.53382747252034,16.847030639648438,3.876953125,0.775805968432126
00594,0.4496054693681241,0.20261172844512937,1,0.22123104333877563,0.39681926369667053,0.5365973114967346,72.27821350097656,6.309952739745637,15.906732559204102,4.59375,0.6753588464546203
00595,0.40672254152461007,0.17142857142857143,1,0.37026703357696533,0.6965304613113403,0.45682504773139954,68.08084869384766,6.894813593617684,8.401374816894531,3.234375,0.23684870241060804
00596,0.8844086274854341,0.44371413252844577,1,0.2300938367843628,0.4297729730606079,0.47478246688842773,75.19873809814453,4.663469336604767,11.803742408752441,4.33984375,0.33610704060374774
00597,0.7532008246466292,0.33678756476683935,1,0.28747808933258057,0.6135478019714355,0.4940129816532135,73.1002426147461,5.9923978330460015,12.983648300170898,4.26953125,0.6073333432160489
00598,0.694678470473785,0.32457149967337545,1,0.2697446346282959,0.4923880696296692,0.49758318066596985,70.15687561035156,5.312090282209011,15.11756706237793,4.12109375,0.5512687720614595
00599,0.5272211692381689,0.268764156505011,1,0.3295571804046631,0.5273409485816956,0.5208492279052734,72.63687896728516,3.5022736064387967,8.499958038330078,4.3359375,0.4660008164560558
00600,0.5493670332538356,0.303468624064479,1,0.2442271113395691,0.34053751826286316,0.572647750377655,73.51437377929688,4.3924209143144335,14.747467041015625,4.6796875,0.5792769005094474
00601,0.9032910608231913,0.5616706342659156,1,0.1904069185256958,0.38493612408638,0.5453313589096069,75.01203155517578,3.7557015390727795,10.448352813720703,4.69140625,0.4543468883866795
00602,0.7833738251874813,0.44276128926028074,1,0.2061535120010376,0.4455309212207794,0.43163856863975525,72.80506896972656,3.818586179999684,13.914527893066406,4.1875,0.5195860391868582
00603,0.8559503904958115,0.40845758983133706,1,0.28938180208206177,0.5617856979370117,0.4167967736721039,71.31916809082031,4.1347475844044705,5.9300923347473145,4.01171875,0.2435978056120122
00604,0.6940700103614226,0.3318505834837797,1,0.5676568746566772,0.6532729864120483,0.25635969638824463,66.63996124267578,7.232064260967199,11.802653312683105,2.01953125,0.34902675235273495
00605,0.6923255099077461,0.42053325742480313,1,0.26141953468322754,0.509270966053009,0.422341912984848,70.69512939453125,5.939899268740414,12.145454406738281,4.43359375,0.5910191055862435
00606,0.7789584654797632,0.41379310344827586,1,0.34011518955230713,0.5889467000961304,0.3138611912727356,63.44020080566406,6.1667377022025285,11.759025573730469,2.283203125,0.49297066016025726
00607,0.8675693894800816,0.477372989896115,1,0.2547411322593689,0.4357931315898895,0.4746153652667999,73.50968170166016,5.125963546736793,11.907548904418945,2.775390625,0.5473360597208901
00608,0.8293502864730015,0.4212534059945504,1,0.2059972882270813,0.3962996006011963,0.46917790174484253,74.75249481201172,4.235835552484427,11.585249900817871,4.84765625,0.5772849146579391
00609,0.5368446021626364,0.2311111111111111,1,0.2313663363456726,0.418809175491333,0.569805920124054,70.9695053100586,5.418280493052324,16.728666305541992,4.484375,0.5155244206567124
00610,0.8435825961351572,0.3905186428234307,1,0.4077720642089844,0.6377245783805847,0.42479756474494934,68.89175415039062,8.303084880216188,11.194419860839844,2.228515625,0.2673273234972708
00611,0.857225728557265,0.43733243967828417,1,0.18475496768951416,0.36602693796157837,0.5007628798484802,74.47459411621094,4.9193282797489974,9.96139144897461,4.87109375,0.44343800818568224
00612,0.8122836400705623,0.46007882882882883,1,0.1929255723953247,0.3610782027244568,0.5267906785011292,71.86090850830078,4.5141207926628235,12.624431610107422,4.1640625,0.5699078643089639
00613,0.854925200238374,0.5201491639600625,1,0.2455030083656311,0.4264747202396393,0.5252465009689331,73.87891387939453,4.546122304990035,9.589849472045898,4.875,0.43323610756926784
00614,0.77256962703727,0.36962317810167084,1,0.3272150158882141,0.5335111021995544,0.5754638314247131,74.19122314453125,6.019321541509242,5.940667152404785,4.9921875,0.2966160125496928
00615,0.5933179362818651,0.26896036831954206,1,0.42944908142089844,0.8677045106887817,0.35134273767471313,70.31796264648438,6.47772273607039,12.186201095581055,1.443359375,0.45570221877404493
00616,0.6708774976284987,0.31522071566928334,1,0.29815059900283813,0.7052587866783142,0.5221170783042908,76.32606506347656,4.788636923604289,12.286286354064941,4.6953125,0.5776431966663959
00617,0.844059734157815,0.4320362473347548,1,0.173234760761261,0.37409037351608276,0.3129481375217438,72.97032928466797,3.0561039135726276,12.962447166442871,3.98828125,0.49939225654078934
00618,0.7063406716883327,0.30803927220931615,1,0.223138689994812,0.46061453223228455,0.363518625497818,74.58245849609375,4.694127951792876,13.13399887084961,4.20703125,0.4493184566236158
00619,0.8890728601938253,0.5096761831768538,1,0.21419662237167358,0.4140162765979767,0.5148786902427673,67.8539047241211,6.385792432613663,14.31252384185791,3.75,0.8465588216839327
00620,0.8895303137844871,0.5161178576239872,1,0.1926133632659912,0.33476880192756653,0.5608102083206177,70.99706268310547,4.329561291327932,11.705663681030273,4.359375,0.5984177393165054
00621,0.6270629842383229,0.3165328726755411,1,0.27194225788116455,0.3873225152492523,0.6216260194778442,75.55410766601562,5.967934855691956,11.274834632873535,4.9921875,0.5632509245862707
00622,0.5874911097814136,0.27121020894685177,1,0.29549169540405273,0.4870639443397522,0.5179708003997803,75.8976821899414,4.4480764792390035,12.84361743927002,4.9765625,0.5267293811777183
00623,0.7341609228863943,0.3616340402992651,1,0.21221357583999634,0.45194897055625916,0.47443047165870667,68.6915512084961,4.858215460422651,9.506938934326172,3.26953125,0.3480713079886627
00624,0.8493044179743753,0.4858220943699331,1,0.20680642127990723,0.39187896251678467,0.46359705924987793,70.0684585571289,4.246164554604616,11.117776870727539,3.697265625,0.47278743377702204
00625,0.8195324938501297,0.4434825021338861,1,0.18023300170898438,0.30458885431289673,0.557638943195343,74.8295669555664,3.76978454707673,13.676628112792969,4.921875,0.6332608927028623
00626,0.830572601294089,0.40231266641308483,1,0.19604074954986572,0.423112690448761,0.4506077170372009,73.5299072265625,5.97294891602077,15.63589096069336,4.125,0.43030299574420294
00627,0.7738653172925614,0.35019277953031896,1,0.2586132287979126,0.5435806512832642,0.37530431151390076,74.04625701904297,4.070072857963313,13.971948623657227,4.3671875,0.371916757596916
00628,0.9154008903260179,0.5054144346523818,1,0.19438594579696655,0.26887619495391846,0.6040498614311218,77.2767562866211,5.6706991780676335,14.130383491516113,4.21484375,0.6211446259573318
00629,0.8520056704010385,0.43611438363500055,1,0.28179359436035156,0.5410584211349487,0.4544984996318817,70.98929595947266,7.013456836367295,14.189080238342285,3.341796875,0.6250798968427936
00630,0.7064756770136451,0.33550995024875624,1,0.41591840982437134,0.6678817272186279,0.31222668290138245,66.01762390136719,6.84197555103017,11.221624374389648,2.494140625,0.30466325170505193
00631,0.5450439518087089,0.29420266581018145,1,0.1954994797706604,0.3478636145591736,0.6441002488136292,75.53472137451172,6.4015006260025755,14.778127670288086,4.9921875,0.5758596843375523
00632,0.7769350601726454,0.3584312080536913,1,0.28424137830734253,0.4368865489959717,0.518136739730835,73.78799438476562,5.013059694944516,10.962015151977539,4.125,0.39556097279498437
00633,0.7838664636591144,0.3853475935828877,1,0.26745903491973877,0.5049346089363098,0.43014010787010193,73.47252655029297,4.734168326846948,14.221447944641113,4.04296875,0.5985673827944483
00634,0.8777719021719204,0.3916252939639404,1,0.29690438508987427,0.4087902903556824,0.5129764676094055,73.4182357788086,5.625823878634536,9.780692100524902,4.453125,0.11604785176860753
00635,0.6559181155280392,0.3299751524734583,1,0.2675155997276306,0.5989362001419067,0.5588584542274475,74.60855865478516,3.996941215364225,10.834149360656738,4.8671875,0.3551489128309105
00636,0.7821944267521914,0.36261010861199006,1,0.2234652042388916,0.31802278757095337,0.6496585011482239,75.06304931640625,5.361884440821468,16.06220054626465,4.91796875,0.6945782456703581
00637,0.8152986930631648,0.4393735383743179,1,0.3251796364784241,0.4876326024532318,0.44751694798469543,67.3648681640625,6.203711666299638,15.456009864807129,4.76171875,0.5613549710650306
00638,0.8528459077618504,0.46678083041719404,1,0.13654261827468872,0.3208027780056,0.5474385023117065,74.2399673461914,4.022676980115607,9.853460311889648,4.93359375,0.4953185737719113
00639,0.7659163871375452,0.3605070357018258,1,0.2603704333305359,0.3737506866455078,0.4634866714477539,73.94264221191406,5.746856746396534,9.965283393859863,4.95703125,0.6504875719378235
00640,0.8143683196554592,0.3863983439101368,1,0.299235463142395,0.5461851358413696,0.503368079662323,72.56519317626953,4.337589550056864,7.310256481170654,4.63671875,0.32355943491720424
00641,0.8511364894997768,0.4862376568239279,1,0.194771409034729,0.26019951701164246,0.5112528204917908,73.85940551757812,3.6189362113091916,12.552938461303711,4.51171875,0.6102773820566892
00642,0.8038556097140184,0.3798476696247642,1,0.3043249249458313,0.6204317808151245,0.35639074444770813,72.30914306640625,6.138283611441257,9.553621292114258,3.65625,0.26179145162238066
00643,0.9246860992363146,0.41156624373624184,1,0.26085883378982544,0.5012699365615845,0.4236440062522888,73.38301849365234,7.86380537257912,9.647010803222656,4.08203125,0.3965050202516543
00644,0.6404066858992573,0.36317344851102523,1,0.358439564704895,0.6282660365104675,0.40573200583457947,65.81967163085938,5.3507801930610475,10.926023483276367,3.6875,0.22521737422385243
00645,0.3015874787355653,0.17301122498779892,1,0.29700911045074463,0.5650268793106079,0.47389429807662964,70.3614273071289,6.754654211657759,12.455525398254395,3.791015625,0.5010062472355465
00646,0.8011118284301864,0.3785798899031426,1,0.3775513172149658,0.6321943402290344,0.2845515012741089,63.02125549316406,6.438018980585123,10.239516258239746,2.015625,0.3787620208520522
00647,0.7650570187916741,0.44906087703541725,1,0.3229222893714905,0.6468376517295837,0.2555425465106964,62.74083709716797,6.963942965560869,9.742319107055664,2.6796875,0.36500912506619815
00648,0.7190811462175971,0.38721929449746,1,0.305181622505188,0.5789251327514648,0.4916412830352783,74.08370208740234,5.024298716565314,9.8043851852417,4.9453125,0.4484816202676658
00649,0.8782250692319136,0.41372175112589765,1,0.25083988904953003,0.5364564657211304,0.41175350546836853,71.20166015625,5.671003773459644,13.727088928222656,4.16796875,0.5416024674445462
00650,0.8084825469231521,0.4894217860284246,1,0.2328905463218689,0.4930786192417145,0.6046115159988403,74.41475677490234,4.594176252154668,6.761224746704102,4.953125,0.562482712629915
00651,0.9130434057839446,0.42856183902995687,1,0.34014463424682617,0.5571357011795044,0.5774937272071838,72.43165588378906,12.574322562517368,14.273224830627441,4.02734375,0.24668718633397166
00652,0.8084204491383422,0.41111491919538107,1,0.2678629159927368,0.5864362716674805,0.37391436100006104,69.18395233154297,5.009745681091528,11.291178703308105,4.1953125,0.47203661749937975
00653,0.6526844025158992,0.3407465464877045,1,0.3699413537979126,0.7294209599494934,0.4572419822216034,70.55099487304688,6.341105751159047,11.168184280395508,3.64453125,0.571217085852511
00654,0.5661373643246037,0.2931712018981241,1,0.2748972773551941,0.48643144965171814,0.2775840759277344,71.22624969482422,5.448163180056003,12.792939186096191,3.318359375,0.3141488479032395
00655,0.9080633948320411,0.45570033459372705,1,0.25518912076950073,0.4680090546607971,0.4279043674468994,74.79698944091797,5.297080324949223,14.614843368530273,3.80078125,0.5150011932710241
00656,0.6699748047588977,0.34116282441641294,1,0.2352704405784607,0.43072569370269775,0.5328348278999329,75.82884979248047,5.216428510357697,11.647004127502441,4.97265625,0.5693503227777228
00657,0.8928414443096115,0.5652510014289396,1,0.2422635555267334,0.47591614723205566,0.5440351366996765,74.95482635498047,3.8894036422469056,11.175048828125,3.375,0.5738020025133928
00658,0.8397512737446964,0.3799406342758944,1,0.3227840065956116,0.4784016013145447,0.34480103850364685,68.7474365234375,6.780970059895263,12.71517562866211,2.482421875,0.3123851683982949
00659,0.8274114815028367,0.3750702010558239,1,0.3279544711112976,0.5505856275558472,0.2991774082183838,73.112548828125,5.7687859124245,13.942804336547852,2.541015625,0.38681872115561666
00660,0.5712717877424576,0.24221084379603003,1,0.38120245933532715,0.5625535249710083,0.5104674696922302,72.08526611328125,5.468838576209266,13.073688507080078,3.880859375,0.31336827011305673
00661,0.7155940364754338,0.30886833919035134,1,0.32394373416900635,0.6252500414848328,0.3828461766242981,70.37092590332031,6.740843955568567,14.531830787658691,3.869140625,0.2681122405362717
00662,0.7120324708114705,0.339271305319347,1,0.30149388313293457,0.6238403916358948,0.3701878786087036,71.92353820800781,7.032044702770705,13.01056957244873,3.837890625,0.37543601347310945
00663,0.8883618456800271,0.5666017710230484,1,0.22771012783050537,0.3453589081764221,0.502740204334259,76.03112030029297,7.194350237582151,16.65452766418457,4.2578125,0.8012014692332969
00664,0.6416656051730137,0.3247668763663945,1,0.31252002716064453,0.5382032990455627,0.409544974565506,74.44556427001953,6.557432584651085,11.126042366027832,3.935546875,0.3785877647299204
00665,0.6615910665580589,0.3591828639428798,1,0.223962664604187,0.4986549913883209,0.4759513735771179,69.42316436767578,6.07633816838819,17.59473419189453,3.994140625,0.6463171184213865
00666,0.5939754067516808,0.27753386109745554,1,0.35747116804122925,0.58074551820755,0.2970651388168335,66.63469696044922,6.001101388750965,14.732690811157227,3.521484375,0.2867535590877371
00667,0.7516023928346357,0.3904787218333776,1,0.2945268154144287,0.521121084690094,0.4091235399246216,73.97750091552734,5.0724757284536555,10.240869522094727,3.357421875,0.5120058352942233
00668,0.8166046076622641,0.41774553199986686,1,0.2797268033027649,0.5735683441162109,0.5270524024963379,71.27189636230469,6.888387434709611,6.1774516105651855,4.5,0.4185947641809201
00669,0.8951384141549179,0.46337221199099654,1,0.3004109263420105,0.5100488066673279,0.5522779226303101,70.60575103759766,6.915632483334273,9.600287437438965,4.625,0.44313552633646414
00670,0.8351997833862311,0.3862568960270946,1,0.2926413416862488,0.4914904832839966,0.5115845203399658,74.94583892822266,4.761602583654625,11.267171859741211,4.59375,0.3267915180600388
00671,0.8800138483954111,0.4007547169811321,1,0.24593138694763184,0.2546370327472687,0.4532790780067444,73.98248291015625,4.974533502019045,15.68159008026123,2.353515625,0.7920908725125385
00672,0.6748357865973263,0.33578890414949847,1,0.21014076471328735,0.469260573387146,0.5117350816726685,72.37228393554688,5.508304746687334,16.94648551940918,4.7265625,0.4835200399044161
00673,0.5200804530542599,0.2679123582804136,1,0.21586841344833374,0.43033653497695923,0.5344346165657043,69.8556137084961,4.363146728230318,12.813220977783203,4.54296875,0.4940091113960569
00674,0.6710061352736723,0.2959335180055402,1,0.380912721157074,0.7003036737442017,0.3620418906211853,69.52965545654297,6.077877834709,11.072525024414062,3.076171875,0.22135066723505362
00675,0.5738415308135075,0.31684727239047883,1,0.37319517135620117,0.6777341365814209,0.5031263828277588,73.26891326904297,4.985691367379931,8.392285346984863,4.23046875,0.32872118319669896
00676,0.8451866373901062,0.3966976959689988,1,0.23817265033721924,0.5143088102340698,0.5494723916053772,75.74205017089844,4.284864969540553,7.186880111694336,4.46875,0.14483185785475058
00677,0.9751846975002201,0.6889007470651014,1,0.293490469455719,0.5379928946495056,0.49337390065193176,67.60254669189453,7.937082312557677,7.392380714416504,4.65625,0.3295864779991617
00678,0.7719300581532837,0.38492053336063264,1,0.2327389121055603,0.38381925225257874,0.45362308621406555,73.95779418945312,5.631026640849127,11.93785572052002,4.453125,0.5637570519398406
00679,0.7596735631345434,0.37505744140976205,1,0.353599488735199,0.5478651523590088,0.3255108594894409,70.72848510742188,5.812982103601852,13.262500762939453,1.86328125,0.42090264249282655
00680,0.8895601848521424,0.3965650835625884,1,0.41982704401016235,0.7630599737167358,0.43672412633895874,72.05657196044922,9.834195348810631,11.63779354095459,2.7265625,0.14776176838365154
00681,0.747546477814625,0.3802735705675803,1,0.22641026973724365,0.4321865737438202,0.44307851791381836,75.02467346191406,4.633423442336995,13.582377433776855,4.140625,0.478278197825585
00682,0.8291154162375511,0.37672651239470034,1,0.17953884601593018,0.5390846729278564,0.44405409693717957,74.17540740966797,6.202010368128097,15.76590347290039,4.22265625,0.45778776130260257
00683,0.7477341134192842,0.4239422399177033,1,0.17001372575759888,0.30162081122398376,0.5446791052818298,74.88760375976562,4.5737712744530326,14.25289535522461,4.8828125,0.491929657676575
00684,0.8610297114701587,0.4557803348149379,1,0.18887418508529663,0.4631296992301941,0.5123447775840759,75.08183288574219,4.3654652208308775,11.70828914642334,4.96484375,0.5083773216000487
00685,0.8228310858386398,0.38220021736505255,1,0.17974168062210083,0.33383631706237793,0.3215707838535309,67.62652587890625,3.7400311362770715,13.665973663330078,3.79296875,0.3844965097476211
00686,0.6557516991093497,0.30678591709256103,1,0.3444288372993469,0.6507111191749573,0.4414271414279938,73.27987670898438,4.9009360263941035,10.448074340820312,4.328125,0.35463132397645747
00687,0.8910722281000633,0.44000297936787747,1,0.23772311210632324,0.41780245304107666,0.3015395998954773,72.4902114868164,4.771438461750103,12.336563110351562,3.76171875,0.360480259752497
00688,0.8076227790115215,0.5061611374407583,1,0.2491031289100647,0.4644532799720764,0.510845422744751,74.53882598876953,4.4135884592483325,11.210556983947754,4.0234375,0.467647642083226
00689,0.7605962030423148,0.37685724067100307,1,0.30111944675445557,0.589941143989563,0.38145846128463745,73.50541687011719,4.996096259204425,11.47874641418457,4.03125,0.32355555890145254
00690,0.8074135247765302,0.44076060458313016,1,0.36760783195495605,0.4599018394947052,0.4135380685329437,59.636531829833984,6.686418045531604,16.530864715576172,2.869140625,0.4150593757213766
00691,0.6801538294453814,0.3392006459426726,1,0.269839346408844,0.509653627872467,0.5655590891838074,73.21382904052734,4.43597087928269,10.839162826538086,4.97265625,0.4674843319281036
00692,0.8988012352270583,0.5615022395773516,1,0.2288881540298462,0.3856559991836548,0.6047922968864441,73.72251892089844,5.369488528333973,11.1016845703125,4.80859375,0.4097577659162994
00693,0.8064545655706835,0.4325760193503801,1,0.2031504511833191,0.36514759063720703,0.5874158143997192,75.56221008300781,4.830583498248296,12.093134880065918,4.93359375,0.5294515808229101
00694,0.7303063424467346,0.35523623964929374,1,0.24351531267166138,0.41190940141677856,0.42596179246902466,68.83163452148438,4.361340437894031,13.331544876098633,4.578125,0.4444677104636957
00695,0.7517404928186444,0.35315176383113484,1,0.2402559518814087,0.45179522037506104,0.5583789944648743,70.33000946044922,6.498199801081513,17.075069427490234,4.359375,0.531170914562618
00696,0.743341537153902,0.37565110816055564,1,0.2750442624092102,0.5247618556022644,0.5713018774986267,68.40518188476562,5.023971016474548,15.442875862121582,4.95703125,0.5809658321958943
00697,0.861025595145041,0.45138313223419607,1,0.17387324571609497,0.4807019829750061,0.446438193321228,73.8099594116211,5.5083504393175975,15.839988708496094,4.81640625,0.6470249438306475
00698,0.8209028632396608,0.37785480579221875,1,0.29930543899536133,0.6352888345718384,0.4987756013870239,71.80339813232422,7.143724957295318,12.500176429748535,3.96875,0.5487052855919984
00699,0.5844996722945455,0.27893346839839367,1,0.2888142466545105,0.5085249543190002,0.47433799505233765,72.74971008300781,6.308018612079905,13.69138240814209,3.88671875,0.4658032253367648
00700,0.8275202574713608,0.3725570899388297,1,0.34159010648727417,0.5206747055053711,0.34360936284065247,68.81612396240234,6.426077115206592,13.288154602050781,2.177734375,0.397008349956295
00701,0.8122085252703934,0.38812321073791906,1,0.2671164870262146,0.4252375364303589,0.37784653902053833,73.52953338623047,4.185058718422519,11.921112060546875,3.91796875,0.35799217913931314
00702,0.8299377130176534,0.3747539446961412,1,0.29832667112350464,0.5537749528884888,0.42574089765548706,71.16658020019531,7.823525347760273,11.781767845153809,3.693359375,0.2082908848319472
00703,0.565768774818355,0.29244246287167575,1,0.3113921880722046,0.5159924030303955,0.34091535210609436,71.6347885131836,4.224556447133479,11.144352912902832,3.587890625,0.31997828945340434
00704,0.8455681195322228,0.42762438731972213,1,0.28439265489578247,0.37649276852607727,0.49975284934043884,73.83940124511719,5.475788655262861,12.537871360778809,4.6171875,0.5938898381960913
00705,0.7950751483317292,0.5024477611940299,1,0.2630232572555542,0.5299582481384277,0.44947314262390137,68.87847900390625,5.84681283076738,16.28603744506836,4.04296875,0.6393929797246563
00706,0.8850632236029524,0.44070892509695436,1,0.16721558570861816,0.3444262444972992,0.36776915192604065,74.24335479736328,3.9280800374719846,13.883844375610352,4.1875,0.466867906308917
00707,0.8502425061569187,0.4396609643909246,1,0.19303017854690552,0.4277664124965668,0.5791527628898621,74.17143249511719,5.202128717123975,10.478867530822754,4.71875,0.4407915803439786
00708,0.761851753110808,0.4107758392109031,1,0.30899226665496826,0.5265059471130371,0.4465482234954834,68.76306915283203,3.9989024817254113,12.985485076904297,4.453125,0.40596724426500863
00709,0.7193047483174975,0.34334458067461776,1,0.41533368825912476,0.6604238748550415,0.37797480821609497,69.50717163085938,7.996936412063369,10.958305358886719,2.48046875,0.1821992214964372
00710,0.7914103116890903,0.37384795119207304,1,0.2318251132965088,0.6422320008277893,0.5204945206642151,73.42729187011719,4.410524729569225,10.979355812072754,4.82421875,0.4079449761734662
00711,0.7068115810937914,0.3297995984925862,1,0.3853514790534973,0.7890156507492065,0.3829813301563263,67.08193969726562,6.831765436025163,13.256254196166992,3.28515625,0.4694971094406163
00712,0.8491047245346078,0.4572599323000178,1,0.42803066968917847,0.6874470114707947,0.4138471484184265,73.19841766357422,6.472494773631942,8.410834312438965,2.798828125,0.24875107885336517
00713,0.8654928015797891,0.4359355743487315,1,0.32543617486953735,0.6393204927444458,0.5453932285308838,76.05440521240234,5.266653108138507,5.584667205810547,4.0625,0.519328010147723
00714,0.930661703195891,0.6286006913327359,1,0.3121824264526367,0.5168337225914001,0.542216420173645,76.27030944824219,6.85799906369997,5.25892448425293,4.88671875,0.24358255697911155
00715,0.4288813390498533,0.18148485485415353,1,0.39310359954833984,0.7263567447662354,0.4305941164493561,74.59986877441406,4.198748059632098,9.015423774719238,3.78515625,0.15754003297795055
00716,0.8284555659252963,0.42390661478599223,1,0.3211798071861267,0.49471545219421387,0.5701579451560974,72.47399139404297,4.5018804029891015,6.995735168457031,3.03125,0.2774630132678894
00717,0.5464544759740703,0.25486014679627056,1,0.3811190724372864,0.6603682041168213,0.3772367537021637,63.544219970703125,9.911882475671183,11.92290210723877,1.5673828125,0.19096437352961085
00718,0.8554247660392912,0.5040711277491811,1,0.22881203889846802,0.3794613480567932,0.573933482170105,70.67222595214844,6.205495185881599,10.165348052978516,4.3828125,0.7140481756753472
00719,0.730007518091032,0.3456362570388449,1,0.22059756517410278,0.5031060576438904,0.3622145354747772,74.26526641845703,3.33957365468811,11.294286727905273,4.3046875,0.2829158631542188
00720,0.8187346814124272,0.47949845796046314,1,0.3050013780593872,0.65052330493927,0.37026694416999817,69.2646713256836,5.601416665743419,10.141826629638672,3.12109375,0.5238755974594145
00721,0.8140880573143975,0.40216985269038996,1,0.29538965225219727,0.4895033836364746,0.3742595911026001,66.52079010009766,4.2074919937681114,6.92678689956665,3.64453125,0.2343637253251923
00722,0.7418408457305036,0.33856368092949646,1,0.29671984910964966,0.5875906944274902,0.36871737241744995,68.42021942138672,5.7221998366664675,16.525772094726562,3.884765625,0.3450578332224807
00723,0.7198926465684505,0.3773484201537148,1,0.20595508813858032,0.4390372633934021,0.535334587097168,75.16244506835938,4.878053916630891,16.34827423095703,4.6015625,0.6332307824924047
00724,0.7787401813823727,0.3490554572829037,1,0.36057716608047485,0.7011758685112,0.37327685952186584,69.9588394165039,7.1656796304993975,9.193869590759277,2.958984375,0.2690022977303159
00725,0.7692784427460904,0.3798947022046726,1,0.28524303436279297,0.5802314877510071,0.4584692418575287,73.30087280273438,4.61555898686732,8.448797225952148,3.939453125,0.29728918987761155
00726,0.8657813174910026,0.41160560609786084,1,0.22761666774749756,0.48329949378967285,0.4523060619831085,75.31350708007812,5.563252546251079,11.580013275146484,4.53515625,0.477378498799616
00727,0.8507777006689117,0.4569267735455154,1,0.16690784692764282,0.3419104814529419,0.34020307660102844,69.39606475830078,3.3439313835868445,14.696403503417969,3.1796875,0.548099092323434
00728,0.8116765086987852,0.4554011349349281,1,0.4433422088623047,0.6197640895843506,0.4470020532608032,71.37187194824219,5.379635381044349,10.86856746673584,2.73046875,0.4335608951275793
00729,0.8998237856684729,0.39542994588093805,1,0.2500957250595093,0.4054061770439148,0.5451890230178833,76.9629135131836,4.111150835573455,11.986906051635742,4.5390625,0.6516873618268445
00730,0.8419522960602305,0.4650687661949372,1,0.24084806442260742,0.39904046058654785,0.572498083114624,74.55182647705078,3.8333917990414395,11.747742652893066,4.59765625,0.48931252497974065
00731,0.8984253536558566,0.4285585042219542,1,0.2138078212738037,0.32205379009246826,0.40264588594436646,73.74237060546875,5.107515774564559,14.94463062286377,4.05859375,0.6042486562087879
00732,0.7825225945557246,0.45694546004689984,1,0.21009135246276855,0.2843327820301056,0.4775286614894867,75.25552368164062,4.228918784420054,15.46527099609375,4.4140625,0.6192047826379061
00733,0.8635571448431172,0.44380442516856977,1,0.31294530630111694,0.60970139503479,0.41392701864242554,71.21453094482422,4.085206502862764,10.565935134887695,4.16796875,0.44424938536271713
00734,0.8791797656627315,0.4357198550658166,1,0.25018948316574097,0.464065283536911,0.4356575906276703,72.67455291748047,7.5288177432924295,10.140398979187012,3.478515625,0.6281889851725501
00735,0.8290170623458338,0.3743741732388942,1,0.2501046061515808,0.47990959882736206,0.5090039968490601,75.69161224365234,4.9667644694240725,13.02401065826416,4.421875,0.45925801884225464
00736,0.8362973212143833,0.5017358554085046,1,0.2711971402168274,0.40878140926361084,0.5068344473838806,74.18553924560547,5.050489934624726,11.173008918762207,3.388671875,0.512167708577554
00737,0.8591737536926105,0.43287856856887685,1,0.1827714443206787,0.37480631470680237,0.4586822986602783,69.5909194946289,5.383937704173037,16.709083557128906,3.8046875,0.6236728144056414
00738,0.7338161591109873,0.36013345418780013,1,0.28983181715011597,0.397403746843338,0.42636996507644653,65.37641143798828,5.149016445316337,17.54669189453125,4.26171875,0.38655440693709064
00739,0.7445847041139851,0.43825354091068713,1,0.27903038263320923,0.584640383720398,0.43967804312705994,73.52591705322266,4.4698184349118195,8.26812744140625,4.87109375,0.42671499753745085
00740,0.8253372846982966,0.42998167523792635,1,0.2566407322883606,0.3936251997947693,0.5842130780220032,75.9893569946289,5.020500691264723,10.394346237182617,4.53125,0.5058453313185933
00741,0.8905155607781016,0.4001063327032136,1,0.3062549829483032,0.4900667071342468,0.3324004113674164,74.91407775878906,5.645692402364859,13.086252212524414,2.626953125,0.350660070090193
00742,0.8189256232716056,0.4914956655327554,1,0.17511337995529175,0.31147500872612,0.559106707572937,74.5438461303711,4.537776555076222,10.562705993652344,4.89453125,0.4327532863501099
00743,0.8385046752204403,0.40188426545975153,1,0.2948509454727173,0.6058571338653564,0.4385235607624054,74.30776977539062,6.750439004607594,10.047402381896973,3.744140625,0.5561585042140655
00744,0.9044863117714432,0.6326210145422271,1,0.24747097492218018,0.47265511751174927,0.4948621988296509,72.2690658569336,5.176095297356469,12.208240509033203,4.484375,0.6446690597071801
00745,0.9206269830203294,0.6130138881204006,1,0.2119377851486206,0.31896498799324036,0.5115870833396912,76.97824096679688,5.372925252802763,15.3661527633667,4.3984375,0.7122104342767155
00746,0.8825499607990623,0.4263886392234406,1,0.33929377794265747,0.6231296062469482,0.43762362003326416,70.49287414550781,6.281716340160308,11.549487113952637,3.490234375,0.49816625157737654
00747,0.870895085313952,0.4073127820699151,1,0.1711176633834839,0.4171079993247986,0.44418931007385254,75.12692260742188,5.37681949219818,14.526468276977539,3.888671875,0.5032749394493696
00748,0.7304360229996799,0.3765044009340758,1,0.23253309726715088,0.33711984753608704,0.6128128170967102,72.117919921875,3.5522393596549877,17.547351837158203,4.78515625,0.49599063869779275
00749,0.9232749961496931,0.4062769584685536,1,0.3658764362335205,0.5473423004150391,0.5218656063079834,75.34151458740234,5.684169072768044,9.5511474609375,4.23828125,0.45033274043318205
00750,0.716952571839332,0.4685720792530175,1,0.20038950443267822,0.3170028030872345,0.5604075789451599,75.41749572753906,4.328206251825418,13.9662504196167,4.8515625,0.5305826891998903
00751,0.7770990596087463,0.39735780611278054,1,0.2956193685531616,0.5775282382965088,0.5093690752983093,76.78536224365234,4.2030345353141465,8.93625545501709,4.90625,0.3567775562749766
00752,0.8127393472857724,0.3980347333583541,1,0.23296570777893066,0.5761822462081909,0.46924155950546265,69.84416198730469,5.250719234651262,14.711714744567871,4.86328125,0.499316648896922
00753,0.7433560564159514,0.3799432057214977,1,0.18288910388946533,0.3969171345233917,0.596950352191925,75.19583892822266,4.549604626835803,12.840195655822754,4.95703125,0.5118575530130546
00754,0.7241668447143874,0.3673952082694582,1,0.27542585134506226,0.5867099165916443,0.28142908215522766,64.1365966796875,5.381129300232583,16.09708023071289,2.912109375,0.4790927848901918
00755,0.8261498022064693,0.5544081172491545,1,0.17363005876541138,0.3496864140033722,0.49686241149902344,71.51105499267578,5.1060566780553245,13.942852020263672,4.94921875,0.6527356506623694
00756,0.8708778906806844,0.49017825581982527,1,0.19830775260925293,0.3602248430252075,0.47204872965812683,69.52384185791016,3.952041262498653,10.806288719177246,3.681640625,0.5250314302755905
00757,0.43225077428518177,0.1736982353412093,1,0.3888391852378845,0.645524263381958,0.396255761384964,71.09220123291016,4.536116300664732,11.663847923278809,3.95703125,0.16841908301145422
00758,0.8364940269943558,0.4087049222512223,1,0.3012183904647827,0.5513268709182739,0.27561086416244507,72.24253845214844,6.288954128805672,12.576284408569336,2.63671875,0.5375268407390743
00759,0.7943349347432439,0.4241267708842208,1,0.19979184865951538,0.3100561201572418,0.5194132328033447,74.54302978515625,4.440185521688608,13.813344955444336,4.8203125,0.5192052792084012
00760,0.7844602653415809,0.38951560972119537,1,0.21511369943618774,0.4891262352466583,0.5377856492996216,72.47489166259766,4.940824889917346,12.211544036865234,4.41015625,0.41751164499797283
00761,0.8254956539760118,0.4374606175173283,1,0.20252716541290283,0.3787735104560852,0.5698602795600891,75.58482360839844,5.242541749661394,8.700815200805664,4.9765625,0.6159016968741463
00762,0.9000572886639355,0.39301392272475844,1,0.2941511869430542,0.5790375471115112,0.474252849817276,73.54010009765625,7.035529053330646,12.362170219421387,4.3125,0.41588854832246436
00763,0.6857582692218279,0.34838815924904276,1,0.25149184465408325,0.4843516945838928,0.49479398131370544,74.77680969238281,4.403215567237181,9.218673706054688,4.80859375,0.33690170535822467
00764,0.7741498534860816,0.3531211596819903,1,0.3255274295806885,0.567007303237915,0.37589117884635925,69.74873352050781,5.974484798210678,12.18310260772705,3.4765625,0.3856336260499974
00765,0.855560922686205,0.38916293161729726,1,0.3034210205078125,0.572459876537323,0.5361957550048828,75.76087951660156,6.241003958038991,10.250941276550293,4.453125,0.6122593701905544
00766,0.8734690466280585,0.42687708767003923,1,0.2236497402191162,0.3752545714378357,0.44163715839385986,67.018798828125,4.552228096663021,11.071483612060547,4.140625,0.5747642082848149
00767,0.6283583760066784,0.3273089370176749,1,0.36517858505249023,0.6484488844871521,0.33532291650772095,66.3506851196289,7.485920751988689,11.269399642944336,3.505859375,0.3793093423078338
00768,0.8721016671965477,0.40889376218323586,1,0.22716403007507324,0.4284297525882721,0.5458723306655884,73.43987274169922,5.5301421956270875,13.17278003692627,4.25390625,0.421124211182725
00769,0.8352460696261554,0.3710362566414217,1,0.28347331285476685,0.4627661108970642,0.5070698261260986,75.20701599121094,6.835838443907516,14.497199058532715,4.1953125,0.39644499974557446
00770,0.8489389126682183,0.4434215704727845,1,0.18873047828674316,0.32560664415359497,0.5683128833770752,74.63954162597656,4.385001159039485,13.057913780212402,4.6328125,0.5315678740867743
00771,0.8307732947631042,0.38629592850049654,1,0.2447277307510376,0.39427852630615234,0.5560241937637329,75.06639099121094,4.985456903824975,13.985260963439941,4.95703125,0.5872233584808398
00772,0.707436794571818,0.3540524920783595,1,0.2277888059616089,0.4628487825393677,0.4550643265247345,75.82960510253906,3.694313595697529,9.670909881591797,4.69140625,0.41284223892200755
00773,0.8427582519568831,0.44646717153150506,1,0.2107555866241455,0.33733052015304565,0.5290968418121338,72.15702056884766,4.245811173894721,15.164493560791016,4.08203125,0.38049868824290195
00774,0.78247604143302,0.3843151171043293,1,0.2535756826400757,0.5454509258270264,0.3079684376716614,75.03272247314453,4.537538552261509,14.144390106201172,3.736328125,0.6640003639332267
00775,0.6422215974915773,0.33013933637390686,1,0.30973154306411743,0.5332977771759033,0.330476850271225,71.18451690673828,5.95469577177703,13.317989349365234,2.6953125,0.5654646775218534
00776,0.8244721518274242,0.3651088648142272,1,0.2618722915649414,0.5188429355621338,0.32668256759643555,72.80345153808594,7.285839800372995,14.34863567352295,3.603515625,0.17861495076409897
00777,0.8172283386131848,0.41278937812074445,1,0.2539738416671753,0.535172164440155,0.5256412029266357,73.3558349609375,4.810188176437814,12.144750595092773,4.625,0.4257127600619064
00778,0.7034545196629435,0.33912101271175243,1,0.2751957178115845,0.487305611371994,0.4319595396518707,69.22042846679688,4.2164923277292585,11.332673072814941,3.201171875,0.5080524754617404
00779,0.7728734354105257,0.3989246379325297,1,0.243300199508667,0.3965266942977905,0.32876458764076233,68.81111145019531,3.9280520867431017,13.093053817749023,3.001953125,0.31725647303122373
00780,0.8914888038235683,0.4010797576822876,1,0.26628220081329346,0.23100605607032776,0.4334782660007477,74.09085845947266,4.773320016681612,13.468199729919434,4.54296875,0.7698373340501672
00781,0.8895813948872127,0.42396777442094663,1,0.2613927125930786,0.4590969681739807,0.43238529562950134,74.33743286132812,5.711953239841108,13.792852401733398,4.125,0.29008892748135207
00782,0.8824269165928151,0.42821025855784595,1,0.221530020236969,0.3588930666446686,0.3983723819255829,73.31122589111328,4.237243939509463,12.170487403869629,3.619140625,0.5501513657462611
00783,0.7848429577760034,0.39913965278844676,1,0.35420435667037964,0.5953386425971985,0.38294467329978943,71.50757598876953,6.6232482330413145,10.181827545166016,2.779296875,0.43895788592433255
00784,0.7390611628572027,0.4435115279141416,1,0.20423632860183716,0.41049790382385254,0.44485485553741455,69.41673278808594,4.128758115923847,12.875732421875,4.0546875,0.5467457123990458
00785,0.7694732569479386,0.3490378433336822,1,0.35753458738327026,0.6002771258354187,0.3049764335155487,71.20336151123047,7.639042237563321,15.267334938049316,2.560546875,0.2733956397820407
00786,0.7988237588705686,0.5032996554342113,1,0.25374114513397217,0.4364980161190033,0.4847570061683655,72.21549987792969,5.809132028250396,10.568038940429688,4.25,0.6705876675168845
00787,0.6107696644778431,0.3191159625362172,1,0.3184047341346741,0.5244839191436768,0.2296447604894638,63.20598220825195,6.134097179404464,12.054891586303711,2.35546875,0.6382126835944302
00788,0.8825480708522703,0.42088405498079207,1,0.253473699092865,0.49242204427719116,0.4665219783782959,72.61007690429688,4.497410621237689,12.791155815124512,4.7421875,0.37394026190397966
00789,0.8511641114483881,0.4356946428190752,1,0.36051344871520996,0.6495531797409058,0.3636253774166107,69.89030456542969,5.905302566429947,3.82688307762146,3.61328125,0.12265098232931518
00790,0.8256682753969115,0.3666129067892097,1,0.19584059715270996,0.5237183570861816,0.4924509823322296,75.16614532470703,4.1828897607684175,10.448956489562988,4.76953125,0.41892031603775365
00791,0.7589443014832777,0.3681159420289855,1,0.38618695735931396,0.7343822717666626,0.39334380626678467,63.86521911621094,7.18364151229758,14.880647659301758,3.5625,0.3751755869512986
00792,0.8567953692312048,0.4877496352113596,1,0.13109922409057617,0.21068483591079712,0.5981859564781189,73.71895599365234,4.421525238119214,16.396636962890625,4.921875,0.6300747585997319
00793,0.8428271007237598,0.4916874640046074,1,0.2567822337150574,0.4503982365131378,0.5931118726730347,74.50869750976562,5.4105847554518975,10.294856071472168,4.69140625,0.456234438382038
00794,0.7144152067233246,0.3039464400978729,1,0.23875898122787476,0.345350056886673,0.4988032877445221,75.03060150146484,4.920070017275165,11.72454833984375,4.8984375,0.3037773918580957
00795,0.8297557633619673,0.38321741081444916,1,0.4561563730239868,0.692874550819397,0.3105108141899109,69.0606689453125,7.5405483016251456,9.874165534973145,3.03125,0.20520335346559623
00796,0.803311315260611,0.3932840918794296,1,0.22839105129241943,0.4853637218475342,0.4535141885280609,75.55818176269531,6.166198221438712,12.91120719909668,4.74609375,0.30807026942357585
00797,0.8704731231048727,0.4300482245775449,1,0.2514454126358032,0.447026789188385,0.4648027718067169,72.80111694335938,4.296325029708452,12.47353458404541,3.92578125,0.36172913436084736
00798,0.7382301699021527,0.3603270904774466,1,0.35433465242385864,0.7620047330856323,0.41294798254966736,71.872314453125,7.348459290763415,15.438785552978516,3.44921875,0.34055936718492613
00799,0.8168746115648445,0.47402225963031364,1,0.22479456663131714,0.3200044333934784,0.5352909564971924,73.1465835571289,4.462585476602979,12.838057518005371,4.55078125,0.497764998661446
00800,0.8509596656369801,0.3825134770889488,1,0.3130605220794678,0.4710330069065094,0.42588725686073303,73.4792251586914,6.24869669930235,15.667887687683105,3.66015625,0.4292765059684735
00801,0.9401908426090768,0.43708550219022035,1,0.40199899673461914,0.5543200373649597,0.45416170358657837,73.58910369873047,4.299141258509599,6.632258415222168,3.08203125,0.20901393651682296
00802,0.8762749647433757,0.4544560540872772,1,0.43462449312210083,0.5734111070632935,0.4791450500488281,68.89681243896484,7.061995637776487,11.042450904846191,2.853515625,0.4763105691577412
00803,0.8527760498450617,0.3900230946882217,1,0.2599376440048218,0.5158717036247253,0.4149867296218872,72.14140319824219,5.098087839307124,13.292622566223145,4.58203125,0.26840510218378255
00804,0.6807350839147686,0.3728355642883458,1,0.31510722637176514,0.5513490438461304,0.3817436397075653,62.65744400024414,4.611552177340399,9.993646621704102,3.921875,0.3913399878232494
00805,0.7586545721761212,0.43807444852941174,1,0.288399338722229,0.4357914626598358,0.5466266870498657,73.80220794677734,4.604543823272638,13.3455171585083,4.02734375,0.6426212531704262
00806,0.7812708712404223,0.4248741592053098,1,0.20981979370117188,0.44203317165374756,0.40150535106658936,73.9248046875,4.470828974213367,13.45241641998291,4.1328125,0.44760036719219126
00807,0.8313538998151653,0.4387624396492265,1,0.24584972858428955,0.5001948475837708,0.5320674777030945,75.99180603027344,4.6037575607937145,7.776219367980957,4.95703125,0.34971235701910003
00808,0.6192224167759984,0.2702484113229347,1,0.29149550199508667,0.5201947093009949,0.5046623945236206,68.06228637695312,6.624231354080348,14.179368019104004,4.0703125,0.48852736915653505
00809,0.8658046767984546,0.38975111002484825,1,0.28942257165908813,0.5484108924865723,0.4033207297325134,73.19438934326172,5.133290837534988,10.888668060302734,3.775390625,0.4239575030505317
00810,0.8383300905801107,0.3746964733089227,1,0.25123482942581177,0.43607622385025024,0.466884970664978,75.15049743652344,6.093951958062902,12.412365913391113,4.359375,0.24304428684530413
00811,0.6786686986801801,0.355727863931966,1,0.32342296838760376,0.5347702503204346,0.4090668261051178,68.08767700195312,5.730969695177185,11.699403762817383,3.728515625,0.3544194351048091
00812,0.6908284270960392,0.32197020176443936,1,0.3379490375518799,0.5645470023155212,0.38293156027793884,75.86505126953125,3.6428123606442746,11.939988136291504,2.955078125,0.474380982409776
00813,0.7618846380892136,0.3983999707757219,1,0.27377885580062866,0.5197795629501343,0.5308634042739868,74.31138610839844,5.164828911314831,10.831643104553223,4.42578125,0.46329787801645267
00814,0.8248142205334494,0.3782427921684983,1,0.3186846375465393,0.6295121312141418,0.39105555415153503,73.36888885498047,10.097473175063826,10.890241622924805,2.896484375,0.23301120967554173
00815,0.7193265464154134,0.3568441850847769,1,0.35132986307144165,0.6772488355636597,0.5084760785102844,67.99665832519531,6.532565537647503,12.70193862915039,4.5546875,0.43867767411143277
00816,0.7627274892192619,0.35879244725270665,1,0.2622816562652588,0.666226863861084,0.3938713073730469,71.61588287353516,5.533223931487295,10.482583999633789,3.990234375,0.37596854569491556
00817,0.49413414524238913,0.26364014993752605,1,0.21045291423797607,0.40547364950180054,0.606351375579834,75.23780822753906,5.262031872614379,8.751619338989258,4.98828125,0.5247368622944644
00818,0.679511316463501,0.33393306944944223,1,0.29989516735076904,0.5684249401092529,0.4609341323375702,70.3843994140625,6.094759941877521,7.765925407409668,4.08984375,0.49934705892624776
00819,0.7800928987379346,0.3559663294762633,1,0.2505890130996704,0.5572279095649719,0.5206133127212524,72.8303451538086,4.947494720882062,15.369163513183594,4.0390625,0.5218085562406146
00820,0.8362264448309045,0.5193422294109719,1,0.18658900260925293,0.41823136806488037,0.5251538753509521,74.21663665771484,4.428598153183597,12.70005989074707,4.5703125,0.5501720553497608
00821,0.7342650906070439,0.3671116025590396,1,0.3820071816444397,0.6710281372070312,0.26575371623039246,68.00376892089844,7.657060927494472,12.919068336486816,2.298828125,0.45766428780485047
00822,0.8390667562119754,0.5159222776953177,1,0.20673644542694092,0.3581819534301758,0.47660279273986816,75.17815399169922,5.171664296040641,11.319158554077148,4.90234375,0.6990256679192067
00823,0.8407698141842903,0.442322871640669,1,0.20635008811950684,0.35132336616516113,0.4154828190803528,74.48582458496094,6.580909383057077,13.834866523742676,3.888671875,0.4884590939861944
00824,0.49349859112501926,0.20628516938940178,1,0.3822057247161865,0.6273547410964966,0.3256424367427826,72.30464172363281,5.078112146916102,9.775602340698242,2.830078125,0.19153391586829435
00825,0.6447408028115109,0.30740914053969737,1,0.32474231719970703,0.663347065448761,0.45077741146087646,68.7883529663086,5.094733231288879,5.375303268432617,4.7890625,0.31010470822403896
00826,0.8646999837753542,0.38882300622591165,1,0.4327678084373474,0.7300765514373779,0.3177892863750458,73.66641998291016,4.788933292130016,11.264055252075195,2.869140625,0.3072224261219881
00827,0.8670439888654032,0.4295533469045623,1,0.31817078590393066,0.6626893281936646,0.43097978830337524,72.96967315673828,4.625256070545759,9.802414894104004,3.921875,0.33469907026298273
00828,0.6539777590835925,0.3748113004097477,1,0.2931596636772156,0.4285900592803955,0.5615711212158203,74.5305404663086,4.809925589669994,11.242486000061035,4.6953125,0.41268371756090944
00829,0.8644755718923349,0.4972606492261334,1,0.1679874062538147,0.4034096598625183,0.5136566758155823,72.87665557861328,4.632368797153089,12.475899696350098,4.90625,0.5706700060319446
00830,0.795565013337079,0.39775203578392015,1,0.3015933036804199,0.40003466606140137,0.4669174253940582,66.95236206054688,5.424045197215499,17.859619140625,3.47265625,0.7481097380400362
00831,0.7150346276491286,0.3977827198194311,1,0.19318127632141113,0.43517303466796875,0.5073707103729248,70.8729476928711,3.843711018469804,11.248462677001953,4.59765625,0.4203524295756304
00832,0.9223456043417746,0.4132499786354284,1,0.26185280084609985,0.5220903158187866,0.45275378227233887,72.4529037475586,6.81461418324532,14.203819274902344,4.02734375,0.1786879506298391
00833,0.8626151949309523,0.6770515248734104,1,0.20209956169128418,0.2881752848625183,0.6096205711364746,75.90828704833984,6.5483290503970055,14.313253402709961,4.5703125,0.7292504432986122
00834,0.8014495031484558,0.4197924980047885,1,0.2901259660720825,0.5278943777084351,0.5546799302101135,76.56927490234375,5.120251028038327,11.010580062866211,4.98046875,0.537216517293816
00835,0.8609885177130544,0.405048611245337,1,0.22966015338897705,0.35146310925483704,0.5850055813789368,75.75685119628906,6.0478335654297934,13.694112777709961,3.80078125,0.5618928413560792
00836,0.8245451391636993,0.3852497643732328,1,0.28418731689453125,0.5662074685096741,0.27539730072021484,74.3526840209961,5.177555835169489,12.41544246673584,2.78125,0.273114950706617
00837,0.8416128699812002,0.41144938948606774,1,0.21850037574768066,0.46018582582473755,0.38522785902023315,73.60578918457031,3.8803209279122854,11.893263816833496,3.619140625,0.254351715934788
00838,0.6109451732517184,0.2995884372793025,1,0.24815881252288818,0.42147892713546753,0.46494969725608826,73.6130142211914,5.285704826954564,11.924291610717773,3.77734375,0.24464161205968826
00839,0.758809016000073,0.36057245080500894,1,0.304166316986084,0.6742669343948364,0.44752952456474304,70.69158935546875,6.671423124282639,8.499698638916016,3.349609375,0.5490841928179676
00840,0.8749918925915601,0.45717599140125587,1,0.23355376720428467,0.41882556676864624,0.3836110532283783,67.0972671508789,4.16417922257996,14.240399360656738,3.984375,0.4276475523227819
00841,0.8238070869016975,0.4493675460787857,1,0.29967212677001953,0.5613052845001221,0.5044053196907043,75.13670349121094,4.3188667516134664,7.0352582931518555,4.3828125,0.3038345239449285
00842,0.8447660952976814,0.5219902036607373,1,0.15517592430114746,0.25941726565361023,0.5813007354736328,74.69145202636719,4.777166723054784,12.47261905670166,4.94140625,0.6526280869719961
00843,0.785153419542164,0.3413681380546428,1,0.3158057928085327,0.5798946619033813,0.5946771502494812,72.27787017822266,4.346273945680241,12.080930709838867,4.984375,0.09150994205207504
00844,0.7883145564073784,0.3557718643996376,1,0.40323787927627563,0.6717735528945923,0.2732682526111603,68.17787170410156,8.986536926026282,9.569672584533691,1.66796875,0.327336998889979
00845,0.47511737519751607,0.20699426804920462,1,0.4873267412185669,0.6651560068130493,0.2816554009914398,62.71523666381836,8.391539439534515,10.58957290649414,2.359375,0.28157944000779733
00846,0.6479014676661302,0.35998183744513396,1,0.29595714807510376,0.40631917119026184,0.5219290256500244,72.78460693359375,4.439508276703001,12.916654586791992,4.23046875,0.5632692790709419
00847,0.7996914273375275,0.38063837920489296,1,0.22830480337142944,0.4416036009788513,0.565090537071228,74.78246307373047,4.129879959077442,12.391412734985352,3.728515625,0.550943348452482
00848,0.8463046030190121,0.49054748941318815,1,0.17785578966140747,0.35440367460250854,0.5433847308158875,74.18643951416016,3.9436838765279045,12.920848846435547,4.94140625,0.6074699632825646
00849,0.8836986516486702,0.46725888829269263,1,0.21327102184295654,0.3874010741710663,0.5751979947090149,75.90038299560547,5.349778141169352,13.146258354187012,4.62890625,0.5118989459269871
00850,0.6659883035701137,0.3191219589507885,1,0.21004122495651245,0.3607642650604248,0.6038241982460022,76.2695083618164,5.028043167422322,14.124944686889648,4.98046875,0.5401110368010715
00851,0.7891626904299405,0.4580398945587599,1,0.1570810079574585,0.44759783148765564,0.49976247549057007,71.93910217285156,5.1508940528050635,14.198036193847656,4.8125,0.522455790727355
00852,0.8135657807125797,0.3597321928618706,1,0.17878299951553345,0.435954749584198,0.5421178340911865,76.9168472290039,4.003968486166247,14.093706130981445,4.96875,0.36922093137326817
00853,0.8051588233429079,0.3928269401739055,1,0.3325198292732239,0.5857725739479065,0.34559860825538635,73.47307586669922,6.368543365986965,14.691770553588867,3.0625,0.39812245318024525
00854,0.7082475078167297,0.3659653547487887,1,0.20179152488708496,0.45021772384643555,0.5035261511802673,74.1230239868164,4.294191371398676,11.354737281799316,4.93359375,0.5255517953304777
00855,0.9054679388995417,0.4084324883600621,1,0.298941969871521,0.44830313324928284,0.37634408473968506,73.04151153564453,6.1825244894234475,11.620244979858398,2.916015625,0.3575109273637978
00856,0.8194426766463984,0.46343878176417896,1,0.18458491563796997,0.270492285490036,0.5456392765045166,73.95630645751953,4.173746335746589,11.719593048095703,4.859375,0.586051601171277
00857,0.7887881430278704,0.37528449801905084,1,0.2628493309020996,0.4819733798503876,0.5549237132072449,74.18389892578125,5.256903079385542,11.651572227478027,4.9609375,0.4625941163329032
00858,0.7679104986999318,0.40451629458557864,1,0.17811071872711182,0.38667041063308716,0.37245404720306396,70.90055084228516,3.142919126754135,14.394624710083008,4.03515625,0.4607754690778652
00859,0.7680666510088154,0.4112526344726473,1,0.2051466703414917,0.41231876611709595,0.3694801330566406,70.17781066894531,3.6793431600141595,11.495085716247559,3.857421875,0.403952271150583
00860,0.6606436887690957,0.34622760991496293,1,0.2890855073928833,0.5471932888031006,0.27398648858070374,68.7872543334961,5.918017436680395,15.080940246582031,3.32421875,0.47168699371911454
00861,0.715360926504302,0.34114007954043307,1,0.24997961521148682,0.48374873399734497,0.5067832469940186,76.36591339111328,4.429637577279338,11.70505142211914,4.87109375,0.5088269086234402
00862,0.8530685187538767,0.4261566762694804,1,0.46985042095184326,0.7932571172714233,0.38918644189834595,66.45377349853516,6.111565939752654,7.234598159790039,2.44140625,0.2924849083474112
00863,0.872925120962624,0.47296037296037297,1,0.3085075616836548,0.4260924756526947,0.45296841859817505,73.47480773925781,5.444976703313707,9.94875717163086,3.26953125,0.6023183210315439
00864,0.8526112714723932,0.5662793455062841,1,0.409224271774292,0.7366408109664917,0.45107248425483704,67.31443786621094,7.323532495528455,6.866713523864746,2.357421875,0.422453568047475
00865,0.8500872736839692,0.4283727399165508,1,0.2838914394378662,0.5502873659133911,0.35570061206817627,72.03987121582031,5.812582165762362,11.974930763244629,3.580078125,0.5021902111540244
00866,0.774835886992667,0.38694086658128124,1,0.21296757459640503,0.45119255781173706,0.45734620094299316,73.25820922851562,2.9633971941276296,10.691877365112305,3.833984375,0.4132315741132924
00867,0.6260902305598874,0.32064834390415786,1,0.35319072008132935,0.6705198884010315,0.350671648979187,69.1590347290039,6.018227154056597,8.043663024902344,3.21484375,0.34119109484480425
00868,0.8304800485927603,0.4055255824983696,1,0.26532191038131714,0.593042254447937,0.5066990852355957,72.29483795166016,5.469883808501471,9.81772232055664,4.15625,0.4508486604308451
00869,0.529722334804066,0.30411103302881237,1,0.27265793085098267,0.5766134262084961,0.3929825723171234,64.90245819091797,6.311445715383393,9.146470069885254,3.888671875,0.5193976995134981
00870,0.8816545420357111,0.4576378916641164,1,0.1801348328590393,0.35795319080352783,0.5149743556976318,73.8643569946289,4.503634662604514,12.913772583007812,4.546875,0.4649293712093741
00871,0.8052155338922146,0.4138858465846862,1,0.16639059782028198,0.33885377645492554,0.4184502065181732,74.97213745117188,3.2461388128139594,13.33802318572998,4.15625,0.404764417470077
00872,0.5354397876569428,0.2780849311845665,1,0.2641143798828125,0.48137766122817993,0.44452226161956787,72.53910064697266,6.592543079960511,13.41249942779541,3.9921875,0.6833592993511145
00873,0.6258368416471337,0.2805890077956914,1,0.4409794211387634,0.6542531251907349,0.24273774027824402,67.99718475341797,9.530311707428778,15.125059127807617,1.66015625,0.31193916846325215
00874,0.737225247157792,0.3795312626713162,1,0.19211411476135254,0.3706464469432831,0.5326034426689148,74.2438735961914,4.944366797386819,9.238479614257812,4.765625,0.4606837064117212
00875,0.74860183522771,0.35876306544650216,1,0.2686401605606079,0.5053170919418335,0.44082316756248474,71.26921081542969,4.311123410847723,11.23794937133789,4.140625,0.396353356863222
00876,0.9006537917799426,0.4292671746977597,1,0.23419100046157837,0.3841317594051361,0.4347694218158722,72.85343170166016,4.985928085763651,15.233537673950195,3.748046875,0.7993247698029307
00877,0.7007218566911991,0.34928190841965756,1,0.2859184741973877,0.48021775484085083,0.4829261302947998,71.40921020507812,5.769958835497533,13.475748062133789,3.65234375,0.536184729921966
00878,0.9120104729994244,0.41120889363167884,1,0.5521959066390991,0.6781631708145142,0.37228235602378845,67.00392150878906,6.133808862165768,6.774394989013672,1.9990234375,0.14001395169409153
00879,0.8105152621156889,0.3970764967012484,1,0.24079668521881104,0.5806105136871338,0.4643264412879944,73.91371154785156,4.955582706161419,13.930778503417969,4.078125,0.5084313248046413
00880,0.7773069547896773,0.36158237196119913,1,0.36673682928085327,0.676147997379303,0.36566925048828125,67.17633056640625,7.066343476925293,11.800148010253906,3.779296875,0.448932851306724
00881,0.8515109038911616,0.45703713492797676,1,0.19351232051849365,0.40816396474838257,0.5160040259361267,71.62450408935547,4.108606154687913,8.670775413513184,4.890625,0.5252448554054042
00882,0.7041929108253773,0.37966177001471774,1,0.26548975706100464,0.396915465593338,0.5159542560577393,72.44776153564453,5.976766514540263,12.76885986328125,4.296875,0.49708946161560624
00883,0.7423085980340046,0.32765326462151784,1,0.377926766872406,0.66680908203125,0.34191063046455383,68.8133316040039,5.887258294727128,8.778863906860352,3.0390625,0.161477943618641
00884,0.7420370465776139,0.39939599848999624,1,0.31119632720947266,0.46594545245170593,0.644375741481781,75.27530670166016,5.23209313246269,9.723398208618164,4.71484375,0.5998374894181476
00885,0.800128942443012,0.37914012738853503,1,0.25204843282699585,0.6346343755722046,0.4304605722427368,71.71775817871094,4.234063013249683,13.728026390075684,4.3828125,0.4783558198310908
00886,0.8335095288651498,0.42163426635476325,1,0.29270386695861816,0.5090358257293701,0.39320239424705505,74.7925033569336,5.916021101689542,15.288987159729004,3.86328125,0.4588994646881159
00887,0.762810182309102,0.5134885561638415,1,0.1592336893081665,0.2757702171802521,0.5779169201850891,76.52198028564453,4.342397680959388,15.660737991333008,4.87890625,0.6421356413978507
00888,0.8053680361201079,0.48026341889157775,1,0.21184712648391724,0.4729503393173218,0.4175310730934143,69.1038818359375,3.8472475650102673,13.30741024017334,3.607421875,0.4767189590224018
00889,0.7694618464297365,0.34079914860681115,1,0.35625988245010376,0.6279981136322021,0.44008293747901917,72.43684387207031,6.694544881305612,12.113112449645996,3.9609375,0.2545056082777039
00890,0.8442028492786824,0.49548901539283585,1,0.15786314010620117,0.2905614972114563,0.5234988927841187,73.97335815429688,3.788268355805223,12.875551223754883,4.66796875,0.5617469132716231
00891,0.7798995853248055,0.3643926386302629,1,0.1878420114517212,0.37994375824928284,0.37882089614868164,70.36821746826172,5.562290098703284,17.962173461914062,4.37109375,0.3580300863429999
00892,0.8727519527097142,0.39107749413453796,1,0.3143901228904724,0.5298303365707397,0.40186014771461487,74.62203979492188,4.526550362809904,10.602251052856445,3.966796875,0.3099420343430874
00893,0.7406525710117843,0.3344069723380068,1,0.2338254451751709,0.5731502175331116,0.5904259085655212,76.58766174316406,5.283355452633871,14.188519477844238,4.93359375,0.5598602019714498
00894,0.8779110356727791,0.48459627729926774,1,0.18271130323410034,0.37070536613464355,0.5554984211921692,72.84408569335938,5.523216781116061,13.819826126098633,4.80859375,0.5142395608688775
00895,0.7735729129076814,0.46742209631728043,1,0.24546736478805542,0.5338398814201355,0.5019183158874512,59.741943359375,5.822387120070028,19.680728912353516,4.65625,0.5597709985549478
00896,0.7542613852920796,0.49939423309910347,1,0.21506190299987793,0.4233335554599762,0.4379718601703644,70.72434997558594,6.312123272324933,15.259156227111816,4.56640625,0.6922665395580204
00897,0.8540003485452705,0.42578089837069044,1,0.26890575885772705,0.46665146946907043,0.28595858812332153,66.53047180175781,4.800012360324884,9.969988822937012,3.484375,0.4830808462441372
00898,0.735197158758321,0.47211702680626716,1,0.2989043593406677,0.6284366250038147,0.38524511456489563,70.489501953125,5.74711619061545,9.436749458312988,4.1328125,0.4652617672019163
00899,0.835203826992996,0.42270479466781335,1,0.35744839906692505,0.6408631801605225,0.29904651641845703,68.37625885009766,6.130293004416895,12.60643482208252,2.798828125,0.42212367915897325
00900,0.7388450828280091,0.41570790149282116,1,0.3845682740211487,0.5997686386108398,0.5831295847892761,73.21446228027344,6.278799562527198,10.20423698425293,4.80078125,0.05389668015090118
00901,0.8348637123274473,0.3899803341212928,1,0.32155877351760864,0.5333225727081299,0.6089484095573425,75.60400390625,4.905569006590428,9.147994995117188,4.42578125,0.4456855542364051
00902,0.5934627058106144,0.2832194381169324,1,0.32195961475372314,0.4975770115852356,0.5993954539299011,74.84075164794922,5.629159578653555,6.474196434020996,4.9921875,0.38303004609468794
00903,0.7307350527992171,0.3550691455261471,1,0.25524771213531494,0.3289847671985626,0.6230003237724304,76.1038589477539,6.313224957027618,12.409452438354492,4.98828125,0.6622434905497978
00904,0.8498553626871669,0.49451546391752577,1,0.19832956790924072,0.37299734354019165,0.4964476227760315,68.33186340332031,3.752522021595206,8.022005081176758,4.0625,0.39234788787205616
00905,0.7894372116304543,0.43567179588024185,1,0.24959468841552734,0.38372164964675903,0.6060102581977844,73.52587127685547,5.191520441731437,12.45329475402832,4.95703125,0.46637575367767414
00906,0.8116325473941112,0.48436399277160097,1,0.1755375862121582,0.305210143327713,0.6138145327568054,75.51964569091797,5.237119298779169,15.755891799926758,4.95703125,0.689552964479811
00907,0.7193637330094614,0.3700734802939212,1,0.32212740182876587,0.584456741809845,0.495290607213974,63.99235916137695,7.9823206329792855,14.925886154174805,3.013671875,0.5729138714412411
00908,0.8460157556497198,0.46266097097065884,1,0.28973275423049927,0.5918616652488708,0.39168450236320496,71.57804107666016,4.586164823395584,11.808523178100586,4.140625,0.4414253138432217
00909,0.8866239105689308,0.4291572424192273,1,0.269340455532074,0.4463924169540405,0.35546720027923584,71.79232788085938,4.470553480769241,12.21837043762207,3.19140625,0.29433142700365755
00910,0.8428045807467665,0.4151527869376661,1,0.18475914001464844,0.34396126866340637,0.4420430064201355,72.14421844482422,4.093117219306163,14.222911834716797,4.2578125,0.33511905548654036
00911,0.6546424202574936,0.28358154072439784,1,0.3517758250236511,0.574438214302063,0.44940802454948425,73.53475952148438,5.448721950662083,8.458940505981445,3.212890625,0.30092625200273565
00912,0.8368923395179161,0.3862388761976201,1,0.2615457773208618,0.3322134017944336,0.5775986313819885,76.13114929199219,4.93609678605075,11.747257232666016,4.98046875,0.644367215276987
00913,0.846554763571068,0.506609260518166,1,0.21433424949645996,0.37748751044273376,0.5806513428688049,75.6649398803711,3.780690916039751,12.462194442749023,4.84765625,0.5580726834229469
00914,0.9477009032828255,0.7289719626168224,1,0.3461439609527588,0.27194446325302124,0.6042700409889221,65.11506652832031,12.420878773210232,17.8764705657959,3.884765625,0.8500023193303277
00915,0.837617696457484,0.44329653740918956,1,0.2815316915512085,0.5716774463653564,0.45115599036216736,74.8699951171875,4.217771869325583,10.23878288269043,3.6328125,0.4369247896223637
00916,0.6524564378537896,0.35941043083900226,1,0.26024556159973145,0.44713640213012695,0.5855777263641357,73.01788330078125,5.184624859228093,13.762983322143555,4.796875,0.42924330932701804
00917,0.8743503524441928,0.4140060557004527,1,0.29481303691864014,0.4919804036617279,0.458520770072937,69.81494903564453,5.887031569007916,16.38031005859375,3.955078125,0.5141866337091523
00918,0.8354464750864911,0.4644787265402378,1,0.1986910104751587,0.495083749294281,0.6267948746681213,76.02655792236328,5.808591750164313,9.335588455200195,4.9921875,0.5889641706609554
00919,0.8166922573553628,0.49023405972558515,1,0.3212522864341736,0.5293778777122498,0.3139841854572296,63.4457893371582,5.338447456634617,11.399641036987305,1.9970703125,0.5185698735342787
00920,0.8237690344705374,0.43986254295532645,1,0.17978090047836304,0.34333720803260803,0.4865088164806366,71.89710235595703,5.673568165227523,14.876399040222168,4.171875,0.7622079936249468
00921,0.7077778045131096,0.347524115755627,1,0.2523992657661438,0.6527127623558044,0.46150797605514526,68.92701721191406,4.139024508836172,10.367679595947266,4.47265625,0.3936341836571732
00922,0.8759802939724218,0.44366968821595776,1,0.3797493577003479,0.5147550702095032,0.26683372259140015,68.86917114257812,5.626252051383672,14.132211685180664,1.982421875,0.5079409088898962
00923,0.741014688836737,0.38977526162291987,1,0.2821904420852661,0.5644947290420532,0.38206931948661804,69.79261779785156,3.8646120901236287,9.493636131286621,3.91015625,0.34719528901342855
00924,0.6033938550012778,0.2899175692037218,1,0.3357624411582947,0.5852614045143127,0.4988163709640503,68.22564697265625,5.896951495850216,9.06860065460205,4.02734375,0.2592671899683055
00925,0.8270345204985972,0.41565315111199724,1,0.2674853801727295,0.5124562978744507,0.5324961543083191,75.64779663085938,4.361496718255687,8.514608383178711,4.9609375,0.30434569152801544
00926,0.2862026461557581,0.14270516717325227,1,0.2236156463623047,0.3746451139450073,0.6365038752555847,74.68092346191406,6.03070964464984,10.74865436553955,4.98046875,0.44047451153223566
00927,0.7996764997900841,0.3842825208670864,1,0.20441937446594238,0.4978093206882477,0.4903756082057953,75.73506164550781,3.828182226444469,9.89484691619873,4.765625,0.3811936752427267
00928,0.8328209407379298,0.4950276243093923,1,0.3136265277862549,0.5318809151649475,0.4800454378128052,73.65194702148438,4.3040602788973406,7.687503814697266,3.52734375,0.3897640821139508
00929,0.719138399846708,0.3611420096403411,1,0.28540414571762085,0.6224008202552795,0.5006744265556335,72.85148620605469,4.840497059237847,11.203084945678711,4.83984375,0.37075948470305664
00930,0.6012672086165153,0.3399140264289126,1,0.214324951171875,0.45166242122650146,0.5117406845092773,70.46602630615234,5.620926169692942,18.566530227661133,4.26171875,0.7100586159868482
00931,0.503560645384561,0.2561787072243346,1,0.305759072303772,0.48075181245803833,0.3212956190109253,65.70171356201172,5.897735930780576,16.228919982910156,2.572265625,0.5101222513781727
00932,0.8843572710283146,0.48623251414885665,1,0.2043365240097046,0.4010268449783325,0.4265146553516388,71.43904113769531,4.467645370740226,12.317022323608398,3.56640625,0.4023979442802452
00933,0.87942276692884,0.41026579859720586,1,0.2734312415122986,0.544763445854187,0.4821317791938782,74.87303924560547,4.967622406455833,9.85794448852539,4.34765625,0.32667696070868596
00934,0.8553570749718719,0.3799134635196081,1,0.36882853507995605,0.716667652130127,0.3942931890487671,71.64836120605469,6.959730444878953,11.606164932250977,3.392578125,0.35162123492024255
00935,0.6980344607539437,0.35223226513284034,1,0.23250168561935425,0.4268573522567749,0.4232895076274872,69.6180648803711,5.644146039014784,10.845867156982422,4.4140625,0.5173493731780452
00936,0.8833450348417243,0.4423092278619148,1,0.19905757904052734,0.4184747636318207,0.4695673882961273,74.77703857421875,4.297715663426903,12.055745124816895,4.73828125,0.3612851348790419
00937,0.6986660888024907,0.34038570807847857,1,0.2896503806114197,0.43408870697021484,0.5375277400016785,72.0528335571289,6.86092276989157,14.260026931762695,3.99609375,0.48628324259055916
00938,0.8108681579450786,0.393519882179676,1,0.3133864402770996,0.5655240416526794,0.34827280044555664,66.74649047851562,5.389926469532753,13.364609718322754,3.66796875,0.34847551082067607
00939,0.8316568091230766,0.42563897763578273,1,0.21679598093032837,0.5071118474006653,0.4754439890384674,72.35638427734375,4.374247387284585,10.252355575561523,4.8359375,0.44673377301356526
00940,0.8083905313525679,0.4127588669364437,1,0.19318348169326782,0.49901506304740906,0.5317434072494507,74.82596588134766,4.770793912597446,14.615608215332031,4.921875,0.5727374683404003
00941,0.7790569131184366,0.4474891788980376,1,0.3151477575302124,0.6363750696182251,0.4760783314704895,72.18269348144531,4.785735777200242,7.240703105926514,4.015625,0.3654859830856452
00942,0.826417034671619,0.41556302751664037,1,0.1552734375,0.34749191999435425,0.5033581256866455,71.42359161376953,4.3030309954880925,16.325328826904297,4.89453125,0.42229208769106796
00943,0.8555743810829839,0.40256350402139085,1,0.22591054439544678,0.5401173830032349,0.5108219981193542,78.01212310791016,4.245801327578494,10.368947982788086,4.8359375,0.5147585131931213
00944,0.8849834514191129,0.432269226854836,1,0.22322368621826172,0.4372616708278656,0.48960214853286743,71.82493591308594,6.002798103404349,16.470272064208984,4.91015625,0.6983296166581653
00945,0.8458941161994236,0.4851415509055741,1,0.25341081619262695,0.48672550916671753,0.46851590275764465,73.5384521484375,4.300583090140436,8.184135437011719,3.470703125,0.41688618513352327
00946,0.7360573348855536,0.3947341975680836,1,0.25053244829177856,0.5030236840248108,0.5143498778343201,70.96937561035156,4.9989376165428565,7.552858352661133,4.66015625,0.3625279984635556
00947,0.8245351171692435,0.4142323742587305,1,0.19799095392227173,0.4096119999885559,0.4589819014072418,72.5764389038086,4.779573152715768,16.504436492919922,4.09375,0.5194739957976724
00948,0.8498812241495134,0.4663301735811892,1,0.16855859756469727,0.3355369567871094,0.4968865215778351,73.47037506103516,4.070361594814241,13.836143493652344,4.5703125,0.6617327049105803
00949,0.8597053299160086,0.48855144487391866,1,0.22924548387527466,0.32326453924179077,0.45850634574890137,69.11976623535156,4.142784681855057,13.340816497802734,3.654296875,0.4141832786753978
00950,0.7979974013703743,0.4031946662962706,1,0.224856436252594,0.3752404451370239,0.41113218665122986,71.20670318603516,3.010344314679551,9.986656188964844,2.912109375,0.33903710716609486
00951,0.6477521202374448,0.2884418316164177,1,0.238406240940094,0.46232205629348755,0.5268194079399109,76.79973602294922,4.539641149803833,14.182604789733887,4.484375,0.5062714539696805
00952,0.8906364629241437,0.39619712311264377,1,0.31453996896743774,0.5767405033111572,0.44095534086227417,72.8985366821289,8.591525031101957,11.527698516845703,3.81640625,0.4297532249349812
00953,0.7632160003498963,0.3516441105336284,1,0.35694020986557007,0.5881522297859192,0.45263633131980896,73.50537872314453,6.198891183925472,11.998086929321289,3.76953125,0.2765979591470542
00954,0.49481448356728175,0.25382848392036755,1,0.3854787349700928,0.7557134032249451,0.35296085476875305,69.53308868408203,6.276653770905614,8.80964469909668,3.806640625,0.48252687116338616
00955,0.8288508833629968,0.45838624597049915,1,0.2093106508255005,0.39937853813171387,0.588865339756012,75.02983856201172,5.75218464794001,7.989360809326172,4.82421875,0.4344008008399116
00956,0.7902803584206172,0.48039825762289984,1,0.3021811842918396,0.5128647089004517,0.6501460671424866,76.1689224243164,5.946027109249622,4.874960422515869,4.9765625,0.40958149800217475
00957,0.9345611344393588,0.41652965917916546,1,0.25917160511016846,0.5313502550125122,0.4609821140766144,76.68712615966797,6.201472713372502,11.424543380737305,4.4296875,0.42672591491949174
00958,0.6907682631371096,0.31728325649387157,1,0.4550796151161194,0.60764479637146,0.4320947825908661,73.33302307128906,6.399867961125059,10.071820259094238,2.064453125,0.1605804216788336
00959,0.8468003648012934,0.4046346611577671,1,0.3050270080566406,0.5757012367248535,0.5670450329780579,73.5929183959961,5.545141107372954,9.591571807861328,4.77734375,0.29679254329862803
00960,0.6892144493099689,0.34866535967425727,1,0.20754337310791016,0.5699418187141418,0.49880707263946533,75.62406158447266,3.6511747887825083,12.017727851867676,4.70703125,0.5653317088579716
00961,0.8521602146262616,0.3918603980861559,1,0.5338432192802429,0.7126244902610779,0.44590163230895996,73.77885437011719,10.05707799692285,12.672929763793945,3.47265625,0.18271719100411854
00962,0.8643919259669433,0.4286098150817109,1,0.2447836995124817,0.4926077127456665,0.48536622524261475,74.39543914794922,5.236842901091414,12.062996864318848,4.16796875,0.26425270420435154
00963,0.6592073657581917,0.2870600056520237,1,0.2701711654663086,0.5817707777023315,0.42186421155929565,70.7636947631836,5.704915106629728,13.437128067016602,4.578125,0.22645636472000946
00964,0.771148534170207,0.39636726736721983,1,0.3100258708000183,0.40003278851509094,0.5771992206573486,76.82038879394531,6.923616625270191,11.494306564331055,4.96875,0.6758120622099204
00965,0.695285540745941,0.3812296626134612,1,0.3396826982498169,0.5313333868980408,0.3797079026699066,71.82483673095703,6.37685404994066,13.142292022705078,2.888671875,0.4916710575061567
00966,0.7426227376805901,0.4335249222651465,1,0.25663256645202637,0.46558040380477905,0.6288161873817444,74.76773071289062,3.902403147943631,8.64362907409668,4.9296875,0.4735879264105372
00967,0.585927450650118,0.2610641471904525,1,0.22987574338912964,0.38531091809272766,0.5879010558128357,75.78897094726562,5.5198098020436674,12.007471084594727,4.984375,0.6772856234228534
00968,0.8155488483760686,0.43841538733015706,1,0.2531322240829468,0.6095739006996155,0.5412959456443787,71.72298431396484,5.006316026813966,14.451648712158203,4.8671875,0.4583990739907136
00969,0.8909657090164896,0.5383211678832117,1,0.20383381843566895,0.33091670274734497,0.559690535068512,75.55957794189453,6.239303962582524,13.14714241027832,4.96875,0.7943974084602595
00970,0.6833319492900558,0.39142695995487875,1,0.28844207525253296,0.6601666808128357,0.4620346128940582,66.80957794189453,5.687738204742525,15.522564888000488,4.14453125,0.5714572184557198
00971,0.70386961287883,0.4304544830427022,1,0.1999150514602661,0.44673267006874084,0.49369969964027405,70.50961303710938,4.582605956865746,12.755977630615234,4.53515625,0.5633994464299285
00972,0.8438631449579374,0.48972486413043476,1,0.2704753279685974,0.4146445691585541,0.644437849521637,73.76380920410156,7.048172842042795,9.471362113952637,4.84375,0.5293246604118619
00973,0.8749942871957059,0.43601102579247886,1,0.2801671028137207,0.4752471148967743,0.4224236011505127,71.1673355102539,4.944660536729896,12.220682144165039,3.21875,0.4884243279323448
00974,0.8516510803946324,0.41287945944881116,1,0.2515465021133423,0.5471944808959961,0.4789721965789795,74.90213012695312,3.77985742842439,10.54055118560791,4.7265625,0.26381375019400705
00975,0.9093732705447471,0.5201371584350307,1,0.27341926097869873,0.3067881762981415,0.5293318033218384,74.50201416015625,4.407792464156248,9.82634162902832,4.40234375,0.5008532493176484
00976,0.8105418912346117,0.4439959636730575,1,0.20995479822158813,0.4530639052391052,0.63188636302948,75.50328063964844,5.529053022133515,14.656961441040039,4.97265625,0.6876422727905424
00977,0.7531940361338487,0.4341968513029755,1,0.2558242082595825,0.54449462890625,0.4404330551624298,69.11909484863281,4.194607004780757,11.959086418151855,4.04296875,0.4568397828924388
00978,0.2054427952620241,0.1047126123672024,1,0.28851956129074097,0.42970725893974304,0.514386773109436,70.30525970458984,6.9432872523954785,14.634750366210938,4.765625,0.5817999155608455
00979,0.27235471960054414,0.11332689097777388,1,0.4155557155609131,0.6203164458274841,0.28214606642723083,67.47742462158203,7.567327055982029,14.783676147460938,2.927734375,0.3295050767063925
00980,0.8900706578805273,0.4547765571979065,1,0.23958218097686768,0.4686184525489807,0.34795013070106506,72.42010498046875,3.6942669008605487,12.165393829345703,3.689453125,0.33678846405905855
00981,0.6743151095205666,0.3157522123893805,1,0.2824259400367737,0.5070823431015015,0.6462594866752625,77.00383758544922,7.068007232048902,10.096607208251953,4.98046875,0.519516340564804
00982,0.7043507581225481,0.40129062302498086,1,0.3004218339920044,0.45813655853271484,0.3655960261821747,65.17198181152344,5.001348869254486,11.708640098571777,3.712890625,0.4715276089705318
00983,0.7705078591446838,0.48103927820364967,1,0.2360597848892212,0.37126755714416504,0.48758015036582947,73.6380386352539,4.686248384998936,12.343582153320312,4.2421875,0.5398814159542378
00984,0.5190148868312238,0.3130048759187832,1,0.321364164352417,0.4361342489719391,0.41476231813430786,67.92398834228516,4.641338006262473,11.015661239624023,2.06640625,0.4908948307695896
00985,0.8685415197274158,0.5226806521877049,1,0.22372984886169434,0.3905774652957916,0.5970765948295593,74.22957611083984,4.37104067197306,12.54429817199707,4.9296875,0.5093885744741643
00986,0.6987566265123806,0.29929657363285683,1,0.3240441679954529,0.5933904051780701,0.5878192186355591,76.21795654296875,6.67944572143104,8.882691383361816,4.96484375,0.3950416882540393
00987,0.8530761570968972,0.40556684417040356,1,0.3557712435722351,0.4980047941207886,0.4034857749938965,69.61272430419922,5.276098049541351,12.008439064025879,2.94140625,0.268386205434147
00988,0.6480075182835179,0.35596487470550436,1,0.3475809693336487,0.713151752948761,0.3852820098400116,70.3106918334961,8.031441257618928,11.72962760925293,4.32421875,0.6056697723962748
00989,0.33434760180038886,0.13709657981633686,1,0.37649422883987427,0.7668303847312927,0.3369155526161194,70.72870635986328,7.668871867300751,12.248250007629395,2.736328125,0.18252925459480074
00990,0.9022546971808132,0.46133254015466985,1,0.24259549379348755,0.4684947729110718,0.4171689748764038,74.15065002441406,4.09762715394863,10.194378852844238,3.486328125,0.3671347065259907
00991,0.8863320664334374,0.39192022642188373,1,0.44673067331314087,0.7461811304092407,0.3665229380130768,68.34315490722656,7.6958247145980145,10.214247703552246,2.94140625,0.11219317120045635
00992,0.8787468006862698,0.5421985035211268,1,0.24479496479034424,0.4525025188922882,0.4704616963863373,70.0470199584961,4.716408169053458,10.597463607788086,4.4609375,0.5004431434949478
00993,0.8299166194912597,0.4127374851746593,1,0.23152989149093628,0.4027460813522339,0.5284441709518433,73.1144790649414,4.29251037058476,9.948491096496582,4.1171875,0.5624358521048731
00994,0.8050646717813734,0.38486572065204644,1,0.2707374691963196,0.5468908548355103,0.2778487205505371,74.38224029541016,4.555977598106533,11.136079788208008,3.34375,0.3093081573434827
00995,0.9020073619552634,0.49857161692963564,1,0.25636571645736694,0.343868613243103,0.4714040160179138,75.7448501586914,5.561374497177072,12.301815032958984,3.994140625,0.6706979738283203
00996,0.8239103549831398,0.4161154943763639,1,0.2271755337715149,0.43285006284713745,0.5924438238143921,76.40410614013672,4.9172437134774345,10.728780746459961,4.890625,0.5831633701512187
00997,0.8759070792160283,0.39926414353335127,1,0.30235159397125244,0.6395477056503296,0.47910016775131226,72.95748138427734,6.1713490581298025,8.77603816986084,3.611328125,0.39858984227253175
00998,0.7873339886719164,0.5176151761517616,1,0.17883867025375366,0.26116693019866943,0.4386840760707855,70.28980255126953,5.794268007129482,19.214290618896484,4.0,0.8268258028226838
00999,0.7931722603213571,0.3758396305625525,1,0.17564845085144043,0.28695136308670044,0.5242975354194641,71.86639404296875,5.61263868349317,12.019037246704102,4.36328125,0.5764408677803429
01000,0.798318648314958,0.48603471983499485,1,0.2214636206626892,0.3117998540401459,0.4908606708049774,74.12680053710938,4.236939201439746,10.476531982421875,4.59765625,0.4570993033514566
01001,0.8573514743467743,0.4315148257636836,1,0.2935842275619507,0.4608953595161438,0.4063930809497833,68.60706329345703,5.229518932912278,11.111346244812012,2.689453125,0.6554898545762219
01002,0.6673549534747033,0.33310546875,1,0.29871976375579834,0.5196880102157593,0.6023515462875366,74.3720703125,5.646448658034744,6.376270771026611,4.98828125,0.4756178729053552
01003,0.8529645520585639,0.39380839492399944,1,0.4382427930831909,0.7426812648773193,0.4550377428531647,69.94973754882812,7.866490351012366,8.574836730957031,2.9765625,0.4337218517182845
01004,0.8895382966326258,0.4446981523334654,1,0.2912440299987793,0.5743326544761658,0.6012652516365051,74.89762878417969,4.231007893502712,8.101845741271973,4.9140625,0.40687497191587607
01005,0.801705069052062,0.358913173165573,1,0.3068044185638428,0.5241826176643372,0.4447905123233795,73.23970031738281,6.0310542653975165,14.02617359161377,4.31640625,0.3351049491190052
01006,0.7384549154920034,0.363611652244824,1,0.3135787844657898,0.7256814241409302,0.4943770170211792,74.10875701904297,4.075761875569945,7.969382286071777,4.80859375,0.19774095654167817
01007,0.8588081772628589,0.45806451612903226,1,0.20710265636444092,0.5219067335128784,0.4525660574436188,72.0157699584961,4.80340654152436,17.047636032104492,3.81640625,0.6249716090469772
01008,0.6910249113098725,0.30913476501711795,1,0.370625376701355,0.7672244310379028,0.5771088004112244,76.57269287109375,4.958018462607976,11.511298179626465,4.85546875,0.45761624769423914
01009,0.424752476047287,0.22453841572364502,1,0.2686510682106018,0.5837770700454712,0.6222510933876038,75.32266998291016,4.891870078660011,7.4782233238220215,4.98828125,0.5253701061683642
01010,0.7873354572279422,0.35534765145866903,1,0.36134040355682373,0.7125582695007324,0.3770885169506073,69.24687957763672,6.7106339985209535,13.741803169250488,4.4765625,0.29467700139631314
01011,0.6575343046728362,0.3832045433386091,1,0.2649416923522949,0.5810620784759521,0.5312357544898987,72.98870086669922,5.026273239537832,8.353577613830566,4.76171875,0.44856655829245273
01012,0.8017307784449209,0.36632364810330914,1,0.23118484020233154,0.49573060870170593,0.423261433839798,74.77326965332031,7.166166781137175,13.504610061645508,4.359375,0.4307990461079271
01013,0.781011446041985,0.420199736197475,1,0.3065141439437866,0.625677227973938,0.43954384326934814,68.0771713256836,6.049471019367769,11.000202178955078,3.67578125,0.5046938128049615
01014,0.7422715840694956,0.375,1,0.3396337032318115,0.6477843523025513,0.34352433681488037,60.76743698120117,3.349711694649367,14.323640823364258,2.923828125,0.3147266476437623
01015,0.8546684708192284,0.3999035796070869,1,0.20704412460327148,0.49884742498397827,0.5671477317810059,74.7201156616211,6.1387728882392105,13.605560302734375,4.48828125,0.5329782276711773
01016,0.9140788837817994,0.46729475100942125,1,0.23624050617218018,0.5436457395553589,0.5886540412902832,73.60214233398438,5.230811971982309,8.125345230102539,4.9296875,0.5121303680382484
01017,0.8243031269253622,0.3742873208960005,1,0.3653315305709839,0.6832369565963745,0.47212615609169006,70.01448059082031,7.923986515422756,12.065013885498047,3.408203125,0.1727926856467357
01018,0.7717374973167566,0.4064271228745255,1,0.25257211923599243,0.43406516313552856,0.6324601769447327,74.07012939453125,5.2231419858631645,9.020256042480469,4.69921875,0.5849112365064312
01019,0.7173590664419429,0.34136150419803696,1,0.3114955425262451,0.5978911519050598,0.3482106029987335,66.65324401855469,7.019977849002763,12.513782501220703,2.82421875,0.22969417808588863
01020,0.8210943143231516,0.3966399920473185,1,0.23637962341308594,0.5918542146682739,0.5187374353408813,68.00127410888672,5.724185329541049,15.855198860168457,4.24609375,0.5353478258481497
01021,0.7120276755230106,0.31801142449125314,1,0.37261760234832764,0.6154066920280457,0.47332504391670227,66.81763458251953,6.85801813974344,7.185819149017334,2.109375,0.3107248482812644
01022,0.905792808118686,0.44345264821566477,1,0.4733612537384033,0.6307663321495056,0.37027639150619507,72.53286743164062,7.724100518018394,10.510567665100098,2.404296875,0.2649142217953437
01023,0.6961527020568515,0.32577555864778585,1,0.23989909887313843,0.4568195641040802,0.4227396845817566,73.48208618164062,3.529646982345615,14.523634910583496,4.1015625,0.45456596369449354
01024,0.7051380685485448,0.3365002591121092,1,0.3219413757324219,0.5620524287223816,0.4657456874847412,64.2717514038086,7.251722618242758,13.68818473815918,4.39453125,0.6300959422933539
01025,0.6208690260524359,0.32747550866616426,1,0.3280923366546631,0.6099872589111328,0.29213348031044006,61.812965393066406,7.200957671267985,11.805425643920898,3.212890625,0.34156200979921847
01026,0.8469942105349166,0.39872190597322826,1,0.2924528121948242,0.5415611863136292,0.35628214478492737,74.56626892089844,5.249465766730301,14.370728492736816,2.97265625,0.38315088911825734
01027,0.7990072696330558,0.39873704982733105,1,0.44062238931655884,0.5868510603904724,0.29332929849624634,64.68446350097656,9.236068027016263,14.900569915771484,2.201171875,0.3787343361137794
01028,0.6629095263578286,0.3914964108227499,1,0.34212714433670044,0.7539829611778259,0.42059463262557983,67.19731903076172,7.325785213114989,9.806285858154297,3.896484375,0.4675003964172768
01029,0.7669859400468816,0.4962617835085058,1,0.3149312138557434,0.6036261916160583,0.4532102346420288,70.9813232421875,6.567232371167988,12.800666809082031,2.474609375,0.5892106269220196
01030,0.8525092661143058,0.41600568249082515,1,0.2627995014190674,0.39917874336242676,0.48193100094795227,73.00143432617188,4.423760725254593,12.964530944824219,4.85546875,0.49235449051073066
01031,0.7842635005372427,0.40863822951990003,1,0.25409990549087524,0.4639646112918854,0.504436731338501,72.88312530517578,5.789613412814075,12.71745777130127,4.453125,0.524804517709616
01032,0.776506463397111,0.34506288466684504,1,0.2670348286628723,0.40017634630203247,0.41430890560150146,71.28431701660156,5.4216618073859255,13.25079345703125,4.45703125,0.3718964875764516
01033,0.8248440260911423,0.4546571055029515,1,0.36603403091430664,0.569506049156189,0.3319721221923828,70.7090835571289,5.890327014820932,10.974542617797852,3.25,0.39891445708285905
01034,0.8326997953065917,0.35901082404993284,1,0.26842767000198364,0.5335903763771057,0.5688770413398743,76.9190673828125,6.762807679896651,10.456260681152344,4.984375,0.6230577143097121
01035,0.6354702870282444,0.3175769063697034,1,0.20146912336349487,0.38242897391319275,0.3837563097476959,70.26048278808594,5.941681701442434,12.435020446777344,3.830078125,0.2563088151628801
01036,0.8233744236924534,0.4985770717410695,1,0.2504057288169861,0.4710489809513092,0.5152492523193359,76.2314453125,5.537044406707571,12.291454315185547,3.81640625,0.6393728953244834
01037,0.7599639599790777,0.43729877328116723,1,0.1944265365600586,0.4547576904296875,0.5137245059013367,74.20179748535156,5.597118596812367,10.091970443725586,4.7890625,0.5246949218860548
01038,0.8316701306408512,0.4489950128457005,1,0.21643435955047607,0.4202689528465271,0.597923755645752,74.5375747680664,4.820353199780371,9.333944320678711,4.6953125,0.3087686774864476
01039,0.8655162190343749,0.4088759362936831,1,0.31563496589660645,0.4522157907485962,0.5216060280799866,72.26445770263672,5.645379741577258,10.99231243133545,3.701171875,0.2808843049496035
01040,0.7899868284388908,0.4725150100066711,1,0.22936135530471802,0.4472850561141968,0.5520762205123901,69.5737075805664,3.982468778585687,10.496566772460938,4.33984375,0.43817996386578045
01041,0.7770790136279573,0.3572782911316453,1,0.22907787561416626,0.336489200592041,0.5688823461532593,74.62198638916016,6.2789578892786535,11.86902141571045,4.9375,0.5912256652507456
01042,0.8604478295890896,0.4301765650080257,1,0.22869396209716797,0.4517991840839386,0.488861620426178,73.81134033203125,5.210295297108882,16.835979461669922,4.71484375,0.49907075092524583
01043,0.8498994623406344,0.4387514254647678,1,0.21769261360168457,0.3702361285686493,0.39969971776008606,69.16401672363281,4.258971851879249,10.099000930786133,3.537109375,0.27604675120602457
01044,0.8570350016505247,0.42639359915709063,1,0.3512634038925171,0.5557168126106262,0.3079826831817627,74.86721801757812,6.620948606422599,12.780179023742676,3.34765625,0.41464539898071145
01045,0.8092315300539606,0.5172675110966765,1,0.23452776670455933,0.3702079653739929,0.536517322063446,66.08068084716797,7.291775596293359,13.534721374511719,4.2421875,0.808801492439553
01046,0.8438578370309296,0.38831923379473093,1,0.19733309745788574,0.3946976065635681,0.47799476981163025,72.44721984863281,3.813427822761116,13.229352951049805,4.296875,0.3641326799796444
01047,0.7355589042286714,0.3732898560998086,1,0.2878425121307373,0.5789472460746765,0.5676271915435791,74.55924224853516,6.161390136395358,10.149947166442871,4.34765625,0.5981923285573326
01048,0.6620410705558945,0.3393246411384856,1,0.2505970001220703,0.42321592569351196,0.5944998264312744,73.82029724121094,3.879784408046721,10.652728080749512,4.7578125,0.3750020781386868
01049,0.4575991458710313,0.28378584735668694,1,0.2700927257537842,0.4600972831249237,0.47172877192497253,74.04354095458984,4.826125930745236,12.549830436706543,4.90234375,0.43477669368419913
01050,0.5859405939417793,0.2729633103598276,1,0.34049028158187866,0.6362647414207458,0.3745094835758209,71.15758514404297,6.059884061357608,10.642251014709473,4.09765625,0.1836864582505779
01051,0.7929624670688821,0.4516351797957875,1,0.16498130559921265,0.33689382672309875,0.5886814594268799,73.61490631103516,4.2265895723993445,14.849725723266602,4.95703125,0.6873854202053808
01052,0.878833105078885,0.5232339511146924,1,0.2449224591255188,0.4744557738304138,0.617100715637207,73.58015441894531,6.221859176054327,10.533791542053223,4.57421875,0.7371616634891699
01053,0.7791636953824359,0.3687221869040051,1,0.3164609670639038,0.48706865310668945,0.46921056509017944,74.29476165771484,4.786070160099308,15.150298118591309,3.03125,0.6581883870970403
01054,0.6358693551120084,0.3891849985463708,1,0.28880101442337036,0.558713972568512,0.35805144906044006,68.90227508544922,4.940264081309337,12.127748489379883,3.517578125,0.48004811587565765
01055,0.8467102806474823,0.48456286351410377,1,0.19011777639389038,0.30581390857696533,0.5339755415916443,73.63274383544922,5.4147798140268195,14.250197410583496,4.79296875,0.6509474666742648
01056,0.81750514991171,0.47612665438096835,1,0.2669340968132019,0.62349534034729,0.44583526253700256,66.03113555908203,5.433540288187736,11.683258056640625,4.1875,0.4421022610084585
01057,0.8190435543478353,0.37256272533294094,1,0.2737630009651184,0.5044097304344177,0.41148650646209717,66.12601470947266,6.615253708117744,13.296409606933594,4.15234375,0.42525948214393294
01058,0.7082905466539714,0.3863801754184381,1,0.23395699262619019,0.44847315549850464,0.32747241854667664,65.69148254394531,4.986601822217065,12.800954818725586,3.384765625,0.4421935080245982
01059,0.8300292989236389,0.4384307203870285,1,0.24602454900741577,0.5897400379180908,0.5015941858291626,70.43843841552734,5.781706494275091,15.183296203613281,4.93359375,0.6783244306674499
01060,0.7246819846238256,0.33375721412501225,1,0.258284330368042,0.5377697348594666,0.5460466146469116,71.90410614013672,5.062760558323589,12.362445831298828,4.97265625,0.5184087627204841
01061,0.7403603348709223,0.3878322433551329,1,0.2851136326789856,0.4539766311645508,0.4351573884487152,71.42939758300781,5.664089575831478,12.849800109863281,3.6015625,0.4986930264700432
01062,0.8220825359425603,0.37039964588339447,1,0.3433069586753845,0.647605299949646,0.4984486997127533,72.99181365966797,5.828983502807115,12.991060256958008,3.732421875,0.33368342447931654
01063,0.9271740702410306,0.4422077618089041,1,0.20479083061218262,0.41360294818878174,0.5609959363937378,75.51773834228516,4.654188696137135,14.474382400512695,4.984375,0.641058854170526
01064,0.8435444965658526,0.42226814148535313,1,0.3427587151527405,0.640856146812439,0.46307116746902466,74.18295288085938,5.906477439397502,8.329379081726074,4.109375,0.3317976182156076
01065,0.9688244317438917,0.7182306477093207,1,0.2334831953048706,0.18316510319709778,0.6238880157470703,76.57859802246094,7.802735097364666,13.392501831054688,4.46875,0.8848224702298403
01066,0.7967242178343211,0.41857440166493237,1,0.24337249994277954,0.3785867989063263,0.5152549743652344,74.82746124267578,5.828462624730488,13.147849082946777,3.7421875,0.299999988532858
01067,0.9557420441826368,0.43256391677880135,1,0.24872350692749023,0.5178874135017395,0.5098097920417786,71.71820831298828,5.59395822702337,12.749956130981445,3.66015625,0.5719550743914392
01068,0.907335411105794,0.40258950295446644,1,0.4239348769187927,0.658203661441803,0.4212828576564789,72.93742370605469,7.151623574505212,11.76511287689209,2.08203125,0.21197397277250107
01069,0.8886440762533191,0.501452715145067,1,0.18674737215042114,0.3419155180454254,0.467670202255249,72.73552703857422,5.31991276549554,16.642972946166992,3.97265625,0.6733125864440235
01070,0.23971204852363656,0.11914205398744657,1,0.46131277084350586,0.6577440500259399,0.4404233992099762,69.4253921508789,5.703774497854773,6.336336135864258,3.09375,0.3766502623869199
01071,0.7509624499618739,0.33681867119213155,1,0.28346920013427734,0.6756866574287415,0.5406960248947144,74.03370666503906,6.328713276998293,12.742291450500488,4.4609375,0.4917029305719489
01072,0.7647816860211593,0.36931332210928147,1,0.22454899549484253,0.3775494694709778,0.5126920938491821,71.67092895507812,5.323868696772913,11.76020622253418,4.1484375,0.2269771223767457
01073,0.8294472655721141,0.39842072015161084,1,0.2907778024673462,0.5515561699867249,0.5111269354820251,76.16041564941406,5.300426598857328,7.92555570602417,4.82421875,0.23284763844883805
01074,0.8938975333102868,0.43197339958247927,1,0.17910391092300415,0.43602338433265686,0.46405747532844543,74.95181274414062,4.833654750604032,13.71499252319336,4.3046875,0.34771750238380883
01075,0.881383872126639,0.5175042653823726,1,0.18467235565185547,0.3039718568325043,0.5518487095832825,74.16471862792969,3.892573294430142,14.130380630493164,4.33984375,0.5193404092296728
01076,0.8583680489831043,0.4353882257942416,1,0.23705792427062988,0.4377173185348511,0.3930526375770569,70.89830017089844,4.360386709938104,11.191701889038086,3.8671875,0.47468016236501526
01077,0.3851861756702818,0.18797124320533054,1,0.2851784825325012,0.5603625774383545,0.4850222170352936,65.38371276855469,4.95742847704337,12.00222110748291,2.431640625,0.4597029627433995
01078,0.49152576777929374,0.2534806629834254,1,0.2809025049209595,0.4606478214263916,0.4998987317085266,59.950584411621094,5.389982729863519,17.680770874023438,4.6796875,0.46089560176960126
01079,0.8350957086392743,0.5190215827338129,1,0.205677330493927,0.28918880224227905,0.4387966990470886,67.99413299560547,6.223674721325287,17.884708404541016,4.62890625,0.6598344591353906
01080,0.7083101298090121,0.44368832936372915,1,0.29077619314193726,0.4576112627983093,0.44046786427497864,71.04591369628906,5.989309841970047,14.10015869140625,3.17578125,0.7113364460302816
01081,0.8212490726695252,0.42141579888503206,1,0.2971068024635315,0.5156187415122986,0.23016515374183655,71.5893783569336,4.91321430362281,11.255946159362793,2.84765625,0.3552269290780913
01082,0.7399540816091665,0.3441979472567092,1,0.28606003522872925,0.5473675727844238,0.46993741393089294,69.47911834716797,4.926930305651524,10.288518905639648,3.451171875,0.4356162675873191
01083,0.9238732208391541,0.41468144906192633,1,0.27652430534362793,0.5496235489845276,0.40185174345970154,68.23198699951172,6.4545912040838775,12.232553482055664,3.0,0.3820230967386346
01084,0.8730609267248716,0.4890093231259001,1,0.24924236536026,0.4946357011795044,0.4468443691730499,75.0863037109375,3.6290969138633424,9.598034858703613,4.64453125,0.4936505079731254
01085,0.9166009609993195,0.4313911468164012,1,0.31120598316192627,0.4608861207962036,0.41562965512275696,73.33883666992188,5.484652461832299,12.638192176818848,3.107421875,0.4003623997377113
01086,0.8229025583970762,0.39789395933750626,1,0.23609602451324463,0.44788792729377747,0.4094974398612976,73.74817657470703,4.507502653526149,11.857710838317871,4.01953125,0.27185197435693115
01087,0.758225471252303,0.39374868399504015,1,0.327021062374115,0.49365466833114624,0.36305445432662964,68.93230438232422,5.920033511562934,12.032079696655273,2.5546875,0.42645911254291546
01088,0.8143006772384936,0.447122004957312,1,0.19058489799499512,0.2774415910243988,0.43220755457878113,74.33138275146484,4.194696040059325,16.18173599243164,3.869140625,0.6638767358077686
01089,0.8592959687602185,0.4691593520408924,1,0.23082196712493896,0.3812050223350525,0.4596843421459198,72.9515609741211,6.430684572546946,14.635452270507812,3.638671875,0.40654510603584737
01090,0.8236114775942935,0.37373424900492896,1,0.271847665309906,0.5512681603431702,0.5239966511726379,73.41914367675781,6.30082802413844,13.354652404785156,4.3359375,0.5398021617173487
01091,0.6819774804235142,0.3416041188511879,1,0.2560321092605591,0.3977015018463135,0.5287325978279114,77.60592651367188,4.486973689122653,10.855371475219727,4.8671875,0.4603442326703709
01092,0.7048405279096945,0.35419665458877253,1,0.251412034034729,0.47262266278266907,0.5749281048774719,69.22531127929688,5.458414725533592,10.394489288330078,4.16796875,0.4843074266558245
01093,0.8064861595377566,0.35154948922654305,1,0.272937536239624,0.48444342613220215,0.5117402672767639,75.07841491699219,3.8054554787094417,11.02683162689209,4.91015625,0.3099249686960903
01094,0.8320684590915285,0.5062839332394933,1,0.21433836221694946,0.40438708662986755,0.5515461564064026,73.8131332397461,4.235375356146757,12.95963191986084,4.69921875,0.5482590198255454
01095,0.7476411920701902,0.4366981360445413,1,0.3492036461830139,0.7387852668762207,0.5135589838027954,73.25212097167969,5.651748273668784,8.840435028076172,3.83984375,0.371966644153589
01096,0.8748600410607869,0.5938291503568962,1,0.24613434076309204,0.3582442104816437,0.6330833435058594,75.86576843261719,9.590514028332862,14.501337051391602,4.94921875,0.8076049431536596
01097,0.7746562561636556,0.34605879404800993,1,0.24310266971588135,0.5015089511871338,0.4893788993358612,75.46641540527344,6.401637920631027,12.01211166381836,4.15234375,0.369159070730497
01098,0.8629049916748196,0.6982188295165395,1,0.24292117357254028,0.32104384899139404,0.554404616355896,63.55508041381836,10.669320517421573,18.096763610839844,4.953125,0.7424440278866773
01099,0.6999337242130346,0.32930268125985757,1,0.2961326241493225,0.5471935868263245,0.4734702408313751,70.37020111083984,7.836664856770143,8.084619522094727,3.75,0.48669019875536157
01100,0.8695725059159578,0.43569618688585376,1,0.17791396379470825,0.33770865201950073,0.5060672760009766,73.95790100097656,4.458149758244431,12.596004486083984,4.59765625,0.45259402124717946
01101,0.7709507363697812,0.3901744926233805,1,0.24819451570510864,0.5875622034072876,0.5297311544418335,72.58624267578125,4.433041929385796,8.264190673828125,4.70703125,0.470119024511581
01102,0.7309634229372693,0.34331916658028405,1,0.4375658631324768,0.5856347680091858,0.2811006009578705,71.2861557006836,5.782491350118196,12.515800476074219,2.560546875,0.43448668795874373
01103,0.9528478333754389,0.42594474729742215,1,0.3220781087875366,0.5599926710128784,0.4614201784133911,75.26964569091797,6.8732467337772505,13.382831573486328,3.81640625,0.3526419950083909
01104,0.8940857899072737,0.3990954942540919,1,0.3735869526863098,0.6539726853370667,0.4779892563819885,72.97473907470703,6.494545352566331,11.478276252746582,4.22265625,0.27205186747139953
01105,0.7751969422625564,0.4252559478267206,1,0.270108699798584,0.4823076128959656,0.5679735541343689,75.57844543457031,4.7907629984108455,9.972217559814453,4.91015625,0.44168364111017744
01106,0.839938509016365,0.40929808568824066,1,0.2815237045288086,0.5229469537734985,0.45819583535194397,63.96303176879883,6.228175511353769,17.854503631591797,3.96875,0.6271570370634909
01107,0.7993386225963526,0.45021858694119304,1,0.1682490110397339,0.3482767939567566,0.5251614451408386,73.04269409179688,4.455885579300324,13.887835502624512,4.9609375,0.6416354226928079
01108,0.8676404368294667,0.42880291403854137,1,0.24987560510635376,0.4898908734321594,0.34836703538894653,71.88005828857422,4.014550813349369,10.05976676940918,3.93359375,0.37534804974334673
01109,0.8120438553971073,0.43667901117336116,1,0.2309766411781311,0.5130292177200317,0.5496096014976501,75.4571762084961,6.22747941550488,11.799518585205078,4.11328125,0.5059218775237346
01110,0.797890033166166,0.39623563478418244,1,0.26298844814300537,0.46451419591903687,0.38962405920028687,63.57987976074219,4.875733623750554,11.131973266601562,4.0546875,0.31266552130356123
01111,0.7570885145975891,0.36198324405988186,1,0.20160019397735596,0.3118551969528198,0.6027700901031494,76.30390930175781,5.057715528109458,14.567246437072754,4.9921875,0.5905036078735886
01112,0.8416512072090409,0.45086777636223135,1,0.22122418880462646,0.36295923590660095,0.5717815160751343,74.3809814453125,4.494683390867736,15.0215425491333,4.91796875,0.5912144147269416
01113,0.8082716046075645,0.47159137492826103,1,0.2097962498664856,0.33872196078300476,0.5764853954315186,73.67505645751953,7.197839130276303,10.869192123413086,2.73828125,0.542433169290621
01114,0.6863823495358152,0.34375544633831784,1,0.29453808069229126,0.6590627431869507,0.3143346607685089,66.73206329345703,5.854378177519631,13.294557571411133,3.755859375,0.4500652746542879
01115,0.8251714520892403,0.40339535282517364,1,0.21735531091690063,0.3402153253555298,0.375285804271698,73.07372283935547,8.036548698988552,16.351398468017578,3.63671875,0.39426007475096686
01116,0.8225480772208311,0.38760287165119944,1,0.33311378955841064,0.5465587973594666,0.4112864136695862,70.13619995117188,5.664402064917051,12.284069061279297,3.107421875,0.44752304943327764
01117,0.8203985421945359,0.3986274562367638,1,0.2820712924003601,0.6745145320892334,0.5008119940757751,76.25078582763672,5.333880169035705,12.326184272766113,4.953125,0.4688111442516739
01118,0.5607914996612273,0.24952123093178366,1,0.313157856464386,0.5844854712486267,0.43148738145828247,74.38477325439453,6.253088551395644,10.470733642578125,3.5703125,0.36499184639815396
01119,0.41416156938594983,0.21912122513238871,1,0.2000560760498047,0.31014275550842285,0.6372893452644348,75.15743255615234,5.473601511477293,14.17301082611084,4.9921875,0.5362607009321635
01120,0.72190416944185,0.447812312698005,1,0.2639274597167969,0.5013131499290466,0.5695948600769043,74.29058837890625,5.823901003179347,8.91300106048584,4.91796875,0.49189623459859966
01121,0.8678624044118152,0.46440389524439823,1,0.2588845491409302,0.49295660853385925,0.506030797958374,73.10966491699219,5.12746295459407,13.455892562866211,3.376953125,0.6268534436162444
01122,0.8218608870143088,0.5204638472032742,1,0.17436766624450684,0.3252517580986023,0.6614404916763306,74.28288269042969,5.5967158492686915,17.970428466796875,4.97265625,0.8019307614327965
01123,0.7155038096765998,0.40966706101064726,1,0.3132864236831665,0.5646622180938721,0.49833011627197266,71.49036407470703,6.425225096117804,11.395964622497559,4.9765625,0.5921860054177168
01124,0.6854472895175224,0.29301013091548317,1,0.34881556034088135,0.6058038473129272,0.3499128818511963,67.61320495605469,8.849471490904632,10.882837295532227,3.611328125,0.1619236314312124
01125,0.6851365067413698,0.3125687981587111,1,0.2132219672203064,0.3345065712928772,0.568787693977356,74.80615234375,5.308746140347742,11.53995418548584,4.98828125,0.4339838694357463
01126,0.877464794005724,0.431596237121099,1,0.4240301847457886,0.6423496007919312,0.31616923213005066,68.73267364501953,7.3296266801755845,13.806714057922363,3.037109375,0.3279267399880454
01127,0.7568819716780156,0.43472386421212633,1,0.2714676260948181,0.5388435125350952,0.6085301637649536,75.80029296875,6.375119627096503,12.231836318969727,4.90625,0.7666968991773988
01128,0.8609098586363665,0.4462062890191122,1,0.24588418006896973,0.4213634431362152,0.4491402208805084,70.31331634521484,4.147135225266816,10.649088859558105,3.91796875,0.3065366631881129
01129,0.817517883423023,0.38057781589141554,1,0.29621589183807373,0.5461487174034119,0.40610271692276,73.31379699707031,5.78454322691594,13.273392677307129,3.90234375,0.40392052970709497
01130,0.8091290350854182,0.37125663313937773,1,0.356422483921051,0.6297770738601685,0.42337867617607117,72.16046142578125,5.469209965596138,10.098066329956055,3.8203125,0.3163839108910485
01131,0.8318132279471393,0.4347299518440555,1,0.3162084221839905,0.5348090529441833,0.35183778405189514,70.86746215820312,5.381052491201242,15.035134315490723,3.833984375,0.510336575423325
01132,0.8309665716993273,0.5021636554775933,1,0.1775268316268921,0.33969175815582275,0.6026747226715088,74.82572937011719,4.986311954045446,14.060626983642578,4.82421875,0.5216085788111348
01133,0.8772262571883895,0.45162252890712423,1,0.21331894397735596,0.5001099109649658,0.4325697422027588,73.67938232421875,4.401583479879371,12.772542953491211,4.06640625,0.46461866698729765
01134,0.7226105136222325,0.3461762205217703,1,0.2582399845123291,0.4830307364463806,0.5760684013366699,74.57786560058594,5.3182028340505525,10.099135398864746,4.93359375,0.3546728916184377
01135,0.8005926469559819,0.37090402045084825,1,0.2529414892196655,0.5394014716148376,0.42844292521476746,72.34020233154297,6.774579974540806,12.431897163391113,3.703125,0.4289627826181627
01136,0.5114335790344037,0.2601899131057959,1,0.37828052043914795,0.5352509021759033,0.26621100306510925,66.65898132324219,6.327956359496573,8.790627479553223,2.482421875,0.24815672840241884
01137,0.8922555683844721,0.44806763285024154,1,0.24006599187850952,0.4625130295753479,0.5341546535491943,73.95870208740234,4.7821340354959325,10.552131652832031,4.65234375,0.406088487607934
01138,0.7436613995365089,0.4204084181602448,1,0.20746034383773804,0.5164788961410522,0.4325184226036072,71.5457763671875,4.865686671737377,11.050199508666992,4.72265625,0.5638751099446738
01139,0.8614877874391603,0.42503540837661025,1,0.24446356296539307,0.45609545707702637,0.40904343128204346,74.7754898071289,3.676429584271024,10.344925880432129,4.203125,0.3323132028215883
01140,0.6717173777433578,0.35459587955625993,1,0.19377827644348145,0.31522735953330994,0.540234386920929,73.82705688476562,5.4759229339184605,14.242682456970215,4.97265625,0.6866128622857756
01141,0.7493677695394023,0.4250825082508251,1,0.22471046447753906,0.39324069023132324,0.5639689564704895,75.02435302734375,7.334446464685328,18.8807430267334,4.296875,0.8149288645358478
01142,0.6902079705104459,0.3432456787089375,1,0.28973644971847534,0.5823790431022644,0.44117674231529236,69.95616912841797,6.953903951058124,12.687063217163086,4.03125,0.40301550385400337
01143,0.8403579442721304,0.3738666004223078,1,0.30234402418136597,0.6905677318572998,0.45257264375686646,73.448974609375,3.6340223585094757,11.665631294250488,4.68359375,0.4523446347802218
01144,0.8784487368004765,0.40352628077178976,1,0.26933467388153076,0.6359736919403076,0.43394479155540466,74.67626953125,7.869672362171232,11.360739707946777,3.587890625,0.4699015042296611
01145,0.6891385582192803,0.37464225930125816,1,0.22302699089050293,0.3745213747024536,0.5693167448043823,70.37423706054688,5.487744545132146,16.158531188964844,4.4765625,0.6690737401542017
01146,0.6786013007758683,0.3308609455150423,1,0.27707940340042114,0.5304681062698364,0.488582968711853,73.43531799316406,6.182939284192115,12.551837921142578,3.974609375,0.49472471025155396
01147,0.701145267123348,0.30856832971800435,1,0.30388760566711426,0.5531215071678162,0.36893075704574585,72.25703430175781,6.014010827715674,14.427921295166016,3.244140625,0.37504782709054724
01148,0.8508153743085957,0.41746879843380374,1,0.3101983666419983,0.47314321994781494,0.4952111840248108,70.56368255615234,4.292529529115672,10.038339614868164,3.783203125,0.25759657031468625
01149,0.5563442820748434,0.2606964857247496,1,0.44594359397888184,0.7115674018859863,0.43381837010383606,70.88404846191406,7.369242363986056,10.794071197509766,3.673828125,0.2512300416492317
01150,0.7744537621885393,0.3914436572047475,1,0.19042116403579712,0.3987579345703125,0.4051971733570099,68.06893920898438,4.31528880072668,13.085099220275879,3.912109375,0.5392854682409934
01151,0.7859351407258669,0.36668129790323123,1,0.3476718068122864,0.7460283637046814,0.34863486886024475,72.87345123291016,4.231108007635631,12.057156562805176,3.62109375,0.4132381594348286
01152,0.6001905905589762,0.27434501406803813,1,0.24834883213043213,0.49354907870292664,0.5693058967590332,76.94538879394531,4.421996339753856,10.45722484588623,4.9765625,0.5042004024904453
01153,0.8129417849213939,0.37627670151547105,1,0.30110400915145874,0.6226390600204468,0.5006963610649109,74.54341888427734,4.919325212967219,8.815877914428711,4.76171875,0.3241939204437023
01154,0.7193031585325843,0.3850032320620556,1,0.23787999153137207,0.5323864221572876,0.44519340991973877,71.0322494506836,5.267868348778344,11.16364574432373,4.0546875,0.49792291818970463
01155,0.8646438714840013,0.40405896688106746,1,0.2860316038131714,0.5900431871414185,0.5836154222488403,77.40766906738281,5.270477675977858,5.641022205352783,4.9921875,0.47319488468310666
01156,0.7823536744978343,0.4046960738440597,1,0.2709120512008667,0.4753933548927307,0.4322971999645233,72.8366928100586,3.8435677759480558,10.256364822387695,4.34375,0.3612021689613642
01157,0.9176878051200621,0.5403879559930516,1,0.20380818843841553,0.2885396182537079,0.4212607145309448,69.97954559326172,7.20944674676117,15.348663330078125,3.61328125,0.7707415565429454
01158,0.6919749123918524,0.4549025012058155,1,0.25708311796188354,0.40957528352737427,0.46293511986732483,63.037078857421875,7.147397697758536,17.649761199951172,4.1015625,0.5063179461004108
01159,0.8289339819784133,0.44252174304898384,1,0.29585880041122437,0.5959696769714355,0.49486708641052246,71.56741333007812,5.011351440702469,10.216176986694336,4.1328125,0.39217929625050685
01160,0.8708732768515501,0.48276966436074814,1,0.39153265953063965,0.6802365183830261,0.29656103253364563,67.46350860595703,6.245733856769373,10.90978717803955,3.677734375,0.4170557673242341
01161,0.6655296388739851,0.364404095851367,1,0.4201872944831848,0.6632869243621826,0.3744364082813263,68.33737182617188,6.668452476912247,7.461872100830078,2.375,0.44707679195352606
01162,0.8027956140328686,0.36940190193095923,1,0.3379213809967041,0.5514351725578308,0.5004493594169617,73.22173309326172,5.350768420081012,10.017537117004395,3.646484375,0.2614790153583052
01163,0.8078577210676656,0.41766053973153733,1,0.26576119661331177,0.5693072080612183,0.5430535078048706,75.50048828125,4.167241539098271,9.11738109588623,4.734375,0.45049065879348266
01164,0.7427915002909485,0.39212408284573236,1,0.3464924097061157,0.6374025344848633,0.37256553769111633,66.53185272216797,4.652696092093809,10.059927940368652,2.87890625,0.6231554523911498
01165,0.8173676942315325,0.38961231761112997,1,0.22493600845336914,0.34053221344947815,0.46985581517219543,71.13739013671875,4.102777111536197,13.44412899017334,3.9765625,0.3060817005968372
01166,0.8788118741153501,0.4766098682835041,1,0.2098459005355835,0.3829718232154846,0.5155118703842163,73.87138366699219,3.5040300653780605,10.770235061645508,4.94140625,0.3569961232221184
01167,0.7377722406871751,0.3688896171281883,1,0.24309980869293213,0.3812323212623596,0.5134777426719666,70.1297607421875,5.54347548455477,13.113125801086426,3.81640625,0.5544812755545939
01168,0.7709489890837387,0.41120415824429685,1,0.43379658460617065,0.758195161819458,0.34920892119407654,66.2101058959961,7.341801753286018,5.795360565185547,2.8671875,0.2521525087092942
01169,0.8638562060019425,0.5073242824231711,1,0.21233278512954712,0.31849077343940735,0.5830398201942444,74.95161437988281,4.0913376589152515,11.751413345336914,4.85546875,0.4682297123257213
01170,0.7975141357139842,0.35102902374670186,1,0.2809492349624634,0.5177963376045227,0.48017817735671997,74.45779418945312,5.903457780315925,10.759206771850586,3.3828125,0.672539642435635
01171,0.7995421168105351,0.4535268326453168,1,0.15700531005859375,0.3186345100402832,0.5216867923736572,71.31553649902344,3.500464747795519,13.563815116882324,4.69140625,0.43754143799647494
01172,0.8221384301661403,0.39391984939076474,1,0.29023832082748413,0.49476075172424316,0.5091047286987305,74.00843811035156,3.801869145493705,8.97134780883789,4.9375,0.33595579578778834
01173,0.7340467012290287,0.42361368408052363,1,0.19346684217453003,0.3507395386695862,0.47164133191108704,65.30545043945312,6.726749862581527,22.057512283325195,4.97265625,0.578258702668716
01174,0.8193783651952329,0.45784253459819574,1,0.2803567051887512,0.3896891176700592,0.4418230950832367,73.28680419921875,6.279751065420192,15.427438735961914,3.56640625,0.4794644039774722
01175,0.8110209172877976,0.53869481312276,1,0.2371770739555359,0.5015000700950623,0.4091193675994873,71.098876953125,4.8925751388743075,14.36064624786377,3.94140625,0.667603811289603
01176,0.7729975790979052,0.42101131680512854,1,0.22374701499938965,0.4695477783679962,0.48217853903770447,74.0693359375,5.199048545780881,12.463631629943848,4.38671875,0.46148655234703945
01177,0.8025505744414576,0.3628319440813995,1,0.3346383571624756,0.6961419582366943,0.3000694215297699,69.48719024658203,8.946829218601012,11.837669372558594,2.76171875,0.23942848508502715
01178,0.7743663029761003,0.3440915300546448,1,0.24989300966262817,0.41247302293777466,0.5092014670372009,72.87483978271484,4.38355436303255,13.197088241577148,4.72265625,0.2206492080378116
01179,0.8729379572941353,0.47383498083518255,1,0.30475229024887085,0.5437237024307251,0.2623075842857361,71.34115600585938,6.352444554378164,12.942351341247559,2.630859375,0.44375996446953986
01180,0.861564534324806,0.38620313192999217,1,0.4231862425804138,0.6293027997016907,0.4317410886287689,71.6790771484375,6.526095443916993,11.113216400146484,3.982421875,0.39125243983124486
01181,0.31937133313065336,0.18552406456892062,1,0.6083670854568481,0.725534975528717,0.36635908484458923,66.8034896850586,6.604744858608351,11.514371871948242,2.4453125,0.29999635349272247
01182,0.8309795387368938,0.3912041049821447,1,0.2800384759902954,0.518112301826477,0.3904021978378296,72.68074798583984,4.201004125401071,12.492334365844727,3.75,0.2829170935531523
01183,0.883399539035188,0.3979827279319665,1,0.23270082473754883,0.4380204677581787,0.484062522649765,74.70626068115234,5.980365316269401,14.06218433380127,4.21484375,0.3802554807245751
01184,0.7997970300048046,0.3691771179933453,1,0.2547081708908081,0.5101831555366516,0.4657444655895233,71.5794906616211,5.552269231919899,14.697737693786621,4.78515625,0.40133478481049134
01185,0.7636527244346114,0.3501243030580966,1,0.2440747618675232,0.5229634046554565,0.4679824709892273,72.60910034179688,4.184077627051768,11.720661163330078,4.8515625,0.4531068159086812
01186,0.7801693424288559,0.41667056020184084,1,0.278902530670166,0.5770469903945923,0.5977762341499329,77.94023895263672,6.435812334715658,10.555118560791016,4.5078125,0.6263995557481151
01187,0.7540443504301809,0.40440535615244433,1,0.2741285562515259,0.7083468437194824,0.3056085705757141,66.61429595947266,6.207169885914761,13.691658020019531,3.93359375,0.4580518155744901
01188,0.8263434154856379,0.38313902944651257,1,0.4020116329193115,0.6929490566253662,0.46453070640563965,70.94645690917969,6.963922748233199,9.803796768188477,3.78125,0.35819098865532856
01189,0.7836118823217266,0.43447871227774804,1,0.15327948331832886,0.3375573456287384,0.5307765603065491,74.83946228027344,3.8413760686052,11.372459411621094,4.97265625,0.5306212384870257
01190,0.8752846845009423,0.4434812852823929,1,0.28226619958877563,0.45924657583236694,0.4291234314441681,67.66453552246094,4.170850568616627,17.062131881713867,3.91796875,0.47494928969531575
01191,0.8517631880089315,0.43704247965820336,1,0.2883452773094177,0.4926914870738983,0.39732852578163147,72.54312896728516,5.9720628041419355,13.55193042755127,3.5234375,0.5093813599647687
01192,0.7995977230085785,0.3720799437581601,1,0.30569493770599365,0.47508493065834045,0.5739635825157166,71.1466293334961,6.7570232595506985,12.376784324645996,3.265625,0.25376200632142576
01193,0.7261976742541347,0.33526252672193546,1,0.3584561347961426,0.6884773969650269,0.5685532689094543,76.14725494384766,6.970676452138274,7.100867748260498,4.65234375,0.26554609651449385
01194,0.7603570825810331,0.35748394533179645,1,0.31960779428482056,0.6866928339004517,0.3339291512966156,57.87482833862305,4.647988905713374,14.664100646972656,3.677734375,0.379701730353704
01195,0.45185799847059693,0.18719847145927873,1,0.37404900789260864,0.6192430257797241,0.37256956100463867,69.88766479492188,6.459312757688715,14.1637601852417,3.74609375,0.2140133958100907
01196,0.714359909821853,0.4149492792311799,1,0.335205614566803,0.5343775749206543,0.4163900911808014,62.22586441040039,9.410925940468958,8.0766019821167,4.02734375,0.6578567126176007
01197,0.5517810036893087,0.24892198087687817,1,0.20852643251419067,0.4261643886566162,0.4804869592189789,71.06609344482422,6.16646544287145,17.192899703979492,4.2109375,0.5071510723199554
01198,0.8421024423505078,0.38105958277052376,1,0.3363759517669678,0.663905680179596,0.4368830621242523,72.1344223022461,6.358292250437057,10.654402732849121,3.05859375,0.5371283158665141
01199,0.8726211239086552,0.40275921073739374,1,0.29828381538391113,0.5954746007919312,0.5248885154724121,73.88912963867188,3.937164977644164,10.73170280456543,4.98046875,0.2349016269031845
01200,0.8948242882212232,0.4959483793517407,1,0.22918039560317993,0.4698137044906616,0.3832016885280609,63.86471939086914,5.580491885547803,14.06918716430664,3.494140625,0.5115892667236698
01201,0.8404025410256601,0.4436788539109714,1,0.24740725755691528,0.40020501613616943,0.5397539138793945,73.65388488769531,4.8881956023955935,10.300189018249512,4.5546875,0.36249618562640457
01202,0.8697577389001476,0.4344875173919437,1,0.18982768058776855,0.39529380202293396,0.4799404740333557,73.67620086669922,4.420200556788557,13.061262130737305,4.19921875,0.4049317168527764
01203,0.9081901798839352,0.4684325402171863,1,0.23815691471099854,0.41161227226257324,0.5054613351821899,76.1161880493164,4.678215230639547,10.524035453796387,3.849609375,0.42832884032964846
01204,0.833856019142703,0.4712411447277563,1,0.228878915309906,0.4240987002849579,0.5323225855827332,77.02802276611328,5.457853783288119,10.358692169189453,3.9921875,0.5578741109703934
01205,0.9026624709518348,0.4161693548387097,1,0.18379294872283936,0.39869943261146545,0.5555140376091003,74.81519317626953,7.142215249961606,11.82565689086914,4.98046875,0.4683549912969011
01206,0.6750528771959389,0.3539439362210221,1,0.2992260456085205,0.49052882194519043,0.4706791043281555,67.89859008789062,6.814111370284732,14.56739330291748,4.9296875,0.3968159707019247
01207,0.5292050893285537,0.27016304610769754,1,0.27702075242996216,0.6171059608459473,0.5557443499565125,72.2702865600586,4.880437258193437,13.672709465026855,4.16015625,0.4891145484231852
01208,0.8374656235494808,0.3872884044179139,1,0.24884313344955444,0.33154651522636414,0.5626599788665771,75.153076171875,6.412387179494374,13.490067481994629,3.853515625,0.6676453513986771
01209,0.7913698928588283,0.3876864125932063,1,0.3296549320220947,0.6690580248832703,0.37523263692855835,71.18917846679688,5.627586157728413,9.36009693145752,2.994140625,0.4581094716201825
01210,0.6073545066259907,0.31960648294128774,1,0.24782168865203857,0.43938255310058594,0.6337485909461975,74.02825164794922,6.062776616617882,10.688261985778809,4.59375,0.6650270645809253
01211,0.7963439504587115,0.41298550724637684,1,0.31224071979522705,0.6150374412536621,0.5209012031555176,68.89802551269531,5.969365638804397,12.151446342468262,3.935546875,0.464639952649761
01212,0.75789344835379,0.4011384299154083,1,0.2718864679336548,0.48351383209228516,0.49240654706954956,72.79021453857422,5.162878418752837,12.810155868530273,4.08203125,0.5808010587864877
01213,0.7637237457334144,0.3904648697272464,1,0.31627923250198364,0.6410481333732605,0.3059014081954956,70.02916717529297,6.086066973942244,12.075183868408203,3.0,0.37984004213501976
01214,0.8294669102821527,0.3739612638836941,1,0.28076618909835815,0.49477553367614746,0.5177167057991028,75.64630889892578,5.3965721002136995,13.53798770904541,4.2421875,0.46155630988608304
01215,0.8148940344365248,0.37710455411710586,1,0.1730402112007141,0.3634571135044098,0.41976651549339294,69.48821258544922,5.437393614390136,16.059904098510742,3.544921875,0.44805320223174416
01216,0.793440834318835,0.38494260882320586,1,0.21749615669250488,0.43548452854156494,0.4643931984901428,74.0184326171875,4.063979006001457,14.146354675292969,4.8359375,0.4420786280852456
01217,0.8182032368846401,0.3861820619344178,1,0.24982845783233643,0.3854838013648987,0.4689589738845825,73.27871704101562,4.277889214313356,11.210994720458984,3.91796875,0.22219803586918238
01218,0.8068406426451585,0.49887950353387345,1,0.33951497077941895,0.6835095882415771,0.45129135251045227,65.62179565429688,5.25317156201825,9.49297046661377,3.638671875,0.6061002116592556
01219,0.4036014177069638,0.17339781571277585,1,0.39787185192108154,0.6764891147613525,0.30129384994506836,70.28050231933594,10.243188302959764,16.010025024414062,2.080078125,0.23566834495168934
01220,0.6432542773362497,0.3007217163870917,1,0.48214268684387207,0.6385732889175415,0.2736743688583374,66.14171600341797,7.367931358080926,12.324385643005371,2.041015625,0.27336961566120205
01221,0.726920592882665,0.39614214512266166,1,0.31112730503082275,0.6458433866500854,0.5515017509460449,73.33050537109375,6.225347456082069,11.359452247619629,4.6015625,0.3078695682008042
01222,0.7966757062128359,0.48965037397808314,1,0.3023257851600647,0.5259366631507874,0.5523390769958496,69.83612823486328,5.22275163138219,10.77139663696289,3.85546875,0.46310083406479763
01223,0.7363086801071259,0.3318949574651708,1,0.33437180519104004,0.6058892607688904,0.36043620109558105,68.93370819091797,5.201456933140966,10.67212963104248,4.4765625,0.35479090135781516
01224,0.8020402786266206,0.3917598256345356,1,0.24980175495147705,0.4694051444530487,0.45395487546920776,69.72093200683594,4.790122706247707,13.616951942443848,4.3828125,0.612016655693968
01225,0.8081348448444066,0.39739086803813345,1,0.37297123670578003,0.6850023865699768,0.4372550845146179,72.2798843383789,6.286146799878619,11.65849781036377,3.6640625,0.4986875778690419
01226,0.6161019454871759,0.27808656833997114,1,0.21088433265686035,0.4500613808631897,0.5129458904266357,73.40983581542969,5.645553763835288,16.782583236694336,4.71875,0.5346837923809908
01227,0.674746419062733,0.43877019280875457,1,0.2891066074371338,0.64278644323349,0.37285327911376953,66.11697387695312,5.338872207901123,13.739694595336914,4.27734375,0.6125609677552877
01228,0.7953753062594544,0.44450072358900145,1,0.3101356029510498,0.6317358613014221,0.28939539194107056,68.41893768310547,6.768121471736463,15.230596542358398,2.814453125,0.4925711415499565
01229,0.7893116642104641,0.4063838069287661,1,0.3284892439842224,0.5780912041664124,0.48701488971710205,75.49482727050781,6.47347633024407,9.246784210205078,4.3125,0.40592245447754305
01230,0.862181282674762,0.48476158964743943,1,0.22956395149230957,0.4472653567790985,0.4312135577201843,72.31144714355469,4.543564476484377,10.050226211547852,4.82421875,0.41416615853361455
01231,0.6538070604421321,0.36293921679552454,1,0.23194342851638794,0.4679996967315674,0.5511634349822998,76.0799560546875,4.62742620344872,9.966010093688965,4.98046875,0.5165254085572233
01232,0.8101205824606618,0.4454972329364414,1,0.2186484932899475,0.45458778738975525,0.4570048749446869,72.46057891845703,4.885068836329651,10.503728866577148,4.14453125,0.5278765015902029
01233,0.7526708717125619,0.4319370255833568,1,0.18391108512878418,0.49272483587265015,0.48495984077453613,72.03471374511719,4.723927682825184,9.637235641479492,4.8359375,0.5331808365275299
01234,0.8081411468686616,0.3775935166772971,1,0.2952641248703003,0.6468558311462402,0.49224698543548584,73.53496551513672,3.7020370940736718,9.13501262664795,4.0078125,0.2907379698775182
01235,0.8186157009334925,0.37161117841179664,1,0.36238664388656616,0.6108329892158508,0.3570307791233063,75.0912094116211,4.956887690387545,10.72878360748291,3.12890625,0.3669589601965419
01236,0.8172669277257533,0.4413032800305627,1,0.19704681634902954,0.35649245977401733,0.5376830697059631,74.34455871582031,3.7645565722727286,13.150010108947754,4.69140625,0.5010987866283895
01237,0.7740662129245999,0.524971836274878,1,0.36972904205322266,0.6903645992279053,0.5664492249488831,68.77628326416016,7.6532223051374215,7.049051284790039,3.490234375,0.465140441267759
01238,0.7622199823277731,0.3888671875,1,0.30451500415802,0.6495227217674255,0.40821853280067444,69.92558288574219,6.513505874288343,8.93826675415039,4.2890625,0.3209276578599452
01239,0.5727224125216701,0.27157794027198795,1,0.32738184928894043,0.6428714394569397,0.35299167037010193,70.79925537109375,5.750590423792589,11.351545333862305,3.62890625,0.42033560191590685
01240,0.7608321536426111,0.3780954172152216,1,0.3108088970184326,0.5481894016265869,0.41813924908638,75.4394760131836,6.417989706579591,15.15347957611084,2.748046875,0.48759574283764
01241,0.7912213466811753,0.40329218106995884,1,0.3389410376548767,0.5224634408950806,0.43739426136016846,72.53965759277344,4.95250357841159,10.137247085571289,4.03515625,0.24770403698122878
01242,0.8715328937844796,0.5526533095745143,1,0.22389662265777588,0.4083336591720581,0.44941672682762146,73.55845642089844,4.894148017517072,14.302068710327148,4.0859375,0.6356770253395752
01243,0.8170371802212396,0.3736696385480962,1,0.3521915674209595,0.6894850730895996,0.45549026131629944,75.00961303710938,5.472637563147034,7.509853839874268,3.921875,0.21828004734801812
01244,0.7962609612008085,0.39544352044352044,1,0.2356889247894287,0.48171842098236084,0.33761364221572876,66.27252197265625,3.2524951489621547,14.044830322265625,4.0234375,0.5309179360491459
01245,0.9027882044588568,0.4007028370617982,1,0.3845980167388916,0.6042392253875732,0.465688556432724,74.7723388671875,3.8087347066331154,9.299654006958008,3.455078125,0.2224363762049035
01246,0.8397373754779962,0.44591236894733655,1,0.18688595294952393,0.36830946803092957,0.49124768376350403,74.56146240234375,4.053072839941807,10.90839958190918,4.6015625,0.43624639280428806
01247,0.5197235384769118,0.2306662938403771,1,0.471626341342926,0.6927988529205322,0.3910394012928009,69.972900390625,7.462071551006964,10.601054191589355,2.9453125,0.1280328358296677
01248,0.7217139775908336,0.5227486044558612,1,0.22897636890411377,0.48460307717323303,0.5533808469772339,72.97822570800781,4.466313242527447,11.729619979858398,4.96484375,0.5118728551119451
01249,0.7020881700667313,0.35549431622459526,1,0.2998316287994385,0.533745527267456,0.4680235981941223,75.74211120605469,3.7292541582228442,7.89440393447876,4.6953125,0.2815988529325654
01250,0.7909779399411117,0.3922329543022642,1,0.28339070081710815,0.4637158513069153,0.2811555564403534,66.09412384033203,5.258788362597362,10.203554153442383,3.001953125,0.2451328858731729
01251,0.43324102323398267,0.24519774011299436,1,0.3305729627609253,0.5296257138252258,0.5852866768836975,62.98522186279297,7.741692183157113,9.785433769226074,4.16015625,0.6697448739376727
01252,0.8320156770083841,0.44188609210068436,1,0.19096136093139648,0.4136216640472412,0.4025982916355133,73.15882110595703,3.768076423831396,13.133186340332031,4.01171875,0.44256310681592964
01253,0.7942394831246106,0.3894774878947749,1,0.38618195056915283,0.8029079437255859,0.2820992171764374,62.24756622314453,9.456595575063561,8.800426483154297,2.89453125,0.20195857742309584
01254,0.5364558054028323,0.43322022584413417,1,0.5090190172195435,0.8374748826026917,0.5108178853988647,71.09307861328125,5.302669967351408,3.3302438259124756,3.755859375,0.4093090413826125
01255,0.7516065385253378,0.3471878187381612,1,0.23336082696914673,0.5309159159660339,0.44684162735939026,68.06828308105469,4.193271788532782,11.4222412109375,4.4453125,0.3251423980303558
01256,0.590712829584147,0.29048763470036437,1,0.22000432014465332,0.4128085970878601,0.4481064975261688,67.4892578125,5.488232048437333,18.244173049926758,4.8515625,0.5602848413890716
01257,0.840949515016103,0.42249549620114357,1,0.33557337522506714,0.46178385615348816,0.3928213119506836,70.5088119506836,5.441927177254537,11.04719066619873,3.171875,0.2722818735547896
01258,0.41431497239797904,0.23167059972332982,1,0.40832245349884033,0.5759240388870239,0.5026907920837402,74.5035629272461,4.571226533125525,7.503669738769531,3.853515625,0.30343527605683523
01259,0.7891094132458777,0.4067516781439402,1,0.24125629663467407,0.45534074306488037,0.41098320484161377,73.48591613769531,5.023548772833574,13.039592742919922,3.876953125,0.4493056413966254
01260,0.7993409805158628,0.42086263302372806,1,0.24147248268127441,0.46692466735839844,0.5864675641059875,73.05937194824219,6.139777272174834,8.397343635559082,4.57421875,0.5133489351014255
01261,0.9170357380425482,0.46032950357684804,1,0.2557740807533264,0.39736276865005493,0.522515594959259,69.11910247802734,8.499029734790424,10.091363906860352,4.66015625,0.6173979893739954
01262,0.8101121176992835,0.3698488478309578,1,0.3824697732925415,0.675724983215332,0.38334792852401733,62.326297760009766,9.08333081418951,7.3203511238098145,3.685546875,0.13536713827187616
01263,0.5587601614906617,0.3182449725776965,1,0.2862653136253357,0.5180135369300842,0.6080841422080994,74.96420288085938,5.993212606083777,8.121187210083008,4.98828125,0.564414936596752
01264,0.8731168391666455,0.41388151680086366,1,0.34255433082580566,0.5512512922286987,0.4642266035079956,71.2691421508789,6.882766659249499,10.177576065063477,3.728515625,0.5855297692838045
01265,0.8620814379614469,0.39058609958506224,1,0.37597352266311646,0.6579322218894958,0.3784535825252533,73.15567016601562,6.213977968904301,15.042390823364258,3.306640625,0.39750594892796337
01266,0.8263025750746613,0.3967379792416861,1,0.26952672004699707,0.4643109440803528,0.46596643328666687,75.50130462646484,5.842922080439198,11.834708213806152,4.0390625,0.4213601010982434
01267,0.8740243058044028,0.41236273330487755,1,0.26210737228393555,0.4757833778858185,0.4178532063961029,73.81880950927734,5.571390694432841,10.709779739379883,4.28515625,0.27019151277015724
01268,0.7696645688757217,0.36418419084032916,1,0.26346355676651,0.5556512475013733,0.47096338868141174,75.34195709228516,5.282850016677118,13.643630981445312,4.89453125,0.41155743319380456
01269,0.7540577113164972,0.3387215282880235,1,0.26782065629959106,0.5235916376113892,0.555660605430603,74.25495147705078,4.832102174418757,13.050994873046875,4.94921875,0.3988141708745173
01270,0.8965772861177923,0.44850207080020554,1,0.26151132583618164,0.4287407100200653,0.3962137699127197,67.06657409667969,5.39900189829246,12.589245796203613,3.28515625,0.5350486633884881
01271,0.24661910195581857,0.09454313414709455,1,0.5381453037261963,0.6943438053131104,0.40268948674201965,60.713993072509766,12.932852900217185,11.194347381591797,1.98046875,0.11294352155793955
01272,0.7796436446418203,0.43538662443388626,1,0.170973539352417,0.35168272256851196,0.4725170433521271,69.17572784423828,3.5747268566094514,15.504785537719727,4.05078125,0.49721079585731803
01273,0.3614029286251583,0.16405333796638144,1,0.30330294370651245,0.5779073238372803,0.4805055558681488,64.52195739746094,7.120635774340999,14.76065731048584,3.6953125,0.36865850321555493
01274,0.5046189321023156,0.23406839843019997,1,0.21188831329345703,0.26106345653533936,0.4690115451812744,73.30843353271484,5.710149890172235,18.08873176574707,4.9296875,0.7465168128651752
01275,0.7996030437623213,0.42790549169859515,1,0.2381303310394287,0.48946893215179443,0.440123051404953,72.7748031616211,4.2239148157121065,12.348758697509766,4.734375,0.5265730337549623
01276,0.5557419569010431,0.23435673147707098,1,0.43284130096435547,0.7451820373535156,0.2858111560344696,63.7960319519043,8.11672439675378,12.88847541809082,1.908203125,0.22418946362756195
01277,0.6792213746988488,0.29960947669877636,1,0.2653164863586426,0.5112184286117554,0.5643274188041687,71.31426239013672,4.358778042373984,8.046043395996094,4.8203125,0.3700806327865988
01278,0.8188713591092398,0.3525625497456483,1,0.2963770627975464,0.5575597286224365,0.4058879613876343,66.06159973144531,6.140727412013295,15.3478422164917,4.078125,0.722626776069001
01279,0.8585793836962303,0.42727762474461534,1,0.2155779004096985,0.3652566373348236,0.43535369634628296,72.36258697509766,4.846767779947952,11.998052597045898,3.6015625,0.4135203706537797
01280,0.8412627714198523,0.38050132628429295,1,0.31646060943603516,0.585067093372345,0.34311020374298096,72.25843048095703,6.315627790770316,12.508081436157227,3.556640625,0.19422897035571568
01281,0.6354916852589679,0.3142692867047722,1,0.3712117075920105,0.6204330325126648,0.3613077402114868,68.06900787353516,6.890842358149416,11.376348495483398,3.150390625,0.3141293630060338
01282,0.8022361163068937,0.3905621335785722,1,0.21348077058792114,0.44653433561325073,0.5563222169876099,75.46611022949219,6.51077219869423,12.528676986694336,4.30859375,0.5455045598143992
01283,0.8440967544932836,0.38953159975732726,1,0.24211668968200684,0.366864949464798,0.458546906709671,74.02621459960938,4.041298171258523,14.769655227661133,4.421875,0.37524191209923113
01284,0.9221657640886967,0.5291136459918724,1,0.20691245794296265,0.38715502619743347,0.46536609530448914,76.28006744384766,4.267221230624446,10.815396308898926,4.375,0.4454918626944191
01285,0.7930392254249093,0.3809232899586617,1,0.4967622756958008,0.6592596769332886,0.2607887089252472,62.856781005859375,8.20433260608104,11.908044815063477,2.18359375,0.2884254499021926
01286,0.7332940420187165,0.3296278829526825,1,0.2864150404930115,0.5834105610847473,0.4944099485874176,73.10112762451172,5.785271789886904,11.73427963256836,4.828125,0.45310520094637413
01287,0.6960864456430944,0.3076923076923077,1,0.3540530204772949,0.6866502165794373,0.43163228034973145,66.6730728149414,5.87925420107454,10.894545555114746,3.51953125,0.3842300332865816
01288,0.7496381580577518,0.34644233415909714,1,0.2901056408882141,0.5731465816497803,0.3478589653968811,70.93977355957031,4.927132286469912,13.968358039855957,4.09375,0.4819146231984072
01289,0.816552656851333,0.5222811291015905,1,0.2678578495979309,0.4280742406845093,0.4651447832584381,61.126216888427734,6.70444336824334,16.50648307800293,4.5703125,0.5775508276837867
01290,0.8363635620869877,0.47446652645508897,1,0.28339123725891113,0.4690607786178589,0.4875376522541046,71.61820220947266,4.407303548636869,10.144294738769531,4.4765625,0.46267402183313194
01291,0.8505429618261363,0.39734877303382377,1,0.3630242347717285,0.6127451658248901,0.4457296133041382,74.5143814086914,5.813322288702293,11.509284019470215,3.447265625,0.3953449605047395
01292,0.6967460681817582,0.31914338955885335,1,0.2831795811653137,0.4618532955646515,0.4480343759059906,72.4513931274414,4.867429342063774,12.324861526489258,3.767578125,0.21802272123207952
01293,0.879611269960784,0.4514830428012609,1,0.20827800035476685,0.36086562275886536,0.4623526632785797,72.21319580078125,4.779064453959704,14.368358612060547,4.36328125,0.38288699858613184
01294,0.8369093733884521,0.42007695543127754,1,0.2825056314468384,0.5180803537368774,0.35866037011146545,73.070556640625,5.91340622194354,14.485922813415527,3.609375,0.341152706396473
01295,0.9126714845287652,0.6414624013294558,1,0.22303009033203125,0.17555686831474304,0.6014218926429749,71.02815246582031,11.274371013843258,20.937917709350586,4.65234375,0.23148894316739477
01296,0.7858818456463671,0.3692722371967655,1,0.2587110996246338,0.6166618466377258,0.4174878001213074,58.121742248535156,4.442632142908196,8.144951820373535,4.29296875,0.4077366120420642
01297,0.783118609141334,0.34758930001601795,1,0.2860026955604553,0.5637372136116028,0.38513293862342834,71.63252258300781,7.00321551053399,14.405516624450684,4.2421875,0.24300633048856485
01298,0.6809120562628471,0.3632294800706169,1,0.253165066242218,0.40638720989227295,0.4696424901485443,70.92610931396484,4.106802380091534,15.956464767456055,4.14453125,0.4841971462932064
01299,0.6541706711726316,0.38354209608371653,1,0.33733850717544556,0.6469270586967468,0.3494010269641876,67.0650863647461,5.923278415190684,13.106141090393066,3.46484375,0.49041494928263407
01300,0.7008972163290245,0.30810574612191394,1,0.3263499140739441,0.5184953808784485,0.4631907045841217,72.06843566894531,5.260943848217902,6.806058406829834,4.37109375,0.2928982106621683
01301,0.908066326947325,0.5319851134049575,1,0.32028132677078247,0.4713316559791565,0.5435965657234192,70.21610260009766,6.189148808391952,12.363825798034668,4.8984375,0.68185044438542
01302,0.7738303698898014,0.43133559492398543,1,0.31308436393737793,0.6031321883201599,0.37400171160697937,69.49217224121094,5.133113578344892,14.345298767089844,3.8203125,0.4699752806208375
01303,0.7925723596255602,0.4259363824581216,1,0.1952407956123352,0.3445562422275543,0.5857465267181396,75.40744018554688,6.264507481022362,10.618255615234375,4.94140625,0.6659145241496467
01304,0.7783709206174864,0.38748367751608065,1,0.23464900255203247,0.2462666928768158,0.594480037689209,75.43639373779297,5.2834150037583445,15.028458595275879,4.9921875,0.7497888834377188
01305,0.7334313766940185,0.33225044722719144,1,0.2837361693382263,0.6071081757545471,0.4634178578853607,72.86241149902344,5.558371810020449,8.518587112426758,4.46875,0.3183645887797031
01306,0.7917413475060252,0.38942809269387624,1,0.30850929021835327,0.5528903007507324,0.4872596859931946,72.07334899902344,4.140140696315888,8.947611808776855,4.23046875,0.3775607383381851
01307,0.855740317028371,0.4560382550638336,1,0.21248090267181396,0.4878787398338318,0.5295229554176331,72.89920806884766,3.7595469105992985,11.85085391998291,4.61328125,0.4260750770399137
01308,0.7933956023396863,0.42575754256041715,1,0.1381945013999939,0.23242449760437012,0.5009620785713196,75.67581939697266,3.9028633717427055,16.115509033203125,4.4921875,0.6280437866438016
01309,0.8730526896271688,0.4757314974182444,1,0.32256948947906494,0.48015764355659485,0.3535303771495819,67.58672332763672,3.686954418965407,8.528928756713867,3.193359375,0.37524317228910425
01310,0.7374258983371855,0.3334851766805805,1,0.3521222472190857,0.6032570600509644,0.38143298029899597,69.3785400390625,6.613701868852281,13.268165588378906,4.2421875,0.21383996336949948
01311,0.8490320826681566,0.5018867924528302,1,0.1754394769668579,0.3374362587928772,0.38645991683006287,73.6855239868164,3.825313762493683,15.428800582885742,3.275390625,0.6650722338043742
01312,0.8621518392913021,0.39379645641132427,1,0.3767855763435364,0.5738491415977478,0.3567793369293213,69.78839874267578,7.398757452808283,11.450729370117188,2.650390625,0.19063980507964098
01313,0.8249485945685285,0.4088124151594086,1,0.19022810459136963,0.36834508180618286,0.49325916171073914,73.7421646118164,3.3288276700845993,12.830024719238281,4.2421875,0.3561646308897539
01314,0.8564602898216486,0.4193211747751329,1,0.2686881422996521,0.5703156590461731,0.44475096464157104,70.66285705566406,8.041273272732688,13.199127197265625,3.345703125,0.5021693791823724
01315,0.9212086234919844,0.6323159505225215,1,0.24795037508010864,0.4751850664615631,0.5485782027244568,77.6539077758789,5.302154379837675,9.081676483154297,3.859375,0.5840702904719948
01316,0.7584139172388102,0.3311300253531329,1,0.3742259740829468,0.5717865824699402,0.46492916345596313,69.95283508300781,6.824487998017171,9.136139869689941,3.509765625,0.4966664013507232
01317,0.7514648704747167,0.4231125214861827,1,0.22156405448913574,0.4213026762008667,0.44413742423057556,68.95220184326172,3.6819190021280557,15.59823226928711,4.609375,0.4962636713746589
01318,0.8205479928153754,0.4068849172391873,1,0.22307276725769043,0.40589404106140137,0.42622867226600647,75.20793151855469,4.398348548448547,15.854520797729492,3.43359375,0.4358710298487342
01319,0.7929894157221272,0.4611636662764578,1,0.26767498254776,0.3973610997200012,0.5697444677352905,73.17344665527344,6.037099371917474,11.786961555480957,4.58984375,0.5896217997268468
01320,0.7929328321076603,0.39888773027459157,1,0.4932324290275574,0.732348620891571,0.2923106551170349,61.54550552368164,6.180672055565485,8.602019309997559,2.62890625,0.3068584087959733
01321,0.8442067379229358,0.3900071767882164,1,0.3125969171524048,0.4901686906814575,0.4994024634361267,67.45247650146484,6.346574391068899,15.714937210083008,4.06640625,0.6138695100735513
01322,0.7950702198862402,0.468127147766323,1,0.2187790870666504,0.4247393310070038,0.4659883379936218,70.54437255859375,5.778839468367222,13.804640769958496,3.63671875,0.6849540134854789
01323,0.56170578057316,0.2674864731923266,1,0.25502997636795044,0.4980734884738922,0.5283699631690979,75.07133483886719,6.581780386368226,14.042411804199219,4.66015625,0.5462843016381684
01324,0.6737391310811427,0.31668998417467487,1,0.40315765142440796,0.7107892036437988,0.30481863021850586,62.34986877441406,6.508995676188011,7.798637390136719,2.078125,0.3384270842082501
01325,0.7406795142076897,0.36427522550870567,1,0.24153906106948853,0.533243715763092,0.5679147243499756,73.03650665283203,5.668458680123438,14.19837474822998,4.96875,0.5109591185867169
01326,0.7537924157055275,0.4334436879255419,1,0.25869250297546387,0.5469628572463989,0.4520297944545746,76.72061157226562,4.321463819505889,10.44488525390625,4.77734375,0.4791551791639722
01327,0.21659409698013188,0.09859654244781349,1,0.41411036252975464,0.5867445468902588,0.31929007172584534,65.2487564086914,8.237001292329882,9.880002975463867,2.8125,0.16915483918208482
01328,0.7249492763935437,0.3577269059861996,1,0.2791886329650879,0.49554142355918884,0.3461119532585144,72.05487823486328,3.5472436054806886,12.845903396606445,3.83203125,0.2927304187945103
01329,0.8555799094159205,0.43921966227318815,1,0.18962210416793823,0.3744419813156128,0.5288103222846985,75.4104995727539,3.8771676474359538,12.927979469299316,4.7734375,0.4929102312680032
01330,0.8519399997303663,0.4092666137145883,1,0.25581008195877075,0.4917234778404236,0.44813984632492065,72.83904266357422,4.098936195133848,12.077046394348145,4.12109375,0.2516917488449752
01331,0.45164984579330775,0.2106474820143885,1,0.28948283195495605,0.6521585583686829,0.5338545441627502,70.65156555175781,6.632736500775792,10.480382919311523,3.5234375,0.6490318502298934
01332,0.6075382342519762,0.3042987176931765,1,0.26288843154907227,0.5215168595314026,0.667263388633728,74.6067886352539,5.336924381339984,12.28359317779541,4.98046875,0.5149211191743843
01333,0.7835217912553352,0.40147560381429664,1,0.23191684484481812,0.5675188899040222,0.5642848014831543,71.68795776367188,4.618265593547068,12.776745796203613,4.8828125,0.46274661806046824
01334,0.6704515904862801,0.34654366692965954,1,0.41211628913879395,0.6268547773361206,0.4892997145652771,71.72528076171875,7.24157903827671,9.877799034118652,2.275390625,0.4358762205782142
01335,0.7021156247237531,0.3794186164286438,1,0.27839064598083496,0.5403515696525574,0.5572445392608643,74.61331176757812,6.203881425929628,13.957010269165039,4.6015625,0.5876907503428721
01336,0.636108685620257,0.3265520685485991,1,0.24875229597091675,0.5233757495880127,0.5243961215019226,69.65695190429688,4.973574004515845,15.584725379943848,4.72265625,0.4900981661845986
01337,0.8548100469110277,0.49192327107521455,1,0.33547812700271606,0.5234286189079285,0.5436007380485535,69.05778503417969,5.994663207350988,6.555541038513184,3.8984375,0.21762126359315695
01338,0.8870251187533499,0.4190917558327086,1,0.3228622078895569,0.5731329917907715,0.43663614988327026,68.50489044189453,8.26249267273377,10.314177513122559,3.73046875,0.3092463000461835
01339,0.7733666481189632,0.4317325345444004,1,0.15303868055343628,0.3081126809120178,0.6221789121627808,73.86231994628906,4.972707502822053,12.928878784179688,4.98828125,0.517437768028082
01340,0.8028126589420171,0.4032089634753124,1,0.21233922243118286,0.3843284547328949,0.5735723376274109,72.2150650024414,4.7332124124123816,13.036720275878906,4.9296875,0.3823405294562686
01341,0.7567434848075605,0.40731528895391367,1,0.31978297233581543,0.6571657061576843,0.5517168641090393,74.43125915527344,5.447856096419023,9.084673881530762,4.96484375,0.24058293795881455
01342,0.8291329425042254,0.3852320228583523,1,0.27900850772857666,0.5032774806022644,0.4490799903869629,75.99925231933594,3.8743231846446364,13.578644752502441,4.51171875,0.3258077534850943
01343,0.8612150621146519,0.4168185500202511,1,0.20677036046981812,0.3789427578449249,0.41824036836624146,69.32230377197266,4.245684734740618,15.42380428314209,2.572265625,0.4502139362592681
01344,0.7864492003044109,0.3445026936921702,1,0.44662952423095703,0.5840529203414917,0.46526315808296204,71.21206665039062,6.578501143091575,11.073282241821289,3.3203125,0.3441231843160613
01345,0.7724690577265307,0.36547013412074425,1,0.2192571759223938,0.40834707021713257,0.527494490146637,72.7851333618164,4.278265897453534,12.344585418701172,4.90625,0.4392393031531369
01346,0.9016943956331641,0.47946522008414666,1,0.3017406463623047,0.4702848196029663,0.41006144881248474,70.26506805419922,4.435263665829068,8.879826545715332,3.859375,0.2816073972614223
01347,0.8738104156449459,0.608958407394241,1,0.2576184868812561,0.5141391158103943,0.4470924735069275,74.6238021850586,7.318101286526993,9.911271095275879,3.990234375,0.6793346080854517
01348,0.8832592592592593,0.5365925925925926,1,0.32744044065475464,0.5022236704826355,0.47901278734207153,62.43046188354492,8.869135054414139,17.785621643066406,3.884765625,0.7434426153308911
01349,0.8093924635570063,0.42462156105206716,1,0.3369233012199402,0.521298348903656,0.43891051411628723,75.46758270263672,5.459767132007457,8.838112831115723,3.900390625,0.2972588668227823
01350,0.8782446793553769,0.395541611221662,1,0.27129054069519043,0.5353245735168457,0.4273594915866852,73.31795501708984,6.23470140332568,12.937016487121582,3.91015625,0.3929106963556078
01351,0.7251431571685928,0.5074825407382774,1,0.2299150824546814,0.4748261272907257,0.5772761702537537,71.40824890136719,5.225069897051257,11.280525207519531,4.91796875,0.552610541578819
01352,0.8974644412953653,0.5034895589087197,1,0.18198180198669434,0.3558976948261261,0.4596606492996216,72.88909149169922,4.215741267783351,12.710753440856934,4.09375,0.6085944515152266
01353,0.7603017633890173,0.36264674493062965,1,0.2009563446044922,0.40884068608283997,0.5469532012939453,76.16964721679688,4.301571952097889,10.177907943725586,4.96875,0.5033956070346884
01354,0.7898384014134493,0.4044099074335468,1,0.4329655170440674,0.5746963620185852,0.29973146319389343,60.62641143798828,5.184705606938863,10.158886909484863,1.9677734375,0.2847730826282183
01355,0.7310960518517317,0.3804622524468134,1,0.2987477779388428,0.46314501762390137,0.3204226791858673,74.38323974609375,5.355274202967154,14.42428207397461,3.1484375,0.35117928980857455
01356,0.9063102066513535,0.5040906994246316,1,0.24921637773513794,0.39099130034446716,0.5408523678779602,76.25159454345703,5.083315433212598,13.144584655761719,4.55859375,0.6331002221750871
01357,0.801601552117064,0.47034887753450627,1,0.27477163076400757,0.41729289293289185,0.47667038440704346,72.09026336669922,5.529238890280473,12.12254524230957,3.990234375,0.589870584096274
01358,0.8690064029310783,0.4002130099950844,1,0.23458737134933472,0.46231967210769653,0.5460718870162964,73.87045288085938,4.978116282714755,10.639408111572266,4.95703125,0.3829987433173412
01359,0.7925474563734974,0.40539063922782737,1,0.33146947622299194,0.5919576287269592,0.3856910765171051,68.77987670898438,6.68886469496817,10.55548095703125,3.35546875,0.4856884480480556
01360,0.847448389749769,0.4860848595450694,1,0.2025049328804016,0.4255407452583313,0.4918478727340698,68.58248138427734,5.578220915283992,16.27717399597168,4.52734375,0.6419412852328421
01361,0.7568336133758279,0.4169669327251995,1,0.24665474891662598,0.4880204498767853,0.3594849705696106,68.46562957763672,4.314819367051537,12.55502700805664,4.140625,0.5499212790533856
01362,0.8106180787502199,0.3704214849358368,1,0.2685602903366089,0.46017706394195557,0.5357489585876465,72.5186996459961,5.450773547207014,11.734504699707031,3.98046875,0.3187196556242604
01363,0.5615908481559416,0.31260330578512396,1,0.2269781231880188,0.5312512516975403,0.5994436144828796,73.05471801757812,4.845953911867485,17.19403839111328,4.921875,0.5989134062179318
01364,0.4744893239016786,0.24582665003267393,1,0.2492818832397461,0.5054534077644348,0.4872325658798218,68.53367614746094,7.760217664763343,13.339197158813477,4.0546875,0.3511515569779555
01365,0.8367653393990085,0.430113759872473,1,0.266332745552063,0.4125146269798279,0.5451062321662903,74.95104217529297,5.523113689464164,9.948328971862793,4.8515625,0.6724978390727118
01366,0.8008950365774603,0.36604304098626583,1,0.30616337060928345,0.6143514513969421,0.5584409236907959,77.17330932617188,4.10692460968137,8.746288299560547,4.953125,0.34052499355002896
01367,0.7600311213974228,0.4122613451021779,1,0.2751166820526123,0.6574337482452393,0.3875611126422882,66.17818450927734,5.29576653173323,10.685707092285156,4.01953125,0.4835580976436678
01368,0.7865090300179035,0.3498566068533989,1,0.34808361530303955,0.711479902267456,0.49052950739860535,75.14773559570312,7.0463811544926855,12.17050552368164,2.904296875,0.2721786190301499
01369,0.712287195313015,0.39275741710296685,1,0.2558712959289551,0.5241580009460449,0.3679066300392151,67.4400405883789,4.850604326534614,14.9553861618042,4.03125,0.4952938004660858
01370,0.7354085767091347,0.3981355706485551,1,0.23132407665252686,0.369712233543396,0.5794950723648071,74.39262390136719,4.372121384823567,11.425798416137695,4.59765625,0.5083495709730227
01371,0.8764662973444666,0.49032141349574865,1,0.1642146110534668,0.3187001943588257,0.5395230650901794,75.2939224243164,5.883828669387057,15.116912841796875,4.8671875,0.6836076850872782
01372,0.8036843359226732,0.3672332820747267,1,0.31156545877456665,0.5520939826965332,0.454921692609787,74.21035766601562,5.724638154582775,10.187954902648926,4.21484375,0.3678859984228322
01373,0.8462864047808748,0.47227788911155644,1,0.2794445753097534,0.48644930124282837,0.39547085762023926,69.96540832519531,5.304816173188762,10.314315795898438,3.724609375,0.42197517411132623
01374,0.755249586835493,0.39749180011576307,1,0.4090402126312256,0.6075847148895264,0.23052306473255157,64.58622741699219,6.656781341223519,12.1929931640625,2.177734375,0.3401584175647204
01375,0.7720209754525682,0.3410857777487424,1,0.3907802104949951,0.6869001388549805,0.378337025642395,73.63372802734375,9.24322587873326,13.908034324645996,3.04296875,0.21422851172082344
01376,0.7692252207898473,0.39244029887190507,1,0.24627041816711426,0.35345056653022766,0.49303558468818665,72.19060516357422,6.432245507197991,16.524492263793945,4.73046875,0.5443760923063105
01377,0.8290210547167423,0.40345658025216036,1,0.26377230882644653,0.5334975719451904,0.3689764440059662,73.27010345458984,7.276709784960827,16.393543243408203,3.037109375,0.47778310267301005
01378,0.24635369812342509,0.12409357665407188,1,0.38584524393081665,0.5733597874641418,0.5880742073059082,75.04451751708984,5.415146867878426,10.856480598449707,4.5546875,0.2623572373887848
01379,0.7511891872235391,0.40567150261909335,1,0.25726473331451416,0.4881747364997864,0.33892884850502014,71.77043151855469,4.568524642856488,13.284236907958984,3.64453125,0.4628665706385887
01380,0.7663597350556917,0.39981867633726204,1,0.26228421926498413,0.44681140780448914,0.3745298683643341,63.0974235534668,4.264998650127682,15.239130020141602,4.15625,0.36482611683187727
01381,0.7486700241579615,0.34165028137500847,1,0.37259048223495483,0.649938702583313,0.3592275381088257,74.24630737304688,6.173932012067471,12.294685363769531,2.97265625,0.3790220910835594
01382,0.8283832708384112,0.40835616982405976,1,0.1891297698020935,0.45325013995170593,0.4782143831253052,74.15958404541016,4.83274126903809,16.238039016723633,4.23828125,0.5233110429156929
01383,0.8460918872770201,0.4942859713848646,1,0.3286787271499634,0.6873354315757751,0.4254814386367798,72.85210418701172,4.689049665550328,8.903078079223633,4.0078125,0.2286970861156604
01384,0.7958001124530658,0.387861169837914,1,0.3254675269126892,0.48675623536109924,0.3086708188056946,67.5905532836914,4.62472996744003,13.602495193481445,3.041015625,0.36109193140066664
01385,0.7981870740240327,0.35679106600200594,1,0.4465002417564392,0.7344889640808105,0.3391857445240021,65.57238006591797,7.0458170555845525,9.197030067443848,3.119140625,0.20637805262444214
01386,0.8168983300837045,0.3935736095653911,1,0.2311761975288391,0.373847097158432,0.5813512802124023,74.92355346679688,5.211344917965052,10.472589492797852,4.734375,0.39119047435821264
01387,0.8377218898797629,0.406071971975514,1,0.259479820728302,0.4706605076789856,0.4417555630207062,71.48482513427734,4.290582312480933,11.829009056091309,3.2578125,0.3012103336907348
01388,0.7260665856208125,0.39297731466406166,1,0.2691729664802551,0.4291837811470032,0.438323974609375,67.2267837524414,4.386600661023617,13.053333282470703,3.986328125,0.4474303709878168
01389,0.8661140957711869,0.46324620022009216,1,0.24175786972045898,0.4271102547645569,0.5026592016220093,71.04407501220703,3.840757784554653,11.49710750579834,4.2421875,0.27840230439103025
01390,0.8994150515622625,0.4398689197725837,1,0.2573891282081604,0.479248046875,0.4081869125366211,72.46015167236328,3.341421913308711,12.202740669250488,4.13671875,0.3691706473830268
01391,0.8843217782715703,0.43530755425028556,1,0.25349879264831543,0.5218539237976074,0.5684866905212402,75.1682357788086,4.1248204878983215,8.463537216186523,4.9609375,0.42977977510983617
01392,0.7728702094943023,0.37528126528615685,1,0.20410579442977905,0.47453638911247253,0.5247938632965088,71.75438690185547,4.176688153039149,9.782316207885742,4.93359375,0.46504187179829803
01393,0.6645066556006001,0.34799554565701557,1,0.3560370206832886,0.6693345308303833,0.24845699965953827,51.685943603515625,6.602728673043897,12.614845275878906,2.3515625,0.5101288329178972
01394,0.7030317776925288,0.385932150638033,1,0.2894308567047119,0.4240089952945709,0.6218653917312622,76.07720947265625,6.281345054976342,6.890877723693848,4.96484375,0.37751590973519966
01395,0.72259407215107,0.37600196016661414,1,0.29411083459854126,0.6032193303108215,0.394321084022522,67.24311828613281,6.237101786181797,17.08925437927246,4.2578125,0.3940121089998191
01396,0.8935187597955883,0.5056051108968177,1,0.24277913570404053,0.39471057057380676,0.5418850183486938,73.26022338867188,5.313870524329554,10.992725372314453,3.94140625,0.6736179349196851
01397,0.840013662002295,0.4589055826957938,1,0.2125704288482666,0.40376412868499756,0.5878911018371582,76.1239242553711,4.478152787994142,14.146565437316895,4.69140625,0.6740739681841141
01398,0.7402371261672437,0.36453548520587625,1,0.3040645122528076,0.5193493962287903,0.40494003891944885,71.1329345703125,6.790638500916568,13.125272750854492,3.546875,0.6138077847943945
01399,0.7075145460604637,0.34268224819143017,1,0.338695764541626,0.5762345194816589,0.4124326705932617,69.44220733642578,6.586477948635255,12.652576446533203,3.333984375,0.34421669783488706
01400,0.5818407977389106,0.2786144578313253,1,0.26423197984695435,0.48698389530181885,0.6045007109642029,73.47994232177734,5.630759002693255,14.885722160339355,4.93359375,0.5970042318368162
01401,0.8963918204548353,0.44806374128537113,1,0.28969383239746094,0.4830767810344696,0.5090166330337524,73.73019409179688,5.252782011347607,14.071367263793945,3.533203125,0.5886394555927685
01402,0.8974835930246787,0.5120755134397699,1,0.1844685673713684,0.325878381729126,0.4739218056201935,72.23578643798828,4.964349356789708,11.464205741882324,4.26171875,0.5143526305924686
01403,0.6544154601006867,0.3402925086524506,1,0.28137916326522827,0.6162653565406799,0.5583999156951904,75.3077621459961,6.35247903791564,15.603865623474121,4.88671875,0.7147908532409274
01404,0.616623209654745,0.29768535709865085,1,0.42353880405426025,0.5748236775398254,0.2528218924999237,69.53654479980469,6.77566363462762,9.681947708129883,2.33203125,0.23569653258057688
01405,0.648512934835829,0.34179222839016654,1,0.3878227472305298,0.6879456043243408,0.24738480150699615,63.27226638793945,6.763085827748589,9.078082084655762,1.9658203125,0.34772233586137774
01406,0.6259859823829024,0.3702587289625722,1,0.41008245944976807,0.6599891781806946,0.32257285714149475,58.405879974365234,6.031732202305364,11.285934448242188,2.546875,0.43666650375325333
01407,0.7899460657958931,0.3845071366347249,1,0.22995829582214355,0.512271523475647,0.4560508728027344,74.71790313720703,4.887628184783331,9.697067260742188,3.904296875,0.4526565248839658
01408,0.8000769325040497,0.3540654197961154,1,0.25191009044647217,0.489158034324646,0.4968124330043793,76.07514190673828,6.568216232007259,12.258247375488281,4.1015625,0.22449114360129688
01409,0.8036342489171429,0.4130767038831179,1,0.294708251953125,0.5066975355148315,0.3931422233581543,73.00787353515625,6.089837863371875,13.2357177734375,3.3125,0.4959788275563021
01410,0.8653282364289044,0.46425061425061426,1,0.27903395891189575,0.5726044178009033,0.39223048090934753,72.97496795654297,5.0060870619383095,10.111485481262207,3.900390625,0.5198917977695443
01411,0.8904231369384048,0.45554701511657697,1,0.34747183322906494,0.5984106659889221,0.3148069977760315,67.4830551147461,6.745270625442947,13.117700576782227,2.5703125,0.3660828064285835
01412,0.8624872466229596,0.46809871542028675,1,0.1890506148338318,0.4528558850288391,0.5861941576004028,74.48629760742188,4.595202528538493,12.231207847595215,4.86328125,0.565093348396296
01413,0.6981379794631002,0.42591731527342563,1,0.2894616723060608,0.6083204746246338,0.48896509408950806,72.02033233642578,4.959908741951601,9.246152877807617,3.306640625,0.39820431940249956
01414,0.8693134400111726,0.390010478519036,1,0.29682421684265137,0.5205895900726318,0.4045046865940094,74.42153930664062,5.498360216581592,12.410111427307129,3.990234375,0.20823331827855737
01415,0.7102215982268321,0.3267732223501284,1,0.29041558504104614,0.5114226341247559,0.39343348145484924,68.20589447021484,3.541660686813762,12.685641288757324,4.140625,0.24942237959767252
01416,0.7200136246445985,0.35103775126654685,1,0.2055913209915161,0.418537974357605,0.49113768339157104,73.52616119384766,4.841396490478356,12.541278839111328,4.33984375,0.48651173863279135
01417,0.7238451722535019,0.32163586862074955,1,0.3879110813140869,0.5765700936317444,0.47908124327659607,72.11991119384766,4.344347586521842,11.45150375366211,3.9921875,0.21364262268917858
01418,0.8921453523985181,0.4025269632800648,1,0.3391192555427551,0.6284940242767334,0.3990824818611145,73.8824234008789,6.09749785425231,12.224827766418457,3.5,0.3125751279071865
01419,0.7911426430685286,0.35028190007128507,1,0.2850690484046936,0.5618335604667664,0.47954168915748596,75.68246459960938,6.226352912783504,12.093141555786133,4.04296875,0.3065467177222321
01420,0.6365149874933425,0.3008331971900016,1,0.36777937412261963,0.5654862523078918,0.4664696156978607,72.99951934814453,5.079390926799891,12.509969711303711,3.916015625,0.3414288400777184
01421,0.8398187505422217,0.4037032005123925,1,0.22313541173934937,0.4389481246471405,0.40621399879455566,71.18648529052734,5.015326077503915,12.6464262008667,3.5078125,0.48073090333881735
01422,0.6970913494212616,0.3970269880213595,1,0.2177233099937439,0.3601905405521393,0.4937298595905304,70.7000503540039,4.454659750596003,12.397628784179688,4.5078125,0.4780234832020549
01423,0.5855808656164466,0.3066464518022204,1,0.2567761540412903,0.5321270823478699,0.4099346995353699,69.61358642578125,5.394608804725934,13.873998641967773,4.05078125,0.41282764301486813
01424,0.8264540365263274,0.43008243309368765,1,0.25481975078582764,0.42082059383392334,0.42644405364990234,72.21001434326172,4.2897061169798425,13.880194664001465,4.58203125,0.5769547816847836
01425,0.627192933490228,0.3124341412012645,1,0.3394063115119934,0.5015552043914795,0.549787700176239,75.67001342773438,4.412311007746521,7.556495666503906,3.931640625,0.3077845039812374
01426,0.5935612538092243,0.32490497438439925,1,0.2603760361671448,0.4678405821323395,0.5268687009811401,66.72103118896484,7.118130091051335,16.578872680664062,4.05859375,0.478152515941709
01427,0.6045298794685718,0.27793797032140094,1,0.2301962971687317,0.31821104884147644,0.589189887046814,76.52167510986328,5.19980472296373,13.922149658203125,4.87109375,0.6604982979888434
01428,0.7929265043054587,0.45610100911617024,1,0.18693578243255615,0.41720107197761536,0.5144072771072388,74.15827178955078,6.072242691128221,14.086874008178711,4.984375,0.6862056315059692
01429,0.6765737705697934,0.30127226463104323,1,0.28372514247894287,0.5095751285552979,0.4503743052482605,68.43611145019531,5.860664782445363,12.476335525512695,4.078125,0.5292010320804119
01430,0.7602597106279534,0.3542257440436753,1,0.17309200763702393,0.3169254660606384,0.6196309328079224,75.79137420654297,4.715018709573239,14.49751091003418,4.9921875,0.5910962682893434
01431,0.7151938677537076,0.30983599819145874,1,0.37329578399658203,0.649286687374115,0.6020849943161011,73.46002960205078,6.878860263196102,9.68656063079834,4.34765625,0.24907425870401545
01432,0.5024328959752398,0.23807693651514622,1,0.27210694551467896,0.4579729735851288,0.5700721144676208,73.12492370605469,4.673414640139715,8.869365692138672,4.2734375,0.3732764425474278
01433,0.8063273375188642,0.409221055722781,1,0.32916027307510376,0.5663431882858276,0.41460493206977844,73.85478973388672,5.186180645536982,8.708869934082031,3.54296875,0.3861087093781416
01434,0.809640137959545,0.4654624591947769,1,0.3239321708679199,0.555047869682312,0.47500964999198914,74.6764907836914,4.803894175801308,7.141561031341553,3.859375,0.4749454959090566
01435,0.5682594366281807,0.2915633213637878,1,0.25393497943878174,0.6225056648254395,0.4239400029182434,71.91374206542969,5.529781097956755,14.027653694152832,3.97265625,0.4600935537432247
01436,0.7203151697118294,0.38815028901734105,1,0.3162606954574585,0.7414842247962952,0.5087614059448242,71.80445098876953,6.225472190138072,10.695961952209473,3.662109375,0.44919334877521083
01437,0.7625779323756148,0.41539715378346187,1,0.3452489972114563,0.7537735104560852,0.32864364981651306,60.65894317626953,7.4333777291793774,10.113603591918945,2.287109375,0.4748395335731837
01438,0.87484412227222,0.411433242825027,1,0.26700079441070557,0.5063261389732361,0.5508298277854919,74.37112426757812,6.655134910365651,11.04709243774414,4.97265625,0.5314484147910706
01439,0.8042713078468757,0.48911253999316623,1,0.30426472425460815,0.5694789886474609,0.49478790163993835,73.41448974609375,4.090494523994872,7.0845232009887695,3.884765625,0.4090338037317588
01440,0.7215130477700016,0.34407630522088356,1,0.3624354600906372,0.7617501020431519,0.35118764638900757,73.21847534179688,6.347446873224388,8.655778884887695,3.6875,0.2844047771445317
01441,0.8647023548732288,0.5,1,0.19095349311828613,0.31235530972480774,0.5555256009101868,72.64962768554688,3.36711820173897,13.964194297790527,4.91796875,0.39645310149184676
01442,0.7658888503690536,0.54347616754935,1,0.25723838806152344,0.5254929661750793,0.48413971066474915,75.06265258789062,5.144948950405579,12.34693717956543,3.353515625,0.7036261449575856
01443,0.30321826958532816,0.1502668673874367,1,0.3197442293167114,0.5909143090248108,0.611110270023346,71.74859619140625,6.809428703145683,6.350849151611328,4.89453125,0.3029801721878616
01444,0.772369663580128,0.3413571845226521,1,0.3184446692466736,0.5790901780128479,0.43285876512527466,71.09319305419922,5.455448895239487,10.974348068237305,3.865234375,0.45058310072160995
01445,0.8801075940371779,0.5204487616043586,1,0.22784066200256348,0.5952603220939636,0.47484979033470154,75.09581756591797,7.158724205018078,11.86370849609375,4.00390625,0.539890536604629
01446,0.6148826460154367,0.3268454782815096,1,0.2785504460334778,0.4523929953575134,0.3929458558559418,71.05134582519531,4.768488400447199,9.3090238571167,4.5625,0.46807795899902677
01447,0.8493206397242011,0.44847912259442585,1,0.31825971603393555,0.47836434841156006,0.30553755164146423,70.02465057373047,4.248299635982972,11.443302154541016,3.408203125,0.25112033883293466
01448,0.6756505557015594,0.36404437293589637,1,0.25877195596694946,0.41493284702301025,0.4464465081691742,76.07098388671875,3.6652075700846933,10.969974517822266,4.16015625,0.3375978087657454
01449,0.7786153742370285,0.4429750787850666,1,0.21560102701187134,0.464053213596344,0.4174986481666565,68.72017669677734,3.787378975997814,9.336834907531738,4.03515625,0.43174184037969243
01450,0.8034051863668099,0.3767005173404867,1,0.23897385597229004,0.41370072960853577,0.5776378512382507,76.1920394897461,4.669352828098411,9.422059059143066,4.98046875,0.6525955308819207
01451,0.8800036180214921,0.46413185989885747,1,0.3740267753601074,0.593112587928772,0.45920148491859436,68.2394790649414,5.410640234713126,10.275402069091797,3.708984375,0.12309325801490285
01452,0.8363815729549889,0.36282080167134345,1,0.26089030504226685,0.563664436340332,0.5249091386795044,74.58360290527344,7.71630879950594,11.753044128417969,3.7578125,0.46702030838392594
01453,0.6931565026526845,0.3397354037901619,1,0.2897295355796814,0.49114856123924255,0.4866110682487488,69.26428985595703,4.763989313488466,10.781909942626953,3.900390625,0.3595439203233521
01454,0.7425019389629245,0.31868288172960674,1,0.3020091652870178,0.5670424699783325,0.4584471583366394,72.85791778564453,6.986657472900016,14.421016693115234,4.0546875,0.4701063285592015
01455,0.9062862797968876,0.5971813397555972,1,0.23779010772705078,0.5236303806304932,0.533535897731781,73.38664245605469,4.09999303348913,12.269450187683105,4.765625,0.4916273596558682
01456,0.7442435997596488,0.3885552331466361,1,0.375552773475647,0.6753398180007935,0.28306084871292114,65.31645965576172,6.300707037404308,13.17481803894043,2.873046875,0.3277501308583688
01457,0.8898564769621968,0.41543864049664514,1,0.32089316844940186,0.680489718914032,0.3918936848640442,74.24285125732422,6.951890475164561,12.72579288482666,3.5078125,0.4404570213109469
01458,0.8691182772326448,0.40748124252419443,1,0.25955092906951904,0.40952783823013306,0.5426032543182373,72.40572357177734,4.902671932247266,11.860435485839844,4.578125,0.6779353093142376
01459,0.7665190173036518,0.3492318480270287,1,0.29721498489379883,0.529731810092926,0.36194831132888794,71.6766357421875,3.6599099954289023,9.263999938964844,3.8046875,0.2641204908066524
01460,0.8437648754110305,0.4172028524308378,1,0.29739367961883545,0.4259952902793884,0.5232327580451965,74.53736877441406,4.6913302834452635,11.105269432067871,4.44921875,0.28261707003630687
01461,0.7868748801834115,0.3551917483733621,1,0.284629225730896,0.6782912611961365,0.5425835251808167,74.50150299072266,6.076945477923938,11.60683822631836,4.57421875,0.481027373926467
01462,0.7268556599623553,0.3371521180283894,1,0.35839247703552246,0.6509429812431335,0.5912988781929016,73.3201904296875,6.278776477938472,8.733670234680176,3.650390625,0.25861549684088364
01463,0.7894963385675527,0.4501580961890498,1,0.22862708568572998,0.4299917221069336,0.5040097832679749,67.15157318115234,6.833642244118197,17.070819854736328,4.0078125,0.569358769472561
01464,0.6718270006053738,0.3503737196641137,1,0.33101987838745117,0.6358649730682373,0.3078019618988037,66.42383575439453,4.960239546447353,13.366901397705078,3.369140625,0.35354607958596296
01465,0.885708687660479,0.5213831160161987,1,0.3863822817802429,0.5549231171607971,0.2849210500717163,64.32806396484375,6.152099374273297,12.862329483032227,1.921875,0.48483450759888375
01466,0.8752828832077171,0.45044565006781634,1,0.23717403411865234,0.5112167596817017,0.5067278742790222,74.48905944824219,4.960826246617874,10.24685001373291,4.8125,0.4463941393358358
01467,0.4938675107949665,0.24446432565421605,1,0.33682960271835327,0.5550681352615356,0.3085472583770752,69.37531280517578,5.683301004303345,12.829282760620117,3.220703125,0.3857474595188713
01468,0.7263387341054919,0.35280296633503433,1,0.250824511051178,0.47005578875541687,0.4668879210948944,67.81735229492188,5.491969345673062,17.44127082824707,4.51953125,0.4310666773403431
01469,0.613532818450832,0.3230192515407586,1,0.31424081325531006,0.6881934404373169,0.5138781666755676,69.57865905761719,6.335311501354151,9.310017585754395,3.38671875,0.4637509157251647
01470,0.8550420389406077,0.4216838465410457,1,0.2670760750770569,0.4533233940601349,0.43514373898506165,72.91362762451172,4.135957803276511,8.660417556762695,4.265625,0.27075745237502097
01471,0.8645745570119198,0.43967593023719886,1,0.24482715129852295,0.3939647674560547,0.5796663761138916,75.40106964111328,5.150058133715681,12.792896270751953,4.93359375,0.44115091939224055
01472,0.8600218939900575,0.49613476404753665,1,0.36201775074005127,0.7114109992980957,0.42477986216545105,67.26585388183594,4.816850566360259,8.827007293701172,3.69921875,0.40561228682642075
01473,0.8701104465468542,0.40014340264461157,1,0.43918830156326294,0.7069920301437378,0.4727569818496704,71.43038940429688,8.125584710604342,13.426834106445312,3.953125,0.18185983900193017
01474,0.8477588187107311,0.38804839239259464,1,0.2714000940322876,0.5284667611122131,0.48129233717918396,75.26016998291016,6.435697765686148,12.363921165466309,4.3046875,0.3599447568611705
01475,0.8718030826889677,0.4401803404003058,1,0.23642116785049438,0.41248130798339844,0.4373534023761749,75.39408874511719,3.9108230314477193,9.14874267578125,4.0390625,0.43797290131773514
01476,0.6357587085846104,0.2875221315995704,1,0.32819801568984985,0.6572843790054321,0.4438249170780182,69.05489349365234,7.250903880842646,13.984676361083984,3.240234375,0.4500669727417345
01477,0.7998233697058018,0.3713948548501298,1,0.23203957080841064,0.4267537295818329,0.43438783288002014,75.52169799804688,5.30986766508817,15.177655220031738,4.0546875,0.4425212893175633
01478,0.7852510662496446,0.3966521937842779,1,0.2525532841682434,0.48058435320854187,0.5846632122993469,73.3797607421875,4.748886833304192,11.738090515136719,4.265625,0.4867748283141774
01479,0.7302146124164887,0.45685279187817257,1,0.1736888289451599,0.266872763633728,0.5535039305686951,73.20943450927734,4.163838207114876,16.561552047729492,4.92578125,0.6151720802157885
01480,0.7921857956101923,0.35361189801699716,1,0.23152250051498413,0.49633243680000305,0.45790839195251465,73.56896209716797,5.481416011675968,15.096735954284668,4.9765625,0.4673489893405152
01481,0.6569589772255409,0.4157118250580394,1,0.17102736234664917,0.3214395046234131,0.5275996327400208,75.39276123046875,3.975147672034353,12.966825485229492,4.890625,0.5325859505784022
01482,0.8006584040221315,0.5058220773171868,1,0.30236053466796875,0.4380207359790802,0.49667254090309143,63.7866096496582,7.147891689441288,9.46906852722168,3.861328125,0.78431416194767
01483,0.8166562398173227,0.45043046532509373,1,0.23861390352249146,0.4867956340312958,0.4786253571510315,75.82078552246094,4.474419283996774,11.368492126464844,3.791015625,0.37464291981031494
01484,0.6924889699033716,0.3215767634854772,1,0.2169196605682373,0.429220587015152,0.4639889895915985,73.28921508789062,6.56449787075147,15.520881652832031,4.55859375,0.47663176905566446
01485,0.7999478451807879,0.4804888067364962,1,0.15918362140655518,0.2858063876628876,0.5753083825111389,73.22001647949219,5.658032211259626,17.232452392578125,4.90234375,0.7265289266681181
01486,0.748430663114761,0.4358677243961137,1,0.21357238292694092,0.43163377046585083,0.6230990290641785,73.6347427368164,6.1164105660819805,15.442066192626953,4.91796875,0.7014713116924955
01487,0.841822417641122,0.4292189512858438,1,0.2390022873878479,0.4707634449005127,0.23689092695713043,68.76470947265625,6.70799685579305,15.176868438720703,2.341796875,0.43188851310009785
01488,0.7711260137542896,0.359439001212439,1,0.3055118918418884,0.5259214043617249,0.4998115003108978,70.9625244140625,5.2713956905486326,13.310396194458008,4.09375,0.35651056909244405
01489,0.5020721204313888,0.248864726574992,1,0.3081246614456177,0.5217090845108032,0.5067031383514404,69.91903686523438,5.795389511148757,11.377581596374512,4.05859375,0.4557689599819199
01490,0.9309925854413399,0.41692328791033423,1,0.31888294219970703,0.7178628444671631,0.42357170581817627,74.47132110595703,7.9827129334270825,11.885801315307617,3.626953125,0.15246000132466853
01491,0.352238225919248,0.17985838632571144,1,0.25628000497817993,0.5704950094223022,0.4221242070198059,64.28709411621094,5.915814442926518,16.299074172973633,3.96484375,0.5625001286885212
01492,0.699142998700514,0.3086927449013708,1,0.41486865282058716,0.6952548027038574,0.34951305389404297,70.83211517333984,7.85751213474713,13.337041854858398,1.7646484375,0.38823791218055925
01493,0.6642520870425657,0.34984421187185427,1,0.25691109895706177,0.45781421661376953,0.5267801284790039,74.20967102050781,6.259760797202216,15.616803169250488,4.3828125,0.5114813751059918
01494,0.8072241440707193,0.37237479806138934,1,0.2790989875793457,0.5623870491981506,0.38382065296173096,65.47398376464844,6.3814730602726355,14.28353214263916,4.51953125,0.30675318103444366
01495,0.5660003408786596,0.23479835185416406,1,0.33546721935272217,0.6039109230041504,0.4155800938606262,71.31376647949219,7.1390592710558956,16.613698959350586,2.525390625,0.316140080562862
01496,0.831627437545021,0.38105232754055746,1,0.41553378105163574,0.6825639605522156,0.3667568564414978,67.63966369628906,8.315318968538238,10.059270858764648,2.560546875,0.20449221086866914
01497,0.557359837361441,0.26669160276790727,1,0.3013880252838135,0.5193055272102356,0.49890458583831787,75.65614318847656,5.151081907534162,14.297371864318848,4.109375,0.5199753527930453
01498,0.8624821679703962,0.44765621649440324,1,0.22603201866149902,0.4518168866634369,0.44539541006088257,75.1435317993164,5.082400942683081,12.189672470092773,4.125,0.481508705357338
01499,0.6623728757956353,0.37597363690832836,1,0.26360803842544556,0.5047290325164795,0.5131400227546692,67.78506469726562,5.009640091675524,15.173154830932617,4.05859375,0.6882543145706261
01500,0.8376668259830643,0.3962451632512304,1,0.28759557008743286,0.5590856671333313,0.37725919485092163,69.508056640625,6.30776231074283,12.912970542907715,3.265625,0.3814194050513026
01501,0.8850916333895915,0.4510806916426513,1,0.26558756828308105,0.4481132924556732,0.47323688864707947,74.51484680175781,4.377959448382246,11.896248817443848,4.56640625,0.3092151864966832
01502,0.7502712652434403,0.43095850165258903,1,0.2858119606971741,0.602562427520752,0.47439318895339966,63.879337310791016,5.403918935432426,16.311681747436523,4.1015625,0.5503605530461922
01503,0.8721945705206059,0.44578662543486663,1,0.21412652730941772,0.3923487961292267,0.5447589159011841,77.4447250366211,7.048985922872559,12.727193832397461,4.58984375,0.7265337290765677
01504,0.8672686048114224,0.4679254658385093,1,0.17131251096725464,0.260751873254776,0.3710097372531891,68.70780944824219,4.4919252463121175,17.00057601928711,3.212890625,0.619964690411933
01505,0.9057467606833105,0.4055825828934203,1,0.33273911476135254,0.581116259098053,0.5012720227241516,70.35943603515625,7.9469041357893015,10.084615707397461,4.53125,0.2595704844292193
01506,0.8209444495662345,0.48131868131868133,1,0.20598262548446655,0.3395159840583801,0.558789849281311,69.98320770263672,7.176203012256611,12.731897354125977,4.921875,0.7125330873170027
01507,0.8034482317926323,0.41976566479877736,1,0.2757831811904907,0.5213446617126465,0.4849793016910553,68.65624237060547,4.44057354869257,9.693248748779297,4.33984375,0.41937629270514354
01508,0.8527517437534303,0.43046278909462576,1,0.1910499930381775,0.4475161135196686,0.5341274738311768,74.30549621582031,4.870769308327208,9.022199630737305,4.87109375,0.5182351344257825
01509,0.8851814261325671,0.5269700079826662,1,0.2120877504348755,0.38891857862472534,0.6220401525497437,75.78570556640625,5.485169359242632,11.548162460327148,4.875,0.5515885992843413
01510,0.7764514359718667,0.5037970592987558,1,0.21935993432998657,0.44451358914375305,0.5854165554046631,74.65113830566406,4.877906006302719,10.155416488647461,4.96484375,0.5137931495614564
01511,0.6552792532800005,0.2823847846524169,1,0.5562765598297119,0.8107961416244507,0.3441038727760315,70.75529479980469,8.903158698139379,11.751776695251465,1.9697265625,0.1432770299522906
01512,0.36931884423503347,0.16882291431734772,1,0.3801270127296448,0.5752613544464111,0.4645653963088989,74.63764190673828,4.02663595271467,11.75875473022461,4.93359375,0.3112220219665784
01513,0.6163627880891521,0.3373404387160739,1,0.28233474493026733,0.5804362297058105,0.5505579113960266,66.254150390625,7.296675669542903,14.186376571655273,4.8046875,0.6611072345957975
01514,0.8019372784684482,0.3862354268522001,1,0.23431140184402466,0.4637715220451355,0.5682610273361206,73.64606475830078,5.125137792600742,14.381998062133789,4.97265625,0.4577767201213236
01515,0.7861172401498079,0.381087363229208,1,0.284940242767334,0.7098622918128967,0.37127140164375305,71.46939086914062,6.200184266783164,14.990436553955078,2.86328125,0.569091884783491
01516,0.7683482179389095,0.40756724800472954,1,0.23044705390930176,0.39141830801963806,0.4498167335987091,74.65319061279297,4.474362682574889,12.64828109741211,4.4140625,0.6861003552769269
01517,0.7078240246419757,0.36136402679951896,1,0.1922895908355713,0.29199931025505066,0.5088244676589966,71.97502136230469,5.554367582516587,15.534873962402344,4.421875,0.6938207193987619
01518,0.8713586608685323,0.3918425002207116,1,0.39572829008102417,0.7675048112869263,0.37641361355781555,75.2745590209961,6.251748938775894,4.840470314025879,2.85546875,0.21671373230802163
01519,0.7368403635247556,0.3172388803333635,1,0.3269672989845276,0.6574131846427917,0.5200272798538208,69.7486801147461,5.714901714807186,8.734522819519043,4.15625,0.3916989464991968
01520,0.8179197214701545,0.4198152191343177,1,0.26920539140701294,0.43617236614227295,0.4560835063457489,73.51879119873047,4.053269902809169,9.28811264038086,3.884765625,0.2451971128085524
01521,0.7110094117511893,0.40220812051797966,1,0.22054511308670044,0.43997883796691895,0.6014310121536255,73.80697631835938,5.172101234474188,11.828316688537598,4.96875,0.593943848244604
01522,0.7258140465875909,0.3314703164194869,1,0.2677711844444275,0.5345414280891418,0.487375408411026,68.00410461425781,5.577638625919509,11.308380126953125,4.20703125,0.4166499252840182
01523,0.8875362896790748,0.4300753784759612,1,0.20074570178985596,0.4451008439064026,0.5058286190032959,76.74458312988281,5.708647200747616,13.73777961730957,4.44140625,0.4334453754806553
01524,0.8593222571040999,0.4691362061073694,1,0.21588563919067383,0.3747812807559967,0.47870582342147827,72.73486328125,4.184240354138546,13.854447364807129,4.11328125,0.44656878798113475
01525,0.6966635058174987,0.3114460322565823,1,0.23190206289291382,0.4664551615715027,0.5214429497718811,70.94818878173828,4.242101466730292,15.722079277038574,4.75,0.5590591234611402
01526,0.7249070821755088,0.339609179912006,1,0.3246479630470276,0.5793209671974182,0.44474413990974426,67.43004608154297,6.15302336119354,12.401324272155762,4.30078125,0.4724843044604651
01527,0.8634995714180973,0.3878877643380235,1,0.23437154293060303,0.6047943830490112,0.4294513165950775,74.74442291259766,6.215943740450458,13.815000534057617,4.03125,0.3499681217307797
01528,0.7866533057631386,0.42854585900943515,1,0.2192823886871338,0.3849135637283325,0.4663914740085602,66.19590759277344,4.369365763883004,11.67446231842041,3.541015625,0.47184772929343016
01529,0.8168260872722515,0.4329814777932683,1,0.1813945770263672,0.3339957296848297,0.41380757093429565,67.33525848388672,4.267207605609623,14.366338729858398,4.0703125,0.3881153214830067
01530,0.7841345275086822,0.3914383221231901,1,0.24060893058776855,0.5687381029129028,0.3974905014038086,66.39200592041016,5.804511007822828,16.702274322509766,4.09765625,0.5230633670731976
01531,0.841278118427093,0.4257298145346557,1,0.2394084334373474,0.48353812098503113,0.4547136127948761,70.97260284423828,4.520772857147828,10.849684715270996,3.984375,0.3425203820835349
01532,0.7913551998785152,0.3948010865454045,1,0.27722275257110596,0.4649839699268341,0.4169556200504303,75.18535614013672,3.9840345164017172,9.616528511047363,3.91796875,0.24625653719411297
01533,0.8427722691049709,0.4052194879795759,1,0.26016104221343994,0.5033255219459534,0.3449094891548157,73.12864685058594,5.932945744698438,10.919105529785156,3.79296875,0.43283788697427733
01534,0.7529718479460752,0.33713608877252044,1,0.2662482261657715,0.5139998197555542,0.43239426612854004,72.37460327148438,6.212433443715009,12.454608917236328,3.212890625,0.2704285021947472
01535,0.8313671833473347,0.45064377682403434,1,0.25221818685531616,0.4078655242919922,0.45407232642173767,76.0385513305664,4.486770440454572,11.241789817810059,4.17578125,0.4588647391277168
01536,0.8205047257483705,0.40058095952023987,1,0.21440672874450684,0.4447808265686035,0.5813484191894531,74.8074722290039,4.908977599681674,11.522368431091309,4.87890625,0.5756552742199869
01537,0.8197430182921541,0.38623284639220895,1,0.3072815537452698,0.4822288453578949,0.5157454609870911,74.52067565917969,5.96575495129998,12.934598922729492,4.58984375,0.4729892586909416
01538,0.8351285477286902,0.539631730738757,1,0.27942216396331787,0.4761826992034912,0.5928899645805359,70.70967864990234,4.853875122739849,12.649897575378418,3.3515625,0.5011675690856758
01539,0.6531428481980969,0.3065662902551234,1,0.3054755926132202,0.4995906949043274,0.5749700665473938,77.33476257324219,4.812696718652857,7.907461643218994,4.9921875,0.24668017869497103
01540,0.9009934208763855,0.41504315363654914,1,0.3234570026397705,0.5431404709815979,0.49322444200515747,73.69347381591797,5.366831557926978,11.816993713378906,4.23046875,0.4055342110436977
01541,0.6967304188560468,0.3180628272251309,1,0.3095132112503052,0.6582613587379456,0.3621028661727905,64.5127944946289,6.020065527609571,11.277366638183594,3.697265625,0.4433702270998024
01542,0.8299208550051156,0.49939975990396157,1,0.2582014203071594,0.47053611278533936,0.4235805571079254,70.96942138671875,6.396645466852925,9.829444885253906,3.8671875,0.4581962165318905
01543,0.8923563764686174,0.39710374715924107,1,0.22348034381866455,0.3774873912334442,0.5065761208534241,73.75411987304688,5.475676334678616,15.155508041381836,4.359375,0.4287063626808239
01544,0.7128000492453568,0.33229954927014843,1,0.4708404541015625,0.7528316378593445,0.3273758292198181,64.10997009277344,7.836943661651761,9.293937683105469,2.15625,0.3992830416999268
01545,0.8917653951393932,0.41087416571707636,1,0.2520289421081543,0.5023409128189087,0.5261179804801941,73.95269775390625,5.814443764383288,14.621036529541016,4.64453125,0.5015575766910944
01546,0.8567841274771215,0.527866087069357,1,0.246354341506958,0.3664952218532562,0.5375862717628479,72.87918090820312,8.081508418224672,16.845182418823242,4.80859375,0.7944323155447247
01547,0.9044851146558649,0.42068386942131997,1,0.40621960163116455,0.6587956547737122,0.40636563301086426,72.63904571533203,8.690705722419105,12.908940315246582,2.84765625,0.192244158597984
01548,0.3916710394460727,0.24405705229793978,1,0.28249025344848633,0.5049555897712708,0.5856425166130066,67.00406646728516,6.9504300583453595,16.482288360595703,3.9140625,0.568535481489263
01549,0.7683010528270485,0.40959261489062815,1,0.2415996789932251,0.4305705428123474,0.4574822187423706,66.75540924072266,5.2253275830248915,14.769044876098633,3.265625,0.3558789808753796
01550,0.6206798558293934,0.2702855660622067,1,0.33824872970581055,0.5578082799911499,0.5765517354011536,73.83621215820312,7.916613883237124,6.24617862701416,4.7578125,0.2093299568357477
01551,0.8155130878779383,0.4694738517869936,1,0.21798193454742432,0.5176798701286316,0.5380160808563232,76.07073974609375,4.859178482813118,9.501874923706055,4.984375,0.5248779110069133
01552,0.7967815397172304,0.36135511962738764,1,0.4545075297355652,0.6476389765739441,0.3399513363838196,68.30819702148438,7.197844711690721,9.379728317260742,3.05078125,0.11886639815529366
01553,0.7719896415846154,0.49845094664371775,1,0.3093915581703186,0.58748459815979,0.4354778826236725,71.2762680053711,6.868286850636834,10.576196670532227,3.0390625,0.4624878464894892
01554,0.7853199732972264,0.3543019880606824,1,0.25256896018981934,0.6027486324310303,0.40443935990333557,74.2471694946289,3.729071629427032,12.661471366882324,4.2421875,0.2621794759456141
01555,0.8462186991380334,0.4490180490533816,1,0.18639600276947021,0.323108971118927,0.4937717318534851,73.32070922851562,4.816693830594006,15.980976104736328,4.15234375,0.47820368338707003
01556,0.7959146100011459,0.46298188574082677,1,0.31671345233917236,0.5709086656570435,0.30844616889953613,72.54747009277344,7.430836312565933,10.177894592285156,3.572265625,0.4374703463772032
01557,0.7651884672844306,0.39526239235333505,1,0.2216860055923462,0.49967724084854126,0.5183681845664978,75.42678833007812,3.088542956510276,12.201560974121094,4.49609375,0.3987138650338883
01558,0.8436749951649499,0.4139118603711814,1,0.24746739864349365,0.4503829777240753,0.5510076880455017,76.33744812011719,4.365499556016505,7.565060138702393,4.90625,0.4198056965409788
01559,0.7314801160309781,0.3874324821130624,1,0.40818607807159424,0.8423606753349304,0.3511330783367157,68.5835189819336,8.050320304960687,7.506290435791016,2.8203125,0.4059605603059071
01560,0.8231389921452221,0.48817639039067273,1,0.1965513825416565,0.4111427068710327,0.5364693403244019,71.8785400390625,4.805521048607516,15.207744598388672,4.03125,0.5405021231191368
01561,0.7781333133488098,0.37372068573390266,1,0.2415425181388855,0.4080383777618408,0.535304605960846,71.8432846069336,5.317300341686074,12.979622840881348,4.82421875,0.5289383775842372
01562,0.7483362592447335,0.37615736927081617,1,0.2818012833595276,0.5411853790283203,0.39008376002311707,73.3460464477539,3.5549907021049565,11.546886444091797,4.88671875,0.31114764116721866
01563,0.6180810423997897,0.2873544257860183,1,0.3985986113548279,0.6616732478141785,0.36286410689353943,68.3401107788086,6.711097794006947,10.268096923828125,3.35546875,0.3442574599048633
01564,0.7698073840047417,0.4065698643180195,1,0.2977011203765869,0.37128302454948425,0.33548903465270996,70.97029113769531,5.841843648538415,15.025125503540039,3.46484375,0.7239902672563794
01565,0.6256751878643896,0.3864430468204053,1,0.31223928928375244,0.7724392414093018,0.2901974320411682,63.451534271240234,4.954924565990833,8.314238548278809,4.359375,0.5410331838646606
01566,0.7420796064778891,0.3451052430156908,1,0.3474733233451843,0.5897855758666992,0.33537179231643677,67.37478637695312,4.988991366052653,10.689167022705078,3.705078125,0.2747465093692693
01567,0.5204624562344687,0.28688887707547,1,0.23391783237457275,0.34176620841026306,0.4631935656070709,70.88868713378906,5.377775930480738,16.86956214904785,3.91015625,0.40460696862293594
01568,0.7526922932718996,0.39935634874195436,1,0.3175075650215149,0.6615305542945862,0.4649512469768524,72.2255859375,8.476271009708702,15.123908996582031,3.419921875,0.4957359735409402
01569,0.7854514049466943,0.4025051691588505,1,0.27532243728637695,0.5701535940170288,0.46032005548477173,73.14720916748047,3.42093401435678,12.532979011535645,4.65234375,0.4430600789063072
01570,0.8110068271871888,0.3935993349958437,1,0.33794838190078735,0.5700536966323853,0.32296180725097656,64.8350830078125,5.795057685156288,13.56209945678711,3.212890625,0.4627060518349256
01571,0.8620661737368365,0.4528287403085898,1,0.2801334857940674,0.5033053159713745,0.5249599814414978,76.1107177734375,4.912955952692699,11.890243530273438,3.662109375,0.6823764183213687
01572,0.6518671973360597,0.317398079726537,1,0.22556966543197632,0.3869069814682007,0.5599704384803772,76.55503845214844,3.4683545486043257,13.012655258178711,4.953125,0.554177687094965
01573,0.8036051969188918,0.4286055967471897,1,0.24000942707061768,0.4071977734565735,0.5768482089042664,71.98210144042969,4.597379830991217,14.684124946594238,4.7421875,0.5430271627608074
01574,0.8131233068446073,0.4442443809760338,1,0.2465686798095703,0.47334563732147217,0.4626617729663849,71.01019287109375,4.478727942861253,13.246065139770508,3.62109375,0.42322217438944165
01575,0.746847053504654,0.410156756056484,1,0.28501611948013306,0.4657870829105377,0.4541381001472473,69.91522979736328,3.752008991187826,9.75396728515625,3.21484375,0.3122671151575429
01576,0.8412094436703895,0.3841748463030048,1,0.25606000423431396,0.5922889709472656,0.4071057438850403,74.0643310546875,5.398693235308743,12.980757713317871,3.775390625,0.4772748478642157
01577,0.8361483356126023,0.4337516554203191,1,0.2741737961769104,0.42193421721458435,0.4638665020465851,71.88678741455078,3.5258180320365202,11.550418853759766,4.0,0.2857636246943182
01578,0.7281880588729407,0.3163503583825452,1,0.44594448804855347,0.6738561391830444,0.40642988681793213,70.33702850341797,8.27432987675086,10.99342155456543,3.5703125,0.1596023325369525
01579,0.7752758252857072,0.40625,1,0.29814136028289795,0.5763366222381592,0.45512521266937256,73.88059997558594,4.307487308865925,10.742512702941895,4.3125,0.34905771092394966
01580,0.8721123411939294,0.401217414317851,1,0.31473028659820557,0.5798195600509644,0.4942273497581482,73.3315200805664,4.975984138685367,9.115205764770508,4.37109375,0.2850164113499543
01581,0.5083100843551481,0.2424420311124156,1,0.35944199562072754,0.860389769077301,0.3559195101261139,66.18539428710938,7.558033036164473,16.57383918762207,2.998046875,0.6259449627106334
01582,0.8952867829134117,0.3970762571213733,1,0.33029913902282715,0.6092656850814819,0.36426448822021484,74.41797637939453,8.165903136239384,12.351178169250488,2.951171875,0.19633063441016177
01583,0.8265328836391198,0.38612024622649466,1,0.2488386034965515,0.4606447219848633,0.43335747718811035,72.73696899414062,5.287074258965268,12.550660133361816,4.56640625,0.5557938668310561
01584,0.7109210376240823,0.38909734513274336,1,0.2777785062789917,0.49186843633651733,0.587598979473114,74.2310791015625,5.350510904354319,9.523589134216309,4.7890625,0.49358110205887706
01585,0.7463192735731107,0.3608973355904235,1,0.23862862586975098,0.4259677827358246,0.5901814699172974,71.93196105957031,4.14565879325348,12.608622550964355,4.97265625,0.3471994974471149
01586,0.8029812386652264,0.43575846014870406,1,0.17779743671417236,0.3248470425605774,0.5774957537651062,72.7625961303711,3.685525119382934,11.263996124267578,4.8828125,0.41379663238041825
01587,0.563120887030942,0.2924015715121625,1,0.24052804708480835,0.5011405348777771,0.5880687236785889,72.77056884765625,5.232334840371354,7.830501556396484,4.85546875,0.4580252029498012
01588,0.904976343424788,0.417995146537241,1,0.2428547739982605,0.6342129111289978,0.5296981334686279,75.78031158447266,4.754900915123485,10.592527389526367,4.984375,0.304114049625883
01589,0.9325092894599695,0.4222830589676164,1,0.4946107268333435,0.6219465732574463,0.4313119649887085,70.47151184082031,7.34930137073447,11.06845474243164,2.798828125,0.1196639846123399
01590,0.7985378024073326,0.5424909445528002,1,0.245266854763031,0.48836183547973633,0.5672928094863892,74.1658935546875,5.3806690644657404,12.687777519226074,4.6875,0.636586138120887
01591,0.780627184701809,0.37071321028271903,1,0.3309767246246338,0.6374271512031555,0.3077637553215027,70.10171508789062,7.63220274834309,14.326926231384277,3.865234375,0.4179626404563164
01592,0.7861766474974756,0.37104072398190047,1,0.2340196967124939,0.48234498500823975,0.5179974436759949,74.05237579345703,4.730018398179035,14.281521797180176,4.9296875,0.48939280151865316
01593,0.7782896641075304,0.41383268761658776,1,0.19126003980636597,0.39599332213401794,0.4291744530200958,67.16918182373047,3.805912084274198,12.441635131835938,4.13671875,0.4217621557501383
01594,0.8702803422912496,0.40280322072168023,1,0.282873272895813,0.5566015243530273,0.4841623604297638,73.63333129882812,4.656719172085885,9.059004783630371,4.38671875,0.35820354635117024
01595,0.7998846956609519,0.44169777809996735,1,0.21991896629333496,0.374662309885025,0.5832071900367737,73.79560089111328,3.9849111401202237,11.32890510559082,4.8671875,0.35180822141613094
01596,0.7875484908887824,0.35409045335067607,1,0.38854944705963135,0.8342151641845703,0.38947978615760803,73.5130386352539,5.707265707915597,10.306166648864746,3.84375,0.21657882987986074
01597,0.857908040015363,0.5006876034913418,1,0.24768900871276855,0.4479652941226959,0.45438310503959656,75.34512329101562,4.434855156973395,7.249999046325684,4.046875,0.49968811931246426
01598,0.8272483681661325,0.4068517180889485,1,0.18925148248672485,0.37187957763671875,0.48877641558647156,73.9251480102539,4.36754993366255,11.371208190917969,4.640625,0.3599144254039087
01599,0.652318994051374,0.3680762358546754,1,0.4042286276817322,0.7851149439811707,0.4768202006816864,74.08519744873047,6.070294307547848,6.716032028198242,3.4453125,0.22275489166162432
01600,0.7855634877631306,0.4696618805002316,1,0.22918415069580078,0.442673921585083,0.5004008412361145,71.02970123291016,5.904708883261182,13.191120147705078,4.0,0.7109792754986579
01601,0.6170086512393909,0.3392462681571725,1,0.26454997062683105,0.5691661834716797,0.609521210193634,72.82337951660156,5.276825375776272,11.639127731323242,4.85546875,0.5159117017838553
01602,0.8626099982707903,0.37441998810232,1,0.25049322843551636,0.48727846145629883,0.4978630840778351,77.15335845947266,4.958683623161604,14.26363754272461,4.984375,0.42472149541714593
01603,0.9237992964530293,0.4615397017331721,1,0.23712921142578125,0.4516465961933136,0.421655535697937,74.07530212402344,4.903312634783211,11.781951904296875,3.9375,0.28911644181108154
01604,0.7090239217933864,0.38503641380558196,1,0.24071502685546875,0.5131866335868835,0.5010200142860413,72.08637237548828,3.4680456862635602,14.109424591064453,4.1796875,0.47385301005105523
01605,0.7625284028420481,0.34519974226804123,1,0.2577762007713318,0.6484295725822449,0.5001891255378723,76.38624572753906,3.752138113441093,9.044042587280273,4.96484375,0.25982617684190323
01606,0.724263532627386,0.4366651895929607,1,0.3675692081451416,0.6635773777961731,0.35439929366111755,57.83993148803711,7.434052149078739,8.407322883605957,3.787109375,0.4132733387835232
01607,0.8222053596598651,0.4239684413602465,1,0.34304696321487427,0.605887770652771,0.5576172471046448,76.17048645019531,3.8949285366381567,7.125516891479492,4.30859375,0.3439257485195996
01608,0.8112299215247019,0.47670610253325313,1,0.25804758071899414,0.3691580891609192,0.39401015639305115,66.50279235839844,4.288192545292991,15.345510482788086,4.04296875,0.3235568086431753
01609,0.8844355088151004,0.46209417329606534,1,0.2780952453613281,0.4597439765930176,0.4364042580127716,75.43889617919922,4.481883199207417,8.553108215332031,3.068359375,0.2535218320304761
01610,0.4304448086725415,0.1837459131247081,1,0.5057932138442993,0.6358683705329895,0.38752618432044983,62.869232177734375,8.687694105931843,12.371615409851074,2.625,0.2930415551266626
01611,0.829071614265142,0.4054772817291914,1,0.3787693977355957,0.5981536507606506,0.2617877721786499,58.1328125,4.660497469983654,14.448002815246582,2.419921875,0.3271600184788
01612,0.6587608722417869,0.3322158562154526,1,0.33260929584503174,0.4979694187641144,0.443897545337677,70.64633178710938,4.815502853508388,11.474398612976074,4.140625,0.2171794630055313
01613,0.7267378597267028,0.34405716868150493,1,0.19878119230270386,0.39632436633110046,0.5692757964134216,74.25489807128906,4.288884370761638,14.640029907226562,4.9140625,0.35882804439869503
01614,0.8403999182066973,0.426992408694147,1,0.2646140456199646,0.4940949082374573,0.46167075634002686,74.451416015625,6.882646128153775,14.753652572631836,3.671875,0.41770469059928333
01615,0.8124604930266058,0.40962131894631437,1,0.23711562156677246,0.46484923362731934,0.4464898109436035,71.01545715332031,4.203029492353321,14.017507553100586,4.34765625,0.49252385597787646
01616,0.7941804076024139,0.3702239789196311,1,0.25219303369522095,0.3922865688800812,0.45008718967437744,73.94810485839844,5.594783503510215,14.809577941894531,4.1875,0.48172404731300117
01617,0.7213920470628773,0.38865534229898613,1,0.3221718668937683,0.4572182595729828,0.3737637400627136,64.97203826904297,4.011681180341067,14.062887191772461,3.8828125,0.39859151783552993
01618,0.8653120850499959,0.44005583919872704,1,0.23381394147872925,0.41669774055480957,0.43275904655456543,72.77022552490234,4.261524999476863,10.171674728393555,4.109375,0.24814546678609
01619,0.4610655944056533,0.22024214392599648,1,0.4364089369773865,0.6791201233863831,0.4409158527851105,68.5301742553711,7.5619665766079045,5.184662818908691,3.53515625,0.19490000779551472
01620,0.7850695354591779,0.4529684152325662,1,0.29650020599365234,0.5687512755393982,0.36428171396255493,64.16572570800781,5.428781163189788,10.439865112304688,3.1953125,0.44918306191259666
01621,0.7492321149862041,0.35082753469355665,1,0.3098486661911011,0.6590495705604553,0.43056246638298035,71.35044860839844,7.45157880233571,17.430768966674805,2.912109375,0.5248256168267342
01622,0.8150870941450437,0.4834779481185092,1,0.2715524435043335,0.389680415391922,0.5375149846076965,75.40630340576172,4.83325615969479,11.955967903137207,3.896484375,0.5427924227397136
01623,0.29062851084383834,0.15401499908542163,1,0.32038795948028564,0.6146180033683777,0.5364660620689392,73.96118927001953,5.370865777809586,9.514931678771973,4.55859375,0.4339297062278612
01624,0.8810154154733975,0.4124178881174463,1,0.26163530349731445,0.49350690841674805,0.4585566520690918,75.62947082519531,5.208780899669662,12.691801071166992,3.646484375,0.5314531432471746
01625,0.7672326753098196,0.353926910109962,1,0.3555957078933716,0.7524610757827759,0.24118709564208984,68.46939849853516,8.432011378639034,10.257993698120117,2.3515625,0.28094650243143815
01626,0.5339080933384186,0.22957857869167325,1,0.3691787123680115,0.5628456473350525,0.48351532220840454,72.64693450927734,7.742444249339583,12.272868156433105,3.416015625,0.7521424880274111
01627,0.8501677208281969,0.46948192278488404,1,0.2958568334579468,0.5879421234130859,0.5644030570983887,75.1031723022461,4.363475195963018,6.548609256744385,4.89453125,0.3141929756627266
01628,0.7926547655671271,0.359158550960831,1,0.30133920907974243,0.4998675286769867,0.4658811092376709,71.73699188232422,6.468173739174068,10.953868865966797,3.732421875,0.18403092869856946
01629,0.8750846552432943,0.4172968128605837,1,0.3349727392196655,0.6973012089729309,0.45229873061180115,74.25493621826172,4.88893423446001,6.682435989379883,2.892578125,0.4206637678796213
01630,0.5802444544839271,0.3067999506355671,1,0.3475431799888611,0.7694061398506165,0.3831114172935486,65.23683166503906,5.06129729884786,4.965208053588867,3.78515625,0.30647841518507657
01631,0.4884706404209536,0.26933528428093645,1,0.22394919395446777,0.4881303310394287,0.5418538451194763,74.5946273803711,4.320250161068314,12.724881172180176,4.98046875,0.4882777269505916
01632,0.8944242676209777,0.5403771760154739,1,0.2168225646018982,0.4038298726081848,0.5145829916000366,75.26315307617188,4.424049044074058,9.9228515625,4.56640625,0.6116624004556668
01633,0.7837750240485507,0.4118218540675973,1,0.36190265417099,0.5584245324134827,0.49193236231803894,72.84357452392578,6.9998897178486486,15.694951057434082,3.05859375,0.5870517599136588
01634,0.6871650558142801,0.36114352392065346,1,0.33882325887680054,0.6891840696334839,0.5507369041442871,75.59066009521484,7.357261868898418,9.427778244018555,4.35546875,0.5831242987974468
01635,0.4985802585338787,0.24968731580384998,1,0.1998533010482788,0.37952470779418945,0.4894903898239136,74.08589935302734,4.376959361096349,13.028651237487793,4.390625,0.36649338968992135
01636,0.808922016558481,0.4535051021537508,1,0.20427346229553223,0.37597423791885376,0.5861638188362122,74.80537414550781,3.3624840985037903,9.08521556854248,4.9140625,0.4612028731121858
01637,0.6438447417288887,0.3783427308998582,1,0.19686806201934814,0.4525817632675171,0.47662535309791565,74.53213500976562,4.371843260531888,11.854948997497559,4.1640625,0.4498463526274772
01638,0.8556537991339718,0.4022823636965465,1,0.3119738698005676,0.4865896999835968,0.44514593482017517,72.88136291503906,5.603500756586827,10.959633827209473,4.3046875,0.5374815240405446
01639,0.6176600006520822,0.33698996655518393,1,0.26403695344924927,0.5680502653121948,0.6089640259742737,72.8025894165039,5.248115173749999,11.644332885742188,4.859375,0.5158378003559931
01640,0.8885525393722462,0.394478513992351,1,0.3992517590522766,0.6766771078109741,0.31255045533180237,72.57040405273438,7.9383235267955765,11.700889587402344,2.365234375,0.18763682318484753
01641,0.756513460983819,0.34236708233917074,1,0.2968510389328003,0.5214795470237732,0.3841078281402588,70.69017791748047,8.260700040125803,14.095705032348633,3.005859375,0.2913600803113975
01642,0.8555290055421415,0.5025827434474842,1,0.21726036071777344,0.47936391830444336,0.2420225590467453,59.86095428466797,6.417775839352718,13.371503829956055,3.306640625,0.6359180588066883
01643,0.6979910113848904,0.36992221261884184,1,0.25130200386047363,0.49403923749923706,0.36340630054473877,72.75625610351562,4.65041514660081,11.303707122802734,3.95703125,0.39814081248676025
01644,0.7798777443184954,0.35789473684210527,1,0.3973656892776489,0.5168503522872925,0.3888969421386719,74.69600677490234,6.001203485972564,12.378653526306152,3.45703125,0.2973442472427711
01645,0.8424334051509291,0.47802846233946544,1,0.20130133628845215,0.4239611327648163,0.48871150612831116,74.04564666748047,5.272653095446315,13.06690788269043,4.01171875,0.6225536324486824
01646,0.5145262963284478,0.22779317443978145,1,0.406574547290802,0.5134674310684204,0.3488793969154358,60.33699035644531,9.348376249853704,12.926647186279297,2.23828125,0.45768743633067055
01647,0.8290100859138676,0.4131814655476409,1,0.3473776578903198,0.48138901591300964,0.4385989010334015,72.82561492919922,4.028335980367005,9.864646911621094,3.220703125,0.4217657133816323
01648,0.8247895995937942,0.46451931383438233,1,0.22371822595596313,0.39708781242370605,0.5052501559257507,75.7331771850586,4.511994872483368,11.635985374450684,4.31640625,0.5011005589275829
01649,0.8078139433022894,0.4738502608906686,1,0.21869194507598877,0.444591760635376,0.36870989203453064,68.96320343017578,5.61025457228837,14.374187469482422,3.63671875,0.45335266843376437
01650,0.7986432742556281,0.4241025916188228,1,0.2967424988746643,0.45628654956817627,0.5713200569152832,76.00704193115234,4.81299650390491,9.134090423583984,4.48828125,0.4795823558087142
01651,0.8419022906953172,0.5869186769460333,1,0.3138931393623352,0.5050824284553528,0.5325509905815125,66.87753295898438,8.859158804917758,9.05786418914795,3.9921875,0.6642354626852716
01652,0.5675096358219501,0.2662317681088067,1,0.25684207677841187,0.5174320340156555,0.5523057579994202,75.58421325683594,5.453774381590587,8.907953262329102,4.8125,0.3807077237679279
01653,0.8236531598493093,0.41166432823935384,1,0.1863611936569214,0.4079033136367798,0.5332074761390686,70.63750457763672,4.954389531079133,14.272270202636719,4.92578125,0.6287887686350331
01654,0.8618789516772842,0.4395235402233847,1,0.16644686460494995,0.4196312427520752,0.40451428294181824,72.38619995117188,3.079348789178331,11.928759574890137,4.06640625,0.3701915855491494
01655,0.6809241738210087,0.4124396922675707,1,0.21395552158355713,0.5083589553833008,0.4834897816181183,73.32920837402344,4.887491400407126,14.090873718261719,4.39453125,0.5453094220321745
01656,0.740859987647521,0.3583648750946253,1,0.24339699745178223,0.35943880677223206,0.535669207572937,75.84387969970703,7.184368417809715,12.22026252746582,4.11328125,0.6514802889369572
01657,0.9422922474960782,0.45950033270824514,1,0.2628456950187683,0.5634468793869019,0.5390754342079163,71.36156463623047,7.446722877673528,14.498209953308105,4.18359375,0.6832553840953205
01658,0.7417993620358522,0.3640308127652885,1,0.2673489451408386,0.5140990614891052,0.4961792230606079,73.87352752685547,5.481020309392616,12.625380516052246,4.546875,0.49728370327871957
01659,0.7503986421663413,0.46502391912627494,1,0.28769415616989136,0.5242993831634521,0.6362991333007812,74.8834457397461,6.6065100672387,8.392093658447266,4.98828125,0.6120452796417458
01660,0.7656215459368516,0.3698990727390574,1,0.2668491005897522,0.43399664759635925,0.3199824094772339,72.25628662109375,3.7742661417158483,9.60549545288086,3.974609375,0.3451373850167779
01661,0.675691506659589,0.3769675770213911,1,0.36816853284835815,0.5741113424301147,0.45107465982437134,71.87489318847656,4.455745358169571,11.635185241699219,3.58203125,0.4561280025308997
01662,0.8007934138973323,0.4566762992523279,1,0.305025577545166,0.47689589858055115,0.5411107540130615,73.1961669921875,5.25154615949269,10.17756462097168,2.603515625,0.6196076398110555
01663,0.8047145915648468,0.4324186776368803,1,0.18618887662887573,0.44314777851104736,0.5643020868301392,74.48658752441406,5.416008683518259,10.32645034790039,4.9765625,0.7180535848374731
01664,0.8246933278421628,0.47497249724972496,1,0.4039088487625122,0.5483598709106445,0.3858247399330139,68.68051147460938,4.757490034426638,9.06301498413086,3.14453125,0.38346962193689005
01665,0.7820123652015105,0.38883417012996374,1,0.2727227807044983,0.6236622929573059,0.3736375570297241,67.7435302734375,4.582637109367499,11.4332914352417,3.87890625,0.29315598557790096
01666,0.7632312388208442,0.3525219475849558,1,0.28027981519699097,0.5009948015213013,0.4814230501651764,73.54991149902344,6.000929376775087,10.197535514831543,3.6015625,0.4834549319984333
01667,0.8871432324502234,0.3955943093162001,1,0.27413278818130493,0.5762327313423157,0.482835590839386,76.4344253540039,7.004730207222842,11.106842041015625,4.15234375,0.3282631148018572
01668,0.8183462773781198,0.4099951760733237,1,0.37842148542404175,0.637016773223877,0.37719178199768066,67.51089477539062,6.74169732548378,8.712672233581543,2.787109375,0.3347620069404073
01669,0.6798477799218146,0.3125474540155282,1,0.3028370141983032,0.5514947772026062,0.3049238622188568,68.35049438476562,6.511149657282084,13.613277435302734,3.396484375,0.26526802889693674
01670,0.7951787481961636,0.43336386147009937,1,0.20807284116744995,0.3521665930747986,0.3841215670108795,69.433349609375,4.540762771872501,13.717247009277344,3.78515625,0.45310054922860693
01671,0.7444821128252246,0.37676975522864775,1,0.2927955389022827,0.6242672204971313,0.41207653284072876,70.53191375732422,5.262599735868244,11.454487800598145,3.93359375,0.5268304855819981
01672,0.898369456227328,0.46330444665435433,1,0.22265976667404175,0.3873162865638733,0.5198565721511841,73.20978546142578,4.229703730937022,10.302953720092773,4.78125,0.38786560173476425
01673,0.8251082031710121,0.4667258770538603,1,0.20958590507507324,0.35798007249832153,0.5672835111618042,74.23837280273438,4.040822226214712,11.684599876403809,4.828125,0.441128088854332
01674,0.8793882475957896,0.4242277067010902,1,0.3354424834251404,0.5288099050521851,0.36242905259132385,73.4275894165039,5.134558262618368,12.294478416442871,3.17578125,0.4555756691762617
01675,0.8190108221140135,0.47226357693054566,1,0.17261040210723877,0.39060646295547485,0.6154482960700989,72.4095230102539,6.03049398091103,14.56997013092041,4.98046875,0.6568224359309481
01676,0.860272330673672,0.3883647497847096,1,0.2933862805366516,0.48746564984321594,0.5203485488891602,73.96929168701172,6.39497267247562,10.650668144226074,4.6484375,0.5080113571250512
01677,0.7849744549175234,0.36813328371453924,1,0.2112770676612854,0.38986432552337646,0.544776439666748,74.12895965576172,5.711459159032966,15.386129379272461,4.59375,0.5353841078789421
01678,0.9302228144849896,0.41416173910896587,1,0.4841068983078003,0.7893079519271851,0.4688185751438141,71.55069732666016,7.752683902313082,13.615463256835938,2.7734375,0.15259159284638688
01679,0.7928526787141784,0.4115121490917669,1,0.3072550296783447,0.6040785908699036,0.48644280433654785,75.89871215820312,7.2226533254432335,10.331100463867188,3.99609375,0.5760027690354148
01680,0.8787516228873938,0.4219348944368309,1,0.18108880519866943,0.26498064398765564,0.503260612487793,76.19658660888672,5.3291903527045275,15.232749938964844,4.01953125,0.6405879056905106
01681,0.8729563349568745,0.3829031426361475,1,0.28928613662719727,0.4215254783630371,0.42186903953552246,67.23438262939453,7.907622709261792,12.074117660522461,2.625,0.37010450689307656
01682,0.8142436562456189,0.4805810303440635,1,0.25740933418273926,0.5350640416145325,0.5280797481536865,74.38968658447266,4.787853716509609,8.717939376831055,4.89453125,0.49525329400137036
01683,0.7925145955365867,0.36001031548181894,1,0.22219133377075195,0.6174331903457642,0.2806593179702759,64.5152359008789,7.5706201262875,16.282609939575195,2.0078125,0.436244627548206
01684,0.6578120645286334,0.37393790849673203,1,0.2575775384902954,0.3927903473377228,0.477936714887619,59.48979568481445,6.877414432472793,15.652698516845703,4.43359375,0.4346282656234761
01685,0.8478047629703129,0.40166635242994764,1,0.3055317997932434,0.4690665304660797,0.3363003730773926,65.78373718261719,4.048460628944866,12.387012481689453,3.259765625,0.23718390228763028
01686,0.7221779301986542,0.38876146788990823,1,0.32453620433807373,0.6608603596687317,0.29042568802833557,59.21908187866211,6.12308335590696,16.400493621826172,2.6640625,0.5908105802358616
01687,0.6140228986061955,0.3217474669624227,1,0.24116939306259155,0.3921974301338196,0.4440893530845642,73.9294662475586,3.3327198398017397,13.110626220703125,4.6875,0.46931490361959555
01688,0.917376744203333,0.5937371240214256,1,0.22444427013397217,0.3659931719303131,0.41004329919815063,74.58767700195312,6.886797748601953,16.445049285888672,3.697265625,0.6623664992590956
01689,0.6900094816775383,0.3238632423310756,1,0.37807780504226685,0.609993040561676,0.38329991698265076,71.7077865600586,7.8063899223617925,14.216733932495117,2.73828125,0.25122749823355095
01690,0.8731534744276166,0.4321338968495849,1,0.24213570356369019,0.44985833764076233,0.5300489664077759,74.31676483154297,3.7479479522954118,10.143357276916504,4.8125,0.38690050213205923
01691,0.7422487398255883,0.38837002446075164,1,0.22910702228546143,0.46411755681037903,0.45306697487831116,73.7271957397461,3.3570070349898673,12.314285278320312,3.859375,0.5289821342616347
01692,0.9531279445086844,0.723404255319149,1,0.2920680642127991,0.3989596962928772,0.46336090564727783,66.31515502929688,10.31816985200994,11.631040573120117,3.46484375,0.6925452151472372
01693,0.8460073663973571,0.3848374916709854,1,0.23331397771835327,0.4536474049091339,0.566138505935669,75.62065124511719,4.590744184506511,10.426139831542969,4.97265625,0.39051699997442835
01694,0.8345979619873827,0.4150554000541747,1,0.240436851978302,0.43901577591896057,0.3441169857978821,72.08489227294922,3.380164586373308,11.205913543701172,3.62109375,0.41434970818288763
01695,0.825718920647451,0.4236998564887583,1,0.4141336679458618,0.7742924690246582,0.24702216684818268,65.2681655883789,6.537807316726108,6.467206001281738,2.48828125,0.14416197796343416
01696,0.7012254271094358,0.35558283794262086,1,0.255698561668396,0.44710296392440796,0.43323472142219543,73.74193572998047,3.8548103211205,11.385242462158203,4.05859375,0.353414756734706
01697,0.943006715537134,0.6809796930708417,1,0.3400585651397705,0.5614407062530518,0.44053205847740173,69.2545166015625,10.814847730601562,13.630782127380371,2.966796875,0.5407412154680387
01698,0.8624618650331739,0.41448154257437003,1,0.32495248317718506,0.5491511821746826,0.423023521900177,69.02223205566406,5.363777704514903,14.077644348144531,4.12109375,0.40512997338259565
01699,0.9178160575969002,0.47660950771427324,1,0.18411147594451904,0.3482952415943146,0.529643714427948,74.41389465332031,4.960929033889447,14.93956184387207,4.73828125,0.5633602031608332
01700,0.8136834910766598,0.42464766999279907,1,0.19302672147750854,0.4357140064239502,0.5696476101875305,75.21971893310547,5.1253150826039064,10.601922988891602,4.9609375,0.42213186629423805
01701,0.8716807361307006,0.42906117054231546,1,0.23833870887756348,0.5281535983085632,0.39400848746299744,73.14117431640625,4.152284336251982,12.411494255065918,3.7421875,0.2855274426532548
01702,0.770702403143182,0.38431921596079804,1,0.25558942556381226,0.5485506057739258,0.4072055518627167,65.2558822631836,6.179901824446614,20.493030548095703,4.25,0.6459051415236804
01703,0.7980841109833305,0.4389898664950941,1,0.2886141538619995,0.390392929315567,0.5517503023147583,74.0519790649414,4.618112642442437,13.469799041748047,4.46875,0.5934762727593021
01704,0.7741858350296025,0.3765312205534509,1,0.2530214786529541,0.6065564155578613,0.48447826504707336,75.20459747314453,3.6459688289481154,8.6089506149292,4.65234375,0.3823403797429232
01705,0.6378784353681498,0.3104521325279151,1,0.41795527935028076,0.7526503205299377,0.5028110146522522,71.06192779541016,5.748442508072067,7.934401035308838,2.443359375,0.37804104559628954
01706,0.8376102664512844,0.4352904585824377,1,0.2917049527168274,0.6453824639320374,0.447370320558548,74.59134674072266,4.848609104895842,7.458324909210205,3.861328125,0.5798931307415962
01707,0.9119098781617367,0.434551062701817,1,0.22241228818893433,0.38755372166633606,0.42881107330322266,73.23241424560547,5.4300618533135605,13.150381088256836,3.748046875,0.4945457172959963
01708,0.8626019675034535,0.5021097046413502,1,0.2374466061592102,0.4307352900505066,0.6214810013771057,77.94572448730469,5.2430383845996555,12.607935905456543,4.015625,0.6903937492694046
01709,0.7043465230684264,0.31594275443107095,1,0.29332876205444336,0.5664732456207275,0.4470345675945282,71.77803039550781,6.241497728342869,13.01846981048584,3.580078125,0.5138782167521206
01710,0.7756279877742271,0.36923808015206716,1,0.2733454704284668,0.5008741617202759,0.5658065676689148,71.4728012084961,4.964572377091708,11.123285293579102,4.83984375,0.5340670284386333
01711,0.887471285912888,0.400044404973357,1,0.33498865365982056,0.6127390265464783,0.3856552243232727,71.84488677978516,6.8952160268331335,11.006645202636719,3.0546875,0.42321126150805305
01712,0.8463788121599287,0.4364667905702827,1,0.22708755731582642,0.4128772020339966,0.4653591513633728,71.35772705078125,4.388137235199137,9.918370246887207,4.1875,0.567875746331153
01713,0.8839467246353535,0.42176265505219274,1,0.29314470291137695,0.5935731530189514,0.3802932798862457,70.77454376220703,6.655429101302023,10.513797760009766,3.751953125,0.27657103868645994
01714,0.8508235614262855,0.42975502709480945,1,0.29471349716186523,0.4613574147224426,0.4081728160381317,68.44451141357422,5.213251165136071,11.121434211730957,2.68359375,0.6559568988107247
01715,0.7765108559871298,0.4293298607632976,1,0.18510454893112183,0.4564530849456787,0.39593207836151123,75.7967529296875,4.783310081887851,10.791231155395508,4.89453125,0.5453948278662732
01716,0.72376595486659,0.37972054380664655,1,0.31403613090515137,0.6290921568870544,0.5247296094894409,74.14510345458984,3.99220883509543,8.929598808288574,4.25390625,0.3382795009288546
01717,0.6322447194281899,0.2987899973111051,1,0.1890033483505249,0.288055419921875,0.6149564385414124,75.63817596435547,6.432183510575721,15.507204055786133,4.98828125,0.736326203842741
01718,0.7371191181269353,0.48636623657280875,1,0.26145118474960327,0.6496343016624451,0.561298131942749,73.62510681152344,5.4608268786288665,9.070076942443848,4.140625,0.5752478330879719
01719,0.7949448505957867,0.4064759370148592,1,0.18720704317092896,0.34668421745300293,0.4012373983860016,72.74005126953125,5.333568712914404,12.451637268066406,3.982421875,0.49425532848889697
01720,0.8782835158848289,0.558854197406992,1,0.3017200231552124,0.4320974051952362,0.6218817234039307,75.11479949951172,6.192137066532871,7.188472747802734,4.87890625,0.18839249485865409
01721,0.855269387202246,0.4171381157124538,1,0.1756584644317627,0.33619576692581177,0.5205111503601074,73.92659759521484,5.470932191472162,12.206116676330566,4.57421875,0.47711099991440736
01722,0.8163187193478553,0.36208976833976836,1,0.2821706533432007,0.48308902978897095,0.42624834179878235,74.51875305175781,6.163482736742585,12.896697998046875,3.291015625,0.48653583370553577
01723,0.9035483590352801,0.41078844350505334,1,0.3641153573989868,0.532193660736084,0.3989029824733734,72.42683410644531,6.757324173072896,10.772342681884766,3.251953125,0.1914595158363217
01724,0.7733250060349822,0.3822514173343654,1,0.1969727873802185,0.48584407567977905,0.5660811066627502,77.333984375,4.0998216531143425,10.963696479797363,4.96484375,0.4056683656013793
01725,0.8412002373665678,0.4791116698093442,1,0.24050068855285645,0.44346773624420166,0.2880847454071045,69.97962951660156,5.690686344401891,10.442573547363281,3.7421875,0.5169940123027001
01726,0.815469439637075,0.5168539325842697,1,0.23976588249206543,0.4278748035430908,0.60516357421875,73.33448028564453,7.00898759933557,8.05580997467041,4.69140625,0.5946152852028509
01727,0.8166694087800958,0.461011037790064,1,0.3466402292251587,0.5338952541351318,0.43352288007736206,71.88604736328125,4.8431609796502775,8.191255569458008,3.845703125,0.43451403873383887
01728,0.21920157630031864,0.11113714464229928,1,0.4774863123893738,0.8167867064476013,0.4073384404182434,69.26653289794922,5.627097370108402,7.941405296325684,2.96484375,0.4020054041695599
01729,0.8332860473880611,0.45191672174487774,1,0.2515939474105835,0.548929750919342,0.42530882358551025,67.79801177978516,6.172973006349431,10.974922180175781,4.30859375,0.6861939426548476
01730,0.7536059362004346,0.34846595160888,1,0.3057807683944702,0.6990692615509033,0.2795751988887787,63.53114700317383,4.5499480996112425,14.988299369812012,3.23828125,0.4958509984915912
01731,0.7594276364404379,0.45212187159956474,1,0.30797362327575684,0.590008020401001,0.36939069628715515,67.52049255371094,3.952401975923992,8.880961418151855,3.44921875,0.2783764402443397
01732,0.7822719246028835,0.3536436157196692,1,0.27652543783187866,0.48904961347579956,0.4391952157020569,74.16069793701172,6.576650908634234,11.327685356140137,4.55078125,0.5246501773341293
01733,0.7027638178591151,0.3927007299270073,1,0.34809237718582153,0.7810373306274414,0.4590330719947815,57.648597717285156,5.682843558526635,9.427610397338867,4.578125,0.5619185613894474
01734,0.9297875061637635,0.4430021568355858,1,0.33228009939193726,0.4868170917034149,0.36442747712135315,66.6568374633789,5.637948891829604,13.490793228149414,3.560546875,0.3120069364834731
01735,0.8028676927556785,0.4661974229437475,1,0.20984184741973877,0.3446054458618164,0.582773745059967,74.31934356689453,4.893764010530673,10.053349494934082,4.88671875,0.4701386050122702
01736,0.7564536922550817,0.38049971656564774,1,0.2221297025680542,0.44314342737197876,0.6061535477638245,74.37223052978516,4.831627720002411,14.476964950561523,4.984375,0.5366417096598676
01737,0.7850623350875813,0.35987416136545347,1,0.36970365047454834,0.5318523645401001,0.3516239523887634,70.72488403320312,5.619541797516461,11.387280464172363,2.83984375,0.17428145593033523
01738,0.6002635640474377,0.3365954159155292,1,0.26497745513916016,0.5225751996040344,0.5844392776489258,74.16104888916016,4.891385910377463,12.425875663757324,4.89453125,0.49545037688972976
01739,0.7876765562421923,0.46485273492286117,1,0.21418660879135132,0.5194823145866394,0.5167372822761536,68.32435607910156,5.363275429504867,12.969151496887207,4.69140625,0.6520213268384374
01740,0.8081959732560065,0.4977442375522927,1,0.2743379473686218,0.5137897729873657,0.25979530811309814,63.47526550292969,7.134910762247433,13.578411102294922,3.767578125,0.5197316721676809
01741,0.7015032309379882,0.3327059081522633,1,0.23176759481430054,0.49074986577033997,0.4198097288608551,74.6703109741211,3.750696335450953,11.761998176574707,4.82421875,0.3376399773889974
01742,0.8458529301515175,0.4383242823894492,1,0.3201042413711548,0.5789944529533386,0.5366967916488647,74.89324188232422,4.251549057003014,7.1284966468811035,3.984375,0.25598656515786467
01743,0.7389073668430423,0.3666789035731767,1,0.22371459007263184,0.4570198059082031,0.48416751623153687,72.39348602294922,4.478024448802074,10.072311401367188,4.8984375,0.292553814586288
01744,0.825783273540308,0.48814862267777065,1,0.2824016809463501,0.4732368588447571,0.586427628993988,76.06973266601562,6.483715155499348,8.789680480957031,4.9921875,0.6005425543074954
01745,0.6368943813946246,0.3147174770039422,1,0.4554592967033386,0.6917719841003418,0.3407028317451477,64.90924072265625,7.270093771511408,10.4730224609375,2.583984375,0.27823884937607124
01746,0.6919186126601179,0.30451191730985006,1,0.244604229927063,0.5388208627700806,0.4795302450656891,73.67581176757812,5.157544574287493,12.813719749450684,4.40625,0.23351194663147282
01747,0.7719700194661222,0.3830042647291107,1,0.21963179111480713,0.3995490074157715,0.5071132779121399,74.5991439819336,3.5917296309853968,10.822687149047852,4.1328125,0.3663455701362904
01748,0.8356780203921462,0.4466957839914749,1,0.22310978174209595,0.38854557275772095,0.5329391956329346,75.25455474853516,3.8357870491030064,10.926937103271484,4.9140625,0.4666915003437026
01749,0.9468621969672809,0.42588609697669133,1,0.25892049074172974,0.5126741528511047,0.4547824561595917,77.69554901123047,7.714731539685682,13.718175888061523,4.19140625,0.4047957147978966
01750,0.7661211867085942,0.3971939072128987,1,0.2592962384223938,0.5413366556167603,0.5887618064880371,75.1598892211914,4.5413189110991246,11.350125312805176,4.5625,0.5272499717296842
01751,0.5655835661471369,0.25572444386457044,1,0.4675512909889221,0.6866035461425781,0.3318493664264679,70.42526245117188,6.784434757663663,7.784062385559082,1.974609375,0.23661495725601187
01752,0.766301210078253,0.4088080641087461,1,0.2569533586502075,0.4087250232696533,0.31315165758132935,67.08580017089844,3.80819295750309,13.47216796875,2.986328125,0.4342368906346783
01753,0.4731641053444731,0.28397629606373376,1,0.22420954704284668,0.26105889678001404,0.5417711138725281,73.28044891357422,5.365021995389467,13.80510139465332,4.86328125,0.5980438402937839
01754,0.7807805165509616,0.41397425794588916,1,0.3398693799972534,0.5887709856033325,0.5614861845970154,71.21746063232422,5.807488892540979,8.079551696777344,4.140625,0.5164216625078777
01755,0.883680714281828,0.4288005743065137,1,0.17277419567108154,0.3862796425819397,0.46883225440979004,76.01849365234375,4.2111753324775325,13.180197715759277,4.74609375,0.4345939983012103
01756,0.6524439186811709,0.3276710402999063,1,0.273501455783844,0.5748389363288879,0.31262314319610596,60.051063537597656,5.0411659266024635,17.217437744140625,3.79296875,0.580911696806886
01757,0.8373688553815825,0.3926171735732112,1,0.2702150344848633,0.5451068878173828,0.3994700014591217,69.41822052001953,5.955203464203503,17.315786361694336,4.078125,0.5713315094202654
01758,0.7978610365731414,0.38612040504309675,1,0.18594956398010254,0.36127036809921265,0.5775284171104431,75.01606750488281,3.982249913972815,13.631237030029297,4.84765625,0.3629811977377832
01759,0.6867466972677588,0.3274366978841485,1,0.3148571848869324,0.7687109112739563,0.4315749406814575,70.29886627197266,5.473830475736479,11.117748260498047,3.896484375,0.4819597736230351
01760,0.7243157175371596,0.33191961631455863,1,0.24408352375030518,0.46007204055786133,0.41710689663887024,75.74901580810547,3.563797565453199,12.412206649780273,4.26953125,0.5185254377332885
01761,0.8240519375303413,0.46745048528367394,1,0.15972590446472168,0.25169721245765686,0.6380408406257629,74.6903305053711,5.658121128760693,14.554838180541992,4.89453125,0.5871437512864058
01762,0.8339009768421421,0.4918871078768807,1,0.18343877792358398,0.3354553282260895,0.547715961933136,74.1390609741211,4.033617701908881,13.311342239379883,4.6171875,0.5219020854201895
01763,0.6473378462042495,0.3168580866086851,1,0.3166487216949463,0.6921374797821045,0.3716612756252289,72.13761901855469,8.306773171973116,12.934447288513184,3.5546875,0.359165602652477
01764,0.8584262469307283,0.43493025442766836,1,0.28394240140914917,0.3603513836860657,0.5738415122032166,70.91053771972656,8.129187519429456,15.065055847167969,4.9453125,0.5732619998944658
01765,0.6737849033003342,0.32317767653758545,1,0.21721577644348145,0.40567758679389954,0.3863379657268524,72.6521224975586,5.146093860539686,15.158747673034668,4.06640625,0.37386298776934446
01766,0.872146892029473,0.44709280354154296,1,0.2359449863433838,0.3659593462944031,0.35631105303764343,67.74942016601562,3.7329542861341354,11.44559097290039,3.392578125,0.31826688009875176
01767,0.791147527637475,0.47811816192560175,1,0.20907586812973022,0.5135648250579834,0.4546821117401123,74.38186645507812,4.169510802441453,9.041736602783203,4.4609375,0.5013856578714796
01768,0.8919838122673457,0.3926410511981806,1,0.31495732069015503,0.5937814116477966,0.45814529061317444,72.24732971191406,8.445998282279916,11.608418464660645,3.744140625,0.20337864353051227
01769,0.5513003280948598,0.2695998980167908,1,0.2534633278846741,0.4935217797756195,0.3539752960205078,69.88034057617188,3.9180148610884022,15.126617431640625,3.60546875,0.39375880774259847
01770,0.3060150347277346,0.21206829646876213,1,0.2604302167892456,0.5571656823158264,0.4765719771385193,72.04344940185547,6.806569259691995,16.943763732910156,3.97265625,0.7455463192613727
01771,0.5538142060940465,0.2608204316871963,1,0.37916672229766846,0.5984065532684326,0.559741735458374,73.2657699584961,5.3314461830247915,9.276729583740234,2.73046875,0.3782649869012547
01772,0.7590495872965286,0.3703551068067862,1,0.20912271738052368,0.2970850169658661,0.5785639882087708,72.33534240722656,5.228054374703655,13.995848655700684,4.96875,0.6157119772791682
01773,0.739779027684789,0.39769211472531146,1,0.281197190284729,0.5085090398788452,0.5029590725898743,73.18634796142578,7.404397689402365,16.71950340270996,4.37890625,0.46201615348242825
01774,0.7840149176954733,0.5328746177370031,1,0.21644043922424316,0.43302735686302185,0.5696101784706116,68.9195785522461,5.9395810926545245,13.445755004882812,4.94921875,0.7449262198960694
01775,0.7611542985930041,0.4505188783395893,1,0.2869219183921814,0.5424402356147766,0.5381682515144348,72.05803680419922,5.170957429822259,10.314891815185547,3.861328125,0.4534154800858973
01776,0.5406566444960986,0.32992700729927005,1,0.353543221950531,0.6030761003494263,0.4540674090385437,67.08433532714844,5.713857472420984,10.658414840698242,4.3671875,0.44531689601906665
01777,0.6859178331413103,0.33404209570681126,1,0.2505452036857605,0.4461129307746887,0.5977227687835693,77.3282470703125,4.865930107018231,12.883715629577637,4.9609375,0.4365000472237433
01778,0.9129453633932282,0.4075298681832209,1,0.32086098194122314,0.6095638871192932,0.35464251041412354,67.98418426513672,6.1672595157033205,12.046266555786133,4.65234375,0.7013874799281732
01779,0.4188901220678071,0.17755021422711112,1,0.4865482449531555,0.6629456281661987,0.3047695755958557,68.11165618896484,7.997855706279027,11.571354866027832,2.38671875,0.18777517291502946
01780,0.5500408805972794,0.2515802284951513,1,0.25572824478149414,0.5989959836006165,0.5752350091934204,72.4352035522461,6.903258587171868,13.99534797668457,4.83984375,0.5932415587805019
01781,0.8090910516768274,0.4040829346092504,1,0.18231385946273804,0.34648001194000244,0.5750393271446228,72.98643493652344,3.9882308569280656,13.052743911743164,4.859375,0.4501697728390311
01782,0.6705285014160871,0.31467181467181465,1,0.21955901384353638,0.41283535957336426,0.5497633218765259,69.6552734375,5.462209227953062,17.318824768066406,4.94921875,0.35294934055416555
01783,0.5196792850153373,0.26918418240114,1,0.2730603814125061,0.5374622941017151,0.3324245810508728,56.35960006713867,5.12868771477199,15.624452590942383,3.826171875,0.5561569307712227
01784,0.8261107328803176,0.38743300683792276,1,0.28560423851013184,0.4485223591327667,0.5988172292709351,75.84697723388672,5.60213806428594,9.052128791809082,4.859375,0.39540675185677826
01785,0.9181021623624029,0.7205047318611988,1,0.22081482410430908,0.39197471737861633,0.5427023768424988,74.82042694091797,11.033314072497545,10.283357620239258,4.02734375,0.8126367836510555
01786,0.9225414881215989,0.42592369900490035,1,0.27589237689971924,0.5310752391815186,0.4554160535335541,75.6048355102539,4.777398685767278,10.455065727233887,4.53125,0.24190319023798215
01787,0.8594889278271581,0.38523195414651623,1,0.25577402114868164,0.5456819534301758,0.43903180956840515,73.66699981689453,4.912953142147254,13.413409233093262,3.978515625,0.30120561056765255
01788,0.8547451277365229,0.4352514256091239,1,0.257582426071167,0.5719993710517883,0.33967798948287964,62.362186431884766,6.143920357096995,16.49959945678711,4.45703125,0.4828433401287097
01789,0.5612549210793192,0.23682603471032052,1,0.5587038993835449,0.84391188621521,0.4352896213531494,67.98762512207031,7.580550337499697,10.726568222045898,2.458984375,0.27941605246865364
01790,0.8149884495723422,0.4491962122880423,1,0.25893843173980713,0.5017783045768738,0.5426669716835022,73.67559814453125,4.354222154461739,12.740459442138672,4.14453125,0.4287240847336932
01791,0.9055206517244565,0.4761617835354372,1,0.2245815396308899,0.39374905824661255,0.5045638084411621,75.21519470214844,4.101503545539457,11.495858192443848,4.734375,0.5323300692284025
01792,0.7677653816330567,0.3626320177876598,1,0.3625079393386841,0.6513185501098633,0.351654052734375,70.08048248291016,4.37265860990469,6.097113609313965,3.279296875,0.25024644847329136
01793,0.9331912032013628,0.4152926167111079,1,0.3047126531600952,0.6756767630577087,0.3559607267379761,74.11611938476562,7.30787601469457,10.402084350585938,3.416015625,0.1303521368067923
01794,0.6411876358848577,0.28478561940024305,1,0.28295350074768066,0.5761035680770874,0.39556020498275757,65.01754760742188,5.483729766246467,14.678253173828125,3.884765625,0.4168980845664623
01795,0.6107777507759758,0.2689759233746638,1,0.42950570583343506,0.7804980278015137,0.3473486602306366,71.37276458740234,7.73349023322773,10.032037734985352,3.22265625,0.23231363500566019
01796,0.8213414292424128,0.39447497101376217,1,0.3450903296470642,0.535955548286438,0.3716665208339691,69.4143295288086,5.088152880932171,9.774669647216797,3.08984375,0.26460545780820066
01797,0.8486075018612241,0.47408295978281456,1,0.19382017850875854,0.3378979563713074,0.5292795896530151,72.48191833496094,3.933981553987407,12.109994888305664,4.51953125,0.5850694423976869
01798,0.8641552063464575,0.4903316178933585,1,0.2575179934501648,0.4907045066356659,0.47719648480415344,75.8420639038086,5.211375319034262,11.33676528930664,3.884765625,0.47311413385250983
01799,0.6073507176530969,0.3018130110202631,1,0.35964012145996094,0.7909402251243591,0.49786177277565,71.56951141357422,6.129357305094786,10.50506591796875,4.91015625,0.6057088711560618
01800,0.6120517174462439,0.2654992408959507,1,0.29719477891921997,0.643928587436676,0.46678605675697327,73.16082763671875,4.810635559108945,12.966614723205566,4.05859375,0.43212927559534897
01801,0.8255499426965948,0.430225510156505,1,0.27580690383911133,0.5226205587387085,0.33587637543678284,70.52022552490234,3.3736003140507567,11.621150970458984,3.89453125,0.3221771305614015
01802,0.7401700509179552,0.33528354716034936,1,0.2113320231437683,0.5150319337844849,0.49567264318466187,74.92906188964844,4.352903939059457,10.623647689819336,4.5,0.40887465982935517
01803,0.650065266715306,0.35058667257029,1,0.23389887809753418,0.4989423155784607,0.5022488832473755,74.17537689208984,3.9283586459709823,10.320524215698242,4.84765625,0.5237744349400889
01804,0.8851825632507434,0.4568336476182668,1,0.2912279963493347,0.4435010552406311,0.3103848397731781,69.57135009765625,4.1218696075793435,12.874446868896484,3.126953125,0.4069214328324729
01805,0.5931823946335076,0.2597412524603948,1,0.5724090337753296,0.7127239108085632,0.33683469891548157,71.8024673461914,9.678126558356418,11.549356460571289,2.7734375,0.24645075111239265
01806,0.6376120663447364,0.2949413527618457,1,0.39371055364608765,0.8253121376037598,0.337344765663147,62.31302261352539,7.022123858153261,11.41732406616211,2.70703125,0.4860045126801095
01807,0.8640756969030837,0.39684448224288105,1,0.32546550035476685,0.6631778478622437,0.4695952236652374,73.3848648071289,5.771907540369443,7.439097881317139,4.7890625,0.133714005157532
01808,0.7918543259200235,0.3738245771687153,1,0.20971465110778809,0.4836476147174835,0.5390385389328003,69.90652465820312,5.706079988218677,14.386083602905273,4.0234375,0.5117111217648986
01809,0.8850631921491168,0.4700511053181932,1,0.2148951292037964,0.4204155504703522,0.37361642718315125,73.34406280517578,3.670359004230748,13.489448547363281,3.978515625,0.47715215613660816
01810,0.5184415747055516,0.24479729099174766,1,0.3565148711204529,0.5818270444869995,0.3869112432003021,70.68862915039062,4.823179197377275,11.689489364624023,3.638671875,0.18887302088820646
01811,0.8413686479929252,0.41752908658481713,1,0.32467883825302124,0.6097636818885803,0.22204013168811798,70.69259643554688,4.572360134532484,9.984580993652344,2.62109375,0.2554146721559675
01812,0.8188175148670049,0.42013567684242986,1,0.22144168615341187,0.4941001832485199,0.4823433458805084,68.06768035888672,3.2994701508505133,12.445327758789062,3.9765625,0.46142478425851263
01813,0.8307339482515304,0.4398013800219256,1,0.2218586802482605,0.4493721127510071,0.4622255265712738,69.68195343017578,5.491780515337663,7.952921390533447,4.2109375,0.41173228044659216
01814,0.6523586282789352,0.3374509162303665,1,0.35064756870269775,0.613953173160553,0.29871830344200134,65.23796081542969,6.402009833712104,14.014598846435547,2.95703125,0.47829810713678694
01815,0.22080008842565485,0.12538200339558575,1,0.42639654874801636,0.5138222575187683,0.5214248299598694,71.47427368164062,5.883018573273705,9.413166999816895,2.041015625,0.2713234725922691
01816,0.81017864850714,0.37792754844144905,1,0.2727571129798889,0.5923804044723511,0.4663844406604767,74.71675872802734,6.220690020429237,11.995872497558594,4.73828125,0.33251033253202644
01817,0.9174775936605435,0.48589544708345256,1,0.38940662145614624,0.4999658763408661,0.6476755142211914,73.4371337890625,4.771346283588083,7.691708564758301,4.81640625,0.3423080458117613
01818,0.7816524373000774,0.4281992337164751,1,0.2616785764694214,0.48146194219589233,0.42317360639572144,68.68047332763672,4.335683122649495,13.5844144821167,3.919921875,0.35722331294098864
01819,0.7576273419049068,0.33498821945472906,1,0.2952690124511719,0.49085691571235657,0.4023638665676117,70.1126480102539,5.955974461682108,12.317209243774414,3.466796875,0.31225290475932843
01820,0.8796941035462105,0.39579737860907693,1,0.24252289533615112,0.4998767673969269,0.5026338696479797,75.45354461669922,5.547533849730727,13.734533309936523,4.60546875,0.37615481123392697
01821,0.8067225086596093,0.5233165055189527,1,0.1956447958946228,0.37782829999923706,0.443627268075943,68.1588134765625,4.544844992183683,15.430419921875,4.3125,0.6861109186292181
01822,0.8288692358610089,0.46389749514257206,1,0.153975248336792,0.373429536819458,0.4669264554977417,72.64226531982422,3.015123967768974,10.31617259979248,4.65234375,0.5138729712563797
01823,0.5934274073664341,0.31642249715209153,1,0.26727592945098877,0.46799105405807495,0.5327897667884827,72.29292297363281,4.2394260600234,11.075495719909668,4.44140625,0.3575026123066268
01824,0.8222383570517331,0.4303207845848724,1,0.2330365777015686,0.42285391688346863,0.5379462838172913,75.43693542480469,4.571609755863819,9.675169944763184,4.78125,0.41692695585537126
01825,0.6530283792923465,0.3007513119643599,1,0.4380718469619751,0.766033411026001,0.5280502438545227,74.16197204589844,6.478983239668604,9.856749534606934,4.2265625,0.34399017066695464
01826,0.8820469706044758,0.40548365490568894,1,0.2861168384552002,0.5538496971130371,0.40874579548835754,74.4209213256836,5.678282433545016,12.214319229125977,4.33203125,0.3092077279570486
01827,0.6179561925424235,0.3503727369542066,1,0.2969282269477844,0.4617236256599426,0.5335596799850464,72.43936157226562,5.558881050379771,13.019867897033691,4.64453125,0.5253985988550028
01828,0.882462439670704,0.49013430608522635,1,0.35659414529800415,0.5436431765556335,0.5754592418670654,74.64643096923828,5.901906140328954,4.120772838592529,4.20703125,0.11361009610319575
01829,0.8472216526178399,0.3812123003111582,1,0.27507734298706055,0.4625381529331207,0.4025859534740448,71.07489776611328,6.561868068641124,10.757932662963867,2.787109375,0.48228184039293226
01830,0.7627939291192406,0.3474678993323061,1,0.39541685581207275,0.5715678334236145,0.3187408745288849,67.58344268798828,4.656878739475723,10.03813648223877,3.080078125,0.18474745519703986
01831,0.6065794605570997,0.30395901676178494,1,0.22641509771347046,0.4482496380805969,0.5652852654457092,72.01057434082031,6.441381833008902,9.036734580993652,4.8515625,0.46412405546315183
01832,0.7340636378980313,0.377894411855511,1,0.25798845291137695,0.446368932723999,0.552207887172699,70.55175018310547,5.765262841725516,13.654848098754883,4.80859375,0.6381701209929157
01833,0.815107821114592,0.48969854695293863,1,0.13001859188079834,0.22508031129837036,0.6055850386619568,75.74006652832031,3.9526982133683894,13.733831405639648,4.99609375,0.7016171874145098
01834,0.7765725646366821,0.3985492563925923,1,0.27776026725769043,0.6194794178009033,0.36785638332366943,67.27584838867188,7.043625944501311,14.076146125793457,3.953125,0.4150560557335931
01835,0.8269230676078834,0.386261435881532,1,0.2166333794593811,0.4711739420890808,0.5307184457778931,77.10028076171875,5.237456215058483,10.980581283569336,4.8203125,0.3714181298914993
01836,0.5347241301798977,0.25597020966566825,1,0.29328596591949463,0.4732227325439453,0.3660520911216736,69.42052459716797,4.34664000540151,11.492033004760742,3.9921875,0.3587818263061331
01837,0.8636101685593425,0.5156327733343539,1,0.32495057582855225,0.629219114780426,0.5148394107818604,76.73709106445312,5.055126778558556,7.9600419998168945,4.21875,0.48695496617313727
01838,0.6500641013654773,0.3347876413498353,1,0.22540509700775146,0.4574851989746094,0.6882681846618652,75.80825805664062,4.178585701164662,12.194343566894531,4.96484375,0.5138708616256311
01839,0.8500704233303876,0.5091675834250091,1,0.21754348278045654,0.36437803506851196,0.509581983089447,76.7553482055664,5.732048969217057,11.899518966674805,4.88671875,0.731780683903886
01840,0.7890406435502895,0.4664918297357273,1,0.287960946559906,0.45641133189201355,0.4096762537956238,74.37109375,4.956502628245263,12.213949203491211,3.689453125,0.52071863515256
01841,0.8889895359858628,0.5962859323327397,1,0.2042502760887146,0.36120808124542236,0.5307568907737732,72.94166564941406,5.503586490437347,9.31838607788086,4.578125,0.6177166322708689
01842,0.821620124371333,0.38868205510052123,1,0.30735498666763306,0.467031866312027,0.5447081923484802,75.20549011230469,5.761985827281213,11.894055366516113,3.787109375,0.4085768870073335
01843,0.8963267408364929,0.39496367776211644,1,0.307012677192688,0.4570006728172302,0.5325343608856201,76.18635559082031,4.495450929516139,9.605177879333496,4.1484375,0.3040299111582975
01844,0.8530630249934787,0.4180999180999181,1,0.254921555519104,0.47656333446502686,0.4988790452480316,68.59317779541016,4.641863010465329,14.204344749450684,3.935546875,0.5767630982774172
01845,0.8021013653247289,0.4595131278958594,1,0.1938074827194214,0.3552262485027313,0.5192643404006958,69.76610565185547,5.384974126904563,13.02117919921875,4.140625,0.45788776062714626
01846,0.8760001778292833,0.4837123922715535,1,0.18526995182037354,0.3262026906013489,0.509118378162384,72.76197052001953,4.881518137055849,12.784231185913086,4.3203125,0.5314638047487482
01847,0.6812668186196158,0.31665560716655605,1,0.2663908004760742,0.6321194171905518,0.4992934763431549,68.75267791748047,7.490261829862043,14.389971733093262,3.314453125,0.5594107319228191
01848,0.7773837441671885,0.3999580463587736,1,0.29642730951309204,0.5850517153739929,0.5383225679397583,69.88558197021484,5.939876956268232,10.498769760131836,3.763671875,0.5099722294652734
01849,0.8298512817274426,0.37530609614641064,1,0.3307722210884094,0.6260238885879517,0.34147119522094727,69.67509460449219,6.725643585456345,8.217574119567871,3.44140625,0.1500821679405807
01850,0.5702352604277671,0.3161598391555667,1,0.310677707195282,0.693415105342865,0.49457937479019165,73.58934783935547,4.564148235686517,9.890081405639648,4.8046875,0.40626159720613025
01851,0.8429690613291078,0.4944558756287151,1,0.2277144193649292,0.4893168807029724,0.4326898157596588,71.65779113769531,4.3275250416109845,13.543519020080566,3.583984375,0.5854347557906651
01852,0.8476295145579349,0.47918347970567293,1,0.26072752475738525,0.40121594071388245,0.5234354734420776,74.38614654541016,4.53516906650782,10.407711029052734,4.7421875,0.42420246227206937
01853,0.8140039485755154,0.4084110312902592,1,0.21234309673309326,0.2907061278820038,0.5567624568939209,73.41276550292969,4.17814623984794,16.823678970336914,4.9375,0.5851191960915542
01854,0.7525297802367357,0.35431892480929894,1,0.28777074813842773,0.5380857586860657,0.45816770195961,75.27391052246094,3.3045330108265603,10.43204402923584,4.7109375,0.2771077566875413
01855,0.8433183168303284,0.38347716955113803,1,0.27378201484680176,0.508137583732605,0.2611953318119049,69.57764434814453,6.632742611165258,15.276345252990723,3.2109375,0.39399160922510357
01856,0.7057467878204395,0.38703154489080616,1,0.21580320596694946,0.45957398414611816,0.443176805973053,71.54267120361328,3.9370917755537116,12.817159652709961,4.91796875,0.5221635237628921
01857,0.876090431395215,0.5027702463751031,1,0.20775139331817627,0.2966168224811554,0.5509762763977051,73.38792419433594,4.334577529390213,13.687796592712402,4.2109375,0.43793910910073613
01858,0.9092054546042239,0.42914248253145937,1,0.2462301254272461,0.48188939690589905,0.4471288025379181,73.09931945800781,4.134755606740003,12.455988883972168,4.11328125,0.3001626639921359
01859,0.7912812677743742,0.38700478094332763,1,0.1886122226715088,0.40175387263298035,0.48364129662513733,69.08537292480469,4.922868805086177,13.56907844543457,4.7109375,0.4622942514753047
01860,0.7907788182299818,0.3939518829529648,1,0.327326238155365,0.5771692395210266,0.4615113437175751,69.92224884033203,4.919380354435452,9.97673225402832,4.3203125,0.4280342649086098
01861,0.8052341654652566,0.4357046882376439,1,0.24930262565612793,0.49590763449668884,0.40010082721710205,69.18594360351562,6.803074273182312,17.689937591552734,3.74609375,0.5052418430194027
01862,0.7810914051096899,0.40035227684815833,1,0.15849798917770386,0.2656480371952057,0.5530278086662292,72.94886779785156,5.800528282269573,14.908357620239258,4.27734375,0.6960171148341535
01863,0.7174453641031018,0.3381886559456653,1,0.35693657398223877,0.5832949876785278,0.2669888138771057,64.18898010253906,6.35255231738794,16.630695343017578,2.3046875,0.4417619624613061
01864,0.8904978815942962,0.4457668379767379,1,0.3495705723762512,0.4951387643814087,0.40287697315216064,69.37689971923828,9.944290910814916,10.977377891540527,3.53515625,0.7183140361519763
01865,0.8382974166008227,0.3742776707660394,1,0.2774236798286438,0.5041584968566895,0.5098585486412048,73.44123840332031,7.0555085630640955,14.167078018188477,3.84375,0.5295756160874419
01866,0.8417221619165425,0.49960085151676425,1,0.2790905237197876,0.5230929851531982,0.5217723846435547,72.34083557128906,5.22524275830035,12.055062294006348,4.91015625,0.6082975281132393
01867,0.9047511331978461,0.5758190529632667,1,0.2899601459503174,0.5857524275779724,0.5648572444915771,75.65950012207031,4.2708722045083105,8.640979766845703,4.67578125,0.5067533605359485
01868,0.8712031957098193,0.43687903452147064,1,0.18673276901245117,0.38007310032844543,0.42363792657852173,73.12791442871094,3.8506230182089802,12.910809516906738,4.875,0.4132471813601186
01869,0.5816246323818021,0.33715052099453213,1,0.3396788239479065,0.6291205883026123,0.521195113658905,68.7384033203125,7.523944371190452,11.69073486328125,3.38671875,0.3679390325164222
01870,0.955315428724354,0.7029523167124994,1,0.12989354133605957,0.23689967393875122,0.5735990405082703,71.15898132324219,5.835718886532176,13.918198585510254,4.90625,0.8368927789794449
01871,0.7944587761283424,0.39959401920982274,1,0.21024346351623535,0.37691235542297363,0.46071216464042664,72.31708526611328,4.6257647919044205,12.403520584106445,4.0,0.5255919384835782
01872,0.8734153768662637,0.393251266226143,1,0.3759380578994751,0.7445411682128906,0.31290164589881897,69.04486846923828,6.411708619398715,10.439658164978027,3.388671875,0.2921967829841793
01873,0.8380745049877403,0.4380290861732147,1,0.24900245666503906,0.45508337020874023,0.5818514227867126,74.43590545654297,6.149455430887238,11.923568725585938,4.421875,0.7351481635952164
01874,0.8173987197073763,0.40616841721814095,1,0.1887933611869812,0.40547651052474976,0.49022212624549866,75.3310317993164,5.159882643876123,15.73957633972168,4.4609375,0.4957532095582491
01875,0.8758870967979738,0.550139199737977,1,0.19244921207427979,0.3056963086128235,0.6171085834503174,73.63646697998047,4.701315747542017,13.49743938446045,4.90625,0.51977688033055
01876,0.21174012195636252,0.11692307692307692,1,0.3902401328086853,0.7417988181114197,0.3745500147342682,72.33561706542969,6.500439286023744,5.033895492553711,3.255859375,0.27419468766576516
01877,0.7928225284726552,0.40897970279086626,1,0.392452597618103,0.5362144112586975,0.451514333486557,70.57881927490234,7.57435286166795,13.776603698730469,3.474609375,0.4441335706226889
01878,0.8513025414609472,0.47844231863635134,1,0.24493283033370972,0.41054967045783997,0.5721956491470337,75.04237365722656,4.3800440553065405,9.59853744506836,4.87109375,0.3850659735111112
01879,0.8131552165924807,0.4320676913190168,1,0.29582667350769043,0.5548930168151855,0.4212849736213684,65.40740203857422,5.5269424001379335,13.943557739257812,3.544921875,0.5789728486449471
01880,0.8433787452101602,0.4016109095258982,1,0.22741615772247314,0.424092561006546,0.5903645753860474,73.72913360595703,6.632290629545924,14.848054885864258,4.84765625,0.682828282501016
01881,0.9089963343068854,0.4153615104054924,1,0.22159260511398315,0.5541790127754211,0.5033064484596252,75.06266784667969,4.023420566537215,10.635952949523926,4.9296875,0.43054216180244687
01882,0.9027911591268469,0.4361577912768442,1,0.27853500843048096,0.4345591366291046,0.49363332986831665,72.01595306396484,5.08980839918628,9.137659072875977,4.046875,0.18978695706919688
01883,0.7986681177918674,0.40048174911988144,1,0.22202247381210327,0.4995630383491516,0.42888814210891724,68.85249328613281,4.92891070396666,13.490009307861328,3.73828125,0.3551668988829871
01884,0.8336021760159062,0.40422546191627035,1,0.28785037994384766,0.5949808955192566,0.5107045769691467,72.41487884521484,3.913693280319174,11.886627197265625,4.2421875,0.3573982549545125
01885,0.49197163986422116,0.3070139175968031,1,0.2807096838951111,0.4413716495037079,0.5543051958084106,68.71025848388672,9.403503507497543,14.380125999450684,4.796875,0.7052125558803474
01886,0.8582766190871436,0.39447955981992633,1,0.24350035190582275,0.5014135837554932,0.4109433591365814,72.20220947265625,5.596601052775472,16.019309997558594,3.056640625,0.4038358635096396
01887,0.6350805771698965,0.2995544056346126,1,0.32653743028640747,0.4718776345252991,0.6135638952255249,75.8238296508789,7.378398747541601,7.515895366668701,4.97265625,0.43859860921519017
01888,0.8191418407873926,0.430447855673366,1,0.25927215814590454,0.46119630336761475,0.3616803288459778,68.06291961669922,4.909083467214404,15.753191947937012,3.390625,0.3863401565729537
01889,0.8373990425891868,0.4868639105552732,1,0.22776341438293457,0.2652735412120819,0.6095374226570129,74.83609771728516,4.9101915791658755,16.246219635009766,4.8046875,0.6416584891076007
01890,0.7091555037647074,0.32109272392960336,1,0.32919424772262573,0.5720720291137695,0.5548561215400696,72.72468566894531,6.6920575342858815,14.035280227661133,4.17578125,0.676301287054179
01891,0.7764131441747214,0.39550395256917,1,0.21055805683135986,0.43888697028160095,0.434255987405777,70.2989501953125,5.42932612687018,14.182207107543945,4.390625,0.5031680596403708
01892,0.8999428673270009,0.5673974570185444,1,0.2405465841293335,0.40975967049598694,0.5110480785369873,72.37812805175781,5.121013732381015,10.75635814666748,4.22265625,0.43035587414111104
01893,0.8874774411770583,0.5816077170418007,1,0.1666644811630249,0.3923132121562958,0.49458324909210205,63.76934051513672,6.800192582819792,19.847259521484375,4.63671875,0.7572469378562173
01894,0.8378463556878609,0.47892790006670305,1,0.2507786750793457,0.6219691038131714,0.49813929200172424,75.57115936279297,5.104575845911016,12.935742378234863,3.892578125,0.7989307640369843
01895,0.744719428814906,0.36001456664238896,1,0.292449951171875,0.6088995933532715,0.4716358184814453,71.01126098632812,7.194475171453125,10.305489540100098,3.1171875,0.42788048073200535
01896,0.8279025124393045,0.4030386509725353,1,0.2983400821685791,0.43814972043037415,0.49326446652412415,69.95689392089844,5.199664757758539,11.243261337280273,4.015625,0.3570926273889596
01897,0.9059017552406955,0.40002931691586047,1,0.2530466914176941,0.5028091669082642,0.5445748567581177,75.8442611694336,5.581834783604683,10.213576316833496,4.16796875,0.37891164046724424
01898,0.7433908369423013,0.41806227515196626,1,0.2367870807647705,0.5480263233184814,0.43792542815208435,73.05989074707031,4.8895712544258085,13.235026359558105,3.951171875,0.6404576033269069
01899,0.639762669215284,0.3130347026307943,1,0.17316210269927979,0.4080980122089386,0.42697539925575256,73.31575012207031,4.128648562985093,14.536229133605957,4.609375,0.3937801602966214
01900,0.8015828689971108,0.4416487156743841,1,0.23093372583389282,0.40847402811050415,0.5497610569000244,73.08415222167969,4.951701038932554,12.74671459197998,4.890625,0.37286066077928604
01901,0.6679607084146674,0.29617484369651,1,0.3704190254211426,0.5874994993209839,0.4382123649120331,72.1023941040039,8.272529962675002,15.533039093017578,2.41796875,0.34735025937175634
01902,0.36703308841757926,0.21991430700447093,1,0.3796861171722412,0.5610806941986084,0.4549837112426758,64.90621948242188,7.121296285188081,7.191016674041748,2.6640625,0.322422382336234
01903,0.789315789365802,0.37004073231188483,1,0.20909959077835083,0.43751922249794006,0.3837117850780487,73.0880126953125,4.748658006053399,14.555721282958984,3.576171875,0.4115456465838473
01904,0.8133885784587944,0.4501276540030986,1,0.1980559229850769,0.32708802819252014,0.52811598777771,74.04383850097656,3.6541669840312525,12.112088203430176,4.76171875,0.546327139798751
01905,0.9152360323622685,0.4583333333333333,1,0.38981372117996216,0.5497857332229614,0.6063644886016846,75.50379180908203,8.117498928295763,5.194220542907715,4.62109375,0.04111200427288284
01906,0.8722464967783577,0.4265746837149727,1,0.2142735719680786,0.45870453119277954,0.4337446987628937,72.98434448242188,5.547927719782298,14.905987739562988,4.03515625,0.33952991914310643
01907,0.6549241682042605,0.2769958660899902,1,0.31472915410995483,0.5690813064575195,0.4543718099594116,72.66969299316406,7.239096423525661,11.691604614257812,3.4609375,0.4192821679539291
01908,0.7742189587468739,0.37426228489780705,1,0.2738547921180725,0.568034291267395,0.5458816289901733,73.83411407470703,4.973703078111044,9.765522003173828,4.35546875,0.2510944822444163
01909,0.8153757265655063,0.441039189784236,1,0.19355088472366333,0.3560580015182495,0.32365474104881287,69.05879211425781,4.461221328129433,13.739952087402344,4.140625,0.6004796886657174
01910,0.70180694951978,0.34556061092337026,1,0.21954447031021118,0.3738228678703308,0.5210446715354919,75.7857437133789,3.8451426122143273,12.585659980773926,4.6171875,0.5125931205041961
01911,0.7341606268437086,0.31449518361442613,1,0.254207968711853,0.5339491963386536,0.5353307723999023,75.25993347167969,6.2689367911761,10.20255184173584,4.671875,0.30841238221249395
01912,0.6388389746573281,0.314750891727074,1,0.4584725499153137,0.7631495594978333,0.3447067439556122,67.23808288574219,5.248975139138953,10.53825569152832,4.05859375,0.4777773730411145
01913,0.6670905869299859,0.3572410798291959,1,0.299782395362854,0.5213934183120728,0.4410823583602905,71.23179626464844,6.5676387471101245,10.359338760375977,3.734375,0.40295500921015975
01914,0.7263198490205479,0.32814853871648086,1,0.21430617570877075,0.37714433670043945,0.5327426791191101,71.6836166381836,5.626091999236169,17.405475616455078,4.66796875,0.5007380622155405
01915,0.8327838275480578,0.44661615840071306,1,0.17785656452178955,0.2999175488948822,0.43400657176971436,73.6431655883789,5.725245462994035,14.302672386169434,4.0,0.6343540061252394
01916,0.7687112618965641,0.37499661016949154,1,0.2504410743713379,0.5394863486289978,0.4301567077636719,68.80921936035156,6.481438074200642,15.065450668334961,4.16015625,0.44566013841201907
01917,0.8408788939762473,0.4614078419265205,1,0.25544166564941406,0.5586065053939819,0.3674605190753937,69.20464324951172,5.381918837326019,15.755607604980469,4.07421875,0.7249345088499812
01918,0.8149875280339793,0.43320363164721143,1,0.2242487072944641,0.4413285255432129,0.5027081966400146,73.15609741210938,3.938421805244164,11.459640502929688,4.5546875,0.4225721415264954
01919,0.7181482005219001,0.32085825064073076,1,0.2731137275695801,0.48133304715156555,0.5553272366523743,73.48115539550781,4.984593791033784,8.978758811950684,4.56640625,0.3012261175341061
01920,0.30134951368848906,0.12908036206922263,1,0.525941014289856,0.7663021683692932,0.32780295610427856,67.97325134277344,7.97073857216485,10.953988075256348,2.0703125,0.1735599416245146
01921,0.8002610302895414,0.4576825281511079,1,0.3855046033859253,0.6809029579162598,0.22189444303512573,61.304161071777344,6.26790836831453,12.054301261901855,2.03515625,0.4711182416805464
01922,0.7110838346498152,0.3956199222889438,1,0.22187834978103638,0.5081990361213684,0.47221583127975464,74.31778717041016,3.87387456263478,10.670766830444336,4.9296875,0.3781167477011606
01923,0.6719788415701979,0.29194402719582574,1,0.44744426012039185,0.7446341514587402,0.34675151109695435,69.14860534667969,7.701649157591873,11.001730918884277,2.490234375,0.2580908034970279
01924,0.7488760937204118,0.3898362763262374,1,0.1879851222038269,0.37421780824661255,0.6124329566955566,74.5987777709961,4.671217387140797,14.189852714538574,4.96875,0.5498179179201468
01925,0.41467289122309553,0.171415391712155,1,0.29722094535827637,0.5964488387107849,0.4996103346347809,70.05154418945312,6.156488883892669,11.56694507598877,4.26171875,0.37518741402645417
01926,0.6944855231988404,0.3772020725388601,1,0.279609739780426,0.5318105220794678,0.296205073595047,57.036624908447266,4.750842700351142,17.966064453125,2.841796875,0.567298938984444
01927,0.7736111289769845,0.4647895889078083,1,0.1933976411819458,0.3391198515892029,0.5947712063789368,74.52904510498047,4.389753338328855,14.903124809265137,4.96484375,0.6252702419478292
01928,0.8099482023298955,0.45919894629707236,1,0.24616724252700806,0.3992063105106354,0.5131921768188477,73.69800567626953,3.775672643060067,12.609489440917969,3.861328125,0.4697040171141994
01929,0.7489672032277238,0.3539878546246562,1,0.1874440312385559,0.3597412407398224,0.524925708770752,76.08846282958984,4.289219156587942,15.542835235595703,4.77734375,0.35808733612023974
01930,0.753547835895797,0.43594777351905517,1,0.1547906994819641,0.314294695854187,0.4438233971595764,70.54118347167969,4.075096129724356,15.547114372253418,4.0703125,0.5153590976016049
01931,0.8043245193678779,0.38676138198256377,1,0.2738026976585388,0.5607760548591614,0.5394756197929382,71.2021484375,4.462570486896833,7.980673789978027,4.93359375,0.41840040268666934
01932,0.837101477158624,0.3910791757049892,1,0.26674777269363403,0.5240150690078735,0.40899398922920227,73.9600830078125,4.860009663113986,9.190014839172363,4.0859375,0.3008318848634019
01933,0.6694794580330858,0.3267498607972225,1,0.24908053874969482,0.4043393135070801,0.6037610769271851,76.66059112548828,5.857048057423469,11.362122535705566,4.98828125,0.5507019351683398
01934,0.8938904749746394,0.42976266837716487,1,0.3051465153694153,0.4589512348175049,0.6138051152229309,74.59014892578125,4.910891612957892,5.732013702392578,4.9921875,0.31882051831792896
01935,0.691958876335951,0.36981718649680667,1,0.23697513341903687,0.49305206537246704,0.589491069316864,76.75182342529297,5.076733441897868,11.615839004516602,4.6484375,0.5651413743232969
01936,0.8347231164236903,0.3843122298499873,1,0.525489330291748,0.6512124538421631,0.3967475891113281,66.87328338623047,5.9722090340960685,6.883251190185547,1.775390625,0.16930409928576906
01937,0.6287138603654655,0.3392668280003585,1,0.22315192222595215,0.3711668848991394,0.4818170666694641,74.64167022705078,4.150144713616883,14.82823371887207,4.203125,0.4411234253954828
01938,0.8066109226076575,0.3581838901217537,1,0.3293609023094177,0.6602199673652649,0.36046653985977173,71.88232421875,6.3146825631032435,15.10077953338623,3.673828125,0.2994980763951875
01939,0.7659294386945712,0.44955484514110894,1,0.35182684659957886,0.6786980032920837,0.30421504378318787,68.56314086914062,6.122167981809829,6.788625717163086,3.103515625,0.3915382742690553
01940,0.8354499702297347,0.4196365932369861,1,0.3065904378890991,0.5973949432373047,0.39312028884887695,67.20372772216797,5.053613576415495,14.20997428894043,2.564453125,0.43146110964357276
01941,0.8055124346578396,0.431346823434425,1,0.19319546222686768,0.43622756004333496,0.5113546252250671,70.95014953613281,5.4942591019275016,15.217313766479492,4.68359375,0.6173527914537504
01942,0.9241934932183238,0.4509245929447476,1,0.27691173553466797,0.4939184784889221,0.4298437833786011,73.9874496459961,4.477496849777131,8.923408508300781,3.7421875,0.31332090629323994
01943,0.7606335308620226,0.33716254154210357,1,0.360578715801239,0.5809897780418396,0.46584373712539673,71.32086944580078,6.54932412546443,8.953620910644531,3.75,0.25916027194700664
01944,0.8126916682266733,0.43958764970438124,1,0.29722654819488525,0.5760115385055542,0.40665915608406067,74.91275024414062,4.717551740116613,9.809952735900879,3.85546875,0.5031733029946623
01945,0.7716119031676171,0.36034573865780933,1,0.28443461656570435,0.570509135723114,0.5130457878112793,72.40264892578125,6.45103771084056,10.912728309631348,4.4140625,0.40247086611939986
01946,0.6843098108485718,0.38104995407334136,1,0.16013062000274658,0.3232421278953552,0.6062893867492676,74.74176788330078,6.366248828450853,15.254402160644531,4.9765625,0.4996238083208199
01947,0.42113926703024346,0.22781994242344936,1,0.3536018133163452,0.5559270977973938,0.5155368447303772,65.63892364501953,6.304173434113578,10.377760887145996,3.8828125,0.4428551622005725
01948,0.580263262438442,0.3403094800498014,1,0.2395276427268982,0.4706076383590698,0.5432657599449158,70.58503723144531,4.482463043010445,13.245316505432129,4.7421875,0.5633041952504476
01949,0.7767265331374901,0.37854536093402186,1,0.2455567717552185,0.47200557589530945,0.4219278395175934,75.13008880615234,3.2866176532030114,10.445059776306152,4.33984375,0.3411903127291294
01950,0.7856580815133486,0.4195804195804196,1,0.2538270354270935,0.47005391120910645,0.4996078312397003,70.22381591796875,4.814387121566673,9.336235046386719,4.2421875,0.4348129977222501
01951,0.8974469847800811,0.4165725741410697,1,0.24828636646270752,0.4406610131263733,0.582991361618042,73.37139892578125,6.540298988445833,17.486989974975586,4.4765625,0.6301185039310991
01952,0.8766236852970728,0.4368308980101329,1,0.2292236089706421,0.3926772475242615,0.4948722720146179,75.3584976196289,5.1035131451634985,12.415082931518555,3.9375,0.49625656290222914
01953,0.8792394220316981,0.4219126045610064,1,0.23684048652648926,0.4871857762336731,0.5794264078140259,74.48943328857422,4.539404983227711,14.113019943237305,4.16796875,0.37506988273034075
01954,0.8203392091998287,0.5099077187209385,1,0.23001188039779663,0.36227700114250183,0.6067980527877808,71.49562072753906,6.317746116849834,13.812461853027344,4.3984375,0.7017551411090532
01955,0.7616898759378455,0.35218303946263646,1,0.2242799997329712,0.4923240840435028,0.41336995363235474,71.92346954345703,5.422182950613535,14.62249755859375,3.521484375,0.4445110836850747
01956,0.8682832985906886,0.39105816122803,1,0.23364323377609253,0.6079501509666443,0.4827965497970581,74.8657455444336,3.5993109032920523,9.836764335632324,4.2734375,0.4432187430127215
01957,0.7262726916547443,0.36995063727124106,1,0.2529639005661011,0.45683354139328003,0.48385992646217346,74.41638946533203,4.52612567627899,9.97040843963623,4.6796875,0.38228524739317116
01958,0.7813954774142708,0.5013994746587435,1,0.19880211353302002,0.3840123414993286,0.6064581871032715,72.85872650146484,4.303012342019789,10.457759857177734,4.98046875,0.5011036514533527
01959,0.8955174835424555,0.39885030853686776,1,0.22760486602783203,0.36572757363319397,0.4507000148296356,74.06727600097656,6.52754532921924,15.714847564697266,4.5703125,0.5563662166415149
01960,0.8464016294006527,0.45935644003191206,1,0.20685821771621704,0.3685797154903412,0.472535640001297,70.94676971435547,5.28215245462176,15.580266952514648,4.8046875,0.6248969206374627
01961,0.8509154581787788,0.44965395003376096,1,0.2533019185066223,0.49824219942092896,0.4904581606388092,74.20956420898438,4.395943113653843,10.562342643737793,4.76171875,0.4761899689847899
01962,0.823149497207435,0.4090734332948866,1,0.3342987895011902,0.5657330751419067,0.5514028072357178,75.89513397216797,4.732327020752252,4.625772476196289,4.9453125,0.21281459982505194
01963,0.8744304841940078,0.42184322260677204,1,0.2799726128578186,0.5024252533912659,0.5294196009635925,72.71090698242188,5.454576039105497,8.942533493041992,4.44140625,0.34811606028969566
01964,0.7405344743459594,0.3414466546112116,1,0.42982667684555054,0.7170051336288452,0.26138368248939514,58.71825408935547,9.433725721855113,12.812259674072266,2.064453125,0.26731840852222305
01965,0.9273086171770754,0.4843240334928766,1,0.19557452201843262,0.3949316143989563,0.41602882742881775,74.45623016357422,4.333114329264339,11.02647876739502,3.919921875,0.4060194251950332
01966,0.34184968476101246,0.15479738884099026,1,0.30420851707458496,0.5941239595413208,0.4677126705646515,74.58082580566406,5.103941714969281,8.834863662719727,4.7578125,0.3165856679714207
01967,0.7704589241987296,0.42131176367153156,1,0.3358745574951172,0.6689290404319763,0.3131914734840393,75.41104888916016,5.052227557234078,8.571446418762207,3.314453125,0.30581996023414826
01968,0.8675870442104494,0.5220894790316365,1,0.23326951265335083,0.4749700129032135,0.5501992106437683,75.75093078613281,5.3031931281657805,8.93539810180664,4.390625,0.6157133228277916
01969,0.6928271383638259,0.38378361136805844,1,0.3291122317314148,0.6020070314407349,0.3181881010532379,69.72794342041016,6.228798896113466,9.99251937866211,2.966796875,0.5100441946044902
01970,0.7747458145445288,0.46734829540058875,1,0.17032241821289062,0.3066985011100769,0.5432537198066711,73.89755249023438,4.540642374902447,17.522375106811523,4.828125,0.613923939762322
01971,0.8900591869835479,0.5359091901331587,1,0.1430090069770813,0.22367575764656067,0.5941319465637207,74.19151306152344,4.938375552448025,17.87584114074707,4.87109375,0.6711903380703598
01972,0.6279216631924308,0.30096836297807533,1,0.38424813747406006,0.6811512112617493,0.3878515362739563,72.48665618896484,5.705356690658667,9.032944679260254,3.669921875,0.38584479170914376
01973,0.7781531476139044,0.3821698348136465,1,0.4021531343460083,0.6979641318321228,0.31606078147888184,57.369747161865234,6.020351711216181,12.644556999206543,2.294921875,0.48528858865023483
01974,0.929698377941517,0.4264191926927415,1,0.31722140312194824,0.7663344740867615,0.4421100616455078,74.23565673828125,7.743285541498779,10.813640594482422,3.16796875,0.17860744254299998
01975,0.783065983286119,0.43857090776522056,1,0.24157273769378662,0.4390075206756592,0.5614761114120483,71.33059692382812,5.277301818885416,9.287150382995605,4.6796875,0.5467124152454934
01976,0.8748836069494554,0.45517241379310347,1,0.24724221229553223,0.479375958442688,0.4935469627380371,77.461669921875,5.219082992711356,11.97212028503418,4.625,0.7779643805787583
01977,0.679901981941678,0.2932496879300963,1,0.21812379360198975,0.4241655468940735,0.5042151808738708,65.50621795654297,5.36722531928871,12.714734077453613,4.35546875,0.42703460971389223
01978,0.734467907514397,0.3495210418684749,1,0.2815645933151245,0.4028323292732239,0.3723222315311432,65.68270111083984,4.094164878706146,9.086311340332031,3.294921875,0.20505329717593554
01979,0.7829347200861883,0.36083793075877507,1,0.2629287838935852,0.5209158658981323,0.42862796783447266,71.47932434082031,6.905040527982355,16.00789451599121,2.82421875,0.46643427347534194
01980,0.5750280147194293,0.275287278886686,1,0.22960519790649414,0.3964911699295044,0.34641605615615845,65.71934509277344,6.026575982180301,17.56627082824707,3.294921875,0.3326935248134156
01981,0.8370977282917685,0.46742565586566653,1,0.3465101718902588,0.6961827278137207,0.4013781249523163,74.28717803955078,5.561557619051726,9.625993728637695,2.978515625,0.5001858055154172
01982,0.8203261605381037,0.3601019326612994,1,0.404432475566864,0.6386405825614929,0.515839695930481,75.84297180175781,6.515651889321556,9.775084495544434,2.115234375,0.48942907446261796
01983,0.6002111030592345,0.2710859798238439,1,0.36577028036117554,0.453975111246109,0.3970513939857483,69.9090805053711,4.1684960699429885,14.608522415161133,2.318359375,0.2813274065379326
01984,0.6661582603843023,0.3104901039614464,1,0.24418717622756958,0.4683864116668701,0.45069584250450134,72.36429595947266,4.069304300035417,11.311260223388672,4.52734375,0.3427846542010295
01985,0.7843687900804704,0.45927658808709737,1,0.27030038833618164,0.5315904021263123,0.5298439264297485,73.92686462402344,3.9796089314162755,13.487039566040039,4.50390625,0.501281042172891
01986,0.8409987221097428,0.4461749383054565,1,0.1797202229499817,0.3551671504974365,0.4880588948726654,74.38943481445312,5.009342389581344,14.762813568115234,4.8046875,0.5243193266680783
01987,0.8152722427278848,0.5155110161373517,1,0.23530352115631104,0.43664687871932983,0.5485286116600037,73.42819213867188,4.442717739002029,8.62396240234375,4.78515625,0.47436489278947314
01988,0.8054914600597178,0.35375408480648846,1,0.2291043996810913,0.4563489556312561,0.4353361427783966,69.3883285522461,6.652429910847855,13.61143970489502,4.4921875,0.46908257519184
01989,0.862158154724091,0.5429275321898387,1,0.2682461738586426,0.6342346668243408,0.4163168966770172,74.65996551513672,6.228819503509301,7.869941711425781,4.2421875,0.6524073907727796
01990,0.8391843694372253,0.41609148458239736,1,0.2736093997955322,0.4052724540233612,0.4857427477836609,73.19442749023438,4.448094012547389,11.807302474975586,2.96484375,0.29151452902135966
01991,0.607334466994252,0.31357974269961203,1,0.3197033405303955,0.5999121069908142,0.49143368005752563,73.60186004638672,5.597178298650264,9.465435981750488,4.22265625,0.575615529834402
01992,0.5554305783715499,0.3305255447720198,1,0.2642289996147156,0.4256006181240082,0.502614438533783,75.23094177246094,4.505069960210162,10.252050399780273,4.890625,0.4781204511850638
01993,0.8739292632982966,0.42681331589204197,1,0.36765122413635254,0.4809180200099945,0.37846508622169495,70.18812561035156,6.05995032149274,10.51502799987793,2.64453125,0.20514314755364596
01994,0.39557404150340963,0.16900803713990528,1,0.367417573928833,0.6108240485191345,0.49826693534851074,69.13668060302734,7.778748825495716,11.885261535644531,3.50390625,0.20256825287018432
01995,0.8635935412218861,0.4420359875688804,1,0.2246546745300293,0.36037129163742065,0.33473914861679077,69.000244140625,4.452220277855176,13.157366752624512,3.392578125,0.42638607199382217
01996,0.5834104545466988,0.2594093406593407,1,0.3296644687652588,0.57076096534729,0.37300315499305725,73.78325653076172,5.453291761438341,11.310410499572754,4.01171875,0.23511668860412083
01997,0.8166919155670594,0.3663944636678201,1,0.2510090470314026,0.5034559965133667,0.48414647579193115,73.24642181396484,6.067897232113838,12.957171440124512,3.919921875,0.3465498034304948
01998,0.8261029462610439,0.4438668447157573,1,0.2743411064147949,0.4876338243484497,0.31203216314315796,63.097904205322266,5.473477342710585,18.449058532714844,3.912109375,0.5201390622175635
01999,0.822617968525196,0.5200861208843145,1,0.32377052307128906,0.489795446395874,0.29482656717300415,64.662841796875,5.1893393358009865,15.150623321533203,2.640625,0.6639794237090789
02000,0.8336309896835903,0.4812018489984592,1,0.256084680557251,0.3911516070365906,0.45443400740623474,67.88776397705078,6.171360403846973,13.052096366882324,2.607421875,0.6293357751153317
02001,0.6795541767249557,0.30959860383944154,1,0.3671461343765259,0.6288586258888245,0.4096514880657196,68.48027038574219,9.324509179009254,14.361162185668945,3.759765625,0.2657658722063676
02002,0.7718640068534921,0.4444754561629976,1,0.22276687622070312,0.33452820777893066,0.5755885243415833,74.37632751464844,4.776381337147866,10.67625904083252,4.78125,0.43063622919904526
02003,0.7890136040163932,0.3915733786783808,1,0.30981218814849854,0.6220042705535889,0.2710806727409363,64.228515625,6.393367845984941,13.434856414794922,2.421875,0.5689782281117398
02004,0.8567954355318169,0.4204401323273664,1,0.2168014645576477,0.4191572368144989,0.5538666248321533,74.11235046386719,3.9400723325490925,11.803998947143555,4.96875,0.37441787479018906
02005,0.8244265394211336,0.4326728401208138,1,0.2546737790107727,0.5813843607902527,0.405947744846344,70.7481689453125,4.663214899135447,14.278326034545898,4.32421875,0.4176439085013884
02006,0.8241493367600383,0.41064230045686645,1,0.29323309659957886,0.5099376440048218,0.4463382661342621,74.22103118896484,6.262961334992746,13.165321350097656,3.01953125,0.5495937344448755
02007,0.8661038745508847,0.437935528895001,1,0.1904064416885376,0.35561904311180115,0.4645482301712036,73.25790405273438,3.5111806238107586,10.699162483215332,4.80859375,0.2941977315106547
02008,0.8492861108124864,0.4827911362564828,1,0.26147639751434326,0.39607933163642883,0.5643113851547241,74.87810516357422,7.774283994252775,11.4430570602417,4.94921875,0.6289954127228965
02009,0.7622681273491054,0.34399500171312253,1,0.26415079832077026,0.50201016664505,0.5189688205718994,72.25828552246094,6.687432586417432,13.647050857543945,3.79296875,0.5039680175590241
02010,0.824028942017046,0.4483248879005505,1,0.15113437175750732,0.32346978783607483,0.5470316410064697,73.45055389404297,5.192654002663696,13.088263511657715,4.578125,0.5254745945223587
02011,0.8486852387222,0.4835344549892212,1,0.1667357087135315,0.31745845079421997,0.524473249912262,71.54412078857422,4.51450137818064,12.566938400268555,3.83984375,0.5377184047748579
02012,0.759770563859388,0.3586344712739384,1,0.25869202613830566,0.5729568004608154,0.4804317355155945,71.39644622802734,4.076425147841681,10.404906272888184,4.89453125,0.506742823051832
02013,0.39307791198047776,0.1834097540641934,1,0.4009197950363159,0.5035409331321716,0.29183048009872437,52.6778564453125,6.476160070047086,21.07614517211914,2.681640625,0.7360277565816707
02014,0.7021307861703568,0.3274984481688392,1,0.3415732979774475,0.7450532913208008,0.5256358981132507,70.00257873535156,6.770682163086318,9.85047721862793,3.912109375,0.4661538288612752
02015,0.8751471980122756,0.4431635827738661,1,0.25127506256103516,0.6513150930404663,0.4189318120479584,73.12174224853516,3.2398945649426807,10.677925109863281,4.3046875,0.25817836542203026
02016,0.8086510842957035,0.40490032186431796,1,0.1880584955215454,0.4334050416946411,0.537624180316925,76.01934051513672,4.308149566348175,13.68649673461914,4.95703125,0.5104459418798806
02017,0.8967631274481824,0.4416294934223221,1,0.2085452675819397,0.3851620852947235,0.488169401884079,72.52752685546875,4.63970707394873,14.478458404541016,4.46484375,0.4241110937641222
02018,0.7105979418105796,0.3365528784127759,1,0.2543644905090332,0.35370934009552,0.6262698769569397,76.2286605834961,4.745300297116054,12.099028587341309,4.99609375,0.5899441620199245
02019,0.8268253371216495,0.46477571869388606,1,0.2083984613418579,0.3570353090763092,0.5167363882064819,74.23634338378906,4.410089972083395,10.85924243927002,4.4296875,0.48288470941746925
02020,0.8814103834692898,0.43439125606405987,1,0.2961800694465637,0.6170905828475952,0.4387747049331665,65.73772430419922,5.978010298575673,11.656241416931152,3.80859375,0.6270824256264389
02021,0.5297012404651136,0.22653506953083963,1,0.26799440383911133,0.6525493264198303,0.4164586067199707,66.99431610107422,7.340086812923468,12.713394165039062,2.4765625,0.2089299272850877
02022,0.6678363282288102,0.4242914979757085,1,0.3420677185058594,0.4679281711578369,0.6414997577667236,67.59712219238281,6.981933611613052,9.966012001037598,4.79296875,0.25738770603257555
02023,0.801248409918526,0.4546350835503198,1,0.18137973546981812,0.3973199129104614,0.551225483417511,73.94610595703125,4.729000234500543,14.256824493408203,4.9453125,0.5139572281871874
02024,0.7581024169063297,0.36611452457092214,1,0.25938713550567627,0.46904242038726807,0.3877764046192169,72.98646545410156,4.263915040593409,13.776549339294434,3.962890625,0.3063477273677756
02025,0.7857687198106958,0.40803212851405624,1,0.23855721950531006,0.42024344205856323,0.5573759078979492,75.14852142333984,4.885360338799077,10.345250129699707,4.98046875,0.6039104167534246
02026,0.7351782650343687,0.48592140404425793,1,0.23270845413208008,0.44791704416275024,0.44463077187538147,64.63844299316406,4.862721573596553,12.95103645324707,4.546875,0.35140547323920485
02027,0.7845277298408705,0.37554661155226804,1,0.3877689242362976,0.6366201639175415,0.363046258687973,71.68079376220703,5.967928670185084,15.035829544067383,4.00390625,0.453043875785993
02028,0.8632270902022767,0.4206301934324744,1,0.21908998489379883,0.404654860496521,0.36857783794403076,71.3976058959961,4.270159077287941,12.929550170898438,3.095703125,0.3099404021681038
02029,0.9649418229521444,0.6338922185974761,1,0.33123159408569336,0.38664042949676514,0.5143580436706543,71.351318359375,8.10276390259424,6.447609901428223,3.841796875,0.5183996460775965
02030,0.787019075326541,0.44484689941979405,1,0.22707289457321167,0.44790348410606384,0.4776911437511444,68.20625305175781,5.327626596579627,11.285482406616211,4.18359375,0.4355513197606202
02031,0.8552720628648094,0.44527977044476325,1,0.18993538618087769,0.3464276194572449,0.5079163312911987,73.38324737548828,3.848529752474629,12.865339279174805,4.8828125,0.45459222183759984
02032,0.7327305911967664,0.32842730790491986,1,0.26612359285354614,0.4689478278160095,0.5344552397727966,70.1491470336914,7.576698618317779,15.609920501708984,4.20703125,0.49389532768086425
02033,0.8389939751064174,0.49531293853494246,1,0.2921760082244873,0.5258380174636841,0.3289783000946045,61.02586364746094,5.4341939195766775,15.97642993927002,3.880859375,0.4833374092437055
02034,0.6906269803514642,0.41792283225003457,1,0.16887104511260986,0.34189584851264954,0.5738821029663086,72.3426742553711,5.31813971362284,13.737114906311035,4.10546875,0.6154500290734384
02035,0.8651873017970235,0.40800061966933754,1,0.2838273048400879,0.38151612877845764,0.4593251943588257,72.96419525146484,4.989980907530039,12.317532539367676,2.99609375,0.22229109261789218
02036,0.6294474708010166,0.4093294866001599,1,0.20439767837524414,0.3467252552509308,0.5401920676231384,74.90624237060547,5.072921956073779,15.40679931640625,4.35546875,0.6895748592455813
02037,0.7288635999213476,0.36068545065084856,1,0.22758859395980835,0.4915146231651306,0.453946977853775,74.64068603515625,4.8458351085816656,12.730799674987793,4.7265625,0.4820403627224692
02038,0.8409708933872597,0.4264880185519196,1,0.3289743661880493,0.7291256189346313,0.42321062088012695,73.22093200683594,6.620636506103898,12.000460624694824,3.740234375,0.5757964675504217
02039,0.808614479404803,0.5741227672499774,1,0.2706558108329773,0.4504152536392212,0.3665246367454529,66.31024169921875,6.895482560932624,13.679532051086426,4.5078125,0.640119507841945
02040,0.8328890493092178,0.45499237158840483,1,0.160119891166687,0.33321642875671387,0.5505940318107605,71.9114990234375,3.91923634518646,14.647950172424316,4.7109375,0.5718364729373506
02041,0.8713508794162963,0.3958505600240547,1,0.3751928210258484,0.7836361527442932,0.3216439485549927,71.52953338623047,6.22671347773619,8.524751663208008,2.302734375,0.3041977215269756
02042,0.8579182866107756,0.43891730073593616,1,0.30655819177627563,0.5867722034454346,0.5344967246055603,75.72238159179688,4.575333675070323,9.926523208618164,4.1328125,0.4905597013181387
02043,0.8339405919644183,0.4508797653958944,1,0.2542250156402588,0.5007444024085999,0.5290382504463196,75.11796569824219,4.333538745910923,10.976600646972656,4.1796875,0.42160982086074866
02044,0.8981355061640034,0.39649550151259183,1,0.24193602800369263,0.556118905544281,0.49574074149131775,73.33992004394531,7.456599588741964,13.148565292358398,4.09375,0.2760802061802444
02045,0.8269158146100432,0.43747790218031823,1,0.3593885898590088,0.6068651676177979,0.4770338833332062,65.52639770507812,5.084621068004241,8.372603416442871,3.546875,0.2633156671752635
02046,0.7205967766881128,0.3409079897281845,1,0.38244062662124634,0.6735213994979858,0.5310065746307373,66.87386322021484,6.967036359348698,13.477015495300293,3.55078125,0.578210455195962
02047,0.9925900972783694,0.12793803418803418,1,0.5016704797744751,0.6903572678565979,0.5253579020500183,57.244327545166016,3.5669553717336737,4.281905174255371,3.55859375,0.3272904833533765
02048,0.871404769742018,0.635956198308922,1,0.3507464528083801,0.6226918697357178,0.4094845950603485,68.55850982666016,9.06616647276779,9.76385498046875,2.806640625,0.49765567754366963
02049,0.7928344009891947,0.3939967208979695,1,0.39088374376296997,0.8278493881225586,0.3630625903606415,69.28501892089844,6.726642527043317,10.966181755065918,3.98828125,0.3213140706670182
02050,0.8695650451043055,0.4586375240739911,1,0.3339107632637024,0.6577869653701782,0.5110915303230286,70.39143371582031,7.380881120763284,9.865650177001953,2.822265625,0.6994369924727002
02051,0.8512008897509568,0.5301587301587302,1,0.13872605562210083,0.24160605669021606,0.6095141768455505,70.85175323486328,5.0834432676818295,15.968833923339844,4.859375,0.6778752606030762
02052,0.8503035975846341,0.38253065682166215,1,0.22672396898269653,0.4129633605480194,0.4710816442966461,73.42310333251953,5.622175732776181,13.410688400268555,4.26953125,0.40661818501504865
02053,0.8660282667883313,0.38567638434207874,1,0.5073587894439697,0.6777664422988892,0.3758753836154938,69.8662338256836,7.248370900188486,9.788412094116211,3.525390625,0.14318698473440525
02054,0.7757091292544563,0.39707119630716053,1,0.4557390809059143,0.6528831124305725,0.3043631613254547,68.15465545654297,5.5836244899149605,3.516645908355713,2.736328125,0.09771298431144658
02055,0.7845814868712528,0.5014409221902018,1,0.3531808853149414,0.4461286664009094,0.48085126280784607,64.93052673339844,6.922513630277457,17.186397552490234,4.6484375,0.6495448162126687
02056,0.8567012876601188,0.42072798338829853,1,0.23163563013076782,0.5010542273521423,0.5080927014350891,75.5213851928711,2.9250330959806736,8.198858261108398,4.8671875,0.31909403199925623
02057,0.744468701871501,0.3744812635490864,1,0.27893614768981934,0.5070052742958069,0.5669625997543335,73.52340698242188,5.39424595094918,13.832355499267578,3.751953125,0.6322527238546048
02058,0.8293801470345418,0.38464786353656477,1,0.4561389684677124,0.6378567814826965,0.36176156997680664,64.8419189453125,6.470784459259864,11.491510391235352,1.923828125,0.4947080780159441
02059,0.8206299430746332,0.38461538461538464,1,0.3075101375579834,0.5278789401054382,0.3467121124267578,74.26863861083984,5.78171742603817,10.149646759033203,3.234375,0.26851392924767303
02060,0.8571340321664928,0.38278070001516196,1,0.33491188287734985,0.5123432874679565,0.4636674225330353,72.62893676757812,6.792568091662628,13.794928550720215,3.556640625,0.3884212582520871
02061,0.7604873909135262,0.45171400002984763,1,0.22691220045089722,0.4090828001499176,0.5904669761657715,74.89060974121094,4.919393398634691,10.934684753417969,4.84765625,0.43655819692626996
02062,0.8322120973965446,0.4840393558796545,1,0.27424103021621704,0.5232617259025574,0.6236316561698914,75.29936218261719,4.101761295433895,11.24138069152832,4.515625,0.4541129763842592
02063,0.8861082397011082,0.42518929381816406,1,0.24794304370880127,0.49648794531822205,0.47374168038368225,73.30017852783203,4.358945729050264,11.688071250915527,4.25390625,0.24195001877247946
02064,0.8464468594623917,0.3790713163888729,1,0.37148571014404297,0.739909827709198,0.4094250500202179,73.37415313720703,8.182915395627855,11.882691383361816,3.23046875,0.24435782493258792
02065,0.8482922778018863,0.4713670143008805,1,0.24224984645843506,0.4689432382583618,0.42382583022117615,71.39092254638672,5.576276461893993,18.6097354888916,3.935546875,0.6668260722177719
02066,0.7327365431160672,0.318540068764877,1,0.3154882788658142,0.461649090051651,0.5678566694259644,74.68976593017578,5.622745620705023,8.491034507751465,4.9609375,0.3394096592362739
02067,0.8791090948296834,0.4139299831545941,1,0.42395275831222534,0.7858822345733643,0.34840157628059387,64.52376556396484,7.714315023087854,12.882448196411133,2.060546875,0.2767682374401127
02068,0.8461859159413267,0.46997457990822356,1,0.27048492431640625,0.5112761855125427,0.35677570104599,72.44083404541016,5.163030246430393,11.210060119628906,2.6640625,0.4728170162544966
02069,0.8994849959604407,0.5612016279778871,1,0.26294153928756714,0.43260374665260315,0.5044087767601013,76.0586166381836,3.54078358745,10.061758041381836,3.9921875,0.2934099721705941
02070,0.8343310667149665,0.43244530436076795,1,0.23128223419189453,0.38266050815582275,0.5117216110229492,73.48727416992188,3.6883719843108547,10.829593658447266,4.37890625,0.39413975885260816
02071,0.7872159257433665,0.3860793909733551,1,0.37456703186035156,0.5997298955917358,0.33040928840637207,69.15705108642578,6.216459777510822,12.957948684692383,2.826171875,0.3894999663576816
02072,0.8423132350935204,0.48770776424834483,1,0.21256035566329956,0.4605335593223572,0.5482560396194458,73.38536834716797,5.289506102984022,14.536794662475586,4.984375,0.4839971655669417
02073,0.7630233194273407,0.3645426377475414,1,0.28108876943588257,0.6735230684280396,0.42673927545547485,67.69969177246094,6.381897650814766,14.04558277130127,3.9453125,0.47744015071395657
02074,0.9369978719381473,0.4529936130129118,1,0.3706591725349426,0.46998047828674316,0.44769686460494995,70.58890533447266,5.376064351144428,10.189623832702637,3.4296875,0.4060875057942858
02075,0.5168058679532269,0.3095890410958904,1,0.3230421543121338,0.6157167553901672,0.3777729868888855,71.48374938964844,4.417818942435458,9.405566215515137,3.701171875,0.45943981206160056
02076,0.858045139539449,0.43339552238805973,1,0.2248857021331787,0.4616656005382538,0.41633912920951843,73.4531478881836,4.035629873768151,13.546859741210938,3.845703125,0.47963581137845507
02077,0.3222771937028917,0.17590766308715028,1,0.31488287448883057,0.4576757848262787,0.5903730988502502,74.52958679199219,5.526501106163195,10.972576141357422,4.9296875,0.46076371707118635
02078,0.5806050132306919,0.29833891632420484,1,0.3073664903640747,0.4697868824005127,0.549604594707489,73.98403930664062,3.7463788934015576,9.10833740234375,4.28125,0.31224651199678155
02079,0.6501037236122239,0.3417847567981616,1,0.26766490936279297,0.5113632678985596,0.29459384083747864,57.88271713256836,4.145849839348227,16.286409378051758,3.138671875,0.5040278005203216
02080,0.7581356603223547,0.373041650745128,1,0.24630051851272583,0.4049980044364929,0.5130054950714111,73.81539154052734,4.6288466674876725,11.594252586364746,4.22265625,0.4118082054543587
02081,0.7393924099492059,0.4120975971797013,1,0.1940407156944275,0.4200238585472107,0.6013122200965881,73.22895050048828,5.182809847898806,15.458772659301758,4.25390625,0.6325272040574066
02082,0.7517287770125654,0.4060930606808912,1,0.20764029026031494,0.32500165700912476,0.44940507411956787,73.51299285888672,3.746097384303301,13.686474800109863,4.30078125,0.5610811151322589
02083,0.5847960071417747,0.2896544145926048,1,0.2515355944633484,0.5162580609321594,0.2991429567337036,66.4308090209961,5.572627427896382,15.66628646850586,3.017578125,0.3349988504575488
02084,0.650527174099634,0.29586305278174035,1,0.33000272512435913,0.750893235206604,0.5618504285812378,74.86447143554688,4.97088302729888,7.968206882476807,4.8984375,0.3382894826604755
02085,0.8187925303575584,0.4074924622330537,1,0.2930471897125244,0.6028239130973816,0.3002183437347412,72.2190170288086,5.234977375981204,9.223662376403809,3.328125,0.31078562535974114
02086,0.9312335689560762,0.438647824192243,1,0.22033929824829102,0.15755020081996918,0.46416398882865906,73.28273010253906,5.176890377087973,17.195043563842773,4.62109375,0.8133368555543348
02087,0.8841352292485719,0.39581872441741,1,0.21297407150268555,0.4426448345184326,0.5992494821548462,76.69618225097656,5.31503892701132,10.883432388305664,4.96875,0.48981521751245455
02088,0.617200112184232,0.31809045226130656,1,0.26464682817459106,0.5419743061065674,0.3929345905780792,64.64596557617188,4.442612638258148,13.16882038116455,4.60546875,0.5213348475986843
02089,0.7111973246554615,0.34735029146793855,1,0.2786453366279602,0.467212438583374,0.4506564438343048,75.35034942626953,4.325437959569978,10.085822105407715,4.0546875,0.21163872110082851
02090,0.7149359016371036,0.33336280838270405,1,0.38026905059814453,0.691106915473938,0.33898916840553284,67.60791778564453,8.1798083853697,14.087525367736816,3.73828125,0.36178390311092384
02091,0.8051531954109703,0.39168141944980406,1,0.23792707920074463,0.5003805160522461,0.5558913946151733,73.83562469482422,4.851492033998569,13.038686752319336,2.72265625,0.30226319156224046
02092,0.7665663579561702,0.3684597776324395,1,0.3335700035095215,0.6550089120864868,0.44226643443107605,70.12901306152344,5.713994392457792,10.673534393310547,3.798828125,0.4170359710150669
02093,0.8777164038496574,0.6592661116250386,1,0.23884093761444092,0.3542287349700928,0.558729887008667,73.34626007080078,15.655288281224463,15.42477798461914,3.9296875,0.9027989224100641
02094,0.8197098641635739,0.47451489271810965,1,0.2296762466430664,0.4421153664588928,0.4586785137653351,74.27513122558594,3.8946837432194923,9.058121681213379,4.125,0.38548133831309683
02095,0.9243491424533805,0.47011389980848706,1,0.3212811350822449,0.6137112379074097,0.3841035068035126,67.92051696777344,6.204318591389868,11.447291374206543,3.77734375,0.4839566176967724
02096,0.8216849954403984,0.3770430000221764,1,0.34860914945602417,0.5038254857063293,0.514742910861969,72.04922485351562,6.355164258815505,11.233872413635254,3.4140625,0.39787383535209925
02097,0.8625964384946782,0.4392844765535443,1,0.3268486261367798,0.5131542086601257,0.35347333550453186,63.746543884277344,6.054236265918008,9.42404842376709,2.880859375,0.42235025481182226
02098,0.8534126864647766,0.529523473038025,1,0.23393553495407104,0.35668644309043884,0.42273908853530884,71.02084350585938,4.989365293193537,12.677534103393555,3.015625,0.5764955395318216
02099,0.8894719028350935,0.40751514896923996,1,0.29527872800827026,0.5389677286148071,0.27088987827301025,71.04349517822266,5.381108409379182,11.043248176574707,2.97265625,0.35970955207062977
02100,0.9167595764319445,0.5087725019566919,1,0.3343636393547058,0.5529544949531555,0.3385113775730133,71.82392883300781,6.132230496078823,8.361927032470703,3.029296875,0.34438889500911357
02101,0.8682776445720001,0.41123364032961707,1,0.2769327163696289,0.42101219296455383,0.4135980010032654,73.09175872802734,4.859446750029887,11.554547309875488,4.19921875,0.30145708782902103
02102,0.6308261356434656,0.2675076016723679,1,0.2557700276374817,0.4802943468093872,0.3835553824901581,70.00089263916016,4.548253349089396,11.663751602172852,4.02734375,0.21499752703986086
02103,0.7064027513061089,0.3608329359402321,1,0.28329741954803467,0.4570430517196655,0.544430136680603,74.21993255615234,4.866694264668732,9.112970352172852,4.99609375,0.46496724985716165
02104,0.8543613683534189,0.3995332472905359,1,0.2454729676246643,0.532550573348999,0.4235764443874359,73.12349700927734,5.910314821026867,9.740157127380371,4.16015625,0.41672949802067094
02105,0.9052123651482871,0.4098854252581161,1,0.40057045221328735,0.694083571434021,0.37508127093315125,71.57109069824219,5.7034253715295415,9.390356063842773,3.177734375,0.24036359106565247
02106,0.8433281461561516,0.48258588913567413,1,0.19750940799713135,0.30239033699035645,0.5121643543243408,74.0837631225586,4.570810327001647,11.611116409301758,4.88671875,0.4603379019571741
02107,0.8327347476124938,0.4215073375010499,1,0.19499719142913818,0.357891321182251,0.5059630274772644,72.55526733398438,3.697899727061541,14.09976577758789,4.8515625,0.3645433516852184
02108,0.8500510307494482,0.43274455118272903,1,0.18102598190307617,0.33386892080307007,0.37665843963623047,70.35359191894531,4.024756222168108,14.097342491149902,3.85546875,0.38776133069389157
02109,0.8076460837419189,0.511369108126906,1,0.37308990955352783,0.6258441209793091,0.5306822061538696,73.0569839477539,5.474700606835541,11.544761657714844,4.625,0.545484850207294
02110,0.5901983923774362,0.27398612361018376,1,0.3471902012825012,0.5047086477279663,0.5574674606323242,75.9070053100586,5.923939746684513,7.343326091766357,4.96875,0.41979492772458865
02111,0.5461287754655157,0.3122189191249333,1,0.3065792918205261,0.5913504362106323,0.5281369686126709,77.10833740234375,5.207831046122185,10.111764907836914,4.859375,0.533183769171023
02112,0.7240372343498166,0.38031533683707597,1,0.2780303359031677,0.5321345329284668,0.5280880928039551,69.864013671875,5.027245150641223,17.45306396484375,4.00390625,0.6723939062416897
02113,0.909827340196145,0.47327059453191206,1,0.32228344678878784,0.32648399472236633,0.4611170291900635,76.48869323730469,5.213765407010549,11.222951889038086,3.84765625,0.3459828162490911
02114,0.823938074071482,0.5471174260983178,1,0.24922209978103638,0.48395049571990967,0.5155172348022461,61.57281494140625,5.994001634797932,15.605368614196777,4.19921875,0.5288523752186439
02115,0.9096408795136924,0.4187864940340188,1,0.332014799118042,0.5961073637008667,0.40665769577026367,73.22843933105469,5.02426515591103,7.379793643951416,4.90234375,0.3153518846885513
02116,0.6619300908048222,0.30625703715618463,1,0.2789836525917053,0.5418139100074768,0.5563342571258545,71.40784454345703,4.91205638909599,15.30330753326416,4.55859375,0.4345431913736141
02117,0.7602848393965549,0.3253596736096199,1,0.28727954626083374,0.5883151888847351,0.4568310081958771,73.0458984375,6.464064618752556,10.575674057006836,3.49609375,0.38313271079250644
02118,0.8466052277217202,0.5377624569100595,1,0.18828648328781128,0.35686323046684265,0.6479912400245667,74.78778839111328,5.935703239356485,14.234148025512695,4.90625,0.7240681932552385
02119,0.5836237472827606,0.302706355789021,1,0.2765142321586609,0.5046427845954895,0.50863116979599,72.7095947265625,4.735541698766392,13.351200103759766,4.875,0.3846211972786436
02120,0.9458629739921393,0.4367121226894736,1,0.36600446701049805,0.639078676700592,0.5977219939231873,73.82337951660156,7.013234793651829,7.543418884277344,4.984375,0.44438842961990027
02121,0.9393302261367277,0.6765764802338431,1,0.2280329465866089,0.35334697365760803,0.43379753828048706,74.23006439208984,5.5804871498584365,14.2210054397583,3.875,0.6374298912658368
02122,0.8599979151920609,0.4103539046504826,1,0.1821473240852356,0.3891761302947998,0.4708904027938843,75.09698486328125,5.480487822770717,17.141273498535156,4.609375,0.47245709558345034
02123,0.8201104037701163,0.4149548585988864,1,0.22970455884933472,0.48369109630584717,0.3486682176589966,66.98101806640625,3.8296803823690255,9.545550346374512,3.169921875,0.3207718054160287
02124,0.9156732687382351,0.40997136104955495,1,0.31387943029403687,0.6091179847717285,0.47111648321151733,74.8416748046875,9.38302666373378,13.426872253417969,3.68359375,0.19999232025086142
02125,0.7466934229390403,0.3226992686507773,1,0.32270729541778564,0.6046198606491089,0.4413679242134094,72.62288665771484,7.858730159881797,8.607227325439453,2.875,0.2305737801713609
02126,0.7165670471046194,0.40707964601769914,1,0.3544114828109741,0.6487232446670532,0.5279449224472046,73.28679656982422,6.73563637943121,8.183988571166992,4.60546875,0.38230855248860407
02127,0.6572634384350208,0.3236009732360097,1,0.19392555952072144,0.3058151602745056,0.6042277216911316,76.504150390625,4.750300608984069,12.873834609985352,4.9921875,0.5678387983075021
02128,0.8537834546455095,0.49869211735595614,1,0.2118799090385437,0.4040357172489166,0.5543447136878967,74.26581573486328,4.163377588474348,11.441511154174805,4.7890625,0.5361297493898923
02129,0.8495752367544955,0.48756404285048904,1,0.17305564880371094,0.34021031856536865,0.5434830188751221,72.37525177001953,4.183231702673727,15.052587509155273,4.69140625,0.6148313990258012
02130,0.7811817336975544,0.4027859237536657,1,0.1953650712966919,0.39208778738975525,0.3449976146221161,57.51015853881836,6.727037474100267,16.55497169494629,2.806640625,0.6594240696794793
02131,0.8286871120954814,0.3996004863644259,1,0.2722909450531006,0.5742231607437134,0.4341897666454315,74.44340515136719,5.084470502426253,11.124996185302734,4.0859375,0.34053475424222995
02132,0.6385585154515113,0.32844552499620117,1,0.3148688077926636,0.5812232494354248,0.48331546783447266,71.76536560058594,4.338138488156488,10.450763702392578,4.11328125,0.4156730758483458
02133,0.8675050282080959,0.5024657112035753,1,0.2478252649307251,0.48961353302001953,0.526750385761261,72.2881851196289,4.957736011491232,10.327543258666992,4.33984375,0.46165290836252504
02134,0.9131920845214566,0.5081314397103871,1,0.20328903198242188,0.3759307563304901,0.5440821647644043,75.756591796875,4.975067972762057,10.629158973693848,4.86328125,0.5287023988034583
02135,0.7678886996628431,0.39704383282364936,1,0.18762272596359253,0.334726482629776,0.6102463006973267,74.16268920898438,4.991082271382085,13.256424903869629,4.92578125,0.4669236298620195
02136,0.837236215457584,0.5454425797959855,1,0.2003214955329895,0.44404399394989014,0.3977617025375366,71.93894958496094,4.525127142829453,14.449371337890625,3.70703125,0.6483473628497374
02137,0.727703515563638,0.42633658575921296,1,0.20486634969711304,0.41502711176872253,0.5845122337341309,71.8735580444336,5.447072029111864,11.470155715942383,4.60546875,0.5339367671760568
02138,0.8465834735463145,0.47138859184091375,1,0.23138350248336792,0.44821682572364807,0.5658875107765198,73.38571166992188,3.954637370038684,9.461649894714355,4.91796875,0.44227049378696365
02139,0.8459647148176809,0.4253024215208096,1,0.19946259260177612,0.4104180932044983,0.5706497430801392,76.39229583740234,4.834452717438083,12.806364059448242,4.94921875,0.6192158582932857
02140,0.8443007529830119,0.48534351513979845,1,0.20070332288742065,0.39033955335617065,0.5455739498138428,74.93773651123047,5.180024313091323,11.6390380859375,4.8515625,0.5154209675506376
02141,0.6692412297737657,0.3258840169731259,1,0.4295194745063782,0.6534725427627563,0.4676538109779358,72.23633575439453,5.134332809028419,11.16328239440918,4.27734375,0.235525819639339
02142,0.8691455711427284,0.5837315162995844,1,0.20664489269256592,0.2300604283809662,0.6672646999359131,74.97453308105469,5.72765084577914,13.337785720825195,4.91796875,0.685666631058437
02143,0.6874593408657386,0.30530522020064615,1,0.33982986211776733,0.6593710780143738,0.478884220123291,72.76485443115234,5.021943254690044,13.339860916137695,3.962890625,0.28334628651812865
02144,0.7435147229628606,0.3263262912852467,1,0.32383090257644653,0.4600393772125244,0.5795577168464661,74.59127044677734,5.405364371809813,8.542128562927246,4.9453125,0.34390608988273175
02145,0.8829510609770246,0.42153962542312057,1,0.26168179512023926,0.5065798163414001,0.43229788541793823,72.76460266113281,5.816033007393225,12.608301162719727,4.734375,0.2780881786743563
02146,0.8579381373969375,0.3873572067666826,1,0.3772112727165222,0.6942456960678101,0.3207572400569916,70.87767028808594,7.455019406086998,12.007429122924805,3.9375,0.23002303175107333
02147,0.8665303704790539,0.391830204778157,1,0.2161521315574646,0.3854053318500519,0.5103666186332703,74.74616241455078,5.381491148232833,15.45260238647461,4.3828125,0.4720037956192231
02148,0.8096536411864289,0.38887023266970494,1,0.29324012994766235,0.5048360824584961,0.3764573037624359,70.2230453491211,4.809732532362572,10.456672668457031,3.798828125,0.286429300259511
02149,0.8569625532026233,0.4394725961317591,1,0.29132330417633057,0.4905162453651428,0.32156169414520264,69.75233459472656,6.096059090779679,13.96013355255127,2.515625,0.5191437486625676
02150,0.7998741942873442,0.4575086253858725,1,0.2506560683250427,0.5074782967567444,0.5586593151092529,72.92877960205078,5.566717287815629,10.127323150634766,4.921875,0.5858266203155591
02151,0.7133699027485959,0.32104154286640374,1,0.3595585823059082,0.5447285175323486,0.3794455826282501,73.28665924072266,7.207973301308346,13.162343978881836,3.06640625,0.21798827757318
02152,0.8728009285215407,0.4223891385650083,1,0.29859113693237305,0.5404689311981201,0.4405650794506073,67.95992279052734,6.256361585435364,9.986701965332031,3.513671875,0.47463101988290196
02153,0.8992857750490045,0.5101790281329923,1,0.29169756174087524,0.5627697706222534,0.32295939326286316,74.95491027832031,5.210053936932547,10.484273910522461,2.986328125,0.5452401431084702
02154,0.6688583967832344,0.3072850379269969,1,0.3615054488182068,0.7269678711891174,0.30606740713119507,62.0499267578125,8.126857097364924,12.247668266296387,2.70703125,0.5029794094530406
02155,0.8830874146384585,0.425348887582387,1,0.23368752002716064,0.4071207642555237,0.47083166241645813,72.9280776977539,4.51451250466067,10.655537605285645,3.87109375,0.3386509795812228
02156,0.928054560352916,0.4377206981463161,1,0.32349932193756104,0.5282742977142334,0.4224192202091217,71.7982406616211,6.833250552722446,10.846784591674805,3.16796875,0.24260012116573293
02157,0.7860784739125621,0.4034342982988095,1,0.19105231761932373,0.41315364837646484,0.4213452637195587,73.6519546508789,4.173681176095094,13.165844917297363,4.9375,0.5145905201973243
02158,0.8546705159483375,0.40128,1,0.2881554365158081,0.5191400647163391,0.48353493213653564,71.3963394165039,6.171645033716017,12.157106399536133,4.64453125,0.2383092066319686
02159,0.8858904548172872,0.4475954064490246,1,0.3033478260040283,0.5330073237419128,0.3086111843585968,69.08269500732422,5.8250314461774755,9.448519706726074,3.359375,0.2630714441222666
02160,0.07992633517495396,0.03687943262411347,1,0.37477630376815796,0.8323893547058105,0.5164423584938049,63.83539962768555,9.48156614551694,10.031408309936523,2.208984375,0.7345498588319256
02161,0.7423647453905997,0.3785872591919077,1,0.3140637278556824,0.5626118779182434,0.37475964426994324,65.32783508300781,8.542348826536877,10.242179870605469,2.62890625,0.360189043744279
02162,0.8459651758118086,0.4586769608703281,1,0.21312135457992554,0.2860965132713318,0.6131249666213989,73.07781982421875,6.248909438225754,13.799376487731934,4.8203125,0.7857432657566586
02163,0.8571737105915107,0.3893114535979599,1,0.3010038137435913,0.6092748641967773,0.31010156869888306,69.87545776367188,7.237210313510456,12.487667083740234,3.439453125,0.2887091067989824
02164,0.3958475122450489,0.19140447452148882,1,0.2040032148361206,0.2957463562488556,0.47342991828918457,69.0933609008789,5.83444887317335,16.046756744384766,4.4765625,0.4632875112216791
02165,0.6025833526064149,0.2673702058737932,1,0.32108551263809204,0.5611026883125305,0.4549970030784607,72.29706573486328,7.262955742888733,12.180813789367676,4.01953125,0.28233594573062576
02166,0.7993760302973006,0.4334505273731793,1,0.2341429591178894,0.5131311416625977,0.5944035053253174,77.0035629272461,5.350265041805289,13.331459045410156,4.953125,0.5375671175343025
02167,0.8690329712972888,0.3924845365619235,1,0.37659794092178345,0.7021858096122742,0.45480456948280334,70.26853942871094,7.254652779806424,7.190643310546875,3.724609375,0.2772016765906899
02168,0.7448312663308827,0.448291058662227,1,0.21429228782653809,0.3941153883934021,0.3338172733783722,64.03258514404297,3.944853319676598,11.237173080444336,3.048828125,0.4166583149336547
02169,0.3855801139352606,0.15923348363066064,1,0.4409254789352417,0.5618273019790649,0.5098168253898621,72.76915740966797,7.119919841876687,12.320858001708984,3.326171875,0.43851554553739147
02170,0.659860630426849,0.2968228241129489,1,0.36079585552215576,0.59324711561203,0.42948830127716064,69.60262298583984,6.164515041812808,8.729324340820312,3.75390625,0.11258253357016439
02171,0.8048666436242333,0.36308575529242915,1,0.2801971435546875,0.4581952691078186,0.6411725878715515,76.83446502685547,5.077506373969767,10.767162322998047,4.82421875,0.48314689258602733
02172,0.8530215717890791,0.5021251185500017,1,0.25387871265411377,0.40185117721557617,0.37441593408584595,70.9484634399414,4.540370908118933,11.221227645874023,4.2109375,0.4685660022066635
02173,0.878439492146923,0.49442333113020487,1,0.1669566035270691,0.2731908857822418,0.38389986753463745,68.46475982666016,4.935900838646927,15.770391464233398,3.349609375,0.5445957506044533
02174,0.8571617140203314,0.5260537824509165,1,0.1561208963394165,0.34563547372817993,0.5554243922233582,74.58050537109375,5.039032698702553,11.573907852172852,4.890625,0.5723825937862667
02175,0.8712316888542824,0.5426412578476582,1,0.2686852216720581,0.4227418899536133,0.5820391774177551,74.09166717529297,3.8837088609517534,11.639031410217285,4.25390625,0.5718370240336869
02176,0.7735094843779576,0.499710949242687,1,0.2290988564491272,0.521933376789093,0.5335384607315063,68.64480590820312,5.79854616323618,15.616911888122559,4.80859375,0.6722192665078799
02177,0.7654931415181462,0.35365808619861877,1,0.36077988147735596,0.6611934304237366,0.3551431894302368,67.6689682006836,4.92797899482146,15.380718231201172,3.9140625,0.4561781672386763
02178,0.7775879329319394,0.40655773479909435,1,0.2706397771835327,0.559689998626709,0.44803792238235474,70.99529266357422,3.409296805113367,7.770094871520996,2.830078125,0.31870993299089934
02179,0.7680091269828445,0.4104015736698172,1,0.33677417039871216,0.6547503471374512,0.3443829417228699,65.85916137695312,5.6555734307528445,10.022164344787598,4.16015625,0.30618270661686714
02180,0.28353456992137344,0.14257594512875668,1,0.34828537702560425,0.6896081566810608,0.4599589407444,74.90701293945312,4.774185923058931,7.494223594665527,3.830078125,0.2313065275584285
02181,0.8647410870052207,0.44896975539221595,1,0.2623865604400635,0.5736877918243408,0.5108867287635803,70.84568786621094,5.548857901944975,11.70642375946045,3.408203125,0.5944713560852486
02182,0.7915235369056335,0.4189281896648,1,0.31044870615005493,0.48222965002059937,0.48956531286239624,74.13793182373047,4.312380140496715,13.000964164733887,3.904296875,0.5163836500204916
02183,0.7332592657951521,0.3732315941431223,1,0.2718670964241028,0.5084891319274902,0.42827102541923523,74.82734680175781,3.6331856964229043,12.144118309020996,3.896484375,0.3500410211940997
02184,0.7964085693900992,0.5556611106313153,1,0.18466806411743164,0.3328835070133209,0.5215572118759155,73.34779357910156,4.470803896520327,13.296294212341309,4.77734375,0.5873902635086318
02185,0.7865672257103626,0.43262867056480114,1,0.1957947015762329,0.45565932989120483,0.5239263772964478,73.05491638183594,4.017787769670064,12.572779655456543,4.82421875,0.5952405527406995
02186,0.8209644627961072,0.402321083172147,1,0.21546077728271484,0.3266092538833618,0.4205942451953888,75.13151550292969,4.36679585186207,14.55320930480957,4.0703125,0.6784335624797561
02187,0.7768872806802938,0.39041376485047113,1,0.25627899169921875,0.5728268027305603,0.3742792010307312,68.48882293701172,4.022374694988422,10.094579696655273,2.943359375,0.3038242164528329
02188,0.7467513405515114,0.39697542533081287,1,0.31500327587127686,0.5365015864372253,0.3756076395511627,69.41067504882812,6.015058634393938,13.676396369934082,2.158203125,0.5989207191498604
02189,0.9004094732515131,0.4737209597562524,1,0.18694615364074707,0.35176876187324524,0.5663124918937683,73.13937377929688,3.637719425804619,14.765493392944336,4.48828125,0.6367705427544923
02190,0.5807811083857763,0.27816673284708143,1,0.27441883087158203,0.5014837980270386,0.31175440549850464,70.5558853149414,5.880067584939026,12.192747116088867,3.4296875,0.24357739949270404
02191,0.7781871159439686,0.33860078484324235,1,0.3210311532020569,0.5452159643173218,0.5502647161483765,75.30819702148438,5.7821938534635455,11.414641380310059,4.69140625,0.269460764492624
02192,0.8304971196002312,0.4192021873247336,1,0.2601613402366638,0.5206106901168823,0.5494301319122314,76.79048156738281,3.2629903333704817,8.346963882446289,4.703125,0.24054899478639663
02193,0.8009067539420424,0.3578853496084497,1,0.2692016363143921,0.47291311621665955,0.44354209303855896,73.49687957763672,6.073357574056775,13.007344245910645,4.28125,0.34077702040922314
02194,0.7816841310170624,0.3772648963345809,1,0.2848970293998718,0.5151474475860596,0.39920735359191895,72.71570587158203,4.641510991907408,8.868463516235352,3.876953125,0.25219983928316797
02195,0.6993739780700285,0.31795825103597847,1,0.2002958059310913,0.5128939747810364,0.5362449288368225,73.26898193359375,6.237150618191818,16.172399520874023,4.77734375,0.6002760364914533
02196,0.7352224938271261,0.4021816833911409,1,0.2514686584472656,0.4084128141403198,0.4750305116176605,72.90515899658203,3.9291853692377465,9.992372512817383,4.51171875,0.41145722495131903
02197,0.7129774411420523,0.3366472978873476,1,0.2708286643028259,0.4924250841140747,0.4302394986152649,73.30687713623047,3.491852161444229,11.182260513305664,4.5078125,0.3383995755413948
02198,0.8702812691093802,0.4146951588378595,1,0.2354137897491455,0.49065375328063965,0.4725227952003479,75.47260284423828,3.652180739608422,10.45330810546875,4.2734375,0.40741615232805395
02199,0.865169957259018,0.4698149329929802,1,0.161626398563385,0.24011953175067902,0.47035419940948486,76.71932983398438,3.7153580394362042,15.670552253723145,4.9765625,0.6969866144204058
02200,0.6951393729988333,0.34115311373121027,1,0.24475687742233276,0.43498945236206055,0.5407253503799438,75.73312377929688,4.6403923761868535,10.12934684753418,4.9609375,0.5115535096165506
02201,0.8509536389294413,0.3939224459358688,1,0.29900747537612915,0.5682831406593323,0.43468838930130005,72.69355010986328,4.164338879258543,13.587312698364258,4.59375,0.3246553149000221
02202,0.7707641196013288,0.39251617863779076,1,0.2423422932624817,0.5503751039505005,0.44446882605552673,71.29539489746094,3.846895564633321,8.15565299987793,4.91015625,0.3797218066358161
02203,0.7616108058140793,0.3473931423203382,1,0.26653552055358887,0.4688813090324402,0.5471703410148621,76.46321868896484,5.6900805434259585,11.413251876831055,4.27734375,0.35864622495865944
02204,0.756250207865417,0.38457982804844226,1,0.29850834608078003,0.41677138209342957,0.3592555820941925,67.87096405029297,5.036409732398256,12.535981178283691,3.12109375,0.32429218850426395
02205,0.7826250716433227,0.4424120364885677,1,0.2606411576271057,0.427049845457077,0.5717658996582031,74.94058990478516,4.713947699939948,10.038898468017578,4.76171875,0.420983156947553
02206,0.8218677706075733,0.43351023502653524,1,0.22492259740829468,0.5344630479812622,0.5289739370346069,72.8722152709961,4.824996626637548,14.885086059570312,4.9296875,0.4289120545833463
02207,0.8169629597803392,0.398805340829234,1,0.20863139629364014,0.40646398067474365,0.5781219005584717,74.55476379394531,5.63941971341379,15.011242866516113,4.25390625,0.6487305988072143
02208,0.7902167879663372,0.5359223300970873,1,0.23703116178512573,0.5714475512504578,0.43281805515289307,70.61843872070312,3.8408618528934135,7.755804538726807,4.19140625,0.5687184768558933
02209,0.8360756491996972,0.46892547043194827,1,0.27553099393844604,0.4989936947822571,0.5799233317375183,74.98970031738281,6.609211231694393,12.356534004211426,4.4609375,0.5182968459941467
02210,0.7713540783301801,0.3610625655365257,1,0.22477740049362183,0.4632457494735718,0.4702310860157013,71.61243438720703,4.053695086786886,14.720597267150879,4.7734375,0.5188315149741775
02211,0.8184081628877032,0.4768325921675513,1,0.20200300216674805,0.3826426565647125,0.49035385251045227,73.86972045898438,4.100076683511576,14.841302871704102,4.75,0.5387859909745479
02212,0.8425186246307512,0.5893794646699372,1,0.25211799144744873,0.5821526050567627,0.5155755877494812,73.02357482910156,6.119785366087245,10.196784973144531,4.21484375,0.7977145500604266
02213,0.8274442899414783,0.4262504746108191,1,0.22541213035583496,0.4426485002040863,0.39869052171707153,71.28070831298828,3.6097276423356037,9.446414947509766,3.9921875,0.37734404342256744
02214,0.6879338355644629,0.35553005054406606,1,0.20340824127197266,0.44988587498664856,0.5831742882728577,75.86974334716797,4.225374796776786,10.626018524169922,4.72265625,0.44605287951105854
02215,0.6587461509168447,0.3663600525624179,1,0.2577965259552002,0.3860032856464386,0.6361673474311829,75.16902160644531,5.840661035439966,9.65194034576416,4.984375,0.6076380446659412
02216,0.8374437874011083,0.43890720678285444,1,0.23437368869781494,0.4742461144924164,0.5420683026313782,72.88520050048828,6.110924170829645,12.930608749389648,4.2578125,0.5302395157654285
02217,0.7841051115478742,0.4878489052314892,1,0.28174078464508057,0.4339592158794403,0.564906120300293,73.17390441894531,4.320387291949785,10.151501655578613,3.892578125,0.5375203643968136
02218,0.7740064453856405,0.41389064165886985,1,0.2244812250137329,0.4565396010875702,0.5024056434631348,73.89856719970703,4.573351308866115,10.634827613830566,4.4453125,0.4359309107059084
02219,0.8975103592492877,0.6217444783143483,1,0.2811017632484436,0.3811255097389221,0.5735390186309814,75.16605377197266,6.270612126664149,6.814596176147461,4.96875,0.4735604987619152
02220,0.5796871564673893,0.2909693265550922,1,0.2898622751235962,0.45759057998657227,0.3342097997665405,68.58174896240234,4.843565449545257,13.42894458770752,3.7578125,0.33035975192342143
02221,0.8141693062612548,0.48505656554286036,1,0.19285619258880615,0.4539686441421509,0.49825793504714966,74.11127471923828,5.944391675446933,12.32803726196289,4.9765625,0.618797054490165
02222,0.7827451887256281,0.4119153713904775,1,0.30365586280822754,0.6023768186569214,0.4145643711090088,68.56698608398438,4.9244483530270955,9.429300308227539,3.396484375,0.5624296353277649
02223,0.8619254334939892,0.4041430859583556,1,0.26485198736190796,0.5571349859237671,0.4854043424129486,73.61079406738281,6.102672582944393,10.98523998260498,4.97265625,0.45405605046492853
02224,0.7930102971425824,0.3755420096776221,1,0.19023871421813965,0.36038777232170105,0.6121537089347839,77.20657348632812,5.760785813248749,11.625612258911133,4.98046875,0.5407953336318198
02225,0.8388118475337112,0.3699587333930207,1,0.4369015097618103,0.8737766146659851,0.29794278740882874,68.16571044921875,11.298494484086245,12.3494291305542,2.044921875,0.19768405390052537
02226,0.827400469437938,0.4176730887058343,1,0.1828678846359253,0.33031970262527466,0.5234202742576599,73.79590606689453,3.6718312665826813,13.899175643920898,4.9296875,0.4429304596863116
02227,0.7967373327876731,0.4430175769144954,1,0.3160679340362549,0.5612805485725403,0.44765704870224,73.94969177246094,5.1059382241078675,9.729504585266113,4.15234375,0.31124269411373956
02228,0.8190386664345601,0.3951548637305424,1,0.35956788063049316,0.633928120136261,0.3968643248081207,70.58097076416016,6.579082619851052,13.613336563110352,2.435546875,0.5722396966002288
02229,0.747984618487539,0.3924050632911392,1,0.2364928126335144,0.36982667446136475,0.4898490011692047,68.97462463378906,4.840813776445999,13.499646186828613,3.751953125,0.5482087824246793
02230,0.8755421006396373,0.39462039045553143,1,0.3156752586364746,0.6006110310554504,0.4050469994544983,72.97265625,7.4645661954932665,13.00372314453125,3.84765625,0.33239520374012743
02231,0.845247048133797,0.3920355337724001,1,0.2562299370765686,0.3863193988800049,0.351219117641449,68.88431549072266,4.7748794112951805,15.477362632751465,3.5,0.38800077799886357
02232,0.729409743955007,0.4104678463036133,1,0.2377529740333557,0.5233520269393921,0.5484684705734253,72.76570129394531,4.869435852594693,11.869632720947266,4.73828125,0.47496652181368376
02233,0.840155090126359,0.451210678807947,1,0.32778847217559814,0.5533282160758972,0.2955998480319977,71.46798706054688,5.774466418095689,13.058731079101562,3.47265625,0.43289635821050404
02234,0.710124542070915,0.33980971939225724,1,0.4168750047683716,0.5378926396369934,0.2928883135318756,68.1618423461914,5.217877285820582,9.701013565063477,2.63671875,0.25838283656701777
02235,0.8992177125319373,0.42720493700179996,1,0.2624676823616028,0.4298163652420044,0.4351148307323456,69.20543670654297,4.640096697170517,11.902064323425293,3.03515625,0.46587814088236806
02236,0.6756399915055065,0.3093669435691779,1,0.16759264469146729,0.4587940573692322,0.49539464712142944,75.9749526977539,5.707333620711205,12.98520565032959,4.73046875,0.6177779054892186
02237,0.8336627117982145,0.41279697624190065,1,0.2540629506111145,0.49871888756752014,0.4482133984565735,69.93258666992188,4.636859256784385,11.021821975708008,3.86328125,0.46132162695716206
02238,0.9099963418140563,0.4992111187931004,1,0.21090316772460938,0.3146739602088928,0.6067842245101929,75.55326843261719,4.4197439458633445,11.489463806152344,4.8515625,0.5418647300119339
02239,0.8442687127188535,0.43331528090528176,1,0.20073741674423218,0.45137453079223633,0.6009122133255005,74.48062896728516,4.9594104789807885,14.044380187988281,4.94921875,0.561796834721242
02240,0.8261324762568952,0.3645078256753158,1,0.2541101574897766,0.288290411233902,0.4310116469860077,71.28449249267578,5.524236428443877,10.915522575378418,3.732421875,0.5055883957378404
02241,0.8685624057413646,0.4193261284170375,1,0.25565505027770996,0.5099729299545288,0.47492173314094543,72.53976440429688,5.196524262931292,11.905068397521973,3.849609375,0.33950243105055483
02242,0.7557664258312101,0.4510799730771584,1,0.1806994080543518,0.3187779486179352,0.5190905928611755,73.95340728759766,4.525974790772962,15.36251449584961,4.875,0.5875473137003129
02243,0.8428720608414043,0.4909029875797247,1,0.3012641668319702,0.5949282050132751,0.5425164699554443,73.4004135131836,6.017603839573799,13.431366920471191,4.0078125,0.5966859822458616
02244,0.6247185871129605,0.3817224059781943,1,0.33907705545425415,0.6397972106933594,0.5360498428344727,72.30255126953125,5.883751023079225,7.776852130889893,4.671875,0.5049884763742726
02245,0.8107332963851477,0.36574182929696686,1,0.1992703676223755,0.381986528635025,0.4865293502807617,73.13835144042969,5.798256950205289,14.253120422363281,4.8203125,0.46734542162554643
02246,0.8654723198241049,0.4393951234760863,1,0.15678727626800537,0.33675846457481384,0.5905429124832153,77.13231658935547,5.9882423296308955,11.20710277557373,4.98046875,0.5588135568012381
02247,0.8240429577018705,0.3630955248326027,1,0.30638670921325684,0.59283447265625,0.4149176776409149,74.24826049804688,6.04474865747005,12.620079040527344,3.828125,0.30818752726397014
02248,0.8222796413275252,0.37901950898541314,1,0.21678733825683594,0.49480369687080383,0.3457258939743042,75.07681274414062,5.200259941538028,12.343828201293945,4.26171875,0.22153585893438937
02249,0.8224310738661305,0.4114418456352912,1,0.3725372552871704,0.7098987698554993,0.3905239999294281,71.87640380859375,5.745750947400318,7.474769592285156,3.48828125,0.2837988040805308
02250,0.7762725349173771,0.5498967653131452,1,0.26960957050323486,0.5950183868408203,0.4601944088935852,70.08905029296875,4.954191302462825,11.639012336730957,3.841796875,0.6000536431849
02251,0.8050622921419226,0.43158304161804745,1,0.3259502649307251,0.6777674555778503,0.34093648195266724,70.49722290039062,5.831708178080557,8.283899307250977,3.345703125,0.492805720534828
02252,0.5599199278420676,0.30411094601287764,1,0.2701791524887085,0.37398678064346313,0.5351301431655884,72.3666000366211,4.801752442396044,10.613048553466797,4.8984375,0.45881332395391095
02253,0.7855026181579308,0.4323999519288547,1,0.24358034133911133,0.4070667624473572,0.5667593479156494,69.99832153320312,5.3786549044343115,12.213884353637695,4.25,0.7449361361375064
02254,0.47070646630384716,0.21328581610833927,1,0.3227023482322693,0.4585716426372528,0.3516540825366974,68.90656280517578,5.638072068656185,11.190671920776367,2.8671875,0.21410199346066439
02255,0.699913120036602,0.32368499110144355,1,0.25512969493865967,0.48776185512542725,0.5053738355636597,74.02488708496094,5.106091793685184,12.85102367401123,3.591796875,0.28831200495475456
02256,0.7032488194981876,0.3552295094671041,1,0.26706570386886597,0.5784734487533569,0.43425053358078003,72.11256408691406,4.133366655537484,11.79606819152832,3.52734375,0.4542441392480001
02257,0.8320383015593801,0.42551289500737494,1,0.26572251319885254,0.5589258074760437,0.48148253560066223,76.35112762451172,5.460568793476276,11.83237075805664,4.234375,0.5676525568787107
02258,0.8347079115861381,0.3638783726283863,1,0.4358586072921753,0.5612874031066895,0.35235509276390076,72.5260009765625,5.177637878281074,11.815969467163086,2.998046875,0.3093978745842351
02259,0.810314018778359,0.389408463876549,1,0.21565186977386475,0.3526429235935211,0.5845676064491272,74.95246887207031,6.718596362674803,12.897772789001465,4.984375,0.7626147482591233
02260,0.7586342712192521,0.3919282760152108,1,0.2773261070251465,0.5720739364624023,0.40495699644088745,75.418212890625,4.3355627294320245,8.85861873626709,4.64453125,0.4441945674516388
02261,0.8758426372019503,0.418431233296578,1,0.21405184268951416,0.41919389367103577,0.4328945577144623,71.57420349121094,4.7782101098132825,13.123361587524414,4.1171875,0.3157259205675854
02262,0.8451629772375588,0.48717020592020593,1,0.2887387275695801,0.47345206141471863,0.5442473888397217,73.53983306884766,4.71202477532336,10.5577392578125,4.5078125,0.47816851279692657
02263,0.6344084328290628,0.2862497991824494,1,0.21003079414367676,0.4062875807285309,0.4603247344493866,70.79679107666016,4.1172262623960565,14.545494079589844,4.0,0.48683812436520557
02264,0.8943245969610267,0.4459483001219463,1,0.214341938495636,0.4314082860946655,0.5374987721443176,74.85820007324219,5.231465448058413,13.012770652770996,4.68359375,0.4283889038415638
02265,0.679080410979164,0.3174487566330247,1,0.2449365258216858,0.49472469091415405,0.5134207010269165,74.09300231933594,5.896976024186772,9.988526344299316,4.8046875,0.49635144883448545
02266,0.8494067129209023,0.43650531219000244,1,0.2302917242050171,0.36980700492858887,0.552534282207489,75.5252456665039,4.429761040052322,12.247493743896484,4.6484375,0.4642136306692802
02267,0.8338952997110552,0.3976824557836959,1,0.2761616110801697,0.5794820785522461,0.39729374647140503,69.81242370605469,6.434165327096371,13.746658325195312,3.951171875,0.2925540930609225
02268,0.5186766877804122,0.268901766004415,1,0.23402279615402222,0.48776572942733765,0.32848483324050903,68.77925109863281,4.4357455023974195,14.458552360534668,3.466796875,0.4722432876034735
02269,0.8386221195693911,0.5232056339519737,1,0.20497852563858032,0.36192166805267334,0.5875079035758972,74.22691345214844,5.436692066528868,13.155553817749023,4.953125,0.59914520904186
02270,0.3385631813724618,0.15738720794207847,1,0.263782262802124,0.3772544860839844,0.5493964552879333,65.47110748291016,7.5178251920765184,17.679969787597656,4.85546875,0.4201116272733311
02271,0.8643055212458943,0.3996467631275049,1,0.22476351261138916,0.4947863221168518,0.44273969531059265,73.4717025756836,3.524303192066039,12.618813514709473,4.78515625,0.4239770612054737
02272,0.7712637952052274,0.35634768005633954,1,0.26299339532852173,0.48992377519607544,0.47641581296920776,73.02547454833984,5.77388667795953,10.68919563293457,4.2421875,0.4638267418196161
02273,0.5688093347780999,0.27206493381002994,1,0.230596661567688,0.3965892195701599,0.34546905755996704,65.69703674316406,6.04169241756031,17.564647674560547,3.333984375,0.33259434013657624
02274,0.8924844057173702,0.4343139913232104,1,0.3642590641975403,0.5602431297302246,0.5214889049530029,74.51644897460938,5.194829257463534,3.672443389892578,3.39453125,0.08617872529874795
02275,0.8855487642144334,0.5314984581174348,1,0.18803942203521729,0.3867887854576111,0.5799086689949036,73.70674896240234,4.727455862301514,10.660436630249023,4.22265625,0.5153872277295128
02276,0.7850503415164727,0.3972265781139501,1,0.22678542137145996,0.4166882336139679,0.5643563866615295,74.76725769042969,4.979232036511504,12.14871597290039,4.93359375,0.40086747716760224
02277,0.5254072263120346,0.23077138457230856,1,0.27986931800842285,0.6189008951187134,0.5645719170570374,69.73888397216797,6.343776432767788,14.030961990356445,3.86328125,0.5340550598015634
02278,0.742053580141152,0.37955647955647953,1,0.3423449397087097,0.7083854675292969,0.3564814031124115,69.97091674804688,7.304183404656115,12.984208106994629,2.6875,0.34428752880878283
02279,0.8441354546062216,0.40148842603779056,1,0.27259641885757446,0.5529517531394958,0.3773532807826996,70.69137573242188,4.943330952247188,10.677996635437012,4.34375,0.4598722002079082
02280,0.8094487086061729,0.41274321296900635,1,0.33257371187210083,0.5317388772964478,0.5138900279998779,73.98588562011719,4.548372336151103,7.100306034088135,4.69140625,0.2024539927255625
02281,0.9201013809490305,0.7016484731781574,1,0.22014230489730835,0.38378164172172546,0.6288789510726929,73.06129455566406,4.904476978076389,10.814886093139648,4.234375,0.5469250294420285
02282,0.7967104497659682,0.4592833876221498,1,0.23146748542785645,0.4645484983921051,0.4949077069759369,70.25640869140625,6.9623817802784425,12.487088203430176,3.9609375,0.6005557496459523
02283,0.8007753370681059,0.3949126477928757,1,0.26201146841049194,0.43217217922210693,0.5079483985900879,71.5534439086914,4.348916510979013,12.705255508422852,3.373046875,0.3321594797726524
02284,0.8166785999824078,0.4352167788386289,1,0.2688785195350647,0.4978456497192383,0.39212360978126526,68.5509033203125,3.9825719179429178,10.662023544311523,3.615234375,0.3780790991950007
02285,0.8193043045328672,0.36831846465252266,1,0.2609299421310425,0.4999435842037201,0.5014829635620117,75.01184844970703,5.974204115094887,15.401689529418945,4.1328125,0.61588613837182
02286,0.8406081175778012,0.5455410843321362,1,0.18279099464416504,0.26700279116630554,0.6473671793937683,74.71443939208984,5.444967508105331,14.726914405822754,4.93359375,0.6014113841145944
02287,0.7310060733132979,0.36114285714285715,1,0.2753584384918213,0.4948185086250305,0.5921115279197693,71.93547821044922,5.338117664138338,12.055912017822266,4.19921875,0.5535932972387465
02288,0.838490702034405,0.4691340998810529,1,0.2553899884223938,0.4555254578590393,0.5785011649131775,75.32416534423828,3.817070246274913,9.915684700012207,4.2265625,0.3772913444208755
02289,0.6196551267060517,0.2832431047185828,1,0.255925714969635,0.4867474436759949,0.6030060052871704,76.0429458618164,5.986027906715917,10.763957977294922,4.9921875,0.5556702716210403
02290,0.8494423469240179,0.42346705216239006,1,0.18656599521636963,0.234083890914917,0.5650666952133179,74.32909393310547,4.442756273919329,13.511848449707031,4.78515625,0.6385684330941492
02291,0.8941643220353596,0.44022625804749854,1,0.2451912760734558,0.43381044268608093,0.3879154920578003,70.94530487060547,4.70657219535526,13.034811973571777,3.275390625,0.3696136881592596
02292,0.7191378292986063,0.37763638505950275,1,0.22522568702697754,0.44399628043174744,0.5063769817352295,72.86603546142578,4.296626447238614,12.920021057128906,4.58203125,0.49312995313826796
02293,0.8609291547907927,0.41965843469713726,1,0.2550410032272339,0.4426022171974182,0.4350024163722992,74.12273406982422,4.721525027039162,10.819080352783203,4.2890625,0.6700624213134454
02294,0.8459516666134435,0.4359312083693975,1,0.2813739776611328,0.3633972406387329,0.6135367751121521,73.9776840209961,7.091459175898505,11.523908615112305,4.671875,0.7292441459802633
02295,0.8779473020851097,0.4692328246074533,1,0.19207262992858887,0.364449679851532,0.5115940570831299,73.84410095214844,4.081383690055642,12.651710510253906,4.71484375,0.4015853068094601
02296,0.8538284832930825,0.3857330303709156,1,0.3672259449958801,0.5932814478874207,0.3483717441558838,73.1246337890625,5.679360673156433,5.575504302978516,3.283203125,0.25172251011957186
02297,0.7565723743282705,0.3424486851596826,1,0.2557516098022461,0.5316628217697144,0.6517074108123779,75.13417053222656,5.833486478208297,5.1650261878967285,4.921875,0.33042284047414505
02298,0.7204306424773882,0.3856877521829167,1,0.2907752990722656,0.5274044275283813,0.3354130983352661,63.31376647949219,3.967853253826491,7.852583885192871,3.26171875,0.348845939306271
02299,0.6297107965576697,0.35723570190641246,1,0.25341367721557617,0.5158126950263977,0.43982619047164917,66.67142486572266,4.885342997106755,15.271286964416504,3.908203125,0.6250829780570389
02300,0.7081346372088352,0.3445170292382825,1,0.32278895378112793,0.6394155025482178,0.5325189232826233,75.07929992675781,3.8862705476929973,9.085196495056152,4.90625,0.35395895302925773
02301,0.8237736625165477,0.5022089864842753,1,0.20367658138275146,0.4600583612918854,0.544657289981842,76.85950469970703,5.697004371518024,11.537031173706055,4.09765625,0.6227952460349835
02302,0.6676925864306626,0.37037037037037035,1,0.2750781178474426,0.5243208408355713,0.5522658228874207,74.0427474975586,4.837260226356184,8.692928314208984,4.421875,0.48232341583281957
02303,0.8617793995791051,0.4323521151006134,1,0.24167537689208984,0.45093971490859985,0.44791996479034424,73.37032318115234,4.202928248736914,8.514203071594238,4.0390625,0.2638789579414991
02304,0.8359658920274131,0.396856407068644,1,0.2273985743522644,0.5546424388885498,0.5950192809104919,77.44132995605469,5.158968662833093,11.645217895507812,4.78125,0.44287738793925896
02305,0.8491420587270633,0.43831295272217463,1,0.21029013395309448,0.4656614363193512,0.21919606626033783,69.93531799316406,5.7435747761836735,12.998394966125488,2.830078125,0.434510400379561
02306,0.9355402494572224,0.41688485172321665,1,0.2996792197227478,0.5101339221000671,0.4971698522567749,75.82516479492188,6.577901686362947,11.966741561889648,4.109375,0.5376787518899684
02307,0.7782491492423109,0.40607866946314897,1,0.1827741265296936,0.32449787855148315,0.46249157190322876,69.76775360107422,3.5610508680767015,11.775886535644531,4.03125,0.43521665900386686
02308,0.8049231125603948,0.5013873473917869,1,0.3135896921157837,0.5883222222328186,0.5262472629547119,75.81856536865234,5.808635280062401,4.808472633361816,4.9609375,0.34983187597005655
02309,0.7064676470900446,0.3976193850077937,1,0.23216700553894043,0.416601300239563,0.5920777320861816,75.6734390258789,4.997427511329804,12.208155632019043,4.6875,0.49810865446005065
02310,0.8906005743556429,0.41507264064590327,1,0.37980490922927856,0.6274970769882202,0.46809184551239014,73.4826431274414,6.381067405536875,7.8570966720581055,2.912109375,0.2247869404347084
02311,0.8471367715838621,0.5149784943531956,1,0.2439955472946167,0.381311297416687,0.46027931571006775,72.82408142089844,4.287322067099635,11.600470542907715,3.89453125,0.462885857683038
02312,0.8954922836769393,0.41591573806638543,1,0.36989808082580566,0.5205819606781006,0.3578459918498993,73.43053436279297,5.301651174059209,10.470385551452637,3.18359375,0.20919333444672292
02313,0.727642874627964,0.40946249005281055,1,0.19685429334640503,0.45039358735084534,0.48566514253616333,73.90501403808594,5.828682770346231,13.330679893493652,4.9453125,0.662357342285518
02314,0.6263556718122938,0.32580767326011595,1,0.23224657773971558,0.45400869846343994,0.25595951080322266,66.32835388183594,5.997355756454696,14.501952171325684,3.16796875,0.3938435819264155
02315,0.8562078498431652,0.43946782822783015,1,0.16312283277511597,0.13008439540863037,0.4417925179004669,73.0242691040039,4.385022942924933,19.587499618530273,4.30078125,0.8205723737087385
02316,0.7712917636279036,0.3663267149496642,1,0.29177385568618774,0.702929675579071,0.3919086754322052,68.5650405883789,7.228005535380275,10.363497734069824,3.021484375,0.33356687693968745
02317,0.7699781914443253,0.3800526841674993,1,0.23564565181732178,0.5033541917800903,0.49641335010528564,76.29450988769531,5.096503097644537,11.861882209777832,4.91015625,0.4558729324941142
02318,0.7805502430072987,0.41829691355817034,1,0.21413570642471313,0.45931774377822876,0.38496527075767517,70.17619323730469,3.693384732417168,12.110705375671387,4.01171875,0.42878452360364455
02319,0.7454936112230934,0.3282848771692585,1,0.31628161668777466,0.5181950330734253,0.4341634213924408,74.91866302490234,4.255928611001875,10.716276168823242,3.82421875,0.20269362213750983
02320,0.8139551099442748,0.44056078356059153,1,0.197207510471344,0.45527955889701843,0.4937363564968109,72.08137512207031,3.6118515242071934,13.098469734191895,4.578125,0.5038756445417395
02321,0.8432483750354995,0.4389510103795818,1,0.21925479173660278,0.3538866639137268,0.5152657628059387,72.88317108154297,3.3031255440205287,11.157218933105469,4.89453125,0.3427527202193211
02322,0.7738132788699306,0.3356577994850132,1,0.2788335680961609,0.5425487756729126,0.4112073481082916,73.23575592041016,6.26337997495613,13.393879890441895,4.1953125,0.2827362602823719
02323,0.7753957611848507,0.41431048782326774,1,0.2197285294532776,0.4611227810382843,0.4088425934314728,66.90154266357422,3.762887964506576,13.957990646362305,4.2109375,0.5722921451387006
02324,0.9198242470878428,0.4486706632867595,1,0.2097356915473938,0.4145848751068115,0.4790341854095459,74.4937515258789,3.729664708002,11.806015968322754,4.61328125,0.4228448455463989
02325,0.3853421753593357,0.1752998804335249,1,0.32555609941482544,0.5946353673934937,0.3118913769721985,64.24600982666016,7.3014681116898075,9.713603019714355,3.05859375,0.23663102088492732
02326,0.8025393644099849,0.3541397018913615,1,0.26575958728790283,0.5852341651916504,0.41769108176231384,71.21632385253906,6.983994966684063,12.366851806640625,3.83203125,0.35704626917794385
02327,0.8031739613868392,0.4768134171907757,1,0.30610740184783936,0.7752659320831299,0.5252333879470825,76.39019012451172,6.54959934888654,13.8094482421875,4.6328125,0.4474775370302663
02328,0.8167109613816506,0.372460722505754,1,0.3002486228942871,0.6458594799041748,0.5530725121498108,77.70789337158203,5.712207224742391,7.450325965881348,4.58203125,0.5198756784948921
02329,0.4940855033782662,0.24409328794268584,1,0.3909503221511841,0.7172642946243286,0.42512959241867065,70.18634033203125,5.214424114149978,11.457648277282715,4.0234375,0.37385001590891487
02330,0.7662362599654116,0.5204662004662005,1,0.23474591970443726,0.4531291723251343,0.5691349506378174,75.09310913085938,6.899884422618598,14.652156829833984,4.16796875,0.7469019353624765
02331,0.7859994529678813,0.409028619617351,1,0.2664327621459961,0.5077651739120483,0.4531559944152832,72.60421752929688,3.6031471764754204,8.169967651367188,4.80859375,0.24044512746362165
02332,0.7198750235349866,0.34194083764522115,1,0.24732756614685059,0.4481185972690582,0.43913906812667847,73.04862213134766,5.7741645478611625,13.916427612304688,3.69140625,0.5114423569908255
02333,0.623501476514547,0.37022622233033325,1,0.23697137832641602,0.3659783601760864,0.6158768534660339,73.91332244873047,6.032367979548002,15.052818298339844,4.9453125,0.6797336473775013
02334,0.800834051506633,0.4764559542007613,1,0.24252158403396606,0.4199404716491699,0.5780928730964661,74.85088348388672,4.918177162172969,9.973114013671875,4.98046875,0.41801482212762264
02335,0.5211569387103903,0.2687293585955154,1,0.23428624868392944,0.466609388589859,0.6040675640106201,73.4624252319336,5.211722382646128,9.939531326293945,4.7265625,0.40303677375886693
02336,0.8935859773991635,0.5595599942104501,1,0.2277289628982544,0.35195398330688477,0.6566529870033264,71.87572479248047,6.674576424919422,12.787540435791016,4.90234375,0.6533767497593803
02337,0.888425564739801,0.49710605098430555,1,0.19304531812667847,0.3056086599826813,0.5107901096343994,70.0576400756836,4.872730574432399,11.543374061584473,3.787109375,0.4981054799549529
02338,0.8491113678401427,0.4543160999844745,1,0.20395809412002563,0.36843663454055786,0.46703556180000305,75.29362487792969,5.129294329253759,11.835844039916992,4.84375,0.5457243818931397
02339,0.7857225045137443,0.38986775009327973,1,0.317253053188324,0.5832269191741943,0.4045901298522949,65.90708923339844,5.096396650439772,13.548307418823242,4.0,0.4204961921365367
02340,0.7521386489278048,0.36394145613871537,1,0.29207146167755127,0.4610755145549774,0.5196568369865417,73.46387481689453,7.162309839798717,14.417418479919434,4.21875,0.6786939853490712
02341,0.8186416508790156,0.4607313444522747,1,0.3141588568687439,0.65227872133255,0.3713407516479492,66.35823822021484,5.548368857326402,6.806857585906982,3.65625,0.43954161836251043
02342,0.8789516256525387,0.409485387249613,1,0.2617873549461365,0.4532407224178314,0.49601566791534424,74.30815124511719,6.207916743905325,12.567691802978516,4.1484375,0.3507887985604867
02343,0.9335052387690345,0.5236468968476764,1,0.12918519973754883,0.23406046628952026,0.5782076120376587,71.69509887695312,5.6467872488642055,12.289538383483887,3.978515625,0.5820845175105263
02344,0.9545375680000251,0.6940546057667772,1,0.16292977333068848,0.22075150907039642,0.5741998553276062,76.1994400024414,6.837592088531533,12.436134338378906,4.41796875,0.8152727140511697
02345,0.8780811263143781,0.4726242577224109,1,0.2206302285194397,0.41880661249160767,0.38287410140037537,71.613525390625,3.3254706505371368,13.298986434936523,3.83203125,0.3969211738192821
02346,0.9027968315394372,0.4349594032609413,1,0.2972615957260132,0.5025041103363037,0.3892923593521118,72.03894805908203,5.046470409151378,9.736963272094727,2.05078125,0.34938499334760215
02347,0.8274816422599871,0.44210108569322787,1,0.229894757270813,0.42936915159225464,0.5568873882293701,74.2156982421875,5.110203210146205,12.231742858886719,4.796875,0.511727164130225
02348,0.7947605271072655,0.3957637311238808,1,0.30882179737091064,0.6124904751777649,0.41018208861351013,76.86297607421875,6.204288084352634,10.842637062072754,3.958984375,0.306473111229946
02349,0.8988296870238383,0.41733865419017474,1,0.1805964708328247,0.31313633918762207,0.5529791712760925,74.88731384277344,5.755222440788448,15.888004302978516,4.8359375,0.6856430431662062
02350,0.8993519666906838,0.40602738778615394,1,0.2552327513694763,0.5219500660896301,0.3795246481895447,74.72943878173828,6.685111715412837,12.952147483825684,3.947265625,0.2741715753313288
02351,0.8711738056768684,0.5190713101160862,1,0.26268625259399414,0.4355020523071289,0.5732172131538391,72.86395263671875,4.820619800293939,11.067106246948242,3.681640625,0.3450547676755067
02352,0.6344241262719578,0.37646206771682056,1,0.3101469874382019,0.48583918809890747,0.34855806827545166,69.48017120361328,5.630757817212709,12.528615951538086,2.58203125,0.4663492963343765
02353,0.7780245735368314,0.41435106743476785,1,0.1760215163230896,0.337754487991333,0.4288964569568634,71.56876373291016,3.7166426002579924,14.362707138061523,4.484375,0.4220577156874512
02354,0.7178582426116806,0.3379949752095516,1,0.21421539783477783,0.45801448822021484,0.49302345514297485,74.99464416503906,3.2931837561992783,10.25234603881836,4.953125,0.4189792316041496
02355,0.7523283774969719,0.369225261582022,1,0.277774453163147,0.5861321687698364,0.44643065333366394,75.30340576171875,3.812201664203461,8.816247940063477,4.5703125,0.30960009998288
02356,0.9297613937257548,0.5728571068738822,1,0.20087897777557373,0.28736066818237305,0.459960013628006,73.37013244628906,3.580283501158276,13.555699348449707,4.30859375,0.5167279864048833
02357,0.7855912632264144,0.4656610653411534,1,0.1626644730567932,0.3156249523162842,0.6207071542739868,75.374755859375,3.55307507071344,12.640634536743164,4.99609375,0.537550315520097
02358,0.8314474566466389,0.37991508214879083,1,0.3326042890548706,0.5134696364402771,0.5499746799468994,70.01004791259766,8.041891255525105,13.585128784179688,3.4453125,0.8590731919927106
02359,0.8866972620953367,0.40526887561108094,1,0.3158041834831238,0.5159734487533569,0.4681524336338043,74.90115356445312,3.892722562521891,13.09425163269043,4.69921875,0.512764749171999
02360,0.7857428979005777,0.38247163272088497,1,0.3596874475479126,0.6130235195159912,0.4839213490486145,71.58906555175781,3.893386781964343,9.020441055297852,3.927734375,0.19870962431715772
02361,0.8830427632957799,0.42705371838994466,1,0.3145062327384949,0.6177840828895569,0.35763511061668396,55.45759582519531,5.887727810281266,11.983208656311035,3.697265625,0.6302875827228525
02362,0.8761773551789623,0.7254615244013891,1,0.6416343450546265,0.8279860615730286,0.5808597803115845,67.62316131591797,3.8238578251286954,1.9692236185073853,4.07421875,0.25678221805981155
02363,0.791126724532954,0.3923552874519034,1,0.39563387632369995,0.5205801725387573,0.25949302315711975,66.49588012695312,7.4077649576400955,10.62848949432373,2.49609375,0.2768785443886155
02364,0.8141733867308646,0.5086080645686204,1,0.2366175651550293,0.4167972505092621,0.629284143447876,76.87614440917969,5.400326265398775,11.177778244018555,4.921875,0.5287342128569945
02365,0.6502021842750584,0.3037245735162079,1,0.27424848079681396,0.6235662698745728,0.5355093479156494,70.83228302001953,5.724695469950797,12.0606689453125,3.935546875,0.3994864979819619
02366,0.8883696986627689,0.42204230869678766,1,0.27235954999923706,0.67432701587677,0.3507826030254364,73.64171600341797,9.250726632173354,9.653268814086914,4.0,0.3083068772205567
02367,0.8770748208157817,0.44298722127373374,1,0.3164188861846924,0.6236148476600647,0.34986767172813416,71.28529357910156,3.605602715741257,9.929340362548828,3.0234375,0.2206277912339234
02368,0.6038006116279672,0.28449183780937337,1,0.3532453775405884,0.7012307643890381,0.5050014853477478,68.50633239746094,5.934363443932269,11.56235122680664,4.234375,0.5651172620986278
02369,0.8469930551573204,0.4266622794806247,1,0.19752967357635498,0.4765971302986145,0.48362112045288086,72.3323974609375,4.5097149464487005,13.520870208740234,4.421875,0.36302218979628786
02370,0.8456157750391238,0.49846994535519124,1,0.2235155701637268,0.43604791164398193,0.5117717981338501,76.26812744140625,5.869307202525237,13.023401260375977,4.4609375,0.6114562425811707
02371,0.6904938597721725,0.2838002208125152,1,0.1893135905265808,0.43894141912460327,0.5962210893630981,76.14026641845703,5.391094501174252,12.356034278869629,4.9765625,0.37707025743421435
02372,0.6675651914252577,0.4121326174793823,1,0.19350534677505493,0.3129563629627228,0.6096728444099426,73.6183090209961,4.996351884405673,14.950138092041016,4.96875,0.6600585610352886
02373,0.8351696652459981,0.38490069956335976,1,0.3679826259613037,0.5791357755661011,0.4133623242378235,66.63803100585938,6.333253901772865,11.173323631286621,2.931640625,0.24649538321010175
02374,0.7733302148341065,0.3361587056310503,1,0.4776419997215271,0.7485219240188599,0.3290630578994751,66.9320297241211,8.909824600516034,12.27917766571045,2.392578125,0.18290558934547727
02375,0.7124623229049327,0.31422831481919167,1,0.3339376449584961,0.4785093367099762,0.4972492456436157,70.36096954345703,6.778107914424203,18.36466407775879,2.951171875,0.5438027317789015
02376,0.8844273804213953,0.46070875763747454,1,0.3382014036178589,0.3642047047615051,0.4374982416629791,73.85688018798828,5.609133854208488,10.185287475585938,3.01953125,0.5423751770726282
02377,0.8425014979425058,0.42267280305661686,1,0.23814678192138672,0.5172621011734009,0.5146505832672119,73.26175689697266,4.386546001651901,8.380156517028809,4.86328125,0.3760739141871318
02378,0.8754885480606696,0.5283618645613487,1,0.2448335886001587,0.29349085688591003,0.44818544387817383,76.49806213378906,7.137019752371628,14.187183380126953,4.26953125,0.7519983295517843
02379,0.8168968006652716,0.39330597589125416,1,0.3222076892852783,0.630645215511322,0.39665669202804565,68.81532287597656,5.335384014929174,5.208950519561768,2.955078125,0.4187648456409569
02380,0.8234770965312092,0.3915267066260254,1,0.3018842339515686,0.5069072842597961,0.4495563507080078,70.28662872314453,4.921562022696076,10.76641845703125,2.98828125,0.24899372124726352
02381,0.7735583637051615,0.4007206141353303,1,0.29087990522384644,0.4586474895477295,0.39446595311164856,74.84529113769531,3.460731798001615,6.99929666519165,4.05859375,0.2585806134788269
02382,0.8269330271249965,0.41039857980107486,1,0.2697552442550659,0.5304327607154846,0.5322943329811096,77.71226501464844,3.6549529508169343,11.472187995910645,4.93359375,0.2181930133539957
02383,0.8243868791793632,0.37498672573084335,1,0.29203635454177856,0.4947836399078369,0.5690704584121704,73.45799255371094,5.772492028173176,12.429057121276855,4.16796875,0.3620318968105756
02384,0.8232574182139515,0.4324245232405014,1,0.20844358205795288,0.37473639845848083,0.40460214018821716,69.35919952392578,4.177583874265334,9.420660972595215,3.990234375,0.34773851240220277
02385,0.7903307128483408,0.4608923052539821,1,0.23479652404785156,0.38022077083587646,0.5692726373672485,73.68356323242188,4.453199106710214,12.308460235595703,4.87109375,0.6051243743199631
02386,0.7094047172002045,0.40797003433565704,1,0.29176002740859985,0.46940603852272034,0.4456571936607361,72.24977111816406,5.890122069106475,12.221332550048828,4.08984375,0.49191287668002404
02387,0.7933161924576796,0.3722887665911298,1,0.22749251127243042,0.4647681415081024,0.4882240295410156,73.86157989501953,3.996982283241344,13.497581481933594,4.63671875,0.4370495434444457
02388,0.830805731883986,0.3959121505429175,1,0.2520983815193176,0.49056142568588257,0.4868358075618744,73.71112823486328,5.220664673838825,12.606658935546875,3.33203125,0.47319386825486465
02389,0.8304354194071779,0.436908077994429,1,0.257340669631958,0.49151378870010376,0.38608497381210327,70.89751434326172,4.3935604692110335,13.401960372924805,4.125,0.3339778038828482
02390,0.8064217015765563,0.4552273251788599,1,0.31727921962738037,0.6029830574989319,0.43351590633392334,75.38111114501953,4.058203583844864,10.185431480407715,3.859375,0.4568042048784988
02391,0.7745843963097552,0.39810666562780006,1,0.32395070791244507,0.6156923770904541,0.3300013840198517,68.40606689453125,4.343452003890202,12.829428672790527,3.8671875,0.42786484652542217
02392,0.8290625236484889,0.4467527103768715,1,0.22442001104354858,0.4374025762081146,0.5419415235519409,71.34273529052734,3.4261873186927323,8.974550247192383,4.91015625,0.37856783009162237
02393,0.7855723658932264,0.4584600982915984,1,0.19853472709655762,0.4273242950439453,0.5473256707191467,72.42619323730469,3.54599808011077,12.404284477233887,4.9296875,0.5282376933513239
02394,0.7898340390164985,0.37326783033731564,1,0.2505127191543579,0.49952203035354614,0.30775129795074463,73.92559051513672,3.467469505836792,11.983051300048828,3.287109375,0.3164044324383488
02395,0.7815994923306077,0.5223479762133129,1,0.35849398374557495,0.6296993494033813,0.34997811913490295,65.68897247314453,5.745422406541572,12.195165634155273,2.845703125,0.502217615467211
02396,0.8281398147798765,0.41765789914558554,1,0.23065811395645142,0.5670287609100342,0.6079112887382507,74.4040756225586,4.56282693412432,9.545565605163574,4.5390625,0.4163458855192013
02397,0.8321839734121653,0.591991470204952,1,0.20141029357910156,0.38415107131004333,0.5486283302307129,75.06989288330078,5.079154181077678,15.583894729614258,4.0625,0.713952121846919
02398,0.8818284444836477,0.39199867609945804,1,0.332105815410614,0.6308246850967407,0.4798508584499359,73.26394653320312,6.92378270346392,8.122626304626465,4.05859375,0.3871421287259229
02399,0.8099641660887067,0.45752125818346,1,0.18804627656936646,0.3174488842487335,0.37729334831237793,68.28914642333984,3.5298190681685626,12.868974685668945,3.720703125,0.5354719081798858
02400,0.8026484683187788,0.4607995940411033,1,0.23409652709960938,0.42273277044296265,0.5263465046882629,74.19073486328125,4.101847476938712,10.65189266204834,4.0546875,0.3634802399260554
02401,0.6937393403915819,0.3055916019445682,1,0.4090763330459595,0.7543999552726746,0.33239084482192993,69.77741241455078,10.483856100424786,12.46084976196289,1.9541015625,0.29484126688307477
02402,0.6684070280574553,0.3380076488799854,1,0.17243146896362305,0.27134615182876587,0.5379290580749512,75.0595474243164,5.466073634240445,16.04762840270996,4.95703125,0.6703894303213996
02403,0.7447367231078698,0.3677848878546959,1,0.3175067901611328,0.6747075319290161,0.463701456785202,70.98460388183594,5.395444321486809,9.736526489257812,3.46875,0.3700433764140173
02404,0.44003890893743675,0.23914777258744446,1,0.4162842631340027,0.8609527349472046,0.3575873076915741,63.36995315551758,5.9063248010340725,7.337341785430908,1.4892578125,0.49294333495023357
02405,0.6980115777189074,0.30007059911872824,1,0.2880244255065918,0.4839344918727875,0.47201892733573914,73.62645721435547,4.617796823084223,12.24252700805664,4.06640625,0.1928436944190972
02406,0.7512791049950723,0.3897235826346808,1,0.22906494140625,0.5595802664756775,0.5292578339576721,72.91128540039062,4.885045707963173,8.977700233459473,4.875,0.38403629162934316
02407,0.9185752017788475,0.4084661492435615,1,0.29847604036331177,0.5390105247497559,0.44937434792518616,75.14158630371094,5.843331168285579,8.453274726867676,4.3515625,0.25453085679422877
02408,0.786566704726472,0.38049015475401937,1,0.20514941215515137,0.40525707602500916,0.4407672584056854,70.46165466308594,3.4257854794944107,10.453372955322266,4.08984375,0.3125372070658707
02409,0.7142533261731393,0.3763259931231253,1,0.2503013014793396,0.5529009103775024,0.521168053150177,70.35794830322266,7.020601268293726,14.413923263549805,4.25,0.5430520595427684
02410,0.8186684064916752,0.41508625308046715,1,0.31362950801849365,0.6235615015029907,0.4626960754394531,73.13052368164062,4.923698978702895,4.811366081237793,4.38671875,0.2378095639612726
02411,0.826177630974871,0.4588633288227334,1,0.21857380867004395,0.4794567823410034,0.4233255088329315,72.0268325805664,4.862542316564196,10.0242280960083,4.87109375,0.5647102409773552
02412,0.697320145743035,0.3656047398951515,1,0.26161885261535645,0.47708675265312195,0.4715321958065033,68.90086364746094,4.845039672255541,12.931452751159668,4.07421875,0.4692662005227146
02413,0.8066402765394244,0.5123595505617977,1,0.25418996810913086,0.31934601068496704,0.4224877655506134,67.81024169921875,5.424170663970069,18.544130325317383,4.05078125,0.5925546403561498
02414,0.849203177664342,0.3820966464219699,1,0.30982720851898193,0.5752072930335999,0.42103496193885803,71.9673843383789,6.924412032232645,12.412328720092773,3.494140625,0.4061192512360043
02415,0.8327922006744942,0.37995760655821437,1,0.2481713891029358,0.44411784410476685,0.47513341903686523,72.18462371826172,5.585356411019953,16.647541046142578,4.2578125,0.5209502583801956
02416,0.8198792733078005,0.42308745413723237,1,0.18409550189971924,0.5222768783569336,0.49842771887779236,66.6859130859375,4.438178909786243,13.889180183410645,4.1484375,0.5807112753464475
02417,0.8143590149470177,0.46762442278091326,1,0.2717939615249634,0.35056284070014954,0.5727289915084839,74.22078704833984,4.16753469654957,12.720895767211914,4.4609375,0.3448100421446322
02418,0.8408540910749166,0.44620905550889517,1,0.25707948207855225,0.45166656374931335,0.5716808438301086,73.43700408935547,4.339884326309677,10.730267524719238,4.57421875,0.22656138385934546
02419,0.2955892889941282,0.14919689498608601,1,0.2756637930870056,0.5189361572265625,0.5115296244621277,75.87551879882812,4.036226061205591,12.05222225189209,4.90625,0.39752620647958925
02420,0.7784766632996267,0.3627211573903428,1,0.3073645234107971,0.5187235474586487,0.40467485785484314,72.14187622070312,4.390559294990261,8.677760124206543,4.203125,0.21747826948771506
02421,0.7631316558756684,0.4435405998536942,1,0.27165353298187256,0.5115177631378174,0.4892388880252838,70.66526794433594,3.514057701410188,9.594717979431152,4.4921875,0.28717427528640904
02422,0.6741566568270287,0.30897817970061314,1,0.34810376167297363,0.725918710231781,0.4462730288505554,70.97899627685547,6.227314500887953,9.571417808532715,3.8359375,0.35633637983250593
02423,0.7621100737875033,0.3544480130015865,1,0.1825428605079651,0.4316706955432892,0.37275734543800354,74.6843490600586,5.125540436812701,15.34641170501709,3.052734375,0.40214616997250785
02424,0.8574021369559116,0.5247401616771786,1,0.22744697332382202,0.4777902066707611,0.6193313598632812,71.01627349853516,4.985232070789252,11.969481468200684,4.6875,0.5673920373279421
02425,0.8363657569687788,0.39655482999324476,1,0.23335623741149902,0.4493268132209778,0.5256603956222534,74.40643310546875,5.409995661232509,13.33320140838623,4.69921875,0.3050953868051631
02426,0.8582378554882093,0.39137316183836196,1,0.25794684886932373,0.5550984740257263,0.37470266222953796,72.21431732177734,5.05829300249644,11.863773345947266,3.37109375,0.2602117974977686
02427,0.7532634076149323,0.49707653372894667,1,0.25444430112838745,0.5840977430343628,0.5600374341011047,69.69612121582031,5.852677865191958,8.825498580932617,4.6015625,0.5061336804199086
02428,0.5055146390169799,0.26039335767283006,1,0.2836047410964966,0.5848648548126221,0.49379560351371765,72.81597900390625,4.835662897834604,9.56670093536377,4.62890625,0.4556888598403301
02429,0.736965966368994,0.333394897232263,1,0.3166278004646301,0.5664929747581482,0.45454874634742737,73.255859375,5.03761331789354,8.684078216552734,4.59765625,0.2512652059550017
02430,0.6074957513613279,0.2840092228400922,1,0.3377009630203247,0.5584234595298767,0.40725845098495483,63.61503601074219,7.735969556443621,15.357830047607422,2.392578125,0.3948970423715497
02431,0.8930142834818999,0.4398925739619746,1,0.24139368534088135,0.4252932667732239,0.5010779500007629,75.09759521484375,5.549236569837537,12.918695449829102,3.591796875,0.5611103688283602
02432,0.7554953927518285,0.3534896182183523,1,0.3275332450866699,0.5644209384918213,0.3384707272052765,71.04069519042969,7.426397416413242,11.121715545654297,3.2265625,0.40820500721087133
02433,0.85289741821351,0.3852043434530041,1,0.2141740322113037,0.49186766147613525,0.4909183979034424,72.09147644042969,5.8909255736071255,14.379375457763672,4.28515625,0.4370327848356666
02434,0.690015179177025,0.2903776807743405,1,0.42963868379592896,0.7387503385543823,0.3294156491756439,54.86157989501953,8.222565683049954,12.344802856445312,2.982421875,0.26714770016138345
02435,0.8314026808773374,0.4894802177165229,1,0.2448388934135437,0.3844180703163147,0.6046850681304932,73.37957000732422,4.327887165714913,11.651177406311035,4.66796875,0.573278983808211
02436,0.7767163633288361,0.4526113911065519,1,0.23546308279037476,0.4666077494621277,0.32636699080467224,71.38922119140625,4.17325801067858,11.936637878417969,3.927734375,0.5584697384617526
02437,0.7676822966165399,0.3450914278303722,1,0.31751352548599243,0.6773642301559448,0.3836658298969269,71.02024841308594,6.777776258787387,10.881919860839844,3.748046875,0.3775002741604792
02438,0.2924299705378358,0.15392159867594324,1,0.4079914689064026,0.5613301396369934,0.25376299023628235,57.14024353027344,5.839493100073082,12.315847396850586,1.7529296875,0.39095341167162495
02439,0.8055240416192999,0.4081217464148234,1,0.2581099271774292,0.525714635848999,0.3289032280445099,67.98051452636719,4.79109467401276,13.094744682312012,3.794921875,0.3233584831879866
02440,0.7097897463653652,0.29994199187886306,1,0.46221989393234253,0.6857145428657532,0.5080350637435913,74.2683334350586,6.84245041741755,7.771456718444824,3.791015625,0.13325159684511498
02441,0.7883948631231229,0.4018981880931838,1,0.21277427673339844,0.45962628722190857,0.4467528462409973,69.2005615234375,5.601713313846758,15.768331527709961,4.23828125,0.5297181284883814
02442,0.8401671724217771,0.37776758058965243,1,0.33311212062835693,0.45906996726989746,0.5613430142402649,74.19999694824219,6.806146591029599,13.018132209777832,4.421875,0.5681635570255323
02443,0.6360894687023577,0.3192784500037117,1,0.2980910539627075,0.5765856504440308,0.5537957549095154,72.11405944824219,5.729793977325624,11.651010513305664,3.30078125,0.4119023238248133
02444,0.7924613113989765,0.38850894554290527,1,0.35386359691619873,0.6060597896575928,0.49319788813591003,74.71371459960938,4.467029549652432,9.245567321777344,3.865234375,0.36266012024487354
02445,0.8301701312988159,0.44387355220761127,1,0.2042832374572754,0.3491767644882202,0.5451369285583496,73.42718505859375,4.284138594328879,13.360114097595215,4.6484375,0.5289961681110609
02446,0.770415992771435,0.35620750066811174,1,0.23518157005310059,0.6168885231018066,0.5448607206344604,75.75865936279297,5.3460698888491125,8.840006828308105,4.8125,0.3949022117807549
02447,0.6938279565037546,0.38381226363254356,1,0.19200974702835083,0.39868468046188354,0.46938684582710266,73.16936492919922,5.391398646365132,17.317035675048828,4.26953125,0.5939767314338883
02448,0.684724639593546,0.3591767526165,1,0.21874535083770752,0.46579551696777344,0.3466441333293915,74.46294403076172,4.025210901585163,13.188518524169922,4.2890625,0.443783517666336
02449,0.88647435947954,0.5081238001591983,1,0.24276548624038696,0.4281778335571289,0.5777950286865234,74.38700866699219,6.413814051227432,12.307244300842285,4.87109375,0.6725509727757987
02450,0.7849553276300821,0.39056877132308265,1,0.38233816623687744,0.6736481785774231,0.2504913806915283,66.52397155761719,7.622117917409833,14.5405912399292,3.203125,0.3735390579456229
02451,0.585998747404253,0.27111984282907664,1,0.2898089289665222,0.5181860327720642,0.43448519706726074,68.52763366699219,5.176681275765227,12.979473114013672,4.55078125,0.4201172382869747
02452,0.598145334124638,0.2764904972663369,1,0.2271198034286499,0.45651039481163025,0.5643795132637024,71.74602508544922,5.118746684581849,13.37289047241211,4.62109375,0.5073679861807263
02453,0.8487640203643684,0.46489558175877255,1,0.1918950080871582,0.3988684415817261,0.5118535757064819,74.24299621582031,3.5064042269454734,11.700155258178711,4.484375,0.5726820705049052
02454,0.7994151373171982,0.43736903970971536,1,0.23763549327850342,0.3950423300266266,0.5870113372802734,75.87162017822266,6.068505653550392,9.242524147033691,4.94921875,0.5202526403977308
02455,0.45874353161734505,0.21269911593531626,1,0.533918559551239,0.685982882976532,0.35155320167541504,67.62123107910156,6.240501420790855,9.761302947998047,2.30078125,0.2605125283337125
02456,0.6927918171278225,0.38651062519248536,1,0.2039322853088379,0.4648483991622925,0.4849880337715149,75.26140594482422,4.220309365478415,13.535783767700195,4.921875,0.41356014326237145
02457,0.6099434685403625,0.28695611240997315,1,0.34828901290893555,0.49190956354141235,0.28513744473457336,64.4616470336914,7.50572059555317,10.49245834350586,2.693359375,0.23166404080207117
02458,0.8517612732547352,0.46481383061868886,1,0.22549057006835938,0.3906392753124237,0.450367271900177,70.05797576904297,4.652309543091654,12.253868103027344,4.2265625,0.6469613053590848
02459,0.8196383649971489,0.413564703306328,1,0.39190638065338135,0.7295960187911987,0.27692583203315735,66.0309829711914,8.298134809510842,12.576151847839355,2.361328125,0.39999228665919667
02460,0.8277356273115032,0.5043310532049794,1,0.19725459814071655,0.3503631353378296,0.4867696762084961,75.48175048828125,3.4362889987121927,11.682759284973145,4.83203125,0.49747848634648534
02461,0.7658651878287825,0.3959718528368794,1,0.22366684675216675,0.35896041989326477,0.5166214108467102,73.92139434814453,3.929756307755112,12.190258026123047,4.6875,0.37787582062486025
02462,0.8927208039069212,0.4455154186978779,1,0.33035218715667725,0.4775708317756653,0.3290814757347107,71.13480377197266,3.4720487465417302,11.214485168457031,3.396484375,0.2903576080227739
02463,0.7896183439069334,0.35077603459616813,1,0.24404120445251465,0.509956419467926,0.5288082957267761,75.69068145751953,4.184374688546662,13.730998039245605,4.9765625,0.39355650384943586
02464,0.7786919798550878,0.36287021430291355,1,0.2645278573036194,0.5607748031616211,0.49487942457199097,74.14945983886719,6.9088331934112635,14.082990646362305,4.40625,0.45513903325930277
02465,0.8373613342755142,0.46365681483205334,1,0.24553638696670532,0.444572389125824,0.42489317059516907,73.10977172851562,3.7284421013571514,9.029881477355957,3.701171875,0.3326112987618961
02466,0.8536752484853819,0.3955189046211296,1,0.23746389150619507,0.4796214699745178,0.46471238136291504,75.06271362304688,4.757343949417617,13.266701698303223,4.32421875,0.379385789998721
02467,0.8511868261876923,0.469476388549058,1,0.1945861577987671,0.3532421588897705,0.5316669344902039,76.54247283935547,4.38610182233287,13.672565460205078,4.50390625,0.7160809697037316
02468,0.8129559951904793,0.3932739365039528,1,0.3880218267440796,0.6039220690727234,0.5329763889312744,72.73138427734375,5.8312072644665545,12.965754508972168,3.130859375,0.28362956768871944
02469,0.6630446489699164,0.41235123834030235,1,0.19944459199905396,0.40252575278282166,0.5276336073875427,71.78367614746094,5.567990009953545,13.761444091796875,4.69921875,0.6633400084336023
02470,0.7894971483298765,0.5223880597014925,1,0.19924139976501465,0.35266146063804626,0.47767946124076843,65.54695129394531,5.343987471617926,17.347248077392578,3.787109375,0.6170401496828756
02471,0.774303727231043,0.44813325024077955,1,0.21253180503845215,0.34751930832862854,0.535868227481842,73.84908294677734,4.412149283884076,13.491374015808105,4.80859375,0.5955308068665442
02472,0.7958755607098517,0.3853233103400822,1,0.2077023983001709,0.4450845718383789,0.41038739681243896,70.98360443115234,3.454034622331769,13.44268798828125,4.19140625,0.3280747448952317
02473,0.7521061271981795,0.3327605697490391,1,0.3228519558906555,0.5806565880775452,0.3444901406764984,71.45941925048828,8.217155262364948,12.101570129394531,3.68359375,0.23549493254939244
02474,0.5945815211528442,0.4294893473114643,1,0.3481685519218445,0.6447806358337402,0.5531467795372009,71.17595672607422,10.597186655582538,13.035654067993164,4.40625,0.7855584860611213
02475,0.7434658030106565,0.4121248666450206,1,0.24981999397277832,0.48797640204429626,0.44223907589912415,75.47870635986328,4.3799430012672165,10.724578857421875,3.796875,0.42894922176624195
02476,0.8878232210355258,0.466165645591889,1,0.20259541273117065,0.4245254397392273,0.3801116943359375,75.22203063964844,4.525987942972959,13.48755931854248,3.44140625,0.5107683717627308
02477,0.5006914460399822,0.21877982526980397,1,0.33517879247665405,0.518868088722229,0.5539241433143616,70.32733154296875,5.932388694612634,14.918828010559082,2.9453125,0.46678487915935396
02478,0.847593540286405,0.5055035546649831,1,0.2152421474456787,0.40595322847366333,0.5618171095848083,75.77296447753906,4.1903318926392865,10.90062141418457,4.94140625,0.5315751526445847
02479,0.8306553574064187,0.430768480830632,1,0.2922250032424927,0.548327624797821,0.3936685621738434,71.8866958618164,5.129385674769056,12.42850399017334,3.748046875,0.3942007184186711
02480,0.6991152949028203,0.3313884325610378,1,0.2550625801086426,0.4624994397163391,0.5237361788749695,74.30305480957031,3.6240349754268117,10.805685043334961,4.625,0.41818561311526437
02481,0.8200344893038733,0.45863957342556566,1,0.21258264780044556,0.5008808374404907,0.5788273811340332,71.98822784423828,5.383585088135017,13.123024940490723,4.171875,0.5486856337970625
02482,0.8162748804130996,0.38515679004587444,1,0.31973332166671753,0.6044372916221619,0.5746226906776428,76.0293197631836,6.012539393221686,11.916794776916504,4.125,0.52441976058112
02483,0.9797591510580815,0.6755491537630537,1,0.2807222604751587,0.2981375753879547,0.6282943487167358,73.46798706054688,5.722568104999488,11.655367851257324,4.02734375,0.6801726114123032
02484,0.8539962125585271,0.4255364190343701,1,0.1723555326461792,0.2991257309913635,0.37024182081222534,63.95246887207031,3.7731417913513727,15.096796989440918,3.873046875,0.4666018160369353
02485,0.8794641730162491,0.43837882547559964,1,0.21414363384246826,0.4150691628456116,0.4889557361602783,74.04706573486328,4.194954819040307,10.412040710449219,4.69140625,0.3368133385757029
02486,0.8334126379089895,0.4043951394306417,1,0.22792166471481323,0.4549964666366577,0.5098378658294678,77.0755386352539,4.660323085127451,10.440788269042969,4.6796875,0.28601258188491413
02487,0.6801459951654414,0.3582376474255728,1,0.29192107915878296,0.6497712731361389,0.4855875074863434,71.26045227050781,3.984928595213358,10.878678321838379,4.10546875,0.35392436927322934
02488,0.3572471094807453,0.17328007101642254,1,0.30636340379714966,0.7150373458862305,0.5349974632263184,70.08279418945312,6.095449982308642,6.002244472503662,4.1953125,0.5289235123131549
02489,0.7895786916637949,0.43290633675904727,1,0.3026558756828308,0.4851070046424866,0.4972621500492096,71.8911361694336,5.672710995572837,10.750053405761719,3.19921875,0.594519051310819
02490,0.43395757989652545,0.19313984168865436,1,0.2885400056838989,0.657573938369751,0.49704334139823914,66.02098846435547,5.325812631734547,13.901432037353516,3.966796875,0.4751995056249893
02491,0.8305796710017517,0.48162699329789693,1,0.2908979654312134,0.6422080397605896,0.358574241399765,71.03620147705078,8.356805543460112,12.487924575805664,4.01953125,0.4038361535973347
02492,0.817402387392946,0.5234735158528554,1,0.25621312856674194,0.4339253604412079,0.5435410737991333,74.67973327636719,4.718262116144643,10.42495346069336,4.8203125,0.5122963964501395
02493,0.6836835117230186,0.30896203976786224,1,0.2612503170967102,0.3983595073223114,0.5944851636886597,74.86353302001953,5.910360124438127,14.438323020935059,4.9609375,0.470310935082967
02494,0.7473111984192441,0.32215305432954267,1,0.27770477533340454,0.6170098781585693,0.49099966883659363,76.31195068359375,7.165777060507085,13.917771339416504,4.18359375,0.3763110587147228
02495,0.8976950913503785,0.4271858528432871,1,0.22285419702529907,0.407725989818573,0.5014467239379883,75.25796508789062,5.202798020553924,13.688883781433105,3.802734375,0.5376367218322841
02496,0.7836704012483136,0.42495076945518195,1,0.23145586252212524,0.34512144327163696,0.5198522210121155,72.86592864990234,4.408802650088558,11.405698776245117,4.8828125,0.4348436872973401
02497,0.830800001224608,0.43370631514408337,1,0.2816946506500244,0.6475800275802612,0.4853001534938812,71.47083282470703,4.725698351997153,6.941433906555176,4.0390625,0.47975678743889333
02498,0.6716840244507619,0.325298054800251,1,0.24855005741119385,0.5197874903678894,0.46109747886657715,73.50432586669922,3.4382768749543016,8.064522743225098,3.5234375,0.35030035975402646
02499,0.8723330771422949,0.47365738212270164,1,0.1706363558769226,0.3674355447292328,0.3929487466812134,72.89556884765625,3.8226529610598523,15.373879432678223,3.939453125,0.5981704112414428
02500,0.7688497316806601,0.3908948676258551,1,0.30639463663101196,0.48660406470298767,0.4391041696071625,73.60743713378906,5.056553423573073,9.39113998413086,4.14453125,0.4452873433100142
02501,0.38293878470721554,0.188542806912794,1,0.2838115692138672,0.6402857899665833,0.5310298800468445,69.24452209472656,4.957317429683399,10.941957473754883,4.3203125,0.4320011723722672
02502,0.7914273763164296,0.4033258290402331,1,0.2172691822052002,0.36333659291267395,0.5283124446868896,71.97203063964844,4.4647188950214876,11.262885093688965,4.6015625,0.3051322739850836
02503,0.6269030833272616,0.3418775861142458,1,0.2626239061355591,0.485043466091156,0.5982354283332825,74.48558807373047,4.551895854968158,9.120823860168457,4.98828125,0.572435206430584
02504,0.8703170340752612,0.4019526266156321,1,0.24091064929962158,0.4572063088417053,0.4108606278896332,73.2510986328125,4.601572322469066,13.453849792480469,3.93359375,0.2615910551482578
02505,0.8312534386777803,0.37964366168339136,1,0.24083960056304932,0.5859260559082031,0.5246898531913757,75.92438507080078,4.262135136573224,9.456046104431152,4.875,0.36889213827498174
02506,0.671453720790189,0.3519274883903094,1,0.2309550642967224,0.4267731308937073,0.4131985902786255,68.09961700439453,4.326191598970627,14.527806282043457,4.2109375,0.5142060972703919
02507,0.8142167890781604,0.46187804164561336,1,0.27237391471862793,0.42919594049453735,0.36534425616264343,66.32471466064453,4.486502423481786,15.166576385498047,3.525390625,0.4588093394889512
02508,0.8379495633107809,0.3890097639041231,1,0.2783305048942566,0.5899865627288818,0.3373110592365265,71.67521667480469,5.919689450359896,10.962103843688965,3.298828125,0.42484440963117526
02509,0.8875822745553544,0.47348810547434794,1,0.22103726863861084,0.37210702896118164,0.5143694281578064,75.02165222167969,6.983776670329277,12.28039264678955,4.5859375,0.6513378420619875
02510,0.8224863949746851,0.4468290330359296,1,0.28115659952163696,0.5216695070266724,0.27555719017982483,67.32901763916016,5.676307543037117,17.587411880493164,3.4921875,0.4642274994181493
02511,0.7672565397943617,0.48087354702359986,1,0.20394426584243774,0.48033761978149414,0.5828045606613159,73.771728515625,5.034873884561912,13.23218822479248,4.89453125,0.7122894251474341
02512,0.5527247839447471,0.308038029386344,1,0.3025552034378052,0.5342510342597961,0.5623594522476196,74.19361877441406,5.4182372233646525,10.950550079345703,4.66015625,0.5691475917839517
02513,0.6652195023025131,0.32966295902967974,1,0.20824408531188965,0.329714834690094,0.6684377193450928,76.01799774169922,7.134378561021089,13.938470840454102,4.5703125,0.7212192499999961
02514,0.81183834670617,0.3882932320247643,1,0.312930166721344,0.5057973861694336,0.5078774690628052,76.61930847167969,4.567379191669936,11.447439193725586,4.74609375,0.5315049208858547
02515,0.6779385570110419,0.32411725516322454,1,0.2879371643066406,0.5438041687011719,0.35869187116622925,73.99881744384766,8.132843838006814,16.926673889160156,2.017578125,0.4840410280275206
02516,0.7001362144169436,0.3181348796568433,1,0.24209797382354736,0.5693575739860535,0.4122979938983917,65.8582992553711,6.7126445435141795,14.678874969482422,3.2890625,0.5493703404520421
02517,0.8183042743511098,0.44347069842119347,1,0.31210267543792725,0.48928195238113403,0.43611207604408264,70.98424530029297,5.341779834903989,9.2850341796875,4.0625,0.42098370435026095
02518,0.7771349329250572,0.41420465662297007,1,0.2248132824897766,0.4359613060951233,0.5039079785346985,70.84817504882812,3.403688997550457,15.226118087768555,4.6953125,0.488157709682917
02519,0.8394730703552804,0.4011166253101737,1,0.33782124519348145,0.5560409426689148,0.4994427263736725,74.61767578125,5.378057012911294,10.418582916259766,4.10546875,0.3545210107310442
02520,0.7842709381718344,0.3699532126964161,1,0.3969948887825012,0.5218232274055481,0.44335007667541504,73.89175415039062,5.547258765522474,12.026423454284668,2.931640625,0.23317181971234238
02521,0.85269050423231,0.44897279817386343,1,0.196355938911438,0.5750094652175903,0.48156118392944336,76.44593048095703,4.344160096720628,9.189663887023926,4.91796875,0.5319482086995294
02522,0.7908858206647797,0.3491660197144,1,0.26513558626174927,0.5541731119155884,0.5096190571784973,75.24288940429688,5.7829706903845794,13.04744815826416,4.17578125,0.52664982935731
02523,0.7714936880728013,0.43886691953837464,1,0.22020286321640015,0.5119590759277344,0.3995293378829956,69.96487426757812,7.15856037237395,17.138263702392578,3.974609375,0.5321125513717331
02524,0.5952648131340741,0.30591610875802705,1,0.2869378924369812,0.5728476047515869,0.5523128509521484,70.25855255126953,5.798950046796182,8.573831558227539,4.015625,0.5223573283493469
02525,0.7061974580494661,0.35504026989142573,1,0.2365814447402954,0.48627185821533203,0.4785442352294922,73.58409118652344,3.982609551313607,10.405324935913086,4.296875,0.4321595874376856
02526,0.7276297132594237,0.3931163176446195,1,0.20376133918762207,0.42868441343307495,0.5080127716064453,73.73171997070312,4.591643991267236,10.22428035736084,4.75,0.4828658697098299
02527,0.8708486685036878,0.42815716324844116,1,0.2114090919494629,0.30062001943588257,0.5624368190765381,74.00559997558594,5.321111136623827,12.89004135131836,4.31640625,0.4314673897320561
02528,0.8194386692680696,0.4613923299164919,1,0.18349725008010864,0.2955547571182251,0.6217455863952637,77.00355529785156,4.905797799822732,12.040285110473633,4.98828125,0.7036626667075468
02529,0.8124493240980888,0.44502123643227937,1,0.2805987596511841,0.399879515171051,0.36717090010643005,67.22355651855469,3.962255663596936,9.811159133911133,4.2890625,0.28456752043806954
02530,0.5156645782741034,0.30383795309168443,1,0.4621250033378601,0.6355175971984863,0.495313823223114,71.77142333984375,7.843864873274223,11.61724853515625,3.876953125,0.4655351499761762
02531,0.7903321464089578,0.3801034444811269,1,0.41641223430633545,0.5109448432922363,0.28276321291923523,70.02307891845703,5.169199716409132,12.540189743041992,2.84765625,0.2547518462690765
02532,0.8635760880898572,0.40811829715446457,1,0.19672012329101562,0.4485984444618225,0.5042814016342163,74.31477355957031,5.1294398984934375,13.174604415893555,4.78125,0.44951194295706
02533,0.6980642322134228,0.32084698764809677,1,0.2556280493736267,0.3346456289291382,0.5585662126541138,71.30484008789062,7.343600855821716,11.704069137573242,3.890625,0.5863144325626657
02534,0.6555178592959392,0.32552404438964244,1,0.3366572856903076,0.5646778345108032,0.41612136363983154,66.03752136230469,6.46517953003328,11.67790412902832,3.099609375,0.6212673123692449
02535,0.8160109094921535,0.40926275992438566,1,0.2576903700828552,0.5967342257499695,0.3116046190261841,66.20576477050781,6.688976599309764,15.0306396484375,4.19921875,0.4370887900087244
02536,0.7592636172432281,0.44614991046303404,1,0.295151948928833,0.8018831610679626,0.43479642271995544,75.29683685302734,7.7919180425288195,14.687234878540039,3.609375,0.6832690109837768
02537,0.6653268268499336,0.31937657808214204,1,0.373651921749115,0.585399866104126,0.27219682931900024,68.56817626953125,5.942011388551096,13.47726821899414,2.05078125,0.30008617258318493
02538,0.6811612525462248,0.3030552224316144,1,0.33863455057144165,0.6183144450187683,0.3259469270706177,72.34808349609375,6.466272100638832,10.673521041870117,3.009765625,0.26208200156153333
02539,0.931631533701978,0.42820086852612865,1,0.2968454957008362,0.4424349069595337,0.48699840903282166,73.24274444580078,4.496447638336956,12.524174690246582,4.20703125,0.2129784406977131
02540,0.7383292377059267,0.4104803493449782,1,0.21328359842300415,0.44250360131263733,0.4637161195278168,73.72498321533203,5.951018783234178,15.364446640014648,4.3984375,0.679837295508221
02541,0.807642409013183,0.39009287925696595,1,0.22930794954299927,0.35171791911125183,0.37216097116470337,69.18970489501953,4.733805939363304,13.640071868896484,3.154296875,0.3556929932682073
02542,0.7600616125927725,0.3560206430215436,1,0.44145429134368896,0.7594092488288879,0.38237622380256653,67.23114776611328,7.930667243479241,11.034120559692383,2.353515625,0.25133955785794193
02543,0.8147748035045238,0.3688414164742109,1,0.3107699155807495,0.6035538911819458,0.535093367099762,72.70540618896484,6.131952569368926,11.964155197143555,4.44921875,0.4703055960482816
02544,0.6488229918326504,0.36000402914414265,1,0.1941317319869995,0.35375145077705383,0.5651199221611023,74.992919921875,5.84948609610959,13.228206634521484,4.83984375,0.5889662475827498
02545,0.8135999783747975,0.5356970574047274,1,0.26996415853500366,0.5040063858032227,0.38790997862815857,68.4603500366211,5.282987366732624,11.628917694091797,4.0234375,0.6011586940183767
02546,0.8962917764044133,0.5113306744017404,1,0.2702111601829529,0.7176053524017334,0.4944993555545807,62.43935775756836,5.128612611892411,12.506038665771484,3.787109375,0.5369150898815338
02547,0.8762157610573598,0.41568640363513637,1,0.24389195442199707,0.4143117368221283,0.31758132576942444,67.96346282958984,4.889270306438093,11.829719543457031,3.349609375,0.2934588927492863
02548,0.7603372698976935,0.3408939785740672,1,0.31937235593795776,0.7052400708198547,0.3911934196949005,72.52217102050781,7.142223898412494,9.168600082397461,4.1171875,0.2666041703170965
02549,0.8349433942814946,0.46472733742549593,1,0.239241361618042,0.4362877905368805,0.5554689168930054,75.28460693359375,4.476025741831959,9.05799674987793,4.95703125,0.47737822786739276
02550,0.7978907522893395,0.39603401716980374,1,0.25478386878967285,0.5292533040046692,0.6151467561721802,72.388427734375,4.829180755125685,10.655789375305176,4.92578125,0.4229912962147892
02551,0.8284956674694441,0.42353350437013526,1,0.16735410690307617,0.4234444797039032,0.5693844556808472,74.14149475097656,5.508522963428145,12.724029541015625,4.98046875,0.5346756956871285
02552,0.8624284139343418,0.4375590179414542,1,0.2352902889251709,0.5140720009803772,0.31283167004585266,70.04586029052734,4.0075688392187185,14.337592124938965,4.03515625,0.5365214384198123
02553,0.8280790692269557,0.42011515539243743,1,0.20659363269805908,0.4414711892604828,0.5357646346092224,74.31781768798828,5.029510131864695,12.549742698669434,4.94921875,0.36119262694304916
02554,0.8277909048085201,0.36119840771003564,1,0.3692091107368469,0.6718575954437256,0.3936094641685486,74.23562622070312,8.945551269034137,11.196144104003906,3.27734375,0.3405598968498662
02555,0.7570264670875425,0.40638694840977135,1,0.30416667461395264,0.7178817391395569,0.3986304700374603,76.36192321777344,5.759090997841372,8.896903991699219,3.30078125,0.5040335903098742
02556,0.8792052563158546,0.39368751893365644,1,0.2779209017753601,0.5600062012672424,0.4325893521308899,75.53440856933594,6.717714304216648,14.696037292480469,4.08203125,0.36376079670259187
02557,0.7000912805919921,0.43035107587768967,1,0.4236517548561096,0.7546777725219727,0.3333388566970825,54.047401428222656,5.181410866764779,8.060330390930176,2.224609375,0.49245697070177435
02558,0.5970611875816827,0.3570090456564792,1,0.23419761657714844,0.39920490980148315,0.5686376094818115,74.58557891845703,4.650192151677528,15.974365234375,4.97265625,0.6343060196775765
02559,0.8124915626261915,0.45786178666024563,1,0.3129907250404358,0.674750566482544,0.426653116941452,70.3692855834961,6.785156668479687,11.684186935424805,2.12109375,0.6390823325300251
02560,0.7121549899856134,0.391794085222643,1,0.2718884348869324,0.5645810961723328,0.2822568416595459,61.67594909667969,6.079288463185147,16.607820510864258,2.859375,0.47126655321846567
02561,0.613137504887268,0.33627489262007026,1,0.2679097056388855,0.41807621717453003,0.5156265497207642,64.89068603515625,7.415807677316296,18.154949188232422,4.89453125,0.47309548396382584
02562,0.8259231129332159,0.38808619345420764,1,0.2566620707511902,0.49497371912002563,0.4253969192504883,72.33995819091797,4.766636916386746,11.660858154296875,4.19140625,0.21999570603169324
02563,0.34183615727782773,0.1968137113935699,1,0.28451502323150635,0.45106568932533264,0.4790123999118805,66.0420150756836,5.421057887615823,17.829526901245117,4.53125,0.3942722324802258
02564,0.5581172342837841,0.2875361163694331,1,0.3674430251121521,0.5106909275054932,0.47966569662094116,68.44550323486328,5.740455363687472,13.21468734741211,4.8359375,0.36574079732857
02565,0.7647421229367756,0.3527585778734324,1,0.2374342679977417,0.3581279516220093,0.5660500526428223,78.06109619140625,4.784001270835944,11.060556411743164,4.95703125,0.584025229976747
02566,0.8955614910347934,0.49366860438916677,1,0.20677441358566284,0.37715768814086914,0.5156694054603577,76.3065185546875,4.520991903267885,11.613288879394531,4.01171875,0.44124217572789
02567,0.6520672791860826,0.2734819113764479,1,0.33746951818466187,0.5428431034088135,0.505621612071991,74.6531753540039,3.976950940804881,13.25069808959961,4.05078125,0.23733327090521317
02568,0.8051567767384955,0.4112645785265021,1,0.30479204654693604,0.6418777108192444,0.3592856228351593,61.778472900390625,5.081107173642317,14.535293579101562,3.94140625,0.4162995288015599
02569,0.7336014738715817,0.3899323341554417,1,0.28263258934020996,0.6584941148757935,0.36249643564224243,70.10169219970703,6.567009333531294,9.950979232788086,3.576171875,0.4107417836210413
02570,0.8965035861495388,0.4062788913586561,1,0.34479808807373047,0.5228365063667297,0.5535898208618164,76.5984878540039,5.5092995640574145,11.610986709594727,4.53515625,0.5042450533223368
02571,0.8072945767550236,0.38855860228099975,1,0.2952454686164856,0.546409547328949,0.3565945625305176,67.76698303222656,7.316532174130078,15.655872344970703,2.52734375,0.5121575741254416
02572,0.8377201422337657,0.5181447432086819,1,0.19582068920135498,0.3554884195327759,0.6236178874969482,73.92009735107422,5.658814967300722,15.311479568481445,4.26953125,0.6928825776758356
02573,0.8804943334095909,0.42244928625093914,1,0.28345638513565063,0.6083484888076782,0.44386905431747437,74.85796356201172,5.2610257539749306,10.11963939666748,4.08203125,0.4107885678530303
02574,0.7701746287087542,0.38326814678476934,1,0.2615705728530884,0.40266847610473633,0.3506177067756653,63.44969940185547,3.641675456278728,11.280702590942383,3.255859375,0.31210798195525813
02575,0.8200080359193647,0.38822689085157763,1,0.37037909030914307,0.6204782128334045,0.3339727818965912,72.6620101928711,5.270218697506682,9.920891761779785,2.291015625,0.31721913469827284
02576,0.818575887716005,0.5504718916700861,1,0.15097445249557495,0.16481076180934906,0.6160938739776611,73.21288299560547,5.962256450083298,16.78647804260254,4.94140625,0.7778047725309609
02577,0.6719983437799557,0.38164625639435745,1,0.32091599702835083,0.7976322174072266,0.45554208755493164,69.0125732421875,5.501255088226181,11.805094718933105,4.62890625,0.5227276345895032
02578,0.8006915843455249,0.3678677590081926,1,0.26367801427841187,0.5265350341796875,0.385952353477478,74.11015319824219,5.540858582275936,14.349913597106934,3.65234375,0.26798747816670926
02579,0.8429529162682304,0.3933337218110833,1,0.45176202058792114,0.767751932144165,0.3680034577846527,71.81929779052734,6.099190045036058,7.552445411682129,3.08203125,0.3010655307624032
02580,0.8179290966481685,0.40257580445544555,1,0.21637803316116333,0.5548304915428162,0.35794931650161743,69.6380844116211,3.9461094568609982,15.154787063598633,4.18359375,0.4340700048403789
02581,0.5667951117603142,0.2944108945000608,1,0.29250484704971313,0.5187086462974548,0.5236291885375977,64.87828826904297,5.409146795406901,13.870351791381836,4.01171875,0.5672127303534824
02582,0.915530198353824,0.404475709514513,1,0.33217138051986694,0.5962868928909302,0.441514253616333,74.74552154541016,6.088304896696412,12.007979393005371,3.955078125,0.23126191361711962
02583,0.8829454910234606,0.5252639304465647,1,0.156866192817688,0.29629236459732056,0.5305253267288208,73.21452331542969,3.9677190283501975,14.088140487670898,4.95703125,0.6325030871138126
02584,0.8520732721849188,0.46437318904381514,1,0.20902305841445923,0.4040335416793823,0.5789353847503662,75.68826293945312,5.3613414767605665,8.586524963378906,4.9765625,0.49705631561270247
02585,0.8683692965774563,0.44769777503090236,1,0.22963839769363403,0.4879952073097229,0.4267975091934204,74.73067474365234,5.1446953209864,12.363347053527832,4.03125,0.6283219943891052
02586,0.8559255644158447,0.4368139873725109,1,0.27980804443359375,0.5800377130508423,0.5440502166748047,70.59294128417969,4.827724725061895,11.265588760375977,4.40234375,0.629955920791497
02587,0.7675778150313615,0.43572182536760196,1,0.39621949195861816,0.5991958379745483,0.37709906697273254,70.12408447265625,5.553911186063853,9.894007682800293,3.82421875,0.38653548291469497
02588,0.7184756636467436,0.34734253021067263,1,0.43154650926589966,0.6728185415267944,0.29554465413093567,67.63450622558594,5.880940778724641,7.899604320526123,2.87109375,0.29086527024961595
02589,0.8093131026910886,0.44141019449444613,1,0.25294333696365356,0.5159602165222168,0.6269171833992004,75.3680191040039,5.7034628134114875,8.247167587280273,4.90234375,0.5330397889013211
02590,0.8249848717408371,0.394664097838834,1,0.1987197995185852,0.4463162422180176,0.47289708256721497,74.76045227050781,4.284103379151182,7.890148162841797,4.84375,0.4434332690267021
02591,0.8278905097478874,0.40765910551933143,1,0.24850308895111084,0.4755175709724426,0.5723636150360107,73.43258666992188,6.016631427485528,10.741033554077148,3.224609375,0.5471144429221598
02592,0.8284817751503406,0.43076396416956697,1,0.30604642629623413,0.5688910484313965,0.29923734068870544,69.90108489990234,7.9990928107024235,12.23428726196289,3.470703125,0.3408610725921276
02593,0.5381794070207155,0.28425059923861445,1,0.22898083925247192,0.4978437125682831,0.4793623983860016,65.41322326660156,4.2842227702658615,14.159278869628906,4.765625,0.4386343589236107
02594,0.7845438198305208,0.34001993120519497,1,0.38143646717071533,0.6171429753303528,0.5392581820487976,75.51485443115234,4.986170225280441,12.04788589477539,4.703125,0.4228586988050473
02595,0.7675044002024943,0.39839635535307516,1,0.3128839135169983,0.5784966945648193,0.3008858263492584,63.531097412109375,4.6076568392130515,11.213916778564453,3.271484375,0.35391411526233696
02596,0.8056600729322559,0.3744020490413952,1,0.2593289017677307,0.53721684217453,0.48917409777641296,71.96244812011719,5.584314049792987,12.192584037780762,4.29296875,0.48456477585915536
02597,0.7381305196225014,0.47772894643069247,1,0.21280765533447266,0.39610010385513306,0.4538526237010956,66.1484375,4.467186267846105,17.287412643432617,3.923828125,0.7610610685971249
02598,0.8556129658066622,0.4353111740686059,1,0.2530215382575989,0.4815804958343506,0.47493240237236023,71.7629165649414,6.546736859377474,12.256839752197266,4.71484375,0.34919435093315077
02599,0.7643195131444398,0.4032180595581172,1,0.28020548820495605,0.4944181442260742,0.5570880174636841,74.6828384399414,5.204363633190759,11.682639122009277,4.92578125,0.6179696955986324
02600,0.8927623556243971,0.45027208521477363,1,0.24234509468078613,0.5276498794555664,0.4662129580974579,74.09052276611328,5.093048757880838,11.538743019104004,3.80078125,0.5479025843592831
02601,0.65972735884094,0.3025748674061285,1,0.34785425662994385,0.6119567155838013,0.3065055310726166,68.86687469482422,5.127798566206624,12.237082481384277,2.828125,0.22148036427351173
02602,0.8363714910313754,0.4748636576446621,1,0.2533249258995056,0.36778879165649414,0.5201594233512878,73.25636291503906,4.126259112962652,8.762174606323242,4.64453125,0.28012177065981403
02603,0.8284623673715075,0.39109646477277743,1,0.2952790856361389,0.5481714606285095,0.38317081332206726,71.77780151367188,4.003802420789444,9.180956840515137,3.9609375,0.25167218535259483
02604,0.8226841782442942,0.4005772632755036,1,0.24558192491531372,0.4584697484970093,0.456886351108551,75.02351379394531,4.2393247301792725,11.131058692932129,4.80078125,0.3632698233173165
02605,0.7343765296345889,0.4047555293739624,1,0.2691701650619507,0.5630447864532471,0.5330560803413391,74.95282745361328,5.004745443661931,12.603935241699219,4.8515625,0.5248880265456599
02606,0.8522746681930077,0.5003953577349828,1,0.2795265316963196,0.42744898796081543,0.5505294799804688,75.30231475830078,4.470762210721862,7.577226638793945,4.87890625,0.41648474022625126
02607,0.7932943366464396,0.42375098090504837,1,0.18123936653137207,0.3808501958847046,0.6522436738014221,76.18788146972656,4.4010991111121305,11.984972953796387,4.96484375,0.45201217487532924
02608,0.9240286529199453,0.4256943984090156,1,0.19718104600906372,0.28994837403297424,0.5517758131027222,75.02540588378906,5.584138911110142,15.136195182800293,4.98046875,0.5882522214419837
02609,0.8764870145756474,0.41887831747621435,1,0.3029876947402954,0.5345438718795776,0.5421902537345886,70.61245727539062,4.504562976382385,10.61526870727539,4.62890625,0.33166252390462336
02610,0.8379769748675816,0.4635311048603388,1,0.17967480421066284,0.31367164850234985,0.4056335985660553,73.0223617553711,3.511518500553252,14.581564903259277,4.11328125,0.5084674263767471
02611,0.6936960537626599,0.34620231412532937,1,0.2533535957336426,0.41771256923675537,0.5023237466812134,69.44468688964844,4.881887180800748,10.552366256713867,4.26953125,0.3678219537389611
02612,0.7789774077515531,0.4188963425604647,1,0.38511550426483154,0.5627232193946838,0.30994144082069397,60.40327453613281,4.238611513947325,10.251107215881348,2.001953125,0.3374024934336299
02613,0.9223471231733328,0.44512479779391806,1,0.26054704189300537,0.4853913187980652,0.5303458571434021,74.07286834716797,3.9482188863574064,10.194135665893555,4.25390625,0.30218090599492753
02614,0.7461029191842359,0.4036561720986059,1,0.19226479530334473,0.34241747856140137,0.5481751561164856,71.46666717529297,3.5736429410297204,15.761711120605469,3.951171875,0.6402740861179188
02615,0.6265560933122187,0.2687989832662572,1,0.25957125425338745,0.5214539170265198,0.6347593665122986,72.73979187011719,5.255102079563717,14.702506065368652,4.97265625,0.2840591085257829
02616,0.8178893695816981,0.4091402804292015,1,0.3077908754348755,0.3870810568332672,0.5419570207595825,72.65869903564453,4.3153207656735315,8.582411766052246,4.7265625,0.23467942406865516
02617,0.8580888887460275,0.42843538177132934,1,0.18357115983963013,0.4046526849269867,0.4846048355102539,75.90592193603516,5.0068142970682565,14.76256275177002,4.67578125,0.628434684337756
02618,0.748176173826909,0.37807344332091536,1,0.21698099374771118,0.37273773550987244,0.5414971113204956,72.1717758178711,5.049584142337647,11.383687973022461,4.51171875,0.45660377118224477
02619,0.7940885569734658,0.48417244498040396,1,0.17577463388442993,0.44136843085289,0.5537704229354858,73.51239776611328,5.138591273065977,9.664056777954102,4.90234375,0.5401360152711435
02620,0.7377415144622641,0.39770842755917385,1,0.25880908966064453,0.589350700378418,0.5144028067588806,70.48883819580078,3.717625576967261,11.703641891479492,4.1484375,0.59219686932247
02621,0.5854652327722727,0.2589793533307363,1,0.39372795820236206,0.629644513130188,0.3703891336917877,74.67323303222656,6.65619145786095,13.41422176361084,3.392578125,0.18754428764751552
02622,0.7543462905067588,0.39243900652062425,1,0.22002047300338745,0.43679529428482056,0.5938704609870911,74.70824432373047,4.846864130391956,12.176918983459473,4.64453125,0.33783551330502043
02623,0.6111831927475235,0.32515632515632514,1,0.31285160779953003,0.5485302209854126,0.37736013531684875,57.770442962646484,5.360732388415563,16.063072204589844,2.87890625,0.5110538376117781
02624,0.7957806315240604,0.3988412949601695,1,0.23095834255218506,0.5198121666908264,0.47387322783470154,72.70359802246094,4.346706001143116,11.625564575195312,4.21484375,0.4623673890275721
02625,0.8422869524202614,0.43504424778761064,1,0.2445429563522339,0.5173255205154419,0.46714118123054504,74.47123718261719,5.674683334529599,11.280637741088867,3.91796875,0.5538382961077418
02626,0.8118259201818462,0.39386709084482147,1,0.25590986013412476,0.5805311799049377,0.5754736661911011,75.1914291381836,5.8630772519059695,11.708499908447266,4.984375,0.5499182836338647
02627,0.8240300345950545,0.4201125519941277,1,0.244462251663208,0.38950204849243164,0.31352362036705017,74.06554412841797,5.1485595950290435,15.453325271606445,3.841796875,0.5822082461728451
02628,0.7776983185044566,0.42204863021234457,1,0.2146000862121582,0.41251814365386963,0.6059000492095947,77.2761001586914,4.986712166107369,13.482953071594238,4.95703125,0.7210944121996479
02629,0.7456952086195261,0.37942409189692644,1,0.19891303777694702,0.3837619423866272,0.5163972973823547,73.64433288574219,4.631032085682266,10.918842315673828,4.375,0.4561711325094212
02630,0.8955578130539392,0.525846911264799,1,0.2203974723815918,0.3829165995121002,0.4684993326663971,74.00634002685547,6.330189853120219,11.661966323852539,4.421875,0.6499059940283435
02631,0.7629104212275241,0.36441332765662204,1,0.2861782908439636,0.4984337389469147,0.4066699743270874,72.76176452636719,6.005257957096572,13.436455726623535,4.2421875,0.3682562925554578
02632,0.8952375313800371,0.3928881902516285,1,0.2846207022666931,0.5802026987075806,0.5241294503211975,75.95111846923828,6.077296509144665,13.384055137634277,4.00390625,0.463022558131806
02633,0.772560110283922,0.4312976071918822,1,0.2270907163619995,0.4584883451461792,0.4117664098739624,69.78719329833984,3.1598681618697957,15.7410249710083,4.140625,0.4467926872512617
02634,0.8566014711656238,0.5910462776659959,1,0.26224321126937866,0.37735098600387573,0.4926122725009918,68.75321197509766,6.789970040984382,17.197376251220703,4.83984375,0.8611642547445333
02635,0.6708708546042725,0.2913917595998521,1,0.23573243618011475,0.5360747575759888,0.5635102987289429,71.98595428466797,4.9300735461315215,13.254990577697754,4.7109375,0.3343102274467833
02636,0.9075319029668427,0.42303850848962377,1,0.2466755509376526,0.5275104641914368,0.453867107629776,74.68212127685547,6.93544862788536,13.648366928100586,3.962890625,0.323752003688296
02637,0.6500946879029957,0.3212649068739113,1,0.21683871746063232,0.4102622866630554,0.5966235399246216,73.54888916015625,6.896089608491382,10.92995834350586,4.92578125,0.4306236521300638
02638,0.7375986479518714,0.38221394321984203,1,0.3699532151222229,0.6103841066360474,0.46397116780281067,71.4417953491211,5.873402383183792,9.671260833740234,3.884765625,0.4017528089849198
02639,0.6538698685623747,0.2888043189662802,1,0.3726511597633362,0.6346684098243713,0.43993422389030457,72.7925796508789,6.876747123617079,12.437758445739746,2.349609375,0.3769725057727251
02640,0.804784128917573,0.6053191489361702,1,0.2854551076889038,0.39512383937835693,0.541708767414093,72.84114837646484,5.608621047723876,15.197882652282715,4.23046875,0.8109419509095733
02641,0.4788544616555693,0.24197297689960773,1,0.33585500717163086,0.5965946912765503,0.5415762066841125,75.04747009277344,5.031737890205816,6.736917495727539,4.984375,0.33886390267675004
02642,0.6249806530078239,0.3371425906059051,1,0.3205956816673279,0.4856770932674408,0.36200785636901855,65.99994659423828,6.975680499305682,10.425921440124512,2.857421875,0.36648178596057573
02643,0.8891035481937227,0.5002128202945433,1,0.28870701789855957,0.615206241607666,0.39267459511756897,75.26819610595703,5.657245336023481,7.478845596313477,2.037109375,0.5442441554033745
02644,0.8181106024036305,0.40523436662018664,1,0.20830833911895752,0.43974587321281433,0.4481600522994995,72.74519348144531,3.284816826823112,12.427949905395508,4.33984375,0.4042069922605045
02645,0.40396517830623657,0.21717148290737048,1,0.26087117195129395,0.5089574456214905,0.5421581864356995,73.9375,4.419459491381947,12.640791893005371,4.98828125,0.4488502083346315
02646,0.775816793687926,0.37327308611197674,1,0.24766069650650024,0.43083590269088745,0.5473604798316956,76.64214324951172,5.271011681308052,9.003446578979492,4.90625,0.48096609670775853
02647,0.6233644466625965,0.3498196805770222,1,0.3922523856163025,0.6076879501342773,0.499651163816452,73.7786865234375,6.2790853714557775,8.12231159210205,4.01953125,0.23775921329087302
02648,0.7308604580398896,0.34685562444641277,1,0.36060142517089844,0.6239619851112366,0.4931412637233734,72.65754699707031,5.979653082981386,11.547103881835938,4.00390625,0.40159541926000336
02649,0.5335202094803276,0.3117246199545693,1,0.3090670108795166,0.6206841468811035,0.47235891222953796,58.836307525634766,7.273511272390495,16.165258407592773,3.501953125,0.6932860565446389
02650,0.8133288422658892,0.48071762631296483,1,0.19686180353164673,0.3455987572669983,0.576410710811615,74.48592376708984,4.405860237002885,16.052242279052734,4.828125,0.626427491181386
02651,0.8255004531092278,0.4123364639297871,1,0.18925315141677856,0.35787227749824524,0.5345558524131775,74.554931640625,4.308300167317408,13.30863094329834,4.9765625,0.5416112681689272
02652,0.33467975155396806,0.17308684436801375,1,0.2847883105278015,0.3926246166229248,0.5862571001052856,70.43069458007812,4.945073765021615,13.584121704101562,4.74609375,0.4006359949407102
02653,0.907841029622662,0.4362088424358408,1,0.258842408657074,0.4907197058200836,0.29460930824279785,70.72789764404297,3.8896585329427613,11.131319999694824,3.111328125,0.29806507072610317
02654,0.5120190465846235,0.2578783612313362,1,0.3532969355583191,0.6194672584533691,0.4055720865726471,69.84086608886719,6.11989980823991,10.431717872619629,3.16015625,0.30175197432685325
02655,0.8430298225177061,0.3981781881707013,1,0.2628479599952698,0.5351151823997498,0.4218796491622925,70.84442138671875,5.400209948900158,12.640519142150879,4.12109375,0.35133797268168215
02656,0.6100590208483716,0.35012461294464164,1,0.30970174074172974,0.6226236820220947,0.3182394802570343,64.57091522216797,7.32833216500662,9.888341903686523,2.00390625,0.50372847759452
02657,0.8178592698021866,0.37089692101740296,1,0.30048418045043945,0.5005489587783813,0.4995494484901428,72.73472595214844,5.7728752314656235,13.253423690795898,4.0703125,0.34491705801364847
02658,0.6474641137186066,0.3686891324721894,1,0.28861188888549805,0.5233913660049438,0.40320339798927307,65.99967956542969,4.661023145251894,13.305120468139648,4.19921875,0.40325380860547494
02659,0.8870296809903622,0.4406556055372832,1,0.2662198543548584,0.4626118540763855,0.3767980635166168,71.84806060791016,4.261281796822414,11.071162223815918,3.861328125,0.263538447591524
02660,0.8452014695053723,0.41726296958855097,1,0.3333154320716858,0.550995945930481,0.5770144462585449,75.88096618652344,4.288245668304696,9.593759536743164,4.79296875,0.29999231380156116
02661,0.7766113708449038,0.4512744735869967,1,0.26419293880462646,0.5020492672920227,0.5348237752914429,69.40128326416016,4.732489268373434,10.216148376464844,4.37109375,0.5551293271407107
02662,0.8508038317984103,0.3861246884182089,1,0.22289139032363892,0.4147467613220215,0.5356609225273132,75.88975524902344,4.570455452303916,14.111419677734375,4.98828125,0.4267983016855099
02663,0.7097516492522745,0.4331627430910952,1,0.3182724714279175,0.5027005672454834,0.4503471255302429,66.97515869140625,7.269356282037817,10.618602752685547,4.12109375,0.7583259958005781
02664,0.45123170900586235,0.26186213070725156,1,0.35020315647125244,0.7347871661186218,0.5233367681503296,64.02497863769531,6.1059132167682515,11.920920372009277,4.45703125,0.47605298487362674
02665,0.8385714353152712,0.4336299765807963,1,0.260826051235199,0.5391240119934082,0.5239872932434082,73.05429077148438,5.941102757458118,9.6537504196167,3.892578125,0.6628389016199608
02666,0.4189031860877621,0.2612519399896534,1,0.28829699754714966,0.4929591417312622,0.4517357349395752,65.6116943359375,5.778057997258541,14.620546340942383,3.021484375,0.6646886491544156
02667,0.8557937942911844,0.4811670204353436,1,0.23679715394973755,0.3656177818775177,0.5153067708015442,74.26240539550781,4.361786514113515,12.468805313110352,4.484375,0.491654835511772
02668,0.7915272127416226,0.41239868174935423,1,0.3102370500564575,0.5772166848182678,0.42983269691467285,68.72431945800781,5.018823250525606,10.034184455871582,4.1875,0.44392952687168336
02669,0.7216731891341024,0.34002598612439017,1,0.2482253909111023,0.4633406400680542,0.49061986804008484,73.67466735839844,7.409709578502225,17.169343948364258,3.970703125,0.48851225412834004
02670,0.9110743071330297,0.545213939126599,1,0.23749107122421265,0.43027427792549133,0.560682475566864,75.13060760498047,6.708459000241144,13.364072799682617,4.10546875,0.6411497412259456
02671,0.8524657334944266,0.42537213356577713,1,0.22859328985214233,0.4778858423233032,0.6131848692893982,77.025390625,5.122080980420631,11.227121353149414,4.921875,0.6567439368825904
02672,0.7809205517599342,0.4216046629654122,1,0.18457436561584473,0.35157299041748047,0.3942801356315613,69.07498931884766,3.48183764063876,11.79642105102539,3.453125,0.3902156615147863
02673,0.7861761735497661,0.4579637631718596,1,0.22646743059158325,0.5156661868095398,0.45252665877342224,71.69497680664062,3.5786713791534814,10.08430004119873,4.33203125,0.5681418117399542
02674,0.7361537134630312,0.348060103162144,1,0.3411051630973816,0.6818205118179321,0.28322887420654297,58.404197692871094,5.975438831960177,15.013375282287598,2.1640625,0.6064829533765079
02675,0.8567547681538232,0.3896701957154789,1,0.20003867149353027,0.3751668930053711,0.5300622582435608,75.58991241455078,4.752479707577577,11.722649574279785,4.91796875,0.5822830889364242
02676,0.7492803417353381,0.3895041530329726,1,0.34328216314315796,0.5639188289642334,0.39320534467697144,63.66254806518555,6.089418395638921,14.913033485412598,4.07421875,0.39810712810339616
02677,0.7987016690149298,0.45677012651578164,1,0.25136256217956543,0.5971821546554565,0.6052665710449219,75.51407623291016,4.478686545647965,7.409145355224609,4.97265625,0.49971145342233475
02678,0.5606407242621148,0.28311464419116944,1,0.4192126393318176,0.6278812885284424,0.3732389807701111,64.1943588256836,6.382627645485667,12.142239570617676,3.90625,0.4492347299200898
02679,0.8626181834198918,0.42365928566826316,1,0.240747332572937,0.352738618850708,0.38875260949134827,69.41899108886719,6.312715412007888,14.481361389160156,3.302734375,0.1874826843374811
02680,0.7623146586134634,0.3388772848215911,1,0.3882812261581421,0.6946805715560913,0.3527108132839203,67.93876647949219,6.3954052856222,12.343498229980469,2.146484375,0.21873154043458495
02681,0.833557840826479,0.37525627568887887,1,0.36077648401260376,0.7796651721000671,0.2923785448074341,68.267578125,6.832129563845569,12.754636764526367,2.53125,0.24437398944885186
02682,0.8609447373383149,0.46707727096908563,1,0.24631178379058838,0.4516356587409973,0.5120317339897156,74.92564392089844,5.236747017692264,8.754619598388672,3.849609375,0.4172330808403145
02683,0.8848551755286782,0.40379310344827585,1,0.2600277066230774,0.5120574235916138,0.4837278723716736,69.70623016357422,5.509521184216366,11.760555267333984,4.48046875,0.5795069139116398
02684,0.7564017120551904,0.5081244196843082,1,0.29006528854370117,0.5004428029060364,0.5561925172805786,74.93004608154297,6.406089537397311,10.61008358001709,3.916015625,0.58039046792049
02685,0.7567910193623206,0.37513736263736264,1,0.2819538116455078,0.5857942700386047,0.49153411388397217,65.64803314208984,5.809820130862661,12.814513206481934,3.50390625,0.3711544001887987
02686,0.6609770885206995,0.40424254552731637,1,0.3003861904144287,0.5572051405906677,0.45397475361824036,68.7106704711914,7.960105920753295,9.561646461486816,3.646484375,0.5679701481871385
02687,0.8451199508490149,0.3793640542491357,1,0.27868759632110596,0.6230994462966919,0.3897934854030609,66.25212097167969,6.583516644177088,12.12653636932373,3.486328125,0.534199719995878
02688,0.878268566532661,0.3953468720953159,1,0.30806201696395874,0.5440177321434021,0.5233558416366577,73.91985321044922,5.543370818631977,10.313669204711914,4.18359375,0.3558676541833422
02689,0.7662043312496372,0.3594900705977957,1,0.3284103274345398,0.7282034754753113,0.3701087534427643,68.61371612548828,7.2039756793775265,10.639081954956055,3.529296875,0.5172894963930235
02690,0.830511225200847,0.4275460251674325,1,0.19408339262008667,0.4237158000469208,0.46958497166633606,73.14046478271484,3.845081179459181,12.097042083740234,4.03515625,0.39088962777935343
02691,0.4575252462586438,0.22923824959481362,1,0.3666672706604004,0.6302513480186462,0.276345819234848,65.57791900634766,7.393272370338436,14.484061241149902,3.125,0.384975530755102
02692,0.6651999528498388,0.3195674536467873,1,0.3453822135925293,0.4744786024093628,0.3909838795661926,67.985107421875,5.2147996971051604,14.73111629486084,2.6171875,0.2689543318276582
02693,0.854202419481029,0.4062573758883848,1,0.3909382224082947,0.6948354244232178,0.27567365765571594,69.87948608398438,8.750009325609046,10.494747161865234,2.54296875,0.2529887641678613
02694,0.5614467334413608,0.344775311315647,1,0.28555625677108765,0.5089331269264221,0.47298938035964966,68.59872436523438,5.980789975004162,16.652912139892578,4.71875,0.5970069562768806
02695,0.8108015648528794,0.37335799650283963,1,0.28365492820739746,0.5047627091407776,0.32621636986732483,71.75472259521484,6.192846125057956,13.449722290039062,4.359375,0.38824194055086264
02696,0.8161413447379153,0.36905139265976655,1,0.2814396619796753,0.5440378189086914,0.47132688760757446,74.1305923461914,5.604405444122055,14.206681251525879,4.71484375,0.36174723655078045
02697,0.7213147154854309,0.3455849226610602,1,0.2676360607147217,0.5302514433860779,0.4267621636390686,71.0394515991211,4.0872382110779775,12.28056526184082,4.671875,0.33660671770124556
02698,0.475787274468836,0.24814983255467812,1,0.41158169507980347,0.523367166519165,0.32612311840057373,63.84725570678711,6.674068930185916,11.649399757385254,2.220703125,0.36793477826739446
02699,0.7615267904321029,0.4359579100145138,1,0.20930004119873047,0.49297896027565,0.5419529676437378,75.25944519042969,5.289725919834444,13.983091354370117,4.953125,0.5444273560444733
02700,0.7017557784732152,0.3280345040049291,1,0.29815518856048584,0.549572229385376,0.49450087547302246,69.078857421875,5.216870054182313,11.684654235839844,3.890625,0.5726506652559392
02701,0.7194837506120006,0.36095751622763333,1,0.277113676071167,0.4480415880680084,0.608485996723175,75.58967590332031,6.079826073318278,13.153446197509766,4.90625,0.5759016523628611
02702,0.7142448035390113,0.32615316984331333,1,0.3024510145187378,0.5775564908981323,0.5088481307029724,73.20277404785156,5.349239830291086,11.779332160949707,4.87890625,0.2916986805997724
02703,0.7692034452543642,0.3494243641231593,1,0.36098557710647583,0.5492464303970337,0.4597184956073761,73.06681060791016,6.102713672396792,11.273287773132324,4.16796875,0.3030681393224097
02704,0.7557524393682601,0.4557598499061914,1,0.3006652593612671,0.5411648154258728,0.5090571641921997,74.73649597167969,3.621214552866163,10.380455017089844,4.58984375,0.4309289123564014
02705,0.8939003509908993,0.41719368818296804,1,0.3380032181739807,0.5023390054702759,0.44443556666374207,72.5510482788086,5.389220691593677,10.048267364501953,3.943359375,0.3249265493004836
02706,0.8040573497512484,0.35436883159876686,1,0.4791609048843384,0.8068485260009766,0.38050633668899536,70.11624908447266,9.793755002024332,12.948769569396973,2.615234375,0.2116055276301506
02707,0.6836671713510218,0.37571122096819326,1,0.3681201934814453,0.7200040221214294,0.3662697374820709,64.8624496459961,6.080153530218084,12.95318603515625,3.583984375,0.4605447186834185
02708,0.8084457126863047,0.3725676683032157,1,0.2500529885292053,0.4163641929626465,0.5903915166854858,75.0998306274414,6.297772831606654,12.897052764892578,4.03125,0.5236978661105158
02709,0.6945323875424669,0.3214709554120494,1,0.3198513984680176,0.6668911576271057,0.4022926688194275,71.3651351928711,5.220201520187671,10.347768783569336,3.5703125,0.3146466763065602
02710,0.7388026994580025,0.39228367175487816,1,0.1801425814628601,0.3717517554759979,0.5466530919075012,75.82508087158203,3.777285544105489,13.225366592407227,4.98046875,0.4428923981299754
02711,0.6764922373189598,0.33151573207574975,1,0.3652399778366089,0.6074482202529907,0.4972156584262848,71.14490509033203,5.529350089246908,12.479964256286621,4.47265625,0.43811005720334273
02712,0.7489161539044864,0.3781130054449701,1,0.4547266960144043,0.7077000737190247,0.3076459467411041,65.83587646484375,6.851697987344262,11.38266658782959,2.205078125,0.39254896666215977
02713,0.798552185790101,0.37233039329894047,1,0.3224203586578369,0.6245929598808289,0.5408441424369812,74.20436096191406,5.847938797985536,8.610387802124023,3.94140625,0.414273527681597
02714,0.9114178320841793,0.4121396161790929,1,0.27707839012145996,0.46739402413368225,0.4270879328250885,74.48805236816406,7.878293990966042,15.50192928314209,3.85546875,0.3728729966301153
02715,0.7770795494662454,0.38787544956744324,1,0.25079041719436646,0.43037933111190796,0.5203242897987366,74.73587799072266,4.167593183667818,10.892430305480957,4.81640625,0.3515214167499108
02716,0.8506372935850102,0.46452027204530194,1,0.15410715341567993,0.30074381828308105,0.46809789538383484,75.28646850585938,3.963770677898558,12.439764022827148,4.8515625,0.48178163133238194
02717,0.812001220895919,0.4023401323665605,1,0.30181223154067993,0.5306807160377502,0.5017044544219971,72.99275207519531,5.8509945605866545,10.06753921508789,3.55078125,0.4844473844002589
02718,0.7459888129698238,0.3272798761457745,1,0.4430375099182129,0.6715481877326965,0.566466748714447,73.06251525878906,6.7599350828099745,9.508915901184082,3.787109375,0.47442468306640895
02719,0.9122396484868401,0.4124478817293401,1,0.3230968117713928,0.6194851994514465,0.4296601116657257,71.76934051513672,7.999933391315319,11.368101119995117,3.8828125,0.17119287886871826
02720,0.6232594307749935,0.32749943664087733,1,0.2516622543334961,0.4612959921360016,0.45158734917640686,70.38130950927734,3.9518712698659133,9.694124221801758,4.95703125,0.3517020929675783
02721,0.7468775864264515,0.35732,1,0.23586446046829224,0.3273700475692749,0.5860506296157837,74.52012634277344,4.575384146861173,11.820744514465332,4.98046875,0.5140455569783657
02722,0.8280410622360087,0.41887199836606076,1,0.18103468418121338,0.38658785820007324,0.36714181303977966,68.01850891113281,4.183646902304151,13.774205207824707,3.546875,0.4309730533435893
02723,0.967301107627041,0.8055603622310665,1,0.18221718072891235,0.24232147634029388,0.5985724925994873,73.47737121582031,11.799004582795265,9.25792121887207,4.1484375,0.735528019168031
02724,0.7051237534428231,0.31275618953926876,1,0.3386805057525635,0.49612581729888916,0.3724741041660309,68.17489624023438,7.1145296904017945,13.348103523254395,3.568359375,0.16909099686372475
02725,0.7656050642992506,0.3823093220338983,1,0.3955536484718323,0.6429111957550049,0.4479907751083374,72.3852310180664,7.413750106992112,10.014790534973145,4.40234375,0.5021193147758843
02726,0.8147237808798884,0.3724455973483211,1,0.2992522716522217,0.6802650690078735,0.4226866066455841,73.83003234863281,6.988957241728938,11.837472915649414,3.74609375,0.4836145003561403
02727,0.7098261657696542,0.3516340929365015,1,0.21520596742630005,0.46064019203186035,0.5370916724205017,67.39335632324219,4.485544317180785,15.833233833312988,4.8671875,0.4777044150467524
02728,0.8589650794534018,0.41676642006318804,1,0.2669790983200073,0.5099040269851685,0.45553991198539734,74.49468994140625,5.609083605442545,11.61316967010498,4.46484375,0.42196100994152497
02729,0.8329482168377415,0.44053376842841324,1,0.2059580683708191,0.42850184440612793,0.4867776036262512,73.35370635986328,4.017362052131149,8.703245162963867,4.93359375,0.38725346628158075
02730,0.6611951610588187,0.3174302762663302,1,0.3285755515098572,0.519461989402771,0.5016667246818542,70.05317687988281,6.609636284783021,10.498185157775879,3.130859375,0.21945418895273408
02731,0.6686549889232367,0.3068987209058503,1,0.3282191753387451,0.618421733379364,0.3077988624572754,69.46334838867188,8.719112098187098,17.673246383666992,2.251953125,0.403181053252054
02732,0.8133536925456466,0.44160182197760484,1,0.2608729600906372,0.4172142744064331,0.41238242387771606,71.12785339355469,4.8349793020483816,8.971152305603027,3.24609375,0.5218882182398636
02733,0.657508177148551,0.3181314743631507,1,0.2429424524307251,0.42637336254119873,0.5653762817382812,75.40109252929688,5.378180630148118,11.352692604064941,4.953125,0.5618248807402528
02734,0.6306147250661939,0.3060659729909232,1,0.2563314437866211,0.5672402381896973,0.4749116003513336,66.93791198730469,4.613228169956854,15.197481155395508,4.390625,0.4539434763551925
02735,0.7596251719332289,0.4180308862403191,1,0.16682285070419312,0.40836119651794434,0.4800167679786682,69.91243743896484,4.5158380605937545,15.427528381347656,4.71484375,0.5324315538575377
02736,0.7492302140621122,0.4037112279305506,1,0.27559787034988403,0.5238012075424194,0.4482054114341736,72.80542755126953,4.5747928045056705,7.712436199188232,4.24609375,0.28942172807408967
02737,0.5893784227881261,0.2639962299717248,1,0.4664768576622009,0.792152464389801,0.33325469493865967,68.22600555419922,7.007699330965604,11.614622116088867,2.283203125,0.18252694498358574
02738,0.8525258075916451,0.5477701488011436,1,0.3654714822769165,0.46462881565093994,0.4722602069377899,71.67495727539062,4.885910889519756,8.977993965148926,3.15234375,0.3654329590732844
02739,0.7423604441077994,0.32210734168883526,1,0.36774778366088867,0.617889940738678,0.364443302154541,74.38756561279297,7.7463681094823205,8.684283256530762,4.17578125,0.27713885047198145
02740,0.8683815149522672,0.4046772346452896,1,0.28213250637054443,0.45651036500930786,0.5250288844108582,75.03040313720703,6.451605209447244,9.652243614196777,4.59375,0.5321667568615028
02741,0.7682105821356562,0.4640151515151515,1,0.2116982340812683,0.4509058892726898,0.4987340271472931,72.52080535888672,4.227871289572337,15.519929885864258,4.66796875,0.5923272675493317
02742,0.9137483559490926,0.41801196540858676,1,0.21328043937683105,0.4211854636669159,0.5368976593017578,74.21903991699219,5.818601242661452,10.777139663696289,4.84375,0.3631542746213738
02743,0.549058496727157,0.26176567115195276,1,0.36142802238464355,0.5590605139732361,0.40616363286972046,72.19210052490234,6.6256442607350206,16.38825225830078,3.201171875,0.48710129115339884
02744,0.35363576638374083,0.20063967548170683,1,0.38586634397506714,0.6148131489753723,0.41646337509155273,68.50141143798828,7.512546132589971,12.305401802062988,2.103515625,0.445261916698072
02745,0.8265620199142221,0.3848541702200239,1,0.44269829988479614,0.6820737719535828,0.2854733467102051,59.303489685058594,8.33234058567979,10.791646003723145,2.396484375,0.4824570903162799
02746,0.9201002539679894,0.40722643692940724,1,0.26010406017303467,0.4731200635433197,0.46017271280288696,69.13417053222656,6.246017488353418,11.762102127075195,3.505859375,0.3481523283039867
02747,0.7979687345859984,0.47344461305007585,1,0.2591097354888916,0.5884683728218079,0.4624698758125305,75.3484878540039,7.012353964108864,12.21007251739502,3.734375,0.6380801346385249
02748,0.8631424167367355,0.3877763630049774,1,0.3009687066078186,0.5155918002128601,0.4563608467578888,74.96329498291016,6.660400329083814,11.141218185424805,4.3203125,0.3452373426410298
02749,0.44574540395816153,0.21988668458259872,1,0.26465660333633423,0.5381490588188171,0.5123487710952759,69.88561248779297,5.151680893092727,12.677092552185059,4.6484375,0.302823421865913
02750,0.6871077344517581,0.3139576605669178,1,0.2609175443649292,0.5019508004188538,0.4634443521499634,65.20279693603516,5.9124895156107025,15.132694244384766,3.90234375,0.44497521854279454
02751,0.8325611936830672,0.4121306376360809,1,0.2906879782676697,0.5643126964569092,0.4595719575881958,75.25081634521484,4.825486897400907,9.765583038330078,4.5234375,0.380767557266263
02752,0.8059327396010427,0.43830184278049916,1,0.31147509813308716,0.5817466378211975,0.3255343735218048,68.00102233886719,6.45961615020198,9.462469100952148,2.4296875,0.3548936270124716
02753,0.865078643752553,0.4129654831127057,1,0.2979635000228882,0.5747063755989075,0.3272175192832947,73.82471466064453,6.852709414644196,12.63040542602539,3.06640625,0.44481836679272263
02754,0.8976096453423819,0.41942188455156754,1,0.374367356300354,0.7247967720031738,0.3583325743675232,72.78031921386719,6.110620551471033,7.913683891296387,2.546875,0.43935633430612075
02755,0.837023201778374,0.4075791946852467,1,0.25120729207992554,0.5123271942138672,0.43460655212402344,73.60057830810547,4.79437922230313,11.845036506652832,4.2890625,0.2703206069002857
02756,0.7498105910702382,0.3865227537922987,1,0.33486729860305786,0.7039673924446106,0.3943674564361572,65.40304565429688,6.790263869361169,12.61874771118164,3.611328125,0.733271553485683
02757,0.7010504583676032,0.3036114570361146,1,0.2818565368652344,0.512580394744873,0.38233682513237,71.83955383300781,5.887794506532409,12.181467056274414,3.97265625,0.3521423126161745
02758,0.7397535558126436,0.32898778240393145,1,0.33880895376205444,0.674763560295105,0.3232896625995636,69.35415649414062,5.301926723915119,12.762150764465332,2.408203125,0.6086707235162839
02759,0.6412087772697628,0.38268776898514506,1,0.3317250609397888,0.5900264978408813,0.45713916420936584,67.85699462890625,6.271508940956251,14.52324104309082,3.67578125,0.5382313672775663
02760,0.8012045471934729,0.4398515589024027,1,0.17111635208129883,0.34148380160331726,0.5406390428543091,72.3641128540039,4.4704773656027434,13.224482536315918,4.91796875,0.5324949624730219
02761,0.6893815691855775,0.3939690356528485,1,0.40093737840652466,0.5510624051094055,0.4271003305912018,71.41661834716797,5.157744285815976,11.503153800964355,3.1640625,0.5009040792826924
02762,0.8814846175570629,0.4736615472943878,1,0.27105700969696045,0.6107150912284851,0.47223013639450073,70.1064453125,5.755572743700239,15.123385429382324,4.49609375,0.7464144461909278
02763,0.7848540237977889,0.4026438606050556,1,0.33170878887176514,0.5313355922698975,0.2748909294605255,67.41056823730469,5.292427939113514,11.492618560791016,2.998046875,0.3417489931749188
02764,0.6774069240947046,0.3613323946793138,1,0.28854531049728394,0.4818663001060486,0.5590967535972595,74.5707015991211,6.440049251529869,10.375783920288086,4.95703125,0.4544741201552099
02765,0.7117034511129505,0.36234705228031144,1,0.3691740036010742,0.8442746996879578,0.3391493260860443,57.90116882324219,8.649617295840532,10.06234359741211,2.703125,0.5464898943902052
02766,0.7299809714085831,0.41698559020266895,1,0.25239312648773193,0.527559757232666,0.5639951229095459,75.64335632324219,4.464943711942409,5.70119571685791,4.9765625,0.42105129095552724
02767,0.8479149678644627,0.38804990151017726,1,0.22612953186035156,0.4832916855812073,0.4847269356250763,73.67117309570312,4.831798715814331,14.06224250793457,3.892578125,0.502949588597433
02768,0.8575686991043138,0.42206261766961856,1,0.24674773216247559,0.5358830690383911,0.43706557154655457,73.3862075805664,4.087349290485503,12.401082992553711,4.015625,0.345472111360479
02769,0.7275139661871229,0.39068018685199957,1,0.26587915420532227,0.5050109624862671,0.539143979549408,70.034912109375,5.8276013334364025,10.600530624389648,3.923828125,0.5011413367945019
02770,0.8146913775206513,0.3868678597886692,1,0.20862746238708496,0.46098965406417847,0.4825698435306549,74.90386962890625,4.966542834885856,12.900519371032715,4.86328125,0.6367694275976262
02771,0.7039258373720664,0.3725868135230228,1,0.22297924757003784,0.42600366473197937,0.348752498626709,69.14156341552734,4.674826738298279,14.35534954071045,4.01953125,0.580351655377622
02772,0.5796226338223279,0.48141761312957126,1,0.49619489908218384,0.7019110321998596,0.5609340667724609,73.4443130493164,5.057926917439257,4.512707710266113,3.84765625,0.4721686798416873
02773,0.6720150101335775,0.3100132625994695,1,0.3626413941383362,0.5615715384483337,0.4786618947982788,73.03645324707031,7.481608378061124,9.351041793823242,2.0625,0.7561168400523536
02774,0.7730657986233587,0.35930911449886477,1,0.3814094662666321,0.6898244619369507,0.4122507870197296,69.59774780273438,6.994915666482632,9.054448127746582,2.978515625,0.468228696040962
02775,0.749343378888915,0.3552904052854748,1,0.25586825609207153,0.5713344812393188,0.5243909358978271,74.09247589111328,5.452428437386846,14.936098098754883,4.3046875,0.5388658283908558
02776,0.7549733049427225,0.3453970213751061,1,0.24663561582565308,0.6128846406936646,0.4195357859134674,75.10094451904297,5.810530108179461,11.8623685836792,4.06640625,0.4555734984343233
02777,0.6751390143480585,0.35649318571470084,1,0.25280052423477173,0.443159282207489,0.4119558036327362,68.08650207519531,4.0684486925330825,12.980122566223145,4.265625,0.39722489367919317
02778,0.8660674389365243,0.40866817694050317,1,0.3195551633834839,0.5757308006286621,0.42576882243156433,76.22440338134766,5.364389722787037,13.46932601928711,3.681640625,0.4000720129770246
02779,0.8648427868584603,0.43011254300542306,1,0.1849077343940735,0.3629456162452698,0.4658879339694977,68.70404815673828,3.6646111968007506,14.897068977355957,2.634765625,0.27943640759878324
02780,0.760642705405055,0.4586630286493861,1,0.3366515040397644,0.5596439838409424,0.517259955406189,74.59246826171875,6.12996462965872,9.663597106933594,4.25,0.685097095447022
02781,0.4889756406890162,0.2591614271364262,1,0.2733572721481323,0.5557267069816589,0.5004348158836365,74.95696258544922,5.096777348955553,9.808361053466797,4.88671875,0.35086590463706385
02782,0.8382595412984833,0.3860410094637224,1,0.38601648807525635,0.737388551235199,0.3161146342754364,70.51132202148438,6.907789095375695,8.263802528381348,3.298828125,0.36997411747058534
02783,0.7351792170866215,0.3783148601009941,1,0.2661992311477661,0.5180054306983948,0.30641746520996094,68.15792846679688,5.630865635671618,11.91337776184082,2.962890625,0.40844414269077456
02784,0.7598186441917838,0.4118404118404118,1,0.22549057006835938,0.46391353011131287,0.3704060912132263,68.60169982910156,5.4058570330813644,14.97501277923584,3.9609375,0.5841685256244125
02785,0.7083114057888554,0.3668937848026839,1,0.2440032958984375,0.48738569021224976,0.3917171359062195,70.01898956298828,4.840920762657919,16.418371200561523,4.0078125,0.5484915919566209
02786,0.8426243180689376,0.4228750139618005,1,0.25760984420776367,0.4457356333732605,0.32580074667930603,71.2806396484375,4.451298068386055,14.803075790405273,3.6953125,0.4278350062066473
02787,0.7668917428680405,0.4038605097579183,1,0.25476598739624023,0.5311015844345093,0.4719620645046234,73.89376068115234,5.384766290096656,12.576007843017578,4.33203125,0.6974396847612829
02788,0.8497812727109585,0.5130600054303557,1,0.3155774474143982,0.451232373714447,0.5200057029724121,76.51428985595703,5.758217890685419,3.374635696411133,4.9453125,0.25733125189869527
02789,0.85791821088642,0.3861857252494244,1,0.25113677978515625,0.5327274799346924,0.472711443901062,73.76893615722656,6.3141732586709844,11.6068115234375,4.65625,0.42471547372296437
02790,0.45645389330809644,0.21432884984902553,1,0.4572058320045471,0.6888529062271118,0.3989548683166504,73.10376739501953,7.013379955502639,11.923807144165039,3.5703125,0.45621666100612007
02791,0.8071345252347818,0.37182132581592026,1,0.3311471939086914,0.6863906979560852,0.5027795433998108,68.3615493774414,3.9685355238300786,7.458794116973877,4.16015625,0.41908789493848886
02792,0.6595181358388992,0.3534522599131158,1,0.2072439193725586,0.41602081060409546,0.5083938837051392,70.9368896484375,4.12067710427727,12.767192840576172,4.796875,0.4355418968850615
02793,0.866123085447354,0.4010660784854333,1,0.30123233795166016,0.5858263969421387,0.4147377014160156,69.34473419189453,5.882923462349814,10.16861343383789,4.71484375,0.2443930082005895
02794,0.8950829282531823,0.42187845484845754,1,0.2861883044242859,0.5162704586982727,0.3511463701725006,71.89707946777344,5.761029940547586,9.722193717956543,4.10546875,0.22511794142713998
02795,0.8348916102593285,0.387174184983789,1,0.24462127685546875,0.5070911645889282,0.588250458240509,75.01406860351562,4.694646453782511,14.156301498413086,4.26953125,0.5398784786030573
02796,0.8374889314297884,0.40563316978163977,1,0.27398425340652466,0.5097034573554993,0.45636868476867676,71.5909652709961,5.6321155672001995,10.82274055480957,3.77734375,0.2847937643637141
02797,0.8148362271299832,0.3832606452042481,1,0.22169548273086548,0.5490757822990417,0.5282742381095886,73.25015258789062,5.170296138028444,15.115558624267578,4.640625,0.5623007919774275
02798,0.8070252799912099,0.4105477627145208,1,0.29516154527664185,0.6589170694351196,0.5043069124221802,73.72408294677734,3.9420393682808386,10.42690372467041,4.78125,0.3745544893715318
02799,0.7740665706106209,0.6113476581839786,1,0.3528534770011902,0.5288707613945007,0.3940677344799042,66.99040222167969,6.43674277004203,6.616616725921631,3.298828125,0.6455067091255128
02800,0.7583735827248135,0.42144360529899716,1,0.26627427339553833,0.45212477445602417,0.4744289517402649,76.80101776123047,6.283559871486459,9.778042793273926,4.12109375,0.6014337065593088
02801,0.6511611670403976,0.39028242289111853,1,0.27361583709716797,0.4546530246734619,0.5993695259094238,77.74983215332031,5.226170034641253,11.643423080444336,4.01953125,0.39266054473156947
02802,0.5525358120157928,0.2833333333333333,1,0.23079711198806763,0.5166414976119995,0.5558140277862549,72.42253112792969,6.085702052129996,17.413532257080078,4.83203125,0.5963098572241402
02803,0.8582124590268219,0.449389523434423,1,0.2812231779098511,0.4219726622104645,0.35409554839134216,69.32086944580078,5.187908564066664,12.920235633850098,3.404296875,0.39724631930145954
02804,0.7883357518653811,0.4148188846591578,1,0.23919081687927246,0.5580817461013794,0.4559389650821686,74.57456970214844,5.575525269639305,9.621009826660156,4.98046875,0.5916228207828932
02805,0.8866639053780639,0.4511363636363636,1,0.2680262327194214,0.42011603713035583,0.5240950584411621,74.5839614868164,4.3544513193266425,7.446739673614502,4.32421875,0.47925660072794435
02806,0.7265489749732474,0.3569019200830306,1,0.24612325429916382,0.48429882526397705,0.35156965255737305,69.28890991210938,3.054724424560282,11.591658592224121,3.62890625,0.3203251670236702
02807,0.8296891347384999,0.5189103028546588,1,0.21874797344207764,0.39350879192352295,0.5194299817085266,74.2168960571289,4.029660241419133,13.506647109985352,4.86328125,0.5180784911724078
02808,0.581574342710346,0.27746826959326437,1,0.3099403381347656,0.49093717336654663,0.5212683081626892,75.31990814208984,8.577131522005924,12.454225540161133,3.958984375,0.5249223422874643
02809,0.6741032856448598,0.4368820039551747,1,0.2773783802986145,0.4283011555671692,0.5686206221580505,75.16625213623047,5.052953733103671,10.746185302734375,4.20703125,0.5276785663534018
02810,0.7732975214909882,0.4072771022841205,1,0.2058846354484558,0.39246702194213867,0.5135723948478699,74.67198181152344,3.785986661261075,11.614078521728516,4.875,0.37595157351089936
02811,0.8223679160447132,0.5255862252167404,1,0.18792247772216797,0.3010159730911255,0.515647828578949,74.27020263671875,4.996061590005518,10.391389846801758,4.8046875,0.5488903255346732
02812,0.6458172998831927,0.33099745922465373,1,0.23026669025421143,0.47763657569885254,0.3287336826324463,69.21658325195312,4.739344380132797,13.70846939086914,3.697265625,0.4027880891317785
02813,0.8781618793678113,0.46715272152142884,1,0.213872492313385,0.3956064283847809,0.493088036775589,74.98135375976562,4.843443721491072,12.004398345947266,4.3046875,0.5532853902292345
02814,0.7774287368378454,0.36060961313012896,1,0.3109336495399475,0.7089917659759521,0.5350078344345093,75.77851104736328,6.268604562857027,12.710258483886719,4.359375,0.6170312756948899
02815,0.743591487895547,0.3368487660831048,1,0.3972780108451843,0.7409138679504395,0.5103482007980347,72.13446044921875,6.28121720792461,8.970231056213379,3.216796875,0.2530520090904977
02816,0.8119205351237363,0.4279306544986109,1,0.23432862758636475,0.4431495666503906,0.4870121479034424,74.86961364746094,4.98433179569652,9.886754035949707,4.70703125,0.39074560175054385
02817,0.6237204164746655,0.34997414833113116,1,0.34933626651763916,0.7063747644424438,0.42702555656433105,69.44587707519531,7.778423986198549,13.257833480834961,3.98828125,0.46163669589921447
02818,0.8044781425588227,0.3531977365697915,1,0.24213933944702148,0.4353596270084381,0.49171826243400574,74.9316635131836,4.971820139697749,13.506128311157227,4.73828125,0.4553321556120835
02819,0.8505882523631592,0.4338283901106165,1,0.28252625465393066,0.5272426605224609,0.49700263142585754,72.28927612304688,3.5104928655937395,9.88848876953125,4.84765625,0.3490438053660668
02820,0.9185305269002828,0.4117731176554706,1,0.31134408712387085,0.5535837411880493,0.35515591502189636,72.69515991210938,6.172072531568388,12.479028701782227,2.912109375,0.25494462072353496
02821,0.7191904047167985,0.3671758011380653,1,0.269294798374176,0.46326419711112976,0.5052899718284607,69.63501739501953,5.30356594849583,14.450577735900879,4.29296875,0.5902279983106278
02822,0.958596801273664,0.429371755364926,1,0.36642879247665405,0.675532341003418,0.4947545826435089,73.4716567993164,9.053132529153748,12.256026268005371,3.939453125,0.12439628048973368
02823,0.6116127124956127,0.27855234393976197,1,0.21996331214904785,0.4990108609199524,0.48030877113342285,71.74278259277344,5.754681620706894,12.362445831298828,4.2109375,0.4389979859277031
02824,0.7567344742242681,0.39312459164698194,1,0.22365820407867432,0.3998018205165863,0.5675830245018005,74.9288330078125,3.7362019441411567,10.789688110351562,4.875,0.3936806286255904
02825,0.5485856037135223,0.29131960593632406,1,0.3710065484046936,0.6426112651824951,0.43647411465644836,69.27922821044922,6.343851129445087,12.131681442260742,4.4921875,0.4645633118364442
02826,0.8141293459861023,0.3810967430380426,1,0.2467535138130188,0.6315510869026184,0.422526478767395,73.466064453125,5.111923246335519,11.880167961120605,3.8359375,0.3213319654327733
02827,0.5090658262722202,0.25495195136301235,1,0.3500593900680542,0.7125385403633118,0.568595290184021,74.8567123413086,5.101121724796179,8.163007736206055,4.37890625,0.6891891563489518
02828,0.767073657480611,0.41939315408703165,1,0.28046494722366333,0.5125558376312256,0.4360091984272003,64.7177963256836,5.470986562960838,16.474166870117188,4.82421875,0.6543667017920245
02829,0.43375882949431127,0.21159114857744996,1,0.24997872114181519,0.5179762840270996,0.4961857497692108,69.59855651855469,5.35239858730499,13.20632553100586,4.1171875,0.4309219884348002
02830,0.9172549434977219,0.44238097657639347,1,0.21457123756408691,0.4458232820034027,0.5037767291069031,74.61394500732422,4.525366016838062,10.295101165771484,4.88671875,0.4521453235794901
02831,0.7798174651557652,0.4435194942044257,1,0.2950584888458252,0.6066569089889526,0.49126672744750977,69.39105224609375,5.547256887316887,12.439261436462402,4.37109375,0.4375837670830209
02832,0.8661859637135202,0.43680245535714285,1,0.2196955680847168,0.3320764899253845,0.5526207685470581,71.28622436523438,6.837214197126118,16.434803009033203,4.3203125,0.70868010433974
02833,0.6435009333532434,0.34126869619583516,1,0.2509174942970276,0.4836994409561157,0.5069897174835205,74.40760040283203,3.4322467976235678,12.185232162475586,4.9765625,0.37148686424276023
02834,0.8375733846536503,0.41434169737380827,1,0.2518269419670105,0.424025297164917,0.5522850751876831,73.74723815917969,6.887576793034145,13.525167465209961,4.88671875,0.6179371954013472
02835,0.6792730234472214,0.2894770224297988,1,0.5572189092636108,0.7670598030090332,0.37013229727745056,67.02613830566406,10.486860871119713,13.775857925415039,2.220703125,0.20872762159032152
02836,0.8050038512732599,0.45671887881286066,1,0.33260512351989746,0.6335342526435852,0.4381052851676941,69.24283599853516,6.802616785184606,9.035836219787598,3.20703125,0.556060598176221
02837,0.7115243718474596,0.343921626836871,1,0.23755526542663574,0.6015769839286804,0.5218398571014404,70.83771514892578,5.259318196020129,10.416193008422852,4.61328125,0.3602689712566796
02838,0.6710623537310221,0.3595309199504698,1,0.34383392333984375,0.583636462688446,0.40832915902137756,70.85975646972656,4.476008462661195,10.813084602355957,3.47265625,0.29942402470550883
02839,0.8846753674192647,0.4878871239684089,1,0.24395430088043213,0.34212997555732727,0.5751659870147705,74.7608871459961,6.65216683955227,12.583168029785156,4.35546875,0.5445718443535796
02840,0.7156738101529531,0.411300731392514,1,0.3447777032852173,0.6557473540306091,0.42903557419776917,62.70550537109375,6.342078964338989,9.838543891906738,3.21875,0.5357854035988086
02841,0.9229706423310057,0.4556693383883131,1,0.40608304738998413,0.6346761584281921,0.3982098400592804,71.19464111328125,5.389025869976921,7.792757987976074,3.125,0.11710713734198025
02842,0.7874640886908021,0.5095392368610511,1,0.2843226194381714,0.3954715430736542,0.49009090662002563,66.75196838378906,6.15609502131802,16.396595001220703,4.14453125,0.5297257054361544
02843,0.8331782268733761,0.4020571612246538,1,0.3065637946128845,0.6829808950424194,0.45088520646095276,73.7661361694336,6.1941167783476985,10.435486793518066,4.48828125,0.281968581285817
02844,0.7256778968880856,0.3252175762086301,1,0.3355078101158142,0.5859560966491699,0.4631005823612213,73.11852264404297,5.875442861133083,7.889430046081543,4.2734375,0.19851036877379483
02845,0.8597462139785317,0.4914531130009386,1,0.18678319454193115,0.3169350028038025,0.3752106726169586,68.91203308105469,4.194400070821206,14.327461242675781,4.1796875,0.43286839817789535
02846,0.425398499929815,0.21084190908354267,1,0.39675211906433105,0.6461881995201111,0.47287803888320923,69.28784942626953,6.473494452437779,10.677494049072266,3.865234375,0.5028976915894711
02847,0.6244615523238556,0.314087142475274,1,0.24851828813552856,0.5157784819602966,0.3309118449687958,70.4928207397461,6.5790552237192825,15.604940414428711,3.685546875,0.48705710329434243
02848,0.46639074763559274,0.21965195806596424,1,0.3291477560997009,0.5493226051330566,0.470268577337265,63.865234375,6.151061707942757,15.182313919067383,4.19921875,0.3969648196436941
02849,0.800129910372947,0.423062478999071,1,0.2524746060371399,0.49648967385292053,0.34944894909858704,73.27449798583984,4.485486704699519,10.164484024047852,3.3984375,0.3936017612704314
02850,0.8373289952203735,0.4268562812947899,1,0.33696645498275757,0.457080215215683,0.2442823350429535,69.70159912109375,5.2549525191941,12.93938159942627,2.517578125,0.38357728415339276
02851,0.5219915553506976,0.24563323556450553,1,0.35409998893737793,0.5526602864265442,0.48609215021133423,75.85507202148438,4.7934932427840495,9.502066612243652,4.5546875,0.3339277420118696
02852,0.8798835798354149,0.5045742302706967,1,0.21208345890045166,0.3955741822719574,0.5285472273826599,73.7486572265625,5.364821510608638,12.99024772644043,4.765625,0.6006754480691463
02853,0.7679426471257933,0.3491312806064265,1,0.3460128903388977,0.6466724872589111,0.42849087715148926,72.67657470703125,6.892835594061664,10.12399673461914,2.658203125,0.22709765271765917
02854,0.8699536046446592,0.5250689972401104,1,0.2166869044303894,0.4027678668498993,0.5415249466896057,71.516845703125,4.548172039479074,15.347596168518066,4.00390625,0.5558189661758216
02855,0.5831048328460506,0.29525596354864647,1,0.40250760316848755,0.5501461029052734,0.29824596643447876,64.6815414428711,6.97616447410182,13.680740356445312,1.990234375,0.3926501744204259
02856,0.7565930090982993,0.6335629999208047,1,0.39572036266326904,0.5816445350646973,0.5508086085319519,64.63800811767578,5.688069409615397,8.181925773620605,2.546875,0.6309501127078977
02857,0.6599223527075251,0.3207683705019407,1,0.27909934520721436,0.5227048397064209,0.5275402069091797,72.29225158691406,6.479752436457108,11.675740242004395,4.39453125,0.5737089740977753
02858,0.8217831842723471,0.4453618394072778,1,0.21533387899398804,0.40787839889526367,0.5422359704971313,71.77503204345703,4.338853951739578,15.206850051879883,4.97265625,0.460602501725458
02859,0.7197474723277879,0.3801853085447829,1,0.2077242136001587,0.38308000564575195,0.604159414768219,72.64176177978516,5.406544724544278,10.056083679199219,4.84375,0.46692396870164343
02860,0.7472994298880639,0.41021809513644286,1,0.3393964171409607,0.5266196131706238,0.5680683851242065,71.63184356689453,5.05971795304729,5.591938018798828,3.3046875,0.33612931988936023
02861,0.8576555126081685,0.40998551376192616,1,0.448091983795166,0.6384574174880981,0.2754562497138977,65.87187957763672,8.36241809041596,11.073963165283203,2.130859375,0.20651892805608324
02862,0.6877292215948984,0.2970753562218499,1,0.30581337213516235,0.6321917772293091,0.3883950412273407,71.21074676513672,7.005410395100358,13.746644020080566,4.29296875,0.24422613801732349
02863,0.8561649897877531,0.41849111870517103,1,0.18608832359313965,0.3943237364292145,0.4832824766635895,74.98904418945312,5.650365994336747,13.187244415283203,4.4453125,0.40017183018702496
02864,0.7646591149938887,0.4047114355018466,1,0.2939491271972656,0.5428785681724548,0.31852489709854126,67.89803314208984,5.372050695645157,14.135266304016113,3.220703125,0.4238196114491713
02865,0.770466425211251,0.42812738853503185,1,0.2647969126701355,0.5752815008163452,0.43325141072273254,73.87254333496094,4.213429516914882,12.563543319702148,4.1015625,0.49356042741787665
02866,0.8849523972657144,0.4906881082016534,1,0.29557639360427856,0.45609715580940247,0.5098457932472229,72.72245788574219,3.8279665852906826,10.057435035705566,2.642578125,0.28307418341134155
02867,0.8104249536528736,0.4007226964052084,1,0.2535911798477173,0.5833951234817505,0.4153372347354889,73.99578857421875,5.962965277533102,12.780314445495605,3.55859375,0.5600745603806914
02868,0.5805169951114557,0.3081032947462155,1,0.3483315706253052,0.7824829816818237,0.4360258877277374,64.39728546142578,7.781933124211928,15.659215927124023,3.390625,0.5595853204903943
02869,0.8381683749091877,0.48287574299462216,1,0.19466257095336914,0.3619440793991089,0.5630621314048767,72.35879516601562,5.318081692168306,13.701619148254395,3.90234375,0.5386476142157745
02870,0.7012562371452065,0.3360626836434868,1,0.30301934480667114,0.6570709943771362,0.4192441999912262,68.77983093261719,6.050259124655969,11.475240707397461,3.84375,0.42357684401672796
02871,0.8184890769264271,0.4125259431082896,1,0.39646899700164795,0.7231398820877075,0.2769465148448944,68.90501403808594,6.074357633984404,4.761660575866699,3.037109375,0.36546453536046547
02872,0.8070264143947538,0.34801376156591235,1,0.2959368824958801,0.557385265827179,0.49635592103004456,73.763916015625,7.823880409770701,12.292764663696289,3.779296875,0.37466909621394573
02873,0.8360290692366456,0.43152892857995656,1,0.20328986644744873,0.38856950402259827,0.5958566069602966,75.03804016113281,4.0792472627492815,14.3652925491333,4.33984375,0.5235044350633423
02874,0.7744107453540137,0.45607055235063987,1,0.2831850051879883,0.34351080656051636,0.39188826084136963,71.59076690673828,5.015617726280343,12.860299110412598,4.02734375,0.14017126042017816
02875,0.5889632568041537,0.3774030716356997,1,0.32735294103622437,0.6136172413825989,0.38572046160697937,74.08436584472656,7.01044991107737,12.01333999633789,3.255859375,0.643055171751468
02876,0.8674679420037977,0.4574210699244302,1,0.2942968010902405,0.5659859776496887,0.5353087782859802,74.02903747558594,3.6706638096636808,9.511056900024414,4.15625,0.2986833792152787
02877,0.5566520587278158,0.31733163472117665,1,0.3164275884628296,0.5599620342254639,0.36611467599868774,71.7063980102539,6.310029504631531,12.567900657653809,3.78515625,0.46082503650162
02878,0.863537022465752,0.40285649114803573,1,0.24068772792816162,0.46538421511650085,0.43089762330055237,74.23310089111328,4.195981420480806,13.238502502441406,4.23046875,0.5394631603553871
02879,0.8022678387928674,0.3542098714226462,1,0.3777011036872864,0.45256102085113525,0.3861544132232666,64.73638916015625,6.477000680191355,15.732340812683105,1.9296875,0.6508557466206284
02880,0.9010983818693244,0.4142580602095988,1,0.23400825262069702,0.42963218688964844,0.4084900915622711,73.5219497680664,5.4505375892859576,12.270475387573242,3.62109375,0.4485710060999765
02881,0.6390592912269093,0.3157118268994345,1,0.2871631979942322,0.5374066829681396,0.5540328621864319,72.93523406982422,4.662589344126789,9.873793601989746,4.8125,0.25340146839349437
02882,0.824668286372779,0.4388900963558647,1,0.22582387924194336,0.4443877339363098,0.5433774590492249,72.02742767333984,5.898000155139481,10.202795028686523,4.51171875,0.5525415511598624
02883,0.7708316228428987,0.38012082594451624,1,0.294830322265625,0.5572717189788818,0.3433816730976105,74.29524993896484,4.820643765969721,12.033170700073242,3.1015625,0.3176216836963543
02884,0.8522656650510049,0.5165770785106133,1,0.2366936206817627,0.4361386299133301,0.5068334937095642,73.03833770751953,4.242950077182194,10.910724639892578,4.171875,0.5415135170904102
02885,0.5557572560082592,0.31964520367936927,1,0.40334904193878174,0.7218440771102905,0.35962557792663574,74.3327407836914,6.342127110611804,6.387523651123047,3.744140625,0.452654771699304
02886,0.760895982818286,0.4125960284099145,1,0.27998483180999756,0.4882267117500305,0.4374481439590454,71.44244384765625,5.586238316501978,12.561708450317383,4.24609375,0.4195075060862865
02887,0.8503981760379201,0.5414548200352378,1,0.17458808422088623,0.2563427984714508,0.6013787984848022,74.92249298095703,5.23519231948461,15.18785285949707,4.87890625,0.6320413915767223
02888,0.8626079135125438,0.39953885303752446,1,0.33183813095092773,0.5306805372238159,0.309121698141098,70.60907745361328,5.875186738547102,13.15323257446289,2.658203125,0.3719237325399623
02889,0.6748785797761538,0.3237274934713886,1,0.3509954810142517,0.6782796382904053,0.3049817681312561,70.531494140625,7.327130795101413,14.926175117492676,3.177734375,0.37973556531278896
02890,0.3348111166091831,0.13844957220637802,1,0.30799853801727295,0.503389298915863,0.5284044742584229,57.787357330322266,6.991385856061181,11.129484176635742,4.65234375,0.5585278459847168
02891,0.7336464662940639,0.3795142996312017,1,0.32262933254241943,0.5949920415878296,0.3842850923538208,68.63615417480469,5.980245460672522,11.684149742126465,4.15625,0.41463899464987014
02892,0.7917903448486069,0.4484311242437034,1,0.25496387481689453,0.5384197235107422,0.5439533591270447,75.4234390258789,5.089287737744176,9.720431327819824,4.95703125,0.4442961275733247
02893,0.7151331967946807,0.38057758672882486,1,0.28992772102355957,0.536105751991272,0.4764643609523773,74.07340240478516,6.094951245293711,10.238141059875488,4.2265625,0.4909758386860355
02894,0.8236295370175458,0.3973420848167175,1,0.3219013214111328,0.566072940826416,0.44681501388549805,73.39918518066406,4.502925948374197,10.511276245117188,3.869140625,0.20966534192019426
02895,0.4468243396975873,0.18676455453017257,1,0.4128143787384033,0.630347490310669,0.39139652252197266,72.959716796875,6.426971645183715,15.768561363220215,2.8046875,0.2978083140138886
02896,0.8169691088000569,0.40857890818262604,1,0.270971417427063,0.48593389987945557,0.3552072048187256,72.72472381591797,3.7606908206794976,11.282110214233398,3.11328125,0.4142271202273781
02897,0.8226405295064135,0.3925790708937153,1,0.2683720588684082,0.47670266032218933,0.5761812329292297,74.89799499511719,4.799483473692445,11.431583404541016,4.96484375,0.6067915499044948
02898,0.8746076901794771,0.47280665336351096,1,0.3282424807548523,0.38543468713760376,0.4285139739513397,74.18350219726562,5.4487487002130495,8.867444038391113,4.2890625,0.4668811732256895
02899,0.8380757319004815,0.4458603586417398,1,0.20389437675476074,0.3713686168193817,0.4737306237220764,74.3753890991211,3.715682458721668,12.636245727539062,4.86328125,0.3331972328589556
02900,0.7952355283326981,0.4392182199967695,1,0.24402666091918945,0.4490061104297638,0.5192254185676575,72.83644104003906,4.506523038482635,8.648713111877441,3.861328125,0.5631405583354229
02901,0.902636076145457,0.4070868089124716,1,0.3849360942840576,0.6719142198562622,0.27865949273109436,71.47703552246094,6.7652636308764675,12.031696319580078,2.37109375,0.262721678938598
02902,0.560558568290125,0.3118271801170436,1,0.21672296524047852,0.310046523809433,0.3715151846408844,64.98719024658203,5.572144083443921,18.21360206604004,3.681640625,0.766060248656335
02903,0.8273378385210906,0.45499758672066815,1,0.19749796390533447,0.41860252618789673,0.5213317275047302,77.16287994384766,4.053016611454485,12.216529846191406,4.5390625,0.5037881080903707
02904,0.8412013795241373,0.4475140927327205,1,0.2825013995170593,0.4765508770942688,0.3099920451641083,72.15259552001953,4.059405900349597,9.911881446838379,3.615234375,0.4292233880610375
02905,0.4298332794148448,0.2085566906038232,1,0.2929922938346863,0.5837516784667969,0.5911263823509216,71.54641723632812,4.448790112817992,14.648083686828613,4.9375,0.3551128707128009
02906,0.7075835279870512,0.3635734072022161,1,0.3885669708251953,0.8389936685562134,0.36219531297683716,66.775634765625,6.925156690679496,8.671307563781738,3.38671875,0.4249477546819706
02907,0.8831060654134522,0.4289410032600694,1,0.314189076423645,0.5211247801780701,0.31831422448158264,72.33011627197266,5.749088393501272,12.407097816467285,2.916015625,0.31830615942595253
02908,0.9216874472449527,0.4262024358356843,1,0.2454526424407959,0.4985784590244293,0.4458017349243164,71.2389907836914,4.12246651367349,11.078632354736328,3.86328125,0.6164243921925714
02909,0.8107170406761522,0.4346383001877194,1,0.22013282775878906,0.4117790460586548,0.37164565920829773,61.921791076660156,5.806039275154278,20.928142547607422,4.66015625,0.5586580648591754
02910,0.7951268618675935,0.35527800289205635,1,0.22492259740829468,0.49789512157440186,0.5154491066932678,74.27250671386719,4.875702478307092,13.337431907653809,4.078125,0.4185064937706366
02911,0.8173731391966669,0.35869817002548066,1,0.28238439559936523,0.457521915435791,0.5009898543357849,75.36917877197266,5.786754751425481,10.683255195617676,4.42578125,0.32727053749547674
02912,0.7763222141686047,0.37798320605711677,1,0.39449167251586914,0.6472858190536499,0.4311906397342682,69.25965881347656,5.887757121872552,11.167305946350098,3.69140625,0.21229892407183315
02913,0.6645481062037784,0.36657028262288965,1,0.2548099160194397,0.49076929688453674,0.6065155267715454,73.00320434570312,7.244848761252554,11.162464141845703,4.94921875,0.38130841606431104
02914,0.6770589357080044,0.33052740079024223,1,0.2588714361190796,0.45914971828460693,0.3766797184944153,64.88480377197266,4.306767553744198,15.540220260620117,4.0703125,0.3305137081891204
02915,0.7673888990168862,0.4025528133457204,1,0.21269094944000244,0.47085049748420715,0.6116535663604736,74.6329116821289,4.748884410450455,8.04735279083252,4.95703125,0.5773094070909124
02916,0.5799919835806076,0.26843513081464365,1,0.30820655822753906,0.5048003196716309,0.3870525360107422,67.99713134765625,4.99700177849964,13.791023254394531,3.748046875,0.37461303813081454
02917,0.865264019666759,0.42920529426203197,1,0.3460695743560791,0.4214177131652832,0.4184800386428833,69.43363189697266,6.285060628230911,15.434301376342773,3.890625,0.4500646932927929
02918,0.6036634990636054,0.3472118454119405,1,0.34979552030563354,0.5364491939544678,0.32637304067611694,60.304786682128906,6.379703771414208,12.905016899108887,2.626953125,0.5848160338319679
02919,0.8208416684550967,0.46990328633979694,1,0.24331730604171753,0.42963677644729614,0.4773980975151062,72.00830841064453,4.930763267103231,13.060598373413086,4.23828125,0.4875051785527943
02920,0.8990918150535316,0.5154019058473422,1,0.14064931869506836,0.30680137872695923,0.5565997362136841,75.65296173095703,3.530401192508689,12.757615089416504,4.8671875,0.5461059941758961
02921,0.8567293169609853,0.45683588765055483,1,0.2306838035583496,0.38162440061569214,0.34217095375061035,67.05453491210938,4.072268957042066,13.235812187194824,3.376953125,0.3831493924317192
02922,0.861910362456616,0.4497660514686769,1,0.41867727041244507,0.577806830406189,0.34037020802497864,67.9073715209961,5.106279923430938,9.486714363098145,2.1875,0.3302110995635197
02923,0.8450459331381329,0.4219207878916045,1,0.2678358554840088,0.49810558557510376,0.3525313436985016,69.5255126953125,5.6934903297205635,15.765057563781738,3.861328125,0.47324946580598737
02924,0.8054510220115892,0.4495109612141653,1,0.32215672731399536,0.46794912219047546,0.29889726638793945,63.65422058105469,3.963414457572808,14.162758827209473,2.91015625,0.3988712837115073
02925,0.9207521625487719,0.4543448744059742,1,0.27859175205230713,0.4421861469745636,0.2925355136394501,72.0298080444336,3.5081729887344717,12.809805870056152,3.341796875,0.3773756439061578
02926,0.7812897255839452,0.3823330342667359,1,0.3332012891769409,0.3986693024635315,0.5202609896659851,74.11063385009766,8.02132549696751,11.815590858459473,4.19921875,0.47753670152265254
02927,0.5546762056443203,0.3241791284127811,1,0.33027976751327515,0.7047309875488281,0.39322933554649353,72.70726776123047,6.374064822521175,8.4183988571167,3.720703125,0.41630955854797164
02928,0.7699136259222013,0.39981468612462356,1,0.2739682197570801,0.5619340538978577,0.5072805881500244,68.6250991821289,5.511669086550208,15.451904296875,3.740234375,0.6365999743335884
02929,0.7672624512905121,0.34336321242827,1,0.4129559397697449,0.7130433320999146,0.25942203402519226,70.47764587402344,7.165322150212537,12.131355285644531,2.083984375,0.2833750646206093
02930,0.8271707442496582,0.37569247209021117,1,0.3278960585594177,0.5507977604866028,0.299675852060318,73.16980743408203,5.743799846573365,13.951225280761719,2.55078125,0.3869292112626291
02931,0.8117860500705535,0.372502937720329,1,0.26958632469177246,0.46347925066947937,0.4970385730266571,74.61985778808594,5.299871026681629,14.363455772399902,4.42578125,0.5020428241409349
02932,0.6516853645153161,0.35370190753313935,1,0.3268200755119324,0.6059296727180481,0.2446260154247284,54.43185043334961,6.208009913762177,9.10521125793457,2.46484375,0.5854480055920922
02933,0.8085089074973173,0.4004282655246253,1,0.2763737440109253,0.4943857192993164,0.2760441303253174,62.691612243652344,6.56206732733034,15.408387184143066,2.41796875,0.4239409995793559
02934,0.8585314073076068,0.41161038470417866,1,0.3398033380508423,0.6296896934509277,0.4705671966075897,70.11182403564453,6.9318025401995795,13.35157299041748,3.392578125,0.46704161054000476
02935,0.77809097778235,0.48982188295165396,1,0.19552212953567505,0.36667951941490173,0.44351834058761597,64.72554016113281,7.194210738750516,19.98984718322754,4.953125,0.6205664714745817
02936,0.8779594558283491,0.5002621629825869,1,0.17770731449127197,0.30005180835723877,0.5308313965797424,71.91787719726562,4.077822125253314,12.464938163757324,4.28125,0.49037761637027194
02937,0.8267621303408841,0.3663121710172951,1,0.29144227504730225,0.7541923522949219,0.3781121075153351,74.98249816894531,6.487221464365196,12.883234977722168,3.451171875,0.39968158226464084
02938,0.7112522634695696,0.3164110101885702,1,0.2666495442390442,0.5664836764335632,0.3081520199775696,72.12174224853516,6.001552210497157,14.85949993133545,3.396484375,0.27888281586520236
02939,0.802519397061764,0.4881511640045934,1,0.2555640935897827,0.5588215589523315,0.3642141819000244,67.88139343261719,4.473240484461977,15.639892578125,3.8125,0.6257044932197068
02940,0.8946928596911292,0.4212201109191745,1,0.29020577669143677,0.5122320652008057,0.3587853014469147,74.11902618408203,5.26220176524002,12.561918258666992,2.923828125,0.2951537059474769
02941,0.8022091699424317,0.40131289547592464,1,0.31113648414611816,0.644474983215332,0.4886508285999298,71.0169677734375,6.263371355423847,13.758248329162598,3.822265625,0.4543228847474877
02942,0.7377603195556137,0.4028289579089515,1,0.23817336559295654,0.3825783133506775,0.4637661278247833,65.75395202636719,3.8592031628932317,9.46479320526123,3.650390625,0.3974804279019278
02943,0.8029161687555192,0.36667266510707214,1,0.3418225646018982,0.5585127472877502,0.34048008918762207,67.34508514404297,6.9920949843608815,13.890584945678711,3.349609375,0.4005951404876012
02944,0.8336126932832328,0.45839215844459685,1,0.1677597165107727,0.36344480514526367,0.47028008103370667,72.07492065429688,5.174925594789799,10.6478271484375,4.6328125,0.40385155753647634
02945,0.430821601367565,0.19263548839255568,1,0.3411499261856079,0.3698461949825287,0.4346035122871399,66.0460433959961,4.370261628121033,10.340719223022461,4.19140625,0.11781386958683544
02946,0.6009702597356276,0.32018561484918795,1,0.2809922695159912,0.5673835873603821,0.48079636693000793,70.0857925415039,6.012746673418205,15.87634563446045,3.91015625,0.5336440997531026
02947,0.7404388836767334,0.3581228809531354,1,0.1814897060394287,0.3819393217563629,0.6765210628509521,75.39415740966797,5.011430608813594,12.90285873413086,4.9921875,0.6047156733660272
02948,0.7760986841840156,0.4345446892100463,1,0.2444860339164734,0.4677272140979767,0.44894981384277344,73.215576171875,4.61994717348344,11.819828033447266,4.55859375,0.4736241695333835
02949,0.7842985282871441,0.4053163961420842,1,0.3355477452278137,0.5226067900657654,0.45333418250083923,72.6655044555664,4.916640684564389,8.568244934082031,2.302734375,0.4127585812673512
02950,0.8766177323543832,0.42289180788127945,1,0.2998863458633423,0.6212976574897766,0.6333582997322083,72.50079345703125,6.7763044064992055,10.407103538513184,4.94921875,0.3070906293777662
02951,0.8130926480932064,0.37856410645810395,1,0.24024659395217896,0.5016011595726013,0.5154606103897095,72.8455810546875,3.3974402790192473,10.356307983398438,4.83984375,0.4629653512455668
02952,0.6649185330024654,0.38426611862543614,1,0.2360173463821411,0.4014935791492462,0.6062068343162537,75.16610717773438,4.581290724719567,12.716702461242676,4.9921875,0.6096613589530493
02953,0.718613635553497,0.4061400703549728,1,0.25514692068099976,0.5288333296775818,0.5661413073539734,71.01757049560547,6.74766465691413,15.450019836425781,3.6015625,0.6914551862847397
02954,0.8105052045002036,0.42100272608747186,1,0.26832371950149536,0.4536017179489136,0.5046507120132446,70.53880310058594,4.281843912614576,11.65081787109375,2.865234375,0.36799588259714777
02955,0.9106639032598376,0.5908815204205419,1,0.25806766748428345,0.6070809364318848,0.4187241494655609,76.17457580566406,6.733187590248964,9.000448226928711,2.513671875,0.5583271116026354
02956,0.747475516473135,0.40181553481202364,1,0.2758886218070984,0.7156351208686829,0.4672216475009918,69.63771057128906,4.941164678155884,13.456598281860352,4.0625,0.6535076984643723
02957,0.7336400825015471,0.33692140832915435,1,0.2655870318412781,0.5307532548904419,0.42673149704933167,74.42562103271484,6.058798990350851,13.585588455200195,4.6484375,0.2869160062995945
02958,0.7909881345433889,0.43913298183948446,1,0.20645052194595337,0.3394935131072998,0.568520188331604,75.97125244140625,5.355317329630821,10.72966194152832,4.9140625,0.657151299376665
02959,0.8219970181538641,0.3790586674086599,1,0.2996711730957031,0.6045205593109131,0.4651780426502228,69.82756805419922,8.37377644964091,11.718881607055664,3.828125,0.25259274385636427
02960,0.7993214754350761,0.3991575870887327,1,0.3747730255126953,0.5383450984954834,0.3363419473171234,68.34811401367188,5.902215079682885,13.90928840637207,4.16796875,0.4196837784900433
02961,0.8263434712440723,0.4181255134930165,1,0.3502819538116455,0.6336177587509155,0.49880510568618774,73.25151824951172,3.9948944666663393,6.814548492431641,4.4140625,0.29739700801180746
02962,0.7314536071193662,0.4464116345241859,1,0.2285054326057434,0.46800553798675537,0.41328075528144836,71.469970703125,5.6963203882458275,16.590572357177734,4.62890625,0.7300422051544098
02963,0.6443182043877761,0.36685948871058033,1,0.3008379340171814,0.7286849021911621,0.2902441918849945,65.03892517089844,6.421127472426433,13.273397445678711,2.97265625,0.5162861041846294
02964,0.623162001662169,0.3373577781090078,1,0.28613442182540894,0.5999547243118286,0.5717786550521851,74.35811614990234,4.63954515727338,8.672447204589844,4.7109375,0.4689468974593251
02965,0.8447795614993922,0.45669166995657323,1,0.22305989265441895,0.4131428003311157,0.41312819719314575,71.23519134521484,3.8802027015502984,12.283053398132324,4.03125,0.40236900242994655
02966,0.8428829101270333,0.388277340957827,1,0.24632477760314941,0.45145100355148315,0.3721562623977661,72.87557983398438,5.3423250256345,14.362807273864746,4.04296875,0.40475162985310636
02967,0.8253627516291389,0.5611272275176129,1,0.27070891857147217,0.3971448540687561,0.5708785653114319,73.18389892578125,7.243157121307106,17.991159439086914,4.109375,0.7821863805937922
02968,0.7642511347700341,0.4774646834591524,1,0.3859429359436035,0.565658688545227,0.48941919207572937,71.86676025390625,6.200690710295239,14.368846893310547,3.41015625,0.6482190454233934
02969,0.8242029703916974,0.4344010030776245,1,0.2982628345489502,0.5441023707389832,0.6537767052650452,72.47203063964844,6.640099041542776,6.206812381744385,4.44140625,0.2895620987851881
02970,0.3725290038506889,0.16676866585067318,1,0.22803640365600586,0.3854758143424988,0.647415280342102,74.68001556396484,6.940798796673075,12.158105850219727,4.98046875,0.5970453438869855
02971,0.8428429655866241,0.4358394016925802,1,0.27231812477111816,0.486200749874115,0.5678584575653076,74.13934326171875,5.381395869649907,7.8970746994018555,4.5234375,0.5222811205610239
02972,0.5357741927858524,0.2186236667199598,1,0.322498083114624,0.6085860729217529,0.3561250567436218,65.8749008178711,7.867899664186265,14.929330825805664,2.025390625,0.27943805295366264
02973,0.8617674962576275,0.3970240184809811,1,0.39375799894332886,0.6478226184844971,0.31114888191223145,71.75460052490234,6.638112672617997,12.159173965454102,3.166015625,0.30344192723943114
02974,0.27568445134727676,0.16008370389746274,1,0.38489866256713867,0.7722058296203613,0.3532792627811432,68.81137084960938,6.189492064526011,6.868016719818115,3.7578125,0.32635296948879483
02975,0.48453481652456215,0.2414474035331163,1,0.2894260287284851,0.4274941086769104,0.5772347450256348,74.75200653076172,4.613610663471749,10.630067825317383,4.953125,0.5115969361997492
02976,0.8720360637364761,0.3966677285144749,1,0.26187241077423096,0.575228750705719,0.42773059010505676,77.12736511230469,6.398285819760128,13.430580139160156,4.21484375,0.26825345817111634
02977,0.8292981039748993,0.4469501163091238,1,0.21725428104400635,0.46505263447761536,0.4959518015384674,75.49247741699219,3.9059625632936834,10.65854263305664,4.9296875,0.5580484699886082
02978,0.8582325301017055,0.3831723081773754,1,0.3231397867202759,0.5475971102714539,0.5369691848754883,70.84981536865234,5.922656486231645,11.362637519836426,4.53125,0.5266219284588142
02979,0.7101142210134714,0.4118836915297092,1,0.3120710253715515,0.725082516670227,0.5311303734779358,71.44146728515625,6.778995383640291,13.585844993591309,3.828125,0.46818503465870376
02980,0.5729750874198318,0.2636256051640667,1,0.29456090927124023,0.5725905895233154,0.40265849232673645,75.4920883178711,4.008969197948492,8.630082130432129,4.55859375,0.2937904058602961
02981,0.9049243892038412,0.4075507622161262,1,0.23288297653198242,0.4766393005847931,0.45668575167655945,75.53986358642578,5.0920581078924805,12.936310768127441,4.49609375,0.4227300990479139
02982,0.7239447140913938,0.37672361460411063,1,0.2876710295677185,0.5152965784072876,0.5785362720489502,75.51361083984375,5.016363548842253,12.272100448608398,4.11328125,0.6013331999281133
02983,0.8015835074105707,0.45563621318689584,1,0.15908271074295044,0.4066300392150879,0.47564932703971863,75.47704315185547,3.355273989291582,10.32625961303711,4.9609375,0.43586678527729034
02984,0.7383205613093321,0.3758833186609246,1,0.20385313034057617,0.3806297183036804,0.48825180530548096,69.86153411865234,4.889925884477833,14.911288261413574,4.2890625,0.5233288452762928
02985,0.8565040582880067,0.4164555303162677,1,0.19203221797943115,0.39777112007141113,0.3802624046802521,72.36180114746094,4.649228407411962,13.55270004272461,3.890625,0.27722777121118103
02986,0.760112093168815,0.3574328030718596,1,0.4596845507621765,0.7030247449874878,0.3082486391067505,68.66582489013672,6.310329596611187,6.562991619110107,3.24609375,0.4045925221414663
02987,0.8877551457651311,0.49188276814485193,1,0.28699469566345215,0.5677734017372131,0.6729429960250854,79.38028717041016,5.053981736596389,6.019134998321533,4.97265625,0.6368038686200714
02988,0.7807742870166143,0.3602276191443959,1,0.1802719235420227,0.37677112221717834,0.5605774521827698,76.3158187866211,4.979495379887334,15.09787654876709,4.91796875,0.5425085286589494
02989,0.7485753340377945,0.35658301741982,1,0.2470993995666504,0.4961414039134979,0.374252587556839,70.03839111328125,4.265690657076414,10.118141174316406,4.3359375,0.446555601169158
02990,0.7243658807921315,0.367439530978405,1,0.2937784194946289,0.6453098058700562,0.4296695590019226,68.72005462646484,4.294265352456093,12.054797172546387,4.22265625,0.3348981071577448
02991,0.8191945317441657,0.4639282015878495,1,0.26909106969833374,0.5026823878288269,0.5749013423919678,73.82077026367188,5.641470964729916,9.826613426208496,4.6015625,0.4323802221396514
02992,0.8377394502159573,0.43121622818673044,1,0.21218758821487427,0.4847887456417084,0.6009608507156372,75.3639907836914,4.519725290285934,9.92893123626709,4.984375,0.4849082127701803
02993,0.8971588702567267,0.42611907866145154,1,0.2386707067489624,0.6819621920585632,0.5030462145805359,71.21183013916016,4.660334947101079,16.459632873535156,4.84375,0.5363206893834914
02994,0.6114234822943041,0.3258522020403085,1,0.2845216393470764,0.5140172839164734,0.5124108195304871,64.927734375,6.685935096631731,19.034366607666016,3.951171875,0.45677132545378335
02995,0.697324134791976,0.32859811975444114,1,0.16190236806869507,0.2919695973396301,0.5337888598442078,74.8078384399414,5.114237122058399,16.191102981567383,4.98828125,0.5006658217679918
02996,0.9020689546525553,0.3991705849712333,1,0.22071033716201782,0.44560104608535767,0.4467880427837372,74.6790771484375,6.093502821269676,12.165733337402344,4.5390625,0.4901477155878107
02997,0.6104304961408733,0.29664473684210524,1,0.285352885723114,0.5383308529853821,0.5183020830154419,71.75016784667969,6.380048643265502,14.229727745056152,4.31640625,0.5359361995393274
02998,0.8213585437883313,0.425499462405921,1,0.2230857014656067,0.37814950942993164,0.5832411050796509,72.28852081298828,3.448718129929006,10.927287101745605,4.0625,0.3851629747171849
02999,0.8826819298367728,0.5794109913226401,1,0.2591584324836731,0.48821258544921875,0.4360855221748352,71.81708526611328,5.879521163499627,13.369063377380371,3.107421875,0.5057055297669523
03000,0.7703091075441874,0.41214299224512957,1,0.2887648344039917,0.5865433812141418,0.3351142406463623,65.5737075805664,5.9063256044768275,10.465617179870605,2.515625,0.4150307214923997
03001,0.6662135122677378,0.3487593015327147,1,0.3199821710586548,0.6309287548065186,0.454198956489563,72.74028015136719,5.084331634532784,12.692822456359863,4.91015625,0.48835155061205254
03002,0.7270527288831602,0.3996628503195898,1,0.30854934453964233,0.4852471351623535,0.38138148188591003,67.17021942138672,6.4623429668570305,14.722090721130371,3.22265625,0.6417001691577616
03003,0.851782880303714,0.5162841004686937,1,0.2934304475784302,0.38412970304489136,0.4344784617424011,63.04109191894531,7.050277681118037,17.144840240478516,4.19921875,0.5739616822465108
03004,0.7828620880709118,0.42084862722067246,1,0.28328824043273926,0.566859781742096,0.4317566156387329,71.11026000976562,3.094185686291087,9.442756652832031,3.98828125,0.2965145261405234
03005,0.7431533751136092,0.470404984423676,1,0.24867480993270874,0.43576109409332275,0.421983003616333,60.719722747802734,5.545539889118899,16.656402587890625,3.275390625,0.7616471888085716
03006,0.8093291671028061,0.46454075756079904,1,0.30628979206085205,0.5886141061782837,0.41090044379234314,71.12751007080078,6.211613679720443,9.71561336517334,3.041015625,0.4116488788989376
03007,0.7288423663097953,0.3813953488372093,1,0.2812821865081787,0.42463231086730957,0.5483196973800659,75.7761459350586,5.602576915358567,9.332963943481445,4.89453125,0.6053765550235143
03008,0.7668419441825479,0.36398903907139996,1,0.347973108291626,0.6479607820510864,0.4780808985233307,68.36614227294922,5.03683967684642,8.731910705566406,2.697265625,0.3880920601104185
03009,0.5267439529316508,0.22779027978369665,1,0.26862138509750366,0.517071008682251,0.5308854579925537,75.39903259277344,4.403359970757417,12.240915298461914,4.8515625,0.5294462533039281
03010,0.7524076165357473,0.3787281289482752,1,0.43631404638290405,0.7320491075515747,0.2763996422290802,55.75716781616211,7.862364549521799,10.093451499938965,2.23046875,0.320330786873843
03011,0.8002682161689723,0.3461229215579069,1,0.25977087020874023,0.4517856538295746,0.41709497570991516,74.21417999267578,4.156550768136117,13.224272727966309,4.58984375,0.5046212238318193
03012,0.8124763588309141,0.37124433378024646,1,0.2871549725532532,0.6192389130592346,0.48760169744491577,73.44995880126953,6.5886522127619696,11.486921310424805,3.5625,0.29351517028398494
03013,0.7629001367086808,0.43547308592444,1,0.3398548364639282,0.5855320692062378,0.5000786185264587,70.01918029785156,4.840187629995174,13.394566535949707,4.59765625,0.6190214544055969
03014,0.868239334883164,0.46567418926607246,1,0.22190815210342407,0.40630102157592773,0.5542564392089844,75.52649688720703,6.696319538246719,14.095878601074219,4.37109375,0.7592237458063208
03015,0.5780479203430033,0.3043139351016681,1,0.3045234680175781,0.6000462174415588,0.36785709857940674,74.80318450927734,5.2272453425111,11.960390090942383,3.033203125,0.4344209132242723
03016,0.815118663695763,0.4455719411383502,1,0.25029808282852173,0.4676428437232971,0.37222594022750854,71.71875762939453,3.4614213343048883,11.555107116699219,4.0546875,0.35544022021733646
03017,0.7103895536890066,0.3929340928544022,1,0.21650207042694092,0.3990418314933777,0.4388072192668915,73.9510726928711,3.7233380816688713,13.589774131774902,4.109375,0.42477336477676847
03018,0.5753578987927372,0.250717204207598,1,0.29135000705718994,0.6434146165847778,0.4975332021713257,74.39852142333984,4.709934983710854,10.880983352661133,3.0859375,0.35902074208431406
03019,0.8310607722283714,0.4310015695923302,1,0.19190865755081177,0.3756124973297119,0.5713561177253723,74.6424560546875,5.13471413306013,13.363104820251465,4.984375,0.5431068509346036
03020,0.6864376721611347,0.40669856459330145,1,0.17827391624450684,0.3860119879245758,0.6570902466773987,73.88909912109375,6.0922321574630445,11.509839057922363,4.94140625,0.6710162202358054
03021,0.537822525240946,0.24432268762165668,1,0.42675256729125977,0.6168068051338196,0.350192129611969,73.85617065429688,7.996691898744659,14.474888801574707,2.640625,0.2773176920574287
03022,0.725380250436974,0.4231426293610721,1,0.30520498752593994,0.5696674585342407,0.41210436820983887,72.25944519042969,4.342866932531965,10.348153114318848,3.171875,0.43279080265496983
03023,0.8700414974400783,0.4005625046258604,1,0.2770952582359314,0.4845240116119385,0.4645380973815918,73.20834350585938,5.307414046243441,12.152591705322266,4.109375,0.4006552735312249
03024,0.820706848371082,0.4145731240824597,1,0.21513962745666504,0.4431557059288025,0.4147809147834778,71.09212493896484,4.012043547464208,12.82201862335205,4.1171875,0.4560767153827011
03025,0.8419407853151405,0.46904212698798103,1,0.22314453125,0.4117722511291504,0.5282517075538635,73.30367279052734,3.398742408042885,10.641373634338379,4.68359375,0.46648274748051266
03026,0.8236767169326962,0.3659664784556435,1,0.4175227880477905,0.6567812561988831,0.36775001883506775,68.61604309082031,8.65015802361089,14.109692573547363,3.119140625,0.18214272486190144
03027,0.8166847870545333,0.4507810333672243,1,0.2897460460662842,0.5936576128005981,0.5444726943969727,73.58637237548828,4.007573189446912,8.77140998840332,4.01953125,0.36094645228578315
03028,0.6190001451147544,0.34385493619879115,1,0.3152581453323364,0.6290209889411926,0.43992775678634644,68.62460327148438,6.017646480078556,14.625734329223633,4.109375,0.3939781466382689
03029,0.7236315090758393,0.32857860759982993,1,0.28659510612487793,0.5739229917526245,0.48107820749282837,75.29102325439453,4.4728560502300825,11.957983016967773,4.95703125,0.3536804296098107
03030,0.8252732005505323,0.39383757506434086,1,0.2654297947883606,0.6392261981964111,0.49454963207244873,72.1151351928711,4.4037485729993655,13.904487609863281,4.9296875,0.49474665705889287
03031,0.7875825358710337,0.39571505088377074,1,0.3103950023651123,0.5071013569831848,0.38665643334388733,67.63892364501953,5.264285918091306,11.87480354309082,2.951171875,0.4631072805950718
03032,0.7188505796269976,0.358734592264254,1,0.248396635055542,0.414370059967041,0.47384804487228394,68.90643310546875,4.834443051874369,11.124762535095215,3.7578125,0.2687759886563881
03033,0.7577184281602342,0.3701986243140892,1,0.2621602416038513,0.5628121495246887,0.39742475748062134,71.71588134765625,3.7230226478256174,11.893315315246582,4.23046875,0.3670460576875179
03034,0.8242230299116067,0.41726822363765037,1,0.2202017903327942,0.3385887145996094,0.6672722697257996,74.30316925048828,7.233562636078054,16.27517318725586,4.97265625,0.7247700722226131
03035,0.456309125689628,0.20063507980279102,1,0.3418213725090027,0.6004399061203003,0.41293859481811523,66.33025360107422,6.680804676191313,16.614587783813477,3.587890625,0.5120519075643506
03036,0.897657615911744,0.4634845673806713,1,0.240655779838562,0.5239359140396118,0.4862365424633026,76.6884536743164,7.217774206541346,13.359049797058105,4.67578125,0.5764183763867289
03037,0.8047017968126146,0.3884163347995615,1,0.2340880036354065,0.5040467977523804,0.36121314764022827,70.03128051757812,4.204719178747017,11.92798137664795,3.767578125,0.29463476563846414
03038,0.8879830872725902,0.3896481440879599,1,0.37933647632598877,0.6720919013023376,0.35105639696121216,70.53421020507812,6.1593205926517305,13.01315689086914,3.46484375,0.2556418678893682
03039,0.6801120734514846,0.3910426330903468,1,0.27537572383880615,0.515528678894043,0.5610475540161133,73.6919174194336,4.731069977921206,9.04116439819336,4.84765625,0.4250858170188843
03040,0.7387155009896841,0.3755304101838755,1,0.21859753131866455,0.4491329491138458,0.554553210735321,74.37715911865234,4.6248686523111635,11.82190990447998,4.95703125,0.4574625842701647
03041,0.8876283034654252,0.4738423680287722,1,0.2501266598701477,0.3852151334285736,0.5471511483192444,73.46446990966797,4.203926843384832,11.389616966247559,4.7421875,0.5239653195139802
03042,0.8189463138892082,0.39994986097816676,1,0.2673937678337097,0.5185317397117615,0.5042577981948853,75.2457275390625,3.5463319066045176,10.262843132019043,3.8125,0.28948819062724646
03043,0.7047366828878613,0.387982141550172,1,0.2200261950492859,0.41453060507774353,0.6013202667236328,73.24861145019531,4.171586934700503,13.340227127075195,4.984375,0.562538820519007
03044,0.8467785893796261,0.4698184053929426,1,0.24781829118728638,0.4302881360054016,0.49038058519363403,73.04430389404297,5.733071654425922,13.925610542297363,4.05078125,0.5972279842666653
03045,0.7123990000099011,0.33085199752949973,1,0.2961462736129761,0.5471470355987549,0.3563636839389801,72.77185821533203,4.425814760730813,11.773624420166016,3.4375,0.4188547918034244
03046,0.5134490775061341,0.24022518701318732,1,0.26970094442367554,0.354989618062973,0.5888116359710693,76.84973907470703,5.76894202545027,13.024090766906738,4.98046875,0.652576920138941
03047,0.7313012783243135,0.3550920245398773,1,0.38858091831207275,0.6148675084114075,0.331922322511673,69.28235626220703,5.714628046361083,10.260466575622559,3.828125,0.27830002690203964
03048,0.8781993040777993,0.4671145756494348,1,0.26594215631484985,0.44842103123664856,0.5188133120536804,74.93780517578125,4.454074950494391,10.824928283691406,4.859375,0.5151234422290625
03049,0.5268087351857911,0.27302923976608184,1,0.2734004855155945,0.5737849473953247,0.32047951221466064,58.570796966552734,5.68461322819835,12.942689895629883,3.44140625,0.4416525132510225
03050,0.8103083867579012,0.36946269498972145,1,0.19095063209533691,0.4763416349887848,0.4579436480998993,73.96443939208984,3.5703439010977744,15.595541954040527,4.734375,0.38314082194102833
03051,0.8127549867411953,0.3891141205900112,1,0.23136210441589355,0.5814575552940369,0.37901994585990906,65.76457977294922,4.470356812430312,13.114234924316406,2.646484375,0.36742356829986966
03052,0.7694885128053234,0.4367659574468085,1,0.2346745729446411,0.36057335138320923,0.5603930950164795,69.66946411132812,4.684847327577075,10.221467971801758,4.75,0.6271778138673091
03053,0.7943187930590512,0.36738689982458766,1,0.3256741166114807,0.5689420700073242,0.35855647921562195,69.19926452636719,7.790881156718967,15.071048736572266,4.16015625,0.2911153329021351
03054,0.7801382769673915,0.3797775085361824,1,0.3219131827354431,0.5275529026985168,0.43240997195243835,66.01500701904297,8.361149023023199,13.75764274597168,2.361328125,0.6633864903342548
03055,0.74222631661593,0.36228287841191065,1,0.31571561098098755,0.47459807991981506,0.4522748589515686,68.9549331665039,5.5614073040130645,12.343339920043945,4.890625,0.27900000279466475
03056,0.6494818906373908,0.323990750285571,1,0.32717281579971313,0.5286137461662292,0.3227725923061371,68.48027038574219,5.228364683615781,13.104619979858398,3.05078125,0.28479255964623845
03057,0.7722476829805331,0.4028030106410589,1,0.26505088806152344,0.5803375840187073,0.5909618735313416,74.00492095947266,5.174381352855777,6.263830661773682,4.98046875,0.47757061182585725
03058,0.6941250053469427,0.34588977546854704,1,0.23086434602737427,0.30272939801216125,0.5101855993270874,76.50463104248047,4.524501042791165,14.715953826904297,4.81640625,0.5519910458702376
03059,0.8228824571656417,0.3910622589758924,1,0.30453938245773315,0.500190794467926,0.4736987054347992,71.98466491699219,4.902910498923698,12.021733283996582,3.92578125,0.2944132001817242
03060,0.745659085208538,0.39113985003783447,1,0.22018200159072876,0.4547823965549469,0.4740753173828125,74.18795776367188,3.3781137482449632,12.787996292114258,4.83984375,0.42636714300724865
03061,0.6014929296050006,0.35352826510721247,1,0.19020432233810425,0.3671833872795105,0.5483731031417847,72.13987731933594,5.001394842426554,16.55493927001953,4.33203125,0.6257216583190917
03062,0.8791880924842536,0.49507794894772217,1,0.2103179693222046,0.3850761353969574,0.5140634179115295,73.30384826660156,3.7107535068642936,12.038287162780762,4.4140625,0.34347269102380756
03063,0.8001389360710083,0.4733105145540437,1,0.20932811498641968,0.3569909632205963,0.4567784070968628,71.88469696044922,4.465200965069231,14.15743350982666,3.728515625,0.5934109068137494
03064,0.7740884238855639,0.3633772446184923,1,0.3209700584411621,0.5984711050987244,0.3793933689594269,72.99612426757812,5.755685716185377,10.466957092285156,3.4609375,0.25412685424728165
03065,0.8116759262275748,0.403647992419756,1,0.2744234800338745,0.5219600200653076,0.44813820719718933,72.52213287353516,5.8889342695260085,13.099717140197754,3.970703125,0.6257851984975262
03066,0.5916193593457271,0.29434392363584555,1,0.29169392585754395,0.5673488974571228,0.5232662558555603,73.27955627441406,7.38554775157078,13.367780685424805,4.14453125,0.3263746019886767
03067,0.8057359525614036,0.35207669746759596,1,0.29445695877075195,0.5383639931678772,0.5029871463775635,71.21926879882812,6.802999060512355,15.754071235656738,4.1015625,0.4125395807505391
03068,0.7059130360318508,0.3704932678195393,1,0.2439345121383667,0.5209609270095825,0.598477303981781,76.388916015625,5.748583929447918,13.079414367675781,4.984375,0.6227766444182853
03069,0.6584699311333363,0.3075050225173081,1,0.3602941632270813,0.5652406215667725,0.39331579208374023,71.8104019165039,10.218581683622226,10.32286262512207,3.05078125,0.12658018553233463
03070,0.43854159674202087,0.210920177383592,1,0.43210917711257935,0.6573846936225891,0.40218913555145264,65.11249542236328,6.36522633479184,8.43557071685791,1.6513671875,0.35705348728223774
03071,0.8405777626046828,0.41022564717825666,1,0.23906046152114868,0.4816364049911499,0.4811328053474426,75.3724594116211,6.100351032128468,12.766960144042969,4.8203125,0.37915723166056536
03072,0.8582677312818331,0.39281978991405575,1,0.38228148221969604,0.5842084288597107,0.4566081166267395,71.23383331298828,5.794043609631733,12.53808879852295,4.25,0.28366558740152903
03073,0.777652144456943,0.41861836407525477,1,0.2966218590736389,0.5261185765266418,0.5294255018234253,71.86968231201172,4.415269714532019,10.68962287902832,2.3359375,0.45256286434361986
03074,0.7986010679301381,0.45455257183120645,1,0.22414201498031616,0.43880516290664673,0.45347753167152405,67.40496063232422,4.705555240142567,16.051097869873047,4.0703125,0.4041567892560778
03075,0.8581733172606019,0.4758046219168314,1,0.16960525512695312,0.27863913774490356,0.516563355922699,72.64240264892578,4.800299659489839,15.435354232788086,4.46484375,0.7369474138642135
03076,0.87527077953473,0.5075286641801354,1,0.24043887853622437,0.45935991406440735,0.5765225291252136,75.58308410644531,4.427006488070115,7.1783013343811035,4.5703125,0.3806538268619934
03077,0.737078634677716,0.42221822110190854,1,0.22671592235565186,0.4680464267730713,0.5461299419403076,75.3613052368164,4.377060440134712,7.515373706817627,4.7265625,0.6025366792776797
03078,0.6412701926218659,0.33756980550741383,1,0.2821454405784607,0.5121604800224304,0.5478998422622681,69.604736328125,6.136141661869297,11.565289497375488,4.23828125,0.6134175444634468
03079,0.8571542368196061,0.41055983564458143,1,0.27565187215805054,0.5440726280212402,0.38199251890182495,73.78976440429688,6.122086429160757,14.704827308654785,3.501953125,0.5195768095549554
03080,0.8939070942973788,0.392395681309361,1,0.2812325954437256,0.5744282007217407,0.398220956325531,74.71195220947266,5.276188503558102,11.671137809753418,4.0078125,0.2143040769450579
03081,0.8700313404954501,0.4891798022976222,1,0.24717813730239868,0.3669947683811188,0.5816266536712646,73.46085357666016,6.7558353873751695,14.588499069213867,4.16796875,0.763218435118973
03082,0.8199419826652605,0.4390862196020634,1,0.19471842050552368,0.4147469997406006,0.5105140209197998,71.03038024902344,4.442817408468007,14.42680549621582,4.19921875,0.2603266441238646
03083,0.7839701979749534,0.44493622500301777,1,0.24102002382278442,0.4776070713996887,0.5449687838554382,71.85671997070312,3.8347896664148324,10.022831916809082,4.94921875,0.5091963165585691
03084,0.8208826055501084,0.3708743724107657,1,0.23080790042877197,0.5911581516265869,0.5662686228752136,76.96009826660156,5.349579432576276,9.132477760314941,4.99609375,0.4590203775943533
03085,0.7903549736060699,0.3614043878171862,1,0.38937193155288696,0.6243769526481628,0.42193782329559326,71.97515106201172,6.606302903267661,8.617964744567871,3.28125,0.3304627048533412
03086,0.9102618081176826,0.4354181196648363,1,0.22870904207229614,0.3667830228805542,0.4788169860839844,74.36552429199219,3.9867145259795733,11.926379203796387,4.65625,0.38252527003681414
03087,0.8408646244715763,0.42755197021408625,1,0.19550049304962158,0.3167046308517456,0.6289839744567871,79.5945053100586,5.526610707887976,14.654640197753906,4.98828125,0.7149313873226554
03088,0.7313152966216032,0.44140339478599855,1,0.22648489475250244,0.4523181915283203,0.45360881090164185,71.4303207397461,4.254991053534245,13.582757949829102,4.39453125,0.5573446302604119
03089,0.7824843195430451,0.33609649685615295,1,0.22025048732757568,0.468089759349823,0.5289160013198853,71.65834045410156,4.707062175041287,11.210674285888672,4.33203125,0.2625660371742565
03090,0.7986964066522568,0.4771729587357331,1,0.2445940375328064,0.50020432472229,0.4942312240600586,75.94084930419922,3.9662553124127435,9.043740272521973,4.94140625,0.49194792466797505
03091,0.7636494899404428,0.36539528432732316,1,0.24509775638580322,0.5977041125297546,0.4765620827674866,71.32356262207031,3.7001928618720754,11.253301620483398,3.935546875,0.382982063012302
03092,0.6547911024130121,0.29649233354337323,1,0.367967426776886,0.7615869641304016,0.3260229229927063,71.96858215332031,8.082546345881882,14.336930274963379,3.580078125,0.3546465895310985
03093,0.7980116561071384,0.39973594149019337,1,0.28363531827926636,0.4136354327201843,0.6030738353729248,73.51225280761719,4.5956303365443345,11.792302131652832,4.5703125,0.4587755433146419
03094,0.8551618960206114,0.5568104973886019,1,0.17783886194229126,0.30116167664527893,0.5470128059387207,75.74825286865234,4.5036611374197895,12.593914031982422,4.953125,0.5362655341447522
03095,0.7281017613169122,0.41023658030723803,1,0.28693222999572754,0.5612190961837769,0.5327777862548828,75.63660430908203,4.528805642356284,9.995052337646484,4.77734375,0.3801442052826014
03096,0.7300239661977317,0.331807262964533,1,0.24521386623382568,0.49819695949554443,0.435284823179245,73.15303802490234,6.156783217107876,14.670161247253418,4.28515625,0.3795523564368233
03097,0.6319345292109535,0.39493904904962734,1,0.32594478130340576,0.6199083924293518,0.5187027454376221,72.57343292236328,5.715608418971727,12.40361213684082,4.07421875,0.46495131365040504
03098,0.7233800420139476,0.3298272951564732,1,0.2784557342529297,0.42188090085983276,0.5525103807449341,74.20823669433594,5.431255965133284,14.404962539672852,4.95703125,0.6957609054982923
03099,0.8905387691858098,0.44569484110105123,1,0.20293986797332764,0.43554577231407166,0.5426591038703918,74.0575942993164,4.512024149679873,12.818113327026367,4.04296875,0.37338836374050044
03100,0.7749217359880906,0.3896455460620929,1,0.21009135246276855,0.4658406972885132,0.48523804545402527,71.5814437866211,6.451676008567781,15.912429809570312,4.33203125,0.6193989738077527
03101,0.8556728358224938,0.44179433858167466,1,0.2730443477630615,0.6129375100135803,0.6061735153198242,76.10855102539062,5.687849324079076,9.957483291625977,4.98828125,0.5622684970016638
03102,0.5842129773957796,0.2996001230390649,1,0.28549909591674805,0.5222877860069275,0.3317234218120575,63.60464859008789,5.756145229014532,18.862319946289062,3.259765625,0.7572660714326809
03103,0.8385684195384463,0.4407141767129559,1,0.2212318778038025,0.517153799533844,0.49688950181007385,72.39551544189453,4.629350924790996,12.151510238647461,4.5078125,0.4615570876630098
03104,0.7012499573309052,0.3903449674736674,1,0.22601914405822754,0.41276246309280396,0.454813688993454,74.07843780517578,4.034273171114722,13.709269523620605,4.08984375,0.3978262126301052
03105,0.6074988135386378,0.29431394572772707,1,0.36608177423477173,0.4161016345024109,0.49283450841903687,67.72455596923828,5.975311982496235,10.837656021118164,3.5546875,0.2522523448228345
03106,0.5202487487963909,0.2620659668302379,1,0.3174055218696594,0.5699408054351807,0.4481426179409027,63.30849838256836,7.114053693884526,13.136673927307129,4.2421875,0.3449463453453642
03107,0.8387632746533951,0.38972551726643534,1,0.26249516010284424,0.47805944085121155,0.4961206614971161,73.50503540039062,6.094990329094253,15.357303619384766,4.4453125,0.44656121994804276
03108,0.7218119157616008,0.31485820859834535,1,0.38838404417037964,0.7619946002960205,0.5325036644935608,72.01969146728516,6.775425468107574,8.146987915039062,4.65625,0.17475411664596233
03109,0.800226215625233,0.4189110496433251,1,0.47470688819885254,0.7360394597053528,0.26126620173454285,62.01605987548828,9.172899890218485,12.189913749694824,2.330078125,0.2993669117594871
03110,0.7170195467484792,0.3687150837988827,1,0.3585358262062073,0.6728821992874146,0.34699878096580505,70.79092407226562,7.230784487334972,15.077049255371094,3.880859375,0.5916797992834718
03111,0.7049191848945333,0.3725651217028545,1,0.3135793209075928,0.5276188850402832,0.3606489300727844,70.93307495117188,5.53901895298432,11.35818099975586,2.404296875,0.5459587610187137
03112,0.8126918302172954,0.4816387709218086,1,0.22850197553634644,0.4402603209018707,0.5277428030967712,76.29976654052734,5.299742642887652,9.764886856079102,4.9609375,0.703721736375392
03113,0.7736877604349545,0.390366422013228,1,0.19831639528274536,0.3248542547225952,0.375182181596756,72.13050079345703,3.6897332005165056,13.095393180847168,4.10546875,0.5221629316844213
03114,0.7882511434160393,0.4960097154753643,1,0.29859113693237305,0.6022117733955383,0.5813124775886536,75.41033172607422,4.9966719809852185,7.469932556152344,4.9453125,0.4359169159542838
03115,0.8683762108500981,0.4473760009217121,1,0.35490304231643677,0.6920045018196106,0.38809579610824585,73.77677154541016,5.249689670127339,8.107941627502441,3.8671875,0.40602263817190837
03116,0.8997894635637281,0.4301541295338191,1,0.33703625202178955,0.5540295839309692,0.5424641966819763,71.40969848632812,5.499284040373239,12.711423873901367,3.59765625,0.4870279787779178
03117,0.7980680741945283,0.3995799789989499,1,0.2761572003364563,0.531939685344696,0.34695538878440857,66.75611114501953,7.812318293361565,18.323944091796875,3.82421875,0.37671029313392695
03118,0.7580653611299842,0.37629879247402415,1,0.26832497119903564,0.6333876848220825,0.5760168433189392,74.02841186523438,5.398547302207091,11.648115158081055,4.92578125,0.5166884533521897
03119,0.6829126558160583,0.390571596935769,1,0.310244083404541,0.5951166152954102,0.35969752073287964,67.6002426147461,5.94696246650062,16.60723114013672,3.849609375,0.6037588028755985
03120,0.833897125598689,0.4519081785893066,1,0.3103061318397522,0.5498395562171936,0.327392578125,69.54319763183594,6.398334097100774,12.028031349182129,3.017578125,0.4645103621143426
03121,0.7217985673213534,0.41813950562928487,1,0.22700649499893188,0.358974814414978,0.5401408076286316,73.8226089477539,5.37853479119135,12.018903732299805,4.45703125,0.5462502731467146
03122,0.8032686541040011,0.3566865417376491,1,0.318032443523407,0.5708051323890686,0.3860061466693878,69.444091796875,8.087472056639028,14.652738571166992,4.17578125,0.16526139077136603
03123,0.8157763438101107,0.44865854261827415,1,0.24632811546325684,0.3515753448009491,0.48088809847831726,73.68557739257812,4.53295805003474,11.327159881591797,4.6796875,0.37189716789078514
03124,0.9024656764802503,0.42030321655398484,1,0.24802178144454956,0.4946991801261902,0.40390545129776,72.42684936523438,4.254270816660766,11.619673728942871,3.6875,0.2274399891618165
03125,0.5549427976287528,0.27268156986292186,1,0.32314014434814453,0.5983520746231079,0.36873099207878113,73.9682388305664,5.633040942191585,13.106842994689941,4.609375,0.4115434863827246
03126,0.7116634290903446,0.4304391909920487,1,0.19890862703323364,0.38064318895339966,0.4644511342048645,70.49662017822266,6.712931669985311,12.749408721923828,4.91796875,0.6063644935698648
03127,0.8682489684213087,0.409933110367893,1,0.21600735187530518,0.4230341911315918,0.43687719106674194,72.3149185180664,5.075047769576336,13.475647926330566,3.626953125,0.30788558973489294
03128,0.8017351971966273,0.3926747666842754,1,0.2836594581604004,0.4721073508262634,0.29481321573257446,67.81273651123047,5.031459051761249,13.273555755615234,3.103515625,0.38507986335503186
03129,0.6412101879442275,0.3498047415516128,1,0.2266564965248108,0.4445522725582123,0.6296712160110474,73.83049774169922,7.22811807573397,10.700382232666016,4.953125,0.4956446067161573
03130,0.8332801949837407,0.38549995340601995,1,0.3188878297805786,0.5227357745170593,0.30714112520217896,70.35494232177734,5.959544898581259,15.86422061920166,2.1484375,0.500320408842159
03131,0.8718108210867789,0.4667009903388958,1,0.19634151458740234,0.31252628564834595,0.5215669870376587,75.20709228515625,4.564075310724282,10.054484367370605,4.4921875,0.5439982678269397
03132,0.45291125134353105,0.21944225712035895,1,0.3951888084411621,0.6146448254585266,0.4395700991153717,70.0544662475586,6.377033351608922,10.921945571899414,4.375,0.23424403443438996
03133,0.773182957153436,0.3955760723216003,1,0.2603151202201843,0.5756936073303223,0.38085490465164185,70.94385528564453,4.9465497780260295,10.637636184692383,3.626953125,0.37965654210341926
03134,0.8905318315720596,0.4598013875663175,1,0.21269768476486206,0.3221820890903473,0.5602905750274658,71.87673950195312,5.3503211813603615,16.45921516418457,4.96484375,0.6409390306247449
03135,0.6232692622129469,0.29131519543780443,1,0.31705760955810547,0.6282299160957336,0.4871309697628021,74.66481018066406,5.997143191361561,12.427592277526855,3.75,0.5212671062295539
03136,0.8470206672031353,0.4679074621673335,1,0.16501754522323608,0.3009691536426544,0.5655444860458374,74.31250762939453,4.941503509423033,15.32608413696289,4.90625,0.5891360297947279
03137,0.7394550694792744,0.39029529130087787,1,0.36094939708709717,0.5597109794616699,0.27088773250579834,69.01473236083984,5.050627275970161,11.004924774169922,3.12890625,0.21289711084393467
03138,0.36126437620112495,0.16137899144552625,1,0.3580208420753479,0.7369643449783325,0.3896999657154083,73.92093658447266,7.45796365333922,11.958019256591797,3.2265625,0.2919173896218902
03139,0.7278459714192529,0.3979325621461974,1,0.3495258688926697,0.6581827402114868,0.5957580208778381,76.39559936523438,7.585328277056641,7.263091087341309,4.6875,0.3536313707126282
03140,0.6104992888383501,0.3218344698489103,1,0.3477214574813843,0.6823221445083618,0.5731489062309265,75.60599517822266,6.070903559701125,6.673853874206543,4.1640625,0.3347911361853654
03141,0.710647415009037,0.3711617665049138,1,0.3365452289581299,0.5306952595710754,0.36191320419311523,74.1984634399414,5.371020033497237,12.172826766967773,3.080078125,0.36493233548072523
03142,0.7917948102604468,0.4571620797678868,1,0.16469800472259521,0.30520913004875183,0.5471430420875549,74.57218170166016,4.317284265848814,11.87523078918457,4.92578125,0.48282874971395606
03143,0.8073722598969615,0.38225944491991687,1,0.33886224031448364,0.5849357843399048,0.49059921503067017,73.99562072753906,6.000926919221732,9.915258407592773,4.11328125,0.38879753357992886
03144,0.8032623630393405,0.5037565016374494,1,0.29620057344436646,0.5688550472259521,0.5179697275161743,74.48162841796875,4.5729424542098025,7.469326019287109,4.3203125,0.4610602622045855
03145,0.8424789809949604,0.478184267799772,1,0.22479033470153809,0.397526353597641,0.42640548944473267,69.19341278076172,5.361579786733341,12.493733406066895,3.38671875,0.43464108122326456
03146,0.8455117308022728,0.4433859781064594,1,0.25002050399780273,0.47380322217941284,0.5429321527481079,74.12130737304688,4.726318908423949,9.352983474731445,4.73828125,0.40617043423755933
03147,0.7141434817336927,0.3323925358890536,1,0.29468637704849243,0.5877629518508911,0.5450347661972046,72.91548919677734,5.68949341143734,11.616144180297852,4.1484375,0.19332491044872308
03148,0.7459068713337431,0.4617045954485462,1,0.1545025110244751,0.28311505913734436,0.5419213175773621,73.61615753173828,4.773066388539957,13.633541107177734,4.73828125,0.4995719022668991
03149,0.7596798262742028,0.4337577686827346,1,0.19302332401275635,0.2930636405944824,0.509431779384613,75.61997985839844,3.5886403624218977,14.663129806518555,4.953125,0.5092887821097402
03150,0.9006045097120129,0.41546223070629945,1,0.32959991693496704,0.5988924503326416,0.3395577669143677,68.63294219970703,7.6526716076825005,14.792471885681152,2.9453125,0.42569724866710995
03151,0.7306277258672292,0.41463173504695994,1,0.2457878589630127,0.608831524848938,0.3819224536418915,71.58308410644531,4.4328741716888285,12.502822875976562,3.505859375,0.5058204055387338
03152,0.8209172133690404,0.3894367175254459,1,0.19215375185012817,0.32749709486961365,0.42908406257629395,66.94987487792969,5.067063126044441,16.158246994018555,4.1015625,0.5831245848938178
03153,0.8376020632341244,0.4826506652752413,1,0.3327232003211975,0.6712800860404968,0.28402113914489746,60.791709899902344,8.498145931486327,13.244477272033691,3.384765625,0.596688283193192
03154,0.8369284581875812,0.44119638826185104,1,0.1751905083656311,0.44334927201271057,0.47205543518066406,75.98303985595703,5.288945240394966,13.49422550201416,4.21484375,0.513979019499171
03155,0.8261810688930172,0.45935257067526,1,0.2607773542404175,0.521466076374054,0.6372128129005432,75.41655731201172,6.062127551856666,7.967864990234375,4.9453125,0.8386578105130434
03156,0.6257037177733858,0.29136708484157287,1,0.43388795852661133,0.6070889830589294,0.45222923159599304,72.02446746826172,5.783070374719816,9.253462791442871,4.44921875,0.2765363009025345
03157,0.78582262918401,0.3430951998318767,1,0.3171910047531128,0.4630175530910492,0.4389151334762573,67.5635986328125,8.08904372475454,10.299156188964844,3.45703125,0.44381564658246525
03158,0.7034151052236591,0.3773402523402523,1,0.29715222120285034,0.500273585319519,0.42775940895080566,72.46504974365234,5.472300662493347,10.537086486816406,3.896484375,0.335565006950148
03159,0.8005890972911067,0.3657587548638132,1,0.22137987613677979,0.4475339353084564,0.5210696458816528,74.6780776977539,5.248326072327989,11.73564338684082,4.44921875,0.5407512887332934
03160,0.832336103051323,0.47039151242576255,1,0.21120524406433105,0.32926803827285767,0.6009529829025269,76.28347778320312,5.198085672506101,13.113180160522461,4.984375,0.7156652668877955
03161,0.765300697833728,0.4917795530855621,1,0.2063605785369873,0.38533613085746765,0.5048351883888245,73.85002899169922,4.539005096296254,12.025239944458008,4.65234375,0.6125517218127101
03162,0.6509487591378988,0.29341948492347175,1,0.30154621601104736,0.5280519723892212,0.4400664269924164,69.26717376708984,7.253491919058453,11.650948524475098,3.4609375,0.37938535306652255
03163,0.8595553548964011,0.41592551757932134,1,0.2703027129173279,0.5350375175476074,0.46589747071266174,76.92350006103516,4.932274818513395,12.434793472290039,4.00390625,0.585007748169228
03164,0.6344634118021315,0.3072328544416759,1,0.28335583209991455,0.5154772400856018,0.3492744266986847,68.97906494140625,5.369845948159743,13.483808517456055,4.16015625,0.3192747623133674
03165,0.8019469228550854,0.4916267942583732,1,0.17628544569015503,0.25603848695755005,0.5376269817352295,74.99213409423828,5.759039724718617,14.904106140136719,4.91015625,0.7764721543382181
03166,0.8143633711916148,0.46388665741619806,1,0.27490413188934326,0.39127713441848755,0.44116705656051636,73.49102783203125,5.539077638481606,16.486820220947266,3.49609375,0.601570511370099
03167,0.9033971014654651,0.4750365730147417,1,0.27538543939590454,0.4323314428329468,0.33907344937324524,69.98551940917969,5.9224418235077785,13.06489372253418,3.037109375,0.4560787278077448
03168,0.8208027817742796,0.46532804706484204,1,0.3096432685852051,0.5635865926742554,0.36505454778671265,71.38898468017578,4.858857307626623,12.285872459411621,3.87109375,0.45477641930844803
03169,0.775340277607775,0.4200180652931309,1,0.19339203834533691,0.38661277294158936,0.5229685306549072,75.40633392333984,4.80402899527201,14.017810821533203,4.91796875,0.43828760788034704
03170,0.6934425001797815,0.3806476886915644,1,0.3033446669578552,0.614439070224762,0.3420542776584625,59.47709274291992,6.429177639804707,13.901884078979492,2.427734375,0.45736970470369803
03171,0.8480455378944957,0.4116296627274548,1,0.31600630283355713,0.6078078746795654,0.3013072609901428,68.74874877929688,6.689864830070102,10.074447631835938,1.947265625,0.29601585334178243
03172,0.763256652699609,0.4095017755299688,1,0.2152308225631714,0.42350584268569946,0.39393478631973267,70.0873794555664,4.03292833087474,12.349823951721191,4.2421875,0.4878532439014096
03173,0.8651846956293435,0.5735403386648938,1,0.14083260297775269,0.34023773670196533,0.49327823519706726,58.14084243774414,4.367974422963836,13.769634246826172,4.8984375,0.6116751888000718
03174,0.7699477921444255,0.4382789553068191,1,0.29912275075912476,0.5813611745834351,0.29913997650146484,68.49576568603516,5.7571283394536295,13.846379280090332,3.376953125,0.3624405932493065
03175,0.8564339059797823,0.4667218462437314,1,0.2718150019645691,0.48939818143844604,0.3078998625278473,66.34382629394531,5.370867640851525,14.541143417358398,3.787109375,0.40753666462250454
03176,0.9290353419796251,0.4296087012358363,1,0.30315834283828735,0.5443300008773804,0.46017518639564514,74.48110961914062,6.04656730304498,8.965532302856445,2.96484375,0.3106201185963537
03177,0.8444562189213654,0.41686277692120427,1,0.18969666957855225,0.3528818190097809,0.5364226698875427,74.14276123046875,4.216713569328441,13.74673843383789,4.65625,0.45344193736546007
03178,0.6819864532047302,0.3191717556416486,1,0.3276430368423462,0.5954551100730896,0.3472357392311096,72.64085388183594,6.137826836958929,14.188431739807129,3.17578125,0.4834857020066324
03179,0.8950673455674283,0.472264631043257,1,0.24995768070220947,0.4110014736652374,0.5022512078285217,71.18346405029297,5.725746744777398,10.568800926208496,3.072265625,0.5015616671516938
03180,0.6858706790436729,0.29607714774901805,1,0.4896523952484131,0.6910337805747986,0.3405633270740509,68.1286392211914,8.434811612775956,11.29464054107666,2.365234375,0.18041136809829458
03181,0.6249221365588659,0.307853057633084,1,0.30519717931747437,0.5036789774894714,0.5933645963668823,76.53166961669922,4.664426231111498,7.5105180740356445,4.9921875,0.40111973619713537
03182,0.8303270033091724,0.36417672990023314,1,0.26268839836120605,0.49860379099845886,0.48588958382606506,73.82549285888672,5.677498225543643,12.55327033996582,4.74609375,0.34580865116568854
03183,0.5734832163838179,0.2720632742827166,1,0.24338704347610474,0.4165576994419098,0.5842555165290833,74.61650085449219,4.5491002355014265,12.882661819458008,4.98046875,0.470109885638328
03184,0.8744336853715544,0.3948781225230231,1,0.3594003915786743,0.7223958969116211,0.3264153003692627,71.5228500366211,7.297672699367497,10.963583946228027,2.865234375,0.19827934233790281
03185,0.808848719267169,0.4641484006500456,1,0.1971927285194397,0.3528289496898651,0.45903342962265015,73.71114349365234,4.334259120661534,15.53658390045166,4.7734375,0.6104864922122524
03186,0.8682331489569126,0.46857713725417643,1,0.19556105136871338,0.39622825384140015,0.450883686542511,74.02519989013672,3.257565767201607,12.881820678710938,4.515625,0.4681586389995886
03187,0.8988969977478882,0.4293029164102094,1,0.17129921913146973,0.32083505392074585,0.4163306653499603,75.44767761230469,4.728405041411161,15.311614036560059,4.6015625,0.491423884807147
03188,0.822525794632829,0.3775206611570248,1,0.30360138416290283,0.6900506019592285,0.24105918407440186,68.42363739013672,8.744848817151562,11.17056941986084,2.5625,0.23674198953248501
03189,0.8578009810674567,0.3870205302925535,1,0.22385185956954956,0.4259471297264099,0.4695514142513275,74.81287384033203,4.9878781121813045,10.289050102233887,4.53515625,0.410070393281127
03190,0.5541526537945668,0.3008032814903435,1,0.21000641584396362,0.44758543372154236,0.5720523595809937,74.7738037109375,6.238412059735888,13.280472755432129,4.87890625,0.6788891420750732
03191,0.8615026301223809,0.43373566324386,1,0.21881800889968872,0.4948970377445221,0.45338428020477295,69.6713638305664,4.171583155894629,13.91868782043457,4.91796875,0.46995084944461113
03192,0.9019301414506731,0.5673009321207448,1,0.1947193145751953,0.36222922801971436,0.5786709785461426,74.95637512207031,4.274200783040082,11.650711059570312,4.55078125,0.59209639538469
03193,0.8497333048209115,0.4239087691702713,1,0.20349276065826416,0.3479359447956085,0.47656798362731934,71.62097930908203,3.7457937368378476,11.600752830505371,2.37890625,0.2759829609095861
03194,0.8395941790119082,0.39170486793276577,1,0.2926265001296997,0.5383350253105164,0.5765157341957092,74.5531005859375,4.791579933994054,10.966472625732422,4.5625,0.3747440184830453
03195,0.7134442491934625,0.3815051814938558,1,0.21409618854522705,0.41350898146629333,0.47916027903556824,65.2450180053711,4.7212073331767925,14.223808288574219,4.85546875,0.5117295076911106
03196,0.863512149299115,0.39097319556265414,1,0.35036998987197876,0.542373776435852,0.4043400287628174,74.69979858398438,5.128901464639683,13.450714111328125,3.8984375,0.3085823121135926
03197,0.7446376463531876,0.334553321914721,1,0.37866008281707764,0.6067816615104675,0.5192103981971741,73.0600814819336,6.073123647583549,12.302021026611328,4.00390625,0.4322766468893627
03198,0.7231774033514763,0.37419475305760436,1,0.3236285448074341,0.5705409049987793,0.5499975085258484,74.03221130371094,5.526196958354791,13.453527450561523,4.62109375,0.6219938148443771
03199,0.6428543615406871,0.3088044631281185,1,0.25578755140304565,0.49853092432022095,0.4013490080833435,68.69564056396484,5.183622232907836,11.94413948059082,3.517578125,0.5728801860570861
03200,0.7853284092766011,0.3592725766117696,1,0.31459182500839233,0.6515500545501709,0.4063621759414673,72.68729400634766,7.2492949697078375,13.416352272033691,4.0625,0.27830711888530096
03201,0.8065706796864123,0.3740314014568883,1,0.24117624759674072,0.3544991910457611,0.5578571557998657,74.2435531616211,4.955850038089751,12.344533920288086,4.53125,0.4339176149573115
03202,0.8701264149809906,0.5897497593840231,1,0.29571348428726196,0.6100951433181763,0.23048503696918488,55.84327697753906,8.24532020656599,10.698087692260742,2.599609375,0.4851419382810601
03203,0.5736054987837957,0.2739908272940517,1,0.2441633939743042,0.4577030837535858,0.5169543623924255,76.34866333007812,5.091734324339316,15.3974609375,4.87109375,0.5749712655123784
03204,0.8236853962005891,0.3794555402940713,1,0.25244390964508057,0.5324294567108154,0.4229222238063812,71.25051879882812,4.899097031281921,13.588882446289062,3.84375,0.29923054926372
03205,0.8702983845723715,0.43999454743729555,1,0.3060380220413208,0.4941519498825073,0.34260693192481995,70.42437744140625,4.4925721433170995,10.174422264099121,3.89453125,0.23174100115067325
03206,0.8232072178865856,0.41548430816145016,1,0.1873067021369934,0.3872631788253784,0.5116889476776123,74.7385025024414,4.434104484615934,11.523322105407715,4.9375,0.4076870118559159
03207,0.6300783311862758,0.3182859452903921,1,0.3058152198791504,0.4844643473625183,0.39787936210632324,63.86231231689453,8.30132825257742,13.733258247375488,4.66796875,0.7593489791029161
03208,0.7499176240043907,0.3847560468788962,1,0.2519940733909607,0.4782978594303131,0.5803622007369995,75.70355987548828,4.536567376831553,11.098770141601562,4.7890625,0.5552012523793759
03209,0.832793275055325,0.37187510028561344,1,0.21292495727539062,0.5086491107940674,0.49951064586639404,76.78717041015625,5.094243348284347,13.463447570800781,4.80859375,0.5666663726338451
03210,0.813721986310289,0.42361351320189095,1,0.234866201877594,0.47480061650276184,0.5268147587776184,75.99419403076172,5.019093006835408,13.839029312133789,4.9609375,0.7035370666647381
03211,0.8575970464093466,0.4483746168919258,1,0.20574909448623657,0.3981970548629761,0.4545310437679291,66.33253479003906,5.878842901925271,15.113228797912598,4.90625,0.7504471693502115
03212,0.8134430177991269,0.37012018166614746,1,0.20660251379013062,0.41888970136642456,0.4618648290634155,73.36698913574219,5.363794038573405,15.005389213562012,4.18359375,0.5100181491847828
03213,0.7631371433067529,0.4019759894307542,1,0.1776738166809082,0.43908804655075073,0.5893867611885071,76.26951599121094,4.951351187656749,12.845721244812012,4.9296875,0.5179492685787157
03214,0.8031973604673349,0.3887332069562351,1,0.3472215533256531,0.6933128833770752,0.24425014853477478,65.61534881591797,6.596934895963261,12.252853393554688,2.2265625,0.33173738187675017
03215,0.7971907811391286,0.4359364201796821,1,0.2758259177207947,0.5069737434387207,0.35220757126808167,60.803340911865234,7.353083807484402,9.574153900146484,2.0234375,0.5776450533985893
03216,0.057725474959705446,0.029523480662983426,1,0.3628265857696533,0.7139307260513306,0.4392288327217102,64.88367462158203,6.119915750788878,11.372994422912598,4.171875,0.5185311583066151
03217,0.6763961857456284,0.4024634775136064,1,0.2876490354537964,0.5135048031806946,0.48460519313812256,67.6865005493164,5.51459132252984,7.306678295135498,4.59375,0.30875039930124526
03218,0.8524381447048145,0.4774909446328983,1,0.2023743987083435,0.36858484148979187,0.4774974286556244,73.94037628173828,4.216696905556634,12.050491333007812,4.63671875,0.6046128383169583
03219,0.6938037122496538,0.342930659686793,1,0.3173912763595581,0.4700523018836975,0.3397412896156311,68.25672149658203,4.760155716944505,11.014640808105469,3.154296875,0.36038400194873677
03220,0.7214745497721601,0.3385171446235792,1,0.3294207453727722,0.6098188161849976,0.4700404107570648,73.58946990966797,6.5794620470606695,10.060672760009766,3.498046875,0.528389949935736
03221,0.8163959498415548,0.3595409812768679,1,0.3096734881401062,0.5402966141700745,0.6048645973205566,70.53224182128906,6.377778978655072,13.727431297302246,4.6328125,0.5043162636386003
03222,0.8083788205610885,0.43294048320565703,1,0.30559712648391724,0.48928970098495483,0.33861371874809265,66.2745590209961,4.888070166193116,17.235572814941406,4.078125,0.5154874568740988
03223,0.846541436333799,0.49738034272208,1,0.20009905099868774,0.2872558832168579,0.5430132746696472,74.10704040527344,4.3855508114959125,13.08250617980957,4.89453125,0.5285330426518633
03224,0.8674103328696379,0.526542800265428,1,0.30534589290618896,0.6339350938796997,0.48953777551651,63.928367614746094,8.255410210064582,13.831336975097656,3.41015625,0.78877138667335
03225,0.8281090371888257,0.47727110029350706,1,0.24627059698104858,0.4702059030532837,0.5267849564552307,70.76703643798828,4.96766619326532,9.346003532409668,4.296875,0.4774526584997271
03226,0.7756476122937884,0.44653922214897823,1,0.20784908533096313,0.3999814987182617,0.5158383846282959,68.54393005371094,4.728347048753169,14.65847396850586,3.826171875,0.4503021123968572
03227,0.7540185156518424,0.3310187481400655,1,0.18670469522476196,0.41273772716522217,0.5892831683158875,74.85787200927734,5.235982492122407,16.886465072631836,4.91015625,0.6267318001026021
03228,0.8138100220340019,0.4261763115197404,1,0.3022143840789795,0.46678850054740906,0.5322221517562866,69.93669128417969,6.510761117646856,12.634708404541016,4.92578125,0.5582254318876574
03229,0.8760193029156188,0.45058049756934515,1,0.3510448932647705,0.5180797576904297,0.3262730836868286,69.6540298461914,4.977159892129194,7.787749290466309,2.53125,0.2523192569622906
03230,0.5486336164957372,0.24848600059745268,1,0.3091610074043274,0.49178776144981384,0.37196069955825806,63.75807189941406,5.373063977394187,14.376466751098633,4.0859375,0.4093341967994447
03231,0.6873201509712866,0.31682944304083865,1,0.18354147672653198,0.2538241446018219,0.5694333910942078,74.19071960449219,5.536500537696744,15.646354675292969,4.9296875,0.694675881219298
03232,0.8694043181989866,0.523863555776186,1,0.3086587190628052,0.4846854507923126,0.5135669112205505,74.84760284423828,4.020784040419221,9.591796875,4.61328125,0.30870237763656894
03233,0.7981783864035675,0.3887271214642263,1,0.404707670211792,0.6290300488471985,0.38139012455940247,67.1995849609375,6.005535210654099,14.082845687866211,3.009765625,0.6437609307504892
03234,0.703229747283917,0.33527724665391967,1,0.2496369481086731,0.5140817761421204,0.39584437012672424,66.34443664550781,7.017201291966067,16.301504135131836,3.65625,0.49353376860242876
03235,0.432646899856278,0.21765444787027521,1,0.24356341361999512,0.6019866466522217,0.3823326528072357,69.6197509765625,5.2848631778684645,13.003958702087402,4.421875,0.39450578994262225
03236,0.8204322914732628,0.42566132055821704,1,0.27435988187789917,0.5734565258026123,0.3610251247882843,73.03446197509766,7.324344811640257,12.576149940490723,3.26171875,0.5040258249466996
03237,0.8822146484399103,0.44758789379070524,1,0.20690345764160156,0.30354106426239014,0.40277984738349915,71.27501678466797,4.2247216379286465,16.715505599975586,4.9296875,0.676969994766718
03238,0.7220906084094789,0.3235161668017653,1,0.5279503464698792,0.7762417793273926,0.3989405632019043,69.6527099609375,7.851674755552904,5.063619613647461,2.041015625,0.1194691839830674
03239,0.7745332185792829,0.4248953874272522,1,0.2580105662345886,0.42838743329048157,0.5070195198059082,72.49371337890625,4.870002433482815,11.68743896484375,4.2734375,0.4350017286742096
03240,0.6115031779085804,0.2869453706078482,1,0.21178370714187622,0.40238097310066223,0.33195605874061584,70.19376373291016,3.2261944260672673,14.590192794799805,3.95703125,0.3215398908936417
03241,0.9253058294749607,0.41178404417339265,1,0.346089243888855,0.5592283010482788,0.431216835975647,72.97756958007812,8.232855578588419,12.990821838378906,3.828125,0.18745833411194607
03242,0.5224651683372921,0.2532883249912699,1,0.49691301584243774,0.7598934769630432,0.36134958267211914,64.3461685180664,7.135919676756843,10.39697265625,2.791015625,0.4744523956843938
03243,0.7444579984888201,0.4399973581665676,1,0.1930643916130066,0.283517450094223,0.5853311419487,75.84420013427734,5.198683683442385,11.99852466583252,4.98046875,0.6038323117379312
03244,0.6994582400975866,0.3358689291983616,1,0.3619113564491272,0.5887511372566223,0.38689762353897095,69.43253326416016,6.949639075921524,14.653226852416992,3.494140625,0.3895262453263871
03245,0.8595569269935485,0.4644970830111759,1,0.26421308517456055,0.4677805006504059,0.3188996911048889,74.66150665283203,6.136486392903513,10.340951919555664,3.92578125,0.2485187273642704
03246,0.8180432758556477,0.4373821866163996,1,0.20717328786849976,0.3164479732513428,0.4894270598888397,72.27365112304688,4.5319159582796615,9.676128387451172,4.6328125,0.6174823745188609
03247,0.8426951523559547,0.458980044345898,1,0.20119333267211914,0.393792986869812,0.46627435088157654,74.80943298339844,4.8444445599661465,12.594827651977539,4.59375,0.5458539857778483
03248,0.7294482336636725,0.34658385093167704,1,0.36257117986679077,0.7286009788513184,0.3199780285358429,57.914154052734375,7.860498559069694,14.111355781555176,1.986328125,0.47217856455673524
03249,0.9658505478264037,0.6736415074196648,1,0.25044506788253784,0.2747448980808258,0.6142351627349854,68.17671203613281,12.422570369974963,14.230472564697266,4.1796875,0.8347939838038446
03250,0.8213633390323279,0.37722639307809164,1,0.3388513922691345,0.6478580832481384,0.5328543186187744,67.04206085205078,6.570721172418184,14.111480712890625,3.634765625,0.437702236983278
03251,0.8353003446515748,0.4515434797229134,1,0.38260263204574585,0.6614425778388977,0.2681558430194855,65.53044128417969,7.187066535920738,11.93997859954834,2.71875,0.43490595321606396
03252,0.8555195189607161,0.3896291867910577,1,0.3903111219406128,0.8513349294662476,0.3556079864501953,68.52159881591797,11.833540678428768,12.795394897460938,2.79296875,0.39918508566828
03253,0.6290896931505803,0.27867543159058794,1,0.30497241020202637,0.5653166770935059,0.4462478756904602,73.5352554321289,5.4436820377675685,8.573905944824219,4.8046875,0.27459794449553543
03254,0.5765257651705341,0.32045303131245834,1,0.23118895292282104,0.40911102294921875,0.4708808958530426,62.2242317199707,6.9716401340808165,18.954151153564453,3.828125,0.7247996658958257
03255,0.8706498872913759,0.38471434889237327,1,0.2420060634613037,0.5485302209854126,0.5756096839904785,76.20209503173828,4.994448831311113,11.002367973327637,4.97265625,0.47853908574846105
03256,0.7156668585622584,0.39591229020032487,1,0.23018807172775269,0.44664445519447327,0.527328610420227,73.4463882446289,6.7087932714130485,16.064167022705078,2.984375,0.7242798547497037
03257,0.8490145973729274,0.4284442252633598,1,0.21043521165847778,0.34079259634017944,0.5090376734733582,72.68098449707031,3.8374702557743694,9.746552467346191,4.1484375,0.4098065088282267
03258,0.6813653317084587,0.3371019151660446,1,0.3461682200431824,0.6460655927658081,0.38019466400146484,70.66325378417969,6.835237899446064,8.790555000305176,4.05078125,0.28594570178161904
03259,0.8181516414001834,0.41589242505402757,1,0.3355602025985718,0.6007582545280457,0.5924899578094482,75.04600524902344,4.379215249432208,9.934783935546875,4.90234375,0.3948049707256623
03260,0.6555759674855823,0.4804232804232804,1,0.27283114194869995,0.47167539596557617,0.3505353331565857,61.19774627685547,6.584788102565317,12.74879264831543,3.7109375,0.7492862795249968
03261,0.7563094023252946,0.3660789964400746,1,0.26577484607696533,0.49208009243011475,0.4940815269947052,68.99150848388672,4.221180357266314,10.72170352935791,3.96875,0.3244553483717889
03262,0.7427855435565023,0.3630330374035803,1,0.2521447539329529,0.4743770360946655,0.5405288934707642,71.41221618652344,5.5935732622748775,12.148146629333496,4.515625,0.5326727574010353
03263,0.7797936329684431,0.44079320113314446,1,0.2704471945762634,0.29444459080696106,0.4888332188129425,73.9244384765625,6.400687630202603,11.392598152160645,4.83984375,0.768528749706475
03264,0.6359954008131242,0.33389964888435836,1,0.38316333293914795,0.8240994215011597,0.26955464482307434,64.78376770019531,5.735358957673632,11.359177589416504,2.509765625,0.4973062274324663
03265,0.7436633306499613,0.3380625254094174,1,0.27753835916519165,0.6056698560714722,0.44532087445259094,73.84339904785156,7.087079620968248,15.19987964630127,3.654296875,0.25162308685205065
03266,0.6277463598464696,0.2756435333698459,1,0.21042561531066895,0.40953323245048523,0.6109157204627991,68.9898910522461,4.693335408070356,18.23240089416504,4.79296875,0.4951504913221752
03267,0.8802738246457168,0.38902883193894994,1,0.5318085551261902,0.5787181258201599,0.38993749022483826,73.93949890136719,8.868722215284217,9.182613372802734,2.9296875,0.19569516991785962
03268,0.8950790409869066,0.39845104185874974,1,0.3787674307823181,0.564736545085907,0.44803082942962646,76.92045593261719,5.573987216685792,10.561580657958984,4.23828125,0.33796074507070906
03269,0.7526368066111593,0.3614575690877965,1,0.30814337730407715,0.576546847820282,0.2847650945186615,72.3127670288086,5.78165110975056,11.967533111572266,1.771484375,0.36169300291722717
03270,0.6773635892729946,0.3426525456340243,1,0.27850818634033203,0.5954310894012451,0.33885231614112854,69.96656799316406,6.216253526059526,13.891562461853027,3.798828125,0.3317044178700229
03271,0.8787918056559171,0.49595978402532115,1,0.14345312118530273,0.28461703658103943,0.5027889013290405,72.45095825195312,3.575631381886727,15.525184631347656,4.91796875,0.6034334918115518
03272,0.7147027838922235,0.31370680716307486,1,0.2728877067565918,0.4618804454803467,0.3646347224712372,73.773193359375,5.756435410765795,13.889093399047852,4.10546875,0.3376866996080893
03273,0.8824125796493412,0.40444245966254394,1,0.28080040216445923,0.49129846692085266,0.37340784072875977,75.54276275634766,5.565320906942514,10.971290588378906,3.751953125,0.2924606470811875
03274,0.6918805643871316,0.3019612462453619,1,0.4473104476928711,0.6455357074737549,0.3714810609817505,69.28800964355469,5.793199529926687,10.194461822509766,3.525390625,0.28261634390567686
03275,0.626986921551763,0.29387669362461927,1,0.21358180046081543,0.3269861340522766,0.6109435558319092,76.00145721435547,6.339800209281083,15.967609405517578,4.98046875,0.6106191641363459
03276,0.7795352824557908,0.3616418319773288,1,0.29366666078567505,0.49519839882850647,0.4171844720840454,72.53031921386719,5.528172676737483,16.21775245666504,3.37109375,0.3500757483406711
03277,0.3745117645341338,0.1644648627261337,1,0.30831199884414673,0.6258587837219238,0.4557594656944275,67.59687042236328,6.362561922845219,11.258062362670898,3.81640625,0.3034361451109576
03278,0.7469207086636862,0.393863650565519,1,0.294140100479126,0.4514261484146118,0.5371407270431519,69.60538482666016,5.472444811402059,15.041342735290527,4.8671875,0.2695675863393898
03279,0.7354661109282444,0.3212755148562571,1,0.39815568923950195,0.7083878517150879,0.3942713141441345,68.83035278320312,9.058106193636627,12.057245254516602,2.244140625,0.27076687647049036
03280,0.798921691332984,0.3561993019903994,1,0.24434471130371094,0.4722645878791809,0.5103150010108948,73.8346939086914,5.6597596743058975,15.762757301330566,4.44140625,0.32438353645322987
03281,0.687533861059382,0.3544090727376018,1,0.15969592332839966,0.3378540873527527,0.4731440544128418,72.3714599609375,3.52991378784126,12.940168380737305,4.79296875,0.4451441992224655
03282,0.7029926024146527,0.3324789890922096,1,0.318614661693573,0.6056584119796753,0.37036043405532837,68.2952880859375,6.056658595104429,11.92330551147461,3.419921875,0.3914575355946151
03283,0.6683381252120372,0.30327703771902065,1,0.23799192905426025,0.4653030037879944,0.5238231420516968,73.8469467163086,4.9785620410128875,12.639152526855469,4.38671875,0.2884869644391148
03284,0.6636738488208326,0.3683342495876855,1,0.31498098373413086,0.6299011707305908,0.39408519864082336,73.47787475585938,7.465996018532037,12.594780921936035,3.2578125,0.41586069686881466
03285,0.2861693272558438,0.13591838806273157,1,0.2955465316772461,0.5155032873153687,0.4601922035217285,73.97655487060547,4.786488789285188,10.807433128356934,4.75,0.3466934373454373
03286,0.8273153849509188,0.41304654017183445,1,0.17873883247375488,0.2572364807128906,0.37893015146255493,69.40689849853516,3.4517941754060684,13.878880500793457,3.8046875,0.5316414167210998
03287,0.7816614019047423,0.4196435859066794,1,0.18562644720077515,0.49856698513031006,0.5219423770904541,74.3323974609375,3.811534481367475,12.876251220703125,4.62890625,0.333859268694998
03288,0.8814259543469619,0.6064967516241879,1,0.18333768844604492,0.2719500958919525,0.5190492868423462,74.13077545166016,7.1408295585101325,11.934215545654297,4.6328125,0.8529791579284831
03289,0.8690909386271843,0.431566447995951,1,0.2367703914642334,0.5137998461723328,0.43347132205963135,68.40480041503906,4.696920211116857,8.912576675415039,3.888671875,0.35973912463805985
03290,0.6030819402362583,0.2871897445222293,1,0.2865790128707886,0.5284674167633057,0.48068767786026,72.54285430908203,6.025809894995347,15.09223747253418,4.03125,0.3495833719061725
03291,0.77325135520589,0.38930354937442946,1,0.30301040410995483,0.568661630153656,0.537949800491333,67.54399871826172,6.111850986823515,8.677273750305176,2.294921875,0.48497355780012014
03292,0.8428889654836166,0.42668856383348874,1,0.412861168384552,0.549980640411377,0.36419084668159485,69.07156372070312,5.793769692036487,13.02115249633789,3.05859375,0.3051849750685507
03293,0.8641162629641335,0.4018522726043256,1,0.3175891041755676,0.6226693987846375,0.38975125551223755,73.81458282470703,4.981535184115579,11.280113220214844,3.755859375,0.34869395215251375
03294,0.6893945045661886,0.37976405346726305,1,0.1991328001022339,0.40279924869537354,0.40729478001594543,64.67159271240234,4.600667209663738,16.34678077697754,4.0078125,0.47856414546124476
03295,0.8094159009560761,0.4736037856755558,1,0.21469402313232422,0.3716585636138916,0.5607051849365234,71.5610122680664,3.5345983787719493,11.455198287963867,4.7890625,0.46542119180944197
03296,0.6632350653156329,0.35148415563578017,1,0.314055860042572,0.5527309775352478,0.32746338844299316,65.7533187866211,5.0675672874068,16.444583892822266,3.09765625,0.47825050603564423
03297,0.913502303931395,0.41248677837777653,1,0.334614634513855,0.49960726499557495,0.5082040429115295,72.97406005859375,5.096383986751938,10.750284194946289,4.046875,0.49384670737908176
03298,0.8597706594304394,0.3936819308219321,1,0.26521116495132446,0.4419058561325073,0.3114859163761139,66.95298767089844,4.472417433217864,13.064861297607422,2.638671875,0.26677211717102317
03299,0.8746653500745866,0.4276004245591117,1,0.2659904956817627,0.4554886519908905,0.36317721009254456,73.28245544433594,4.27241220384658,8.042474746704102,3.6640625,0.20640184888385732
03300,0.6484343708906553,0.33210435957333034,1,0.31915348768234253,0.5101203918457031,0.3449936509132385,64.51708984375,5.417918903965039,17.540611267089844,2.861328125,0.512910309316904
03301,0.8729812546908895,0.41568726568094694,1,0.20581436157226562,0.44070738554000854,0.454700767993927,71.75180053710938,5.3440063899681505,13.943920135498047,4.328125,0.4686854157908111
03302,0.7416866037900173,0.3878935244433069,1,0.265521764755249,0.35902586579322815,0.6088833808898926,75.6942138671875,5.593872430426964,10.880599975585938,4.87109375,0.5142621809687269
03303,0.8849281582537895,0.42947226086617346,1,0.34607529640197754,0.5583851337432861,0.2747742235660553,67.55673217773438,6.6107045569130385,11.573047637939453,3.234375,0.3360439499716311
03304,0.7973075351183208,0.3691557722136051,1,0.4131370782852173,0.7237498164176941,0.2966492176055908,70.100830078125,8.96135667851204,13.193941116333008,2.37109375,0.30554284345670246
03305,0.8581976427792462,0.48149480595404054,1,0.19189214706420898,0.38809946179389954,0.35836362838745117,70.60465240478516,3.515052493969752,13.803887367248535,4.53515625,0.4567722693222677
03306,0.8653381200673009,0.38781673278295986,1,0.2790015935897827,0.5742770433425903,0.4519748389720917,73.41975402832031,6.699673584100167,11.672730445861816,3.529296875,0.20695959454257623
03307,0.9464911980200462,0.5313613771366226,1,0.3055988550186157,0.40664002299308777,0.4062206447124481,72.03652954101562,5.7579826241994185,7.326125144958496,3.13671875,0.1966069583775559
03308,0.7467600322245445,0.40383702155950235,1,0.3671262264251709,0.7520273923873901,0.43282145261764526,68.73928833007812,6.851168203620922,11.4769926071167,2.70703125,0.5735059568330496
03309,0.8016535452046312,0.41211157829966155,1,0.20070749521255493,0.5107406973838806,0.4765733480453491,74.49488067626953,3.8698677176075305,11.585159301757812,4.1484375,0.4592502919185468
03310,0.8256373111342585,0.396103630336021,1,0.303925096988678,0.6656979918479919,0.2957998216152191,72.60859680175781,6.755518922139104,10.73633098602295,3.005859375,0.26474275735254194
03311,0.7466493104277575,0.33221099887766553,1,0.27229607105255127,0.5296440720558167,0.3791116774082184,70.0689468383789,5.946652220099734,14.704317092895508,3.869140625,0.47703776914739515
03312,0.6110092903035182,0.2710643144364642,1,0.3184815049171448,0.4614966809749603,0.5997720956802368,76.24213409423828,5.754638665624116,8.983064651489258,4.98828125,0.3870700782398171
03313,0.8546269176672081,0.4598119858989424,1,0.317592978477478,0.5481340289115906,0.3341522812843323,73.13528442382812,5.119266708031667,11.817288398742676,2.939453125,0.6265616512493233
03314,0.7785776906331573,0.48201193520886615,1,0.26566195487976074,0.5284932851791382,0.5107842087745667,69.30765533447266,5.5263229183513625,10.627296447753906,4.0703125,0.3543898469397541
03315,0.58691006532442,0.31880657056654377,1,0.34955865144729614,0.6810883283615112,0.3949885666370392,65.76412200927734,5.240263706366877,10.406808853149414,4.1953125,0.3395937818912471
03316,0.8474123489385929,0.3863085379611627,1,0.30614960193634033,0.45522406697273254,0.48914578557014465,72.08964538574219,4.920860008338086,10.921134948730469,4.3515625,0.3000890294462651
03317,0.8045699972849694,0.4525670992181833,1,0.24474966526031494,0.5443310737609863,0.5193724036216736,75.88788604736328,5.3898401498027955,8.174060821533203,4.76171875,0.5956173303352165
03318,0.6815707140036548,0.36050476640864176,1,0.23031502962112427,0.37379980087280273,0.43300861120224,67.02828216552734,5.947217496713408,15.851604461669922,4.29296875,0.3842011426696835
03319,0.5220764490193144,0.23510000549984417,1,0.32216840982437134,0.6878429055213928,0.27529168128967285,68.46968078613281,6.998906454011904,13.30770492553711,3.35546875,0.2508488343333568
03320,0.8340319266637244,0.46926439133265135,1,0.23468536138534546,0.44008582830429077,0.3797149062156677,68.57987213134766,5.829066924606147,14.10473346710205,3.9375,0.44422364235426604
03321,0.8654237357298872,0.4210070425187361,1,0.17266029119491577,0.3104497194290161,0.46037524938583374,71.91400146484375,4.910375263837567,15.62103271484375,4.6015625,0.5772126587854635
03322,0.7467209099539391,0.3340571654181429,1,0.3910360336303711,0.6497082710266113,0.39025476574897766,70.55943298339844,7.960382885109066,13.148242950439453,3.267578125,0.23253964913451144
03323,0.8072763466025094,0.44032860974425037,1,0.1722303032875061,0.32935094833374023,0.5406523942947388,73.81884765625,4.120153973880485,12.869037628173828,4.83203125,0.5276455779826869
03324,0.888397181717214,0.6028587985319683,1,0.20498770475387573,0.3305962085723877,0.5507781505584717,74.33319854736328,5.643332373953277,11.189786911010742,4.9296875,0.7923968073773966
03325,0.8063008452784198,0.3782972016534333,1,0.25030040740966797,0.6038164496421814,0.3488284945487976,72.15966033935547,5.790338601615628,14.683870315551758,3.4453125,0.38128630075935893
03326,0.8800309987747446,0.5671116504854369,1,0.19501864910125732,0.3189055919647217,0.38519883155822754,65.76812744140625,4.390916085857697,13.052312850952148,3.91015625,0.6846461836808991
03327,0.7094778647564588,0.4162846903908659,1,0.19820040464401245,0.32492366433143616,0.5792226195335388,75.01919555664062,4.3519512887607394,12.741127967834473,4.953125,0.4839820236186948
03328,0.8096532212900065,0.4863585880535033,1,0.1711072325706482,0.3134719729423523,0.5641970038414001,75.39192199707031,4.408099829300629,12.962554931640625,4.96875,0.5776254092406766
03329,0.6250137997520615,0.3547393886078733,1,0.21695494651794434,0.44178667664527893,0.45467236638069153,66.42341613769531,4.507436392911566,14.88045597076416,4.33984375,0.6041950479302601
03330,0.7777197169655657,0.47644012531168084,1,0.24041211605072021,0.4996646046638489,0.6077320575714111,77.0938949584961,5.086181785277072,11.408977508544922,4.98828125,0.5697105253635733
03331,0.944383683710184,0.5047627734848387,1,0.40050584077835083,0.5952810049057007,0.43168675899505615,73.5040054321289,7.456120188368973,9.074690818786621,3.1015625,0.277133610770577
03332,0.8287909496511563,0.40232095706881377,1,0.3544831871986389,0.5018163323402405,0.3725808262825012,69.74453735351562,6.53809542389237,15.536469459533691,2.134765625,0.561537057211498
03333,0.7845951037786636,0.37309637730690365,1,0.28201746940612793,0.5097760558128357,0.588009238243103,74.79534912109375,5.170872558050008,8.087233543395996,4.9453125,0.3330875273448759
03334,0.5546781908676789,0.3150058769753167,1,0.29919999837875366,0.481462299823761,0.3862731158733368,67.55140686035156,8.708838075011053,13.89022445678711,3.34375,0.7102657943863485
03335,0.8316273953660861,0.4704080091483807,1,0.1823643445968628,0.31704485416412354,0.5388115644454956,74.22117614746094,4.529385183563417,13.163169860839844,4.84375,0.5392728313638799
03336,0.7448665288640394,0.34800967879679273,1,0.3311576843261719,0.5860316753387451,0.5839787125587463,75.73197937011719,5.505066584189624,8.644627571105957,4.9765625,0.29808179146257346
03337,0.8821129086170316,0.40658329272914295,1,0.36162418127059937,0.5551361441612244,0.3965398371219635,72.77467346191406,6.062370685575746,12.9182710647583,3.96484375,0.253695699590185
03338,0.8075528701812549,0.35897283067600455,1,0.2976136803627014,0.6735398769378662,0.4230594038963318,73.9466323852539,4.421999227786227,13.445929527282715,3.53515625,0.2256593338141045
03339,0.815718035696088,0.41951451044209387,1,0.26905983686447144,0.5969223976135254,0.4816707968711853,71.10263061523438,6.087048628558922,11.448287963867188,4.64453125,0.3333100576499047
03340,0.8680989016124581,0.4546902331410072,1,0.17195481061935425,0.40102100372314453,0.49807101488113403,69.8630599975586,4.024827088176632,9.682476997375488,3.900390625,0.45152750021240845
03341,0.7504783369455776,0.3772394732563811,1,0.262539803981781,0.5203583240509033,0.4476972222328186,68.94178771972656,4.818346692619267,14.874220848083496,3.65234375,0.36643851231168895
03342,0.7112336365327666,0.4569072574636133,1,0.2801116108894348,0.5693709850311279,0.44443270564079285,74.6279525756836,5.11310938887965,8.662091255187988,3.853515625,0.4243983801978057
03343,0.7872089683971093,0.3944091839212014,1,0.3711855411529541,0.6743381023406982,0.33167794346809387,70.77249145507812,4.948420475516404,5.570244789123535,2.76171875,0.29418540151859157
03344,0.8487155107024607,0.37522020819684065,1,0.353812038898468,0.577602207660675,0.3534832298755646,73.8236083984375,6.626898819947716,13.818607330322266,2.31640625,0.4627749790239266
03345,0.8071688178847691,0.42987228003784295,1,0.3416774272918701,0.5647173523902893,0.31251412630081177,67.00811004638672,7.719457766640267,17.712757110595703,3.740234375,0.4672114895243975
03346,0.7919533133838534,0.44659592595461234,1,0.25296270847320557,0.48121827840805054,0.3684573769569397,71.55580139160156,4.781103459295762,12.049899101257324,3.400390625,0.5645382147660362
03347,0.3834258241798836,0.1776168304880152,1,0.4245756268501282,0.8563540577888489,0.312337189912796,52.107139587402344,9.532862231872253,11.825085639953613,1.8955078125,0.48050598444415793
03348,0.857661543203215,0.4359075803133407,1,0.30987852811813354,0.5892815589904785,0.48047658801078796,75.3996810913086,5.5111120132272555,8.605774879455566,3.939453125,0.5325927987214912
03349,0.797699507321789,0.37475555555555556,1,0.3039383888244629,0.5452489852905273,0.27171623706817627,74.16946411132812,7.429464591597809,14.260862350463867,2.97265625,0.37944116712744025
03350,0.5411886664326557,0.2818939751455089,1,0.3011471629142761,0.6710149645805359,0.42612314224243164,73.64105224609375,5.7305910328784595,12.850646018981934,4.15234375,0.45704918589254157
03351,0.8489286100042787,0.4824228483802952,1,0.2577437162399292,0.36352288722991943,0.6135750412940979,73.8986587524414,5.440295113817735,11.192384719848633,4.92578125,0.6226217441349391
03352,0.6301067226320675,0.3858049167327518,1,0.17838287353515625,0.34830614924430847,0.5659528374671936,75.86888885498047,5.096068239333097,14.440803527832031,4.98828125,0.41699684942149984
03353,0.746132677853118,0.3688773661174765,1,0.42666947841644287,0.6944536566734314,0.48716557025909424,66.65325927734375,6.6661965299209855,10.204911231994629,3.58984375,0.35107901214300175
03354,0.7046075112962346,0.33573053045669676,1,0.33551323413848877,0.5877072811126709,0.3984367847442627,61.399742126464844,6.133353182133192,11.450288772583008,3.884765625,0.5020475916672545
03355,0.8891646165485795,0.43589209023058,1,0.2778991460800171,0.5279088020324707,0.2992134392261505,67.38835906982422,6.036946246815043,8.905994415283203,2.0625,0.5852139073813197
03356,0.6061557744016136,0.33872517616912234,1,0.30194002389907837,0.5227604508399963,0.6773832440376282,76.8697738647461,4.238113742597547,7.121694564819336,4.96875,0.38271713888595943
03357,0.8658190005780303,0.4034441423266965,1,0.27278417348861694,0.3541155755519867,0.5084168910980225,73.08280944824219,4.73081210953439,12.434020042419434,4.06640625,0.18632997583432787
03358,0.7331828501105254,0.32220587096274494,1,0.31954753398895264,0.6331371068954468,0.5338544249534607,69.55471801757812,6.322447055851117,13.960298538208008,4.1015625,0.4571870035803027
03359,0.748975006409844,0.41123640355253965,1,0.3468635678291321,0.81496661901474,0.3276149332523346,61.77888488769531,4.406430519134635,9.465407371520996,3.83984375,0.45679677949627556
03360,0.8726455066043343,0.39132191931809834,1,0.2659985423088074,0.5619028806686401,0.4292832016944885,71.16014862060547,4.943738582225113,13.096609115600586,3.298828125,0.2645977116849106
03361,0.8595856059600345,0.4572516178149981,1,0.23957282304763794,0.3928968012332916,0.40673497319221497,72.26020050048828,3.2466951576200875,9.811300277709961,3.927734375,0.35633568064567644
03362,0.8703147471339684,0.39464780067671484,1,0.2430899739265442,0.5251044034957886,0.4978039562702179,71.93280792236328,6.497182043349593,12.75203800201416,4.01171875,0.628005735856597
03363,0.7003883907394223,0.31075084574491457,1,0.22808969020843506,0.462166428565979,0.445294588804245,74.82366180419922,4.025400865581529,9.960078239440918,4.5625,0.2355803649557929
03364,0.5428954647981582,0.24653493044429187,1,0.251420795917511,0.5202075242996216,0.47005653381347656,69.05316925048828,5.400825766600784,11.112558364868164,4.65234375,0.32744707292051783
03365,0.6082931615124995,0.37070641607258586,1,0.2606779932975769,0.5636159181594849,0.5793185234069824,69.08287811279297,5.958068649684149,13.272483825683594,4.07421875,0.680060855159406
03366,0.7326211281591963,0.3403042515339651,1,0.321125328540802,0.6299778819084167,0.41541600227355957,67.88675689697266,6.545920710825446,10.96569538116455,3.48046875,0.32888462682739783
03367,0.637652114055791,0.359231217239371,1,0.21538567543029785,0.4786343574523926,0.4239395260810852,69.73743438720703,5.263105232987987,11.86125373840332,3.78125,0.5355843777178831
03368,0.6936575915199246,0.3021291404346863,1,0.42296868562698364,0.7462557554244995,0.40881162881851196,67.50003051757812,8.27710604749956,11.486940383911133,1.8984375,0.3495192499318437
03369,0.3806848738874253,0.16248447204968944,1,0.3745959401130676,0.6027980446815491,0.47633934020996094,66.89082336425781,8.182203418262548,10.051876068115234,3.544921875,0.3094256357879516
03370,0.7107373964881165,0.3401039759830124,1,0.3192555904388428,0.5241315364837646,0.31632962822914124,68.56806945800781,5.345750766784182,12.525582313537598,3.3984375,0.26928186088110817
03371,0.8968426738665263,0.4215784528656436,1,0.283869206905365,0.5847399234771729,0.47543448209762573,74.74842071533203,3.815067859467685,12.08816146850586,4.359375,0.36853605302872916
03372,0.7897519728928272,0.5405557114790907,1,0.26561492681503296,0.3576856553554535,0.4029753804206848,63.27823257446289,5.650779072157489,17.878028869628906,2.951171875,0.8117637327645227
03373,0.8382247748585409,0.425,1,0.19986432790756226,0.3826635777950287,0.5291600227355957,73.61824035644531,4.712856310121462,12.481468200683594,4.8046875,0.39920803683249667
03374,0.8499072409569323,0.4455167124688439,1,0.34888511896133423,0.48939448595046997,0.5223865509033203,71.43014526367188,5.68239219710581,9.36572551727295,4.1171875,0.4992504376900675
03375,0.6407548852943068,0.3274947952810548,1,0.29933691024780273,0.5982421040534973,0.4721280336380005,75.38752746582031,5.2085305385351575,11.572189331054688,4.01171875,0.3218286633190205
03376,0.8456800938429824,0.475975336004319,1,0.24168527126312256,0.43896278738975525,0.6255680322647095,73.89832305908203,4.263165978338985,10.710515022277832,4.76171875,0.39600449992840225
03377,0.8256214805955094,0.3721563133120319,1,0.3231159448623657,0.6048347353935242,0.45868638157844543,71.17357635498047,6.778043722457759,12.669775009155273,3.796875,0.33097116855989395
03378,0.7339536815667563,0.4197036207760068,1,0.21211493015289307,0.3997771739959717,0.5592645406723022,71.83729553222656,5.409399727917356,13.063069343566895,4.765625,0.39607027961304436
03379,0.6709289214303575,0.28549055558738706,1,0.2742477059364319,0.6289829015731812,0.5704087615013123,76.62593841552734,6.151446590754871,12.405200004577637,4.92578125,0.3750970142665611
03380,0.3970223943488377,0.17680240679058773,1,0.2979279160499573,0.5479850769042969,0.48129403591156006,62.71321487426758,5.803823680893855,15.815057754516602,4.625,0.32931359666542304
03381,0.8056110461832615,0.401638311279143,1,0.2663261294364929,0.4125789999961853,0.38205111026763916,66.58238220214844,5.502042283508395,16.339025497436523,4.8515625,0.3331161921157973
03382,0.7620693305019076,0.36294100774452626,1,0.26188206672668457,0.44222670793533325,0.622538685798645,72.95368194580078,6.631802431011297,8.125931739807129,4.94921875,0.5066444382622959
03383,0.8192573663194833,0.41697780254481287,1,0.23216867446899414,0.47579294443130493,0.47199735045433044,75.14171600341797,4.058665487816736,9.648611068725586,4.90625,0.36276263073169135
03384,0.6232120521415113,0.2860960635608523,1,0.35411518812179565,0.5727104544639587,0.364204078912735,68.30421447753906,6.758503087902408,9.495231628417969,3.294921875,0.23931194403086728
03385,0.8180276821645701,0.41112172344264036,1,0.3129889965057373,0.5208672881126404,0.5171825885772705,71.62919616699219,4.228896682300781,8.677404403686523,3.693359375,0.26952028246423976
03386,0.776103479106534,0.5159275452841974,1,0.3093152642250061,0.6934264302253723,0.3749227821826935,61.92388916015625,5.4177056165209185,11.686186790466309,3.470703125,0.48049083600600606
03387,0.7926098133274248,0.3520837068992796,1,0.3433383107185364,0.5600508451461792,0.46561336517333984,71.92369079589844,6.139403629407535,11.39284610748291,1.8955078125,0.24956339077435682
03388,0.8677156106577817,0.41332246419005475,1,0.21245205402374268,0.40182211995124817,0.5731119513511658,73.7520523071289,5.336691585697831,15.091862678527832,4.54296875,0.5923017979157367
03389,0.8049054610450863,0.40798608485215154,1,0.2837543487548828,0.4788948595523834,0.470114141702652,69.73857879638672,4.685471980559173,6.735568523406982,3.888671875,0.24564889769042225
03390,0.6136947167018394,0.33680672268907563,1,0.2643750309944153,0.5677295923233032,0.611953616142273,72.81344604492188,5.243725452031089,11.642810821533203,4.84765625,0.5158271230999506
03391,0.8113444723395623,0.40415479747099287,1,0.2273421287536621,0.48461276292800903,0.47748860716819763,74.71749114990234,5.202074872670813,15.243071556091309,4.12890625,0.5971057839772761
03392,0.8693895239198021,0.39397245077193305,1,0.36780816316604614,0.5193819403648376,0.36618828773498535,71.97795104980469,5.346179884644843,13.243600845336914,3.267578125,0.4941637954497856
03393,0.8618249716312979,0.45685909373060213,1,0.24476981163024902,0.4592779576778412,0.4199906885623932,69.51549530029297,5.772168162044815,13.41588020324707,3.994140625,0.7076344116396239
03394,0.7911884553920361,0.40116641186795765,1,0.3715367913246155,0.6213814616203308,0.32880866527557373,66.24309539794922,5.146959259482262,11.276898384094238,4.30859375,0.42853203908201276
03395,0.8641117451648663,0.43062095350206003,1,0.19627398252487183,0.48033103346824646,0.5466353297233582,77.13935089111328,4.180800568307103,12.268463134765625,4.95703125,0.36626909964583265
03396,0.9043991585946263,0.41863699582753827,1,0.30910927057266235,0.5619319081306458,0.38142091035842896,73.52326965332031,6.613413436654994,11.16547679901123,3.947265625,0.4129349509050476
03397,0.7956913979088209,0.40703768670600116,1,0.24967116117477417,0.436420738697052,0.5129774212837219,71.15505981445312,4.691327258444928,11.162067413330078,3.388671875,0.22278021932623826
03398,0.8590160325898498,0.574412023031131,1,0.20047736167907715,0.3877863585948944,0.43889319896698,65.05323791503906,6.178521353376101,13.829753875732422,3.955078125,0.7104224070047841
03399,0.7804313669883198,0.3555405693192305,1,0.32197386026382446,0.6338279247283936,0.431452214717865,72.05509185791016,6.832227917758764,8.856712341308594,4.2421875,0.37628371635107954
03400,0.8354405422929485,0.48624862486248627,1,0.23557347059249878,0.3393077552318573,0.4489078223705292,63.24516296386719,5.063025271219743,9.760221481323242,3.806640625,0.32986071083304724
03401,0.7690283017635893,0.4151924834227606,1,0.3390645384788513,0.5164386630058289,0.2836143374443054,69.90343475341797,5.378261048934155,13.013261795043945,2.6953125,0.5154064464585304
03402,0.7917015117634492,0.38822486256428446,1,0.25659000873565674,0.5751538872718811,0.4239053428173065,67.94795227050781,5.413113912659981,12.220308303833008,4.12890625,0.34439183982170274
03403,0.717040225074505,0.31015236083873887,1,0.37772923707962036,0.6198596358299255,0.49435651302337646,69.6915283203125,6.2855006952713905,10.98930549621582,3.103515625,0.2578502389394741
03404,0.7475123519701663,0.4407935049019608,1,0.2891286611557007,0.5101115107536316,0.43631207942962646,74.36357116699219,6.005698332219506,9.674089431762695,4.09765625,0.3876629663631176
03405,0.8218733924696203,0.4159239079084123,1,0.22609466314315796,0.47529053688049316,0.5306711196899414,72.57304382324219,6.805111279851991,15.319133758544922,3.9921875,0.5574734805418464
03406,0.5345427928049881,0.23764289602612956,1,0.36435556411743164,0.5960412621498108,0.5452815890312195,76.48519897460938,5.61592559691293,8.390430450439453,4.41796875,0.1997560155182633
03407,0.8371617023013032,0.40141262972022407,1,0.2185375690460205,0.47665345668792725,0.4501151144504547,71.78726959228516,5.415645078267088,12.299117088317871,4.0625,0.41380600411273366
03408,0.750285293196425,0.4335990888382688,1,0.3307781219482422,0.5813469290733337,0.5910442471504211,73.86618041992188,4.717792365256525,7.905196189880371,4.3046875,0.27146535141021433
03409,0.794378876096223,0.37547657653709626,1,0.3726014494895935,0.6806382536888123,0.3320235013961792,60.67776107788086,7.1167778582804155,13.465119361877441,3.537109375,0.5523954051151381
03410,0.8765941059806245,0.5302557043782096,1,0.20730215311050415,0.31478095054626465,0.5762918591499329,73.62262725830078,5.9298886825103,10.691742897033691,2.875,0.6974084041205806
03411,0.8962797926650331,0.4338586092236519,1,0.2873355746269226,0.5373618006706238,0.4206985533237457,73.39508056640625,4.502622011571201,10.462346076965332,3.935546875,0.4193273101253944
03412,0.6920147334445953,0.3113387226478182,1,0.42260682582855225,0.9290348291397095,0.3377714455127716,67.4949951171875,8.219117136081833,13.546899795532227,3.375,0.27519149728413056
03413,0.831312755393485,0.3931402219339962,1,0.27611273527145386,0.5875490307807922,0.5112558603286743,70.54776763916016,6.150571449388987,13.004990577697754,3.99609375,0.5281193018937331
03414,0.6866018189368805,0.32465366854797334,1,0.3469510078430176,0.7046716213226318,0.3711504340171814,64.10653686523438,6.716328159653283,12.75311279296875,3.974609375,0.6088705893513602
03415,0.7820088476144479,0.38193643618248074,1,0.24702435731887817,0.5527855157852173,0.5015757083892822,76.76049041748047,3.9730244472723957,9.75161075592041,4.95703125,0.4271087843372393
03416,0.6623248140718363,0.2850661389112698,1,0.4065343737602234,0.6172744035720825,0.3284558057785034,65.94306945800781,8.070729909846959,11.096468925476074,2.376953125,0.10772995573356008
03417,0.826787750653019,0.39586656825162503,1,0.22896051406860352,0.49122029542922974,0.5344513058662415,75.94243621826172,5.774094646686241,10.554551124572754,4.98046875,0.41528594348397874
03418,0.8067431028882658,0.3602577943533876,1,0.3200421929359436,0.5375048518180847,0.530894935131073,70.69792938232422,5.789119806342665,10.92817497253418,3.75,0.41297285939165385
03419,0.5968076370003014,0.3266097430186033,1,0.29563337564468384,0.6104867458343506,0.4495953619480133,70.7106704711914,7.037014383351403,9.160290718078613,3.306640625,0.4388014006099415
03420,0.805630188390692,0.3661644063321958,1,0.38096338510513306,0.6745054721832275,0.3242304027080536,73.00758361816406,8.601625373256356,13.209131240844727,2.841796875,0.22522930214758885
03421,0.45884005895799806,0.20930326707420752,1,0.4116106629371643,0.6902004480361938,0.4294257164001465,68.98201751708984,6.53310555318784,10.887731552124023,3.375,0.40542159901861463
03422,0.928717024112604,0.4671236541779299,1,0.20024365186691284,0.2665308713912964,0.6354691982269287,76.1942138671875,4.432364545768525,14.137109756469727,4.9296875,0.4441892145840885
03423,0.8776495815980956,0.4278559865188537,1,0.28196781873703003,0.522294819355011,0.33032840490341187,72.40221405029297,4.556348146209022,11.882144927978516,3.318359375,0.23261899812019413
03424,0.6778284703499642,0.36368849385765645,1,0.2231733798980713,0.43185439705848694,0.3577394187450409,68.68831634521484,4.099182326604931,13.650101661682129,3.912109375,0.4404994110516886
03425,0.8493478126563095,0.43265255753686677,1,0.199413001537323,0.35590317845344543,0.5530996918678284,71.25544738769531,6.6181936297336685,15.634340286254883,4.35546875,0.46360596894946604
03426,0.7781480093271141,0.3650221187840887,1,0.270748496055603,0.5291932225227356,0.301303893327713,72.1045150756836,6.158334033923477,11.390223503112793,3.392578125,0.367106803472444
03427,0.717016875291503,0.3856441510072795,1,0.27632927894592285,0.5315394401550293,0.4757603704929352,72.54193115234375,5.407427313812524,16.3845157623291,3.81640625,0.6948929001854531
03428,0.816990571178046,0.41340934178095656,1,0.20393991470336914,0.3524709641933441,0.5211710929870605,74.06747436523438,4.560565302101413,12.140254974365234,4.85546875,0.39940571758900006
03429,0.6168813994057554,0.3255887217452942,1,0.2920234799385071,0.5191287398338318,0.5827939510345459,74.86569213867188,4.500649814188308,10.901937484741211,4.9453125,0.5685820940303181
03430,0.3343967651281695,0.18576673697367393,1,0.3260500431060791,0.6971240639686584,0.37988269329071045,71.2470703125,6.918693802993582,12.370260238647461,3.248046875,0.25377968420722624
03431,0.8367282183305852,0.4776654294125176,1,0.17258185148239136,0.35216841101646423,0.555226743221283,74.93653106689453,4.2726960362673125,14.6937837600708,4.91015625,0.6252473211222846
03432,0.9193074562991579,0.4101101101101101,1,0.28304553031921387,0.6980268955230713,0.4291813373565674,70.36359405517578,6.094859827904848,11.792617797851562,4.69140625,0.42696349321709726
03433,0.2164080930202113,0.0876537475006564,1,0.45199865102767944,0.6946751475334167,0.35811734199523926,69.91224670410156,6.85830794192279,9.011332511901855,3.185546875,0.2185368392368947
03434,0.8040834977115722,0.4472843450479233,1,0.301893949508667,0.7035109400749207,0.41658905148506165,70.0731201171875,6.2108980123707225,12.422618865966797,4.60546875,0.5823125365013235
03435,0.8340769904780256,0.37923830949702714,1,0.2608185410499573,0.5039477348327637,0.3935847282409668,73.72728729248047,7.8847080553011875,12.161346435546875,3.521484375,0.4808055438707592
03436,0.689408064518326,0.340529259537524,1,0.3063861131668091,0.46786174178123474,0.4514024555683136,74.96719360351562,3.591834452911022,10.748509407043457,4.03125,0.30403340151959196
03437,0.8740365857888986,0.43937718029439293,1,0.26922327280044556,0.4125235080718994,0.44961026310920715,72.67129516601562,3.4075763909571495,9.978598594665527,4.0625,0.30284373666071135
03438,0.6600771801800378,0.3117018806593917,1,0.32123345136642456,0.6069148778915405,0.4767017066478729,72.20745086669922,3.751592785127744,11.95491886138916,4.68359375,0.348273356823902
03439,0.7492905298693094,0.42793996211201246,1,0.20197302103042603,0.41104215383529663,0.4097791314125061,65.64910125732422,3.8792335370480795,11.16547966003418,3.904296875,0.6141926642643564
03440,0.9084274214119634,0.40802511927578194,1,0.19912612438201904,0.5134953260421753,0.44201287627220154,76.09376525878906,6.4725116602481965,14.886275291442871,4.02734375,0.5375961163673658
03441,0.6135646823939201,0.33612769096640066,1,0.26363617181777954,0.5682734847068787,0.610616147518158,72.81877899169922,5.301790945998524,11.642760276794434,4.85546875,0.5159265920309445
03442,0.8507468307202017,0.4296611632054306,1,0.35320091247558594,0.6224374175071716,0.3610260486602783,71.41541290283203,7.801585826971462,8.480384826660156,2.841796875,0.18047959935540234
03443,0.7520988521573817,0.4449618966977138,1,0.22055280208587646,0.5502359867095947,0.5243380069732666,66.49539947509766,6.1936137341674815,14.279245376586914,4.22265625,0.6659234592940667
03444,0.8007039556840335,0.3582677957237967,1,0.3468567132949829,0.6155329346656799,0.5609257817268372,73.0670394897461,5.804187012737152,11.736263275146484,3.638671875,0.40744566240950514
03445,0.8734190311591891,0.4742287172349803,1,0.20083332061767578,0.4397299587726593,0.5265175104141235,72.89778137207031,4.057862697240402,13.127135276794434,4.4765625,0.5872807789437878
03446,0.7473459458079387,0.3576716229041443,1,0.23696625232696533,0.5502598285675049,0.5187444686889648,68.5407485961914,5.414778323472452,13.493632316589355,4.71875,0.45999391400535894
03447,0.743898403205641,0.411214953271028,1,0.2874763607978821,0.46000754833221436,0.3086085319519043,67.54155731201172,4.880879864673258,16.787700653076172,2.666015625,0.5238066806829316
03448,0.4493811550112582,0.24533398821218075,1,0.2890215516090393,0.6169492602348328,0.2780516445636749,64.563720703125,7.064680302280978,17.742752075195312,2.232421875,0.6383325683740269
03449,0.8331728999806413,0.4279929170836862,1,0.2507104277610779,0.5240111947059631,0.3831689655780792,70.0697021484375,3.9257230622731947,12.020851135253906,3.681640625,0.31971724556194353
03450,0.9258751559845354,0.40638816688550067,1,0.2997437119483948,0.42240646481513977,0.5475035309791565,74.44116973876953,7.299184350537135,14.443589210510254,3.763671875,0.4570581952003956
03451,0.7061654120764556,0.3386864217172973,1,0.2613428235054016,0.5711748600006104,0.3667556047439575,72.50904846191406,6.620544598165073,12.807331085205078,4.12109375,0.40351492840253567
03452,0.8242700357018357,0.5366733466933867,1,0.18359363079071045,0.4056946337223053,0.47646117210388184,74.72484588623047,4.588031094547647,11.163954734802246,4.703125,0.6184632758948378
03453,0.7506696286152236,0.3233400772484826,1,0.31721508502960205,0.5770319104194641,0.3950929343700409,72.07958221435547,3.88711446569839,13.684566497802734,4.43359375,0.2900478768563164
03454,0.6768289948114482,0.35069843878389484,1,0.28844064474105835,0.439710795879364,0.49560144543647766,70.17265319824219,6.693559890130239,11.321282386779785,3.79296875,0.5126912876114971
03455,0.6399690009427679,0.28880028996013046,1,0.42326974868774414,0.5850445628166199,0.5301680564880371,72.96296691894531,5.365075557997277,9.083910942077637,4.2265625,0.2888633218112437
03456,0.8902200330718607,0.42817259307554706,1,0.3717103600502014,0.632881760597229,0.6297643184661865,73.01181030273438,10.33942994143145,3.647761583328247,4.75,0.16096426443075207
03457,0.8001734890029204,0.3680081888957786,1,0.2532520294189453,0.43912968039512634,0.47589030861854553,71.89076232910156,5.502481813219122,12.04210090637207,3.525390625,0.2104818523777928
03458,0.7132335733023388,0.30934985665402753,1,0.37622588872909546,0.6596027612686157,0.4064832925796509,70.96086120605469,7.232150472889917,10.824138641357422,3.904296875,0.25824933326208066
03459,0.3627491701673895,0.21245783674387228,1,0.34704500436782837,0.5735618472099304,0.44762539863586426,72.83043670654297,6.59003688176578,12.895432472229004,3.3984375,0.5977366868979355
03460,0.6585116011640632,0.32527071318922957,1,0.26667094230651855,0.45120835304260254,0.3924071192741394,70.02363586425781,5.3341919672431946,11.310564041137695,3.78515625,0.3855458492376196
03461,0.8040297219868484,0.40673502975060133,1,0.4347268342971802,0.6226588487625122,0.2913393974304199,62.785465240478516,6.063198819056103,10.238832473754883,1.8505859375,0.3368947202853962
03462,0.833599536687977,0.3984471737893645,1,0.3414716124534607,0.6361503005027771,0.3527631163597107,73.57966613769531,6.995349270444352,13.02854061126709,3.125,0.3815704031188416
03463,0.6603781467255662,0.32762113953532407,1,0.34304291009902954,0.45783957839012146,0.38371625542640686,69.74664306640625,5.446962800421681,11.664693832397461,2.517578125,0.4737240750450223
03464,0.4313418795816571,0.21830148160736632,1,0.41175389289855957,0.5927028059959412,0.44907230138778687,67.25394439697266,4.0951717543484145,9.039655685424805,4.1015625,0.19225176270767722
03465,0.9048165243829088,0.4273875663428412,1,0.30639201402664185,0.41029229760169983,0.42072802782058716,73.65960693359375,5.4916894455479826,11.75068473815918,3.193359375,0.4147875720258654
03466,0.841183898520501,0.37993754701068994,1,0.27832669019699097,0.47468113899230957,0.4764571487903595,74.25796508789062,7.752826057770244,14.047402381896973,4.1484375,0.30554911828869097
03467,0.9084842881018266,0.4137423723146368,1,0.28214770555496216,0.4447774291038513,0.4193026125431061,73.35084533691406,3.977457842708924,11.72396183013916,4.58203125,0.2602340739378618
03468,0.7885948235842966,0.40941720069308835,1,0.24832683801651,0.37941974401474,0.4995114803314209,74.03652954101562,4.887031136433079,11.922030448913574,4.23828125,0.24421764604275895
03469,0.7764076508461363,0.48602878916172737,1,0.27821868658065796,0.6045409440994263,0.3734692633152008,66.5949478149414,5.767960585195467,13.017402648925781,4.97265625,0.4896352665924034
03470,0.8370766374787622,0.38191189471401643,1,0.2620965838432312,0.42889249324798584,0.4724758565425873,67.71430969238281,5.156280306540634,14.362746238708496,4.765625,0.4188076496139631
03471,0.7886659824980562,0.40184581516447226,1,0.30165374279022217,0.6027404069900513,0.478974848985672,68.59464263916016,5.121562344559909,13.797736167907715,4.9375,0.4652554742691064
03472,0.8626758843564457,0.413485240993555,1,0.4774649739265442,0.6072850823402405,0.3436739444732666,67.74006652832031,5.328717463264027,6.752414226531982,2.3125,0.15920818938084455
03473,0.8391172637025776,0.4238764576110936,1,0.19915813207626343,0.381475567817688,0.5279194712638855,73.65721893310547,4.816986052552051,12.506060600280762,4.79296875,0.3997805254213109
03474,0.8342795762117549,0.44360007515814526,1,0.23939239978790283,0.55094975233078,0.5028915405273438,74.5164794921875,5.262859687538424,7.958710670471191,4.87890625,0.38044537861095834
03475,0.8540063379398644,0.46104659708951934,1,0.18209308385849,0.35141950845718384,0.4954526424407959,71.19383239746094,4.254908695793034,15.029232025146484,4.74609375,0.4703777306093112
03476,0.5308572340289217,0.25501470981545865,1,0.352752149105072,0.6168255805969238,0.34247875213623047,68.47731018066406,6.109785563527597,11.160449981689453,4.0703125,0.37641436081837165
03477,0.8034013766778908,0.3855140612754479,1,0.306505024433136,0.5043139457702637,0.47600075602531433,70.1788330078125,6.409878922258799,13.599725723266602,3.24609375,0.5178182839804055
03478,0.8096385946690332,0.36768802228412256,1,0.2922530174255371,0.46207237243652344,0.45674315094947815,74.72818756103516,4.8053722890788935,12.509479522705078,3.41015625,0.6148796762719095
03479,0.7516591124848514,0.359861932938856,1,0.2925108075141907,0.5908715128898621,0.5298165082931519,71.5000991821289,5.807382669821453,11.805285453796387,4.09375,0.566286379192926
03480,0.7141977701397203,0.3858176074486657,1,0.252647340297699,0.5190598964691162,0.47041526436805725,69.50806427001953,5.209420085640331,16.291181564331055,4.8125,0.5526605665811881
03481,0.9216305055453173,0.505007880420967,1,0.2525460720062256,0.3323889672756195,0.4526292085647583,73.25553131103516,6.875204442187928,14.004817008972168,3.498046875,0.533531192453285
03482,0.8367074696793407,0.4261367864850785,1,0.26986414194107056,0.5431650876998901,0.4129925072193146,69.67064666748047,4.852745176612168,10.35915756225586,4.2265625,0.44886886424211875
03483,0.717303953117296,0.3771467826883444,1,0.28820639848709106,0.48437628149986267,0.5169520974159241,76.50840759277344,4.802351230061608,12.622026443481445,4.9375,0.3974224311981529
03484,0.8008491247196574,0.3684433462760325,1,0.4022780656814575,0.619855523109436,0.27459877729415894,70.66527557373047,8.04396828953535,10.204764366149902,2.544921875,0.19222150878666353
03485,0.7034482397206161,0.3331417682465745,1,0.20402443408966064,0.5290622115135193,0.4510226547718048,70.13908386230469,5.613228740820142,14.939541816711426,4.61328125,0.4702036100195402
03486,0.6896952365103183,0.348241314689347,1,0.34019696712493896,0.48416197299957275,0.3971582055091858,68.03669738769531,5.76662166427119,12.025772094726562,3.44921875,0.32286323435123776
03487,0.7928872838705339,0.5223009961410752,1,0.3141404986381531,0.7453503608703613,0.47838473320007324,71.41862487792969,5.268307040814959,9.583014488220215,3.880859375,0.6254069988725227
03488,0.8209675197538908,0.4264036145662701,1,0.1422961950302124,0.3579299747943878,0.39641961455345154,74.27497100830078,3.2362680561078045,13.657780647277832,4.3125,0.49446428218775057
03489,0.6987397344951366,0.3652987012987013,1,0.29339247941970825,0.5706742405891418,0.43666303157806396,65.88671112060547,5.724125076928707,14.785629272460938,4.6953125,0.5687067240842105
03490,0.8457939472255259,0.40958245719435266,1,0.27742284536361694,0.5009776949882507,0.3705539107322693,71.59271240234375,5.265808320149331,12.961820602416992,4.58203125,0.30414266518069993
03491,0.44178813803519446,0.19942759712580685,1,0.30755066871643066,0.6239649057388306,0.4836454689502716,66.97406005859375,7.4194420987516025,8.625061988830566,2.9765625,0.3671577229560681
03492,0.7627658085502979,0.3411270537506505,1,0.3552190661430359,0.6390303373336792,0.3659813404083252,68.47454833984375,7.016510052105469,13.853950500488281,3.384765625,0.21481816618190366
03493,0.786993871333809,0.481629116117851,1,0.18475830554962158,0.378873735666275,0.6107069849967957,74.29851531982422,5.119380225850371,12.370304107666016,4.84375,0.7427199741584243
03494,0.8452526811318309,0.40560018016665417,1,0.2555552124977112,0.4577775001525879,0.387428879737854,75.09123992919922,5.7278533035615355,15.323456764221191,3.171875,0.45187650260989953
03495,0.9205420024270093,0.42864599645056894,1,0.23144406080245972,0.4521722197532654,0.4073520302772522,74.37557983398438,4.411771517791442,10.892292022705078,4.4453125,0.2581787147385737
03496,0.8852150062947646,0.4226409390901305,1,0.3127564787864685,0.5299989581108093,0.32797080278396606,74.24349212646484,5.663718431780678,12.291478157043457,3.587890625,0.5962232535471262
03497,0.8181188422559879,0.4049427210709229,1,0.27049607038497925,0.5383896231651306,0.634858250617981,76.34796905517578,4.961289713262562,7.656595706939697,4.8203125,0.4484106931590407
03498,0.7252244155665714,0.33264415345738574,1,0.23357486724853516,0.46551814675331116,0.4774056077003479,74.76979064941406,4.8602038069780615,14.07361125946045,4.6796875,0.4001218252181402
03499,0.7926410555897382,0.36945438156671645,1,0.284038782119751,0.6296148896217346,0.42251405119895935,71.86601257324219,6.964980442974123,14.893956184387207,4.0234375,0.5081321024091041
03500,0.8193018425171819,0.38816242257398487,1,0.2554705739021301,0.5715238451957703,0.32952186465263367,64.45143127441406,5.076896776118534,14.122246742248535,3.779296875,0.6151398449472347
03501,0.8146081084432284,0.37403487894371484,1,0.29465287923812866,0.5113145112991333,0.3911930024623871,74.2915267944336,7.50009085426609,13.518083572387695,3.791015625,0.31437071827245316
03502,0.8232014176018901,0.38242173656231543,1,0.2716471552848816,0.5100514888763428,0.332630455493927,73.59659576416016,5.45937619937064,15.593348503112793,2.962890625,0.4615403108321854
03503,0.7535363627031992,0.4049709506812912,1,0.3581963777542114,0.529703676700592,0.2429683804512024,67.51204681396484,5.284116702420649,13.693660736083984,2.185546875,0.4359142131535502
03504,0.8555717267147935,0.39428710278355245,1,0.2813567519187927,0.6488238573074341,0.3508490324020386,69.97058868408203,6.94681463733552,11.28593921661377,3.60546875,0.2773722325431131
03505,0.8707926653056278,0.45235790347116583,1,0.3335268497467041,0.585671067237854,0.5257195830345154,77.07360076904297,3.754677396249113,9.584982872009277,4.67578125,0.34952727710340303
03506,0.8055972517922267,0.3784847013113162,1,0.26933616399765015,0.5346032977104187,0.4288487136363983,68.56535339355469,5.844386152172215,14.823517799377441,3.1484375,0.5400193780476102
03507,0.8105590873856353,0.44209409267775024,1,0.24400603771209717,0.521403968334198,0.4363788068294525,75.47820281982422,5.005142924451171,10.81253433227539,4.39453125,0.5536528509885238
03508,0.8590234006233499,0.37943819098834297,1,0.26436394453048706,0.505509614944458,0.4745450019836426,74.39231872558594,5.9078275991488285,14.144996643066406,4.390625,0.5108655791581795
03509,0.8274398380737926,0.3741988080512763,1,0.3283056616783142,0.5498520731925964,0.30183175206184387,73.17477416992188,5.697755239893888,13.95431137084961,2.5546875,0.3871507081953941
03510,0.8242423567766878,0.3941864458865851,1,0.322917640209198,0.5723884105682373,0.3087591528892517,71.18645477294922,5.524178717564599,10.742023468017578,3.470703125,0.34938542779760756
03511,0.8114789339367687,0.3692677792813111,1,0.24302327632904053,0.3242635130882263,0.6136221289634705,73.15707397460938,5.810010899319264,11.394197463989258,4.9765625,0.6335464680537861
03512,0.8167097655567148,0.42230537658610695,1,0.231411874294281,0.4061923623085022,0.5278238654136658,70.98885345458984,4.4713506995450905,10.46199893951416,4.42578125,0.3753764575720964
03513,0.7763282065928461,0.42133784928027096,1,0.18789684772491455,0.4770977199077606,0.5659657120704651,75.3104248046875,3.8801985268422348,10.983529090881348,4.90625,0.4204599777437056
03514,0.8190680938535508,0.37539897724542676,1,0.23092257976531982,0.4933456778526306,0.43956026434898376,74.3617172241211,5.9623848685187255,12.363290786743164,3.275390625,0.4107765186150127
03515,0.8734391278638735,0.49797807675678424,1,0.23884963989257812,0.46967703104019165,0.5885472297668457,75.06889343261719,6.1490531871798675,9.750343322753906,4.54296875,0.48695842577007725
03516,0.7548927443304491,0.3432703332470318,1,0.27673953771591187,0.47855889797210693,0.46270933747291565,71.51592254638672,5.892593034193895,8.635369300842285,4.2890625,0.3667864926864356
03517,0.8324876834340723,0.38840055861332456,1,0.2519916296005249,0.3825547397136688,0.521838366985321,70.44712829589844,5.768632261959089,14.840694427490234,4.328125,0.7311772742384294
03518,0.8038086073661941,0.39065633299008184,1,0.30108267068862915,0.6779643297195435,0.41453173756599426,67.77394104003906,5.602671172039532,12.011141777038574,3.70703125,0.5644734864787488
03519,0.8914178390546218,0.4131306327977164,1,0.3067578673362732,0.5517366528511047,0.5079640746116638,74.81076049804688,5.1452430430544585,12.156457901000977,3.90234375,0.494582840536201
03520,0.8517556613695999,0.4521851231146062,1,0.23095321655273438,0.43187734484672546,0.5553359389305115,75.26651000976562,4.782885449352951,10.445013046264648,4.19140625,0.6411198798589204
03521,0.798934345517776,0.46877436555245355,1,0.19874298572540283,0.35030049085617065,0.5267870426177979,73.5772476196289,5.165631129825438,15.130892753601074,4.8671875,0.6141435963391358
03522,0.8781271562068002,0.41942028754883315,1,0.26847100257873535,0.5169267058372498,0.3797612190246582,72.05316162109375,4.426751686076115,10.87674617767334,3.6875,0.2132696991674432
03523,0.7860655627775498,0.39813669717206696,1,0.26901304721832275,0.45659950375556946,0.4803045690059662,73.16218566894531,4.73889161250242,11.739871978759766,3.69921875,0.2987638418072806
03524,0.8757405122189652,0.6591646004196071,1,0.22104096412658691,0.2909838855266571,0.593310534954071,71.52604675292969,10.858633758574884,16.726816177368164,4.7109375,0.9144257772853074
03525,0.38210969839823733,0.1605430921212711,1,0.38435155153274536,0.5461563467979431,0.5125764608383179,66.86619567871094,7.1321018480823115,9.997235298156738,3.482421875,0.4765175227950101
03526,0.7183691181987846,0.43753086419753084,1,0.24403494596481323,0.5090929269790649,0.38848215341567993,65.81880187988281,5.53855993018149,16.372831344604492,4.21484375,0.5045759234087466
03527,0.9343569773810736,0.42493189097997197,1,0.25395268201828003,0.5470324158668518,0.5202577114105225,75.99217987060547,5.935757611900875,12.396663665771484,4.203125,0.4103301152938988
03528,0.7301021508561021,0.39081372508045303,1,0.2743186354637146,0.5256330966949463,0.4628865420818329,72.85549926757812,3.6339005952494507,8.042372703552246,4.00390625,0.2928530973410766
03529,0.9215366584867417,0.571383299001743,1,0.2529604434967041,0.4173833429813385,0.4996105432510376,71.6918716430664,5.570379522084955,9.334732055664062,4.2890625,0.60911964460677
03530,0.8967572994667974,0.4124226724944492,1,0.3233133554458618,0.6109453439712524,0.41299542784690857,73.93650817871094,4.34758510327797,12.315058708190918,3.943359375,0.41591080621894194
03531,0.6730695473344495,0.31009999628266605,1,0.3303602337837219,0.5614976286888123,0.3275250494480133,72.84784698486328,6.764959653500633,17.19093894958496,3.197265625,0.5487633878237343
03532,0.7678681341188367,0.37624703087885986,1,0.31121987104415894,0.6312847137451172,0.3983132243156433,65.19355010986328,3.812817425753728,10.553998947143555,3.212890625,0.3914554694240153
03533,0.8251242452410524,0.4517473704619262,1,0.19923877716064453,0.39742618799209595,0.3761321008205414,69.75018310546875,3.6412471530780066,11.40447998046875,3.931640625,0.42653392590683287
03534,0.8441803285984958,0.5256859913348463,1,0.1903175711631775,0.39117631316185,0.36250293254852295,73.05443572998047,5.178595154785355,13.080076217651367,3.392578125,0.5770968310787493
03535,0.7046117099533729,0.38284391373217985,1,0.2581791281700134,0.4460342228412628,0.5458716750144958,73.56356048583984,4.909630547248835,14.015583038330078,4.78125,0.4832270964040768
03536,0.7768587923068844,0.410597995777454,1,0.34159064292907715,0.4532041847705841,0.37190553545951843,65.39904022216797,5.622319311957802,15.58854866027832,3.943359375,0.5366875271285014
03537,0.6391283914792532,0.29844036697247706,1,0.2637309432029724,0.5149406790733337,0.48301321268081665,71.6157455444336,5.039013563150239,13.260499954223633,4.51953125,0.4289886219962926
03538,0.7676606393978185,0.33944912771040886,1,0.21670007705688477,0.4366430640220642,0.5116426348686218,74.27732849121094,5.7468280706652015,14.474883079528809,4.52734375,0.38852976489226937
03539,0.6268075199191663,0.2864084666543126,1,0.28046369552612305,0.5349405407905579,0.3853708505630493,63.60828399658203,6.813542083327271,17.669269561767578,4.01171875,0.34911369823434807
03540,0.8668355463576329,0.41223563946894387,1,0.34550780057907104,0.5961424112319946,0.49621808528900146,75.00846099853516,5.336718803121973,6.183051109313965,4.14453125,0.3597241299020779
03541,0.27998699864309934,0.12858612758745916,1,0.3517600893974304,0.6298155784606934,0.36644983291625977,67.50282287597656,4.794281796330458,9.404157638549805,3.162109375,0.19575571154464702
03542,0.8472249231702812,0.4306662186810022,1,0.25161558389663696,0.42574355006217957,0.48141390085220337,73.79251098632812,3.77577470372138,11.015416145324707,4.23828125,0.32764338398892523
03543,0.6646464508656594,0.31064732050056126,1,0.28929823637008667,0.5254335999488831,0.5737676024436951,73.24461364746094,5.057985236264772,7.987493515014648,4.17578125,0.419849055856853
03544,0.8855589607122442,0.405838758830863,1,0.3373703956604004,0.7572964429855347,0.43363261222839355,71.39422607421875,5.530674131775341,10.012842178344727,4.265625,0.40238486200870044
03545,0.45351913423972795,0.21365711327591885,1,0.364143967628479,0.5281388759613037,0.5444679856300354,72.96524047851562,5.744668693062216,13.26774787902832,4.5078125,0.395645273570851
03546,0.8044352623833784,0.46379694290100104,1,0.18365716934204102,0.31515949964523315,0.5331708788871765,75.7385025024414,3.9473073092756943,11.623369216918945,4.9296875,0.5844332605484658
03547,0.6469845928399631,0.36958704236664214,1,0.23753821849822998,0.4181852638721466,0.5276148915290833,69.90145874023438,3.86138909002308,12.607378959655762,4.7890625,0.4544750722797286
03548,0.63018472187946,0.3704470198675497,1,0.4130312204360962,0.6047196388244629,0.3416741192340851,65.20793914794922,5.690709301649339,11.387887954711914,2.453125,0.34550431993358155
03549,0.5961755632018138,0.2605427673183247,1,0.3272045850753784,0.6521832346916199,0.4181656241416931,71.88050842285156,7.346545463241758,14.816800117492676,3.115234375,0.3781271659868725
03550,0.5755467499459902,0.27707427707427706,1,0.33583635091781616,0.6449110507965088,0.566478967666626,73.49396514892578,5.697128723541553,10.540609359741211,4.74609375,0.4841018372032188
03551,0.8489434469981217,0.37596222929282563,1,0.326382577419281,0.6908252835273743,0.4644983112812042,69.5631103515625,6.569947235449564,12.894158363342285,3.685546875,0.25982251162010306
03552,0.8316739331953719,0.4729291994447015,1,0.27928608655929565,0.47730720043182373,0.4651433825492859,74.33629608154297,4.536617136348376,10.821596145629883,3.96875,0.4078100468988429
03553,0.8097775647715068,0.3759982638888889,1,0.19082313776016235,0.3903072476387024,0.44298607110977173,74.06803131103516,5.573976423595848,13.357809066772461,4.046875,0.42361859874581753
03554,0.6989425416797518,0.3953776310359059,1,0.28757166862487793,0.5638406872749329,0.40546080470085144,66.69148254394531,5.857699018384678,12.668149948120117,4.265625,0.396913736063107
03555,0.8614289386765339,0.4916072996974724,1,0.27220970392227173,0.4887043535709381,0.4297764301300049,71.7733383178711,3.784965810839748,11.990866661071777,4.24609375,0.5059921443296442
03556,0.8016298801845292,0.3658825674690007,1,0.29431653022766113,0.4986456632614136,0.5568239092826843,75.69807434082031,6.116431615597529,10.854941368103027,4.8203125,0.44177580807024913
03557,0.7942611511043576,0.3577313613343748,1,0.39047443866729736,0.48134714365005493,0.44402486085891724,67.36614227294922,5.68293741926834,13.053642272949219,3.92578125,0.19715324302839185
03558,0.8380482125448004,0.3938147300347361,1,0.20850658416748047,0.430015504360199,0.5433018207550049,71.40142059326172,6.554687999830106,11.301312446594238,4.03125,0.39492953554388066
03559,0.7890806195790873,0.3772890885683508,1,0.2599163055419922,0.4660254716873169,0.5306483507156372,73.18492889404297,3.880181188604458,9.076255798339844,4.375,0.4445209874415633
03560,0.8843957919051854,0.4076879277188685,1,0.22056543827056885,0.4408467710018158,0.4206699728965759,77.22740173339844,5.083638576618804,11.738998413085938,4.453125,0.4037197287853339
03561,0.9260635869852406,0.7502978484827247,1,0.2253274917602539,0.38282766938209534,0.47733816504478455,71.49327087402344,5.933539075138961,12.997549057006836,3.244140625,0.7279063147243293
03562,0.730028153484731,0.38823554074167244,1,0.29121237993240356,0.5546439290046692,0.47042912244796753,72.4115982055664,4.360256190243619,11.518806457519531,4.09765625,0.3896563625579452
03563,0.8647748378292465,0.5239121068504955,1,0.22844457626342773,0.3967905640602112,0.6344850659370422,74.35719299316406,5.15842177972488,12.086997985839844,4.2890625,0.6827525057338507
03564,0.6961883515136004,0.421643401928335,1,0.3635179400444031,0.573815107345581,0.5608514547348022,70.7428207397461,6.527104135502255,10.029749870300293,4.66015625,0.5427615173238488
03565,0.8350377310943855,0.37088217149907465,1,0.32704079151153564,0.5736673474311829,0.49704116582870483,68.68702697753906,6.8399938839404255,9.62255859375,3.611328125,0.451532642338748
03566,0.7303201619593152,0.36874815034033737,1,0.26364797353744507,0.5235645771026611,0.3775193691253662,67.16352844238281,4.7221118590090905,15.664815902709961,3.73046875,0.6262973943686583
03567,0.8288789254879624,0.3825483482927732,1,0.26739317178726196,0.5724523663520813,0.5004541277885437,72.990234375,6.126767806401741,12.097455978393555,4.16015625,0.22501611681881198
03568,0.9156746366839732,0.4822893516613164,1,0.4350191354751587,0.6949236989021301,0.43555599451065063,66.91619110107422,5.866490843115902,2.414616823196411,3.01953125,0.1472994020829968
03569,0.6041941804296703,0.3421781845662944,1,0.2697410583496094,0.5415301322937012,0.4563210904598236,72.62578582763672,5.490989804254397,12.679328918457031,4.1953125,0.5784074796974187
03570,0.803406171689514,0.3578818808339876,1,0.3172643184661865,0.652500569820404,0.3901899755001068,70.13566589355469,6.656887646496465,11.6953125,3.478515625,0.4113698366283242
03571,0.6079813453098347,0.3219062804499956,1,0.3066331744194031,0.5654158592224121,0.5262681245803833,71.56800079345703,5.709612999304815,14.60309886932373,4.00390625,0.6120914448179786
03572,0.7666022151692502,0.3762444452099625,1,0.2572621703147888,0.5301952362060547,0.36968860030174255,74.28211975097656,4.137208907247793,12.89436149597168,4.046875,0.5750786650455446
03573,0.8187116347529804,0.4172736732570239,1,0.1690506935119629,0.32256895303726196,0.5656085014343262,75.37409973144531,4.730256033646974,13.252931594848633,4.734375,0.5509872500941813
03574,0.799262727865416,0.43583128710409347,1,0.2845565676689148,0.6221988201141357,0.3012979030609131,66.01226806640625,6.0000757385123435,11.864540100097656,3.85546875,0.42275405409944755
03575,0.8115171157356926,0.43118185617140903,1,0.23336035013198853,0.4867667257785797,0.5070061683654785,70.23800659179688,4.863397646704745,15.091724395751953,4.11328125,0.42799948298626134
03576,0.8659560253509889,0.3875249454680466,1,0.2310066819190979,0.6002036929130554,0.45443305373191833,74.75147247314453,7.645309232218242,14.616397857666016,4.2890625,0.31286348616855064
03577,0.864589609456466,0.4660269911849598,1,0.2503771185874939,0.4553288221359253,0.35527145862579346,73.80677032470703,3.49252062393182,12.371328353881836,3.154296875,0.3372470728478588
03578,0.7776906122668752,0.42486881857211,1,0.27294033765792847,0.48044130206108093,0.5996007919311523,75.51696014404297,7.166422665118739,16.473316192626953,4.3046875,0.6890076068432535
03579,0.8458353575747727,0.46152710359720195,1,0.2665812373161316,0.46164652705192566,0.40391188859939575,72.59034729003906,3.987959840562347,10.168144226074219,3.142578125,0.34252652306358583
03580,0.7881082792155,0.41632046180084836,1,0.21686667203903198,0.429397851228714,0.5091619491577148,74.8536605834961,4.299851044972556,12.375432014465332,4.83984375,0.35064114868993207
03581,0.6290059567876848,0.3523720349563046,1,0.20276987552642822,0.38289082050323486,0.4701303541660309,70.40924072265625,5.350703603058441,16.068742752075195,4.51171875,0.682063337524949
03582,0.5115448134334677,0.23426401012860665,1,0.294203519821167,0.5181683897972107,0.3572300374507904,70.78398132324219,7.413600519124716,13.151015281677246,2.904296875,0.21771653589033366
03583,0.9429581179543486,0.4567991250455705,1,0.262326717376709,0.5633041262626648,0.5401350855827332,71.40579223632812,7.506487452554206,14.49576473236084,4.19140625,0.6830835154625925
03584,0.8816054261529767,0.40964569261760875,1,0.2083778977394104,0.3559796214103699,0.478985458612442,74.97442626953125,5.084403858346689,13.602286338806152,4.26953125,0.46717537583931396
03585,0.8407401237172661,0.3866239495583283,1,0.30761903524398804,0.500091552734375,0.4734875559806824,72.17583465576172,5.162299090885928,10.525097846984863,3.89453125,0.28274677710533636
03586,0.7351660748804698,0.34495423541071535,1,0.2109052538871765,0.3470190167427063,0.576062798500061,77.01545715332031,6.576426794144395,15.258308410644531,4.984375,0.6069056513982579
03587,0.7721907227321683,0.3910559313135057,1,0.352592408657074,0.5528734922409058,0.5163232088088989,74.7074966430664,6.464961111769219,10.508841514587402,3.65234375,0.30737484922938174
03588,0.8827889056286287,0.42392240780368506,1,0.2829645276069641,0.5637874603271484,0.5515779256820679,74.66429138183594,5.415841257591357,10.83901309967041,4.6953125,0.41890983758036415
03589,0.7870660989055341,0.36497280568008555,1,0.3485487699508667,0.6597627401351929,0.2977243959903717,69.23367309570312,7.128029337322016,14.106149673461914,2.626953125,0.335743163653455
03590,0.724904574033629,0.4035752979414951,1,0.20768380165100098,0.44432970881462097,0.47029194235801697,71.52786254882812,4.0433519674216125,15.760544776916504,4.80859375,0.5385206981572715
03591,0.6867161874931552,0.38846306705274514,1,0.22502970695495605,0.5591819286346436,0.4823841452598572,73.46102905273438,4.134585338893275,10.374696731567383,4.9375,0.5090976376745181
03592,0.8027983995061108,0.3696651001904229,1,0.3309782147407532,0.5079915523529053,0.3701615333557129,72.78330993652344,5.829710546719103,15.2110013961792,3.9140625,0.5078640860883947
03593,0.7152961698622288,0.339624206727778,1,0.33245861530303955,0.6182183027267456,0.5576963424682617,77.42164611816406,4.952679075614602,6.844214916229248,4.9140625,0.42839472022228325
03594,0.7499305523366092,0.36283320639756284,1,0.3161223530769348,0.5692977905273438,0.36942070722579956,74.1382064819336,7.101652825844385,9.058212280273438,3.62109375,0.3217660694482894
03595,0.8308232754720031,0.3906414370747167,1,0.2445245385169983,0.5078287124633789,0.4895826578140259,71.14005279541016,4.37850983045946,12.966621398925781,4.47265625,0.29833453949345895
03596,0.8429082380317753,0.385769550032107,1,0.38749974966049194,0.5335871577262878,0.43488043546676636,74.69100952148438,5.758150929044273,11.100179672241211,3.404296875,0.1403438518889139
03597,0.8781036027636304,0.5332509270704574,1,0.26696866750717163,0.5913105010986328,0.616966187953949,69.51848602294922,6.514586913356326,13.068121910095215,4.640625,0.7432042729321743
03598,0.7868669807734222,0.4316856002456248,1,0.16166448593139648,0.3295849561691284,0.3803218901157379,71.30181884765625,3.2426716519897862,14.303702354431152,4.0390625,0.384751469893287
03599,0.7920203674647721,0.45734463276836157,1,0.16149502992630005,0.2837296426296234,0.5597802996635437,75.72632598876953,4.403998951904907,13.604507446289062,4.87109375,0.4894104631407938
03600,0.7961100714300472,0.3651873938680822,1,0.35162192583084106,0.5808033347129822,0.2714952230453491,69.84012603759766,6.526908219286359,13.724357604980469,3.04296875,0.2770799975486612
03601,0.8021291137118225,0.4017192661280694,1,0.37166106700897217,0.4819454252719879,0.35910794138908386,67.52625274658203,5.376112735590906,18.356136322021484,2.908203125,0.4444617033914023
03602,0.7582953089376488,0.4222005208333333,1,0.3360009789466858,0.4969683289527893,0.5533502697944641,75.040771484375,6.484712883346182,9.153650283813477,4.3671875,0.43357055138352346
03603,0.5178946709664514,0.3057471264367816,1,0.24609631299972534,0.4936772286891937,0.48440560698509216,64.22007751464844,6.901048148221969,14.739855766296387,4.04296875,0.42199713774990355
03604,0.8084125997125275,0.4895591647331787,1,0.1365036964416504,0.16782177984714508,0.6341372728347778,75.35356903076172,5.432912355588708,19.195587158203125,4.95703125,0.8064329490608876
03605,0.7756660747976982,0.3410653135701252,1,0.4027360677719116,0.695626974105835,0.3399067521095276,68.4483413696289,6.5462515037847195,12.764749526977539,1.9306640625,0.2951832631354312
03606,0.7973983191035251,0.3810956721833791,1,0.3957248330116272,0.45801886916160583,0.4791744351387024,73.13496398925781,6.528286125707042,16.927837371826172,3.119140625,0.7942515268781078
03607,0.9038376672305313,0.41741230453420275,1,0.24856531620025635,0.4698202311992645,0.4422488212585449,72.96847534179688,4.8294223879015,11.138678550720215,4.8125,0.20253194507068617
03608,0.907732788289717,0.4167465321563682,1,0.21159136295318604,0.4921445846557617,0.39512309432029724,74.43721771240234,4.620242527731837,13.95505428314209,3.765625,0.4366424388555284
03609,0.8978731619170099,0.38871334331171353,1,0.3428341746330261,0.46257492899894714,0.48212215304374695,72.32331848144531,6.105259023582811,13.664593696594238,3.7734375,0.6355180665341931
03610,0.7112780343183265,0.34380973799617676,1,0.34432029724121094,0.5822081565856934,0.46152251958847046,68.84650421142578,6.764522162626357,11.963000297546387,3.2734375,0.3565753324934902
03611,0.8045631887490308,0.3791701587381009,1,0.19636499881744385,0.3519076108932495,0.35198143124580383,68.97757720947266,3.994459635637075,11.883892059326172,3.171875,0.3327749582634033
03612,0.6219379056096492,0.2893857620149062,1,0.3204086422920227,0.5788669586181641,0.5549762845039368,74.94854736328125,5.915954157571971,9.055227279663086,4.98046875,0.40712632692919265
03613,0.643286394300882,0.3646830443804806,1,0.26294541358947754,0.4667091369628906,0.4589712619781494,59.91803741455078,5.667256836037459,18.13534164428711,4.4140625,0.38321186841487165
03614,0.8267140972831779,0.4214917778235085,1,0.29864954948425293,0.48506098985671997,0.47476083040237427,70.7467269897461,4.4210682737730504,11.135644912719727,3.103515625,0.36964448739649874
03615,0.8354063186932263,0.4327558517971093,1,0.315635085105896,0.4781208336353302,0.3374531865119934,65.61195373535156,4.513234798325635,9.600821495056152,3.5625,0.3166753069277731
03616,0.2778395585196506,0.12021024075957952,1,0.37576013803482056,0.5529379844665527,0.37043440341949463,63.84562301635742,8.841763940092928,13.423944473266602,2.837890625,0.25208183863815864
03617,0.899122482834353,0.40824505649717513,1,0.35305774211883545,0.6012961268424988,0.3672355115413666,74.5320816040039,6.16332066584124,10.500749588012695,2.53125,0.19951094581145615
03618,0.6006672235028537,0.37085601187530925,1,0.31390416622161865,0.5938371419906616,0.4325530529022217,70.67741394042969,5.875776147595341,10.916766166687012,4.40625,0.4414708869849231
03619,0.8063779312563957,0.34633294528521535,1,0.28459471464157104,0.546438992023468,0.4808022975921631,71.01882934570312,6.2938407735024136,9.403617858886719,4.796875,0.4427855893774109
03620,0.7583522753116746,0.3543300389541906,1,0.3286448121070862,0.5015512108802795,0.524760901927948,70.95893096923828,5.021604306161793,10.118670463562012,4.47265625,0.18835471129991643
03621,0.7848543199329645,0.4362234705149599,1,0.2142583131790161,0.46998244524002075,0.48280924558639526,71.9706039428711,3.578400764671614,11.673986434936523,4.08203125,0.44201413728026395
03622,0.908626314569227,0.48599967250695925,1,0.20010888576507568,0.4085472822189331,0.5071532130241394,75.10356903076172,4.381669049937654,11.549022674560547,4.40234375,0.5868602328720789
03623,0.8422066690090649,0.4399979442550494,1,0.21189260482788086,0.44491833448410034,0.497688889503479,72.822265625,4.234513711339383,10.57824993133545,4.59765625,0.4308986746391617
03624,0.8509492773612798,0.43999539223591755,1,0.1621469259262085,0.2832516133785248,0.5412010550498962,73.553466796875,4.838198358514293,18.431171417236328,4.953125,0.5901574086923187
03625,0.5195258347196998,0.2703748895527412,1,0.2766873836517334,0.48647165298461914,0.543597936630249,74.22587585449219,6.456078022599292,10.899639129638672,4.37109375,0.3377655801530358
03626,0.8043838059056785,0.48752729438231984,1,0.24428653717041016,0.5577080249786377,0.5234679579734802,75.15479278564453,5.18868264027942,7.389616012573242,4.92578125,0.644019651734709
03627,0.8088973696265818,0.4466624169019215,1,0.16938698291778564,0.3368065655231476,0.5621449947357178,73.73585510253906,4.8550999551492495,13.139806747436523,4.94921875,0.5407297141706041
03628,0.6963267989723974,0.3156627086394181,1,0.33350133895874023,0.6332900524139404,0.4021736681461334,73.4525146484375,8.625116430505294,10.984126091003418,3.673828125,0.4261874901281673
03629,0.598978005605062,0.28093367996017476,1,0.43290287256240845,0.6929336786270142,0.36238229274749756,72.78260040283203,5.4998983662501155,6.952561855316162,3.396484375,0.1859906630072486
03630,0.6590581547403341,0.3157560968884845,1,0.46898365020751953,0.8680576682090759,0.3276840150356293,68.2198257446289,9.542263084417632,10.87436294555664,2.609375,0.2580560362094901
03631,0.6619073196226941,0.42146352831507805,1,0.2702597379684448,0.3672638535499573,0.4654211103916168,61.98158645629883,5.8833058755655205,12.442010879516602,4.3671875,0.5000942662225083
03632,0.5534994970777205,0.28529419923988125,1,0.3737785220146179,0.6206347942352295,0.27208101749420166,67.3772964477539,7.79569148744688,10.713157653808594,2.611328125,0.33397577141756674
03633,0.7716506709398132,0.39375450032212833,1,0.165358304977417,0.30002471804618835,0.5517215132713318,73.09867858886719,5.010093647746421,17.369216918945312,4.98046875,0.6518034478199598
03634,0.5928260196068876,0.2819465515229315,1,0.2917603850364685,0.6532758474349976,0.4786240756511688,74.41265106201172,3.808583777973337,9.35090160369873,4.44921875,0.36936559200731467
03635,0.9086531012054081,0.4376728739396294,1,0.2653818726539612,0.47068408131599426,0.4381961524486542,72.99432373046875,4.503258355463495,12.213584899902344,4.41015625,0.33415007441454025
03636,0.8763964904007746,0.41682121196932487,1,0.3305550813674927,0.6944251656532288,0.5398039817810059,73.79744720458984,6.977551347820821,9.981611251831055,4.140625,0.5928832299087045
03637,0.8658059422807062,0.47563842168922155,1,0.25163334608078003,0.4598158597946167,0.5110494494438171,71.36447143554688,4.1131790607758445,10.648521423339844,4.24609375,0.388239213292127
03638,0.8750117340109747,0.4186621459348732,1,0.4611261487007141,0.6241055727005005,0.3032952845096588,62.78546905517578,6.898764523472281,11.204594612121582,1.9931640625,0.1970827254183217
03639,0.7507023036634606,0.3553314603605783,1,0.307773232460022,0.6484876871109009,0.33370086550712585,68.22593688964844,6.7716721428235,13.93724536895752,3.298828125,0.35348324775286505
03640,0.7173534476943313,0.33722901561880025,1,0.289368212223053,0.5069786310195923,0.4248273968696594,69.92707061767578,5.7444649559736956,15.395316123962402,3.802734375,0.4055474446929792
03641,0.8601665633808121,0.4040861776809489,1,0.2273131012916565,0.42242807149887085,0.4715166985988617,74.28590393066406,4.713154980868179,10.935636520385742,4.68359375,0.3045472821545923
03642,0.6482869480649621,0.29517464163133456,1,0.31224536895751953,0.7902758121490479,0.4958825409412384,67.22335815429688,7.204118617962879,14.766777038574219,4.20703125,0.5520539907815755
03643,0.8168857046912793,0.405197944998489,1,0.289370059967041,0.407211571931839,0.5949956178665161,71.22827911376953,6.544205369601789,13.976274490356445,4.28125,0.5938538150935359
03644,0.8206971949253161,0.5227866128649419,1,0.19621402025222778,0.37425529956817627,0.45944035053253174,71.23460388183594,5.000848229755312,14.236738204956055,3.671875,0.6939288460735537
03645,0.826262362274574,0.3942627606913901,1,0.3774859309196472,0.6094204783439636,0.4336712956428528,73.9810791015625,6.093328281215787,11.630868911743164,3.912109375,0.30240477917734643
03646,0.8556876633445832,0.43128904031800114,1,0.3336685299873352,0.6212249398231506,0.4023910164833069,70.3830795288086,6.456277379225613,11.897562026977539,3.84765625,0.6647913912393124
03647,0.6264610413942309,0.2925256948245454,1,0.24458807706832886,0.40021103620529175,0.5389089584350586,75.80255126953125,5.4500483243564615,12.174969673156738,4.98046875,0.7185539028277176
03648,0.6671718438533824,0.3510968488610658,1,0.31557339429855347,0.568988561630249,0.4565402865409851,72.2489013671875,4.501131751229045,10.415559768676758,4.8671875,0.4885794057087531
03649,0.5774286309005265,0.29393518023318,1,0.26025742292404175,0.43498533964157104,0.568833589553833,76.84719848632812,6.170729028223079,16.688573837280273,4.24609375,0.5609886741579762
03650,0.892160654311117,0.42382601468347414,1,0.1907063126564026,0.2647205591201782,0.5669533610343933,72.99866485595703,5.720759605405883,14.492959022521973,4.59375,0.6512612102346793
03651,0.7886089402854009,0.37081020307778795,1,0.20428532361984253,0.4122072756290436,0.4965211749076843,71.89925384521484,4.2710679008588945,13.961509704589844,4.37109375,0.43488048011185776
03652,0.887213061492112,0.4860764177999815,1,0.1444798707962036,0.3037528991699219,0.5872565507888794,75.51456451416016,4.291428250791171,13.456725120544434,4.94140625,0.555826238408889
03653,0.6886910378498202,0.3355283788021323,1,0.2997834086418152,0.5490251183509827,0.3292424976825714,72.90194702148438,5.093537567168241,12.911911964416504,2.83984375,0.3942600158713127
03654,0.8482633911529399,0.46173395294801045,1,0.2925783395767212,0.5008648037910461,0.33575302362442017,61.91366195678711,5.457993023438351,15.073776245117188,3.224609375,0.5293410812525875
03655,0.7960649565356586,0.3597993899677896,1,0.362209677696228,0.5623663663864136,0.5943300724029541,72.52503967285156,4.893567850054705,10.965510368347168,4.2421875,0.18589819358945248
03656,0.5826229845352883,0.2546194583844037,1,0.31055712699890137,0.5322253704071045,0.3989521563053131,69.69853973388672,5.874567651677395,15.049332618713379,3.216796875,0.43517265150518086
03657,0.8065876361668125,0.37792078979540056,1,0.29549020528793335,0.49824270606040955,0.4720016121864319,73.13490295410156,6.121631895701107,15.483511924743652,3.45703125,0.5143095627063795
03658,0.5450554337713689,0.2472204054937868,1,0.23446524143218994,0.48252102732658386,0.5971322059631348,71.78536224365234,4.989782090124802,14.891094207763672,4.97265625,0.39191744377129367
03659,0.628550251877745,0.3127997298210064,1,0.25369369983673096,0.4947623014450073,0.4797635078430176,68.82125854492188,5.756089796283852,16.54098129272461,4.08984375,0.5719890794093211
03660,0.8224390399451859,0.3736434971339529,1,0.2654973864555359,0.5915550589561462,0.42155590653419495,72.84424591064453,6.643140367846327,11.999411582946777,4.15625,0.4577893238671683
03661,0.7854809934463927,0.47410817031070196,1,0.260980486869812,0.5720829367637634,0.5716060996055603,78.1949462890625,4.095613329408035,10.881403923034668,4.90234375,0.512780896675144
03662,0.8499553123220659,0.40583687845935684,1,0.3300027847290039,0.5357048511505127,0.35537466406822205,70.55192565917969,7.96040920299872,14.074698448181152,2.560546875,0.25070293298008717
03663,0.9369837593543258,0.5443498130452846,1,0.15802639722824097,0.25531044602394104,0.5140865445137024,74.84049224853516,5.600674413081895,15.304140090942383,4.29296875,0.6188596524219322
03664,0.923816632917679,0.6681625740897544,1,0.27770841121673584,0.48212429881095886,0.5149730443954468,74.88407135009766,4.352830988809462,10.602378845214844,4.24609375,0.7380645962006894
03665,0.8223427437389792,0.4760571268552226,1,0.35637062788009644,0.6396334767341614,0.5073248147964478,75.26738739013672,5.386045968855155,6.324350357055664,3.771484375,0.2633998167644811
03666,0.7350495009905377,0.36374876360039565,1,0.24598336219787598,0.4734569191932678,0.3503797948360443,64.77229309082031,5.4512581658876424,16.55534553527832,3.435546875,0.4502638734924171
03667,0.6786659078842535,0.32757201646090534,1,0.2658258080482483,0.6427711844444275,0.46970799565315247,74.39368438720703,5.252848733028114,11.721831321716309,4.3359375,0.3360427984879663
03668,0.8848240528171317,0.39840292665657023,1,0.3524153232574463,0.6128231287002563,0.3639804422855377,70.3421859741211,6.504008236473822,13.07928466796875,3.533203125,0.2573169606684929
03669,0.7441777335236622,0.34212646516100526,1,0.34788310527801514,0.545700192451477,0.48789551854133606,74.11235809326172,7.709526411261835,11.595333099365234,2.908203125,0.4446556533070719
03670,0.3817186941887219,0.2136071324174218,1,0.205463707447052,0.47927892208099365,0.4954354763031006,71.54823303222656,5.3131904779488295,13.735942840576172,3.75,0.5001118774945928
03671,0.8799912393091934,0.434949275923488,1,0.20347905158996582,0.42833513021469116,0.32816699147224426,68.14539337158203,4.156872641156815,12.820639610290527,3.728515625,0.3178027971073128
03672,0.8569058172647083,0.4052921945239068,1,0.2601086497306824,0.42979806661605835,0.47572246193885803,69.36190795898438,5.3168581779307,12.931605339050293,2.359375,0.3021702898631176
03673,0.7937952704613063,0.44867161245323695,1,0.3063564896583557,0.47414496541023254,0.4797239899635315,69.27750396728516,6.475894119699965,13.212851524353027,3.828125,0.572151153403313
03674,0.78888561403507,0.3897758393346181,1,0.3332446813583374,0.609478771686554,0.23385784029960632,67.79415893554688,8.371808020231796,11.058640480041504,2.99609375,0.33537594743152016
03675,0.8534628847675914,0.3989166571133784,1,0.3292001485824585,0.6022891998291016,0.44396597146987915,76.25162506103516,6.888210167782375,14.590245246887207,3.736328125,0.42344214149747106
03676,0.6977062513106309,0.3473929177935719,1,0.3661384582519531,0.675110936164856,0.3122924864292145,68.84688568115234,5.714828129263331,10.249438285827637,3.46484375,0.20289290788590683
03677,0.6939121472257406,0.35607012505235447,1,0.20182961225509644,0.43016135692596436,0.5837743282318115,74.74189758300781,4.268610362881706,12.095465660095215,4.9140625,0.5686372743106416
03678,0.9115606838210767,0.41795055535650305,1,0.2849525213241577,0.5212875008583069,0.3613353967666626,71.16539001464844,5.020832828092339,11.334196090698242,3.408203125,0.3951377681030991
03679,0.7527233054180297,0.3920134656683499,1,0.2744627594947815,0.6104939579963684,0.3299581706523895,68.7797622680664,5.2324543559481675,13.414894104003906,3.666015625,0.38204931486778954
03680,0.6429700036709773,0.32388600220437724,1,0.39316248893737793,0.6861065030097961,0.483879417181015,66.76776123046875,8.564862762307305,10.526775360107422,3.33203125,0.41716400654585306
03681,0.8411366350807448,0.3728186080496864,1,0.2748382091522217,0.5375905632972717,0.4542710781097412,73.7208480834961,6.310872548134988,11.794269561767578,4.1171875,0.3660949472313208
03682,0.8693506915234572,0.39467481360836004,1,0.375049889087677,0.6674951910972595,0.3861416280269623,74.40714263916016,4.981167126049707,8.989089012145996,3.658203125,0.201904832215659
03683,0.7719773532122116,0.4225068108200871,1,0.3494325876235962,0.6471372246742249,0.3746371567249298,71.57061767578125,5.938378049939409,11.454967498779297,2.9765625,0.353136023932133
03684,0.773379091895381,0.3932281370187988,1,0.34182852506637573,0.6793879270553589,0.32482650876045227,64.23479461669922,7.091090155691394,14.104348182678223,4.21484375,0.42779937131309953
03685,0.4818024713965576,0.27530210583794307,1,0.2886924743652344,0.4678837060928345,0.4891439378261566,73.18168640136719,6.186892410503678,11.814051628112793,4.94921875,0.37814424377236805
03686,0.845915445214987,0.3977805050906639,1,0.40447789430618286,0.5994932651519775,0.31666213274002075,68.42338562011719,7.823673289960079,10.609350204467773,2.16015625,0.2607044153760844
03687,0.6509312552541562,0.275037953933704,1,0.29973888397216797,0.4887213408946991,0.49975478649139404,73.61524200439453,6.432298579601073,11.487125396728516,4.8359375,0.16591498450475864
03688,0.6542929453610179,0.293869999433631,1,0.33324718475341797,0.5666060447692871,0.2723378539085388,72.75309753417969,7.331490257192254,13.525230407714844,3.138671875,0.2741085588101413
03689,0.829741841993734,0.3928059046203308,1,0.4144250750541687,0.5977107286453247,0.4106995165348053,70.3802261352539,8.316367643117864,11.93018913269043,3.302734375,0.17873315106036178
03690,0.6194118249882417,0.27195772901277837,1,0.37092071771621704,0.563395619392395,0.37386569380760193,70.79747772216797,7.501019334535592,10.176291465759277,2.90234375,0.3094122417838344
03691,0.8661630170177681,0.4013805004314064,1,0.19496828317642212,0.30944257974624634,0.6078209280967712,76.25846099853516,6.000680604287334,15.711502075195312,4.98828125,0.7456370421769466
03692,0.513681778235711,0.23356794399136038,1,0.39637064933776855,0.7037290334701538,0.41474467515945435,51.69541931152344,7.729630736939048,9.152406692504883,2.126953125,0.2612329745865228
03693,0.7816281379040545,0.38137279283760256,1,0.3004271388053894,0.551550567150116,0.3433031439781189,69.54662322998047,5.727562861877669,13.65951919555664,4.1953125,0.48357048874661374
03694,0.8407592970723756,0.46642663129303263,1,0.356145977973938,0.5700923204421997,0.5003796815872192,67.98925018310547,6.1359884035739585,12.155731201171875,2.65625,0.6356825839438569
03695,0.8460577263714398,0.47482267941319,1,0.22471290826797485,0.4267227053642273,0.39736098051071167,69.46923065185547,4.839764004005271,14.16377067565918,3.861328125,0.5815388598605297
03696,0.5961179504707175,0.24924763676777262,1,0.3427388668060303,0.5808316469192505,0.5282295346260071,71.12268829345703,7.326174881084568,11.507678985595703,3.5546875,0.23973291815782458
03697,0.7652789396892656,0.36547646122356153,1,0.46073073148727417,0.7811928391456604,0.3408105671405792,69.27285766601562,7.178536717276276,8.259160041809082,3.796875,0.2570964169398725
03698,0.7455357559218841,0.36885443583118,1,0.22025495767593384,0.4798697829246521,0.409103125333786,68.19454193115234,3.6749520438591294,16.303194046020508,4.8359375,0.5303757894548115
03699,0.8133893179374478,0.4148690865813746,1,0.2615288496017456,0.4633633494377136,0.4818900525569916,71.93161010742188,6.037846701730156,12.462855339050293,4.015625,0.41823499248434487
03700,0.6661603400980969,0.30890403701479885,1,0.40252625942230225,0.6877216696739197,0.2828798294067383,58.76112365722656,9.682298535947547,14.1693696975708,2.533203125,0.31235390301462623
03701,0.7712921449797521,0.35172326191887543,1,0.2970576286315918,0.5264430046081543,0.41148698329925537,72.64958190917969,6.450395817980942,14.821624755859375,3.44140625,0.27401713339705247
03702,0.7082634084775469,0.35474769397721106,1,0.3444738984107971,0.6543560028076172,0.5025720596313477,69.40495300292969,5.255110695900533,10.28497314453125,4.0390625,0.34738639606353194
03703,0.7805658642093835,0.3444080170345084,1,0.3952169418334961,0.6893768906593323,0.4848273694515228,71.37904357910156,6.78348937082708,10.817455291748047,3.662109375,0.3882404342499593
03704,0.6665217890868032,0.3182177506288178,1,0.20379501581192017,0.39708399772644043,0.570046603679657,74.18213653564453,6.332448114643164,16.743566513061523,4.9765625,0.679417540882926
03705,0.7118620288028414,0.37527593818984545,1,0.29168808460235596,0.5475746393203735,0.4469291567802429,71.76675415039062,3.402409437016597,12.006698608398438,3.58203125,0.4921785832443576
03706,0.7830733894454497,0.4418375291980275,1,0.207508385181427,0.43184149265289307,0.3577231764793396,75.47229766845703,4.758619915772539,14.361629486083984,3.94921875,0.5435354886235572
03707,0.7719877080087706,0.32931104278097895,1,0.3228535056114197,0.5562965869903564,0.42612820863723755,74.47866821289062,6.552976819743553,12.99013614654541,4.15234375,0.1798134198063172
03708,0.7774622663705876,0.43436645396536006,1,0.2208946943283081,0.45274534821510315,0.5683060884475708,74.51439666748047,4.616009746398022,11.281079292297363,4.94140625,0.5603617089778505
03709,0.7660873503926472,0.3755500354861604,1,0.3961411118507385,0.5173258185386658,0.28252506256103516,67.92139434814453,4.864190903964223,13.989754676818848,2.703125,0.4286385291579636
03710,0.5016705933225304,0.2810014959452012,1,0.24326640367507935,0.46723294258117676,0.39899393916130066,67.40586853027344,6.227297276611717,12.472816467285156,4.2109375,0.5133476866610125
03711,0.7473027471844866,0.35789838737645224,1,0.29419195652008057,0.5507007837295532,0.4657457768917084,73.8471908569336,6.071475673116206,9.999787330627441,4.9765625,0.4701905595558297
03712,0.8670445404283362,0.43944160440424695,1,0.1806902289390564,0.30627110600471497,0.5574821829795837,76.45320129394531,6.8627077497217694,13.500138282775879,4.03125,0.7624929509036904
03713,0.6154867241659855,0.3378269075222432,1,0.2643505930900574,0.5680898427963257,0.6100812554359436,72.79244995117188,5.220995224893256,11.63938045501709,4.85546875,0.5157827323699093
03714,0.8553189970655616,0.4535957047263879,1,0.28200483322143555,0.5123240947723389,0.47239166498184204,72.27049255371094,4.432668333201991,9.309736251831055,4.26171875,0.4203706553039422
03715,0.7729621053654944,0.39778054714853717,1,0.21685779094696045,0.4116012752056122,0.5829083323478699,72.22928619384766,5.024291680265994,9.335714340209961,4.98046875,0.4152070466034301
03716,0.762916176801124,0.4018175762477994,1,0.25498729944229126,0.45518958568573,0.5525442361831665,74.64093017578125,4.725230796256295,11.212196350097656,4.390625,0.4952364681062744
03717,0.7208048891434411,0.4075148701581314,1,0.2864570617675781,0.44499245285987854,0.48698803782463074,69.57898712158203,5.527990428709248,12.097162246704102,3.05078125,0.5114689434146245
03718,0.887772416886287,0.5054354817959604,1,0.18954682350158691,0.4286881685256958,0.49880310893058777,76.52656555175781,4.424490642926603,10.335745811462402,4.359375,0.43545257868282794
03719,0.6793818511967352,0.3211285465208432,1,0.456506609916687,0.8168401122093201,0.31833115220069885,55.70835876464844,9.582357862730946,16.013792037963867,1.876953125,0.466423780432761
03720,0.7218228655844182,0.4069189929782497,1,0.251453697681427,0.5614607930183411,0.47514304518699646,65.55899047851562,4.803273233975239,14.911173820495605,4.71875,0.4707618424932583
03721,0.6171997088963953,0.3085285107224034,1,0.34889525175094604,0.5600197911262512,0.3450127840042114,71.0115966796875,6.933837263319544,13.201492309570312,2.890625,0.46314117655553133
03722,0.4959034456546274,0.23328824436125703,1,0.31836968660354614,0.4677337408065796,0.30056440830230713,68.27360534667969,6.218057429374703,13.87010383605957,2.94921875,0.2428660037479588
03723,0.8540484176670243,0.4561679790026247,1,0.2856694459915161,0.5232888460159302,0.483648419380188,72.02945709228516,5.051743876564925,11.793570518493652,4.0234375,0.7109182905793244
03724,0.8714688259768267,0.4693568248555461,1,0.24175912141799927,0.6023721694946289,0.3916342854499817,72.88606262207031,6.592485559409821,13.02726936340332,3.4609375,0.6650504851872265
03725,0.7355138999468194,0.46798283261802576,1,0.21317321062088013,0.39615917205810547,0.5829126834869385,73.78361511230469,5.083887681060109,8.035585403442383,4.953125,0.4154997734734017
03726,0.7067288973374818,0.3528878365784237,1,0.35926353931427,0.6539389491081238,0.42658135294914246,71.43230438232422,7.287242432903279,9.430925369262695,4.27734375,0.36701940543922634
03727,0.8298002324701113,0.3989800780394833,1,0.4429263472557068,0.6599060297012329,0.3491836488246918,66.10273742675781,8.022937879111101,11.31435775756836,2.611328125,0.2672795061560645
03728,0.790633720284912,0.38489785732111664,1,0.36837083101272583,0.6270743012428284,0.46303197741508484,72.4245376586914,6.442185301815024,11.28685474395752,3.736328125,0.45234800721182994
03729,0.8697559678211473,0.3854213064275616,1,0.37937670946121216,0.7125778198242188,0.3557876944541931,72.68926239013672,8.580121995653688,11.500682830810547,3.90234375,0.18964315515836108
03730,0.7916253033160272,0.40659754948162113,1,0.23505759239196777,0.42412111163139343,0.5646392107009888,71.87279510498047,6.121128415120439,13.458395957946777,4.609375,0.5883899469296934
03731,0.7343128186594302,0.36838602329450915,1,0.18664348125457764,0.3081498146057129,0.5496582388877869,74.64239501953125,6.066344426522404,17.843765258789062,4.97265625,0.7270885482807964
03732,0.7839196121683139,0.342019303250218,1,0.21916210651397705,0.457988977432251,0.5213481783866882,69.89044952392578,6.892051911588543,13.34518051147461,3.716796875,0.4258081057987735
03733,0.8813593563504117,0.39913905034115565,1,0.23819082975387573,0.5364087224006653,0.3854648470878601,72.16889953613281,6.701915610677284,12.426365852355957,4.15234375,0.2259907557104869
03734,0.6597429930057778,0.2982364807704822,1,0.40145987272262573,0.6549327373504639,0.3579179048538208,69.42385864257812,9.055977495007731,14.12321662902832,2.533203125,0.2738329209976859
03735,0.8025850624170309,0.36624270662804853,1,0.3046985864639282,0.606512725353241,0.5129258632659912,76.02330780029297,5.8475575901413155,13.116227149963379,4.73046875,0.46517328160450555
03736,0.6437705295012196,0.2869055891988484,1,0.22579163312911987,0.5146716833114624,0.5008817315101624,74.91488647460938,4.482060359872261,13.252205848693848,4.95703125,0.4163251577550477
03737,0.899488511594562,0.515610882441522,1,0.23309898376464844,0.47456470131874084,0.45481789112091064,71.00929260253906,6.340915992439571,17.691143035888672,4.1875,0.7939237328182992
03738,0.880477953417577,0.5141483262437581,1,0.24685192108154297,0.5548232197761536,0.5182220935821533,67.28262329101562,5.589448522200918,14.086169242858887,4.96484375,0.7002926414751005
03739,0.7163718909772948,0.30795358052646477,1,0.25714027881622314,0.4397438168525696,0.5348052382469177,77.7218017578125,5.933488915228339,17.61661720275879,4.98828125,0.6427924226425049
03740,0.6645766411775049,0.2981860889990865,1,0.21221637725830078,0.4964112937450409,0.5133312940597534,74.13558959960938,4.936408987428354,12.74594497680664,4.64453125,0.5017977686005048
03741,0.8182402053021534,0.4127283780757047,1,0.37129175662994385,0.6260622143745422,0.334201455116272,67.31927490234375,6.328482325267415,9.930654525756836,2.193359375,0.28914495015267977
03742,0.8593133347260714,0.3967090179594956,1,0.29614317417144775,0.5149015188217163,0.3119847774505615,70.1043930053711,7.106580170148089,16.356002807617188,3.0625,0.29733917502642787
03743,0.6878264499872371,0.3081637656288306,1,0.3129676580429077,0.5451721549034119,0.5157411694526672,71.70467376708984,5.174491094366728,10.733542442321777,4.375,0.25501370589919575
03744,0.8249389352535085,0.42751304694054576,1,0.20763826370239258,0.3870117962360382,0.5164783596992493,71.35475158691406,5.064803905897221,10.949661254882812,4.21484375,0.33022785300255
03745,0.7414387009958915,0.3478166176630731,1,0.2985551357269287,0.5226787328720093,0.5121296048164368,73.15454864501953,6.753162795183349,10.136978149414062,3.90234375,0.29500277484316106
03746,0.8544493619834388,0.3943099575742451,1,0.218256413936615,0.4507215619087219,0.4720875322818756,71.07939910888672,4.36822040793022,17.29437255859375,4.78515625,0.5420740055758113
03747,0.6299612635539776,0.29633921673500924,1,0.28148674964904785,0.5568495392799377,0.5196627378463745,72.37673950195312,6.316677109061829,12.524547576904297,3.84375,0.3151133607681842
03748,0.5862927178461418,0.38374417055296467,1,0.284986674785614,0.5753312110900879,0.5534709692001343,65.70243072509766,7.459548798739157,9.890227317810059,3.552734375,0.5538022496401759
03749,0.7739573553764475,0.3989872942941535,1,0.21098357439041138,0.4498623013496399,0.5578162670135498,72.57396697998047,5.356295087809157,10.481072425842285,4.1328125,0.4526420129412935
03750,0.09674829720674191,0.04468030783820257,1,0.5332766771316528,0.7055063247680664,0.3651522994041443,65.2276611328125,7.647745756969048,9.071749687194824,3.212890625,0.17003685540728888
03751,0.6206779304883593,0.34775641025641024,1,0.2601128816604614,0.5207809209823608,0.6208328604698181,73.38104248046875,4.925772710368202,15.146934509277344,4.953125,0.5183690423518422
03752,0.7196428955414612,0.34279139958462207,1,0.42280399799346924,0.6741584539413452,0.30932554602622986,68.9360580444336,7.63230276454568,9.972265243530273,2.720703125,0.2141185130844941
03753,0.8316776371280057,0.4385761136922656,1,0.2973531484603882,0.5868909358978271,0.5898802280426025,73.03441619873047,5.067058817367442,7.489871501922607,4.96875,0.24524720355369095
03754,0.8346423352220105,0.541307486079604,1,0.2131643295288086,0.333914190530777,0.5330254435539246,74.16717529296875,5.901571557202249,13.922281265258789,4.86328125,0.5766332806174675
03755,0.6935243717742879,0.34053196681307957,1,0.275490939617157,0.6193121671676636,0.5144257545471191,76.81939697265625,5.347028313746234,9.204263687133789,4.390625,0.3044346320310463
03756,0.4344944691370534,0.21207996996433265,1,0.4211733341217041,0.644782543182373,0.4563972055912018,71.6649169921875,8.203785240449895,11.448867797851562,3.2890625,0.24124009789814319
03757,0.5263082547323351,0.2779313383808036,1,0.41771596670150757,0.6063794493675232,0.3725566267967224,67.64208984375,5.850824223161493,11.27048397064209,1.51171875,0.4826898136818614
03758,0.748669725966094,0.3363295434252039,1,0.34761756658554077,0.5403450727462769,0.4126182496547699,70.1386489868164,6.072636930590247,15.808826446533203,2.125,0.47111520478616675
03759,0.8125771935180883,0.36991924383975444,1,0.36919671297073364,0.6462105512619019,0.482364684343338,74.66254425048828,5.451068605282627,8.288829803466797,2.423828125,0.2886494656337434
03760,0.7461619285219876,0.5140297099740627,1,0.2954188585281372,0.6064146757125854,0.39959728717803955,60.04924774169922,6.9581753886657705,15.263270378112793,2.525390625,0.7930817990481991
03761,0.7227515219718155,0.4145,1,0.19380980730056763,0.4069778323173523,0.5117799043655396,68.31816864013672,5.9728032070322135,14.711094856262207,4.8359375,0.5565624808026979
03762,0.7304593309155389,0.36304954640614095,1,0.3136523962020874,0.719014048576355,0.4821251332759857,74.48983001708984,3.9958314117301637,7.941163063049316,4.828125,0.19507145068106385
03763,0.8188553953313243,0.5131558819030136,1,0.1938151717185974,0.3951544165611267,0.5738193988800049,73.4398422241211,4.954843805223704,15.955324172973633,4.9296875,0.6741602852465441
03764,0.8521910452795408,0.42229094657692073,1,0.2863624691963196,0.4302462637424469,0.341552197933197,71.32466888427734,5.6126573315384505,16.283571243286133,3.998046875,0.42096574417632315
03765,0.6776830760157383,0.37918965789058806,1,0.2508859634399414,0.5041462182998657,0.36115214228630066,70.44756317138672,5.245755424844929,12.551313400268555,3.986328125,0.5018415374650823
03766,0.8555280365934357,0.4127828562865278,1,0.26721465587615967,0.5899715423583984,0.4987061023712158,74.17279815673828,5.764549801261803,10.670628547668457,4.640625,0.40245200993637525
03767,0.7185357642282788,0.30638945482216057,1,0.39729034900665283,0.6798977851867676,0.3697570860385895,70.08402252197266,10.210302107426461,11.699880599975586,3.369140625,0.12604662596115254
03768,0.8488681273443403,0.379746835443038,1,0.3107292056083679,0.5206319093704224,0.47904086112976074,72.4613265991211,6.244170880994394,9.768586158752441,4.28515625,0.3466092535316774
03769,0.7190150984230838,0.34841683852966154,1,0.2464870810508728,0.4510865807533264,0.5298985242843628,69.31629180908203,5.836736258822549,18.807809829711914,4.06640625,0.6833771814992825
03770,0.9187144547597437,0.43895634406067036,1,0.2350497841835022,0.4102890193462372,0.57239830493927,75.63282012939453,5.49780908032555,11.567646026611328,4.9921875,0.5146411912860344
03771,0.7240709576647645,0.34887961829582076,1,0.38357073068618774,0.5318505167961121,0.33844003081321716,70.94113159179688,6.370845464630227,13.737181663513184,2.40234375,0.4054219901494255
03772,0.8646802258851762,0.4870055573716901,1,0.15758800506591797,0.19743593037128448,0.4336763024330139,73.29962921142578,4.737741926400183,17.070087432861328,3.68359375,0.6633028324412541
03773,0.7742855793018331,0.4288369837549503,1,0.18886953592300415,0.32347869873046875,0.6011338829994202,75.33753967285156,4.960597823366022,13.782299995422363,4.98046875,0.6978916913400358
03774,0.7968307444459657,0.41923481447134797,1,0.2869049906730652,0.41398096084594727,0.4511065185070038,73.24823760986328,5.129164773760474,11.831583023071289,3.7421875,0.3585385520195137
03775,0.7311876149615727,0.3568643640199991,1,0.24844008684158325,0.3849256932735443,0.6281318664550781,76.12146759033203,5.44893141503096,11.917719841003418,4.9453125,0.6661087222569685
03776,0.8683624846222349,0.5361392028554431,1,0.15733516216278076,0.3397923409938812,0.5924930572509766,73.19229888916016,4.266314772277147,13.559765815734863,4.32421875,0.6093621138630587
03777,0.8878844710735524,0.4738973897389739,1,0.2927857041358948,0.5044767260551453,0.46026211977005005,74.7494125366211,4.628538561592542,9.209221839904785,4.0625,0.475125790422194
03778,0.8458993561752424,0.4353505675452874,1,0.15665358304977417,0.3227975070476532,0.6142445206642151,75.73357391357422,4.253438197512587,13.876957893371582,4.94140625,0.46624450550131935
03779,0.8192066790011481,0.44870317002881843,1,0.1643804907798767,0.31462499499320984,0.4351382553577423,75.30260467529297,3.7092992233999005,11.70828628540039,4.9921875,0.5729410022493775
03780,0.6830786790026822,0.3195006357646515,1,0.2346174716949463,0.4956340789794922,0.4283239543437958,67.88504791259766,4.894882534835778,14.770888328552246,4.17578125,0.3661089126003398
03781,0.5933757412294077,0.26660533108436196,1,0.2260255217552185,0.48374924063682556,0.5242017507553101,68.28587341308594,3.9941725011775606,11.881608963012695,4.0859375,0.3074298734880426
03782,0.835265276923473,0.4148936170212766,1,0.26120489835739136,0.46771466732025146,0.3295344114303589,70.58496856689453,5.58301264950837,12.184001922607422,2.97265625,0.499544833767071
03783,0.5134775943995555,0.2761379608606336,1,0.48995673656463623,0.7720701694488525,0.3493025302886963,57.033897399902344,6.55416140245039,7.792888164520264,2.59375,0.2740805059854895
03784,0.4876971373822507,0.2504386506857778,1,0.30644160509109497,0.48504868149757385,0.4372367858886719,69.56549835205078,4.10678185578707,12.080363273620605,4.55078125,0.31407771157539194
03785,0.618664209570882,0.330190959632584,1,0.2733795642852783,0.5290733575820923,0.45877206325531006,65.70307922363281,5.631950896118173,11.730976104736328,3.74609375,0.5251401138968999
03786,0.9051532779781367,0.618249234241496,1,0.13979297876358032,0.27913743257522583,0.5850124955177307,72.02538299560547,4.5998027947759725,15.568537712097168,4.98046875,0.7006170686700484
03787,0.5503963306704508,0.29060740191420825,1,0.36787086725234985,0.512583315372467,0.42030495405197144,71.77030181884766,6.2662741212919775,11.855622291564941,2.583984375,0.33043029414359043
03788,0.7699952889296775,0.38762399136557535,1,0.2284119725227356,0.5194969773292542,0.45159637928009033,74.84986877441406,4.383908527460299,12.383201599121094,4.06640625,0.3800958899659809
03789,0.7559884254389072,0.3703902635530219,1,0.38035786151885986,0.4570792019367218,0.3640890419483185,66.24970245361328,5.409116275555031,12.739629745483398,3.15625,0.2623486029384318
03790,0.873139145160617,0.5777842537277187,1,0.1688947081565857,0.2843790054321289,0.6159330606460571,75.56665802001953,4.413661357582644,13.02701187133789,4.84765625,0.6472383104114142
03791,0.8752981559692977,0.42899075919550644,1,0.2612305283546448,0.5450031757354736,0.5950809121131897,78.26646423339844,6.998109811464003,9.699514389038086,4.88671875,0.6760215141594209
03792,0.81805576213975,0.4325456760048721,1,0.30316340923309326,0.5307989120483398,0.47415560483932495,71.53752136230469,5.01905327114409,9.908288955688477,4.796875,0.34433881758323
03793,0.8328899920169645,0.4160046573116154,1,0.2626715898513794,0.38838884234428406,0.5619705319404602,70.91060638427734,5.247010809821515,11.96426773071289,4.94921875,0.32103182335753144
03794,0.8375115106456196,0.4483616440028692,1,0.2541995644569397,0.4539642035961151,0.4754805862903595,73.95966339111328,3.6728768958510685,7.372740745544434,4.11328125,0.33475004695565047
03795,0.5583906235933117,0.2603765719446953,1,0.4017123579978943,0.7014907598495483,0.34384384751319885,68.0647964477539,5.992516435541411,10.933025360107422,3.3515625,0.226480866599749
03796,0.7799417356368108,0.38530507685142057,1,0.2851170301437378,0.5595817565917969,0.44285207986831665,69.05209350585938,5.019323509279723,14.68990707397461,4.08203125,0.47818591201362604
03797,0.8624108296940248,0.4685055355547736,1,0.18326818943023682,0.30358126759529114,0.3995092511177063,69.46151733398438,5.104247787011846,13.682923316955566,3.4765625,0.5564458552804149
03798,0.8364714270870204,0.42814151323428357,1,0.21472501754760742,0.44230663776397705,0.4298475384712219,73.27410125732422,3.659535119649589,10.188905715942383,4.8984375,0.40906432656126335
03799,0.7682814477153865,0.4335318901641726,1,0.21056437492370605,0.447844922542572,0.5054368376731873,72.45435333251953,4.299683530217157,17.28138542175293,4.859375,0.5963347471035378
03800,0.6462574298172725,0.31852986217457885,1,0.4337835907936096,0.7279760241508484,0.5769572257995605,72.67913818359375,6.7087665446005005,8.562009811401367,3.953125,0.46029024949259184
03801,0.628071066445297,0.3395414628396299,1,0.2238888144493103,0.515077531337738,0.38325032591819763,67.35575866699219,5.001724657980026,15.717327117919922,3.705078125,0.4860996419412121
03802,0.77826721752303,0.4853574052692348,1,0.23153012990951538,0.4006611704826355,0.5083021521568298,74.01537322998047,4.94177722652038,11.951817512512207,4.81640625,0.6774783268779194
03803,0.71125396544978,0.43746743095362167,1,0.3179857134819031,0.587291419506073,0.44967949390411377,73.9105224609375,4.11250819152439,9.183348655700684,4.671875,0.5214624715587836
03804,0.8106330580635608,0.3981032392170449,1,0.30802589654922485,0.6943143606185913,0.3571224510669708,73.62077331542969,6.711042685571941,10.19399642944336,3.3359375,0.339156126572929
03805,0.7315264507859511,0.40894803445319833,1,0.22120165824890137,0.4681324064731598,0.5864512324333191,75.49162292480469,3.911767768292174,12.94776725769043,4.9453125,0.4774503649301527
03806,0.7609469390825168,0.394756797746723,1,0.22505420446395874,0.42713508009910583,0.43173354864120483,72.9076919555664,6.360923472054591,14.79687213897705,3.158203125,0.39320479010139164
03807,0.7036670980440743,0.3110230458327235,1,0.2818297743797302,0.5675649642944336,0.4298684298992157,72.25886535644531,4.960777772124372,13.022698402404785,4.76171875,0.2686683167217331
03808,0.7545547320838579,0.3896629748719781,1,0.20233792066574097,0.4621875286102295,0.4756474196910858,73.03014373779297,4.45156604519083,15.21212100982666,4.1015625,0.6890427910028142
03809,0.7921033254100363,0.3598705875556069,1,0.3972257375717163,0.7480650544166565,0.4990129768848419,67.02098083496094,6.526934005836382,11.542461395263672,3.431640625,0.44545906679021446
03810,0.8167042501545035,0.4552371937233771,1,0.24540972709655762,0.38743141293525696,0.5386223793029785,72.4588394165039,3.9021214388293504,13.404008865356445,3.7265625,0.4837551505541621
03811,0.7178495825307071,0.4100404858299595,1,0.2531355619430542,0.4332975447177887,0.5933042168617249,71.68587493896484,4.739206208606128,11.479816436767578,4.640625,0.48293760950964887
03812,0.631429566888476,0.33713214810312514,1,0.24750638008117676,0.46873679757118225,0.5597617030143738,74.3597412109375,4.426931920038428,11.638779640197754,4.98828125,0.4660115089996764
03813,0.822177900033397,0.42333340172764017,1,0.2175682783126831,0.4632694125175476,0.4943951368331909,74.05996704101562,4.163142067722217,9.827701568603516,4.28515625,0.48500260498753867
03814,0.8666035291954828,0.4576416305950626,1,0.15759479999542236,0.31702882051467896,0.5410134196281433,75.1961441040039,4.174717979814392,15.776355743408203,4.9375,0.6757335942815101
03815,0.8007923929150397,0.41047348370321096,1,0.3211294412612915,0.5662288069725037,0.6338706016540527,75.83565521240234,4.992678088232754,6.339516639709473,4.94921875,0.3027960704677849
03816,0.7634751945440474,0.3986825854261013,1,0.3298965096473694,0.5418152809143066,0.44312426447868347,69.17027282714844,4.977715708110956,17.2933406829834,4.61328125,0.718052958061437
03817,0.6634855998248823,0.3485023391457561,1,0.24511194229125977,0.4489521384239197,0.6187217235565186,72.48758697509766,5.632919007514653,11.153413772583008,4.76953125,0.5380358327779257
03818,0.8051970175860212,0.44031218898957625,1,0.31412631273269653,0.4743003249168396,0.5861472487449646,73.42285919189453,7.142356876633283,12.839176177978516,4.76171875,0.604506322608249
03819,0.9265305529273101,0.48541736506872274,1,0.1856062412261963,0.3898981213569641,0.6165590286254883,75.01675415039062,6.694233046044966,10.991848945617676,4.9140625,0.7249266420362646
03820,0.9179873211450176,0.42748740760122983,1,0.40240341424942017,0.7037449479103088,0.4001191556453705,72.56977081298828,5.930207170913331,8.35659408569336,3.3359375,0.19344072723476088
03821,0.5783084956635619,0.2548324526787506,1,0.2733253240585327,0.5563272833824158,0.45466646552085876,70.75916290283203,5.145549214009077,13.875099182128906,4.28125,0.23124502047207668
03822,0.764008137885476,0.4136059345033472,1,0.22270089387893677,0.35716959834098816,0.5350106358528137,73.02167510986328,8.43236640220218,11.25528335571289,4.796875,0.7323451010879836
03823,0.6291442924512115,0.35306498289923705,1,0.309934139251709,0.46784910559654236,0.6023325324058533,75.18041229248047,5.288663267666428,14.659327507019043,4.3671875,0.6249826423480737
03824,0.8548880957348001,0.38822400112722694,1,0.22469580173492432,0.46119654178619385,0.4077126979827881,74.31338500976562,5.3186386117763185,15.465339660644531,4.078125,0.2773331188710121
03825,0.6231558662856802,0.3275937227550131,1,0.2272210717201233,0.3849503695964813,0.6021273136138916,75.44110870361328,5.856835462171769,13.268202781677246,4.9140625,0.6417325776657488
03826,0.4733993679678522,0.2597165824148504,1,0.36354029178619385,0.6529913544654846,0.47152239084243774,73.20128631591797,5.058181108811747,7.768108367919922,3.67578125,0.27455533454422426
03827,0.27001406769340414,0.11323030194747186,1,0.5443378686904907,0.6857062578201294,0.3647756576538086,59.59415054321289,10.221981452302728,14.912962913513184,1.6025390625,0.21439255884894146
03828,0.8575699796330777,0.5365492870937256,1,0.2552917003631592,0.4822724461555481,0.553985059261322,73.83033752441406,7.153539725837023,12.877580642700195,4.30078125,0.6469444116959367
03829,0.7057673808603632,0.3694590900214802,1,0.2379988431930542,0.5597047805786133,0.5229167938232422,71.87239074707031,5.853132421615339,15.290163040161133,4.4140625,0.5017451517285769
03830,0.7301574403496761,0.3317338796635756,1,0.28752559423446655,0.6573235392570496,0.434746652841568,70.23948669433594,6.96906777225998,11.842630386352539,3.595703125,0.4489946550406927
03831,0.7728229079717335,0.4288731453014303,1,0.38277220726013184,0.5140843391418457,0.3483910858631134,73.15362548828125,4.902786188735854,13.960906028747559,2.3125,0.5456639262072726
03832,0.7842634281623242,0.40149981750008296,1,0.20238488912582397,0.39386749267578125,0.5321759581565857,68.38265228271484,4.952362038858818,16.033178329467773,4.86328125,0.5271230458206281
03833,0.8375610937885275,0.4126466970311513,1,0.315299928188324,0.40042033791542053,0.5290745496749878,73.4412841796875,4.561107587625818,12.363059997558594,4.15234375,0.3467933878802071
03834,0.7783238705835726,0.4166907723459647,1,0.21866607666015625,0.4422363042831421,0.4746900200843811,73.86112213134766,3.869024759784201,11.348620414733887,4.79296875,0.33922752511374576
03835,0.7538033654619163,0.337468982630273,1,0.35054051876068115,0.618324875831604,0.3430081605911255,69.55279541015625,4.8675883255465076,9.768070220947266,3.044921875,0.24099743359142375
03836,0.8054689380941052,0.4092884175115638,1,0.324229896068573,0.5813331604003906,0.3400716483592987,67.2877197265625,5.907522506731705,10.044105529785156,2.5625,0.5672072273871914
03837,0.8512306909228381,0.5859884790974497,1,0.20916521549224854,0.3083548843860626,0.568181574344635,73.14847564697266,4.9738346624117,13.53677749633789,4.76953125,0.5756960711491647
03838,0.8172144201534676,0.46153846153846156,1,0.3426751494407654,0.62514728307724,0.41749247908592224,69.06283569335938,5.9767243329222675,14.737407684326172,3.931640625,0.7517041798269366
03839,0.796547324543071,0.35343778404276627,1,0.30565840005874634,0.5912789702415466,0.4431858956813812,74.86394500732422,5.823783326432564,11.718062400817871,4.6796875,0.42303366500029693
03840,0.7382957937873107,0.460710944808232,1,0.17747896909713745,0.3392592668533325,0.5128083825111389,75.59469604492188,5.658046963474746,15.416828155517578,4.984375,0.6791854737653347
03841,0.7998209710331451,0.40521038328179176,1,0.2954787611961365,0.643117368221283,0.3060619533061981,63.445621490478516,5.771737199660438,15.199939727783203,2.3359375,0.5393132849606086
03842,0.246734712341572,0.13517181477661364,1,0.28117918968200684,0.47586798667907715,0.47136640548706055,59.636627197265625,6.111078670777875,18.458818435668945,4.328125,0.4819688418631684
03843,0.684349093246467,0.33157062971067347,1,0.39042848348617554,0.7356120347976685,0.4161399006843567,66.05496215820312,7.431373742453521,8.158949851989746,3.6015625,0.26907247944843804
03844,0.8146007180361586,0.37090517641381615,1,0.3934779167175293,0.6475486159324646,0.38967812061309814,69.34234619140625,5.445225160797464,9.773401260375977,2.109375,0.16617886613014787
03845,0.8433159384784463,0.40434165145059847,1,0.21680408716201782,0.4332871437072754,0.4691178500652313,72.34884643554688,5.478361122769571,15.787425994873047,4.03125,0.46123202066354335
03846,0.8808900561888744,0.44203863651348324,1,0.2136150598526001,0.349306583404541,0.5291073322296143,75.30465698242188,4.651638243834715,11.475044250488281,4.2421875,0.47392519819156415
03847,0.5752360379027598,0.30038809831824065,1,0.26672911643981934,0.4736174941062927,0.4518205225467682,65.5894546508789,5.897405090377893,17.902082443237305,4.29296875,0.37687669360464926
03848,0.5691666492433589,0.2884929958659251,1,0.3168659806251526,0.5682516098022461,0.3794553577899933,70.49916076660156,6.374805148429594,13.751133918762207,2.98828125,0.49997229875502097
03849,0.8037783778478024,0.42949618111449805,1,0.31700634956359863,0.479556143283844,0.39705488085746765,65.06839752197266,6.525112830358945,14.0355224609375,2.501953125,0.44607648231288044
03850,0.7511676493532476,0.3693775314431891,1,0.1858540177345276,0.3765506148338318,0.5473713278770447,75.95588684082031,4.312798698667263,13.054985046386719,4.95703125,0.5839382468411851
03851,0.7920009982365661,0.36399811155324746,1,0.36552858352661133,0.6009584069252014,0.2736303508281708,71.82600402832031,6.842944384763536,9.234384536743164,3.216796875,0.2572902196315373
03852,0.820710601886134,0.36980921518552695,1,0.3838122487068176,0.6479931473731995,0.4560750126838684,69.2524642944336,6.001564751338744,9.399439811706543,2.826171875,0.3694106298282725
03853,0.7312354782895374,0.325183758500059,1,0.3047928214073181,0.5450581908226013,0.5383813381195068,70.1922378540039,7.707305076025453,17.09357452392578,4.12890625,0.5067793799395869
03854,0.5951598529253681,0.33850560993077106,1,0.30133771896362305,0.4699162244796753,0.5401643514633179,65.26885986328125,7.329112223461223,13.770770072937012,4.89453125,0.6285308614351091
03855,0.8398848453966506,0.3936371562852221,1,0.28276902437210083,0.6019543409347534,0.48363354802131653,74.81116485595703,5.66646571542518,12.283445358276367,3.6015625,0.5617781987440378
03856,0.8350063210674358,0.3638618708793002,1,0.30336737632751465,0.5044223070144653,0.5109881162643433,70.31321716308594,6.825704216740332,12.78107738494873,4.87109375,0.5504905526297879
03857,0.2751481716294228,0.12688255089093617,1,0.37529683113098145,0.6272168755531311,0.2795014977455139,61.31898880004883,9.076666992892312,16.243486404418945,2.69921875,0.31649101186506645
03858,0.7819335085573411,0.4154452155738364,1,0.2607190012931824,0.49119752645492554,0.4983137547969818,73.02655029296875,5.108749276801846,14.54991340637207,4.5078125,0.4531911935921183
03859,0.7904224542882429,0.42300128259940145,1,0.20658862590789795,0.4995967745780945,0.4592999219894409,71.95381927490234,4.1510321049791274,12.374678611755371,4.8515625,0.5203356031306385
03860,0.8359574071417822,0.3939721421709894,1,0.36309731006622314,0.5636903047561646,0.25748544931411743,66.68324279785156,6.076564940452264,13.837593078613281,2.01171875,0.271778318425608
03861,0.6301564546139266,0.2988215271151912,1,0.2549220323562622,0.49382689595222473,0.46198219060897827,75.60794067382812,4.10714623812731,11.720352172851562,4.66796875,0.3864745676729401
03862,0.7780494472278994,0.4206490727532097,1,0.3190464973449707,0.640303909778595,0.32603999972343445,64.93995666503906,5.656305147851879,11.922636032104492,4.65625,0.6024693012001744
03863,0.8382430475524808,0.4047322344033441,1,0.17569249868392944,0.3689799904823303,0.49410662055015564,70.3900146484375,4.4418798393581795,14.12778091430664,4.765625,0.4943492253795447
03864,0.8104297937143113,0.3525331724969843,1,0.4422531723976135,0.6826604008674622,0.37677672505378723,68.83448028564453,7.472437508444061,10.403646469116211,2.255859375,0.13365851349123334
03865,0.8043678564879051,0.4690176645235705,1,0.17655807733535767,0.31733018159866333,0.46322616934776306,74.89483642578125,3.521227903893402,10.739416122436523,4.8828125,0.5184331298408786
03866,0.7268596781293932,0.3329957250904308,1,0.2752732038497925,0.41466742753982544,0.5437783002853394,74.2472915649414,5.341956690468497,12.512691497802734,4.4296875,0.28775879431179713
03867,0.7514921960522046,0.4616134535705581,1,0.2800329327583313,0.41294044256210327,0.48467689752578735,64.95055389404297,7.423316716441071,12.509143829345703,4.8515625,0.45340428793263504
03868,0.7585958725085149,0.4476094445844887,1,0.2915117144584656,0.5099821090698242,0.3819742500782013,70.71427917480469,4.94458145429512,11.979959487915039,3.78125,0.38313277449837846
03869,0.7992706444962406,0.39163788075905076,1,0.29500579833984375,0.38882386684417725,0.36184194684028625,72.1931381225586,4.449571973908804,11.40732192993164,3.943359375,0.2763777226562276
03870,0.5887724768845867,0.2631308591241813,1,0.30714696645736694,0.662420392036438,0.41207355260849,68.05398559570312,6.396422150122571,14.02276611328125,3.958984375,0.3256640960692983
03871,0.6780415447114395,0.36996277714840586,1,0.2681335210800171,0.5797746181488037,0.49581092596054077,73.9487533569336,4.123127327876576,12.027809143066406,4.95703125,0.3617891795522483
03872,0.8615103131036327,0.4408959910026008,1,0.2803593873977661,0.39676547050476074,0.42196229100227356,69.8818130493164,5.8488703430988584,12.792767524719238,3.068359375,0.39013764996990347
03873,0.8038482443955405,0.4002565490148919,1,0.2893347144126892,0.5361409783363342,0.507633626461029,70.6402816772461,5.850604872592494,12.757844924926758,4.328125,0.3790267662008527
03874,0.7329539390377994,0.32195566698957206,1,0.28128373622894287,0.488719642162323,0.48077988624572754,70.4121322631836,6.21175975072309,11.141637802124023,4.0234375,0.5280502188628736
03875,0.42420794174921683,0.24086021505376345,1,0.3677833676338196,0.5150468349456787,0.4341990351676941,67.88201904296875,6.572779608342975,6.799962043762207,3.923828125,0.4777185780070881
03876,0.8084744018135772,0.4360759252919472,1,0.19456595182418823,0.3790668845176697,0.4565182328224182,74.46916198730469,3.5252399613977343,12.448766708374023,4.6171875,0.41094350160382
03877,0.8868856988085204,0.4388864681675139,1,0.2619096040725708,0.5172849893569946,0.4813348948955536,73.57028198242188,5.670177858560386,11.590405464172363,3.6875,0.3083677174027327
03878,0.7444235049455749,0.3475893838664084,1,0.27463239431381226,0.589149534702301,0.433993399143219,69.88429260253906,7.1481940033582925,17.31536293029785,3.087890625,0.495101376872454
03879,0.8048019430510656,0.4125005618061694,1,0.23599791526794434,0.506504476070404,0.42294228076934814,71.140380859375,4.325904450607962,13.221685409545898,3.701171875,0.3609306199882138
03880,0.796207163698558,0.39770712266718167,1,0.284065306186676,0.4395018219947815,0.4509347081184387,66.51689910888672,6.026878016061002,9.62849235534668,3.509765625,0.13272695530409429
03881,0.4338109433551465,0.2610303830911493,1,0.2734076976776123,0.5237751007080078,0.47950777411460876,74.74247741699219,4.469937972240671,10.662659645080566,4.96484375,0.4934793521897619
03882,0.8787296828891283,0.46873508353221954,1,0.3961716890335083,0.572994589805603,0.5279603004455566,60.9370002746582,10.642413175753417,8.739022254943848,4.07421875,0.6450136471733167
03883,0.8377463637105894,0.48685335613510045,1,0.30013948678970337,0.5884641408920288,0.5289924144744873,73.86441802978516,5.96852014321365,10.7096529006958,3.44140625,0.4351140184957001
03884,0.7348522735384064,0.3466803647104148,1,0.32222020626068115,0.5339734554290771,0.39290815591812134,67.88822937011719,6.203389210572719,14.795372009277344,3.0078125,0.5204649354394111
03885,0.8155478016944933,0.3715692751186115,1,0.3376028537750244,0.694579005241394,0.42531901597976685,68.435302734375,5.762137037815395,12.818164825439453,4.3671875,0.2847138462507941
03886,0.7548718158781766,0.3568252865578326,1,0.29969143867492676,0.5993480086326599,0.4262927174568176,73.57555389404297,6.846485318037313,16.384632110595703,3.328125,0.39713005683815006
03887,0.7885119337424494,0.343788754964119,1,0.3751845359802246,0.7393679618835449,0.4319182336330414,75.783935546875,5.391819198574475,12.807701110839844,3.08984375,0.2977284006142293
03888,0.7494424510285325,0.31580288251565003,1,0.2512582540512085,0.4777069389820099,0.46385717391967773,69.39673614501953,5.423664497241351,12.414661407470703,4.3359375,0.40347477189021586
03889,0.8903520130844985,0.39494877985320725,1,0.32596802711486816,0.489131897687912,0.40378549695014954,71.48579406738281,5.082511957438902,12.662527084350586,3.34375,0.11039164885106854
03890,0.8543385562251777,0.40648982581282045,1,0.2070218324661255,0.4475872814655304,0.4832243323326111,75.55126190185547,6.2056273259125065,14.746127128601074,4.34765625,0.4575996411478783
03891,0.885637790961709,0.4458528685533774,1,0.36405569314956665,0.5461779832839966,0.3173111081123352,72.3190689086914,6.30274359716603,11.326173782348633,2.388671875,0.31055766082357966
03892,0.870306883378468,0.4645645302562931,1,0.23364675045013428,0.3396346867084503,0.4670218527317047,69.86663055419922,5.291697565274988,15.07080078125,3.716796875,0.5428047847379183
03893,0.2173379848644761,0.10811942548469494,1,0.309673547744751,0.604265570640564,0.4948408305644989,66.08303833007812,7.194814035753256,14.033251762390137,4.01953125,0.38492237384499906
03894,0.6947672540140094,0.35474513054289264,1,0.3535739779472351,0.8323849439620972,0.28600355982780457,64.8371353149414,7.022932440777918,11.907052040100098,3.0546875,0.5543632006077615
03895,0.570407457567088,0.3047458697253499,1,0.3493915796279907,0.5839295983314514,0.3053865432739258,65.75732421875,5.351646074309489,13.689619064331055,3.017578125,0.41693323398509957
03896,0.8095576075464992,0.4307952321650952,1,0.23573225736618042,0.4674485921859741,0.6359643936157227,72.42475128173828,4.43836402959988,13.41246509552002,4.9375,0.6014074628895647
03897,0.6715956809841727,0.3178211779066219,1,0.28066593408584595,0.4841349720954895,0.30364370346069336,71.69947052001953,7.033078645888741,18.23512840270996,3.310546875,0.4537100385003275
03898,0.8111017094747912,0.41303157510494615,1,0.2887333631515503,0.529194176197052,0.5074425935745239,75.99826049804688,5.266154091674438,8.15262222290039,4.58203125,0.38130637200123557
03899,0.8831334321644491,0.4989304050199658,1,0.27035951614379883,0.44409310817718506,0.5175395011901855,76.1073226928711,5.193235515621894,8.351727485656738,4.1953125,0.4179830446737672
03900,0.8534589834823321,0.422925568528644,1,0.36525869369506836,0.5783535838127136,0.22680644690990448,69.4845199584961,5.468785202420073,9.854826927185059,2.28515625,0.2982760036273399
03901,0.7940419137005024,0.40311184606133493,1,0.38568711280822754,0.7011158466339111,0.3233167231082916,64.48866271972656,3.9755911621373947,8.91247272491455,2.447265625,0.31141062369594585
03902,0.7532997436054902,0.3426168757126568,1,0.37342405319213867,0.6354554295539856,0.42523393034935,72.33184051513672,6.776847156426736,11.450750350952148,4.07421875,0.2821683179557633
03903,0.9031898600983647,0.5713376606847397,1,0.29512733221054077,0.43581703305244446,0.5850752592086792,75.17070007324219,7.1305633072592745,8.191794395446777,4.3515625,0.6063148331626147
03904,0.7099901577678442,0.3591643540366546,1,0.34929782152175903,0.5662829279899597,0.4092788100242615,65.75532531738281,4.766741879696081,11.139126777648926,3.814453125,0.33484296274097436
03905,0.666301784663813,0.3214847915502971,1,0.32906317710876465,0.5871264338493347,0.3886358141899109,72.23633575439453,6.25656543461924,11.076397895812988,4.140625,0.2964406932621933
03906,0.8671916652430881,0.510474537037037,1,0.21224427223205566,0.3177666664123535,0.5831567049026489,74.90459442138672,4.062033529082522,11.765779495239258,4.84765625,0.46881682808205466
03907,0.8399753140532495,0.3937345544410525,1,0.35374099016189575,0.5598346590995789,0.29472652077674866,73.71880340576172,4.242048731170786,9.858016014099121,2.642578125,0.21348751037406222
03908,0.7859453863681094,0.3887378019516877,1,0.2781566381454468,0.4829281270503998,0.4051581025123596,65.75880432128906,7.096937801083144,14.795516967773438,2.658203125,0.5508571227423193
03909,0.7680136859308208,0.3946803946803947,1,0.43732017278671265,0.7324227094650269,0.2931814193725586,70.46012115478516,6.949160342685086,13.391416549682617,2.529296875,0.4775092359295089
03910,0.8342729443251508,0.39819195046439626,1,0.36770230531692505,0.5663997530937195,0.32664066553115845,67.37702178955078,7.686736581214604,10.67323112487793,2.837890625,0.19544549991146423
03911,0.7804954829181424,0.43148187861891485,1,0.38772082328796387,0.8275790810585022,0.2878778278827667,60.517303466796875,7.822104534002512,13.878650665283203,2.357421875,0.5709411212715936
03912,0.7388969184045099,0.38146828225231644,1,0.2872046232223511,0.5030941963195801,0.5221024751663208,68.22541809082031,6.136344508060372,18.553375244140625,4.68359375,0.5576646151068899
03913,0.9005054551653175,0.5488360106520058,1,0.26060307025909424,0.5437341928482056,0.41976138949394226,72.98282623291016,6.503378275968215,11.560737609863281,3.634765625,0.6433870563020081
03914,0.9003986689392948,0.45002114490023454,1,0.22136622667312622,0.40897953510284424,0.34241983294487,75.19881439208984,4.143981985395036,13.195131301879883,3.044921875,0.34716872076692157
03915,0.8398714494608076,0.39583532333556215,1,0.21904921531677246,0.3917231857776642,0.27998775243759155,64.17326354980469,5.93943217422047,15.692255020141602,3.23046875,0.5158276223548179
03916,0.863567215810404,0.522932955734778,1,0.21443569660186768,0.450869619846344,0.5294710993766785,74.5959243774414,3.7661671673169437,10.212959289550781,3.970703125,0.5408538567640645
03917,0.9583707222118463,0.5058436600693017,1,0.25614964962005615,0.4283033609390259,0.5758013725280762,74.0289535522461,5.798607278694271,9.224074363708496,4.9296875,0.654272316039086
03918,0.8273985492758134,0.39722429806768444,1,0.32219916582107544,0.5308838486671448,0.3397553861141205,72.43744659423828,6.264029126244548,13.645215034484863,2.87109375,0.43676578987464393
03919,0.8744908244091232,0.4284919309961046,1,0.2567390203475952,0.5553053021430969,0.5844355225563049,75.0573501586914,4.902658112906049,13.183030128479004,4.9296875,0.4733980419925658
03920,0.8134609019234167,0.3903171326702946,1,0.35160672664642334,0.642791211605072,0.4483117461204529,70.40849304199219,5.987911107769822,7.224017143249512,4.0,0.34858778624253733
03921,0.8628195084779298,0.43368799640341676,1,0.26149868965148926,0.5407991409301758,0.28460219502449036,72.09374237060547,4.454666634776787,11.834037780761719,3.41015625,0.49537703444525377
03922,0.7163012917902037,0.30832666281948656,1,0.34372907876968384,0.37257617712020874,0.5088200569152832,67.72265625,8.066554609477194,10.258420944213867,4.2578125,0.15164588439521834
03923,0.7169491828728297,0.36530491415038485,1,0.31327950954437256,0.5612554550170898,0.5147935152053833,71.95266723632812,5.2150213985199665,12.896154403686523,4.09375,0.43037648626733843
03924,0.6839038276384858,0.40677527799327645,1,0.29356878995895386,0.6639776229858398,0.5365758538246155,75.13615417480469,4.669647720847731,10.768854141235352,4.02734375,0.5455376506965963
03925,0.5122250102669177,0.21816358089187946,1,0.4438626766204834,0.7200058102607727,0.4043649733066559,65.80126190185547,7.488919428949268,14.951196670532227,3.8984375,0.1598835815760176
03926,0.7199499562003628,0.37963767631526174,1,0.23299801349639893,0.529036819934845,0.5678141713142395,72.52648162841797,5.458769967443846,6.815531253814697,4.61328125,0.42327521344860564
03927,0.8339286830553071,0.5069432112796107,1,0.2633993625640869,0.5093245506286621,0.47898203134536743,68.03592681884766,4.054050695745847,14.298192977905273,4.04296875,0.4883032472681167
03928,0.7658045803892185,0.40182763246143527,1,0.24363422393798828,0.5487040281295776,0.378840833902359,71.0318603515625,5.009965373500761,11.927610397338867,4.30078125,0.4708441908650855
03929,0.7442595180890803,0.4276964600851241,1,0.32045310735702515,0.5630895495414734,0.47927984595298767,75.1030502319336,4.9253241532665495,11.28765869140625,4.15234375,0.6809451179050938
03930,0.870123107464876,0.39134895555464355,1,0.3202965259552002,0.402598112821579,0.4664216935634613,71.23253631591797,5.889629030994899,14.653127670288086,3.451171875,0.7114334417239162
03931,0.8627887289608696,0.38812019045487883,1,0.23961251974105835,0.5337743759155273,0.479189395904541,73.99774932861328,8.22725964643481,13.154730796813965,3.796875,0.3800334811509227
03932,0.6522496009877989,0.32356370361436093,1,0.30238407850265503,0.4683278799057007,0.508595883846283,72.65591430664062,4.896424018798662,10.700549125671387,4.08984375,0.5493025043732653
03933,0.7757557221299443,0.3617203965342284,1,0.37765854597091675,0.6346849203109741,0.4308931231498718,71.9760513305664,5.682921934301294,9.957059860229492,3.95703125,0.25884278273977585
03934,0.7425994077807435,0.34980607195399227,1,0.3716283440589905,0.6918392181396484,0.3941631615161896,67.63668823242188,5.731402035015136,15.761529922485352,3.771484375,0.5349570984286363
03935,0.7223450792339144,0.36149475343204346,1,0.21638643741607666,0.4602451026439667,0.5517573952674866,76.05329895019531,5.17184370309464,12.491422653198242,4.95703125,0.5809463676949788
03936,0.8171704027223771,0.3994939604526628,1,0.363835871219635,0.6037567853927612,0.28881609439849854,69.42466735839844,6.645613179837732,11.667530059814453,2.7265625,0.31547021155435095
03937,0.8311699175233025,0.42571032347534427,1,0.2584810256958008,0.4248868525028229,0.621795654296875,70.4515609741211,5.007369553687327,7.927569389343262,4.69921875,0.38130291349850637
03938,0.7424249206702868,0.35495448057976636,1,0.24848538637161255,0.4552342891693115,0.4933171570301056,74.10997772216797,4.268933438383875,11.482404708862305,4.921875,0.35987533172527564
03939,0.9015070547639217,0.48750709823963656,1,0.3317473530769348,0.6167912483215332,0.33450543880462646,66.16654205322266,5.195934045157946,12.224635124206543,2.173828125,0.3722419186294485
03940,0.599608458611323,0.31958827590535366,1,0.3235360383987427,0.5459337830543518,0.4090273380279541,68.59584045410156,5.45188923275175,12.603596687316895,3.091796875,0.544541691272328
03941,0.8445041638066969,0.4159817679359724,1,0.23451602458953857,0.3597257137298584,0.5295886993408203,72.80411529541016,4.1402378183853,14.194555282592773,4.3515625,0.3198791913695967
03942,0.848928353507538,0.49178672672905904,1,0.2099376916885376,0.44659748673439026,0.34527337551116943,61.446170806884766,5.383662713388567,18.27231788635254,3.388671875,0.545976648679924
03943,0.8247459351364339,0.4661990923557494,1,0.2614248991012573,0.44225093722343445,0.44482648372650146,70.66436767578125,4.923714131321707,11.245012283325195,4.078125,0.45885832539591537
03944,0.7271488665888122,0.37174639303939205,1,0.2500724196434021,0.5586906671524048,0.5453272461891174,75.41092681884766,4.875380682610583,13.552165985107422,4.5703125,0.4895089186743663
03945,0.5725150605247692,0.3095858134920635,1,0.2576034665107727,0.50083988904953,0.3990241289138794,71.0215072631836,4.912434225139233,12.500482559204102,4.4140625,0.4134192211121552
03946,0.7340786701210024,0.36205924110702686,1,0.27540355920791626,0.49208033084869385,0.49377909302711487,74.95331573486328,4.140242185933086,8.174393653869629,4.46875,0.264046528458258
03947,0.8370235759204402,0.49778340721975933,1,0.2721092104911804,0.5457013249397278,0.4978574812412262,69.91989135742188,5.54782810474741,9.221688270568848,4.09375,0.580700542114092
03948,0.8740571052655317,0.4334048294471736,1,0.18043476343154907,0.3687842786312103,0.46517911553382874,73.72476196289062,3.7956946035157144,12.65488052368164,4.0859375,0.3023571479259523
03949,0.7708395795679476,0.38669140087367604,1,0.22209692001342773,0.42791748046875,0.5929126739501953,73.83296203613281,5.411304848816416,11.137958526611328,4.71875,0.5445186872470205
03950,0.9324254113206067,0.44114194028098463,1,0.2032371163368225,0.41341298818588257,0.49075430631637573,73.94627380371094,5.795182376497501,13.626676559448242,3.869140625,0.41892169312785005
03951,0.8861861923010073,0.43474488443276854,1,0.23073387145996094,0.4542559087276459,0.47420045733451843,74.56715393066406,4.70257744116198,11.835628509521484,4.51171875,0.3363248871548208
03952,0.6925233306245739,0.3436771969061597,1,0.1436002254486084,0.2970864474773407,0.4203587770462036,69.96582794189453,4.504259081532509,15.493677139282227,4.7578125,0.5628502666976632
03953,0.8763882775090979,0.5141648648222092,1,0.28238463401794434,0.40163832902908325,0.4953169524669647,76.97130584716797,4.650813253472919,11.035823822021484,4.30859375,0.5773975675514889
03954,0.8857974258537578,0.442310413844692,1,0.2672409415245056,0.4496917128562927,0.6124184131622314,77.38134002685547,4.709809709327702,11.740373611450195,4.80859375,0.4788861265337621
03955,0.7981139810933476,0.5228963938179737,1,0.2586411237716675,0.5138506889343262,0.4529578685760498,61.4911994934082,7.128264507196427,13.545948028564453,3.431640625,0.7063930237041733
03956,0.6083119516988988,0.33434404689710934,1,0.264167845249176,0.5673609375953674,0.6105237603187561,72.81331634521484,5.196821437138415,11.646218299865723,4.859375,0.5163282125172513
03957,0.6857470753648762,0.34415978249503293,1,0.20762693881988525,0.4442622661590576,0.4965246617794037,73.55956268310547,2.9858335185153506,12.301407814025879,4.41796875,0.355081105473296
03958,0.9102066170785823,0.43098823083106774,1,0.3839176893234253,0.6870204210281372,0.3505686819553375,71.78709411621094,6.881963763957464,11.505334854125977,3.060546875,0.21823154692444927
03959,0.821652322459527,0.4244108161746465,1,0.34986597299575806,0.5857436656951904,0.42625877261161804,67.77427673339844,7.697928133269943,11.587128639221191,4.12109375,0.5495630075062564
03960,0.8296197109968942,0.3570737053612202,1,0.34102874994277954,0.5714698433876038,0.5182686448097229,70.73461151123047,8.124229620200342,10.118907928466797,2.611328125,0.46989426577944055
03961,0.8432053740212568,0.4806835520292951,1,0.26017266511917114,0.5745961666107178,0.3346062898635864,72.87638854980469,4.281477095942576,9.367118835449219,3.8125,0.5045820223350322
03962,0.8162489629774736,0.42315548248891544,1,0.29286491870880127,0.5320577025413513,0.5489168763160706,71.05301666259766,5.909887118388535,14.61945915222168,3.0546875,0.5800668772638287
03963,0.7377907557968586,0.35811928602525034,1,0.23676931858062744,0.46724045276641846,0.6288369297981262,76.71908569335938,6.10081290338348,8.900738716125488,4.9765625,0.6705406819135195
03964,0.7105376927135924,0.31433493473091667,1,0.3842748999595642,0.5522987246513367,0.5038261413574219,73.37185668945312,6.773818001162416,12.570100784301758,4.14453125,0.2882378914219432
03965,0.7788503704539399,0.41803034811068135,1,0.30833351612091064,0.660325288772583,0.5035754442214966,70.65729522705078,5.15616659962643,10.485029220581055,3.36328125,0.6461782005303075
03966,0.7492410646809805,0.34972055685397824,1,0.35799962282180786,0.5149698257446289,0.49256953597068787,72.68672943115234,6.812437214358064,10.607372283935547,3.212890625,0.36564214250038146
03967,0.7779191085997008,0.4255421686746988,1,0.2539856433868408,0.3753538727760315,0.552905797958374,75.08171081542969,4.509199491706269,11.636661529541016,4.90625,0.3911333685126659
03968,0.8176986823453423,0.4654846388289471,1,0.2203933596611023,0.4017340838909149,0.5357739925384521,77.35022735595703,4.780891813024059,10.581984519958496,4.1484375,0.40870632821441044
03969,0.7539058539039679,0.35205640423031725,1,0.3150288462638855,0.7093746066093445,0.50316321849823,68.0937728881836,6.915659515358848,12.313065528869629,3.8984375,0.5236455527236297
03970,0.9208811986771621,0.4253093124586439,1,0.18479859828948975,0.352877676486969,0.4954075813293457,74.66165161132812,5.103001899724099,11.727767944335938,4.80859375,0.37975780738838477
03971,0.835433321360309,0.46340132341906,1,0.213689386844635,0.46965038776397705,0.5252835154533386,73.95851135253906,3.9425223257204993,11.32088565826416,4.265625,0.4605904983028107
03972,0.8357669304125837,0.4179045873961128,1,0.3501032590866089,0.696845293045044,0.34137457609176636,75.03059387207031,4.712602882903446,6.852719783782959,4.4609375,0.42230092129970626
03973,0.8577179825690915,0.4236346772873588,1,0.2325444221496582,0.5083541870117188,0.41169819235801697,70.01193237304688,4.8459489958797874,11.81668758392334,3.48046875,0.2542555067390176
03974,0.8196315003610197,0.4020352900069881,1,0.30607300996780396,0.4867851138114929,0.3295586407184601,73.88092041015625,5.908834737877646,13.60090160369873,3.10546875,0.46090223753435294
03975,0.7971616134977013,0.386862534336558,1,0.2808070182800293,0.5096737146377563,0.46699121594429016,70.32791900634766,5.53106002195792,16.92123794555664,4.9375,0.48727158815443194
03976,0.8237039215879914,0.42555883593420496,1,0.2923433780670166,0.572813868522644,0.39380791783332825,71.29639434814453,4.697070807503672,7.913358688354492,4.15234375,0.4037888029926724
03977,0.9278856876011742,0.4298719170106912,1,0.19751864671707153,0.39896678924560547,0.5047452449798584,73.4233169555664,5.2316073310435325,15.521012306213379,4.09765625,0.5487180659889135
03978,0.7438698119073279,0.3922303783173348,1,0.2555464506149292,0.42732614278793335,0.5128316879272461,73.29830169677734,4.863885789330181,9.293662071228027,4.81640625,0.3823916354062921
03979,0.5809766615368303,0.2554653461545844,1,0.5327771902084351,0.7664688229560852,0.37786513566970825,66.35801696777344,7.29509009334451,11.262665748596191,1.296875,0.2765182572867895
03980,0.9076460918947284,0.41112634301497153,1,0.48106205463409424,0.7403002381324768,0.3700675666332245,72.69427490234375,6.578768500111676,10.49087905883789,3.330078125,0.13106307261146163
03981,0.854759519849173,0.4833445843711446,1,0.2240077257156372,0.4900469183921814,0.4814792275428772,75.17276763916016,4.0032337708206756,14.43821907043457,4.05078125,0.5275985716665716
03982,0.8512251225415659,0.4309805857189865,1,0.27986347675323486,0.6846923232078552,0.3648229241371155,68.14097595214844,6.930054452985298,10.847225189208984,3.1328125,0.5297401491344239
03983,0.7961417497123888,0.45667280295868784,1,0.3542391061782837,0.5276310443878174,0.5043001770973206,72.12191009521484,5.100008028162133,6.701353073120117,4.546875,0.3522768877118601
03984,0.6032286247334284,0.26786237617959086,1,0.27630090713500977,0.4669877290725708,0.45048612356185913,73.89237213134766,5.041228147691297,13.515863418579102,4.3828125,0.35404273328413394
03985,0.830160787230319,0.47302221699776653,1,0.2433040738105774,0.3848971426486969,0.48981401324272156,69.19535827636719,6.58817887780725,11.685715675354004,4.5703125,0.6297666577752531
03986,0.8643677992951442,0.44297475370225065,1,0.21226125955581665,0.3442327082157135,0.49565619230270386,74.52326965332031,4.354485608383415,10.558486938476562,4.58984375,0.4187688025850922
03987,0.8420484847518135,0.4471152176178401,1,0.31555891036987305,0.4501095116138458,0.5721818804740906,74.73588562011719,5.671311334022,6.837653636932373,4.21484375,0.4804250668211354
03988,0.861988368298882,0.4571570700161671,1,0.15448033809661865,0.4587271213531494,0.557640790939331,74.91016387939453,4.6441257984636515,9.88323974609375,4.953125,0.5438744459515505
03989,0.8309310499759123,0.38565442130565186,1,0.2810863256454468,0.636899471282959,0.3913271427154541,68.3879165649414,5.589472281860686,11.962780952453613,4.0234375,0.41751686413175254
03990,0.8374294711645582,0.4000279154162886,1,0.3534560203552246,0.5468689203262329,0.3437967896461487,73.01914978027344,5.081355471999289,10.416537284851074,3.982421875,0.26626593635413387
03991,0.5502374664364647,0.3263240674257189,1,0.25980573892593384,0.5261906981468201,0.28431397676467896,68.2662582397461,5.058348218502621,12.952584266662598,3.513671875,0.4900104299448993
03992,0.9197598648894806,0.5559594301459811,1,0.2223922610282898,0.5630083084106445,0.45879238843917847,75.13263702392578,5.029113607528016,8.59764289855957,3.783203125,0.6035233548302972
03993,0.8122814463662137,0.38883289659342873,1,0.30323880910873413,0.5957954525947571,0.6110041737556458,71.93336486816406,5.987034027402524,12.156473159790039,3.22265625,0.4685451876978093
03994,0.7784076209056663,0.39125602074842536,1,0.24999397993087769,0.3004014492034912,0.4570307731628418,67.58611297607422,8.632204248829424,16.853546142578125,3.791015625,0.8012150096391862
03995,0.7916755118905592,0.4134404322551077,1,0.31117528676986694,0.5509398579597473,0.3349301815032959,74.42256164550781,4.456053755525834,11.498251914978027,3.142578125,0.44879677267946094
03996,0.793284262570102,0.3876059943469682,1,0.24697303771972656,0.48493021726608276,0.42653322219848633,72.26346588134766,4.058968524706862,11.56832504272461,3.8984375,0.2464184873135439
03997,0.47568099675502434,0.22839475879668253,1,0.3490923047065735,0.557909369468689,0.41351088881492615,71.50165557861328,6.127036300343287,11.24129867553711,3.240234375,0.32209426860750556
03998,0.7355743467592865,0.38940820794384406,1,0.37240350246429443,0.6608344316482544,0.2724975645542145,64.61830139160156,7.040658788731583,8.03308391571045,1.6650390625,0.3901670360646143
03999,0.7661600571061469,0.3618533139414087,1,0.25632739067077637,0.5279750823974609,0.48835596442222595,74.25690460205078,3.7773692599529607,10.069950103759766,4.859375,0.236294899098879
04000,0.828941520673486,0.4485457717734061,1,0.21916788816452026,0.40795719623565674,0.46351832151412964,75.4828109741211,3.7473139255034504,10.90633773803711,4.3984375,0.4444916800041257
04001,0.13110008021858055,0.06882591093117409,1,0.465779185295105,0.7748730182647705,0.5157208442687988,70.41795349121094,7.464445934466066,10.300148010253906,2.23828125,0.5129504533843783
04002,0.8323950750576915,0.493573264781491,1,0.27037477493286133,0.6104486584663391,0.38041797280311584,66.54481506347656,4.543838710948015,9.777379989624023,4.13671875,0.6021706402134958
04003,0.8749780828513498,0.3947829660699392,1,0.2795473337173462,0.5856802463531494,0.47822412848472595,72.68866729736328,5.787138467310667,11.956286430358887,4.50390625,0.3484459501834626
04004,0.7608374502158342,0.3793852700194649,1,0.16774475574493408,0.42758437991142273,0.5606297850608826,74.85404205322266,4.060577503209143,14.115742683410645,4.81640625,0.38958948181511627
04005,0.7343603714730691,0.3750517455498827,1,0.3164129853248596,0.5966542959213257,0.4568733274936676,72.648193359375,6.629628454825865,11.684781074523926,4.015625,0.4547400104547394
04006,0.8606484775211647,0.3791311877615818,1,0.21090656518936157,0.4870709478855133,0.4621008336544037,72.68567657470703,5.508140921262221,14.462679862976074,4.2109375,0.3466889658145644
04007,0.8235555964039735,0.46436955698599014,1,0.21453475952148438,0.5235075950622559,0.6731287240982056,74.67808532714844,6.662248744452022,7.22292423248291,4.9296875,0.5735784551847267
04008,0.8421298964894948,0.4556503422854134,1,0.19098371267318726,0.3487560749053955,0.5279784202575684,74.56905364990234,4.954749291755546,12.893338203430176,4.390625,0.5068696916987504
04009,0.8214595179788893,0.4094247099629231,1,0.3899938464164734,0.6121782064437866,0.29960933327674866,65.50886535644531,5.92459505048052,11.902942657470703,1.9716796875,0.40930183336460396
04010,0.8841175320019748,0.48628417112806177,1,0.23618483543395996,0.46073704957962036,0.5421208143234253,72.57225799560547,5.746262014601471,11.684066772460938,4.77734375,0.6305329243824209
04011,0.8460073244792822,0.4063927876242188,1,0.31165122985839844,0.5690551400184631,0.34613126516342163,72.65392303466797,8.334911916153215,10.320587158203125,2.857421875,0.48220459252216497
04012,0.7906885999525337,0.44174522150601736,1,0.22626709938049316,0.34492793679237366,0.49459633231163025,73.92725372314453,5.100124488291608,13.2857084274292,3.51953125,0.7027681436120106
04013,0.7851078172063528,0.3818866245109129,1,0.21757960319519043,0.4465917944908142,0.48064297437667847,73.3278579711914,5.1817653305682265,11.367936134338379,4.61328125,0.3796007541392492
04014,0.8688972967250168,0.44742948655096904,1,0.27040839195251465,0.5826348662376404,0.41895943880081177,71.30107879638672,4.264789674887538,12.324267387390137,4.13671875,0.4875811294160352
04015,0.7466486779659249,0.34675588481300035,1,0.26111358404159546,0.5468010902404785,0.4495745003223419,68.21533203125,5.205288816016804,12.664251327514648,4.2734375,0.36716396903827214
04016,0.87990469221839,0.48327024211783237,1,0.23873025178909302,0.5173296928405762,0.5741292834281921,72.03823852539062,4.026265953227196,8.105546951293945,4.16015625,0.48398038308661023
04017,0.639791459620315,0.3739385361908613,1,0.34878045320510864,0.5961115956306458,0.2679370045661926,69.39178466796875,6.467880539077607,14.440540313720703,1.83984375,0.5483901494131503
04018,0.6621325044550015,0.3763908500423609,1,0.31985533237457275,0.640331506729126,0.594299852848053,74.88006591796875,5.987593775279486,9.356947898864746,4.50390625,0.47443577502850515
04019,0.7741480137929321,0.3975567608260475,1,0.18624740839004517,0.35707592964172363,0.41880765557289124,74.42833709716797,3.8336924129523506,13.494516372680664,4.4140625,0.3981293070511657
04020,0.8103812927223814,0.46550752636239234,1,0.22666126489639282,0.38477441668510437,0.5932066440582275,71.75679016113281,5.41329798941659,13.680225372314453,4.9140625,0.607824614112628
04021,0.8400911296088088,0.40388298570116754,1,0.2567877769470215,0.5296652317047119,0.43006449937820435,72.02809143066406,5.461327271939979,14.77125358581543,3.896484375,0.5342838532517241
04022,0.8507935707430179,0.4516417110707588,1,0.30862247943878174,0.6433011293411255,0.444054514169693,75.3746337890625,5.467251857919509,7.902545928955078,4.6171875,0.38081817371552595
04023,0.8194619333503788,0.4125855360257614,1,0.22917449474334717,0.46150338649749756,0.5524217486381531,71.5952377319336,7.2165914212363305,15.720483779907227,3.71484375,0.5879672311179169
04024,0.7706151013598614,0.43451717933339046,1,0.29520171880722046,0.36593934893608093,0.544803261756897,70.52006530761719,4.415205557749489,10.391901016235352,4.0,0.33009467099460343
04025,0.789874288142533,0.48609371084941116,1,0.25630247592926025,0.5417863726615906,0.4234950840473175,69.41471862792969,8.410239111005035,15.910181045532227,3.607421875,0.6248884011579116
04026,0.8341215121823006,0.4392421292559001,1,0.2354971170425415,0.38262486457824707,0.5183516144752502,72.98640441894531,5.561723364099466,10.740457534790039,4.34375,0.44952947967307777
04027,0.8600362321829376,0.4119970592999639,1,0.3075035810470581,0.5953665971755981,0.4781779944896698,75.58311462402344,3.2551834548768537,7.268823623657227,4.73046875,0.26690128508790756
04028,0.7423043776875383,0.36218214262953285,1,0.2258363962173462,0.47643473744392395,0.5248010754585266,72.8328628540039,5.202021024228552,8.584457397460938,4.9375,0.44079357517860285
04029,0.9148524985469576,0.42090929116408227,1,0.29329442977905273,0.5690491199493408,0.4276663064956665,72.78167724609375,5.025294992912197,11.901555061340332,4.359375,0.1892758366951564
04030,0.9624627412655754,0.6467550245784333,1,0.3116150498390198,0.5022345781326294,0.6442005038261414,75.31089782714844,7.390020804830402,9.534041404724121,4.86328125,0.8695420010104127
04031,0.8232659119717487,0.37003844305622297,1,0.32088226079940796,0.5575344562530518,0.5123729109764099,74.90472412109375,5.515675254839207,11.535500526428223,4.3359375,0.31468153136317056
04032,0.8627772108724404,0.4985097114408306,1,0.24093973636627197,0.40156662464141846,0.587698757648468,75.92725372314453,3.8311190572703926,9.852241516113281,4.41015625,0.5040939372798761
04033,0.9084410877487705,0.4000964320154291,1,0.37082797288894653,0.6233369708061218,0.4180120825767517,71.20819854736328,5.419409068235902,11.693439483642578,4.75,0.27062870375646675
04034,0.8752178221501465,0.48105513352285967,1,0.23479139804840088,0.30355727672576904,0.4591412842273712,72.93163299560547,4.214888923137501,12.828927993774414,3.642578125,0.681695755314922
04035,0.3831252018277932,0.15838736534046471,1,0.4194309115409851,0.7061861753463745,0.2624853849411011,67.10077667236328,7.140214332243345,12.304142951965332,1.828125,0.16370580802692491
04036,0.8438885274720636,0.4730311907633982,1,0.2993617653846741,0.4567871689796448,0.5011226534843445,73.69194793701172,5.801965708675012,8.636969566345215,4.71875,0.3383083390980808
04037,0.7016536641092468,0.3519914246474391,1,0.24653851985931396,0.49934402108192444,0.4130726754665375,65.40046691894531,6.6690178138133325,16.788509368896484,4.21484375,0.4339492710648214
04038,0.8442665599897703,0.49526667011535874,1,0.2072659730911255,0.40465426445007324,0.5468811988830566,72.24777221679688,5.533478493203464,16.404993057250977,4.578125,0.7198525949081426
04039,0.6697532953198264,0.39289218358225225,1,0.28925204277038574,0.5626850128173828,0.5581653118133545,72.72296142578125,6.380280345661468,9.257111549377441,4.59765625,0.6302631379424047
04040,0.8278250276898084,0.4273208154174529,1,0.1952890157699585,0.35786569118499756,0.5890018343925476,72.69242095947266,3.91083704098546,12.004837036132812,4.30078125,0.5164709860294654
04041,0.7675483501717459,0.3771841931621007,1,0.36261826753616333,0.5449026823043823,0.5087549686431885,69.55282592773438,4.8053627264471785,7.373342037200928,2.296875,0.3518746796602241
04042,0.8694199033734212,0.38924405419052266,1,0.2738380432128906,0.5333548188209534,0.43264323472976685,75.48737335205078,6.6317834469965,11.798538208007812,4.51171875,0.24137595856919516
04043,0.6891152142557017,0.2872226346613874,1,0.3376976251602173,0.6642407774925232,0.5155835151672363,72.73877716064453,4.9604167721759485,9.301071166992188,4.796875,0.5193602370445628
04044,0.6186534670439308,0.2820037105751391,1,0.34398144483566284,0.5423106551170349,0.5125654935836792,70.71533966064453,5.885540767894212,3.9620981216430664,4.7109375,0.4740149043663216
04045,0.7498227912818457,0.4292893600314095,1,0.19738554954528809,0.41354140639305115,0.479135125875473,71.64921569824219,3.945152806156918,13.866931915283203,3.96875,0.5217887698078784
04046,0.8752405843461524,0.5658511415917789,1,0.13199013471603394,0.33116695284843445,0.5683046579360962,72.69174194335938,5.770415443468197,13.864670753479004,4.95703125,0.6986046535412103
04047,0.8730394958962271,0.43831302717900655,1,0.25017642974853516,0.5230926871299744,0.6026021838188171,73.81363677978516,5.021633841673754,12.341599464416504,4.921875,0.44228559805867274
04048,0.8786771221423212,0.3969065978577215,1,0.4285518527030945,0.44966572523117065,0.5417896509170532,72.25960540771484,5.355845186738433,12.468063354492188,4.08203125,0.19595479822831316
04049,0.8308162989455515,0.43587837044574024,1,0.25953298807144165,0.6114333868026733,0.5127584934234619,75.98076629638672,4.283549129437166,6.388313293457031,4.94921875,0.3131350620524546
04050,0.2933848337394272,0.1257933485656258,1,0.3180588483810425,0.5808456540107727,0.45086920261383057,68.97955322265625,6.441813619008595,10.461944580078125,4.3984375,0.21014922195161928
04051,0.7427367475808899,0.3504898266767144,1,0.32426756620407104,0.5965083837509155,0.4734330177307129,72.0025634765625,4.169161985924706,6.9478254318237305,4.0703125,0.25141442389879853
04052,0.7007331009168902,0.4001195278649335,1,0.27879810333251953,0.43887659907341003,0.47266432642936707,69.53702545166016,5.633693980876686,12.303213119506836,3.9921875,0.53389387775692
04053,0.7561589980835989,0.3528059848502615,1,0.33462852239608765,0.5819208025932312,0.37259358167648315,73.32899475097656,6.762637439179923,12.608084678649902,3.4375,0.37955090454064966
04054,0.9164616420263804,0.533300967927906,1,0.257157564163208,0.46110451221466064,0.6156554818153381,75.21200561523438,4.049336617405166,8.44624137878418,4.96484375,0.5205934018320031
04055,0.8326554839019836,0.44132255912224777,1,0.18899983167648315,0.4176378846168518,0.566897451877594,74.3761978149414,3.3097805862255716,9.194621086120605,4.86328125,0.43097549179070266
04056,0.8673312223691392,0.3845959755251372,1,0.24178814888000488,0.43498915433883667,0.5191619992256165,75.65586853027344,6.3199761578417375,13.438350677490234,4.48046875,0.3668493931675041
04057,0.816911940540682,0.405506299580028,1,0.34010934829711914,0.5131301879882812,0.3248998820781708,70.78302764892578,4.359368292517992,11.225749015808105,2.373046875,0.40582901717819353
04058,0.851051973385566,0.44977654358484837,1,0.2436404824256897,0.37634456157684326,0.5070927143096924,73.59998321533203,6.080405176324212,16.036914825439453,4.09375,0.6100234332057867
04059,0.7802152817061614,0.3573094216622219,1,0.253048300743103,0.55515456199646,0.47178468108177185,71.90106964111328,4.894198196640146,10.385395050048828,4.69140625,0.29891867806777
04060,0.8747329512407191,0.5521739130434783,1,0.17108476161956787,0.31871873140335083,0.5513744354248047,75.05760955810547,4.475376760505396,12.051383018493652,4.8125,0.5548492193933318
04061,0.6851768251627917,0.36768001838974773,1,0.2877840995788574,0.408049613237381,0.5325097441673279,73.54071044921875,4.9763974448105,9.928329467773438,4.01953125,0.4172635727008718
04062,0.6747329899766494,0.32395865956780456,1,0.3219013810157776,0.5488624572753906,0.3550466001033783,62.134803771972656,4.971814743549595,10.916742324829102,3.34375,0.7332539091166861
04063,0.4617262663345453,0.1990338548396716,1,0.2849200367927551,0.4416591227054596,0.4965165853500366,74.4520263671875,5.37935117055096,12.81682014465332,4.5,0.36275358851739364
04064,0.7474578683148071,0.3545406673368759,1,0.2399832010269165,0.4398452341556549,0.4472939074039459,68.00062561035156,4.242771779748583,14.800758361816406,3.94140625,0.3185376269630064
04065,0.6746267404389898,0.3620906801007557,1,0.17327898740768433,0.33985790610313416,0.5719704031944275,73.2981185913086,5.566934717091512,16.387798309326172,4.96484375,0.583519456281539
04066,0.6337398581604072,0.3830159347065682,1,0.255309522151947,0.49068957567214966,0.5196799635887146,69.11122131347656,5.8309630841363305,15.291259765625,4.29296875,0.5666948188659492
04067,0.8222723423170287,0.5297902617088411,1,0.26823991537094116,0.45595353841781616,0.5586150288581848,74.10880279541016,4.400312349231771,11.6365327835083,3.98828125,0.5299393036315916
04068,0.656269525754455,0.3851264321062979,1,0.21104025840759277,0.45408570766448975,0.46191057562828064,70.4742660522461,3.594414277133815,11.551639556884766,4.78125,0.36596193717931735
04069,0.8330324384287323,0.46953746684350134,1,0.19190871715545654,0.3821564018726349,0.44869598746299744,74.68929290771484,3.6485486434882572,10.2254638671875,4.03125,0.4817329430878106
04070,0.8128686792539035,0.4767777991905955,1,0.22936218976974487,0.38977062702178955,0.552137017250061,76.63609313964844,6.779792580926397,14.263078689575195,4.75,0.8253910578867114
04071,0.19714137955631642,0.10844997407983412,1,0.3414769768714905,0.5879124402999878,0.3782268464565277,70.76145935058594,7.850804184170204,11.349462509155273,3.845703125,0.5070581607487302
04072,0.7877894456097733,0.4283279094994576,1,0.19831162691116333,0.4355856478214264,0.5243156552314758,74.20277404785156,4.367028644688864,11.028181076049805,4.9921875,0.6014389791901121
04073,0.8119691557915513,0.4195653376099099,1,0.24504345655441284,0.46592310070991516,0.511232852935791,75.66461944580078,4.116720590490601,8.355301856994629,4.8046875,0.40667980136429155
04074,0.3141613701316988,0.15241174885475614,1,0.4064202308654785,0.6188367605209351,0.4155990183353424,71.34019470214844,5.803444458095165,7.930303573608398,1.9130859375,0.21223746665103257
04075,0.8568170436246506,0.376962875555959,1,0.292736291885376,0.5697383880615234,0.47759929299354553,74.86351013183594,6.491301003649248,11.138811111450195,3.685546875,0.32904303424884657
04076,0.8540772978691942,0.4337784308714541,1,0.2868703603744507,0.41741424798965454,0.3669881522655487,68.2398910522461,4.717612949005796,12.058126449584961,3.943359375,0.29339774297511395
04077,0.8766820438579688,0.4517146590960299,1,0.2715400457382202,0.45091938972473145,0.3434639573097229,71.74423217773438,8.5382082875705,16.19887351989746,2.90234375,0.6058477627899861
04078,0.5168749535158372,0.31516848315168483,1,0.4356485605239868,0.6375054121017456,0.5930437445640564,74.11845397949219,4.913219591068386,6.2204813957214355,4.875,0.4312051456600762
04079,0.8625949986272887,0.4881608085855431,1,0.23685115575790405,0.5704755783081055,0.5773774981498718,73.18602752685547,4.382112400988331,8.184566497802734,4.1171875,0.4799921933003148
04080,0.7819401210589129,0.45267489711934156,1,0.17572706937789917,0.21678072214126587,0.5718241333961487,75.24633026123047,4.527534906900346,16.537019729614258,4.890625,0.6069583573326137
04081,0.8614849836701378,0.48933035902184435,1,0.2150130271911621,0.38674360513687134,0.5358032584190369,75.99536895751953,5.155472590705553,8.655858993530273,4.94140625,0.5434395727678646
04082,0.7250054896726198,0.3511221063792189,1,0.210490882396698,0.34902215003967285,0.6056481599807739,77.37757110595703,5.481506939796293,15.20081615447998,4.99609375,0.5924317072782255
04083,0.5841505363614241,0.26011642765866816,1,0.4301096796989441,0.728787362575531,0.37210530042648315,62.12703323364258,8.99054831962211,14.506612777709961,1.734375,0.40091429484464924
04084,0.9025302729369312,0.3928425274185628,1,0.311298668384552,0.518790602684021,0.3702254891395569,72.33720397949219,5.707141509575884,13.572503089904785,4.05078125,0.40100344765399654
04085,0.8656178388418232,0.5105984506682557,1,0.2121124267578125,0.4466240108013153,0.5779184699058533,73.30110168457031,5.7295310221864115,10.386884689331055,4.97265625,0.7235686430348299
04086,0.8713028774365841,0.4202343314115678,1,0.3082726001739502,0.4372333288192749,0.505011260509491,64.6292724609375,5.929804911302655,15.410232543945312,3.990234375,0.6219535432167758
04087,0.8298428578755095,0.4086920819330606,1,0.3332117199897766,0.5514079332351685,0.37280574440956116,75.15030670166016,4.610654177172123,10.079008102416992,3.89453125,0.30019091280122256
04088,0.8664327929070401,0.5778948628906718,1,0.24425166845321655,0.5533057451248169,0.5005871057510376,73.31829833984375,5.206110584033363,9.90404224395752,4.29296875,0.7406789886922444
04089,0.7168205067736019,0.3986692149784101,1,0.28872203826904297,0.7578164339065552,0.4640532433986664,72.4832992553711,6.643759516505335,9.556426048278809,4.12890625,0.42302178773551136
04090,0.8357485673082831,0.47540760252509195,1,0.28432196378707886,0.475965678691864,0.5288199782371521,74.96011352539062,4.730277164080922,8.579294204711914,4.0703125,0.5038375730754867
04091,0.8402131345228863,0.4814156586214145,1,0.1800662875175476,0.3965921998023987,0.4974832236766815,72.12455749511719,5.240444174426671,10.999082565307617,4.49609375,0.4536534425837848
04092,0.8096805730597528,0.42882903189451144,1,0.24030262231826782,0.4511706531047821,0.4647189974784851,69.6184310913086,4.331562687462039,10.485715866088867,3.826171875,0.45011452606741803
04093,0.6679456482937959,0.31523331240845365,1,0.3217029571533203,0.5477294921875,0.4025581479072571,68.40277862548828,7.139937609509922,18.621295928955078,2.931640625,0.5315660494207073
04094,0.6004326115617603,0.334866220735786,1,0.29249244928359985,0.4728713035583496,0.5106732845306396,76.9981689453125,4.9197292468489735,14.277067184448242,4.09375,0.5028292404951867
04095,0.7467658862586533,0.3310784409494969,1,0.3608822822570801,0.5323590040206909,0.46543970704078674,74.14494323730469,6.946137326825673,13.187966346740723,3.66015625,0.3328823454785885
04096,0.7892035907262264,0.4203266538567115,1,0.24968844652175903,0.5216951370239258,0.318217396736145,62.29994201660156,5.11296259558555,11.251363754272461,3.138671875,0.4825365240881175
04097,0.8457817084197804,0.424089219330855,1,0.21527552604675293,0.550498902797699,0.4975877106189728,71.85408020019531,5.151842299287758,15.180806159973145,4.1953125,0.6414072575439761
04098,0.904988494050426,0.4045624665834967,1,0.3424716591835022,0.6372858285903931,0.4572475552558899,67.49468994140625,7.253322590405385,9.642656326293945,2.22265625,0.5502990450511321
04099,0.7483644638673952,0.33527103809361347,1,0.3354901671409607,0.5734163522720337,0.2981806993484497,71.31558990478516,6.114080067832513,13.460800170898438,3.431640625,0.2403494405350405
04100,0.8427885871823559,0.47154422967765064,1,0.3201291561126709,0.5442333221435547,0.4999017119407654,75.00621032714844,4.265956382690513,6.655501365661621,3.857421875,0.22651791915712474
04101,0.7923390990674557,0.39407963310402333,1,0.26760542392730713,0.5412082076072693,0.5354239344596863,73.57413482666016,5.672785582106404,10.332866668701172,3.919921875,0.4548439473459014
04102,0.8742388093811443,0.4106752909307018,1,0.19035249948501587,0.3721540868282318,0.4293437600135803,71.27190399169922,4.364230815172562,12.400272369384766,4.734375,0.372403942765537
04103,0.8520257522633831,0.50332124181467,1,0.2688785195350647,0.5319046378135681,0.4988050162792206,75.09426879882812,4.238384047230606,9.04367733001709,3.9921875,0.42689418993877315
04104,0.7880409137748735,0.393855385082789,1,0.22490829229354858,0.4785563349723816,0.4664265513420105,71.88219451904297,4.578481383084068,11.300411224365234,4.01171875,0.4514143735123913
04105,0.8756475180768981,0.4704242485680977,1,0.1752752661705017,0.3303147554397583,0.5906270146369934,76.21826934814453,4.61492278161236,12.916050910949707,4.98046875,0.5196425628093716
04106,0.8664277999648203,0.5059297793687169,1,0.21731650829315186,0.2929098606109619,0.5890767574310303,74.7127456665039,5.5607307279452725,14.716019630432129,4.72265625,0.5705902427793124
04107,0.7928787571559036,0.3913951281240114,1,0.3087330460548401,0.5527198910713196,0.48603278398513794,72.08952331542969,4.205450431698108,8.951313018798828,4.23828125,0.37761045801860016
04108,0.8025330322416748,0.3983469689777455,1,0.2762497067451477,0.6252543926239014,0.3648100197315216,73.4423828125,4.538042863151687,9.372623443603516,3.2265625,0.47333250968239576
04109,0.8352030624792547,0.4872283644681662,1,0.2866742014884949,0.5324139595031738,0.5170055031776428,69.43441009521484,7.626929850229979,11.356969833374023,3.626953125,0.510092747387609
04110,0.8021101106653024,0.4387456661953553,1,0.2555760145187378,0.463613897562027,0.5142844319343567,74.71617889404297,5.1731409796259005,7.768812656402588,4.6796875,0.31790321221714474
04111,0.8226439315446704,0.4179617209226239,1,0.285072922706604,0.5418939590454102,0.5537943243980408,72.4745864868164,5.742654353583792,11.316471099853516,4.3203125,0.5584515057158094
04112,0.7281441196256998,0.3680274228731692,1,0.18502461910247803,0.33047249913215637,0.502013623714447,75.39688110351562,4.152998775051916,16.230493545532227,4.9140625,0.5817919038026396
04113,0.8493095957515838,0.3917632230338188,1,0.24118143320083618,0.4269178509712219,0.4698699712753296,72.89292907714844,6.285017295421961,12.519142150878906,4.0703125,0.5111955249174454
04114,0.6267617347857686,0.32877842993396916,1,0.3491024374961853,0.6327455043792725,0.28867438435554504,54.799957275390625,6.815173672678253,10.322179794311523,2.3515625,0.48842449889383543
04115,0.7689190772474337,0.38948236371965184,1,0.18121838569641113,0.4566935896873474,0.4847284257411957,74.52304077148438,2.631388314013306,9.609153747558594,4.13671875,0.4322455524502026
04116,0.7520301055812627,0.35569112017180743,1,0.2547849416732788,0.47588032484054565,0.4513010084629059,71.88179016113281,5.9426058193059825,13.855868339538574,3.763671875,0.318282601493048
04117,0.8230787019255796,0.5143918995790512,1,0.3532276749610901,0.5328660011291504,0.34279242157936096,64.92909240722656,6.38939339782237,13.385160446166992,2.162109375,0.48724642221803616
04118,0.910548534692493,0.5530292251216528,1,0.23795771598815918,0.3600612282752991,0.5683390498161316,76.24173736572266,5.419914070993349,10.450133323669434,4.96484375,0.7455035497892301
04119,0.9126675256583883,0.49140326152607205,1,0.22903817892074585,0.4076831340789795,0.5491711497306824,73.40104675292969,6.896568194990544,13.984583854675293,4.73828125,0.7075087329156178
04120,0.853994957106106,0.39103377686796315,1,0.30733048915863037,0.4909878671169281,0.34360572695732117,70.55287170410156,4.314563424472409,13.552644729614258,2.380859375,0.5441092272719429
04121,0.8570744451154038,0.37887785751954695,1,0.35435765981674194,0.632542073726654,0.3903592526912689,72.71163940429688,7.334532434673752,13.204840660095215,3.4296875,0.38174819712919916
04122,0.5389403070046338,0.2885934819897084,1,0.22580623626708984,0.4060385227203369,0.5830151438713074,72.53556060791016,7.440213150727008,14.05404281616211,4.01953125,0.5105446157062941
04123,0.7679705634423575,0.34996562428383926,1,0.22553592920303345,0.5934159159660339,0.43830224871635437,73.23746490478516,3.9652141060965937,10.469354629516602,4.671875,0.45001371420709524
04124,0.6236935765734155,0.2729614839623857,1,0.291637122631073,0.5955473184585571,0.4944893419742584,72.24207305908203,6.587526265714427,12.44611644744873,4.06640625,0.40677503708339285
04125,0.8344954546975732,0.39419866444073454,1,0.2786056399345398,0.5308035016059875,0.4476216733455658,71.8055191040039,7.266136045412841,14.378484725952148,3.357421875,0.5947279948507533
04126,0.8625717675188954,0.47644371718824574,1,0.22650182247161865,0.4662666916847229,0.5377910733222961,74.00313568115234,5.192092114772883,10.3818359375,4.69921875,0.575277130355616
04127,0.6197909098597688,0.3376223026403967,1,0.2636508345603943,0.5681386590003967,0.6127176284790039,72.79673767089844,5.275211809688805,11.651921272277832,4.859375,0.5161274110969487
04128,0.7954997170867164,0.37102792983840477,1,0.33176469802856445,0.509000301361084,0.4058750569820404,74.60664367675781,3.928647648621831,10.870330810546875,4.734375,0.41010465841140636
04129,0.3361023912441207,0.18009304603330067,1,0.2845039963722229,0.48602962493896484,0.49170541763305664,73.80772399902344,5.244517880095752,13.707680702209473,4.86328125,0.5758522457551472
04130,0.8341806681188418,0.5764350453172206,1,0.25091254711151123,0.27778860926628113,0.4209175407886505,60.028663635253906,10.3800975320538,22.32305908203125,4.06640625,0.7574852628440203
04131,0.8001664807046387,0.3985046490078921,1,0.24542653560638428,0.4751327633857727,0.5619127750396729,74.21826934814453,4.881675918587254,12.264263153076172,4.109375,0.5741579197946802
04132,0.7022109636901186,0.45038649629279065,1,0.22172927856445312,0.5725427865982056,0.4865540564060211,73.6044692993164,3.989326948398278,14.21650505065918,4.953125,0.6329770554206902
04133,0.7877069058044013,0.46882414813727646,1,0.23126131296157837,0.3759412467479706,0.5265442132949829,74.10430908203125,3.2617941440308167,10.978904724121094,4.83203125,0.45609442337734674
04134,0.8753646327430742,0.433849751534639,1,0.18910294771194458,0.2851620316505432,0.6184670925140381,74.82353210449219,4.3424904981024754,13.853196144104004,4.77734375,0.6847370660331752
04135,0.8976992864657019,0.40208242290665197,1,0.19042789936065674,0.3640696406364441,0.5426671504974365,75.88562774658203,6.738026984039705,14.613594055175781,4.72265625,0.6181472162870549
04136,0.8343466412921071,0.43271102966441416,1,0.1689547300338745,0.43410536646842957,0.4926379323005676,72.3357162475586,4.731985128239256,13.5389404296875,4.64453125,0.608984122907068
04137,0.8047991466415301,0.4803308985303177,1,0.26578229665756226,0.5121183395385742,0.5921187996864319,75.9274673461914,5.196608987047854,11.546974182128906,4.3203125,0.6726343077371424
04138,0.821546342715105,0.43985681546998995,1,0.1628807783126831,0.33342278003692627,0.5404113531112671,69.85681915283203,3.5735050705520632,13.833617210388184,4.6640625,0.4273823296727257
04139,0.8180939004032095,0.4368088467614534,1,0.23576045036315918,0.42683807015419006,0.5067302584648132,72.11650848388672,5.700134873269332,16.18071174621582,4.08984375,0.7228647906737271
04140,0.8034800449960766,0.4340797378481704,1,0.3115994930267334,0.49370551109313965,0.35300639271736145,66.16605377197266,6.893521244475762,13.61280345916748,3.30859375,0.509362322061124
04141,0.7722853544748088,0.3501644213429511,1,0.3418051600456238,0.6361055970191956,0.4560900330543518,74.5216293334961,6.768165074337717,11.852320671081543,4.015625,0.36921622359621353
04142,0.7698015983569756,0.38187066265430203,1,0.24460053443908691,0.5281389951705933,0.5509505867958069,75.66635131835938,4.107529631573663,11.212574005126953,4.88671875,0.4067461400268397
04143,0.6251603082353223,0.28252014905971057,1,0.2692023515701294,0.45996981859207153,0.3630891740322113,69.53378295898438,3.542312525335875,12.031604766845703,3.390625,0.32715729368017216
04144,0.8224834112346907,0.4663046949856276,1,0.2622873783111572,0.513618528842926,0.3178972005844116,66.02484893798828,6.181205504126125,15.148792266845703,4.0078125,0.5515724930139106
04145,0.6068157409547759,0.28797172263229026,1,0.40858328342437744,0.6490641832351685,0.3736453354358673,71.33306884765625,6.794826355348577,10.389670372009277,3.662109375,0.24379279747635843
04146,0.7817918468047991,0.4134811573539173,1,0.16575878858566284,0.25224167108535767,0.5166686177253723,75.5918960571289,6.136018521799583,17.653060913085938,4.37109375,0.6873430105283932
04147,0.9076953066020921,0.43897116548906895,1,0.19135862588882446,0.36025285720825195,0.45618554949760437,69.33970642089844,4.747408808441802,12.799610137939453,3.970703125,0.44810823927456805
04148,0.9004752750729372,0.412113629990725,1,0.2732250690460205,0.6358038783073425,0.3826500177383423,73.81259155273438,4.689370472647303,8.724458694458008,4.890625,0.2614796724965242
04149,0.9094806333402583,0.4195826537303896,1,0.3498586416244507,0.692607581615448,0.4053308665752411,69.1314697265625,5.345936395540726,8.115156173706055,2.955078125,0.2139825658752658
04150,0.7799486383007256,0.4720097972513267,1,0.25620508193969727,0.36011791229248047,0.5228603482246399,71.01029968261719,4.4657889512919375,9.647597312927246,4.375,0.36072337291161627
04151,0.7945828137229634,0.45385099307989574,1,0.2834354639053345,0.5787779688835144,0.4031897485256195,69.23841094970703,6.250434619017961,15.675405502319336,3.4921875,0.6417215267760217
04152,0.7983759234854595,0.46062540929927964,1,0.3403533697128296,0.6357922554016113,0.46622058749198914,71.8192367553711,4.045512096689624,7.590904235839844,3.287109375,0.4150919588310179
04153,0.9053110204836899,0.4033172483103054,1,0.3622857928276062,0.6053929328918457,0.43293872475624084,65.41083526611328,12.901370395178661,10.175466537475586,2.564453125,0.13561449238193185
04154,0.7536513960804816,0.3665639113914976,1,0.23142564296722412,0.4095346927642822,0.4804362654685974,72.79954528808594,4.431288531456042,13.386330604553223,3.966796875,0.3414683788683036
04155,0.8053882638891998,0.5270690195854834,1,0.18939709663391113,0.32181844115257263,0.5192030668258667,75.57284545898438,4.898707994768018,13.813385009765625,4.94921875,0.6882135086264409
04156,0.7175608612531378,0.3758550798074487,1,0.2536780834197998,0.5959509015083313,0.5329163074493408,73.09144592285156,6.340596791788407,10.919848442077637,4.58203125,0.5873283486649925
04157,0.33452426757544107,0.18173734229978325,1,0.37300753593444824,0.6935800313949585,0.4742303788661957,76.07024383544922,4.97534817722189,6.75795841217041,3.142578125,0.2823225421914278
04158,0.7240498367875774,0.34180024660912456,1,0.2603157162666321,0.4972575902938843,0.5170353055000305,71.00170135498047,5.717829449820159,12.059652328491211,3.6484375,0.4014390334113941
04159,0.7820230911936928,0.4325507361719061,1,0.23534846305847168,0.43290644884109497,0.504962682723999,75.54582977294922,4.0046788612646305,11.923013687133789,4.90625,0.5964116886710668
04160,0.8375259335366023,0.425,1,0.2952585816383362,0.4240741431713104,0.47881585359573364,74.64358520507812,3.686020601930323,11.527832984924316,4.19140625,0.37134580193042827
04161,0.8390404592454846,0.5009581166164796,1,0.16117560863494873,0.33250612020492554,0.49847057461738586,72.1352767944336,5.044617515572578,13.493987083435059,4.25,0.6608084922180139
04162,0.6725577334511803,0.3549263989331692,1,0.28088998794555664,0.4246150851249695,0.43705272674560547,71.34127044677734,4.9258753103993325,13.513154029846191,3.986328125,0.4613065867208714
04163,0.7500333186111939,0.4726678087525308,1,0.2503647804260254,0.4946725368499756,0.581089198589325,75.35810852050781,6.422708394786304,13.769275665283203,4.90234375,0.5767238947606097
04164,0.691106633128033,0.3365679056031139,1,0.3522871136665344,0.4608513116836548,0.5217206478118896,72.90168762207031,4.267942028603283,9.604052543640137,4.19921875,0.2610964313911067
04165,0.7527633124991369,0.41179262402635475,1,0.21579402685165405,0.35124772787094116,0.5134723782539368,73.30767822265625,5.715541868098341,11.967742919921875,4.5390625,0.5751397295840066
04166,0.7963398194149867,0.3984269965044367,1,0.22206729650497437,0.44895339012145996,0.40209677815437317,70.09181213378906,4.996455339135099,13.693416595458984,4.34765625,0.575340537621165
04167,0.767384632099302,0.45834806174148696,1,0.27720314264297485,0.5318759679794312,0.4951011538505554,70.1866226196289,7.273116210527234,13.446126937866211,3.80078125,0.5315122931373168
04168,0.9474105350650427,0.4574469894063834,1,0.31870120763778687,0.5179150104522705,0.49028465151786804,73.87586212158203,6.5967850057872255,6.470108509063721,4.61328125,0.2774808268683363
04169,0.33841871678707586,0.1367837338262477,1,0.27881622314453125,0.3514915704727173,0.41675981879234314,64.33751678466797,5.572819451567199,14.203791618347168,3.78515625,0.25696956797217396
04170,0.40519442957348994,0.1925933212019869,1,0.39655786752700806,0.5953897833824158,0.5738069415092468,72.73649597167969,5.994993253736714,10.05911636352539,4.296875,0.41713108410276334
04171,0.8205145787600422,0.462163409755347,1,0.16000282764434814,0.3319828510284424,0.4149220585823059,69.03357696533203,3.3985064659954407,10.21144962310791,3.388671875,0.39810775586610203
04172,0.8601444014179426,0.5026660641662901,1,0.19558346271514893,0.3538852632045746,0.5328345894813538,75.45283508300781,4.415741801157918,12.697164535522461,4.8984375,0.5077616389094594
04173,0.7306681594013431,0.3954332741649185,1,0.2636273503303528,0.4250490367412567,0.4479576647281647,75.64566802978516,4.556583473515864,14.686517715454102,3.681640625,0.6614103416809156
04174,0.8730503738509613,0.39942606417267984,1,0.4516502022743225,0.6321747303009033,0.34144356846809387,70.48822784423828,8.348355071993268,13.936962127685547,3.3359375,0.22064258512770749
04175,0.8170802381817532,0.4361583495957625,1,0.1687774658203125,0.2621684968471527,0.518162727355957,71.70551300048828,8.276400287332898,16.22896385192871,3.892578125,0.745545661090633
04176,0.7410099978771433,0.38205185683329596,1,0.19965267181396484,0.3730272352695465,0.567724347114563,72.4098129272461,3.895195156871766,11.279091835021973,4.671875,0.422051534873039
04177,0.3778856019255971,0.20839385368091123,1,0.24822109937667847,0.4265524446964264,0.498898983001709,72.43338775634766,6.279940521151717,19.539159774780273,4.66796875,0.6026301159744863
04178,0.8709086256431045,0.3962945244204758,1,0.33090901374816895,0.647286057472229,0.37431275844573975,72.59439849853516,5.890480897886935,11.571488380432129,2.3125,0.23152198743664845
04179,0.7865798847071642,0.469919838119698,1,0.2379971146583557,0.507940948009491,0.5350966453552246,73.7968978881836,3.4714151220736946,10.59499740600586,4.62109375,0.46467987194737365
04180,0.6163067144164757,0.3064838941127601,1,0.3737221360206604,0.6035761833190918,0.33388039469718933,68.86600494384766,6.05706732089011,9.04110336303711,2.658203125,0.293457093314106
04181,0.8430734168007741,0.4016925848663,1,0.22228872776031494,0.38657233119010925,0.5514580607414246,74.4566650390625,5.535978665191452,12.199145317077637,4.6953125,0.4208692915634258
04182,0.8436002249456377,0.4815894338134865,1,0.22783327102661133,0.4131990969181061,0.3875178098678589,72.10700988769531,3.561101903737299,8.983899116516113,4.08984375,0.276204384692877
04183,0.6507634696638954,0.31389799321488127,1,0.30807167291641235,0.5528907775878906,0.4291985332965851,75.53598022460938,3.9238507233650997,12.22601318359375,4.02734375,0.4658910428451063
04184,0.8016122122709237,0.43040610898993403,1,0.27646827697753906,0.400967001914978,0.565176248550415,73.22728729248047,5.6407012092297375,13.068544387817383,4.3359375,0.563937767078441
04185,0.8445659078388572,0.5007077755978842,1,0.2296983003616333,0.4441033601760864,0.5022889375686646,71.72126007080078,3.5097282801096763,10.609274864196777,4.21484375,0.43440117801076866
04186,0.8766888584108972,0.4015334876243309,1,0.27410638332366943,0.41986948251724243,0.5024269223213196,74.53547668457031,4.322939082582514,11.141311645507812,4.62890625,0.4215427430446498
04187,0.913924843167197,0.41756809841814296,1,0.23502063751220703,0.500505268573761,0.5284568071365356,77.39202117919922,4.452171735842378,11.987274169921875,4.98046875,0.3271557972716944
04188,0.8088336441439673,0.44506286944687073,1,0.23655998706817627,0.5509822964668274,0.40123558044433594,69.77741241455078,3.9001332957429224,8.4127836227417,3.861328125,0.36873495194254485
04189,0.8975887612876992,0.5895147428269205,1,0.29337191581726074,0.5217545628547668,0.49061059951782227,76.35501098632812,5.027033069515042,10.271577835083008,3.876953125,0.46098465120053894
04190,0.6046774132555799,0.3183344526527871,1,0.2154390811920166,0.4316085875034332,0.460099458694458,71.90017700195312,4.559426067183178,14.51729965209961,4.17578125,0.44644238890341265
04191,0.8783520345076272,0.49574658321624726,1,0.2745310664176941,0.43620187044143677,0.4653823971748352,73.01910400390625,4.632271258250024,12.588215827941895,4.078125,0.5900486563853403
04192,0.6770504202705835,0.33165145416406827,1,0.3020172715187073,0.5567274689674377,0.49437978863716125,69.88004302978516,4.074121578751512,8.660174369812012,4.5234375,0.39413703884558365
04193,0.6488409488032968,0.3478361090301389,1,0.2024133801460266,0.49772995710372925,0.6063212156295776,74.72608947753906,5.767354662941172,9.06356430053711,4.9765625,0.5701698754395205
04194,0.8799540785928616,0.3954561087620628,1,0.2702138423919678,0.5100963115692139,0.40217724442481995,68.34060668945312,5.103467797007423,13.382128715515137,2.603515625,0.27327658123186976
04195,0.7259195497785303,0.40729762451467455,1,0.3318077325820923,0.4122081995010376,0.511156439781189,71.39717102050781,6.200058108957203,7.704823017120361,2.869140625,0.5481225947876401
04196,0.7214058971757698,0.3845336167951103,1,0.2666553258895874,0.5210983157157898,0.497469037771225,72.45468139648438,6.196385145437859,8.609042167663574,4.7421875,0.35630848534509385
04197,0.717161825955499,0.34610255788580435,1,0.3285537362098694,0.5146658420562744,0.39967089891433716,71.48021697998047,7.340571009718047,12.645913124084473,3.748046875,0.6724210890721547
04198,0.8346617536347479,0.4775153671950825,1,0.25280433893203735,0.4587830603122711,0.48618996143341064,73.10089874267578,5.298468849405524,11.663259506225586,3.501953125,0.4900042521181949
04199,0.7918179002990604,0.38390004969120467,1,0.25690895318984985,0.5549355149269104,0.3912797272205353,68.7560806274414,5.992019071928338,11.468576431274414,3.40625,0.34181725715527883
04200,0.8589071200021758,0.4389384116693679,1,0.300459086894989,0.4636080861091614,0.4598512351512909,73.85025787353516,6.700412082264951,10.911282539367676,3.876953125,0.47584894719845267
04201,0.8309684756574098,0.48381693413303073,1,0.19904261827468872,0.4510303735733032,0.595989465713501,74.78848266601562,6.438140116087341,12.340067863464355,4.85546875,0.6129022925237626
04202,0.8174426136330799,0.37526344127374817,1,0.39132869243621826,0.5930767059326172,0.3589133620262146,67.96076965332031,6.787814682872243,9.562082290649414,1.8486328125,0.4215533614064361
04203,0.9302605710042963,0.4210691429288493,1,0.2737651467323303,0.5254146456718445,0.5723728537559509,75.27471160888672,6.371130897335223,13.231058120727539,4.91015625,0.5065478979900955
04204,0.8701295012221415,0.41631976804390597,1,0.23499464988708496,0.349769651889801,0.5167645215988159,73.75370025634766,5.700451989062518,10.810007095336914,4.81640625,0.6253056907823694
04205,0.7839746541789142,0.36529228060038244,1,0.30124562978744507,0.6091697812080383,0.3283662497997284,67.17066955566406,4.2369321708612055,8.390020370483398,2.853515625,0.33118404390201
04206,0.8351544169869787,0.4462116379615848,1,0.26909738779067993,0.48534464836120605,0.3767881989479065,73.7503433227539,3.327172019606401,8.757768630981445,3.73046875,0.34456416089505165
04207,0.8585473282894474,0.3908411833971151,1,0.30708807706832886,0.5872453451156616,0.23462189733982086,66.17212677001953,4.318010545553389,12.302027702331543,2.8671875,0.2300715806326746
04208,0.9030033774312717,0.426631714003526,1,0.2520465850830078,0.39398500323295593,0.3271472752094269,72.9832534790039,4.373359035876974,11.907733917236328,3.79296875,0.3514170952938435
04209,0.4515497068694888,0.23363356999046306,1,0.21549808979034424,0.4280546307563782,0.5564947724342346,75.31205749511719,4.371171491084672,11.858039855957031,4.98046875,0.4286115371518345
04210,0.8016866092447443,0.3587645499596635,1,0.33095288276672363,0.6183289289474487,0.34534555673599243,72.33595275878906,5.707589771170719,12.136209487915039,2.8046875,0.1879041570975414
04211,0.17126025957214158,0.07805616740088106,1,0.37027281522750854,0.6433688402175903,0.2971000075340271,61.00541687011719,5.596350666693216,12.769477844238281,2.62890625,0.3411874534864386
04212,0.8294381580174776,0.44508522830966896,1,0.2859393358230591,0.6214879751205444,0.5579374432563782,74.57048034667969,4.666662651440369,12.683034896850586,4.8046875,0.555914889415141
04213,0.825793091981145,0.4048685759721097,1,0.31610727310180664,0.5979340076446533,0.46253320574760437,71.7527084350586,5.479801517789454,10.527192115783691,4.12109375,0.27375524752234176
04214,0.8055527677905232,0.4655136047247416,1,0.20954567193984985,0.3278936743736267,0.4922682046890259,71.66069793701172,5.576735352779188,14.187664985656738,3.8828125,0.735039393272821
04215,0.7185767753804423,0.4138491547464239,1,0.3075125217437744,0.4921855330467224,0.5143219828605652,73.47699737548828,4.53116887032371,7.364225387573242,4.828125,0.27866663686261633
04216,0.8124267351199549,0.40043555192595615,1,0.30185985565185547,0.6013075113296509,0.48726019263267517,71.73763275146484,4.765778296964964,8.869159698486328,4.94140625,0.45438184143765775
04217,0.5022681552154743,0.21565873044459652,1,0.4128996729850769,0.6388869285583496,0.33906009793281555,68.3667984008789,7.55944543120134,10.583762168884277,2.904296875,0.1604825474478274
04218,0.8139304188138076,0.3577016718065249,1,0.3753417134284973,0.6386901140213013,0.5153941512107849,72.4036636352539,7.622790557716409,11.326812744140625,4.0234375,0.4003734563372678
04219,0.5683193235868316,0.2908284646134425,1,0.3292321562767029,0.5501359701156616,0.4056623876094818,73.05997467041016,4.40842947783884,12.34469985961914,3.6171875,0.30536823743250263
04220,0.8239987380487571,0.4289369868855955,1,0.26823854446411133,0.4924810230731964,0.5846420526504517,76.50206756591797,4.445028841309569,10.173324584960938,4.9609375,0.5484866900732878
04221,0.8684511944621729,0.4055419252417376,1,0.4152929186820984,0.6427536010742188,0.4010590612888336,71.98409271240234,5.607282334128022,4.364709854125977,3.521484375,0.12407893181263778
04222,0.792392460366569,0.3832747812909003,1,0.26675957441329956,0.4700518250465393,0.3159462809562683,65.78553771972656,6.9778448599081075,18.090492248535156,3.083984375,0.38991301455007177
04223,0.8609080156262302,0.4814448292924295,1,0.2086108922958374,0.39951300621032715,0.5445371866226196,73.47421264648438,4.116273475416305,13.00259780883789,4.05078125,0.4689087556164792
04224,0.8592059813340295,0.38850401606425705,1,0.34961026906967163,0.6594188809394836,0.5332939028739929,75.09880065917969,5.186582853704543,9.989381790161133,3.06640625,0.499692252507246
04225,0.841800063553264,0.44386422976501305,1,0.18675529956817627,0.39467853307724,0.43265822529792786,68.41327667236328,3.509917702342185,11.863767623901367,3.43359375,0.46036338889269
04226,0.6827788192776438,0.33560568589922796,1,0.2854200601577759,0.4394626021385193,0.41893306374549866,71.3718032836914,4.644559203331933,13.939630508422852,3.568359375,0.5104906080932963
04227,0.8358777035504663,0.40913740197749743,1,0.366757333278656,0.7187882661819458,0.3849030137062073,66.55355834960938,6.103877375281212,7.56954288482666,3.240234375,0.2971299561342122
04228,0.7805803126669673,0.3781117895725693,1,0.17018157243728638,0.3498402237892151,0.5430295467376709,75.00942993164062,6.287200074379385,18.505163192749023,4.97265625,0.7506290727680562
04229,0.6633422246307399,0.3273976882224305,1,0.251126766204834,0.6022370457649231,0.5287717580795288,72.96218872070312,4.248895001255704,12.49255657196045,4.80078125,0.42597728845617644
04230,0.6957325318089242,0.34881715794578866,1,0.254142701625824,0.4613412022590637,0.4501413106918335,76.43397521972656,4.180915304965033,12.262371063232422,4.63671875,0.3917616150321487
04231,0.6891072625620543,0.3232960962268515,1,0.36674439907073975,0.4869726002216339,0.37976324558258057,69.658203125,4.323588550865942,9.553751945495605,3.876953125,0.2621752781488343
04232,0.6870989670697603,0.34491114701130854,1,0.2506222724914551,0.4953065514564514,0.6381481289863586,73.61598205566406,5.242734951199487,15.942187309265137,4.96875,0.5405648837053706
04233,0.2979797948550929,0.13956675275391345,1,0.2683771252632141,0.5693015456199646,0.5826721787452698,71.56454467773438,5.779883792595181,11.813302993774414,4.953125,0.4562049069186211
04234,0.7885542858487151,0.4187024882510351,1,0.21146124601364136,0.39817652106285095,0.37074264883995056,71.5801010131836,3.8188025230537983,15.650556564331055,3.923828125,0.45274424800991314
04235,0.8816394858739288,0.47706363199230645,1,0.23946094512939453,0.41156870126724243,0.47037217020988464,75.89961242675781,5.659932811968046,9.33102035522461,3.85546875,0.607106641494059
04236,0.8259153965837382,0.428817799800821,1,0.24419623613357544,0.5799169540405273,0.4104274809360504,70.4176025390625,3.7891552979907783,12.715340614318848,4.1953125,0.3554492391952169
04237,0.7873555301091616,0.35270859328158677,1,0.31589794158935547,0.4993816614151001,0.44899019598960876,73.57677459716797,7.308601042517926,14.850386619567871,3.8515625,0.379653217355325
04238,0.8027151806245065,0.507584796318391,1,0.28709155321121216,0.7390807867050171,0.3944316506385803,72.5898208618164,4.8410194472537835,8.801156044006348,4.55078125,0.5074892767180785
04239,0.8241880359485106,0.49029481205992353,1,0.1754341721534729,0.3470000624656677,0.5301666855812073,74.0023193359375,4.214530684602918,12.419193267822266,4.96484375,0.5806498663022787
04240,0.3487227670840058,0.20847919097627382,1,0.2974637746810913,0.7086642384529114,0.5425814986228943,68.77225494384766,6.489007688199236,10.76429271697998,4.109375,0.7098501601384393
04241,0.8036567174478152,0.3796289245919947,1,0.2355310320854187,0.4974323809146881,0.40691816806793213,71.59834289550781,7.501521597064051,15.370369911193848,2.822265625,0.34569612004665023
04242,0.799987021849,0.3577947804885873,1,0.2959449887275696,0.6108734011650085,0.4548161029815674,71.64968872070312,6.6833494727425995,10.628469467163086,3.03515625,0.377941670976668
04243,0.8239275086142246,0.46728834716205303,1,0.2142045497894287,0.5016909241676331,0.4995559751987457,69.07292938232422,5.906670697815169,14.694263458251953,4.7890625,0.6895335662246432
04244,0.7394374844303231,0.34713384568768424,1,0.259091854095459,0.47727277874946594,0.48880812525749207,72.66746520996094,5.473828080968568,12.246413230895996,4.62890625,0.3584238598121748
04245,0.8175112560138291,0.4942695599022005,1,0.21414226293563843,0.36152762174606323,0.6430783271789551,73.6638412475586,5.98196934444322,13.166601181030273,4.92578125,0.6225733206131261
04246,0.8391187812460437,0.46928872430085555,1,0.24460285902023315,0.39525365829467773,0.5405967235565186,74.0705795288086,4.459207131023627,9.683521270751953,4.74609375,0.42236456488102503
04247,0.8342968535825077,0.38668471235876456,1,0.2728409767150879,0.5138227939605713,0.43098095059394836,75.70389556884766,6.397549537951206,11.19838809967041,4.03515625,0.5330302731840568
04248,0.8004176075449624,0.37014429565036855,1,0.20999860763549805,0.4692186713218689,0.5648362636566162,71.6578140258789,5.098788725457611,15.845216751098633,4.85546875,0.5313946211690188
04249,0.876881839177246,0.3965595614777842,1,0.3291866183280945,0.7151579856872559,0.39803698658943176,76.33692932128906,6.407935380348152,12.17355728149414,4.46875,0.2174381109673446
04250,0.8557810074277059,0.39538105340657,1,0.23558342456817627,0.5681355595588684,0.4691845774650574,73.51837158203125,5.409152334404516,12.91067886352539,4.3984375,0.2797512987020084
04251,0.8058591645555937,0.5168746501596918,1,0.14297330379486084,0.26992732286453247,0.6297958493232727,74.12930297851562,4.557370338338708,15.540182113647461,4.921875,0.6665279742955794
04252,0.5510503378650375,0.24303994466539858,1,0.36812883615493774,0.7180736660957336,0.4132480025291443,69.04923248291016,7.818417189348043,9.798894882202148,3.751953125,0.26399709867724314
04253,0.8183740751339122,0.5160630243503171,1,0.14960604906082153,0.13036373257637024,0.6336679458618164,75.26112365722656,6.771482927190715,20.567195892333984,4.66796875,0.8452748171360471
04254,0.5729904144075567,0.27541450827090835,1,0.2302876114845276,0.3964845538139343,0.34508273005485535,65.6706771850586,6.059556923791614,17.561059951782227,3.3046875,0.33274145408001776
04255,0.8276785241306926,0.3867680007028951,1,0.2228824496269226,0.4437651038169861,0.5087267160415649,73.66693878173828,5.398699104588784,11.619816780090332,4.6015625,0.5426471336946614
04256,0.9142488129591286,0.6452165267344233,1,0.27880042791366577,0.3523642122745514,0.6184521317481995,75.65983581542969,6.0668128849506795,11.565258026123047,4.56640625,0.5013122297982116
04257,0.8000873022669834,0.5066865399743303,1,0.244978666305542,0.5408691167831421,0.3630799353122711,73.11417388916016,5.1883665205569445,14.224113464355469,3.96484375,0.5319857635953178
04258,0.7414772842318283,0.4331378299120235,1,0.1921190619468689,0.3470226526260376,0.4966241121292114,73.14031219482422,3.6089709229123663,9.608807563781738,4.7578125,0.4615864210016584
04259,0.8358990208716652,0.44341915959716227,1,0.29811984300613403,0.3876977860927582,0.519223690032959,71.15009307861328,4.4025442386036,8.148747444152832,4.55859375,0.2282369936448026
04260,0.5872358448439671,0.27579804327644075,1,0.30733656883239746,0.6421938538551331,0.40822550654411316,66.98075103759766,5.423424487940099,12.878589630126953,4.41796875,0.3720758211372709
04261,0.8460753182581779,0.4086810558683284,1,0.15694838762283325,0.30746912956237793,0.57451331615448,72.66411590576172,4.825666265186781,14.869612693786621,4.5625,0.4989349543338516
04262,0.7746360594892189,0.36614551238875914,1,0.2621811628341675,0.43334463238716125,0.5442913770675659,74.50328826904297,4.337124177923347,13.548929214477539,4.40234375,0.37789669682063826
04263,0.6350331648502788,0.3113341052360736,1,0.2733578681945801,0.5078220963478088,0.6329944729804993,71.99537658691406,6.445941641103714,8.69084644317627,4.984375,0.600371917895427
04264,0.8700177944927455,0.5460926210519073,1,0.21375185251235962,0.34037521481513977,0.5534685254096985,74.2008056640625,4.456006298284505,12.136531829833984,4.765625,0.5434557750728449
04265,0.8619896157647218,0.3914600438435249,1,0.27033495903015137,0.44264814257621765,0.5126065015792847,75.97285461425781,5.17830283015056,13.154763221740723,4.5,0.4513604503094772
04266,0.867922888915325,0.38616530457853404,1,0.20824992656707764,0.40950047969818115,0.4118013083934784,73.57476043701172,5.54873244669222,12.721829414367676,4.27734375,0.3664057394781376
04267,0.9057987082341012,0.4546331425631792,1,0.3898462653160095,0.6889282464981079,0.4417572319507599,73.06784057617188,6.084978822519985,7.038275718688965,3.228515625,0.08454125023281893
04268,0.802223105326561,0.4550067965564114,1,0.2467443346977234,0.5689876675605774,0.3876101076602936,69.88098907470703,6.28308209647813,11.263776779174805,4.12890625,0.48446338692399493
04269,0.8888692252491308,0.39756378285056587,1,0.2711280584335327,0.44582897424697876,0.39917808771133423,60.031795501708984,6.549907642328308,7.809422016143799,3.783203125,0.652909397982169
04270,0.8426936988055642,0.41444737250038755,1,0.22482502460479736,0.41080302000045776,0.5382786393165588,75.3158950805664,6.177526507529226,18.174440383911133,4.85546875,0.6789236232691279
04271,0.5981959352182891,0.2488921616326316,1,0.2947523593902588,0.5325216054916382,0.39584705233573914,69.03489685058594,6.235889393504589,7.551397800445557,3.287109375,0.23827824338598091
04272,0.8170878869865402,0.43944030640722137,1,0.2343112826347351,0.4511672258377075,0.3714127242565155,70.7892837524414,3.671851405874092,13.273573875427246,4.0234375,0.5180915638034492
04273,0.7478565562243779,0.3355097195429589,1,0.37765198945999146,0.6304961442947388,0.3158878982067108,63.4443359375,6.2845516883470545,10.160473823547363,3.1484375,0.24327888025953148
04274,0.9001722458801628,0.4054864803359745,1,0.29539376497268677,0.6683569550514221,0.48287591338157654,76.07560729980469,6.206259523058896,11.16858959197998,3.892578125,0.5712815813496915
04275,0.828969660994799,0.5449193597841417,1,0.2275446653366089,0.39824894070625305,0.42154186964035034,70.30355072021484,4.910897461279861,11.823854446411133,3.83984375,0.6091342270475596
04276,0.789256378201993,0.40836499344383553,1,0.31327736377716064,0.6764189004898071,0.47033029794692993,69.69611358642578,4.580584842724704,9.083504676818848,4.078125,0.34704655752479413
04277,0.7909072257097143,0.4146828566863716,1,0.20521676540374756,0.4487457275390625,0.4389435350894928,75.62289428710938,4.284773926917036,12.622928619384766,4.66796875,0.5243836215600985
04278,0.9057332475305764,0.4542124542124542,1,0.18015342950820923,0.07306031882762909,0.4818764925003052,69.04048919677734,12.768438652962152,20.029029846191406,3.55078125,0.9477477990876302
04279,0.7996229405355743,0.3480306548047092,1,0.24847227334976196,0.5222093462944031,0.4445188641548157,73.8645248413086,6.2726370164929115,11.206196784973145,4.29296875,0.27728808314623643
04280,0.7138025072913415,0.3559425915521732,1,0.21434199810028076,0.414914608001709,0.5669687986373901,74.86409759521484,4.815423450560722,11.957548141479492,4.9921875,0.5129977451914102
04281,0.8597423663316719,0.4693166419306963,1,0.26541417837142944,0.41679495573043823,0.6379679441452026,75.53996276855469,4.009478726976591,11.043540954589844,4.578125,0.4115880605159001
04282,0.7700401778099084,0.36304217695879376,1,0.22306740283966064,0.4783777594566345,0.4963490664958954,72.25457763671875,4.20036012362407,12.433966636657715,4.953125,0.3779063355963158
04283,0.7358528458599116,0.33242355402291335,1,0.3460919260978699,0.5495428442955017,0.5109924077987671,72.98159790039062,5.4903764491206335,12.666646003723145,4.23828125,0.29940901656173635
04284,0.32018638708603764,0.13464794770121102,1,0.2697637677192688,0.6356176137924194,0.46012142300605774,68.80513000488281,5.945380243397515,14.285541534423828,4.49609375,0.47328974772191973
04285,0.8837945355904681,0.4224379009705544,1,0.21596401929855347,0.47620689868927,0.4961487948894501,75.48383331298828,4.962639309068859,13.362152099609375,4.03515625,0.40727529010800917
04286,0.20457777059965662,0.11577121141189106,1,0.3421950936317444,0.5472972393035889,0.4708486497402191,67.87630462646484,7.2172456081161505,13.286429405212402,3.689453125,0.1805513630128242
04287,0.7315938204906651,0.3209688010628713,1,0.31809210777282715,0.5659142732620239,0.4194389581680298,72.7740249633789,7.027614325119927,12.396712303161621,3.857421875,0.304399383676636
04288,0.7626270197369827,0.3614082142195183,1,0.23737341165542603,0.47465118765830994,0.5000829696655273,75.4970932006836,4.331058376920606,11.914785385131836,4.25,0.26629926755153466
04289,0.7916351672870022,0.40667695649688446,1,0.328361451625824,0.5393496155738831,0.5395058989524841,70.2168960571289,5.226279616375727,10.556349754333496,4.47265625,0.21244804852296723
04290,0.6649099325547129,0.3282489322757779,1,0.26291608810424805,0.5513567328453064,0.5059396028518677,69.3504638671875,6.042337218906633,11.767036437988281,3.7421875,0.4162631743301148
04291,0.7495108748375293,0.40686581714365294,1,0.19019383192062378,0.5189946293830872,0.5220698118209839,72.58423614501953,3.9110941675891673,11.409088134765625,4.796875,0.48791272373410133
04292,0.8779883165011847,0.40516522927962095,1,0.27868497371673584,0.5935414433479309,0.3686050474643707,74.26067352294922,4.936055589359795,10.588469505310059,2.955078125,0.30530143890171646
04293,0.8278705064826085,0.4819197232831304,1,0.26916754245758057,0.44976598024368286,0.4312087297439575,71.94529724121094,4.160224136018711,10.366768836975098,3.375,0.3581251673803504
04294,0.7560434040740034,0.40568283249033027,1,0.25747281312942505,0.546319842338562,0.6016752123832703,71.98828887939453,5.162565090178344,8.826972961425781,4.86328125,0.4417282063538539
04295,0.8820234219941447,0.38917107557152236,1,0.3020004630088806,0.6741273403167725,0.45310452580451965,70.18610382080078,8.053655613777172,14.185874938964844,3.8046875,0.2003304910317278
04296,0.8121382274433236,0.41184988536261613,1,0.2763329744338989,0.4848227798938751,0.41617831587791443,71.16822814941406,5.635868294211669,11.358508110046387,4.58984375,0.2977116818636846
04297,0.7768676505304392,0.4158834586466165,1,0.32700538635253906,0.6499705910682678,0.43872034549713135,72.953369140625,4.588027499143542,6.609547138214111,2.974609375,0.3696573947980208
04298,0.8286458892886026,0.46286672940791357,1,0.174798846244812,0.3202149271965027,0.30088192224502563,63.90978240966797,3.6887175877254177,13.067827224731445,3.73046875,0.42058370375089926
04299,0.8342998222664206,0.41054483288322885,1,0.22474801540374756,0.48664483428001404,0.4970903992652893,73.1397476196289,4.685895488625604,14.702404975891113,4.49609375,0.548995578511385
04300,0.8107240226690436,0.38266156139479146,1,0.31017833948135376,0.5717852115631104,0.40054720640182495,66.81128692626953,5.751245930919607,15.10842227935791,3.796875,0.4724415570840796
04301,0.6245769379074715,0.26590380833184335,1,0.4400250315666199,0.704006552696228,0.3808717429637909,69.79756927490234,8.418611091105614,11.536745071411133,1.943359375,0.16357735707762233
04302,0.7348903134630691,0.38269567226752055,1,0.2210855484008789,0.27744120359420776,0.47502779960632324,71.85026550292969,5.980610106297391,11.035911560058594,4.33984375,0.5195299815533369
04303,0.7505305088809571,0.38987471234978266,1,0.29052138328552246,0.5897387862205505,0.4843912124633789,74.64421844482422,3.6593002308253637,10.529495239257812,4.875,0.3737966034075876
04304,0.8128850422512399,0.4077471967380224,1,0.26240330934524536,0.48026540875434875,0.36907699704170227,65.48949432373047,5.155088952234094,15.429450988769531,4.92578125,0.6619893387958545
04305,0.7546407225874002,0.3357797421133728,1,0.19667935371398926,0.46402716636657715,0.5234439969062805,74.88579559326172,5.986310699550331,15.958806037902832,4.625,0.4162093339484943
04306,0.8011660891880104,0.404029147021003,1,0.23839658498764038,0.41378700733184814,0.4796414375305176,75.23168182373047,5.144748531604578,16.268709182739258,2.775390625,0.6094381430833042
04307,0.7821044843449486,0.48167944844682004,1,0.23773372173309326,0.5343385934829712,0.5999394059181213,69.31338500976562,5.440793305988157,9.945180892944336,4.97265625,0.469001085954594
04308,0.7918424528520496,0.4564441506939855,1,0.33151400089263916,0.6621327996253967,0.5831152200698853,74.47908782958984,5.327608260320697,7.992119312286377,4.9609375,0.3842793194833524
04309,0.6611600964360204,0.29271338953702913,1,0.24605607986450195,0.5077193975448608,0.5114166736602783,73.74089813232422,5.042124708023463,14.853049278259277,3.734375,0.3026547073688013
04310,0.914772263787593,0.42130119537526944,1,0.33034002780914307,0.5828308463096619,0.3819565773010254,72.20272064208984,7.112679403323073,13.466485977172852,2.486328125,0.41221580458538715
04311,0.4742933330434677,0.21619728001801644,1,0.42273855209350586,0.7168973088264465,0.4662059247493744,71.68272399902344,7.375570224839854,11.31828784942627,3.630859375,0.1999244602630482
04312,0.7757970051025286,0.3805724758773112,1,0.34628957509994507,0.7264349460601807,0.27738073468208313,67.54064178466797,8.242225199978853,13.949775695800781,2.5078125,0.3782099385898745
04313,0.6999876860234555,0.36606397774687066,1,0.2344086766242981,0.46681487560272217,0.4609103798866272,70.8408432006836,3.7772491436357125,11.695259094238281,4.625,0.388552994250404
04314,0.7403739831392245,0.39600146735143066,1,0.20690232515335083,0.4730009436607361,0.48686328530311584,67.06590270996094,6.639075982298064,21.033287048339844,4.28515625,0.7341047008963085
04315,0.81111141559979,0.42012077957727145,1,0.25690770149230957,0.5808424949645996,0.4974682629108429,72.78482818603516,4.85170390024497,10.743865966796875,4.203125,0.4898083426895656
04316,0.4365096827690298,0.25172848851879887,1,0.31900566816329956,0.5594222545623779,0.4592832624912262,73.48601531982422,6.296158742468163,10.844145774841309,3.873046875,0.5375565089370529
04317,0.7770059781103774,0.40584141288168324,1,0.284542441368103,0.5756914615631104,0.5166999697685242,75.40042114257812,4.178079817109005,8.701088905334473,4.19140625,0.34235045853807444
04318,0.9810444727929231,0.6234768657040024,1,0.19562387466430664,0.19781920313835144,0.539208710193634,70.61903381347656,12.97979723263998,17.74309539794922,4.078125,0.8773453229375431
04319,0.9214881699342341,0.4119654982565608,1,0.24990665912628174,0.5052979588508606,0.44142013788223267,74.6518783569336,5.278572288168149,11.96545124053955,3.921875,0.38210455067069404
04320,0.8443995509863628,0.4428184151812489,1,0.2505297064781189,0.3273469805717468,0.42712926864624023,74.43087005615234,4.892387988385368,14.065384864807129,4.4140625,0.6491006504254369
04321,0.8617835577366967,0.4245276537272415,1,0.23932844400405884,0.5474011301994324,0.4288911521434784,72.97163391113281,4.093187712509679,10.05109691619873,4.53515625,0.31343629129712164
04322,0.7800620910708548,0.36815474284250305,1,0.31622421741485596,0.5945337414741516,0.5060800909996033,74.68408203125,6.308132656040644,10.010551452636719,4.10546875,0.48788512880607854
04323,0.7301615025038433,0.4103441084462982,1,0.3315269351005554,0.41126954555511475,0.512405514717102,71.47870635986328,6.179834245358316,7.712618827819824,2.876953125,0.5484063071306009
04324,0.8119110731116868,0.3690793303579304,1,0.3157525658607483,0.7419421672821045,0.32312914729118347,67.72997283935547,11.218086414249528,13.539630889892578,3.009765625,0.2703113039857621
04325,0.8282613104510699,0.3827001896372423,1,0.28639328479766846,0.559819757938385,0.4383058249950409,74.4124526977539,6.288428612532218,13.607306480407715,3.490234375,0.618233557261498
04326,0.8332176902709517,0.5437877901306807,1,0.17263054847717285,0.22034254670143127,0.6321383714675903,74.1296157836914,6.844571468322543,15.583793640136719,4.98828125,0.7681637208512773
04327,0.8295176004362903,0.46906968473462896,1,0.20311778783798218,0.3652985095977783,0.5181117653846741,73.53230285644531,3.7722838890974066,12.614458084106445,4.4140625,0.4630526972132473
04328,0.8396113933887345,0.49588850174216026,1,0.2430506944656372,0.46173346042633057,0.48437342047691345,74.15324401855469,4.747301767321958,15.578369140625,4.5703125,0.6968877005783352
04329,0.8960996957387639,0.409466809049594,1,0.23721861839294434,0.49156373739242554,0.44185972213745117,74.11148834228516,5.949200670249654,11.839214324951172,3.546875,0.2774457956764135
04330,0.589334542990252,0.26001128031584886,1,0.3498499393463135,0.7250177264213562,0.5799819231033325,71.6745376586914,5.993702339357816,10.908193588256836,4.0859375,0.25414705401455606
04331,0.7613122987744372,0.4333013128402177,1,0.21539664268493652,0.38327693939208984,0.6611108183860779,75.0907211303711,5.899096612244614,13.196798324584961,4.9921875,0.6592037296529604
04332,0.4145319684673957,0.17619581464872944,1,0.28916722536087036,0.4566922187805176,0.5748478770256042,75.5486831665039,6.157149348084617,12.771944999694824,4.98046875,0.33391012129208036
04333,0.42872463994708065,0.207829952131297,1,0.3140142560005188,0.4919169545173645,0.5517140626907349,74.27452850341797,4.185481783430389,10.279952049255371,4.95703125,0.3110782648411676
04334,0.8248428517051871,0.4016358221339774,1,0.21765875816345215,0.36115920543670654,0.4790794551372528,72.19108581542969,4.9168530256629985,15.274242401123047,4.2109375,0.498151911224732
04335,0.8075229953121474,0.5869304556354916,1,0.2641056776046753,0.48458173871040344,0.34019550681114197,58.116844177246094,7.631410955899463,17.920827865600586,4.2890625,0.7130264549691516
04336,0.8830383910779577,0.4145165863339949,1,0.3686044216156006,0.6639666557312012,0.4908433258533478,72.54733276367188,7.688599338880295,11.223709106445312,4.1484375,0.698049511423353
04337,0.9206322455248827,0.48721999661456866,1,0.19750851392745972,0.39378923177719116,0.5775448083877563,77.34578704833984,5.694413096885735,10.89499568939209,4.21484375,0.6410114824417639
04338,0.8739951324450065,0.4171926519076778,1,0.29728269577026367,0.5479522943496704,0.2761427164077759,73.54240417480469,6.166228553181782,13.601140975952148,3.60546875,0.27075921431176264
04339,0.9050070297042999,0.4213813679837158,1,0.34771251678466797,0.43870314955711365,0.3385738134384155,68.90951538085938,6.941413010222389,13.867140769958496,2.265625,0.547683673474545
04340,0.8653459693004927,0.4034876798991514,1,0.25664079189300537,0.45736774802207947,0.33806493878364563,74.96212768554688,4.846718550259918,12.840519905090332,3.02734375,0.3411011332961827
04341,0.868222707011886,0.4799744924197231,1,0.3858981132507324,0.5058137774467468,0.41000211238861084,68.65971374511719,5.547696030211993,9.28679370880127,3.318359375,0.28607612095105256
04342,0.8856421408189717,0.5371188222923239,1,0.16928118467330933,0.3360914885997772,0.4733859598636627,74.85433959960938,4.275827639926256,11.096848487854004,3.900390625,0.5929343614695661
04343,0.8251500087917659,0.4610531218902839,1,0.20603513717651367,0.4030996263027191,0.5253283977508545,73.87725830078125,3.939703187468292,10.943280220031738,4.57421875,0.48746298716979547
04344,0.8279626575910009,0.36702963473466577,1,0.3250100612640381,0.608822762966156,0.5059759616851807,72.81114959716797,6.869517226245233,9.562427520751953,3.83984375,0.302634711472832
04345,0.9091886692151784,0.49891555944374577,1,0.21053338050842285,0.4046146273612976,0.5577250719070435,74.10513305664062,5.19840159180523,12.789909362792969,4.65234375,0.5298633136397918
04346,0.8850096812325522,0.4245834269753106,1,0.26638513803482056,0.49194619059562683,0.503148078918457,72.34903717041016,4.534489401757908,12.82523250579834,3.802734375,0.26710167122118317
04347,0.6351022826162598,0.27133511024957596,1,0.2656918168067932,0.5340133905410767,0.550413966178894,69.18926239013672,4.393053380000034,16.469539642333984,4.7109375,0.3704488373180595
04348,0.775960774122059,0.3970252131325957,1,0.2957514524459839,0.4527226984500885,0.5721029043197632,74.83251190185547,5.508525955442004,10.806219100952148,4.10546875,0.3945945971575565
04349,0.7241014243442938,0.4131419939577039,1,0.22429543733596802,0.5155260562896729,0.2437446266412735,71.98652648925781,4.8206159480409,12.990938186645508,3.97265625,0.5098031005037115
04350,0.8803071967563209,0.4041806713016253,1,0.2275434136390686,0.45986440777778625,0.4074676036834717,73.40402221679688,5.432096918899463,13.992551803588867,4.06640625,0.30084477029307805
04351,0.3723081622411799,0.17727400168222054,1,0.3095589280128479,0.5895760655403137,0.2695673406124115,58.83330535888672,7.829241524977252,14.596470832824707,2.87890625,0.33749339758894675
04352,0.7403591502245084,0.33056628205424654,1,0.2453441023826599,0.4233456552028656,0.45823702216148376,74.11834716796875,3.6296805900000213,13.263256072998047,4.15234375,0.27189278786339155
04353,0.6979511779763727,0.3030993618960802,1,0.4504063129425049,0.6380625367164612,0.3976449966430664,68.018310546875,8.387942059588685,13.015069007873535,3.119140625,0.14486643270938102
04354,0.5750335772756098,0.29620644022937803,1,0.31961899995803833,0.5602565407752991,0.48605087399482727,68.04825592041016,4.2477984605792045,10.205984115600586,3.267578125,0.2571628966460618
04355,0.7788724493797007,0.38377602104500247,1,0.25782227516174316,0.4097992181777954,0.5334428548812866,73.79424285888672,3.8063133670373888,11.242071151733398,4.68359375,0.323575770460061
04356,0.8944726375229285,0.5206777842357044,1,0.20663201808929443,0.3997597098350525,0.371969074010849,71.6781005859375,4.744531997141856,12.523067474365234,3.197265625,0.5527520956556323
04357,0.7144214173492037,0.3139750302053967,1,0.25528210401535034,0.5270669460296631,0.6028140783309937,75.34130859375,4.318171873852676,10.777997016906738,4.703125,0.3218552373751709
04358,0.2428506253293788,0.11574328030718596,1,0.35237157344818115,0.5657628178596497,0.34253600239753723,61.75455856323242,7.224799978860249,9.707731246948242,2.87890625,0.5570885759089275
04359,0.8771745631356174,0.4339436366900018,1,0.3382183313369751,0.5329725742340088,0.264740526676178,70.27753448486328,5.975038644995193,12.758588790893555,2.654296875,0.3667623710021201
04360,0.7162073278592502,0.3421005653079441,1,0.35572493076324463,0.5613459348678589,0.5271109938621521,72.84527587890625,5.267430138325329,11.022989273071289,4.18359375,0.5189766719757473
04361,0.6319822797188054,0.3104113445597206,1,0.19429504871368408,0.3652248978614807,0.5335507988929749,76.20655822753906,5.129323755302567,14.220108032226562,4.984375,0.6065655281648397
04362,0.6841327563223439,0.33516967827236666,1,0.29773205518722534,0.5762830972671509,0.44646283984184265,75.45113372802734,4.400025734962847,12.662429809570312,4.58984375,0.4841445463962284
04363,0.24605396626876389,0.1213470912825081,1,0.3443174362182617,0.6236768364906311,0.415478378534317,65.20527648925781,6.974974796788637,11.9885835647583,3.7421875,0.2804480251203112
04364,0.8087746855955239,0.3668873333122169,1,0.24035900831222534,0.4707441031932831,0.4159519076347351,76.0727310180664,5.716300879840207,13.80582332611084,4.09375,0.4706801880850875
04365,0.8376091676211461,0.39227078009229466,1,0.2447361946105957,0.27434834837913513,0.36980125308036804,70.5089111328125,4.368291916554018,15.232707977294922,4.046875,0.5986515571742927
04366,0.7818989609728755,0.4100831600831601,1,0.1531839370727539,0.2336338460445404,0.6330685615539551,75.48673248291016,6.578599991959415,16.363405227661133,4.96484375,0.8263637635615387
04367,0.786236073245202,0.4420482367036516,1,0.22071313858032227,0.4828185737133026,0.4710213840007782,70.84126281738281,4.588294919909633,12.270808219909668,3.904296875,0.4171447480677382
04368,0.7961006919621271,0.369584733908178,1,0.1805119514465332,0.3098057508468628,0.38008514046669006,71.28903198242188,5.384652804019832,15.450788497924805,3.359375,0.4972344758492747
04369,0.8265501570439794,0.46054884925441714,1,0.21155035495758057,0.3924790024757385,0.5328274965286255,72.95669555664062,3.9082912245471637,13.463626861572266,4.9296875,0.6833908663163824
04370,0.793735396655704,0.4541701073492981,1,0.23622429370880127,0.4711677134037018,0.49294790625572205,67.01648712158203,3.7703106070383408,7.910088539123535,3.509765625,0.48159061168369494
04371,0.8555118116850483,0.45830491660983325,1,0.23602712154388428,0.4609906077384949,0.5407060384750366,74.7033920288086,4.328054013723226,7.97163724899292,4.890625,0.4414033990151553
04372,0.816283815840093,0.41319258646689694,1,0.4102820158004761,0.541181206703186,0.2712966501712799,59.349613189697266,5.041595043970452,13.028951644897461,2.244140625,0.35387230538446374
04373,0.8454556594910339,0.4321053277180357,1,0.28522002696990967,0.48440828919410706,0.4387320876121521,68.44957733154297,5.223023324000402,10.822577476501465,3.82421875,0.370883247316383
04374,0.8638927939953045,0.44541108237322674,1,0.1914370059967041,0.3924955427646637,0.4851766526699066,74.67310333251953,3.816643157560698,14.590224266052246,4.56640625,0.5523944627675862
04375,0.7310919609554856,0.43979721166032953,1,0.19991928339004517,0.3590787649154663,0.5855294466018677,75.52011108398438,5.654381412859065,12.564435958862305,4.98046875,0.6771274741826291
04376,0.7753183783820082,0.3384749669271579,1,0.2781071066856384,0.4657648205757141,0.5029177069664001,73.36077117919922,7.313454010332431,15.920605659484863,4.0390625,0.4289993421265509
04377,0.7604526468587826,0.4254159332235535,1,0.2574111819267273,0.4537659287452698,0.6127286553382874,76.66458892822266,4.4667708002623305,10.701887130737305,4.4453125,0.46862397052975296
04378,0.7857038273533655,0.4647454083918172,1,0.21256184577941895,0.3443126678466797,0.582739531993866,73.02826690673828,5.436529887485006,13.882226943969727,4.95703125,0.6410017377426462
04379,0.8490903676910669,0.4416860375019371,1,0.308379590511322,0.37883034348487854,0.5330371856689453,76.55132293701172,4.495725656322955,11.318711280822754,3.560546875,0.44551250215380095
04380,0.9673108093822392,0.6797625417208082,1,0.23887497186660767,0.38806188106536865,0.4995230436325073,74.40997314453125,6.371026852274438,10.441186904907227,3.634765625,0.7271899869923251
04381,0.8209961291513574,0.42467236133863795,1,0.2241382598876953,0.4058269262313843,0.35133475065231323,70.8282470703125,3.7190277068613318,13.09518051147461,3.4765625,0.3324698240174389
04382,0.5816907248418857,0.31922398589065254,1,0.2601776123046875,0.4307819604873657,0.42804500460624695,67.7288818359375,4.464218509931671,10.556364059448242,3.97265625,0.36389907721091974
04383,0.8552505804331295,0.4175525707131793,1,0.4016352891921997,0.5545481443405151,0.3542923033237457,65.82621002197266,5.80677201986168,12.219024658203125,2.091796875,0.45146487065105384
04384,0.7573439145875662,0.40254806849395125,1,0.24725431203842163,0.42678457498550415,0.3728536367416382,68.93338775634766,3.8907511479653225,11.674123764038086,3.83203125,0.32513233995241175
04385,0.7530423247187591,0.45368620037807184,1,0.2860984802246094,0.4519307017326355,0.536479651927948,72.5498046875,5.816578053901208,12.316274642944336,4.2421875,0.4926907572960384
04386,0.6992497960573585,0.3407763105242097,1,0.4234694838523865,0.7605074644088745,0.4934506118297577,72.19859313964844,5.9694346395482505,6.199186325073242,4.9921875,0.08489830779775837
04387,0.8935229648428689,0.41177478389533523,1,0.45662879943847656,0.632371187210083,0.3810993731021881,69.4981460571289,5.606822149006584,10.109647750854492,2.66796875,0.3407345012432401
04388,0.7505099492784811,0.4233229329173167,1,0.26083821058273315,0.5314111709594727,0.578682005405426,73.78948211669922,5.813626795809538,13.530315399169922,4.87109375,0.5391501559873614
04389,0.8696328782452899,0.47287071325068425,1,0.3319171071052551,0.5729507803916931,0.5586950182914734,75.80859375,6.9307015433265775,9.189136505126953,4.97265625,0.4872397691872211
04390,0.7957615952917229,0.4669479606188467,1,0.23461800813674927,0.33540230989456177,0.5531577467918396,69.43876647949219,6.069458007186308,10.886499404907227,4.1171875,0.670984279128034
04391,0.8782149354160089,0.49852355641919566,1,0.2432243824005127,0.4246416687965393,0.3386279344558716,69.9935302734375,5.075908998369503,11.937312126159668,4.20703125,0.40946580451556885
04392,0.7239970836959868,0.34172880999894967,1,0.419930636882782,0.6934710741043091,0.2916986346244812,66.95074462890625,8.52423255491441,11.065382957458496,2.171875,0.24552005837294155
04393,0.926770005030766,0.5541032305978463,1,0.2114216685295105,0.43288224935531616,0.4852890968322754,75.50555419921875,5.305096113096225,11.139921188354492,4.58984375,0.5916528369839574
04394,0.7921937969663484,0.41688379364252215,1,0.27105867862701416,0.45843908190727234,0.37579843401908875,73.04838562011719,5.281209580850969,13.522754669189453,3.86328125,0.4849447310468252
04395,0.6440901014339654,0.31542959964012596,1,0.4197084307670593,0.7570062875747681,0.2588265538215637,60.7652473449707,9.206762525277222,12.814752578735352,1.9384765625,0.3992131671044728
04396,0.9071239193667209,0.4361834386874223,1,0.25302523374557495,0.4840378761291504,0.5137996673583984,73.82147979736328,3.790449045381029,8.951272010803223,4.8984375,0.43742267196660156
04397,0.8774152104860451,0.45750267100088654,1,0.21225249767303467,0.43575912714004517,0.3464239835739136,71.65735626220703,3.477396966027503,11.091679573059082,3.26171875,0.30768038833846656
04398,0.38919085481144405,0.21582448128660775,1,0.306765615940094,0.6128840446472168,0.5032333731651306,72.45262908935547,4.703436900789127,9.732617378234863,4.80078125,0.3022075849414159
04399,0.8560941568967957,0.5171315208255967,1,0.1599733829498291,0.29697680473327637,0.5291898250579834,74.7749252319336,4.4539014397401,13.456127166748047,4.8515625,0.5572392857975161
04400,0.9145063902589133,0.5359952898356795,1,0.2462233304977417,0.44079530239105225,0.628176748752594,74.05814361572266,7.0759758263267365,12.035284996032715,4.71484375,0.528575617655918
04401,0.8640809593017807,0.38822927509129723,1,0.27081215381622314,0.598090410232544,0.44231978058815,73.64149475097656,9.02717119488042,13.528075218200684,3.861328125,0.24357442449435923
04402,0.9506461382917331,0.539141322930964,1,0.23629611730575562,0.37875843048095703,0.5082001090049744,75.7470703125,5.895836032507839,11.618057250976562,3.560546875,0.5552459209951901
04403,0.8093452960901805,0.42004065040650407,1,0.2685962915420532,0.36329707503318787,0.4771125912666321,75.30613708496094,3.8675410455346064,14.653340339660645,4.5859375,0.5517164321319927
04404,0.6788015779729658,0.36278696302784774,1,0.31993401050567627,0.7030567526817322,0.4294574558734894,69.09801483154297,4.636288708102375,11.27896499633789,3.431640625,0.3727486044670588
04405,0.8552084422604448,0.41209320238782976,1,0.31298142671585083,0.5744737386703491,0.2920789122581482,70.63306427001953,8.59758238979228,16.3804931640625,2.763671875,0.4929934594588048
04406,0.23432413961108575,0.10593421498813158,1,0.5058724880218506,0.7163622975349426,0.2952459454536438,65.03269958496094,9.063762911754525,12.464956283569336,2.32421875,0.2710339219748124
04407,0.9069924320027677,0.4364714865926672,1,0.23655617237091064,0.5463749766349792,0.42278075218200684,72.87506103515625,4.755349045442393,11.804123878479004,3.154296875,0.31589709231256363
04408,0.6779445698204631,0.3440496920238064,1,0.22537463903427124,0.32490453124046326,0.5360875725746155,74.83402252197266,4.769840357160669,14.284730911254883,4.76171875,0.5567907156563295
04409,0.6577137303674425,0.3958917888718302,1,0.2137284278869629,0.3867366313934326,0.6098395586013794,75.89828491210938,6.208264169727216,13.156768798828125,4.99609375,0.6039231525899917
04410,0.4014114319623597,0.19373101638531315,1,0.3710918426513672,0.5979847311973572,0.5018643140792847,73.07979583740234,6.2932325606961435,12.528176307678223,3.919921875,0.30489562921730656
04411,0.7461677735652427,0.3974927229425774,1,0.19615960121154785,0.34015339612960815,0.4892237186431885,73.17780303955078,3.830408046173654,14.691411018371582,4.1484375,0.4449799826996166
04412,0.9058867919539644,0.438650144445973,1,0.3601806163787842,0.5954630374908447,0.518444836139679,75.95579528808594,5.052145499366789,4.953976154327393,4.2734375,0.12560857689585062
04413,0.8265483002272823,0.41026201669035384,1,0.22979897260665894,0.45932528376579285,0.4790988266468048,70.20183563232422,5.605289255802333,9.078783988952637,4.140625,0.40200845682504666
04414,0.9025891948673882,0.46892535615078257,1,0.34933215379714966,0.4872998893260956,0.4229331314563751,71.96078491210938,5.467542392351612,8.376298904418945,3.82421875,0.2342691629820297
04415,0.9078641076208304,0.5541002752982398,1,0.22179508209228516,0.5254838466644287,0.5825888514518738,75.35107421875,4.42243771656725,10.732293128967285,4.97265625,0.5840921296977483
04416,0.8055741054183204,0.41562687524572184,1,0.24021977186203003,0.5546169877052307,0.43872013688087463,73.06269073486328,4.342641561917744,9.70663070678711,3.9375,0.35823567980088067
04417,0.7855092046428588,0.4143795070498332,1,0.22258692979812622,0.3407225012779236,0.46695104241371155,74.60264587402344,4.356290093019984,13.2084321975708,4.0234375,0.5137404258859485
04418,0.8703307118309407,0.46908611909182374,1,0.2154158353805542,0.3452291190624237,0.4004042446613312,71.30240631103516,4.603530096230802,13.009382247924805,3.50390625,0.31860134490731773
04419,0.9366666646529336,0.6130219571011549,1,0.19105982780456543,0.17598378658294678,0.505711019039154,72.92164611816406,7.476512253408614,17.297069549560547,3.845703125,0.8596823813960531
04420,0.911452208188269,0.6517943743937924,1,0.18553948402404785,0.23058845102787018,0.4653030335903168,69.47045135498047,8.057101449764474,19.27935791015625,4.44140625,0.8442811977637983
04421,0.8751454529969644,0.42049201856013074,1,0.26678991317749023,0.5052815079689026,0.5058044195175171,74.05089569091797,4.5202212705686104,11.026934623718262,4.91015625,0.3995004469252751
04422,0.7549528190209078,0.39958040829500524,1,0.4257481098175049,0.8330823183059692,0.21105293929576874,66.0235595703125,8.032717414294945,9.390083312988281,1.9482421875,0.3447527938924715
04423,0.8355651462038685,0.48477928706953005,1,0.27684926986694336,0.5231031179428101,0.5118795037269592,76.05960845947266,4.294572195135386,9.080582618713379,4.08203125,0.34855578057848746
04424,0.7174762262240184,0.3072822535005568,1,0.31034791469573975,0.6439784169197083,0.36641114950180054,75.36143493652344,5.8212316141249385,6.755192756652832,4.04296875,0.27496356810260375
04425,0.8208553590000169,0.3945727704688401,1,0.2605762481689453,0.6274275183677673,0.43170973658561707,74.8984146118164,3.999988902732662,9.032838821411133,4.765625,0.3601626444086138
04426,0.8502982519673025,0.49528885504901493,1,0.15951508283615112,0.30272746086120605,0.5409605503082275,74.20765686035156,3.7746327354833222,14.26530933380127,4.87109375,0.5283183863233508
04427,0.7967636548842403,0.3925507342022769,1,0.19641989469528198,0.3994141221046448,0.4934585988521576,73.673095703125,3.5807500999255,11.8143892288208,4.953125,0.4134194968751099
04428,0.8764717230826554,0.53954802259887,1,0.21646493673324585,0.2888895273208618,0.5776060819625854,74.28495788574219,6.5097284125989185,10.272256851196289,4.9765625,0.8402901550955336
04429,0.7321016821641885,0.4343743919050399,1,0.26567041873931885,0.4568350315093994,0.530157208442688,68.49459075927734,4.195272448392707,10.754064559936523,4.1796875,0.3355788617483916
04430,0.8055138808506772,0.37178656042621905,1,0.3014618158340454,0.48268020153045654,0.42552947998046875,72.85485076904297,4.919488665784545,13.366131782531738,4.546875,0.34849228880701927
04431,0.5160371140693264,0.2619321449108683,1,0.31377965211868286,0.6583874225616455,0.3514617681503296,58.97502136230469,6.9770767507777345,17.01749038696289,3.970703125,0.5866100325031253
04432,0.832692882279393,0.38144375949254,1,0.25613975524902344,0.5467821359634399,0.5075913071632385,73.79441833496094,4.497116278319506,11.678513526916504,3.810546875,0.46227620217878457
04433,0.8373151422281914,0.4211384453076296,1,0.26034361124038696,0.49006664752960205,0.5469003915786743,72.92628479003906,6.777295901421432,13.015403747558594,3.216796875,0.5694787867926143
04434,0.7089821803170819,0.4113546372204562,1,0.24164694547653198,0.45964470505714417,0.5427085161209106,70.95796966552734,4.257815077911717,9.353544235229492,4.578125,0.4784716759470483
04435,0.7884980513191131,0.44947016570656423,1,0.31563156843185425,0.6002001166343689,0.5007444024085999,72.61141967773438,5.509289761332846,12.175278663635254,4.55078125,0.5287880600124842
04436,0.8092974524637752,0.44535717161955385,1,0.22224515676498413,0.400604784488678,0.5712230801582336,75.33690643310547,7.020032125523272,14.045299530029297,4.93359375,0.7879775281112817
04437,0.7993523533012017,0.37057146735441837,1,0.22633302211761475,0.6030497550964355,0.4186636209487915,76.28977966308594,4.072686425107135,9.549084663391113,4.8046875,0.483698703359235
04438,0.8377270192845622,0.3885475987623873,1,0.3723868727684021,0.7552589178085327,0.4402613341808319,72.65579986572266,7.972243088440894,9.506302833557129,3.353515625,0.28751337789599346
04439,0.775562529044364,0.36374242473344787,1,0.26669204235076904,0.47711092233657837,0.34211266040802,64.85758972167969,5.979054033951783,17.35906982421875,3.27734375,0.3747249272397323
04440,0.5514056505620182,0.2625324916450056,1,0.33801621198654175,0.6332762241363525,0.4921566843986511,75.71809387207031,5.132829042080833,12.18339729309082,4.90625,0.5910780552697904
04441,0.8419724220474603,0.42684797768479776,1,0.2077021598815918,0.42677760124206543,0.4369557797908783,74.73716735839844,4.156390173846819,12.55561637878418,3.974609375,0.3257053753053222
04442,0.8399612851254634,0.40422411264300384,1,0.27715688943862915,0.5668637752532959,0.47998955845832825,74.33325958251953,4.440183512470338,8.730569839477539,4.6640625,0.394874957739332
04443,0.3859938946863041,0.17825722664432342,1,0.34180134534835815,0.6361640095710754,0.4952527582645416,73.43273162841797,4.41945413981175,11.538259506225586,3.994140625,0.272542884677886
04444,0.8468412765927125,0.36828270573779415,1,0.3186107277870178,0.6336180567741394,0.48793572187423706,73.6833267211914,5.8828242189240765,13.50105094909668,3.640625,0.4020889321916878
04445,0.8056355242342429,0.3712217424434849,1,0.20493018627166748,0.4454372525215149,0.45609450340270996,72.28030395507812,5.020103887954477,14.275043487548828,4.4453125,0.32831755096345694
04446,0.8496082381235652,0.38160178527151006,1,0.2693372368812561,0.5500324964523315,0.421471506357193,74.18492889404297,4.610224091605133,12.452054977416992,4.41015625,0.4291819284168944
04447,0.5090925190721765,0.32013746612913885,1,0.38139116764068604,0.5699676871299744,0.5230575203895569,74.02940368652344,4.463693125425579,10.520017623901367,3.53515625,0.42683456293246924
04448,0.7922036641022031,0.4025291893881101,1,0.21704095602035522,0.3744129538536072,0.5437794923782349,76.48839569091797,5.143629327364439,12.6818265914917,4.6015625,0.5535403842483967
04449,0.7152044309433896,0.4665326337468739,1,0.2698706388473511,0.4234771728515625,0.5128430128097534,70.37362670898438,4.77931352761883,11.946231842041016,3.62109375,0.526236187762439
04450,0.8037788951003093,0.4421470342522974,1,0.1789027452468872,0.33120423555374146,0.6960428357124329,78.13697052001953,6.965357450435484,16.96675682067871,4.984375,0.6629594750467074
04451,0.32511915545302567,0.15371549893842887,1,0.4501376152038574,0.4995470643043518,0.5287851095199585,71.98274230957031,7.431645039307611,11.449956893920898,4.921875,0.7545067126850935
04452,0.7184607409170587,0.35712603062426385,1,0.25849205255508423,0.4288771152496338,0.37221071124076843,73.71247863769531,4.237488602036705,12.107938766479492,4.05078125,0.60284962850158
04453,0.8284588891791184,0.4478020871106813,1,0.2107769250869751,0.3473259210586548,0.46424245834350586,71.75585174560547,7.319799849322755,11.106678009033203,4.64453125,0.335999484452985
04454,0.8055907835086966,0.3950380829361721,1,0.1983168125152588,0.32644888758659363,0.560431957244873,73.73677825927734,6.136717808993166,15.730080604553223,4.44140625,0.5310800035954386
04455,0.8036196129723802,0.3781723190012606,1,0.30968332290649414,0.4998765289783478,0.5267139077186584,70.15565490722656,5.256749903431867,12.22052001953125,3.41015625,0.3909872085311076
04456,0.751591615894473,0.3648129423660263,1,0.3002671003341675,0.6737570762634277,0.4083259105682373,69.7909927368164,3.987556741356148,8.51111125946045,4.60546875,0.4532461652089154
04457,0.6370278866856425,0.2882431893205644,1,0.33099424839019775,0.5707853436470032,0.48684534430503845,70.50370788574219,5.997893146801726,10.810847282409668,2.189453125,0.48625269425880524
04458,0.8185963927654374,0.4705017760176377,1,0.2532626986503601,0.5069186091423035,0.5131922960281372,75.1153564453125,4.930606813016085,9.186674118041992,4.6015625,0.4676267097839428
04459,0.5632551328807813,0.2521592738984043,1,0.34291911125183105,0.737780749797821,0.33620041608810425,73.4955825805664,4.958449118656592,8.519356727600098,4.2265625,0.3647679004071723
04460,0.8707251876250927,0.4082238236540907,1,0.25176799297332764,0.5917361378669739,0.43549203872680664,73.9277572631836,5.933097325130661,11.623640060424805,3.23046875,0.41454705732216235
04461,0.8329041997835175,0.40340490895708664,1,0.2417736053466797,0.536273181438446,0.4952363073825836,74.83161163330078,4.299599323317954,12.258291244506836,4.984375,0.46340555215471724
04462,0.8408195470177879,0.42395369089698276,1,0.31592321395874023,0.5999342203140259,0.5307213068008423,72.31777954101562,5.309864900705039,13.501031875610352,2.865234375,0.6055216773881716
04463,0.8641624031833759,0.38147710874983604,1,0.23518580198287964,0.4905681014060974,0.4524388909339905,72.89938354492188,5.466063926918187,13.907628059387207,4.71875,0.44383124160922865
04464,0.8978008925323928,0.4290061198673459,1,0.22127163410186768,0.4574655294418335,0.4555782079696655,71.25635528564453,6.016349332434752,18.002256393432617,3.939453125,0.6944087911411665
04465,0.8856575164559491,0.41955412301907063,1,0.19333869218826294,0.292924702167511,0.5264984965324402,75.49197387695312,6.318408006704773,15.66648006439209,4.29296875,0.7019346830633864
04466,0.815345480539588,0.41890852152315644,1,0.23499536514282227,0.4262210428714752,0.48810169100761414,74.7053451538086,3.9180749208345746,10.935297966003418,4.8203125,0.3366167440160038
04467,0.8319797565950127,0.38350576630696775,1,0.3121820092201233,0.4983718991279602,0.3246265649795532,71.04375457763672,5.371659720070962,12.118379592895508,2.814453125,0.5104046506371137
04468,0.8767409374901003,0.4692912718098751,1,0.24876868724822998,0.47782257199287415,0.4619348645210266,74.5924072265625,4.121130150276403,7.7872843742370605,4.046875,0.4128321418672626
04469,0.7742409023062325,0.38396631412734183,1,0.26653581857681274,0.5116307735443115,0.49438169598579407,76.81211853027344,4.0857856443606355,8.75002670288086,4.890625,0.3209052289906026
04470,0.8540728190176733,0.4359713520646757,1,0.2841264605522156,0.5325507521629333,0.37226641178131104,72.40211486816406,3.4355599585372643,8.467329025268555,3.681640625,0.27213144158620595
04471,0.8417636242564333,0.3899143851726409,1,0.22659599781036377,0.490756094455719,0.32540684938430786,72.2052001953125,4.591320264317249,12.179508209228516,3.548828125,0.24591851872218715
04472,0.7168692805020049,0.3768964281447856,1,0.2831011414527893,0.40958690643310547,0.5068700909614563,70.73802185058594,5.613321998149568,15.439606666564941,4.25390625,0.683576765307789
04473,0.9309451148338717,0.46829791034113233,1,0.26759183406829834,0.38913384079933167,0.456145703792572,70.55580139160156,5.597988835683954,13.718477249145508,4.16015625,0.49129895436818816
04474,0.8354600362209363,0.37416574903049743,1,0.24592071771621704,0.43563705682754517,0.44716405868530273,74.66608428955078,5.825686234547603,10.854557991027832,4.4453125,0.2576853985174415
04475,0.8435539141665416,0.40282004463379995,1,0.213226318359375,0.46554020047187805,0.42671680450439453,74.45845031738281,4.010499397363679,11.975850105285645,4.171875,0.350605261097182
04476,0.8899659136204442,0.41124884890557484,1,0.26045864820480347,0.5763705968856812,0.44522416591644287,74.18737030029297,4.4028950402868245,10.709117889404297,4.73046875,0.4136357784568975
04477,0.7897679419972227,0.42971139143730885,1,0.2036457657814026,0.3914162814617157,0.3654022216796875,68.10433197021484,3.724310398014603,13.547562599182129,3.71875,0.4595412663369835
04478,0.7281993885131731,0.3401209035952911,1,0.25874847173690796,0.42177292704582214,0.3582184612751007,67.58563995361328,3.4177640351012912,12.33883285522461,3.953125,0.34811510309304367
04479,0.7863900349014277,0.40265586315552554,1,0.24910354614257812,0.4629167914390564,0.3960666060447693,70.98747253417969,4.094779951089781,8.449724197387695,4.53125,0.3723013808502369
04480,0.4715528933928741,0.23055809698078683,1,0.289026141166687,0.42505311965942383,0.4906463325023651,70.03451538085938,4.109958377601714,12.770251274108887,3.95703125,0.3207767445856463
04481,0.6885757158324001,0.30713448740907784,1,0.38749080896377563,0.754294216632843,0.37199515104293823,68.59725952148438,6.470749778559612,10.65346908569336,3.978515625,0.2088637716133072
04482,0.8564249482290194,0.5065754865860074,1,0.24224907159805298,0.454343318939209,0.5218589305877686,73.7064208984375,4.323801079524757,11.2421875,4.5859375,0.6372202930203735
04483,0.8009939545077889,0.3854616630669546,1,0.4062715768814087,0.5172768235206604,0.5532543063163757,72.93297576904297,4.457555742945765,4.638070583343506,4.203125,0.16271335306967707
04484,0.9042536533320191,0.4203160061998288,1,0.3120860457420349,0.48378682136535645,0.43435558676719666,74.93717193603516,5.758387528061446,10.929350852966309,3.87109375,0.4275885287353955
04485,0.8700117165403587,0.5181868726772598,1,0.18313109874725342,0.35641956329345703,0.4980531632900238,73.51924133300781,4.234723660003459,13.421157836914062,4.76953125,0.6031386980285222
04486,0.7413878157463301,0.39818738723618513,1,0.21009516716003418,0.4266544580459595,0.39406415820121765,70.15379333496094,5.110200538416793,13.94161319732666,4.55078125,0.7297230413342962
04487,0.8790896090096542,0.39082460808939956,1,0.31380385160446167,0.6477072238922119,0.45985904335975647,73.9891586303711,6.217310050243364,11.300368309020996,4.05078125,0.2539082246151664
04488,0.8527379265581676,0.504772272715765,1,0.26177430152893066,0.4328335225582123,0.6353108882904053,74.53726196289062,5.062375652399474,10.736688613891602,4.37109375,0.485442096790198
04489,0.8369210555398753,0.38157881800037363,1,0.31960225105285645,0.5073618292808533,0.43973857164382935,76.39851379394531,5.141980022772637,11.430728912353516,4.44140625,0.33525841579511306
04490,0.6806571472793645,0.37263855313815025,1,0.25324583053588867,0.5568405985832214,0.43368449807167053,71.37006378173828,5.474417367627392,15.740190505981445,4.23046875,0.4314933010397569
04491,0.7631942853518342,0.38521133666764734,1,0.2525472640991211,0.4998786449432373,0.5691273808479309,77.50418090820312,4.693517638459816,11.527145385742188,4.96484375,0.48558791613432095
04492,0.9062123046675659,0.45192918210947536,1,0.22075003385543823,0.3779957592487335,0.4714723527431488,74.90167999267578,4.505069608939243,11.65241813659668,4.6171875,0.5029386247033859
04493,0.8144897690953987,0.3958064946026387,1,0.2681100368499756,0.49700191617012024,0.4860113561153412,74.86663055419922,6.220534968537976,12.146014213562012,4.2421875,0.4207157449180384
04494,0.8787645086998205,0.39453592208563026,1,0.3023829460144043,0.6558471322059631,0.517630934715271,75.68231964111328,7.311612000991217,12.114949226379395,4.32421875,0.27315017521376955
04495,0.4905474578735374,0.22988609859378184,1,0.2585834264755249,0.42471566796302795,0.5023738741874695,73.64559173583984,8.136571428587079,12.13662052154541,3.822265625,0.2862983051770385
04496,0.922001293886657,0.4613808875731343,1,0.2866588234901428,0.4671648144721985,0.5770664811134338,75.68162536621094,4.990269638664107,6.764825820922852,4.9921875,0.2499158110638264
04497,0.9040169539273022,0.47343058730654736,1,0.2361392378807068,0.40242138504981995,0.46702104806900024,74.61398315429688,4.998368072131744,9.85545539855957,4.5546875,0.49918470671581544
04498,0.7821051954932428,0.3848755336253257,1,0.24299222230911255,0.3841623067855835,0.5868304371833801,74.50617218017578,6.370796543987874,15.590019226074219,4.47265625,0.7077644325121326
04499,0.7843180237291004,0.46250348480624476,1,0.22401851415634155,0.4567873477935791,0.49912407994270325,74.38429260253906,4.437816762686651,9.160904884338379,4.34765625,0.581210747811617
04500,0.780234458124718,0.46035632863294773,1,0.3007339835166931,0.5336997509002686,0.5389756560325623,69.09769439697266,8.381038466509644,15.707869529724121,4.453125,0.6099865199144782
04501,0.8239371242913142,0.4144836272040302,1,0.28516530990600586,0.6868424415588379,0.6099194884300232,74.9214859008789,4.939613623196919,11.062685012817383,4.953125,0.6018889222466214
04502,0.8543789550106673,0.44630749496060107,1,0.25859177112579346,0.42739632725715637,0.4972487986087799,72.32795715332031,3.0654585364069824,9.096010208129883,4.546875,0.250760998472213
04503,0.3563700072673072,0.2012836269288543,1,0.35404616594314575,0.632926344871521,0.4114808738231659,72.0307846069336,6.017949930777189,8.276741027832031,4.20703125,0.6031940218771987
04504,0.8531108647443261,0.4661867241086106,1,0.20400136709213257,0.46856629848480225,0.5636186599731445,75.16267395019531,4.502667043216629,10.632267951965332,4.76171875,0.49129343511368817
04505,0.8744372008060911,0.4428495223316037,1,0.1933472752571106,0.3555718660354614,0.49165934324264526,74.97428131103516,4.083649898439493,13.843474388122559,4.48828125,0.4240849072490952
04506,0.7729004120621434,0.3881067888925266,1,0.2656291127204895,0.5367403030395508,0.4896353781223297,72.79468536376953,4.654279691434394,9.638293266296387,4.8359375,0.42311687805610465
04507,0.8547989169431335,0.5200833429795115,1,0.17221152782440186,0.2657814025878906,0.5209376215934753,75.07039642333984,6.122943299865332,12.379889488220215,4.796875,0.7877994431256716
04508,0.748740940061712,0.3766543515877099,1,0.24784326553344727,0.4718474745750427,0.492954820394516,71.45118713378906,5.902212052537751,16.780488967895508,4.16015625,0.5611710563659872
04509,0.7287524055923378,0.3695994402658737,1,0.3813774585723877,0.8121353387832642,0.4426896572113037,74.4366226196289,6.045273410348718,7.564952373504639,3.7421875,0.2476129443871666
04510,0.8436447916279901,0.39416974684427086,1,0.41908520460128784,0.6833451986312866,0.3320273756980896,70.01746368408203,7.076692827340555,12.557680130004883,2.779296875,0.3959057429083043
04511,0.836166543917776,0.533971565335429,1,0.18655520677566528,0.34725263714790344,0.5533013343811035,73.7640151977539,5.4656109908005135,12.348671913146973,4.72265625,0.6041003538297733
04512,0.8405054590787614,0.4197983809892459,1,0.3197532892227173,0.6374657154083252,0.31066229939460754,68.90059661865234,6.592374260687718,9.967123031616211,3.740234375,0.3003151183610646
04513,0.8173895850005307,0.43579132179583646,1,0.2865760326385498,0.505452573299408,0.6309017539024353,72.11414337158203,4.980062908513844,8.0833101272583,4.97265625,0.6475324875399963
04514,0.8273504432372818,0.5113846648966127,1,0.2640073895454407,0.6613841652870178,0.45921921730041504,76.59247589111328,6.381608754459026,8.94306468963623,3.826171875,0.6151395913347502
04515,0.7657128513742678,0.43689115674946233,1,0.20110982656478882,0.39111775159835815,0.43268460035324097,68.01103973388672,3.914802964800386,11.865751266479492,4.27734375,0.5242864353063159
04516,0.8850415950361278,0.40062653159184497,1,0.22958028316497803,0.18490959703922272,0.46815696358680725,71.218505859375,5.602306326331306,18.0172176361084,4.56640625,0.7649695872527013
04517,0.6989823644254028,0.414528569179915,1,0.2677462100982666,0.33174869418144226,0.5569351315498352,72.32719421386719,5.26831173917218,16.429340362548828,4.37890625,0.7209518061930431
04518,0.6659045905651343,0.3025369449314774,1,0.38228094577789307,0.6830454468727112,0.5251567363739014,73.81201934814453,3.921248695180861,11.032065391540527,4.78125,0.26552833682436794
04519,0.6534206745424255,0.39189109552713774,1,0.17595726251602173,0.37717631459236145,0.6286348104476929,72.7895736694336,6.593789494992903,14.017406463623047,4.99609375,0.565220401963974
04520,0.8904263270293257,0.5036892731036162,1,0.2897476553916931,0.4613826274871826,0.5408678650856018,72.1718978881836,4.751528861382098,13.19882869720459,3.66015625,0.45153332556188513
04521,0.7804941232269916,0.4369008795335507,1,0.31133097410202026,0.49541154503822327,0.4295434355735779,67.32230377197266,5.352442711903586,13.714008331298828,2.1171875,0.4390022879657878
04522,0.8438750198033967,0.43222919555676276,1,0.2485654354095459,0.37977054715156555,0.5394531488418579,73.21156311035156,6.016425546340032,12.972709655761719,4.7734375,0.45037121669989105
04523,0.8273589647607371,0.4499599388156457,1,0.2637106776237488,0.412921667098999,0.5572782754898071,72.64337921142578,4.091798914722907,11.017698287963867,4.48046875,0.4357584754059061
04524,0.8386460857429963,0.4479884015947807,1,0.35076671838760376,0.5849034786224365,0.3536439836025238,71.85064697265625,4.558228642898386,9.55616569519043,3.470703125,0.30330718423903624
04525,0.7197606883946869,0.40183258566383506,1,0.3737781047821045,0.5464313626289368,0.5027502179145813,72.22126770019531,4.770884735735811,11.604677200317383,4.11328125,0.48043079076148215
04526,0.8457569467288543,0.4914610438163601,1,0.20608800649642944,0.4421383738517761,0.5421732068061829,76.12418365478516,4.606077618444151,11.297222137451172,4.98046875,0.5043373809206435
04527,0.8790704610994341,0.47129314970488284,1,0.3617517948150635,0.588811993598938,0.3103775084018707,65.30298614501953,6.410619553621097,10.676239967346191,2.552734375,0.39017765220551637
04528,0.5017356523659269,0.2503243397761506,1,0.2698448896408081,0.48146286606788635,0.5094043016433716,73.91513061523438,4.123786880338045,11.151268005371094,4.953125,0.37573493065616187
04529,0.8158129258797404,0.478543784289542,1,0.22220063209533691,0.38862740993499756,0.4541076123714447,69.59539794921875,4.826782262190451,12.119139671325684,3.97265625,0.4757736740411436
04530,0.7204774274357607,0.3242139403585693,1,0.2484503984451294,0.4734817147254944,0.276398241519928,68.26344299316406,4.067307311972171,11.943696975708008,3.927734375,0.4495690632838175
04531,0.8251360285326509,0.43470967362194296,1,0.209658682346344,0.447898805141449,0.4209689199924469,72.16165161132812,3.5470490282156697,11.555485725402832,3.802734375,0.28220853731038004
04532,0.8766077074105527,0.49942335193984405,1,0.26365381479263306,0.4788989722728729,0.4862149953842163,74.26599884033203,4.432377610800014,10.287848472595215,4.90625,0.5581293014296353
04533,0.7244882113719785,0.3950617283950617,1,0.29576271772384644,0.4985329806804657,0.5318543910980225,67.37553405761719,6.353553837243787,14.731952667236328,4.65234375,0.4651517205947573
04534,0.7281604112565393,0.31821312604545904,1,0.39838576316833496,0.6140687465667725,0.3592306077480316,63.60920715332031,5.976806817004363,7.279135704040527,2.216796875,0.5213006419827594
04535,0.786481772407162,0.34672040302267004,1,0.2601500153541565,0.4481315016746521,0.6286903023719788,76.39128875732422,4.483313487274752,5.6164093017578125,4.96875,0.1888885324486872
04536,0.839391847434152,0.3759456386474122,1,0.22278618812561035,0.5096980929374695,0.469221830368042,75.01333618164062,6.169488698522487,12.374338150024414,4.19921875,0.23088099419982916
04537,0.7591691375357446,0.3920332082701365,1,0.34255945682525635,0.5711095929145813,0.548075258731842,75.00343322753906,4.283862453551094,5.3151679039001465,4.7734375,0.15373028006921485
04538,0.797693937464607,0.49577887561753486,1,0.2873857617378235,0.5565791726112366,0.37479156255722046,69.16647338867188,4.449633667692284,12.298198699951172,3.453125,0.45537126279223167
04539,0.8399726050220171,0.39838745494610617,1,0.17962759733200073,0.38941484689712524,0.5161641240119934,75.51310729980469,5.9207568217133035,13.242929458618164,4.3984375,0.4925536377690102
04540,0.8633307008213862,0.5465116279069767,1,0.17518699169158936,0.36431625485420227,0.5507540702819824,71.98943328857422,4.921271422543214,18.512046813964844,4.81640625,0.7993792428666378
04541,0.8087665076243271,0.362510520620416,1,0.37784385681152344,0.6288356781005859,0.6103818416595459,74.59049224853516,7.794337944323263,11.397171020507812,3.04296875,0.4833054659997504
04542,0.7773639254895113,0.41983860121049094,1,0.24781739711761475,0.4748213589191437,0.45999211072921753,69.41456604003906,3.660889995476398,9.575904846191406,4.50390625,0.39130590923314035
04543,0.8345205300129852,0.4007620602844118,1,0.31402134895324707,0.6328797936439514,0.39530566334724426,72.51587677001953,5.418535867553146,9.768989562988281,2.6640625,0.3542411051020258
04544,0.6668208661272625,0.36865150713907985,1,0.250932514667511,0.4495435953140259,0.3294181823730469,69.18606567382812,3.719630234056475,11.813430786132812,3.353515625,0.3263216116442916
04545,0.8235108505746349,0.45953015937830977,1,0.16870534420013428,0.2674027681350708,0.47972044348716736,73.75275421142578,3.7981941589889807,12.950614929199219,4.6484375,0.4527711354410878
04546,0.6638284473964977,0.3018928456849535,1,0.36442500352859497,0.6386817097663879,0.3083799183368683,65.25582122802734,7.50059355362492,8.674924850463867,2.3984375,0.19137101739855122
04547,0.7555881009013012,0.3740188936410208,1,0.30847257375717163,0.5150147676467896,0.5276066660881042,75.726318359375,5.626616168154034,13.267012596130371,4.91796875,0.7263432908806627
04548,0.7405871287319341,0.3230939185488438,1,0.35161280632019043,0.7154505252838135,0.4144158661365509,74.91466522216797,5.959377927613556,11.336381912231445,4.453125,0.19768809548232055
04549,0.8478501736271858,0.49313200194836826,1,0.23528409004211426,0.5714960694313049,0.4576725959777832,68.20433807373047,5.464674839535247,14.389944076538086,4.3828125,0.6277748794732806
04550,0.870883942531962,0.4080468286899822,1,0.3488095998764038,0.5490362644195557,0.39582979679107666,70.90904998779297,5.898637144994678,8.889908790588379,2.888671875,0.40571568522813256
04551,0.817228304466621,0.38988623558649643,1,0.26713937520980835,0.41977208852767944,0.5015800595283508,75.39875793457031,4.994399133116368,14.17131519317627,4.2109375,0.47978392269574555
04552,0.8991193871453432,0.45798670441647854,1,0.2828131914138794,0.4948505163192749,0.42660534381866455,73.97473907470703,4.4079585019872685,10.346382141113281,3.904296875,0.30424169916352706
04553,0.8882112600670009,0.4687558395933774,1,0.38252073526382446,0.4397462010383606,0.4149710237979889,66.7984619140625,6.122286177389758,12.420984268188477,3.080078125,0.29826860700386715
04554,0.8424124442954596,0.4185922210344544,1,0.21523559093475342,0.4927445650100708,0.42934414744377136,70.841064453125,4.22612665281009,13.53974437713623,4.8046875,0.44005137488464285
04555,0.845660876795848,0.46448914449244655,1,0.1584475040435791,0.26154276728630066,0.5949268341064453,76.74073791503906,4.442847623045837,17.855932235717773,4.8515625,0.6502337435115213
04556,0.7576812484299409,0.46764269043072354,1,0.33020997047424316,0.619720458984375,0.5044241547584534,75.0333023071289,5.582112869278246,7.389585971832275,3.833984375,0.36619671123695485
04557,0.7697997339685693,0.33284100544295836,1,0.2745434641838074,0.5284189581871033,0.5292686820030212,72.3346176147461,6.070178872365017,14.097297668457031,3.919921875,0.40215279605598386
04558,0.8381846822205293,0.45912489275646523,1,0.23631519079208374,0.48781633377075195,0.49042531847953796,70.60355377197266,4.917141347166354,15.771349906921387,4.453125,0.5870711197646816
04559,0.8907582749357947,0.4189450002960156,1,0.24998658895492554,0.4653039276599884,0.47742390632629395,75.3535385131836,4.831758623693709,9.88847827911377,4.2421875,0.40132397990125046
04560,0.14218854388198496,0.07724589716469343,1,0.25925886631011963,0.499595046043396,0.4736674427986145,65.4514389038086,5.725282463725418,16.66846466064453,3.861328125,0.5263204759546407
04561,0.8618984555224559,0.5248638390446361,1,0.17174988985061646,0.3224928379058838,0.5380603671073914,74.04354858398438,3.505570256765672,13.466056823730469,4.95703125,0.4764614228109055
04562,0.8518076595395064,0.47217310099544996,1,0.2225896716117859,0.3959185481071472,0.45554453134536743,68.59497833251953,5.958209870526647,12.502138137817383,3.359375,0.4558841740408634
04563,0.7579150552996875,0.4231230249536886,1,0.2790328860282898,0.4951106607913971,0.6286853551864624,76.63035583496094,5.665434396144833,10.104928970336914,4.9921875,0.41000304981185137
04564,0.8559710310197884,0.40002959893443835,1,0.3421761989593506,0.502960741519928,0.469695121049881,73.93388366699219,5.980181684389403,10.929679870605469,4.31640625,0.3524452899444375
04565,0.7370788946064396,0.3542626026362595,1,0.4853217601776123,0.5259977579116821,0.5258529782295227,66.8347396850586,7.166585968706362,9.171138763427734,4.0234375,0.0801970317175016
04566,0.7965706146440942,0.4013152239319178,1,0.21501392126083374,0.4473055899143219,0.5358864665031433,76.5279769897461,3.7428817083274892,10.537890434265137,4.81640625,0.4270010680050708
04567,0.7392982377602864,0.4752530933633296,1,0.3177792429924011,0.5842262506484985,0.4177224934101105,70.6275634765625,5.074883851036913,8.84914493560791,3.541015625,0.31476815403603303
04568,0.7234219059401477,0.3450501405322877,1,0.2336806058883667,0.45434772968292236,0.46438270807266235,66.23492431640625,5.7105127160592675,10.854639053344727,2.71484375,0.5562025183712963
04569,0.8066522462248062,0.5008930849706558,1,0.20099526643753052,0.5210953950881958,0.3755786418914795,62.0532341003418,6.316530266289861,21.117935180664062,2.98046875,0.6896802884879875
04570,0.8214720231012633,0.36502254543627616,1,0.33187007904052734,0.6972476243972778,0.2889547646045685,70.53043365478516,10.599898276282183,14.49531364440918,2.091796875,0.30688041876253536
04571,0.8841717590296743,0.4023802049145238,1,0.20133495330810547,0.37896281480789185,0.4934661090373993,74.79730987548828,4.693296300701077,13.301081657409668,4.8359375,0.5029688783201114
04572,0.7277765386264764,0.3276896699528504,1,0.24419403076171875,0.41982683539390564,0.4813258945941925,63.54092788696289,5.922691573043826,18.7047061920166,4.1171875,0.5075550721104587
04573,0.6973617662689172,0.32985787347065637,1,0.22079068422317505,0.5048133730888367,0.4834878444671631,71.34093475341797,6.642030286629106,15.766427993774414,4.03125,0.40011872601519743
04574,0.7867044284133572,0.3850224927229426,1,0.22149372100830078,0.5242849588394165,0.5018347501754761,74.41975402832031,4.8448714164796725,9.828974723815918,4.82421875,0.4503314178702407
04575,0.8005144998991325,0.42636774167765656,1,0.22304344177246094,0.38234275579452515,0.3889114558696747,70.83292388916016,4.993904209925042,11.643525123596191,3.361328125,0.5110794828016343
04576,0.8356630115325936,0.40468541491622595,1,0.1864910125732422,0.3714068531990051,0.5815499424934387,72.47491455078125,4.112386051624427,12.0762300491333,4.8046875,0.49848711321311745
04577,0.7434422455840503,0.34974922956069854,1,0.2458006739616394,0.4551229476928711,0.48133978247642517,66.05097961425781,6.640636403342231,14.866243362426758,3.7109375,0.6694029530118908
04578,0.5725243686870084,0.27336106617363837,1,0.2298782467842102,0.396461546421051,0.34758833050727844,65.73664855957031,6.0183015382474405,17.565509796142578,3.244140625,0.3327731320996453
04579,0.8657667411517594,0.4281668725648579,1,0.3208462595939636,0.5931372046470642,0.3984006941318512,73.70574188232422,6.729731900839389,12.28763484954834,3.21484375,0.49652638120659487
04580,0.7107502024243988,0.34960359155602255,1,0.25336623191833496,0.4910493791103363,0.5621523857116699,75.72028350830078,4.878062035945668,8.643630027770996,4.94921875,0.46105433480200475
04581,0.9018287549266791,0.43858501672490796,1,0.2762411832809448,0.38048309087753296,0.3133930265903473,67.29969787597656,4.276613911053433,12.13203239440918,2.87109375,0.29435913594280183
04582,0.8736178667730914,0.48976507762055227,1,0.1849924921989441,0.3204447031021118,0.5176481008529663,74.74192810058594,3.9758226260420666,14.404287338256836,4.83203125,0.60656709232192
04583,0.8783086186228041,0.4036177105831533,1,0.27674978971481323,0.4383578300476074,0.5360331535339355,76.03860473632812,5.438929664562194,14.453714370727539,4.65234375,0.7553821931108492
04584,0.8073430087644808,0.43663373918370474,1,0.2023097276687622,0.2871677577495575,0.5124010443687439,74.91442108154297,4.354058974449813,11.468924522399902,4.6328125,0.6100924258363077
04585,0.8267696881967305,0.5660670194003528,1,0.17642486095428467,0.34463438391685486,0.5106657147407532,74.25223541259766,4.909014724684263,12.265372276306152,4.58984375,0.7079163410902355
04586,0.8379027322306655,0.43074653732686635,1,0.2322748303413391,0.3789186477661133,0.5081219673156738,72.36672973632812,3.7246393956990707,14.498245239257812,4.71484375,0.32974110762055264
04587,0.8441938050807736,0.42278518552314903,1,0.399441123008728,0.5895189642906189,0.25297123193740845,64.32115173339844,5.223369930252709,8.433293342590332,1.935546875,0.2836791638798755
04588,0.7792628816395791,0.38807501567576813,1,0.1923060417175293,0.3715832531452179,0.5340040326118469,74.59367370605469,4.233690695594041,12.499357223510742,4.92578125,0.394231641228241
04589,0.9139792653945172,0.4141871601331061,1,0.32494890689849854,0.5159459710121155,0.577509343624115,74.59424591064453,6.4962791743931,7.955968379974365,4.91015625,0.3126003863234419
04590,0.8629566531649742,0.5226988528244441,1,0.3174315094947815,0.5892453789710999,0.4278177320957184,68.74237060546875,5.087226002736552,13.204811096191406,3.68359375,0.5831470136917545
04591,0.8125005816690902,0.4434498529892192,1,0.15865939855575562,0.24967025220394135,0.6079779863357544,75.43814849853516,4.919018010501183,16.522924423217773,4.95703125,0.5706062903446927
04592,0.9089302724913224,0.4893686927951185,1,0.2100958228111267,0.408568799495697,0.3789781928062439,67.56986236572266,4.765594483552137,16.612060546875,4.09765625,0.5633290816076912
04593,0.7014676749923736,0.37467545436389055,1,0.29746121168136597,0.5380631685256958,0.4639114439487457,72.43704986572266,5.463944083940351,10.4900541305542,3.962890625,0.38189703328985025
04594,0.78868728861664,0.3418206591160691,1,0.2856060266494751,0.47778263688087463,0.4664808511734009,74.98542785644531,5.167952699516466,10.54376220703125,4.96484375,0.5447142468932565
04595,0.907229036559148,0.5958347211065614,1,0.16967421770095825,0.3161776065826416,0.5805605053901672,76.75959014892578,4.550502525316096,11.041797637939453,4.8984375,0.532117829614343
04596,0.7749077740867923,0.44199068707389433,1,0.3685622811317444,0.5038394331932068,0.42411503195762634,72.04094696044922,6.123181158402072,11.50702953338623,3.765625,0.384625221721794
04597,0.5356653457467023,0.241673640167364,1,0.2863311767578125,0.5915127992630005,0.537321150302887,72.59607696533203,6.5109985373871915,10.856430053710938,4.734375,0.2892233300503825
04598,0.8038439089322544,0.36999438097021914,1,0.26385772228240967,0.5240964889526367,0.440011203289032,73.9863052368164,6.28565932307273,13.56085205078125,4.65234375,0.353235043477558
04599,0.7862872092439938,0.4846617892439995,1,0.3095396161079407,0.5329117774963379,0.5284806489944458,71.19000244140625,6.564986684543026,9.620604515075684,4.15234375,0.49479388594378587
04600,0.8509328284001489,0.38634329312476023,1,0.30258750915527344,0.5530229806900024,0.40599513053894043,74.32405853271484,6.399170882906795,12.498167037963867,4.06640625,0.34474920089310745
04601,0.755437352746729,0.32838874680306906,1,0.41580986976623535,0.7688841819763184,0.46238580346107483,68.95008850097656,6.040784130215252,7.875205039978027,2.62890625,0.3734698974713261
04602,0.7930192969851622,0.4266626360338573,1,0.34458762407302856,0.7085216045379639,0.3638778030872345,69.71454620361328,6.803551842251416,11.909618377685547,3.6875,0.44859759517772513
04603,0.797498881098698,0.3959707126290418,1,0.2681578993797302,0.5884572267532349,0.5096604824066162,74.48319244384766,5.070407010149173,9.970107078552246,4.6875,0.34508657797766323
04604,0.8605846331611028,0.4481876851889435,1,0.19455111026763916,0.3292226493358612,0.5860746502876282,72.94889831542969,4.840803367619949,13.3043851852417,4.484375,0.7166151607383883
04605,0.7987680961504736,0.448554567864346,1,0.21262425184249878,0.44737696647644043,0.5002320408821106,74.1600112915039,3.525172744451905,10.620430946350098,4.9609375,0.37492385563027486
04606,0.8430105886777131,0.45452452221966383,1,0.22138351202011108,0.3543079197406769,0.5444396734237671,74.33120727539062,3.767710345176489,11.442164421081543,4.62890625,0.4881254715336851
04607,0.6905989408817482,0.41332677649373,1,0.3087676763534546,0.3859440088272095,0.5560809373855591,72.25252532958984,7.021695416246926,10.32397747039795,4.578125,0.7565498207818019
04608,0.7246566256546204,0.37527814359020933,1,0.3143276572227478,0.44273027777671814,0.38247424364089966,72.39557647705078,4.4792083836030985,11.672199249267578,3.49609375,0.32600552196063326
04609,0.7924981251740146,0.3696755833807627,1,0.16196167469024658,0.3632098138332367,0.5739309191703796,76.20295715332031,5.84068295455326,13.911752700805664,4.9453125,0.5355593024884933
04610,0.8460074142144839,0.4060438682582795,1,0.18125343322753906,0.34663891792297363,0.46975797414779663,75.45014953613281,4.977348031596111,13.379765510559082,4.53515625,0.5012517693447531
04611,0.9475446379544904,0.4441721152529177,1,0.2872987985610962,0.5305273532867432,0.4134063422679901,73.00074005126953,5.7805570099247765,9.485756874084473,3.982421875,0.22620914698430286
04612,0.7773622297705963,0.4330050484151287,1,0.24027860164642334,0.5592134594917297,0.4689094126224518,75.14044952392578,3.8280256175971443,11.091265678405762,4.0234375,0.5035649817869994
04613,0.8106136716161023,0.45934561128526646,1,0.22352272272109985,0.4569581151008606,0.5085882544517517,73.76888275146484,4.3922534864579115,10.612107276916504,4.87890625,0.5461673596350065
04614,0.8124094006144343,0.4102464667356084,1,0.2737199664115906,0.5535762310028076,0.3517119884490967,72.22399139404297,6.670237459819143,14.299659729003906,3.326171875,0.39378573955784646
04615,0.7453783987350189,0.4779667215213019,1,0.27686142921447754,0.5262973308563232,0.5715721845626831,71.39051055908203,5.339546256001843,10.193822860717773,4.765625,0.4220227190835103
04616,0.8978487735372732,0.44028252333112344,1,0.30548304319381714,0.6543412804603577,0.4541662037372589,74.58698272705078,6.074602689983152,9.663094520568848,3.751953125,0.15614855867746816
04617,0.9073349861731743,0.5652505239093161,1,0.2695274353027344,0.40498223900794983,0.7251411080360413,78.29145050048828,9.14956304862707,16.876657485961914,4.984375,0.8064752908918508
04618,0.8509386088871812,0.5412609422641881,1,0.16707396507263184,0.2648395895957947,0.5372397303581238,75.25456237792969,6.76695057720669,14.10193920135498,4.96484375,0.7371509129077183
04619,0.829235557764782,0.37934709281293694,1,0.30108416080474854,0.5329165458679199,0.4560421407222748,75.34281158447266,4.057623907779059,10.643261909484863,4.4921875,0.2825937013829723
04620,0.8029592041709968,0.39331906578580067,1,0.24933171272277832,0.509236216545105,0.4273855984210968,71.30363464355469,4.044987482183801,10.962944030761719,3.91796875,0.2804407383172363
04621,0.8604400766690222,0.4645541488750718,1,0.29336148500442505,0.4638334810733795,0.303739458322525,68.27641296386719,5.808205787012856,15.952134132385254,3.61328125,0.4473070364010847
04622,0.7588237052966562,0.3674240436584982,1,0.26952308416366577,0.572391152381897,0.5020083785057068,70.07772827148438,5.071503586741455,13.235363006591797,3.818359375,0.5931710912840481
04623,0.7681528148341881,0.4160824981171427,1,0.18945974111557007,0.4600071310997009,0.5943935513496399,69.98007202148438,5.4838890179204824,15.46800422668457,4.15234375,0.644216250311291
04624,0.7792526562875811,0.41635801290618196,1,0.2692951560020447,0.5563453435897827,0.2624764144420624,66.22272491455078,3.8384411723972254,10.467443466186523,3.818359375,0.3201988215936414
04625,0.9591435234251294,0.4306234073977894,1,0.4164940118789673,0.5321287512779236,0.4610339403152466,71.6238784790039,13.274817885642362,10.877747535705566,3.033203125,0.09151163369568639
04626,0.8722384566740456,0.42225956102251955,1,0.2661266326904297,0.402126669883728,0.3441270887851715,74.57017517089844,5.336627489029563,11.839217185974121,3.169921875,0.3144370182741045
04627,0.7507469033535975,0.36396709248005293,1,0.31870752573013306,0.6244349479675293,0.5218527317047119,72.54524230957031,5.342525212982188,11.957716941833496,4.02734375,0.43278494997431893
04628,0.6951834569052159,0.3592882794645772,1,0.22923749685287476,0.44896987080574036,0.5328482985496521,73.93299865722656,6.071141182787395,13.105430603027344,4.98828125,0.5113708133039763
04629,0.8346189133125386,0.45902733099816523,1,0.1716035008430481,0.3967885375022888,0.6271455883979797,75.2635726928711,4.466672644905328,9.922863006591797,4.89453125,0.5259535775430106
04630,0.8129791614355375,0.40029319856487017,1,0.3678244352340698,0.5934507846832275,0.42891985177993774,66.92339324951172,5.085115528152496,8.402975082397461,3.94140625,0.37100037456840496
04631,0.7538575067780753,0.3452709955918964,1,0.34617185592651367,0.6674237251281738,0.5118096470832825,73.5002212524414,4.757132285471246,10.649348258972168,4.9765625,0.2195164929444983
04632,0.8267856470357113,0.4933024277174576,1,0.19686877727508545,0.3597237467765808,0.5170356631278992,75.623046875,3.6789259923439457,11.330876350402832,4.90625,0.5307520933144758
04633,0.790668931879931,0.38019770908520323,1,0.2999476194381714,0.6020153760910034,0.5483596324920654,73.48269653320312,6.408223833273714,14.877740859985352,3.8515625,0.47256827328180456
04634,0.819857314373744,0.40216658642272507,1,0.22983336448669434,0.4263230562210083,0.43977829813957214,73.53304290771484,5.14038107055406,15.712800979614258,4.328125,0.6188221019705769
04635,0.8033702404274436,0.36065941847511634,1,0.22411489486694336,0.5116015076637268,0.4049089550971985,73.08063507080078,5.147728968364121,11.602136611938477,3.404296875,0.22363277270482085
04636,0.8490500003572665,0.3751141176646662,1,0.27734339237213135,0.4876035451889038,0.44100621342658997,72.94271087646484,4.871722650785545,14.251350402832031,4.09375,0.5071648594279515
04637,0.826776624198694,0.4910268431496544,1,0.19956070184707642,0.4089258313179016,0.3687452971935272,75.48870086669922,3.723866935309386,9.438136100769043,4.14453125,0.44955782832755226
04638,0.8479136496262949,0.5098527276498652,1,0.2485719919204712,0.48464733362197876,0.4726710021495819,71.8268051147461,5.0663399735738155,13.882412910461426,4.421875,0.6805903678611728
04639,0.8130531253619233,0.4335579747710385,1,0.3651633858680725,0.6110621690750122,0.3622676730155945,59.01927947998047,4.590756313849617,15.943608283996582,3.63671875,0.24557417669133672
04640,0.677279976481744,0.3918413597733711,1,0.3347702622413635,0.6580154895782471,0.4746081233024597,69.32289123535156,8.680240917446323,9.74170207977295,3.986328125,0.46657487187472013
04641,0.809043429813912,0.4121291293074441,1,0.3079655170440674,0.609102189540863,0.31098541617393494,68.43341064453125,3.8113332487956226,11.150247573852539,2.83203125,0.43295799011628655
04642,0.7871589813116977,0.4555152979066023,1,0.37299108505249023,0.535813570022583,0.48352986574172974,72.10028839111328,7.732790617728631,6.989719867706299,4.109375,0.3018204444906832
04643,0.7398554536778491,0.36133428251805144,1,0.2453916072845459,0.4597194492816925,0.38138312101364136,70.91505432128906,4.034189541476021,8.37958812713623,3.482421875,0.38271601631158725
04644,0.8616948144178601,0.40978651649645254,1,0.20807749032974243,0.4427465796470642,0.48148059844970703,73.76030731201172,4.788765711946693,11.106305122375488,4.95703125,0.36949820920844717
04645,0.8850134779296108,0.6488777574414796,1,0.20881330966949463,0.18332967162132263,0.648272693157196,74.02518463134766,6.031964900390587,11.722648620605469,4.79296875,0.736902563356047
04646,0.6010586610597349,0.2982809354189252,1,0.2227855920791626,0.49976035952568054,0.5281994342803955,73.66975402832031,3.838285699494504,13.98244857788086,4.96484375,0.40349825483229024
04647,0.8976463933428632,0.4613690217935454,1,0.23863589763641357,0.4215163290500641,0.43565475940704346,70.92034149169922,5.00902513198923,9.560855865478516,4.00390625,0.7206802465788827
04648,0.8385583956408963,0.3898635477582846,1,0.26156705617904663,0.4659513533115387,0.38785311579704285,71.60648345947266,5.771083702440544,13.590349197387695,3.369140625,0.3247085535337763
04649,0.7248315235547226,0.3842433203083747,1,0.21928191184997559,0.4153207540512085,0.4135396480560303,72.13756561279297,5.443903475968589,13.570600509643555,4.03515625,0.3452901631366689
04650,0.5921092141445414,0.33836897953786654,1,0.24847447872161865,0.505252480506897,0.5442619323730469,74.0136947631836,5.381294696562327,8.0257568359375,4.9765625,0.39667354898533536
04651,0.7831872810785817,0.3818010215411948,1,0.34336304664611816,0.47162604331970215,0.4329168498516083,69.38861083984375,4.9373255831799066,9.389541625976562,3.638671875,0.24337345553856649
04652,0.7734449001939426,0.3489645544093694,1,0.25228607654571533,0.393350750207901,0.5463399887084961,75.74044036865234,4.868607783880179,12.625102996826172,4.44140625,0.4353667008962083
04653,0.7331288732892913,0.47408751764468643,1,0.44363439083099365,0.7050541043281555,0.4352474808692932,65.15184020996094,6.080854437135026,5.244030952453613,3.373046875,0.1328480620920633
04654,0.8184910875068594,0.5048132867872633,1,0.23252201080322266,0.40645062923431396,0.614844024181366,74.89644622802734,5.610281353644547,10.205253601074219,4.91796875,0.5929138820820637
04655,0.8401778082980638,0.3991486399657314,1,0.1978970766067505,0.29706496000289917,0.4328552186489105,68.89947509765625,5.520052241148456,14.791210174560547,3.662109375,0.5297259914742617
04656,0.6562520796384358,0.3730355896720167,1,0.2435053586959839,0.3682643473148346,0.5292060375213623,72.56245422363281,4.318396732683165,12.602954864501953,4.453125,0.3853225347546068
04657,0.8242902702033965,0.5485091037030522,1,0.19152259826660156,0.40970897674560547,0.4573664665222168,70.3414077758789,5.0185809522424885,18.25016212463379,4.0390625,0.7128649946552534
04658,0.8027293356553958,0.3782211750846709,1,0.23438113927841187,0.5885688066482544,0.46441832184791565,70.14791107177734,4.530807261552223,13.80466365814209,4.046875,0.5165531130238581
04659,0.8800837782968354,0.3930398521129788,1,0.36928170919418335,0.564386248588562,0.46789440512657166,73.01815795898438,6.18719910109053,11.231317520141602,4.09375,0.37113508937481626
04660,0.90674407292585,0.5203846321193926,1,0.19504892826080322,0.3238328695297241,0.5053102374076843,72.3498764038086,3.5200395162634783,11.019959449768066,3.716796875,0.3243318309426137
04661,0.8182342299976647,0.4001256281407035,1,0.2908920645713806,0.5317979454994202,0.4661840498447418,73.33596801757812,5.586675447399711,13.414765357971191,4.03515625,0.5153075374910929
04662,0.7853604495374562,0.40569364410424014,1,0.2772258520126343,0.593052327632904,0.3648677170276642,71.91586303710938,3.9553840659351667,7.667726993560791,3.873046875,0.27515585790148983
04663,0.7952929602053764,0.45792032563223156,1,0.27424299716949463,0.5228050351142883,0.6009598970413208,73.4621810913086,5.081028719406664,10.920038223266602,4.125,0.3661334105578412
04664,0.8754601086391565,0.4871001031991744,1,0.24563837051391602,0.4520898759365082,0.4556644856929779,74.59494018554688,4.515617344044616,11.017629623413086,4.5546875,0.5096469253887705
04665,0.816960886398907,0.44719129395483426,1,0.2738720178604126,0.6060857772827148,0.4650181829929352,72.62981414794922,3.8885980059580554,12.169097900390625,3.986328125,0.44182585957153253
04666,0.7880904887554355,0.3804379141457793,1,0.2244192361831665,0.39403876662254333,0.6161889433860779,75.9306411743164,5.5141093120498175,12.442789077758789,4.953125,0.4666892092084847
04667,0.8444442519762146,0.47803254225614833,1,0.22757881879806519,0.5031068325042725,0.44441625475883484,68.35502624511719,4.042695673779006,12.541296005249023,3.89453125,0.32396769016693877
04668,0.8101342636359707,0.5182766697423522,1,0.16970723867416382,0.22199487686157227,0.573974609375,69.25161743164062,6.968297674522986,20.482900619506836,4.65625,0.8451669990578633
04669,0.8117744266482779,0.47613455657492354,1,0.21261894702911377,0.34058183431625366,0.3360714018344879,68.09461212158203,3.768070815529749,16.66375732421875,3.296875,0.6121653291136255
04670,0.7433105782758194,0.4419615145872129,1,0.24564826488494873,0.5379804968833923,0.5650859475135803,77.47488403320312,4.297274859540729,11.49294662475586,3.935546875,0.5401368268966363
04671,0.31485107291266484,0.15182140187826992,1,0.3594110608100891,0.7478213310241699,0.41340532898902893,70.7945556640625,5.50655524596381,10.670403480529785,3.33203125,0.41735946348612224
04672,0.6414071029316322,0.3567467652495379,1,0.2776485085487366,0.6395949721336365,0.5122478604316711,67.86799621582031,6.339823949518545,16.00316619873047,4.37890625,0.5635198368924361
04673,0.487240691200683,0.20793218286406298,1,0.21233409643173218,0.3734177350997925,0.5725752711296082,75.00521850585938,4.839251978208219,13.97248649597168,4.9921875,0.6632223628355558
04674,0.6020886587076443,0.3321177256150804,1,0.2924768328666687,0.674096941947937,0.4498218595981598,72.27184295654297,7.450036256942813,14.080774307250977,4.109375,0.5186767859779665
04675,0.7858844103873607,0.41955518656299395,1,0.3039557933807373,0.4913630783557892,0.3660649359226227,67.2285385131836,4.383999453336844,11.589603424072266,3.294921875,0.4125541654017367
04676,0.7551194467751882,0.45946820809248556,1,0.22737175226211548,0.5032310485839844,0.5289172530174255,74.98068237304688,4.524329265405766,11.90983772277832,4.8828125,0.5549493763310615
04677,0.867405105870587,0.4354908395613285,1,0.20518988370895386,0.4029649496078491,0.508066713809967,73.87188720703125,3.9174111451343747,13.069683074951172,4.18359375,0.3087197767943641
04678,0.848125670261589,0.4360095717468438,1,0.3299925923347473,0.6422274708747864,0.43402615189552307,68.44859313964844,6.132932590635732,13.401284217834473,4.8671875,0.6431239729061895
04679,0.6166716685020759,0.3574730354391371,1,0.2442726492881775,0.4382905066013336,0.44942575693130493,68.84595489501953,6.390293760763647,13.095008850097656,3.6640625,0.5484187594239469
04680,0.7085228088675737,0.3496883912538291,1,0.28601449728012085,0.4754573702812195,0.2871048152446747,68.60910034179688,5.316678453471345,12.285715103149414,2.927734375,0.2832773886353683
04681,0.8292180889338495,0.4014555966932089,1,0.23658698797225952,0.5185109376907349,0.3964511454105377,69.85938262939453,5.552824498887147,11.049939155578613,4.046875,0.22986652719405948
04682,0.7962846833598043,0.3768840415057184,1,0.2540498375892639,0.5239895582199097,0.4859238862991333,74.64644622802734,5.1512785953649445,12.480683326721191,4.23046875,0.3252640884117553
04683,0.881648505771928,0.454072109244523,1,0.28477323055267334,0.45152297616004944,0.4265654683113098,72.90248107910156,4.839140702338874,5.653097629547119,3.734375,0.31308977487794487
04684,0.8689182148483157,0.45486264531561865,1,0.17202556133270264,0.3768014907836914,0.4671127498149872,71.19241333007812,3.6168227771202157,8.335174560546875,3.9453125,0.3507495316066329
04685,0.720105191449067,0.38855215305961105,1,0.17569118738174438,0.3807058036327362,0.47226691246032715,73.17871856689453,5.42444311366072,11.184778213500977,4.63671875,0.5373566715491044
04686,0.8826488590920132,0.41967129570645945,1,0.17795872688293457,0.3618299961090088,0.3992708623409271,72.38822174072266,3.605496812675372,14.578264236450195,4.11328125,0.3641035413779685
04687,0.6726572830080984,0.4241239704034622,1,0.23437601327896118,0.5033194422721863,0.5459309220314026,73.12966918945312,6.600147818085969,8.1612548828125,4.83203125,0.7115147446950447
04688,0.7054872346257864,0.4396648295021732,1,0.19962775707244873,0.35653162002563477,0.5484779477119446,74.64019775390625,4.954510171492835,11.668925285339355,4.8984375,0.5297837225464599
04689,0.8875960868901415,0.5651577503429356,1,0.19161945581436157,0.4479654133319855,0.548637330532074,76.17406463623047,3.76755998178717,9.935208320617676,4.46484375,0.5742957812215791
04690,0.80666607184376,0.4885564482937566,1,0.24547672271728516,0.37652602791786194,0.5685312151908875,74.1854019165039,3.76865758724528,13.295036315917969,4.62109375,0.46393240312033995
04691,0.8288690116216055,0.4211266705032291,1,0.19623970985412598,0.4594983756542206,0.4774114489555359,74.2160873413086,4.109791014198037,12.833047866821289,4.8125,0.4629279222120155
04692,0.8472635491281055,0.38933148597159684,1,0.3024880290031433,0.5617769956588745,0.2718656659126282,68.41858673095703,6.2540519870347175,13.65532398223877,2.36328125,0.49813307882711605
04693,0.8768948944205281,0.4040887253398753,1,0.3173266053199768,0.4253709316253662,0.48649150133132935,75.7937240600586,5.470869814157254,10.650073051452637,3.380859375,0.2981043221142505
04694,0.8030553290651479,0.5038145753106155,1,0.23680651187896729,0.4304206073284149,0.4597311317920685,69.56615447998047,3.8410567378040747,8.695343017578125,4.01171875,0.41113790232359765
04695,0.8200898853221293,0.5005271481286241,1,0.17541849613189697,0.24137410521507263,0.5276155471801758,74.38988494873047,5.1021509683941515,14.439764022827148,4.9375,0.6074400286965616
04696,0.816383354149843,0.3774123332326567,1,0.2510479688644409,0.5072915554046631,0.47831133008003235,72.80809020996094,4.347946659685603,12.739840507507324,3.919921875,0.23549379310953197
04697,0.6934341251229112,0.3676099375581241,1,0.18803709745407104,0.41734373569488525,0.545276939868927,74.3692398071289,4.229930659825986,12.388057708740234,4.9921875,0.5523587159109564
04698,0.34409544489369287,0.15467688556000697,1,0.4520888924598694,0.6162263751029968,0.32858070731163025,69.89805603027344,6.222867054912593,11.70377254486084,1.5078125,0.42543561051693995
04699,0.9167502790630487,0.40723181432210587,1,0.3648480772972107,0.6820566058158875,0.3822546899318695,71.26870727539062,6.222310752142971,9.636635780334473,3.77734375,0.1533385733375933
04700,0.8648323616666951,0.4012723348317889,1,0.3509966731071472,0.5229565501213074,0.43574264645576477,71.39473724365234,5.756063681548133,11.597002983093262,2.6328125,0.4502652259167208
04701,0.7625189637111944,0.3682649414952005,1,0.22008436918258667,0.5778182148933411,0.24855053424835205,69.30679321289062,6.085869948525925,13.581175804138184,2.7421875,0.36375401001984387
04702,0.8671744527405767,0.4999291081809159,1,0.2754512429237366,0.6641947627067566,0.4892040193080902,73.85457611083984,5.216527717516389,7.530073642730713,4.00390625,0.33568778294703266
04703,0.7744491788290725,0.3779437515634492,1,0.1894596815109253,0.360610693693161,0.4463467001914978,70.67626953125,4.657085945603884,15.815802574157715,4.2421875,0.4549378317559514
04704,0.8722473240363082,0.5292877039395145,1,0.23912805318832397,0.38555097579956055,0.5238574743270874,73.98477935791016,4.9754473257644936,10.55787181854248,4.625,0.5073645565386722
04705,0.8849132215377888,0.49231126327395114,1,0.20705819129943848,0.2625787556171417,0.5716210007667542,73.5487060546875,7.084632570706353,15.984390258789062,4.5546875,0.8336223024620915
04706,0.7645025163153103,0.4017240674919312,1,0.36025792360305786,0.5561528205871582,0.3293285071849823,66.59635925292969,6.979544043478195,12.785274505615234,3.30859375,0.3250877982442452
04707,0.7864247240055607,0.34951746280636914,1,0.2088889479637146,0.26634180545806885,0.5364195108413696,74.56625366210938,6.055003970600513,17.861961364746094,4.1796875,0.5799514358899933
04708,0.7677615861043626,0.3611597156083191,1,0.34691619873046875,0.5393444299697876,0.3652358949184418,71.61300659179688,6.284772999874593,13.752914428710938,2.30078125,0.46262254179626694
04709,0.839622753307671,0.458615045192513,1,0.23346686363220215,0.3642779290676117,0.5742073059082031,75.41983032226562,6.287234732395177,7.459375858306885,4.94140625,0.616804072745854
04710,0.7935056855090773,0.35719298245614034,1,0.335538387298584,0.6658995747566223,0.4453548789024353,71.21874237060547,6.610592377909272,12.951820373535156,4.0390625,0.3627218330532473
04711,0.7911338920713211,0.36914001290441517,1,0.38007599115371704,0.5824783444404602,0.3500911593437195,71.80924224853516,6.8217773358093154,13.19670581817627,2.529296875,0.32552832942430593
04712,0.822386394415436,0.4292702812882185,1,0.22123932838439941,0.5427667498588562,0.4723946452140808,72.30847930908203,3.6799920610494437,10.452046394348145,4.1484375,0.35137519743542817
04713,0.83205389696351,0.4838039474926811,1,0.18171930313110352,0.299724280834198,0.5449742674827576,74.0913314819336,5.115846120669899,14.221729278564453,4.86328125,0.6032341581131921
04714,0.7528577870763566,0.3425419075390938,1,0.3220396637916565,0.5912638902664185,0.39307332038879395,69.74726104736328,6.075854068823546,12.84822940826416,3.10546875,0.17249206484730423
04715,0.8103448142956263,0.4005782989082482,1,0.22467541694641113,0.4943819046020508,0.5206937193870544,74.8401107788086,3.5146148495049534,11.133926391601562,4.91796875,0.3145263379605964
04716,0.8740839963221216,0.40837326607818414,1,0.4612036943435669,0.655312716960907,0.3600231409072876,70.56624603271484,5.38683261191118,9.966469764709473,3.09375,0.3516490021146165
04717,0.7752104830477962,0.3552982112760289,1,0.3993634581565857,0.5533862113952637,0.47155115008354187,74.26148986816406,4.915266782737551,10.390356063842773,4.2734375,0.28457242897933077
04718,0.7804146033274211,0.36746548613687835,1,0.3640286326408386,0.5489857792854309,0.43276920914649963,71.99090576171875,6.337294403214872,10.66502571105957,3.9609375,0.27586140892481326
04719,0.8010923233503825,0.43251461988304096,1,0.23667889833450317,0.6567652821540833,0.5015490055084229,77.09278869628906,4.102097059053224,11.418304443359375,4.6796875,0.4464044269249409
04720,0.8222040287163104,0.3899153723811581,1,0.2428082823753357,0.5430458784103394,0.30336374044418335,68.63268280029297,6.947428687548649,15.316634178161621,2.66015625,0.3575127256259598
04721,0.859506020829694,0.48085876517966925,1,0.25679612159729004,0.5225292444229126,0.4535246789455414,75.30342864990234,3.7075390867680387,9.768463134765625,3.681640625,0.2846990100399702
04722,0.8481221400733275,0.45494204618052386,1,0.19432640075683594,0.38952094316482544,0.5959851145744324,74.55269622802734,5.631694889978362,10.473542213439941,4.79296875,0.49859951434614147
04723,0.604642629871608,0.30080217861054376,1,0.31328028440475464,0.5348367094993591,0.47868612408638,68.13968658447266,5.6020430503032115,13.025413513183594,3.912109375,0.494291734433259
04724,0.7259193246271204,0.43268844826202135,1,0.2238253355026245,0.4482519030570984,0.5868794918060303,75.58077239990234,6.279293621992059,14.261780738830566,4.9375,0.7482471511273551
04725,0.604051269813975,0.28764589578416994,1,0.3113507032394409,0.38011690974235535,0.5973082184791565,75.11837005615234,5.656370169496737,9.307300567626953,4.9921875,0.3439700659609783
04726,0.8186711996775478,0.4338192003710906,1,0.24637895822525024,0.5245740413665771,0.505783200263977,75.13855743408203,3.9193897437690297,9.827276229858398,4.82421875,0.4109453497284804
04727,0.8921607746640108,0.4538190547103342,1,0.17087501287460327,0.35367727279663086,0.3414980471134186,68.66864776611328,4.386445363068686,14.546204566955566,3.5078125,0.42671970876951193
04728,0.8588067021402657,0.3825887068254155,1,0.3642093539237976,0.6008269190788269,0.4569844901561737,72.87267303466797,7.116255185818217,14.39518928527832,3.8125,0.40705319316353633
04729,0.6744367030604183,0.34025058731401725,1,0.259973406791687,0.645548403263092,0.4978869557380676,64.827392578125,6.380852313846273,14.170055389404297,3.908203125,0.5021720159278795
04730,0.7837983243360095,0.39310817761014916,1,0.29726481437683105,0.5209438800811768,0.525007963180542,70.35620880126953,6.388395574658061,4.050936222076416,4.8515625,0.4677197844476775
04731,0.9180287119940704,0.42603246149892254,1,0.26272052526474,0.5610421895980835,0.48015618324279785,73.78463745117188,6.073272325805795,9.14311695098877,4.015625,0.4860274115011381
04732,0.8455648323886521,0.44598366062820316,1,0.33346182107925415,0.5258463025093079,0.45081350207328796,72.12032318115234,4.261883576027291,8.324284553527832,3.44921875,0.29227151815464797
04733,0.8794590952098764,0.4222954000102109,1,0.288798987865448,0.38138800859451294,0.5242152214050293,75.76612854003906,4.9597253152756755,9.903462409973145,3.904296875,0.49233280614468566
04734,0.8059369199808349,0.44289403692710944,1,0.2406526803970337,0.5947095155715942,0.5253520607948303,76.79264831542969,5.550609413850844,9.793023109436035,4.109375,0.3689669911734667
04735,0.7479945698954784,0.3124853883919233,1,0.2536274790763855,0.3668878972530365,0.49250495433807373,75.22541046142578,5.381589653785341,13.243535995483398,4.8515625,0.34649653406613473
04736,0.7093558851238321,0.45210906548590074,1,0.21433281898498535,0.42795512080192566,0.5375736951828003,75.47312927246094,7.2469263390360945,10.433093070983887,4.94140625,0.5578954192298511
04737,0.790983691955754,0.4300160279761037,1,0.295951247215271,0.5225952863693237,0.35838621854782104,68.49202728271484,3.214671380936338,10.18186092376709,3.263671875,0.2903540122119795
04738,0.9188215217615031,0.48449605531424517,1,0.2026500105857849,0.30809760093688965,0.6074517369270325,77.05951690673828,5.07551824934507,14.170819282531738,4.74609375,0.608664468946463
04739,0.7725725887939459,0.3904083055706206,1,0.3309476375579834,0.5461941957473755,0.4132165014743805,69.77175903320312,5.778169668780541,14.656371116638184,4.1875,0.48240884367591336
04740,0.6825191831142137,0.3392677393668965,1,0.2983289361000061,0.4815156161785126,0.3128891587257385,67.26998901367188,3.771214472498712,13.060108184814453,3.60546875,0.2370074649291283
04741,0.33322254714464217,0.1562057323009085,1,0.47520875930786133,0.6502782702445984,0.4538983702659607,72.89944458007812,8.424845047335973,7.797050476074219,3.490234375,0.11443985039438546
04742,0.8733187540923106,0.3914107620791661,1,0.3676750063896179,0.6535916328430176,0.4513644278049469,71.40706634521484,7.72012172578797,11.128217697143555,3.845703125,0.18154786827438463
04743,0.8848716723360344,0.4457001589263641,1,0.28751814365386963,0.48654791712760925,0.3341407775878906,64.96808624267578,7.695828933426116,12.631332397460938,2.59375,0.15603848722307698
04744,0.9072979678050684,0.40097819779491006,1,0.29484325647354126,0.5656755566596985,0.4622919261455536,75.816162109375,4.7690932848388385,9.87684154510498,4.84375,0.4926398414567335
04745,0.7331208077999346,0.33853845404668376,1,0.24771738052368164,0.5962957143783569,0.5635162591934204,76.11437225341797,5.226619725949172,11.479656219482422,4.98046875,0.6087189349524698
04746,0.8145048325674482,0.40071915816191633,1,0.34253233671188354,0.6163185238838196,0.405053973197937,73.40304565429688,6.404734577286797,9.793384552001953,3.49609375,0.3082919787995461
04747,0.8258764258570145,0.44822166060531343,1,0.21922755241394043,0.3732583820819855,0.45575180649757385,74.86959838867188,4.301195604029668,11.626045227050781,4.78515625,0.4456792046464804
04748,0.8283786925439266,0.46971137982570216,1,0.2786015272140503,0.4511987864971161,0.5422915816307068,73.618408203125,4.245886405867878,10.434759140014648,4.09765625,0.34295990888995
04749,0.8204747030635778,0.3767790262172285,1,0.30503737926483154,0.5969377756118774,0.5420006513595581,75.34303283691406,5.1633168780773575,10.191969871520996,4.953125,0.4544013529321343
04750,0.8963691071695802,0.4302585381423556,1,0.16858303546905518,0.3275834321975708,0.4466610252857208,74.92375946044922,3.454508056886157,13.908258438110352,4.33984375,0.5146556728606825
04751,0.782035675722558,0.3982973170314903,1,0.18826603889465332,0.33223670721054077,0.553471565246582,74.61978149414062,4.451418310886512,13.409127235412598,4.69921875,0.4540767195433343
04752,0.9376386489729529,0.4884562059195853,1,0.22967290878295898,0.21459127962589264,0.5660558342933655,74.68450164794922,6.136333780323484,9.937701225280762,4.984375,0.6722944255488115
04753,0.8067729471180974,0.4475552933037622,1,0.21801871061325073,0.350005567073822,0.5551430583000183,74.70996856689453,4.506065429362358,11.009878158569336,4.87890625,0.47740379667118654
04754,0.7786614077827985,0.3394399106024178,1,0.35266566276550293,0.7396767735481262,0.32622388005256653,70.1426773071289,5.385393863267531,11.730179786682129,2.64453125,0.5688509691672562
04755,0.7257006990678013,0.377956508787608,1,0.3065066933631897,0.5096879601478577,0.5434362292289734,74.66724395751953,5.483096143104156,5.430593967437744,4.9765625,0.35688484927246183
04756,0.8282773611247576,0.42293981966869365,1,0.20297515392303467,0.4220888614654541,0.44245630502700806,72.05461120605469,4.355947633777229,16.171701431274414,4.30859375,0.4968738066355931
04757,0.7604137587080461,0.3533276493304579,1,0.23694074153900146,0.4499497711658478,0.5752958655357361,75.7091064453125,5.255776262658748,13.646312713623047,4.41015625,0.45908858311631656
04758,0.7577385635935289,0.39363920750782067,1,0.25826793909072876,0.49180859327316284,0.3785019516944885,74.15232849121094,4.566753568055952,9.735053062438965,4.1875,0.38811906079683306
04759,0.8663937224429845,0.4655215129242712,1,0.21865957975387573,0.40929335355758667,0.38334235548973083,68.00623321533203,4.667791899075758,13.767717361450195,3.46484375,0.5422838079950605
04760,0.7927156992397754,0.361540943805031,1,0.2285003662109375,0.42243194580078125,0.44401049613952637,72.31254577636719,3.9676779832809954,13.566020965576172,4.76953125,0.41746064632795826
04761,0.9532750654982907,0.5068888176866388,1,0.28785276412963867,0.5054068565368652,0.5792471170425415,73.84651947021484,5.067654672838002,6.864208221435547,4.15234375,0.44363807190586824
04762,0.5841049114700053,0.323329760628796,1,0.23714697360992432,0.6175625920295715,0.44738972187042236,74.68193054199219,3.860052772138011,7.7018842697143555,4.95703125,0.404485448467159
04763,0.8500010341238521,0.4538498326159732,1,0.3056182861328125,0.6382341980934143,0.4680482745170593,75.16771697998047,5.836131556364594,9.261445999145508,3.001953125,0.467375982624475
04764,0.6781067677339039,0.31580278128950695,1,0.2571049928665161,0.33285313844680786,0.4832359850406647,72.15400695800781,7.16167346774484,13.015329360961914,3.953125,0.6905157566500053
04765,0.7427999644666596,0.31983840573462574,1,0.3117066025733948,0.5919960141181946,0.4347878694534302,72.98969268798828,7.213576715213624,11.187719345092773,4.26171875,0.30485218019733257
04766,0.6729054713851069,0.33266241753326625,1,0.2915370464324951,0.5277628302574158,0.2721172273159027,66.74391174316406,5.3510622936585355,15.676233291625977,3.15625,0.4093805543324317
04767,0.8926596322692985,0.41758504458416007,1,0.3069869875907898,0.5128787755966187,0.38522085547447205,69.92081451416016,6.000981077272754,12.162142753601074,2.810546875,0.3913869901261015
04768,0.7808582738484626,0.35804336863338376,1,0.23367804288864136,0.47873425483703613,0.5159876942634583,77.1814193725586,3.722478866271387,11.397910118103027,4.9765625,0.35141577270829716
04769,0.8398792148628956,0.3912100661593072,1,0.19434213638305664,0.44732019305229187,0.5376849174499512,73.81233978271484,6.1397986626589285,15.192118644714355,4.34765625,0.455277292498432
04770,0.6325057628340379,0.36084393422277383,1,0.3990612030029297,0.5942084789276123,0.37765073776245117,73.02534484863281,7.3279207119129515,10.837984085083008,2.748046875,0.4314439886380983
04771,0.8668430370516157,0.5665736911288513,1,0.2757781744003296,0.4599819779396057,0.3568563163280487,66.80618286132812,5.099804568561947,11.713451385498047,3.25390625,0.5081582344355715
04772,0.7824024655129259,0.3391280225623006,1,0.3152768015861511,0.5800817608833313,0.5944949388504028,72.27420806884766,4.382154162994366,12.073720932006836,4.98046875,0.09144293833571737
04773,0.8270414417260252,0.4510135479270653,1,0.218488872051239,0.44006410241127014,0.46607261896133423,73.81163787841797,3.8071004925868412,11.854169845581055,4.54296875,0.37759538114888513
04774,0.7767999232018346,0.42529908714634007,1,0.25459158420562744,0.3912305235862732,0.4099322557449341,67.7585678100586,4.529275630335413,12.333782196044922,3.89453125,0.5117597427883213
04775,0.8036242580323544,0.379858444641353,1,0.21111959218978882,0.46361488103866577,0.4305478632450104,75.16249084472656,3.37673457152382,11.524008750915527,4.890625,0.336775170733933
04776,0.8446909162149807,0.48385967369231847,1,0.2434316873550415,0.561823844909668,0.5791956186294556,73.71480560302734,5.142805246707421,5.688562870025635,4.83984375,0.5078310632190162
04777,0.9826021033586294,0.7482683033757124,1,0.21532106399536133,0.24120253324508667,0.6385819315910339,74.34313201904297,6.887453986262339,17.492698669433594,4.21484375,0.8433783290522678
04778,0.8838539560452814,0.43121172967810795,1,0.2399369478225708,0.4713916480541229,0.44361546635627747,69.8416748046875,4.9570439129906445,15.643630981445312,4.703125,0.461720062149836
04779,0.7233071645699909,0.3535993114895187,1,0.3765530586242676,0.6579228043556213,0.28581786155700684,68.47173309326172,7.412372383450579,14.194146156311035,3.546875,0.4411837374811772
04780,0.7093833300057153,0.381300873721156,1,0.20685619115829468,0.39963987469673157,0.6654387712478638,74.09354400634766,6.527346543273306,10.489176750183105,4.94921875,0.5257063539611679
04781,0.8426377358257754,0.37768138934363976,1,0.3845350742340088,0.6408466696739197,0.36518073081970215,73.47554016113281,6.043615605193828,13.143547058105469,3.044921875,0.4783955271760595
04782,0.758267267996741,0.4108843537414966,1,0.24865537881851196,0.39104536175727844,0.5661526322364807,73.6421890258789,5.095371560801028,11.984387397766113,4.94140625,0.4241929575934157
04783,0.9033398521572986,0.45043111856735984,1,0.19998019933700562,0.392812043428421,0.5498755574226379,72.71785736083984,4.200002670130538,10.176252365112305,4.78515625,0.5552494168797292
04784,0.7745465624124527,0.39315103878371893,1,0.20156913995742798,0.3809594213962555,0.5790123343467712,75.72586822509766,6.401627118897279,11.655339241027832,4.984375,0.7147113457856756
04785,0.8275781519971762,0.42650642911169007,1,0.34197402000427246,0.5789070129394531,0.43284064531326294,73.20040130615234,7.544437249194281,8.238654136657715,3.345703125,0.3463466587454359
04786,0.8140479920121009,0.43878487884715184,1,0.21059280633926392,0.5065373182296753,0.5015110373497009,76.3475112915039,4.4563087994161465,12.016275405883789,4.984375,0.6134999454981721
04787,0.8598536441513361,0.47955741465389284,1,0.24479836225509644,0.444629967212677,0.5325005054473877,72.62796020507812,5.138504186059425,11.842462539672852,3.9609375,0.5917461318752594
04788,0.3995711161626474,0.22712933753943218,1,0.3088536262512207,0.43510791659355164,0.39647939801216125,72.54844665527344,5.24743417768611,13.421956062316895,3.9765625,0.3534738500495613
04789,0.797136030140504,0.3697157991239686,1,0.3425326347351074,0.6264097690582275,0.4490832984447479,73.60672760009766,8.245180058501145,7.921628475189209,2.888671875,0.5643206244395039
04790,0.7412435035250615,0.4314995604497293,1,0.32512885332107544,0.5722591876983643,0.3081381022930145,62.949615478515625,6.339326228503219,9.007562637329102,2.28515625,0.40855244706861626
04791,0.8420611694705754,0.44438256995684255,1,0.18672627210617065,0.3135111927986145,0.6268104314804077,74.53169250488281,5.8036826183451975,13.772836685180664,4.87109375,0.6721333668423429
04792,0.8489976964761407,0.44387386664527,1,0.14707040786743164,0.255790650844574,0.5619465708732605,75.66759490966797,4.60228327806483,14.238615036010742,4.85546875,0.7195006411093553
04793,0.9127213441769683,0.48855583900226757,1,0.27559036016464233,0.3655606806278229,0.5070705413818359,73.29019927978516,6.536427572421329,13.343084335327148,3.908203125,0.5921124548559745
04794,0.9042727542490562,0.4429961529757864,1,0.2576426863670349,0.3875739872455597,0.43840622901916504,72.98770141601562,4.593813908953629,13.576997756958008,3.265625,0.4983345980242264
04795,0.7200995058066139,0.36318417194083036,1,0.200286865234375,0.42734310030937195,0.5070017576217651,74.18352508544922,4.6210986606243765,13.246016502380371,4.89453125,0.347511107979848
04796,0.734312389258649,0.4251545910628865,1,0.37484854459762573,0.7794676423072815,0.46228674054145813,65.41275024414062,8.143999801380524,13.474455833435059,3.947265625,0.5072636671225242
04797,0.7495178444827058,0.41921797958949664,1,0.24592560529708862,0.49998098611831665,0.6588289737701416,75.68083190917969,6.739587021158877,10.671846389770508,4.984375,0.7859173274749427
04798,0.7241677743876453,0.36710150835711375,1,0.32080721855163574,0.5304731130599976,0.4188973605632782,67.49724578857422,5.851589510475164,12.69438362121582,2.673828125,0.3600733661229522
04799,0.8881936735068141,0.5102206946454414,1,0.17278480529785156,0.32151374220848083,0.5190050005912781,75.2223892211914,3.7321787506779125,12.205266952514648,4.41796875,0.5057059889632676
04800,0.7596539031165126,0.46647752725100794,1,0.2959234118461609,0.6120592355728149,0.48312902450561523,72.49908447265625,8.638901244648853,9.919380187988281,3.66796875,0.6086486479312647
04801,0.8618539984687155,0.4302547606350954,1,0.21797442436218262,0.4306415617465973,0.48783552646636963,75.34361267089844,4.185893095355627,13.079187393188477,4.3671875,0.5278453508314316
04802,0.6484497822232727,0.3158628501720908,1,0.20408296585083008,0.2776023745536804,0.6313992738723755,77.09979248046875,5.635684830657934,12.990842819213867,4.9921875,0.7664438840720105
04803,0.8207139573419522,0.47339002200154606,1,0.18495959043502808,0.41548824310302734,0.5600661635398865,73.03166961669922,4.823432356868906,12.518604278564453,4.88671875,0.5661494012364332
04804,0.7470979055285836,0.35897180059616607,1,0.16549044847488403,0.2672107517719269,0.612812340259552,76.28889465332031,4.567572207918918,12.608685493469238,4.94921875,0.394249256642334
04805,0.8722557545347789,0.45374680883015467,1,0.19310110807418823,0.42736130952835083,0.3980676829814911,73.43115997314453,4.022508582021377,12.889103889465332,4.09375,0.4958191672802732
04806,0.674485838153191,0.3777887952404561,1,0.28680312633514404,0.5138131380081177,0.401483952999115,64.86473846435547,4.958946767295415,17.713720321655273,3.046875,0.6319397059997566
04807,0.8280884824605094,0.46030091332015993,1,0.2240086793899536,0.49859189987182617,0.585287868976593,75.68192291259766,5.2364833378386635,10.723982810974121,4.9609375,0.38391264337563014
04808,0.88818452859234,0.5067694944301628,1,0.2414817214012146,0.47991013526916504,0.4080810844898224,72.80349731445312,5.744955857877383,14.674626350402832,3.34765625,0.6575638238559983
04809,0.6919143059872191,0.39234030112556645,1,0.2451496124267578,0.6242271065711975,0.5012789368629456,75.29331970214844,4.3211148544772575,7.66063928604126,4.86328125,0.4493113482115745
04810,0.78214351302881,0.5212129361931016,1,0.1916012167930603,0.436836302280426,0.5308994054794312,72.74348449707031,4.434840750139187,10.504227638244629,4.95703125,0.6251889251515119
04811,0.8390390522917671,0.42314121422840334,1,0.2683170437812805,0.5120507478713989,0.506979763507843,74.52083587646484,5.050477138181282,10.034075736999512,4.0625,0.4012597993837386
04812,0.7991428567041694,0.36672161697247707,1,0.3258298635482788,0.6618417501449585,0.36559340357780457,67.93612670898438,9.226431223521487,13.69347095489502,3.884765625,0.3048658649128396
04813,0.538055890761543,0.30685753867467097,1,0.3425676226615906,0.7864558100700378,0.17418240010738373,63.03479766845703,8.11694757979152,13.898870468139648,1.9453125,0.5398072849397505
04814,0.7698506721567819,0.42624344622360777,1,0.296548068523407,0.47532710433006287,0.6182157397270203,76.2559585571289,5.721222099675066,6.728272914886475,4.98046875,0.3897242559806192
04815,0.7980999812152579,0.4132348764555524,1,0.21222573518753052,0.4978788495063782,0.4031974971294403,71.19843292236328,3.9013308833327947,9.165495872497559,4.265625,0.454017666124748
04816,0.8212580880723016,0.3991548602769859,1,0.39802420139312744,0.6176433563232422,0.37803834676742554,70.6765365600586,5.917412515567113,8.253122329711914,2.609375,0.25093680664128776
04817,0.7660836566834652,0.3996064241731734,1,0.18941670656204224,0.3951570987701416,0.5156826972961426,73.05260467529297,4.119187273723507,10.306429862976074,4.91796875,0.42728020487278817
04818,0.8346508109002295,0.44746096497397664,1,0.3246135711669922,0.5898957848548889,0.31799253821372986,60.3792724609375,4.969649398187858,14.121479988098145,3.66796875,0.5162103429018927
04819,0.762897072602529,0.3392563834552785,1,0.3244786262512207,0.6510510444641113,0.31889259815216064,64.64191436767578,6.5044588523675255,8.885458946228027,2.1953125,0.34588814054113287
04820,0.7115194392731857,0.3724687396259821,1,0.2373110055923462,0.5664978623390198,0.3224645256996155,63.23423767089844,6.194585304901251,17.684085845947266,4.12890625,0.5536383499989725
04821,0.8758095385329484,0.47791198227943327,1,0.25675350427627563,0.4781770706176758,0.4750276207923889,77.6943359375,3.929916984273275,9.7247896194458,3.8125,0.47430809588515516
04822,0.4187935192890111,0.19370990455327805,1,0.29177260398864746,0.643297553062439,0.5891138315200806,73.07936096191406,5.250363074126445,12.107784271240234,4.9609375,0.5052180598207742
04823,0.7899550855525944,0.4326285384170999,1,0.22326457500457764,0.3826427757740021,0.5463184714317322,74.47859191894531,4.9368170892302645,10.993033409118652,4.87109375,0.45266608655469726
04824,0.7773507262006996,0.45725418290167313,1,0.3005284070968628,0.6799060702323914,0.5408669710159302,75.03060150146484,7.212390641790998,13.323467254638672,4.90234375,0.6835583721614801
04825,0.8624659282131367,0.40690311057502726,1,0.356905996799469,0.5343135595321655,0.4150741994380951,70.92056274414062,5.00968665057092,12.851296424865723,2.916015625,0.2944850513301236
04826,0.46155283620345344,0.24792165912251116,1,0.2745440602302551,0.635581374168396,0.5508883595466614,76.17523193359375,4.727520008183953,10.699911117553711,4.98046875,0.4265555317349017
04827,0.8979886923903654,0.48451409115149524,1,0.23293781280517578,0.2995355725288391,0.5431962013244629,71.773681640625,5.514148866588563,14.049839973449707,4.05078125,0.572467438968623
04828,0.677812275095534,0.34322812112928713,1,0.24514997005462646,0.5281147360801697,0.4583720564842224,72.48788452148438,4.86979955536706,11.401796340942383,4.65625,0.4836239350370816
04829,0.8844030829084304,0.45911040191482994,1,0.18441808223724365,0.3595156967639923,0.5250533223152161,76.42046356201172,4.22624589226222,10.720282554626465,3.859375,0.4235140668334702
04830,0.8616258480457653,0.6078224101479915,1,0.3023049831390381,0.607814610004425,0.532554566860199,71.841064453125,11.259414724216391,9.106026649475098,3.763671875,0.6953288760262097
04831,0.7928954915647608,0.45634019626707717,1,0.25737929344177246,0.37818244099617004,0.37397733330726624,65.35440826416016,4.179226105746238,15.387807846069336,3.453125,0.4905482333631877
04832,0.8303332348378187,0.4153949919905573,1,0.24171924591064453,0.3937140703201294,0.359222948551178,66.20551300048828,4.51773257758131,15.110491752624512,3.42578125,0.42007621580444754
04833,0.7494182526625807,0.44871794871794873,1,0.3419032692909241,0.6315333247184753,0.4108552932739258,70.08818817138672,6.186258265609715,10.845194816589355,4.40625,0.6730751259982916
04834,0.7651550440441808,0.37292380701291855,1,0.25904232263565063,0.5765050053596497,0.49414822459220886,71.42290496826172,5.631440437412221,12.859858512878418,3.9375,0.5334441563164818
04835,0.7636602955133871,0.3960946094609461,1,0.2522287368774414,0.4758654832839966,0.37013864517211914,70.97173309326172,4.280721819685712,12.96007251739502,3.935546875,0.43637148404824877
04836,0.7789074479225605,0.42398894656260505,1,0.220206618309021,0.5244793891906738,0.5584929585456848,75.4936752319336,3.1854751197359117,10.08741569519043,4.96484375,0.5329490768685599
04837,0.8223047232564089,0.443290942123021,1,0.1824791431427002,0.43812718987464905,0.39799144864082336,69.5504379272461,4.446958752152639,12.501897811889648,4.09765625,0.4162722334964538
04838,0.8933551974441055,0.43877949171500663,1,0.289212167263031,0.5814910531044006,0.42956456542015076,74.19927215576172,5.97209523972546,11.471990585327148,2.916015625,0.5975636769638066
04839,0.755639959452915,0.35769848518250247,1,0.2472335696220398,0.4203644394874573,0.6003490686416626,76.23213195800781,5.704000539809678,15.236166000366211,4.1171875,0.6969144189284097
04840,0.8691028676964807,0.3927627089730467,1,0.33064669370651245,0.5983409881591797,0.2551439106464386,72.62874603271484,7.336566150592861,13.711024284362793,3.232421875,0.27081359128766447
04841,0.861050258462223,0.3815913055145579,1,0.22199994325637817,0.46266722679138184,0.4755849838256836,73.347900390625,4.516708621621982,12.493905067443848,4.140625,0.41939920134914976
04842,0.8908228767121955,0.42681985377594117,1,0.25963521003723145,0.46077218651771545,0.3237387537956238,71.96393585205078,4.505164074358596,9.266158103942871,3.59375,0.2988756466212881
04843,0.8744209644392087,0.3990258089265164,1,0.5015771389007568,0.7556546926498413,0.3813871145248413,69.0898208618164,8.25807017889131,10.20162582397461,2.58984375,0.19486058427844413
04844,0.8540077807156897,0.41786580436540016,1,0.2632952928543091,0.47885870933532715,0.35252857208251953,71.4006576538086,3.804935895615075,11.509521484375,3.56640625,0.3071937309436764
04845,0.7027218493226313,0.436923485300949,1,0.3602335453033447,0.6240302324295044,0.4010184407234192,72.48991394042969,4.999238142030042,10.451730728149414,2.51953125,0.5073600004354382
04846,0.860464311944597,0.4622972380534853,1,0.24479836225509644,0.45220673084259033,0.524379312992096,72.84860229492188,3.566837192521986,15.230698585510254,4.80859375,0.6050005408327561
04847,0.742755697062927,0.3760159086979077,1,0.3272966146469116,0.5483179688453674,0.5817968249320984,73.8602294921875,7.4662555056256545,11.580195426940918,4.57421875,0.6447663813972608
04848,0.7705852980188335,0.3426647499432549,1,0.28293412923812866,0.41043803095817566,0.5681685209274292,75.95259857177734,5.498588659761419,15.701455116271973,4.98828125,0.5847142538498037
04849,0.6247921407461458,0.27346452344272304,1,0.33024024963378906,0.6966723203659058,0.27148962020874023,64.74420166015625,6.24609231469728,10.548735618591309,2.9609375,0.14810400722799036
04850,0.7339750571119132,0.3838085303662494,1,0.24849623441696167,0.34836384654045105,0.40275636315345764,73.69281768798828,4.659977791813452,17.154809951782227,3.849609375,0.5800017911156766
04851,0.7294417915021705,0.46682851905068623,1,0.2416173815727234,0.4815385937690735,0.5217522978782654,67.2068099975586,4.780818786511584,13.603667259216309,4.3515625,0.30640364730615105
04852,0.904063272237705,0.4945027170478959,1,0.26677441596984863,0.554719090461731,0.3851190507411957,63.82732391357422,7.179322903017905,16.972326278686523,2.7578125,0.5396138004446381
04853,0.534446013189502,0.2400658466322191,1,0.3573493957519531,0.5176256895065308,0.5397346615791321,72.41487884521484,6.676120973522779,10.658818244934082,3.95703125,0.157840167418583
04854,0.7935258258214732,0.4057495166174164,1,0.2064446210861206,0.3758662939071655,0.4468853771686554,69.48625946044922,4.526156523752196,16.294906616210938,3.75,0.4331711790497058
04855,0.8612524055348822,0.4320474101088381,1,0.34205442667007446,0.5261731743812561,0.3754411041736603,70.81661987304688,4.991005798135008,8.314315795898438,2.416015625,0.40359012619423706
04856,0.8864277655356647,0.49920879486965936,1,0.25709056854248047,0.4845982491970062,0.4666033089160919,73.34628295898438,6.513245591117182,12.562124252319336,4.00390625,0.7338156842858621
04857,0.7511902574062574,0.38533944189920866,1,0.21239042282104492,0.44130855798721313,0.5132901668548584,75.41645812988281,3.762060436154585,12.523222923278809,4.83203125,0.6467596700723375
04858,0.7786759033569028,0.371322891984049,1,0.3301485776901245,0.5610781311988831,0.4203782081604004,71.4430923461914,5.401123920403539,11.362818717956543,3.103515625,0.3297477138717958
04859,0.8169748154461123,0.3815149725087472,1,0.23662525415420532,0.40063199400901794,0.5369504690170288,72.01934814453125,4.992796493742044,16.33561897277832,4.10546875,0.3914897315962099
04860,0.8912981910737042,0.4922673294669981,1,0.18516278266906738,0.24730683863162994,0.5302454829216003,73.754638671875,4.595204123520618,13.820881843566895,4.95703125,0.6450933958152685
04861,0.7954146564919758,0.40763234977741736,1,0.2793402075767517,0.5050952434539795,0.4485336244106293,75.8399658203125,5.802523307661122,12.140872955322266,4.375,0.39893911575487206
04862,0.8239523700750827,0.3851805355436039,1,0.19773715734481812,0.3986767530441284,0.4415638744831085,74.02455139160156,3.3821970340037293,15.856754302978516,4.765625,0.4222701690821637
04863,0.7466648586426876,0.39556962025316456,1,0.1416720747947693,0.26444441080093384,0.37172871828079224,73.5054931640625,3.9076750181357798,17.176105499267578,4.91015625,0.5502775747459687
04864,0.6951773578822978,0.36537084252442203,1,0.23127126693725586,0.4962916374206543,0.482943594455719,71.54850769042969,4.415342707453588,8.776463508605957,4.1640625,0.44255624516947967
04865,0.7450301561199117,0.3422743693852105,1,0.171905517578125,0.37389788031578064,0.5944392681121826,68.9730224609375,4.532270242139079,15.838457107543945,4.8984375,0.4240963060019942
04866,0.7258383184972342,0.3525736297734235,1,0.2743564248085022,0.34778404235839844,0.4682847559452057,69.96285247802734,4.926060401273859,15.025308609008789,4.7734375,0.3909724990223779
04867,0.7332358033155169,0.3197357635372969,1,0.3114474415779114,0.5653597712516785,0.4545283615589142,72.47048950195312,6.284837915227254,9.700304985046387,4.3125,0.25810568330809547
04868,0.7200092870089636,0.32592076901449935,1,0.240259051322937,0.48648953437805176,0.40122830867767334,73.38401794433594,3.1342274569362574,12.177976608276367,4.3046875,0.29798185214288525
04869,0.7109813406527236,0.3200872629635845,1,0.3037044405937195,0.5717811584472656,0.46101105213165283,72.8640365600586,4.834003650681541,11.094560623168945,4.60546875,0.31698610163469526
04870,0.7871894780335805,0.38528327226888776,1,0.27094870805740356,0.42718076705932617,0.47326403856277466,72.39998626708984,4.862259084187973,10.002432823181152,4.76953125,0.24145642129044245
04871,0.7668328791045125,0.4612853039731929,1,0.19616639614105225,0.45889705419540405,0.5722091197967529,76.99694061279297,3.6698492387479407,10.87134838104248,4.6796875,0.5688818157754395
04872,0.7839180369894654,0.4532806022776004,1,0.15625500679016113,0.28916507959365845,0.5039280652999878,75.65406036376953,3.679189296405176,16.074169158935547,4.9765625,0.5868847956154185
04873,0.7262919367323071,0.34857994664992936,1,0.2234387993812561,0.4935794174671173,0.46676236391067505,70.77613830566406,6.076865822550021,14.606422424316406,3.51953125,0.45665831470424434
04874,0.804674008827282,0.4309377044664072,1,0.3074713349342346,0.6026048064231873,0.4641970694065094,74.1604995727539,5.07693994277517,7.222046852111816,3.7265625,0.421610327088835
04875,0.5817845187187024,0.27412362857907413,1,0.2890503406524658,0.8614863753318787,0.4793365001678467,71.73747253417969,6.616056945548188,16.769794464111328,3.80859375,0.39327654845366206
04876,0.5757466635806636,0.29921566085434625,1,0.35332709550857544,0.7007940411567688,0.4978789985179901,70.9615249633789,7.148037733415454,12.929343223571777,3.611328125,0.47629320719611506
04877,0.8782385973995794,0.4443938945883852,1,0.3106192350387573,0.5391629338264465,0.38005778193473816,62.612815856933594,5.495917518348679,13.697758674621582,2.26953125,0.3667576999052086
04878,0.7765924576563319,0.3664447558981546,1,0.23705554008483887,0.4393540620803833,0.50444096326828,73.88652038574219,3.91481106813036,13.6728515625,4.89453125,0.4620967155642167
04879,0.7100283828997351,0.31784278459585275,1,0.22532594203948975,0.44883209466934204,0.34576717019081116,70.27481079101562,5.048575179803582,15.31768798828125,4.03515625,0.35097688745842565
04880,0.692493267072073,0.40811301591209875,1,0.21675783395767212,0.3762030303478241,0.5024526715278625,69.646728515625,4.3265595617261985,13.904401779174805,3.494140625,0.5181398022184012
04881,0.9173055197603465,0.45009385720758627,1,0.4103626012802124,0.6055998802185059,0.308733195066452,70.59951782226562,6.466984307200384,9.611122131347656,2.84765625,0.179918158415931
04882,0.7521784559129866,0.4104738770636914,1,0.2587467432022095,0.5761468410491943,0.3619745373725891,73.01058959960938,6.618201728568548,11.743645668029785,3.966796875,0.5649108565151274
04883,0.8231031322952792,0.38466629895201326,1,0.23366105556488037,0.36995065212249756,0.5785301923751831,74.36775207519531,7.006466513738275,14.677173614501953,4.89453125,0.7906768585070407
04884,0.82286533613757,0.4041718066614332,1,0.22526496648788452,0.4837944507598877,0.4851078391075134,76.52021026611328,4.637580161315961,10.654069900512695,4.51953125,0.35740117841614266
04885,0.8620541807605814,0.561946781398153,1,0.3584975600242615,0.43185096979141235,0.44905441999435425,74.0381088256836,5.027828110710845,9.196332931518555,2.9375,0.3647452273475648
04886,0.8579832578906964,0.3984619934930494,1,0.2682756185531616,0.49044084548950195,0.5781450867652893,76.483642578125,4.595543939301616,14.922660827636719,4.953125,0.727936333495076
04887,0.7644246584870098,0.39908466819221966,1,0.23354536294937134,0.40761691331863403,0.5242183208465576,69.18885040283203,6.79092251769942,12.192319869995117,4.1171875,0.6080350095924979
04888,0.7404957168925067,0.4420481193566852,1,0.1836450695991516,0.33831876516342163,0.49295979738235474,72.5466537475586,4.385632139651862,15.315855979919434,4.8125,0.535231729601061
04889,0.8867336664273314,0.46466602129719264,1,0.149614155292511,0.28405019640922546,0.6119490265846252,74.21315002441406,5.4887800497261106,13.86368179321289,4.84765625,0.746564626149585
04890,0.7444562965806921,0.33719642433351793,1,0.28009116649627686,0.5852386355400085,0.49545037746429443,67.14241790771484,5.447671940213848,12.797688484191895,4.01171875,0.41552696456668853
04891,0.6820849004394123,0.3282885922691411,1,0.26633793115615845,0.5218430757522583,0.41841042041778564,74.34516906738281,6.608878668244481,12.795153617858887,3.923828125,0.447234480013327
04892,0.7649204298902172,0.3451707490448124,1,0.38488054275512695,0.5473737716674805,0.4681435525417328,71.97567749023438,4.924676262008096,3.403952121734619,4.73046875,0.23041111115639282
04893,0.8794816012381732,0.45021946631366266,1,0.25598782300949097,0.39711424708366394,0.607232928276062,71.63152313232422,7.405976288926496,10.6641206741333,4.65234375,0.608732973343537
04894,0.8537176131866216,0.5140377851260557,1,0.25938260555267334,0.5016522407531738,0.5719802975654602,74.92239379882812,3.8439369247874584,9.679641723632812,4.91796875,0.39624686934036335
04895,0.8061433296610736,0.4946700109735068,1,0.21947866678237915,0.3747972846031189,0.5459682941436768,74.76625061035156,5.581834001468045,10.22900676727295,4.84375,0.6031648868666503
04896,0.8939420367494821,0.6645776566757493,1,0.36151373386383057,0.4913256764411926,0.5827840566635132,76.20056915283203,6.159918352602229,12.283421516418457,3.90625,0.5606992265448063
04897,0.6826581337745669,0.367309317151855,1,0.2135523557662964,0.3349146246910095,0.5590481162071228,73.94156646728516,3.860498663988065,11.340778350830078,4.84765625,0.5289548023416117
04898,0.807211070518052,0.4007452574525745,1,0.2429925799369812,0.5916584134101868,0.5066041946411133,76.58238983154297,5.48578556799379,14.247867584228516,4.7109375,0.754493820661912
04899,0.8815716307979065,0.4759182412149038,1,0.25020748376846313,0.3706311583518982,0.4748653769493103,74.02888488769531,3.8706637030296167,10.375953674316406,3.96484375,0.3800284998501996
04900,0.6608576781532975,0.35053288276579153,1,0.27396702766418457,0.4988843500614166,0.33307939767837524,66.48593139648438,4.926782003842219,14.870448112487793,3.970703125,0.4658822113945319
04901,0.8431077116120916,0.38730568400425375,1,0.25880753993988037,0.4300278425216675,0.46977418661117554,75.21305847167969,4.815060888731615,11.897444725036621,3.689453125,0.36822562473637693
04902,0.6574602167374314,0.39632781012091356,1,0.28484171628952026,0.6219210624694824,0.5109172463417053,73.54395294189453,6.2811650734973945,11.561511993408203,3.951171875,0.5836248659097225
04903,0.8781232388944721,0.48828923544185504,1,0.17930889129638672,0.28622710704803467,0.6283180117607117,75.58501434326172,5.84443673735545,14.22641372680664,4.9453125,0.6283808760718572
04904,0.7321399922451052,0.4285831151832461,1,0.18506693840026855,0.3949991464614868,0.5177551507949829,75.48224639892578,3.969300496806487,12.390501022338867,4.96484375,0.48150780049558145
04905,0.44093388701532277,0.21660696841419733,1,0.2880600094795227,0.4618692994117737,0.4749029874801636,61.78361892700195,7.18161498259019,14.067728042602539,4.75,0.3746176259552664
04906,0.611522166172716,0.3063652252353837,1,0.24317514896392822,0.456289678812027,0.501625657081604,66.94082641601562,5.9521990638738895,11.818543434143066,4.125,0.5793995348431722
04907,0.784314343829331,0.45053835800807535,1,0.3453812599182129,0.5600181818008423,0.5448614358901978,67.7601318359375,7.184259197176344,7.122199058532715,4.05078125,0.468723338253724
04908,0.7247395696227319,0.3989022067883948,1,0.31479305028915405,0.5494688749313354,0.44907519221305847,67.16761779785156,4.568476178934867,9.93416976928711,3.619140625,0.413535010715093
04909,0.6170863843588507,0.36791210023264287,1,0.21081042289733887,0.3577611446380615,0.5199012756347656,73.07328033447266,4.964482463443086,11.908492088317871,4.703125,0.5410027820376934
04910,0.2723900836131735,0.1165182330875035,1,0.3815653920173645,0.6484953761100769,0.4309760630130768,67.82279968261719,4.8593087191911275,9.92861557006836,3.353515625,0.26979076575115013
04911,0.4456854829109683,0.18049261083743842,1,0.367962121963501,0.6860040426254272,0.39334335923194885,63.745338439941406,7.214216712920248,6.810911178588867,3.33984375,0.4005229672984956
04912,0.7476798555581757,0.3647619047619048,1,0.39778417348861694,0.6052486300468445,0.3117755949497223,73.826416015625,7.936803345272884,11.72636604309082,2.58984375,0.3296097941091434
04913,0.8729353692895713,0.48700696055684456,1,0.24837201833724976,0.5060568451881409,0.39636605978012085,75.3490982055664,4.021465670063403,10.303421020507812,3.578125,0.45631798667036344
04914,0.8671962186068699,0.4307796502131389,1,0.28606361150741577,0.5408812761306763,0.40510034561157227,71.00765991210938,5.028182672446972,11.343531608581543,3.96484375,0.3902563993675106
04915,0.7649717675063517,0.3464351289951141,1,0.3407706022262573,0.7614557147026062,0.3539097309112549,70.90314483642578,6.40208631035191,8.48041820526123,3.126953125,0.3973871930913769
04916,0.6099150696583279,0.37336209220814237,1,0.2113128900527954,0.41080406308174133,0.4728226661682129,71.57626342773438,5.650223753652058,17.017410278320312,3.775390625,0.6571576981402962
04917,0.8472067076496368,0.40482847379399106,1,0.32761842012405396,0.5540294647216797,0.46707683801651,74.0428695678711,5.518381397900696,13.031496047973633,2.32421875,0.6711367063625249
04918,0.8154999555668533,0.4010720028586743,1,0.23167920112609863,0.5172141790390015,0.4809780716896057,75.5672607421875,5.0249508294722345,12.08213996887207,4.7265625,0.5068992971505447
04919,0.8346785048116353,0.4386789960369881,1,0.17209595441818237,0.3460500240325928,0.5341562032699585,73.7843246459961,4.233921677160868,12.043128967285156,4.88671875,0.42073625164503803
04920,0.8687409115805292,0.48112058465286234,1,0.34105217456817627,0.6719479560852051,0.36570340394973755,69.77108764648438,6.635198502605684,5.469035625457764,3.822265625,0.40811454434972616
04921,0.899026145962466,0.398457723643696,1,0.3130849599838257,0.5846989154815674,0.5016442537307739,73.64842224121094,7.470015392359027,12.805072784423828,3.8828125,0.455272356950713
04922,0.7647376756382424,0.4029937185369983,1,0.24312955141067505,0.46497124433517456,0.4996298849582672,70.58688354492188,4.2768519438475465,11.835322380065918,4.109375,0.5185862761041576
04923,0.9082209280131224,0.5544447931142691,1,0.20782291889190674,0.3617275357246399,0.5174619555473328,72.60392761230469,7.196646115958684,11.263910293579102,4.9140625,0.7035019431983784
04924,0.8397402300967064,0.4545339144416706,1,0.197948157787323,0.37902286648750305,0.4840461015701294,74.3477554321289,3.4800643598714918,12.741477966308594,4.6328125,0.3785427659229414
04925,0.8480810954590451,0.37678061635312204,1,0.21956086158752441,0.42174234986305237,0.46387919783592224,74.09769439697266,5.44423344324177,12.932195663452148,4.56640625,0.4859791011095437
04926,0.726614691019461,0.3293291599695457,1,0.2988218665122986,0.4663000702857971,0.43166130781173706,72.74945831298828,4.663278316147394,14.295644760131836,3.763671875,0.6085903153951813
04927,0.6689832712209575,0.3314495750057432,1,0.30043935775756836,0.5841611623764038,0.47576114535331726,76.08084869384766,3.939251959477123,8.613451957702637,4.88671875,0.551546406595148
04928,0.738316074880791,0.38563751254945966,1,0.27047646045684814,0.5854116082191467,0.3611582815647125,64.74249267578125,5.125038978965612,12.938223838806152,4.09765625,0.484818560006866
04929,0.8181848352766777,0.45138656866020715,1,0.29321497678756714,0.3221197724342346,0.510805070400238,68.08734130859375,9.02897954611548,16.565271377563477,4.5625,0.8142775862562914
04930,0.55779131710621,0.2494321977287909,1,0.27152174711227417,0.5587071180343628,0.4309392273426056,69.03473663330078,7.391089301347204,12.853774070739746,3.50390625,0.34109774999913484
04931,0.7601641559258495,0.4176225023304827,1,0.26334619522094727,0.46287304162979126,0.5406449437141418,76.73191833496094,4.752601965385577,11.324734687805176,4.03125,0.566373781931007
04932,0.6890511580576129,0.3417554576059418,1,0.3828466534614563,0.6024829745292664,0.4048689007759094,68.75810241699219,5.975468364824329,7.681835174560547,3.0390625,0.1720350615937924
04933,0.8382568966350048,0.6119038436817071,1,0.3688125014305115,0.5950194597244263,0.45889464020729065,72.7129898071289,7.283079778003589,13.126777648925781,3.96484375,0.6934503797335563
04934,0.7489563956871562,0.325774251343742,1,0.3724466562271118,0.6147868037223816,0.3155500888824463,68.78019714355469,7.518301776500048,15.901021957397461,1.8447265625,0.376571250261368
04935,0.8199035341344453,0.5086765537337451,1,0.28101253509521484,0.5222655534744263,0.41919034719467163,75.69673156738281,6.190078157190836,13.576719284057617,3.822265625,0.5924886480507445
04936,0.9360670063175816,0.420038689880595,1,0.4526471495628357,0.7538353204727173,0.41004467010498047,76.10517883300781,8.839411715401164,11.672273635864258,3.765625,0.14234004379766108
04937,0.7911052721704748,0.4084098256211803,1,0.23458069562911987,0.4732849597930908,0.44322869181632996,75.30525207519531,3.7536465715494547,9.177142143249512,4.55078125,0.3170924960585817
04938,0.7431496010703694,0.3971176941553243,1,0.2739741802215576,0.5693870186805725,0.4809678792953491,68.80201721191406,4.13176734507207,10.402840614318848,4.41015625,0.3838070219739646
04939,0.9017021044923692,0.42321619829652674,1,0.23075073957443237,0.40221649408340454,0.4635346531867981,75.41139221191406,4.958237236437015,12.699239730834961,4.515625,0.44617533583239155
04940,0.8703409245785769,0.380712593795034,1,0.2895890474319458,0.4735926389694214,0.5060200691223145,72.38407135009766,6.234902689933516,14.791385650634766,3.818359375,0.5511717142754705
04941,0.5422926342098899,0.26719182944422815,1,0.26998233795166016,0.5127601623535156,0.49638399481773376,72.2242431640625,4.5604218428468135,9.925090789794922,4.15625,0.37071270752355273
04942,0.8390613575598844,0.46010695187165773,1,0.19418752193450928,0.3553771674633026,0.5237283110618591,74.03141021728516,3.9647782107470504,11.92508602142334,4.82421875,0.40754759034244886
04943,0.8246807354732221,0.476409666283084,1,0.18029475212097168,0.4724390208721161,0.49082550406455994,70.13429260253906,4.266222898669434,14.298758506774902,3.6640625,0.6212758409676672
04944,0.782064157226926,0.48867215279894344,1,0.3064281940460205,0.6536633372306824,0.3312567174434662,67.32186889648438,6.456124606606623,9.581376075744629,3.94140625,0.4930949031960923
04945,0.7796402741068145,0.409431032048567,1,0.283042311668396,0.5104259848594666,0.4006790816783905,68.67320251464844,4.1712681046073214,14.910435676574707,3.7734375,0.4244716026594601
04946,0.8063531779615972,0.3666584706171625,1,0.3334128260612488,0.5333033800125122,0.5113347172737122,74.21125793457031,6.9151551988859685,10.723237991333008,4.26171875,0.5247737707002079
04947,0.8335697896312142,0.4392028198363963,1,0.20288801193237305,0.47722354531288147,0.653464674949646,74.7158432006836,4.860748633845127,7.659411430358887,4.97265625,0.4831477170945109
04948,0.8407489953725721,0.38374015156394237,1,0.2702729105949402,0.6214585304260254,0.3544352650642395,73.18187713623047,6.957245750824347,13.985133171081543,3.294921875,0.289591862494289
04949,0.8873390329533464,0.5079899074852817,1,0.23647940158843994,0.4651626646518707,0.38677966594696045,73.00296020507812,6.031148370886357,12.335441589355469,3.791015625,0.5214733527376606
04950,0.7282809041129609,0.36261708770933865,1,0.2233911156654358,0.402610182762146,0.42869454622268677,71.71817016601562,4.183141235754357,12.407096862792969,4.6171875,0.3556557476050615
04951,0.7935557022569822,0.45828939335072433,1,0.17734485864639282,0.363762766122818,0.48189210891723633,73.9540023803711,4.131942712427712,11.894033432006836,4.78515625,0.5295920098590676
04952,0.8118883632591455,0.3859102963219186,1,0.2592044472694397,0.49793893098831177,0.465415894985199,71.9643783569336,3.394980076716453,10.256694793701172,4.859375,0.3287777215694053
04953,0.7677782411009291,0.3821106674272675,1,0.19468063116073608,0.47435566782951355,0.5459368228912354,75.03221130371094,3.6320532480488876,13.959202766418457,4.82421875,0.4775140275022614
04954,0.8644334278793053,0.4303519603187167,1,0.2153003215789795,0.4677639901638031,0.3301076889038086,70.47607421875,4.089876868971647,12.557638168334961,3.173828125,0.34339293245771385
04955,0.8170587960873118,0.3865166671284879,1,0.3833838105201721,0.6436110734939575,0.3162629008293152,69.83799743652344,8.515899558840065,16.026752471923828,2.701171875,0.28655621256919755
04956,0.6056464678878383,0.2709340445629827,1,0.302254319190979,0.4668109714984894,0.6123172044754028,76.2021713256836,7.092811567737999,11.098652839660645,4.9921875,0.4363971418936706
04957,0.9139793719853544,0.5034659576488463,1,0.21996277570724487,0.3339480757713318,0.38426685333251953,75.32249450683594,5.429249976570096,10.542988777160645,3.623046875,0.5088495611051007
04958,0.7694449530701792,0.37417267245183117,1,0.3599541187286377,0.6354576945304871,0.43749523162841797,73.47705078125,6.000399857018825,9.070731163024902,3.91015625,0.30968285447649807
04959,0.6176818687939504,0.3373348534638857,1,0.26415371894836426,0.5676213502883911,0.61115562915802,72.80131530761719,5.33926890299884,11.6434965133667,4.8671875,0.5156022203360406
04960,0.736111157887174,0.3862206975414523,1,0.3567163348197937,0.5733267068862915,0.5777023434638977,75.17887878417969,7.154040412104025,10.070353507995605,4.96484375,0.5588701480664381
04961,0.8541279122714712,0.49569432026728155,1,0.3036383390426636,0.4970133602619171,0.3703766465187073,69.27642059326172,4.602231502877951,10.179861068725586,3.96484375,0.45710879238594204
04962,0.8084728473689522,0.3895919813708616,1,0.26863545179367065,0.5139284729957581,0.37624749541282654,73.8211441040039,4.004877395072612,9.69524097442627,4.328125,0.31331586217020735
04963,0.6915701273513208,0.29080125790675704,1,0.35031265020370483,0.527679979801178,0.4434959590435028,71.89635467529297,7.966967084300991,12.012900352478027,3.005859375,0.3168661416913987
04964,0.6783748154733814,0.28511111652416793,1,0.3645471930503845,0.6815767884254456,0.3433816134929657,71.41624450683594,7.06256900708083,10.958370208740234,3.3046875,0.11881867884986497
04965,0.6891107639541094,0.3219653273108356,1,0.35766178369522095,0.6387993097305298,0.30551642179489136,72.66735076904297,6.0357516853242945,9.275455474853516,2.775390625,0.24032643393247138
04966,0.8254809525929864,0.49766271125494427,1,0.17166030406951904,0.32984432578086853,0.4897754192352295,71.05728149414062,4.721325465634763,15.90770149230957,3.958984375,0.6853713450975562
04967,0.8056448373681787,0.3674103181645329,1,0.29335641860961914,0.6224853992462158,0.3746495246887207,72.32999420166016,7.070950784439269,13.945560455322266,3.78515625,0.26860877529512456
04968,0.48139476310433504,0.27825313163118626,1,0.3252047300338745,0.5368972420692444,0.44416290521621704,67.993896484375,4.093848937745888,10.123311996459961,3.21875,0.2552979892361145
04969,0.6403752787286194,0.32627064121809995,1,0.28229081630706787,0.5288573503494263,0.5706284046173096,74.37677001953125,5.095911861498418,7.403002738952637,4.203125,0.26385431985624597
04970,0.8372196199053559,0.46847773669828,1,0.36301761865615845,0.6002761125564575,0.36099740862846375,69.94408416748047,5.720440279188989,12.8064546585083,3.35546875,0.3645510727412768
04971,0.7335767476524587,0.3529559643021746,1,0.2613251805305481,0.4543711245059967,0.560042142868042,75.6143798828125,3.679516899780641,12.708353996276855,4.51171875,0.5176035608970271
04972,0.8158746068728625,0.40442240132258733,1,0.22327077388763428,0.38859671354293823,0.53509521484375,71.60279846191406,8.014886809102679,15.374550819396973,4.15625,0.7748883624539972
04973,0.7804375008638468,0.42003430531732416,1,0.2882242798805237,0.3808892071247101,0.5971906185150146,76.02327728271484,6.314172340271596,9.702201843261719,4.97265625,0.6083348655982774
04974,0.6964038221894442,0.350440497832471,1,0.2462906837463379,0.5041956305503845,0.5262186527252197,73.13871002197266,5.442168099102535,15.913923263549805,4.5,0.5527330378963298
04975,0.723309757534193,0.33966895336396247,1,0.24568325281143188,0.44545164704322815,0.5039721131324768,73.16484832763672,5.3653485380151995,11.720504760742188,4.08984375,0.5010992563116251
04976,0.8264172057392456,0.42075973868860395,1,0.20090854167938232,0.36547356843948364,0.4824496805667877,75.78169250488281,4.231243565191436,13.876998901367188,4.453125,0.5135789896925681
04977,0.817067461744193,0.5049144119271121,1,0.351329505443573,0.5528028011322021,0.4285755455493927,66.40088653564453,7.1728958692955835,15.825952529907227,4.69140625,0.6390996101889359
04978,0.8597512792758197,0.5081578732329147,1,0.23836970329284668,0.3663340210914612,0.48101818561553955,73.40499114990234,3.8338623465451027,10.692538261413574,4.2421875,0.5888088699937557
04979,0.7441155317821831,0.35107616960948573,1,0.3144600987434387,0.5473031401634216,0.23353442549705505,64.99918365478516,7.024602619502518,12.255332946777344,2.396484375,0.33883308865433964
04980,0.6810076416214963,0.3745906171579261,1,0.2803495526313782,0.4790303707122803,0.37118810415267944,68.90349578857422,5.7674406694150875,11.94612979888916,3.234375,0.30642920273419855
04981,0.49961049997879037,0.20278306374881067,1,0.3544420599937439,0.49086225032806396,0.5259844660758972,75.67817687988281,5.49355545426683,14.102721214294434,4.62890625,0.5931669562013984
04982,0.8676900533948607,0.39699307878266055,1,0.28336942195892334,0.5265557765960693,0.43919190764427185,73.78819274902344,6.7557625054646655,6.962719440460205,3.62890625,0.3499088196455981
04983,0.8931417521828946,0.3869474973629589,1,0.29446059465408325,0.3731617033481598,0.45837488770484924,72.312255859375,5.9991068354725865,13.424086570739746,4.10546875,0.727687850406232
04984,0.8269391419551743,0.5075783972125436,1,0.14254242181777954,0.28422778844833374,0.5457426309585571,74.74665069580078,4.267731932693426,14.040315628051758,4.84765625,0.5135242398822187
04985,0.8142052127677375,0.4233593658934608,1,0.29099518060684204,0.46841663122177124,0.5837441682815552,74.27904510498047,5.746568441575472,12.911676406860352,4.52734375,0.6409914729766186
04986,0.7794753753311394,0.4320073099892308,1,0.1594824194908142,0.3765560984611511,0.5883434414863586,76.54326629638672,3.7055264688442873,12.146382331848145,4.98828125,0.6062978689653493
04987,0.7299537363763604,0.4703616878767582,1,0.17925018072128296,0.3831491470336914,0.5746247172355652,72.99404907226562,6.803820915909895,13.170293807983398,4.6953125,0.6152512238731609
04988,0.685737049698979,0.3631092589237181,1,0.3381839990615845,0.8305261135101318,0.34953752160072327,63.322776794433594,5.815657141639678,9.747218132019043,4.28125,0.4416433251354166
04989,0.7631126666838915,0.382514218674284,1,0.19096392393112183,0.5053991079330444,0.4131472408771515,70.77310180664062,5.264046698120373,13.226461410522461,4.22265625,0.39718528349197474
04990,0.9142117299075575,0.44980992499743144,1,0.2164037823677063,0.3887229561805725,0.555475115776062,73.88749694824219,4.293414803969337,10.846364974975586,4.8515625,0.3359203966577602
04991,0.8925482229943033,0.4268723042739511,1,0.2290300726890564,0.5637652277946472,0.2793940603733063,66.92778778076172,6.17486754959094,15.726806640625,2.93359375,0.47991175388730206
04992,0.7503845934943933,0.4338996624907042,1,0.21691739559173584,0.38530877232551575,0.546669065952301,72.58563995361328,4.552286033746418,10.335002899169922,4.59765625,0.4812056814172441
04993,0.6536669788238078,0.3030743008648444,1,0.3040679097175598,0.5310369729995728,0.5072176456451416,72.01863861083984,5.289814239162751,14.585851669311523,3.974609375,0.43490238753948846
04994,0.7649015197340335,0.37226441631504925,1,0.3368871808052063,0.6608018279075623,0.5619511008262634,76.33885192871094,5.783951687273435,9.19653606414795,4.8984375,0.4977044571056371
04995,0.8081446593464399,0.4437373693941609,1,0.24023813009262085,0.5146471858024597,0.46804186701774597,71.55436706542969,4.453147724482166,11.67101001739502,3.642578125,0.45862858381824545
04996,0.8889131891634401,0.5630520378844313,1,0.15454822778701782,0.3253444731235504,0.4962139129638672,75.09400939941406,4.319961764911968,14.647026062011719,4.47265625,0.6177583464904617
04997,0.7837423812787201,0.3944788262290522,1,0.3357071876525879,0.39531174302101135,0.4695715606212616,70.56816101074219,4.996727089563204,11.155715942382812,3.990234375,0.6033562962763349
04998,0.800365234004658,0.45476793611266153,1,0.18545395135879517,0.4126371741294861,0.6003928184509277,73.64334869384766,5.214182946903361,14.029010772705078,4.890625,0.5760795039931147
04999,0.8458566121360204,0.4174185011427884,1,0.23130464553833008,0.2546757459640503,0.5768904089927673,75.65382385253906,6.933902441925677,11.667215347290039,4.9609375,0.7243439970845443
