sample_id,canny_f1,canny_f1_strict,dists,lpips,maniqa,musiq,niqe,psnr,qalign,ssim
00000,0.8257145360022239,0.32959158392254767,0.303855836391449,0.7508577108383179,0.5775005221366882,71.17137908935547,5.9062561951584485,15.624088287353516,4.171875,0.4916169549225202
00001,0.5806001120383397,0.26788067569186536,0.23883318901062012,0.4923187792301178,0.5117228627204895,62.68505096435547,4.443158402589115,19.085371017456055,4.75390625,0.5712046329056323
00002,0.8803108028632504,0.3642952206512143,0.2230350375175476,0.5029780864715576,0.6741524934768677,75.3193359375,4.565299533138965,12.107658386230469,4.76171875,0.3862487308262628
00003,0.6796611199368264,0.26919542150555603,0.31520628929138184,0.6250231266021729,0.5287582278251648,72.03141784667969,5.015783106765364,13.765617370605469,4.76953125,0.45544364301175233
00004,0.6767797073472749,0.2520101565806179,0.34858280420303345,0.6957221627235413,0.5933657884597778,68.97574615478516,4.704896605290713,10.658966064453125,4.015625,0.5147877228920089
00005,0.8288922421174875,0.3504680067515728,0.32100987434387207,0.5528468489646912,0.5787388682365417,69.23831939697266,3.1032339331228505,9.018234252929688,3.904296875,0.2418118674385823
00006,0.6998273951505564,0.33265680873683195,0.2963263988494873,0.5768151879310608,0.4789053201675415,69.2961196899414,3.8221694689213694,10.199275016784668,3.43359375,0.46653279679001164
00007,0.8970804538680988,0.33954438655633873,0.251889705657959,0.4652540683746338,0.6576287150382996,75.02336883544922,6.084282901849063,15.523886680603027,3.83984375,0.30134477411098615
00008,0.861416991381886,0.3608955885612946,0.1929798722267151,0.32834410667419434,0.6539499163627625,74.98806762695312,3.7513109369330158,13.719964981079102,4.84765625,0.43281426422776376
00009,0.8886708311251359,0.3516563680054926,0.2430238127708435,0.5267425179481506,0.7224851846694946,76.74827575683594,3.835307750665903,10.924559593200684,4.9375,0.29061709536246555
00010,0.8705482604275677,0.374421358596189,0.24724739789962769,0.4677587151527405,0.6184908151626587,70.36437225341797,2.630635271152914,8.280263900756836,4.8671875,0.23542261525810548
00011,0.848970534555108,0.4617787665073129,0.2262967824935913,0.46111026406288147,0.6944826245307922,75.75676727294922,3.6097260755544442,9.5752592086792,4.4609375,0.4882346740600605
00012,0.8629816079546112,0.34430732929738295,0.29122650623321533,0.630455732345581,0.6433773040771484,72.60508728027344,4.521034877751837,11.17499828338623,4.16015625,0.18829879029707605
00013,0.7222926887735245,0.3068393270800896,0.24446231126785278,0.4285171329975128,0.6824775338172913,73.88751220703125,2.9822477338371893,12.372703552246094,4.58203125,0.36019694726333146
00014,0.8580534938980893,0.34364700171184753,0.31534457206726074,0.6040475964546204,0.5767490267753601,72.02235412597656,7.648538166565759,13.272332191467285,3.896484375,0.617521873711724
00015,0.8127504420807342,0.41806730806383063,0.22523963451385498,0.35235241055488586,0.5858064889907837,67.22090911865234,4.423100008056066,14.737845420837402,3.896484375,0.580074528524896
00016,0.8010817181579653,0.32363706829730426,0.3350827693939209,0.5348414778709412,0.6087192893028259,69.57563781738281,5.5439032902535885,11.41351318359375,3.740234375,0.22700278880097205
00017,0.7998790375684721,0.43325770467006997,0.36575376987457275,0.6213780045509338,0.32949376106262207,69.1417007446289,8.276401987142952,10.933036804199219,2.767578125,0.509500742065122
00018,0.8159026232929925,0.3031641978438545,0.21325045824050903,0.3110935389995575,0.6885716915130615,76.67333221435547,4.43332952422014,12.334159851074219,4.96484375,0.3392697171529406
00019,0.6763091278053506,0.32519003681216235,0.2333783507347107,0.389157772064209,0.7122576236724854,75.91659545898438,5.142392033764466,11.786209106445312,4.99609375,0.5627605971728503
00020,0.4979390752267324,0.22445191391160388,0.30102479457855225,0.4775621294975281,0.7513666749000549,75.79940795898438,5.390048260644361,9.642221450805664,4.9765625,0.4385036444053586
00021,0.8162703758396349,0.36883874281359247,0.2556438446044922,0.4014682173728943,0.543063223361969,70.94003295898438,3.4040757141197227,10.7155179977417,4.59375,0.25556675271857776
00022,0.7867123824568457,0.29489333763617953,0.25140392780303955,0.5312921404838562,0.7454215288162231,76.20392608642578,3.9712424950329095,13.440685272216797,4.48046875,0.22547745373709582
00023,0.8281149767087886,0.4183778117094738,0.181232750415802,0.2958918809890747,0.7095993161201477,73.26245880126953,3.976719395616197,14.097896575927734,4.95703125,0.5881784569841267
00024,0.8619931187487239,0.41266818671544186,0.16038060188293457,0.23917585611343384,0.5751739740371704,75.05690002441406,3.515342408960447,14.622383117675781,4.7421875,0.634183316600502
00025,0.6843597609130495,0.2596455950735202,0.3573206663131714,0.8472967147827148,0.6711220145225525,73.34605407714844,5.444775032789999,13.030632972717285,4.2265625,0.20426082887355276
00026,0.6159640922981154,0.32171925011431185,0.20912331342697144,0.4538506865501404,0.5489811897277832,74.74393463134766,3.3852253704078232,10.087471008300781,4.734375,0.535777857053036
00027,0.840701152149733,0.4260054045461771,0.18885576725006104,0.40122392773628235,0.6823292374610901,75.48563385009766,6.283419149233642,11.805578231811523,4.7421875,0.5610352412870863
00028,0.7482392130524487,0.41058244462674326,0.26227009296417236,0.43694868683815,0.7274819612503052,75.62213134765625,4.826334265040838,13.201513290405273,4.95703125,0.5505627306441547
00029,0.753046904137458,0.4004605709899324,0.21940749883651733,0.5642163753509521,0.6782283186912537,75.25990295410156,3.6707939569892774,9.207256317138672,4.90234375,0.5255531424390363
00030,0.7513417817172131,0.32789473684210524,0.3816295862197876,0.7006195783615112,0.5852828025817871,71.71654510498047,8.009926382317904,11.231074333190918,2.80859375,0.2464278936840305
00031,0.8189840729523553,0.408414442700157,0.2702500820159912,0.5245295763015747,0.6926043033599854,74.66844177246094,5.100835061868009,10.252998352050781,4.64453125,0.4913716247930469
00032,0.739574286175286,0.3364892429665551,0.24916177988052368,0.43431711196899414,0.5468841195106506,67.26122283935547,3.8508449495472843,15.466707229614258,4.5703125,0.3699863869544008
00033,0.6632264841794612,0.2601665142692141,0.28513479232788086,0.8019576072692871,0.6501092314720154,70.7308120727539,7.744024716347433,14.029556274414062,4.26953125,0.4152739811899724
00034,0.7323030404707338,0.30859574816360774,0.2596869468688965,0.3925308287143707,0.5695950388908386,68.9097900390625,5.783024709846568,14.133254051208496,4.6640625,0.4172725353811976
00035,0.7086700009244868,0.26798168670574646,0.2904921770095825,0.5028868913650513,0.65294349193573,73.45011138916016,4.504639895136562,13.105138778686523,4.38671875,0.4828959385796246
00036,0.8188218628076587,0.30809431584124936,0.2376728057861328,0.4388824999332428,0.8179001212120056,76.05384826660156,5.528604842201933,13.5741605758667,4.94921875,0.3910590229722404
00037,0.7626031476466485,0.3269910992948792,0.30780184268951416,0.5347646474838257,0.6647167205810547,75.73692321777344,4.935347991784964,13.599682807922363,3.931640625,0.4829250315312861
00038,0.7526110272837061,0.37613796166086894,0.25354254245758057,0.4740501046180725,0.615328311920166,67.66787719726562,5.731672568700002,9.341973304748535,4.5,0.5018264260344679
00039,0.8260154460301209,0.30661868683965465,0.3966634273529053,0.714166522026062,0.6265018582344055,67.49305725097656,5.089099253152083,10.732111930847168,4.359375,0.28098066173397157
00040,0.8560292823652725,0.41071602262147927,0.2655210494995117,0.3398718237876892,0.6647084355354309,73.6593246459961,4.2354024340273435,12.282720565795898,3.853515625,0.48145539720538816
00041,0.6443280787663666,0.27230198419099855,0.22538894414901733,0.47798213362693787,0.6119495630264282,69.00084686279297,3.2806289775726647,15.784110069274902,4.76953125,0.3999067266084504
00042,0.7378002130022717,0.2930361633856561,0.2863929867744446,0.6653429269790649,0.6718242168426514,72.3359603881836,5.555006123660989,12.573577880859375,4.11328125,0.43397563864673366
00043,0.7532720585758038,0.3787465940054496,0.2849307060241699,0.5201542377471924,0.5681759119033813,70.45934295654297,5.891712612189041,11.817778587341309,4.19140625,0.4775008296104003
00044,0.7788209269700307,0.3761616348421101,0.26041561365127563,0.4699181914329529,0.6505919694900513,76.09304809570312,4.8270745882209,15.341839790344238,4.76171875,0.6640105171745208
00045,0.8124166050442695,0.3026097568607817,0.3075275421142578,0.5453420877456665,0.5545565485954285,71.91664123535156,4.493492613102757,11.623930931091309,3.96484375,0.16532183798870426
00046,0.8180494996172613,0.4092857142857143,0.33481365442276,0.5191303491592407,0.742433488368988,75.3741683959961,6.3452424515317425,9.011045455932617,4.97265625,0.4614873014983222
00047,0.7955262696143692,0.4214036606165517,0.19354867935180664,0.4183352589607239,0.715358316898346,74.2817611694336,3.4851886047998413,10.489679336547852,4.96875,0.4774964655763063
00048,0.5831934185244164,0.23478429417954255,0.4068998694419861,0.522360622882843,0.5025520920753479,65.92298889160156,3.43868587336141,9.631333351135254,3.859375,0.21906983781536607
00049,0.7623403993958349,0.3281787455508031,0.24858814477920532,0.5272444486618042,0.469705194234848,75.50745391845703,2.864898000097115,11.685656547546387,4.58984375,0.39289909852034693
00050,0.9700557871123769,0.6515604866010003,0.3526674509048462,0.23753847181797028,0.4522201418876648,67.57704162597656,10.207869809441803,12.31387710571289,3.953125,0.40767732349032665
00051,0.8352244868936675,0.33715539218592516,0.3423271179199219,0.5995276570320129,0.6664283275604248,73.18028259277344,5.439226237388807,11.280251502990723,4.12890625,0.3272904282876794
00052,0.6959628821501337,0.28417916050773095,0.22960227727890015,0.6363193392753601,0.49920451641082764,76.3835678100586,3.00272532792556,9.919515609741211,4.6171875,0.32945572080783464
00053,0.22971466581502403,0.10241075282076577,0.32443326711654663,0.4596174359321594,0.7202616930007935,77.0468521118164,4.879638784906778,9.64685344696045,4.9453125,0.4420069530110581
00054,0.8340584478055015,0.36011602610587384,0.47796547412872314,0.8611568212509155,0.3609951436519623,65.77781677246094,11.096357277680854,10.554642677307129,2.505859375,0.11610294915594817
00055,0.871653501259511,0.4098006335010248,0.19007152318954468,0.39826175570487976,0.694969892501831,74.89229583740234,3.6808512854163786,14.443717956542969,4.875,0.5294518043023585
00056,0.797250418045262,0.4132339479534458,0.17495739459991455,0.3054541349411011,0.7117301225662231,75.10232543945312,3.090605209807792,13.679998397827148,4.93359375,0.6448151908483106
00057,0.7610794415651921,0.47899989033885293,0.2042732834815979,0.398356169462204,0.5248519778251648,69.6769027709961,4.366383497192371,15.326414108276367,4.29296875,0.6127818724952332
00058,0.8181845478073572,0.4662899345381301,0.34263336658477783,0.7644999027252197,0.6660619974136353,73.02976989746094,5.831737191955937,7.752168655395508,3.53125,0.5539605893748116
00059,0.8290186285665364,0.3387331085711153,0.23339104652404785,0.4715798497200012,0.6543197631835938,74.44136047363281,3.317831299437188,12.928572654724121,4.79296875,0.2400211182235275
00060,0.8544972993408273,0.38628307318697247,0.170285165309906,0.3506273329257965,0.673187792301178,74.89588928222656,3.6211562667415316,12.088953018188477,4.94921875,0.40570710123503556
00061,0.7165972337725438,0.3508588368645915,0.225322425365448,0.34983333945274353,0.6983498334884644,74.72583770751953,5.801677424191939,9.631059646606445,4.96484375,0.5641158065270113
00062,0.8130832427806088,0.3721556394680676,0.2827896475791931,0.5561572313308716,0.5052059292793274,75.0998764038086,6.186463083631071,11.250061988830566,4.08984375,0.4350486206802346
00063,0.8418449420284141,0.32983410761188536,0.3635389804840088,0.6095956563949585,0.5130056738853455,72.74275207519531,5.032346929310403,9.614179611206055,3.986328125,0.16387295626319265
00064,0.7851848597203706,0.3465148791691632,0.23668116331100464,0.436349481344223,0.5711316466331482,73.94344329833984,3.0775055548259225,13.83778190612793,4.8671875,0.4970112805407186
00065,0.6628762535355431,0.25386018237082064,0.2563677430152893,0.42963793873786926,0.6687633991241455,75.1667709350586,5.81749232158352,13.266088485717773,4.42578125,0.29967249597039414
00066,0.8323901301744586,0.3212007898093624,0.3777722716331482,0.5362071394920349,0.6586807370185852,72.75235748291016,4.908645882986069,10.553135871887207,3.3046875,0.19340121391543696
00067,0.8459551186489571,0.45809692121663104,0.2825392484664917,0.523745059967041,0.6623135805130005,75.67182159423828,5.792946897457098,11.99600601196289,4.8359375,0.5739905112331731
00068,0.7877558964504071,0.4000374830155086,0.20824295282363892,0.3083359897136688,0.6456596255302429,74.31014251708984,5.162751932166155,18.363134384155273,4.5703125,0.765270731992435
00069,0.7132408664883031,0.3898955119573184,0.23496150970458984,0.38359907269477844,0.4736121892929077,70.55073547363281,3.349176026027084,10.9977388381958,4.6796875,0.4074210468301994
00070,0.6712571783540375,0.37183098591549296,0.21077001094818115,0.4763813018798828,0.580083966255188,73.50065612792969,4.414850799958571,12.970227241516113,4.98046875,0.5510518397300009
00071,0.35893648731689215,0.12536418879547157,0.36287569999694824,0.6960476040840149,0.47945961356163025,68.074951171875,5.473125235468065,13.774739265441895,2.171875,0.44677759335443734
00072,0.8608664593298795,0.4522842909567961,0.19468331336975098,0.3491847515106201,0.7360653877258301,75.46815490722656,3.5324676039104355,12.718008041381836,4.9296875,0.4949383182978774
00073,0.8558048597370896,0.3588748787584869,0.2695043683052063,0.48313966393470764,0.7196875214576721,72.77066802978516,3.6923411245409943,10.80711555480957,4.97265625,0.3416773665407135
00074,0.8609873223651402,0.3353857590743075,0.39361459016799927,0.5030388236045837,0.7208915948867798,71.81690979003906,4.994660226504438,11.964210510253906,4.53125,0.1817840126913159
00075,0.41785767459776113,0.16344820228315374,0.4931923747062683,0.8301225304603577,0.49946320056915283,60.19145584106445,6.631037372186549,7.179730415344238,2.537109375,0.3800365885240003
00076,0.7840024310894591,0.3489528155814522,0.27047663927078247,0.530046284198761,0.5627768039703369,69.92900848388672,5.308484189573217,17.38172721862793,4.8984375,0.5599127101837955
00077,0.8554297101039328,0.40575421290587754,0.2176390290260315,0.3485147953033447,0.36509740352630615,64.53291320800781,5.155788497752185,15.846758842468262,4.04296875,0.5083538296325153
00078,0.8135346141614633,0.3334730302731486,0.23602497577667236,0.4141581356525421,0.7617476582527161,74.70470428466797,4.679791391299832,15.86788558959961,4.921875,0.4108508530211503
00079,0.6488420638455159,0.28002327796000426,0.3013346195220947,0.5075233578681946,0.6903108358383179,73.6466064453125,3.976531308734434,9.78197193145752,4.80859375,0.4032188248666608
00080,0.6893631875277999,0.3136265320836337,0.33251237869262695,0.5693392753601074,0.541683554649353,73.22783660888672,6.879144482672528,9.240442276000977,4.48046875,0.45089934577916646
00081,0.7936857908105743,0.3782903073970817,0.2517780661582947,0.5733473300933838,0.5482604503631592,75.41773986816406,4.588688381796603,6.2196831703186035,4.87890625,0.4110828877964264
00082,0.8550368740611178,0.3885623237086321,0.35410410165786743,0.6178633570671082,0.5574168562889099,70.74295806884766,6.057883830813856,8.692126274108887,4.03515625,0.34127755751019895
00083,0.7956036130178268,0.347442925542988,0.23943859338760376,0.384933203458786,0.5533466935157776,67.97928619384766,4.024516935113949,13.124388694763184,4.0,0.39447139156193484
00084,0.6832353017321653,0.38387909319899244,0.26889359951019287,0.5450983047485352,0.5989271402359009,72.69503021240234,6.389373034441304,13.56906795501709,4.40625,0.5278199591567876
00085,0.7987990400794475,0.4886986301369863,0.2530345320701599,0.4825466275215149,0.6610183119773865,73.25239562988281,6.584119317192707,13.313726425170898,4.95703125,0.740150820029758
00086,0.7666078815862598,0.4287551282836324,0.26844966411590576,0.4936365485191345,0.4466836750507355,61.34931564331055,4.233611464557762,12.217073440551758,3.091796875,0.5052414425644104
00087,0.8161810509770301,0.43199272750070533,0.2529359459877014,0.4531647562980652,0.6318342685699463,72.80842590332031,3.054198880414166,10.73063850402832,3.990234375,0.32683177970835936
00088,0.7204395408665967,0.36869801391953827,0.22504538297653198,0.3667411208152771,0.5846906304359436,64.72039031982422,5.70975142730459,20.015317916870117,4.94140625,0.38205752040802116
00089,0.8306063000249498,0.37339284847896753,0.22498250007629395,0.3923415243625641,0.5632123351097107,71.82640838623047,3.3891712127249423,11.925161361694336,4.3515625,0.3273327392751706
00090,0.8427847485662315,0.3872447199189086,0.1824299693107605,0.40340033173561096,0.7610283493995667,75.34443664550781,4.260220077417376,11.808303833007812,4.93359375,0.4879696357061073
00091,0.8199036435559829,0.33573275206569675,0.4070895314216614,0.588288426399231,0.5441344976425171,64.7094497680664,5.313453260915812,11.471714973449707,2.55859375,0.20227399897776352
00092,0.9246820069835703,0.4120059435364042,0.14913666248321533,0.32568100094795227,0.6840546131134033,74.26929473876953,4.136600644486717,16.696598052978516,4.95703125,0.6154788091446762
00093,0.7696536649033952,0.3931297709923664,0.17101597785949707,0.40206897258758545,0.5265753865242004,74.01184844970703,3.707925390402333,12.23116683959961,4.73046875,0.6042767111091198
00094,0.7359261666827907,0.3217516351997031,0.3770172595977783,0.7899057865142822,0.5900768041610718,72.70155334472656,6.953074055740337,8.604802131652832,4.26171875,0.38769420535869065
00095,0.864793917525994,0.5782290553317438,0.27253013849258423,0.5302010774612427,0.6543339490890503,74.28558349609375,3.8366194233994286,6.068814277648926,4.9765625,0.4403244342992325
00096,0.9077125461662072,0.35097080183785384,0.24710601568222046,0.35835933685302734,0.681095540523529,72.57301330566406,5.4445393112955385,13.915287017822266,4.66796875,0.46528496233794087
00097,0.8632651557264621,0.3890204476659185,0.2735522389411926,0.4815875291824341,0.6692779064178467,73.47567749023438,4.3978000877498795,9.553723335266113,4.80859375,0.1941548615436458
00098,0.8012858346039345,0.41687158469945357,0.20567721128463745,0.38178008794784546,0.5559952855110168,68.4866943359375,3.5290761370847807,13.71682357788086,4.5546875,0.5039568710772935
00099,0.8847749776324991,0.3688156294218405,0.18412429094314575,0.4061148166656494,0.6308071613311768,75.57035827636719,4.13797879399294,11.349787712097168,4.84765625,0.3979411931680725
00100,0.8401434450460737,0.4415909994191201,0.1781095266342163,0.37877562642097473,0.7327645421028137,71.61868286132812,3.998969134547609,12.7314453125,4.94921875,0.5326681355477256
00101,0.7508963360481257,0.3006448743606849,0.25039976835250854,0.6168599724769592,0.5971873998641968,71.23705291748047,4.644399818757363,12.753499984741211,3.970703125,0.29487521913768455
00102,0.866972170745126,0.35326432452531453,0.2274332046508789,0.4697965681552887,0.6313352584838867,71.93081665039062,3.189099075342141,9.962967872619629,4.73828125,0.32797192618778775
00103,0.8346452248220994,0.4423033325776468,0.24988222122192383,0.49883368611335754,0.5459638237953186,72.13111114501953,3.931549321448877,6.9255757331848145,4.14453125,0.3224530261641838
00104,0.6521148352302084,0.30587768857171177,0.33686625957489014,0.6633535623550415,0.4869700074195862,65.43966674804688,5.044499150575923,14.789656639099121,3.8046875,0.42568080853319396
00105,0.7356067260378678,0.39538988682379816,0.24091321229934692,0.5525934100151062,0.6915273070335388,74.2405014038086,4.643905801428365,10.551619529724121,4.9609375,0.4222137772884132
00106,0.8218254362434594,0.33665805298621004,0.2638161778450012,0.6046862602233887,0.6037600040435791,74.04261779785156,3.1003597741640854,12.35832405090332,4.04296875,0.29580811830126974
00107,0.679695660979916,0.3124585504500237,0.2289339303970337,0.44324439764022827,0.7331597208976746,77.21900939941406,5.169191537501911,12.037428855895996,4.984375,0.49571204426211757
00108,0.8389982773109734,0.33510293402496355,0.2688922882080078,0.5828077793121338,0.5866661071777344,75.40556335449219,5.098282620696855,10.689882278442383,3.9609375,0.47895364557545345
00109,0.7969066740709301,0.3854758259667144,0.21587717533111572,0.3581729531288147,0.6752041578292847,72.41425323486328,3.676257911666507,12.82660961151123,4.61328125,0.3507109189010177
00110,0.8587097109377114,0.35448398763037897,0.4124521017074585,0.6966767907142639,0.4957866966724396,69.09380340576172,4.870741472702504,10.222333908081055,2.919921875,0.23698562378492288
00111,0.8589950550919858,0.5022011441696264,0.2013731598854065,0.3716610074043274,0.5657299160957336,73.40988159179688,3.069282743673872,13.940218925476074,4.62109375,0.5787362068015591
00112,0.6985354076133232,0.36193745232646835,0.2525980472564697,0.5356311798095703,0.6792898774147034,72.78829193115234,5.414298363045015,11.785172462463379,4.95703125,0.5107632167587263
00113,0.7760283148247293,0.42653861919540903,0.24303847551345825,0.5133295059204102,0.4245612919330597,69.40560150146484,3.781221422700873,10.219793319702148,4.734375,0.441071943067994
00114,0.8025572874570022,0.4491411098120335,0.14962470531463623,0.115242600440979,0.6849507689476013,74.78060913085938,6.460364714378726,20.255752563476562,4.8828125,0.8569954044062748
00115,0.6778883400391836,0.28255984367366876,0.307270884513855,0.4904251992702484,0.7022848725318909,70.7430191040039,6.077264308066071,8.738162994384766,4.94921875,0.4193970171185602
00116,0.8578626451129584,0.36049882404419403,0.2062751054763794,0.501783013343811,0.6436212658882141,74.4874267578125,3.8930863422281363,13.064513206481934,4.6484375,0.5376583055392558
00117,0.781807631925405,0.3069636603708594,0.30374258756637573,0.5036715269088745,0.7183834910392761,72.29905700683594,5.345732911516671,8.254700660705566,3.890625,0.42603154728947723
00118,0.7782863750078823,0.3355090841059327,0.2733221650123596,0.5255586504936218,0.5825861692428589,68.17598724365234,6.006453814755853,10.135089874267578,3.8203125,0.4409595608513085
00119,0.7277180413280859,0.41977342945417095,0.30199581384658813,0.5244770646095276,0.6929948329925537,75.72669219970703,6.844271817299246,6.393306732177734,4.95703125,0.6287067647688296
00120,0.842421160424774,0.43737012136558107,0.25090885162353516,0.4519558250904083,0.7730203866958618,74.4590072631836,3.888806836728423,9.26838493347168,4.96484375,0.3150226253333787
00121,0.7451450763976639,0.28385833197323324,0.3252723217010498,0.66584312915802,0.7389514446258545,74.94894409179688,5.132105127464336,9.8646821975708,4.9453125,0.459770927549241
00122,0.7974376376829766,0.33992373425288513,0.24176490306854248,0.43010157346725464,0.5143232345581055,71.90764617919922,2.8699633819020196,12.238565444946289,4.23046875,0.32559280142604274
00123,0.5174561275115369,0.21342229539448032,0.28468191623687744,0.4841148555278778,0.6014811992645264,75.33451843261719,2.4371459558033983,10.955364227294922,4.8984375,0.3005522475545901
00124,0.7841662562082057,0.3651457099732962,0.21054446697235107,0.3960627615451813,0.6545008420944214,73.0428466796875,5.890630907648857,13.824710845947266,4.18359375,0.7455491739197461
00125,0.8052170720948234,0.37558320373250387,0.2725898027420044,0.6563981175422668,0.44140079617500305,72.66485595703125,4.834762229632458,9.7444486618042,4.85546875,0.4130240101785608
00126,0.790002059355015,0.3816210536371018,0.2057839035987854,0.4860610365867615,0.7423627972602844,75.50578308105469,4.633627922951165,10.065035820007324,4.98828125,0.49460924750944657
00127,0.552161894458415,0.263202228989827,0.30463874340057373,0.5119826793670654,0.7646706104278564,74.93925476074219,6.443832995094238,9.869009017944336,4.984375,0.5229993585457383
00128,0.90549929745672,0.560098541741169,0.29167085886001587,0.5036665201187134,0.46283280849456787,66.81584167480469,4.703241282716664,14.57205867767334,3.6328125,0.6630383185115847
00129,0.8119086989003046,0.3567280365748177,0.2944939136505127,0.583195686340332,0.6792919039726257,73.94935607910156,3.685302302019712,10.886259078979492,4.9609375,0.4159936031194636
00130,0.5437181549388422,0.2599140663520462,0.3286662697792053,0.5995838046073914,0.7009410858154297,76.06670379638672,3.0688970420117827,11.140624046325684,4.56640625,0.4077565254463054
00131,0.769536396791979,0.33892634721292914,0.315727174282074,0.6718980073928833,0.6047058701515198,71.4332275390625,5.4641246876199485,12.100735664367676,4.3984375,0.48375158297818455
00132,0.8859697893105634,0.34230644719476055,0.2865314483642578,0.6102452278137207,0.4529549479484558,65.98564147949219,6.686332066740484,16.74671745300293,3.037109375,0.33749633357573483
00133,0.8622286600623433,0.3811206015568817,0.2505911588668823,0.45848554372787476,0.6705065369606018,74.48603057861328,2.8607757841678247,9.145941734313965,4.59375,0.2850793644310508
00134,0.6047601491383819,0.2393315261436995,0.29968225955963135,0.7172353863716125,0.7371557354927063,72.98780059814453,6.709404519898612,11.267358779907227,4.515625,0.3486170583732728
00135,0.9023868071502638,0.34738348974073485,0.22619104385375977,0.47638165950775146,0.6384140253067017,74.08939361572266,5.065447143234385,14.784220695495605,4.71875,0.6885039883142351
00136,0.8468506600374773,0.3954902177517409,0.12395638227462769,0.26138877868652344,0.7016337513923645,74.56901550292969,3.091839320931892,15.528088569641113,4.98046875,0.47755166542128796
00137,0.8686445752556282,0.43029558430295584,0.20245009660720825,0.38533496856689453,0.787583589553833,74.8758316040039,3.9295657806003694,11.355847358703613,4.94921875,0.46618572619145326
00138,0.8335920823458223,0.40667835796857665,0.20702916383743286,0.35577070713043213,0.6949895024299622,73.0146255493164,3.3248471102376667,13.548500061035156,4.91796875,0.47464394879200267
00139,0.8434465922246379,0.4452779109444178,0.2515389919281006,0.4651128649711609,0.6637721657752991,75.32672119140625,3.6034715475204964,9.836404800415039,4.8984375,0.5170979177255345
00140,0.9031771689241164,0.3636172228655648,0.3856784701347351,0.6292791962623596,0.49849095940589905,68.92112731933594,5.220612355236793,10.97982406616211,4.21484375,0.1876702156225383
00141,0.657505245673508,0.2705628620966719,0.38753706216812134,0.6014057397842407,0.45696261525154114,70.82008361816406,8.29420532224321,11.572906494140625,2.86328125,0.46519367725616784
00142,0.8084164834387949,0.41457609368305803,0.1922590732574463,0.3210684061050415,0.7705461978912354,74.35814666748047,3.7411445935911702,16.473588943481445,4.87109375,0.5730984959256715
00143,0.9059126866536003,0.3579964441910535,0.34160125255584717,0.6192925572395325,0.6422421932220459,73.21652221679688,6.245497222292848,11.631223678588867,4.09765625,0.20956341410811663
00144,0.6840508167595245,0.27819809531578193,0.2886578440666199,0.49228495359420776,0.6835315227508545,76.4845199584961,3.6284561530536865,12.957868576049805,4.9609375,0.4363330488306843
00145,0.8027398255626244,0.3259676284306826,0.3899804353713989,0.715197741985321,0.5914496183395386,72.2833251953125,7.88514828505294,13.717907905578613,3.99609375,0.33133630127327046
00146,0.6436027878057821,0.2833191374904738,0.22272568941116333,0.39664286375045776,0.7339920401573181,75.5142822265625,4.8927564664518,12.27424144744873,4.98828125,0.5886084642907292
00147,0.8362548585628555,0.3740806152332834,0.2039080262184143,0.39543941617012024,0.6625502109527588,73.70384979248047,3.2178529400057436,13.645074844360352,4.9296875,0.3367615844705687
00148,0.8288359298769911,0.35976450362489254,0.18559491634368896,0.34355050325393677,0.7241224050521851,73.81532287597656,3.956308408003525,14.954496383666992,4.9375,0.5115142649109504
00149,0.7740015051074479,0.34663047326802787,0.2971069812774658,0.5604334473609924,0.733451783657074,70.46659851074219,5.696827596214369,13.716466903686523,4.16796875,0.6024440326006525
00150,0.6854779147901976,0.2718372958494323,0.36522263288497925,0.6644400954246521,0.5130693912506104,65.8962173461914,6.031000713541118,13.312295913696289,2.72265625,0.38374048231932234
00151,0.6120171149691807,0.28723590012222805,0.23869168758392334,0.48702627420425415,0.6892278790473938,75.79557037353516,4.715102969750788,12.85274887084961,4.9765625,0.5906437728605527
00152,0.6630613397679134,0.2826785893700392,0.3326113224029541,0.5221954584121704,0.6712854504585266,72.95928192138672,3.846293782779595,10.562398910522461,4.84375,0.4399839436100071
00153,0.7685652424054263,0.3063594642689894,0.3185189366340637,0.5670519471168518,0.4725307524204254,69.05713653564453,5.079325419847102,12.443927764892578,2.97265625,0.2579107645235067
00154,0.6809449903466603,0.27756800223760575,0.38620811700820923,0.6398484706878662,0.579033374786377,68.75555419921875,5.148258904347937,13.349969863891602,4.24609375,0.3102486384990391
00155,0.8432417350558193,0.33828267264322737,0.22191214561462402,0.41847696900367737,0.6399218440055847,75.65277862548828,3.402825853161796,13.617393493652344,4.82421875,0.41555550369260497
00156,0.7746702917751355,0.3003302360880356,0.274652898311615,0.5494450330734253,0.5597953796386719,70.84635162353516,6.487462426159938,14.369121551513672,3.091796875,0.40221934727129954
00157,0.7757957358561332,0.3697284495519014,0.18975865840911865,0.4037993550300598,0.7320783138275146,77.28510284423828,4.829193127437199,13.896899223327637,4.95703125,0.5564515123677797
00158,0.9040479976975869,0.4044042683341263,0.233698308467865,0.49513888359069824,0.6753255724906921,73.92244720458984,3.1382135730922056,9.848767280578613,4.76953125,0.45780084338794147
00159,0.7427344635125781,0.30401972279847267,0.2263927459716797,0.4312400817871094,0.7044181227684021,74.0409927368164,3.622446634658526,14.25611400604248,4.66015625,0.44654861168149296
00160,0.8014601195570427,0.36718629892691323,0.3028620481491089,0.48516321182250977,0.49713295698165894,71.86334991455078,4.493414340597527,14.514219284057617,3.03515625,0.4909314592179498
00161,0.8646295554278951,0.38820237341448965,0.1744481325149536,0.37832731008529663,0.6922049522399902,75.41154479980469,3.5105211811167183,12.830449104309082,4.78515625,0.39728760338295477
00162,0.8501736466590487,0.36134729046500036,0.262515127658844,0.5020768642425537,0.7217251658439636,75.5953140258789,3.2390192679378647,11.477221488952637,4.9921875,0.359752265637578
00163,0.8525262084225058,0.5298221479807409,0.2453339695930481,0.5166377425193787,0.6661215424537659,76.07843780517578,6.14923796784936,10.552286148071289,4.66796875,0.8424498779281486
00164,0.8606679345895185,0.4462488306828812,0.23048460483551025,0.4650551676750183,0.6626659631729126,71.88092041015625,3.5387438700997507,12.726344108581543,4.21875,0.632782747919585
00165,0.8342855549678704,0.35799047822070634,0.3262414336204529,0.6208478808403015,0.6018106341362,67.56705474853516,4.637820118585215,8.173688888549805,2.837890625,0.2681238044366668
00166,0.7843808838377858,0.3867535492807001,0.26276659965515137,0.4596576690673828,0.5798622369766235,72.56417083740234,4.212655003574771,13.586044311523438,4.4453125,0.6062026412702204
00167,0.6279438410935653,0.3145991332611051,0.30404603481292725,0.5132861137390137,0.5721441507339478,68.56449127197266,3.465304903558485,7.358438968658447,4.2265625,0.2972670612143723
00168,0.8512962840018299,0.3991228070175439,0.26937592029571533,0.5479310750961304,0.6190423965454102,73.1984634399414,7.557425795396081,14.897943496704102,3.171875,0.4598531491272706
00169,0.9555010266455337,0.6000565177021517,0.3364078402519226,0.4180058538913727,0.48655855655670166,69.98454284667969,6.240778406315141,7.5836381912231445,2.998046875,0.38440021251050804
00170,0.6954662711990469,0.2500516832848306,0.2878084182739258,0.4477907419204712,0.7038271427154541,75.35961151123047,6.649169541134285,10.678516387939453,4.9765625,0.3675245219889017
00171,0.8474065734857884,0.34725230874472696,0.2224191427230835,0.4665946066379547,0.6167794466018677,69.00130462646484,3.9693436274048595,14.802042007446289,4.44921875,0.2486243634467243
00172,0.7250259872848581,0.3393529946732493,0.3025580048561096,0.49590766429901123,0.7532294392585754,76.79208374023438,5.9226875736736035,7.539555549621582,4.98828125,0.39535184495073383
00173,0.7808149463776339,0.3375564539319001,0.33757537603378296,0.4358682930469513,0.4603685438632965,67.61836242675781,4.101102963258535,12.116212844848633,3.7890625,0.4979642824802183
00174,0.7167589585011086,0.37605405707265316,0.3049989938735962,0.5769387483596802,0.5561923980712891,71.5475845336914,5.170709524674511,11.808666229248047,3.953125,0.5220983703319072
00175,0.8239892720862327,0.43059544785305687,0.2475925087928772,0.47951358556747437,0.5694257616996765,71.79601287841797,3.6714270618034535,11.073806762695312,4.28515625,0.47995303525571575
00176,0.7518942276676469,0.36540679051889813,0.28877121210098267,0.5776427388191223,0.6439803242683411,75.69483947753906,5.352288905742497,8.454697608947754,4.84765625,0.4857382293789389
00177,0.6361144342196351,0.3239408866995074,0.3180311918258667,0.6420154571533203,0.5761837363243103,70.33509826660156,5.7088605412468985,10.817093849182129,4.78125,0.3489377306636697
00178,0.844114219234362,0.32472671039300377,0.30324822664260864,0.5608814358711243,0.7311224341392517,74.9326171875,5.4062420088446785,10.203875541687012,4.5078125,0.21349956777800888
00179,0.5248095335963066,0.28610628372816244,0.26945608854293823,0.5435978770256042,0.6399102807044983,73.9417495727539,5.594641813392802,12.558090209960938,4.78515625,0.6373591248030538
00180,0.8066647527641077,0.4088462956137118,0.24204379320144653,0.5467628836631775,0.46041619777679443,72.6676025390625,5.477000963096537,12.287605285644531,4.1328125,0.5356533648293564
00181,0.798299923551072,0.2972483043770495,0.5139980316162109,0.7382405400276184,0.5618456602096558,72.17593383789062,4.761138744141889,8.47614860534668,3.97265625,0.24186448515302436
00182,0.8101000238216454,0.38765144701338555,0.2512397766113281,0.49109315872192383,0.6191222667694092,72.84188079833984,3.726931986550636,9.760086059570312,4.19140625,0.45643575468958364
00183,0.6993601082921161,0.27499875813422087,0.2927955389022827,0.6776731610298157,0.6611060500144958,73.73356628417969,5.414939012215452,11.260844230651855,3.90625,0.2593652172783595
00184,0.8815630986291737,0.33078789369528516,0.3117791414260864,0.62647545337677,0.653647243976593,71.07503509521484,5.790334598788216,13.615228652954102,2.927734375,0.3612530610610985
00185,0.8125392977702149,0.3729005925812753,0.24917685985565186,0.4739497900009155,0.5995932817459106,73.95939636230469,3.433046921495312,10.668620109558105,4.2734375,0.27812332565280795
00186,0.8277115904442831,0.42741398207646514,0.18502181768417358,0.3273097574710846,0.7367246747016907,75.61011505126953,3.4799101785646944,13.87376880645752,4.953125,0.5614149047830264
00187,0.8244909370104876,0.34177677516381993,0.40143704414367676,0.733095645904541,0.5547380447387695,65.5251693725586,7.207101266326035,15.262431144714355,3.369140625,0.28178142802992606
00188,0.8031509571424661,0.34745945015703655,0.24353820085525513,0.5100407600402832,0.538729727268219,68.39376831054688,4.485381106558882,15.084214210510254,4.6953125,0.5414494944754675
00189,0.7381976746003834,0.2815028306742151,0.36618638038635254,0.6230815052986145,0.7115252017974854,73.27625274658203,6.430848463951391,12.543915748596191,3.072265625,0.35180558368962506
00190,0.8857553116964335,0.40331421646680854,0.20420771837234497,0.39605167508125305,0.7668490409851074,73.20325469970703,4.293897299409829,9.360401153564453,4.9453125,0.4042774082100053
00191,0.4049400617856902,0.17612619938201335,0.3547714352607727,0.644831657409668,0.376353919506073,62.00931930541992,7.478234234651166,10.457632064819336,2.84765625,0.39555279667475046
00192,0.824732125950319,0.383252427184466,0.30266690254211426,0.5943601727485657,0.7008600234985352,76.21356964111328,4.869411173038214,7.327449798583984,4.88671875,0.3776389713465726
00193,0.77085353619796,0.4589846273091332,0.22918295860290527,0.4119270145893097,0.5816662311553955,75.1805191040039,4.260458030476972,11.432889938354492,4.8671875,0.5454147883180126
00194,0.7525969118334063,0.3691877211752119,0.2610212564468384,0.5143097043037415,0.5637136697769165,75.08460998535156,4.253724824690734,10.446378707885742,4.015625,0.4698857203050305
00195,0.8200541527523277,0.3704086243625331,0.24217957258224487,0.47119584679603577,0.6156481504440308,76.10265350341797,2.1132203831860803,9.971487045288086,4.921875,0.36839200142444684
00196,0.8503532848761732,0.3590594410340719,0.2631431221961975,0.5303894281387329,0.5328670144081116,69.92024230957031,4.16430683476111,12.227865219116211,4.0546875,0.4443011543700003
00197,0.826985302468503,0.36770336182933866,0.19451886415481567,0.3910526931285858,0.5727105140686035,74.2161636352539,3.3835410244791526,10.711612701416016,4.66796875,0.4476169061906699
00198,0.6703015445942193,0.29160462719047076,0.2686818242073059,0.3110845386981964,0.7078157067298889,74.52360534667969,5.377681367297131,23.95124053955078,4.95703125,0.8453146432748624
00199,0.8282636877012753,0.3623180424766415,0.22164469957351685,0.42072856426239014,0.5879408717155457,70.37694549560547,3.409944467242614,9.548417091369629,4.65625,0.23210320576580062
00200,0.7835407742155326,0.3484562388364379,0.27264755964279175,0.5903174877166748,0.5420768857002258,68.97969818115234,6.103435503562498,13.831801414489746,4.453125,0.33329426332963713
00201,0.7586927611209316,0.3052159209157128,0.24741941690444946,0.5443159341812134,0.6461378335952759,75.02118682861328,4.49988928309527,14.72203254699707,3.927734375,0.5163962610126438
00202,0.8305772371900366,0.3491653279318293,0.3033173084259033,0.47504979372024536,0.5933926105499268,73.00010681152344,5.352561781689499,10.665043830871582,4.62890625,0.5478989766482656
00203,0.7110006181273923,0.3732786404922356,0.28320807218551636,0.521990954875946,0.6116483807563782,70.62091827392578,5.242206094185906,13.070425033569336,4.2734375,0.5871587284389134
00204,0.8738112667190919,0.41623077161162525,0.29713165760040283,0.6094622611999512,0.46091899275779724,73.89945220947266,6.443136594888015,8.968602180480957,4.0703125,0.4128610846136354
00205,0.8298298648493191,0.32361713839497164,0.24847984313964844,0.5459558963775635,0.7013325095176697,72.67890167236328,5.065245613879354,14.409063339233398,4.32421875,0.2852802809125216
00206,0.7802847720265556,0.2935908892142137,0.2756737470626831,0.44418418407440186,0.4516294002532959,68.0610122680664,8.006031169616865,14.301239013671875,3.1640625,0.4253213075256677
00207,0.8457700715811612,0.5019262520638414,0.21233654022216797,0.34540969133377075,0.7169248461723328,73.4591293334961,4.246180600443386,14.87129020690918,4.8828125,0.5693754983477203
00208,0.6482609091598236,0.3513486809603794,0.23375004529953003,0.3009639382362366,0.7044925689697266,72.40552520751953,5.135551467265048,18.668060302734375,4.78125,0.7393731113682739
00209,0.7732695233265721,0.46355089249216513,0.18852990865707397,0.41626793146133423,0.48954713344573975,66.22535705566406,4.22874811114875,18.117658615112305,4.18359375,0.7055582942133514
00210,0.851853709923176,0.40340582211483145,0.19050973653793335,0.37434691190719604,0.7305959463119507,74.08799743652344,2.69194922544657,12.515424728393555,4.9609375,0.3672200322181874
00211,0.8837144228628477,0.3363510817860979,0.22888433933258057,0.4336835443973541,0.6519423723220825,73.6107406616211,5.318982483072288,13.544881820678711,4.55859375,0.32266697103141195
00212,0.6757666305977187,0.35485621269669015,0.2336738109588623,0.43489477038383484,0.6778327226638794,74.4897232055664,4.457282955963909,10.741291046142578,4.9375,0.5288869774144364
00213,0.7530090383732577,0.3617699115044248,0.1897227168083191,0.5228513479232788,0.5422971844673157,75.50040435791016,2.9805092858621616,11.11662769317627,4.8984375,0.41163885852458565
00214,0.7732228796242555,0.4051882137318483,0.1995357871055603,0.35431259870529175,0.669425904750824,73.69575500488281,3.9307266141282122,12.104720115661621,4.8828125,0.5047013141998414
00215,0.8040627007169379,0.30591246213308265,0.39901208877563477,0.6699471473693848,0.6017751097679138,68.52315521240234,6.522370833996354,9.83669376373291,3.630859375,0.16823050431812647
00216,0.853025041992584,0.32400753505895485,0.29973936080932617,0.5676037669181824,0.5309045314788818,69.56916046142578,7.531748348309928,12.320722579956055,2.953125,0.23200129618668935
00217,0.8784440511171696,0.33814150473343296,0.29592663049697876,0.5071509480476379,0.6996903419494629,71.1867446899414,4.533297251589702,11.552589416503906,3.7265625,0.3144165737365903
00218,0.8540580304070607,0.5653792720200056,0.22493058443069458,0.3061496615409851,0.676537036895752,76.58948516845703,6.241487850424013,9.713115692138672,4.71875,0.6543890192971074
00219,0.6256862041488627,0.24528473527806416,0.3875194787979126,0.6984942555427551,0.5195578336715698,70.48514556884766,3.7087864184990704,9.784238815307617,2.61328125,0.19407246389786983
00220,0.8055741477405676,0.41503324092927407,0.257996141910553,0.5330851078033447,0.6184842586517334,76.49420928955078,3.5618821765256072,10.985679626464844,4.31640625,0.4524573733469427
00221,0.8496667991599159,0.3468330586296209,0.25803542137145996,0.4410826861858368,0.6577478647232056,73.29317474365234,6.287587342703817,16.30113410949707,4.3984375,0.6565905519875425
00222,0.8026697401361221,0.4110567267209188,0.17565518617630005,0.2734622061252594,0.6697953343391418,75.53801727294922,3.909319471414906,13.176149368286133,4.7734375,0.4491641725635523
00223,0.7532005263764294,0.32685285700187505,0.19407010078430176,0.41404661536216736,0.822969377040863,74.22500610351562,4.230067152762526,13.040780067443848,4.8984375,0.47397070460554064
00224,0.8403901305301402,0.3581617999042604,0.25684601068496704,0.5388574004173279,0.5382978320121765,69.56686401367188,3.7493305674465547,13.126935005187988,4.38671875,0.3185575694789522
00225,0.7387157546805179,0.3369955985619729,0.3262900710105896,0.5763958096504211,0.7634227871894836,73.60334014892578,5.459576681682818,9.80294132232666,4.38671875,0.31856359510233956
00226,0.7371179135764521,0.4003277177530852,0.20448261499404907,0.37941110134124756,0.6051689982414246,74.98827362060547,4.412891626204481,9.879746437072754,4.96875,0.6830265826214204
00227,0.8688795495169053,0.5900608267472173,0.24120575189590454,0.5527742505073547,0.5541397929191589,73.7148208618164,5.732127801273384,9.508639335632324,3.93359375,0.5115839045665305
00228,0.8943931067493301,0.3527237946176253,0.2455974817276001,0.4899560213088989,0.7166147232055664,74.82929992675781,5.294803306204298,12.476461410522461,4.6328125,0.3968631974177138
00229,0.8514377129231174,0.41911677534084174,0.1516866683959961,0.3023413419723511,0.7321478128433228,75.11759185791016,4.759329740210369,11.359220504760742,4.98046875,0.3937351757920085
00230,0.8435805745768189,0.40749405753429785,0.1803346872329712,0.3218437433242798,0.7489041686058044,74.40674591064453,4.408666589443301,13.403115272521973,4.95703125,0.50730823250803
00231,0.6785373987805253,0.2695658476480394,0.2852467894554138,0.46283984184265137,0.5512411594390869,66.87618255615234,4.851425056199302,15.120963096618652,4.87890625,0.33331849004924896
00232,0.9106831135574446,0.5800297130346391,0.22245478630065918,0.25881561636924744,0.6486621499061584,73.57652282714844,6.645022438242688,12.158699035644531,4.09765625,0.8572256153433898
00233,0.8207713147583746,0.39888006250813907,0.18459093570709229,0.4215404689311981,0.5385227203369141,69.9762954711914,4.0245648990205805,16.394346237182617,4.0703125,0.5144164347399623
00234,0.79809789327197,0.34987514507790246,0.24305212497711182,0.7424802780151367,0.6956928968429565,76.49507904052734,5.084035315543374,9.902644157409668,4.3359375,0.5416726571912505
00235,0.8682591746896048,0.33473209233279194,0.2871650457382202,0.6155709624290466,0.681229829788208,73.72203063964844,5.181252794263404,12.446063995361328,4.8125,0.18770527426565983
00236,0.8084777282958551,0.3233305271162045,0.17585623264312744,0.30893179774284363,0.643894374370575,74.46416473388672,4.881060195327065,16.179025650024414,4.58984375,0.6333645594899934
00237,0.8253039670003534,0.40420426796899883,0.2553408741950989,0.47525474429130554,0.7682061791419983,75.44508361816406,3.5971872653248584,6.111977577209473,4.55078125,0.332621257565491
00238,0.8346259126760316,0.4303400422973647,0.37602365016937256,0.5607457756996155,0.6020504236221313,71.8173828125,5.5996399814957165,10.32752799987793,3.220703125,0.3612973530761568
00239,0.8201072389280047,0.32927756653992396,0.2517116069793701,0.5695163607597351,0.6333924531936646,73.41331481933594,2.6156003510887027,11.535321235656738,4.62890625,0.35607337914062337
00240,0.7003635036158238,0.38070498686078474,0.2705378532409668,0.4665844440460205,0.6858471035957336,72.5335693359375,4.379082616426571,11.661670684814453,4.78125,0.48457180609541994
00241,0.8943918287133236,0.43669678076091106,0.1913263201713562,0.2510296106338501,0.6276724338531494,72.64868927001953,6.7585120567590256,12.66791820526123,4.046875,0.7929753703805082
00242,0.8548333291136074,0.3674865147157717,0.2633098363876343,0.4459781348705292,0.6126962304115295,74.58704376220703,3.8213838101937028,14.12811279296875,4.51953125,0.40556987100213526
00243,0.6356861508405959,0.26320924261874196,0.40270912647247314,0.6633904576301575,0.6033264994621277,72.68363952636719,7.383097506288458,9.804105758666992,3.36328125,0.43946916431403243
00244,0.6541651420293634,0.34889364739471806,0.270499587059021,0.5061371922492981,0.38998943567276,62.74421691894531,4.826335313087206,16.1318359375,3.205078125,0.45549353370027024
00245,0.8124711622332188,0.35730521835856266,0.2180730104446411,0.4406777620315552,0.6886686086654663,72.3572769165039,5.673809264019407,18.750831604003906,4.75390625,0.6859077690863974
00246,0.43096843200962104,0.17238148772718756,0.3366636633872986,0.6118567585945129,0.5896522402763367,75.1650619506836,4.218715639566236,8.289670944213867,4.80078125,0.41945032868739074
00247,0.8791298103645097,0.3540611113656145,0.26720088720321655,0.475564569234848,0.5838332772254944,71.90328979492188,5.9828126292453785,14.766828536987305,4.53515625,0.3040268899934851
00248,0.6719852866912174,0.26741130091984233,0.3291182518005371,0.6296795010566711,0.5463373064994812,64.2646255493164,7.813305185067652,14.041059494018555,3.419921875,0.46206076904273913
00249,0.7586499485319349,0.3405978376086496,0.2115025520324707,0.48230332136154175,0.5618463754653931,75.65767669677734,2.4593807832507175,10.84875202178955,4.68359375,0.45188763903001794
00250,0.8265767140382726,0.38918591748209425,0.39460647106170654,0.6049585938453674,0.5532175898551941,69.84810638427734,6.044660656849964,9.74730396270752,4.015625,0.23989878585452912
00251,0.8473115125649486,0.39801980198019804,0.20731955766677856,0.47385501861572266,0.460062712430954,72.02433013916016,2.410295259773742,10.646376609802246,3.998046875,0.3501913268175239
00252,0.9248476834425514,0.34942678170429026,0.2963334918022156,0.6228277683258057,0.5336140394210815,72.94122314453125,5.014685822321974,10.72564697265625,4.02734375,0.11566864853406947
00253,0.7735864442849675,0.34605702351427453,0.2797604203224182,0.5711658596992493,0.6381899118423462,73.7325439453125,4.91777646414134,9.829032897949219,4.73828125,0.42744041970735397
00254,0.7114986825790934,0.27898400752587016,0.3554977774620056,0.5993549227714539,0.5064722299575806,65.24403381347656,4.80770430485396,14.026960372924805,2.607421875,0.32225267357122944
00255,0.8237314214472158,0.3826941528799465,0.24826151132583618,0.5078303813934326,0.5984724760055542,69.67774200439453,4.209754575570848,10.33410930633545,4.890625,0.4033450978053481
00256,0.7333844758821934,0.4024548811567067,0.18586033582687378,0.5265637040138245,0.6724149584770203,75.02159881591797,3.9191377042258106,12.28105354309082,4.875,0.5831261091571579
00257,0.36354188599974635,0.16004449542878993,0.24641579389572144,0.46760672330856323,0.639634907245636,73.55233764648438,3.5712118592076223,13.705215454101562,4.953125,0.5131117557784113
00258,0.7026334858290866,0.3927738150789947,0.38031643629074097,0.6601278781890869,0.2910619080066681,64.58988189697266,5.5624590361885575,10.874130249023438,4.05859375,0.38424700912741305
00259,0.7373481232903943,0.3900468806346917,0.18503904342651367,0.4055229127407074,0.7152186036109924,75.88538360595703,4.896278253036292,10.270450592041016,4.9375,0.6614231431762735
00260,0.8073838714375984,0.363019233877485,0.3171112537384033,0.6291968822479248,0.5729315876960754,74.35798645019531,6.68080531998812,15.335122108459473,3.365234375,0.5632246592189787
00261,0.8140204282821834,0.30644666625774397,0.2934102416038513,0.5372183322906494,0.6724714040756226,72.27599334716797,4.648469408923884,11.919477462768555,4.27734375,0.14325088254149923
00262,0.8519098141316914,0.32897814800022823,0.287220299243927,0.6000301241874695,0.5643162727355957,71.95496368408203,2.9385348443409804,11.308509826660156,4.33984375,0.25767380603696943
00263,0.8064381631168079,0.33515824208789563,0.30600208044052124,0.7300008535385132,0.5949714183807373,70.98738098144531,4.1870166236629585,5.99955940246582,4.640625,0.4233091766354576
00264,0.7463685913495129,0.40091761689494637,0.2658149003982544,0.5055643916130066,0.498549222946167,70.90179443359375,6.66858285207646,13.489410400390625,4.05078125,0.6181343032666703
00265,0.7800929567064806,0.37568121778648095,0.22500163316726685,0.4432276487350464,0.41980478167533875,71.14387512207031,3.604030118196142,14.646932601928711,3.119140625,0.4162651145073597
00266,0.7250996463987294,0.34219190968955787,0.22230905294418335,0.39939385652542114,0.6298409700393677,70.86953735351562,5.017954443380577,13.66259765625,4.625,0.5339552586664865
00267,0.8314935720704444,0.38831930990596053,0.4346097707748413,0.7114394307136536,0.4178076386451721,66.53081512451172,6.687711170597255,5.496180534362793,3.224609375,0.13622345381545667
00268,0.5880599798653302,0.25334590009425073,0.2956238389015198,0.6088864803314209,0.5134360790252686,74.00668334960938,4.067452650138115,7.814610481262207,4.42578125,0.44749676142679107
00269,0.8600783401466653,0.4145852112471286,0.23027253150939941,0.3943382501602173,0.5629658699035645,74.54598999023438,6.347302935965336,11.11620044708252,4.3203125,0.47823151264953234
00270,0.8155858493470542,0.3070460704607046,0.3328995108604431,0.6624976992607117,0.6066094040870667,75.99928283691406,4.85232764954052,12.482685089111328,4.28125,0.22216229782827207
00271,0.8570424899202121,0.3442490655793408,0.27130359411239624,0.3852412700653076,0.6275655031204224,73.10897827148438,6.287878637275754,15.598274230957031,4.01953125,0.6752399366638687
00272,0.8046614803678446,0.4349569051914211,0.3276785612106323,0.653690755367279,0.47375327348709106,71.33815002441406,5.423878183039744,10.501213073730469,3.798828125,0.383865044582413
00273,0.8584876195755858,0.37898648987996586,0.2555190920829773,0.47021031379699707,0.5323677659034729,72.55707550048828,2.932524967236108,9.252979278564453,4.234375,0.3500324006362944
00274,0.7214842444607158,0.2969761148370397,0.32352399826049805,0.6164065599441528,0.5034047961235046,62.16828918457031,5.8200532176651745,12.127909660339355,3.783203125,0.6123739943502171
00275,0.8426258510021857,0.37042088854247857,0.3760029077529907,0.6588873863220215,0.4444102346897125,66.0387191772461,4.649892180602219,10.930408477783203,2.94140625,0.38751280363207746
00276,0.7794314813912527,0.29318298308559715,0.49783194065093994,0.6997305750846863,0.7050673961639404,71.72354125976562,7.161007500889613,7.526609420776367,3.396484375,0.4026580832716612
00277,0.12265734032769256,0.04045104707356363,0.47134387493133545,0.7798758745193481,0.5229218602180481,65.51396942138672,4.822120175977535,8.614959716796875,2.1484375,0.19452186145771586
00278,0.8256784203886114,0.39309783693332717,0.2500842809677124,0.43840715289115906,0.6845288276672363,74.8244400024414,4.305062372571054,9.35716724395752,4.87890625,0.2873393115481079
00279,0.8729859980567467,0.39505154639175255,0.2028818130493164,0.2734912037849426,0.7335929870605469,75.13323211669922,3.795984337209194,18.564159393310547,4.91796875,0.707681375493126
00280,0.8215304751169495,0.37959442332065907,0.19557446241378784,0.4744206666946411,0.668950080871582,72.75355529785156,3.273806397019094,11.665678024291992,4.5,0.40993627577975966
00281,0.7084953869890936,0.359195173165351,0.24579668045043945,0.48925966024398804,0.7355067133903503,75.66888427734375,3.780139580893944,9.01722526550293,4.89453125,0.3919546035848081
00282,0.8288334998198226,0.3297740699345362,0.2210049033164978,0.4250095784664154,0.6672534942626953,73.93429565429688,3.8901827463153125,12.782142639160156,4.73046875,0.29707188913390487
00283,0.8461468346450771,0.3375059147416871,0.2380051612854004,0.5472227931022644,0.7074589729309082,74.88314056396484,4.6809158771854635,12.545021057128906,4.9140625,0.33837908635789643
00284,0.8517909917285212,0.3857395093730042,0.15473109483718872,0.2673366367816925,0.6433840990066528,74.25664520263672,3.8558315693353875,17.16904067993164,4.90234375,0.6990134669712487
00285,0.8101302163429107,0.3425168226467631,0.2642083764076233,0.5841726064682007,0.5462161302566528,72.35474395751953,4.794634736989157,9.265334129333496,4.6015625,0.3942065028039937
00286,0.7567923112029115,0.3829741725041442,0.1921902298927307,0.40120622515678406,0.589138388633728,73.13187408447266,4.446741105244778,15.985602378845215,4.8984375,0.4427170015376711
00287,0.8593801886281572,0.40133454177667444,0.2809032201766968,0.4582454264163971,0.6214047074317932,73.49559783935547,4.126465820859918,10.730271339416504,4.3046875,0.3928277627595317
00288,0.6629270390966953,0.285857279893231,0.15561223030090332,0.2759964168071747,0.7079597115516663,75.7656478881836,6.293516090012063,14.859943389892578,4.984375,0.6210792724127115
00289,0.8433909288565234,0.4206076156044084,0.202988862991333,0.35961365699768066,0.7202333211898804,76.60389709472656,4.946757143797269,13.14515495300293,4.9453125,0.5694322394949023
00290,0.8251061756354833,0.3394284727618061,0.33007216453552246,0.5883865356445312,0.6022860407829285,70.41460418701172,7.405132086508995,12.391080856323242,3.611328125,0.34942666886421675
00291,0.7697395018752915,0.4011118637733293,0.18016266822814941,0.33624696731567383,0.7037330269813538,75.14175415039062,3.7941911404008573,15.17916488647461,4.95703125,0.5601393791073976
00292,0.8781663050016829,0.48186250206577425,0.2409781813621521,0.3873404264450073,0.6235648393630981,70.13233947753906,4.623943613014203,7.068108558654785,4.015625,0.36175028920352026
00293,0.7758090280318384,0.31978564377379776,0.3391951322555542,0.4998928904533386,0.5810908675193787,67.29527282714844,5.490500159842601,15.550775527954102,3.94921875,0.5491843768699066
00294,0.9007480498053256,0.4346206132621721,0.26091718673706055,0.31254082918167114,0.5404142737388611,70.0453872680664,4.99560566015556,11.527237892150879,4.30078125,0.7242606715750003
00295,0.7885165501302107,0.3849200735606168,0.25251656770706177,0.41868624091148376,0.6488749980926514,75.05665588378906,5.166159042426163,15.046802520751953,4.29296875,0.7298633579776396
00296,0.697646531219525,0.42219001185927,0.36411529779434204,0.6162340641021729,0.6644569039344788,73.61189270019531,7.226780545257677,8.834602355957031,4.40625,0.5043572158224954
00297,0.892626361156875,0.3638829093004729,0.24582022428512573,0.49113214015960693,0.6606495380401611,73.99800109863281,4.727392012988749,13.049346923828125,4.4609375,0.4093191854985196
00298,0.5988661628948426,0.2592865101221384,0.3449668288230896,0.6128705739974976,0.6270062327384949,72.6210708618164,3.8433923185001797,11.575052261352539,4.19921875,0.2995340884680678
00299,0.8883247732891182,0.35252420470262796,0.28186899423599243,0.5435270071029663,0.6806141138076782,74.83499145507812,2.839167434342092,9.916206359863281,4.14453125,0.1985108315351216
00300,0.9156431032674699,0.3665347750939192,0.3315555453300476,0.49945229291915894,0.6143112778663635,69.46610260009766,5.001859768137058,15.91775131225586,4.0078125,0.3302087897629345
00301,0.8500045973266481,0.32023746464515224,0.2363172173500061,0.46965745091438293,0.7176433801651001,74.90252685546875,6.033510838382261,14.100873947143555,4.77734375,0.27729097194876934
00302,0.7040984227839554,0.2911804690155206,0.26227283477783203,0.502951979637146,0.6866409778594971,74.35237884521484,3.5344689791761676,8.43675708770752,4.8984375,0.21786513562863452
00303,0.8049962501397128,0.3645682635473071,0.20723533630371094,0.4453107714653015,0.6089887619018555,71.09600830078125,4.453612238113754,14.062041282653809,4.91796875,0.5292927219290146
00304,0.8279626206281093,0.33082133784928025,0.25704944133758545,0.4585554301738739,0.5400505661964417,71.84246063232422,4.075893713575696,12.295136451721191,3.998046875,0.1997429150703866
00305,0.8062409787238816,0.3356578155047493,0.25112032890319824,0.4885108172893524,0.629550039768219,75.12089538574219,4.318677472431739,12.871752738952637,4.953125,0.43749342633632343
00306,0.6428891955668102,0.2650118084518366,0.2599096894264221,0.604232668876648,0.7004937529563904,72.8808364868164,5.566051248936107,11.418456077575684,4.41015625,0.43411088655583924
00307,0.855626366795121,0.4311631815710119,0.226790189743042,0.4327692687511444,0.7639904022216797,74.29176330566406,4.467005179524484,14.795241355895996,4.93359375,0.5051904638682255
00308,0.8125440178492048,0.5378670788253478,0.277312695980072,0.5088556408882141,0.6416050791740417,72.38844299316406,4.0323014963689765,8.313759803771973,4.66796875,0.46069981513305625
00309,0.8197067953418709,0.42142407057340897,0.21734154224395752,0.37242281436920166,0.7962414026260376,76.03372955322266,4.7219927367621795,11.074275016784668,4.96875,0.5178275877239686
00310,0.9083047772902738,0.37456178539513785,0.2550634741783142,0.5004762411117554,0.6814600825309753,73.76709747314453,4.9041935028165,13.817741394042969,4.234375,0.42580996250825515
00311,0.7778819631345385,0.32259685863874343,0.2949303984642029,0.5333253741264343,0.6460175514221191,76.37301635742188,5.792402319357622,11.832256317138672,4.515625,0.258365510878749
00312,0.7724548214627804,0.3783023841602718,0.2502318024635315,0.43692758679389954,0.5696226954460144,74.50586700439453,5.499977337056845,7.052056789398193,4.953125,0.5590994738323583
00313,0.7777820672784427,0.37375786365387087,0.2205471396446228,0.41331613063812256,0.6822295188903809,74.7067642211914,4.169240909097877,12.132293701171875,4.7734375,0.5135925675836046
00314,0.8301990984903799,0.4324153379891949,0.22311103343963623,0.308306485414505,0.4525393545627594,68.13920593261719,4.685950249601431,12.9941987991333,3.029296875,0.5407924405840203
00315,0.7625296203714043,0.29618940391049936,0.23281246423721313,0.39792874455451965,0.6550578474998474,74.30024719238281,4.470792808350746,15.455896377563477,4.25,0.4397196706752381
00316,0.854984544601379,0.3642661866838736,0.2665676474571228,0.5855363011360168,0.7007516026496887,75.21516418457031,4.919716009833035,12.26574420928955,4.8984375,0.5033065744032399
00317,0.7930274702828883,0.34438245019942954,0.34305936098098755,0.5316526293754578,0.6904937028884888,73.06121063232422,3.242072412866675,7.796792030334473,4.41796875,0.14012599529764633
00318,0.8478955590138886,0.4617897636282109,0.26303577423095703,0.4112849831581116,0.644479513168335,72.79422760009766,4.108674138694923,13.023561477661133,4.5625,0.6195624016054372
00319,0.6030931528162818,0.2670052323791936,0.20336276292800903,0.27243271470069885,0.5988253355026245,70.7059097290039,6.654906578344684,14.090270042419434,4.3203125,0.7658029245047178
00320,0.8052489876017491,0.3526475694444444,0.31008124351501465,0.49694758653640747,0.7011458873748779,71.28556060791016,5.096323954143682,9.165663719177246,4.921875,0.2966473359305814
00321,0.8091426878758067,0.36580700014170325,0.19089102745056152,0.4148809015750885,0.6678100824356079,70.28064727783203,3.6996475754508644,12.438593864440918,4.6484375,0.44945513441750035
00322,0.8099973229091325,0.38013307345923786,0.19155538082122803,0.377259224653244,0.7078527212142944,74.66085815429688,2.941737347350995,11.722297668457031,4.9453125,0.380401371912603
00323,0.8313193103193418,0.3750467370358653,0.19329899549484253,0.4523167312145233,0.58696448802948,74.72693634033203,3.883494890716186,11.485736846923828,4.94921875,0.45836583457266233
00324,0.7877715292162251,0.40058309037900874,0.21956145763397217,0.39176100492477417,0.602094292640686,75.48896026611328,3.5274641725586733,14.339273452758789,4.6328125,0.6777714277387995
00325,0.7735249803703598,0.37692367179645814,0.27864331007003784,0.5757819414138794,0.6035875678062439,77.53228759765625,5.167584868998198,10.886604309082031,4.94140625,0.5952572741667705
00326,0.8271650399623623,0.4133700895933839,0.24262815713882446,0.4487684369087219,0.49912741780281067,64.3172836303711,4.012382082634821,11.650108337402344,3.80859375,0.5051597931989292
00327,0.83380090171186,0.30282845354675153,0.44231951236724854,0.8335702419281006,0.5395093560218811,71.95064544677734,5.724399289919177,10.294143676757812,3.87109375,0.10011302721631803
00328,0.7896955428606857,0.3014401262576445,0.25445860624313354,0.5930450558662415,0.6732197999954224,73.65327453613281,3.4885419824230133,12.928909301757812,4.36328125,0.3100829572145939
00329,0.7616337364351662,0.2947631401941001,0.2013891339302063,0.4076623320579529,0.7531564235687256,76.71180725097656,4.569676942505617,16.019977569580078,4.69140625,0.41542562248620907
00330,0.7749839923506957,0.2988662701906319,0.31859439611434937,0.6547669768333435,0.6186646223068237,70.50446319580078,3.3077092469302327,8.329923629760742,4.609375,0.23034851799625006
00331,0.851963258208043,0.4443352302121055,0.19312334060668945,0.32228270173072815,0.7535895109176636,73.25264739990234,5.3061539173287136,12.483757019042969,4.9296875,0.5862278837189321
00332,0.5322625391697783,0.2618389001279881,0.24512916803359985,0.40121957659721375,0.547730565071106,75.49038696289062,3.5901419740081084,10.247254371643066,4.921875,0.4794409091119571
00333,0.8080835616860492,0.4170468325922504,0.2533031105995178,0.45465463399887085,0.6247677803039551,72.75498962402344,3.7268587984991326,7.068739414215088,4.51953125,0.4553546324204266
00334,0.8198347593086537,0.36088723106640913,0.2030935287475586,0.4666682481765747,0.6797040104866028,75.21068572998047,3.4144202158559414,10.008508682250977,4.8828125,0.4865112978445309
00335,0.9050051533494781,0.3542041623361809,0.21551018953323364,0.44887620210647583,0.6526108980178833,74.79227447509766,2.776805891185995,12.20641040802002,4.8359375,0.44737345106072707
00336,0.7139523396912243,0.3399808668776216,0.2762798070907593,0.5299892425537109,0.4788459837436676,64.63397216796875,4.255207224961867,15.899310111999512,3.544921875,0.589944841029883
00337,0.802540267237433,0.43214618683572625,0.23938822746276855,0.48401984572410583,0.6403163075447083,70.90188598632812,3.7405604163312143,12.743654251098633,3.849609375,0.5870787550256134
00338,0.8126870917713367,0.3234166032206628,0.17222297191619873,0.4290550947189331,0.5934773087501526,74.64688110351562,4.027640515526522,14.535839080810547,4.55078125,0.42652526543709635
00339,0.7873781177158987,0.3457231089779365,0.21455097198486328,0.3988828659057617,0.7188828587532043,70.04906463623047,4.884323328868452,16.46479606628418,4.484375,0.6290873849018436
00340,0.8608464395495078,0.38051774333149735,0.2763689160346985,0.4861637353897095,0.5528387427330017,70.63398742675781,4.115061505279367,11.478456497192383,3.6015625,0.35998526511245044
00341,0.6806224093889846,0.30565467190807377,0.3432016372680664,0.71031653881073,0.5293446183204651,75.38056945800781,6.5792739975100325,6.203042984008789,3.37890625,0.28434204405135305
00342,0.5240089411728194,0.21880819366852886,0.2661064863204956,0.46120715141296387,0.5820819735527039,74.90108489990234,3.1952806680576153,15.430778503417969,4.62890625,0.6431405684064553
00343,0.8049437679096973,0.3621917885821921,0.2103867530822754,0.41373151540756226,0.5890876054763794,72.4046630859375,3.0676148820842886,13.769811630249023,3.890625,0.3698836452256917
00344,0.7834040704000094,0.3957841576549377,0.21415257453918457,0.45199155807495117,0.6994726657867432,75.21932220458984,4.3188059013088385,9.354513168334961,4.97265625,0.48063682734599655
00345,0.6933257093486342,0.32818167962200884,0.2645491361618042,0.4121323823928833,0.6588049530982971,72.91951751708984,4.237199280040153,9.943927764892578,4.92578125,0.5469987480143619
00346,0.5503742827141259,0.2401595155453807,0.3215814232826233,0.5743233561515808,0.5778671503067017,73.48779296875,4.694909705292763,9.766316413879395,4.96484375,0.5530187179675531
00347,0.8317813522992851,0.5171608685500817,0.19152498245239258,0.35141071677207947,0.6137142181396484,73.58109283447266,3.812547246528703,10.903010368347168,4.73828125,0.6471629289602088
00348,0.7597035818409114,0.368897914551277,0.23450928926467896,0.4243009090423584,0.7334344983100891,72.53984069824219,4.575982448578445,15.912252426147461,4.94921875,0.4632374467784206
00349,0.7550179173389432,0.29986592723505395,0.23217487335205078,0.3947676420211792,0.7115784287452698,75.09525299072266,2.9643137645949857,11.347782135009766,4.87109375,0.3446610453594692
00350,0.8690432500817662,0.5114246281245208,0.34767425060272217,0.5413734316825867,0.4712999761104584,61.502925872802734,9.034682522351838,8.840316772460938,3.947265625,0.5726781435855629
00351,0.7400660126730694,0.3476507858142023,0.36191773414611816,0.7460516691207886,0.40129563212394714,64.2265396118164,7.370825890169906,11.148210525512695,3.037109375,0.31376875645625685
00352,0.8578512089413225,0.374539002157122,0.2542819380760193,0.45225822925567627,0.6742918491363525,75.2151107788086,3.874219209787968,7.739830017089844,4.8046875,0.4105804957550709
00353,0.9106393878508878,0.5832091934454139,0.2696313261985779,0.42503899335861206,0.6621055006980896,72.00507354736328,6.341510039092169,5.5589985847473145,4.93359375,0.5407726826637481
00354,0.8617317555909276,0.3596124201717683,0.20680350065231323,0.48725569248199463,0.6799871325492859,74.61133575439453,3.9858510791360566,10.718841552734375,4.8046875,0.44432446848124724
00355,0.6981107286438762,0.34888059701492535,0.29974228143692017,0.659106433391571,0.6329194903373718,73.42154693603516,5.90997838615713,10.259843826293945,4.94921875,0.5669720360083204
00356,0.7010065566006115,0.3524003064929873,0.28624963760375977,0.510705828666687,0.6240463852882385,75.87403106689453,3.6811967283283247,10.790644645690918,4.91796875,0.3232965981827568
00357,0.8225102024698017,0.40900570415012194,0.17902213335037231,0.2974112033843994,0.48427140712738037,69.14030456542969,3.272211976270581,15.392389297485352,3.96875,0.5137406771534592
00358,0.8334858369490107,0.323732784083836,0.2906339764595032,0.6350969672203064,0.6797813773155212,73.48176574707031,3.11021446577427,10.470438003540039,4.93359375,0.25208924268417016
00359,0.8274510541091221,0.4550484370318586,0.1915884017944336,0.3686223030090332,0.7764899730682373,74.41499328613281,3.5332268859965423,11.291861534118652,4.97265625,0.3746971648247442
00360,0.7670142338487005,0.5619249823071479,0.29555249214172363,0.5649932622909546,0.6173360347747803,74.2182388305664,7.442942999368907,10.950811386108398,4.65234375,0.6181424687954821
00361,0.8113458014684299,0.33341889849120104,0.26981687545776367,0.3962812125682831,0.6288790106773376,71.24202728271484,5.239708620529391,12.37601375579834,4.109375,0.4915279675656552
00362,0.8256765586479207,0.40357073082761,0.17837685346603394,0.33849334716796875,0.7206509113311768,75.09371948242188,3.992246806401031,14.171248435974121,4.96875,0.46057970812267324
00363,0.8286041177996221,0.41724370365831237,0.30970442295074463,0.4611383378505707,0.6765037775039673,72.1226806640625,4.672969063203185,10.806998252868652,4.34765625,0.29039317709454154
00364,0.6810579088362082,0.3348962574051717,0.2085345983505249,0.3939097821712494,0.6814864277839661,74.0805435180664,3.501747780236578,11.28073787689209,4.88671875,0.4637949431414368
00365,0.7799700600137581,0.4768472906403941,0.13744741678237915,0.34701332449913025,0.5929527878761292,74.26387786865234,3.2964136389418015,13.145238876342773,4.97265625,0.6201635785370336
00366,0.8753659867821724,0.4496945010183299,0.27986055612564087,0.43146812915802,0.6726953387260437,73.64396667480469,3.4115393539669228,9.708063125610352,4.484375,0.3490871185448925
00367,0.8301430976161532,0.3861360201511335,0.18070363998413086,0.3174498677253723,0.7207629680633545,74.84443664550781,3.760442477005742,15.028179168701172,4.94921875,0.5137588999425168
00368,0.8100486530093213,0.4266681562997514,0.23855429887771606,0.40832409262657166,0.770439088344574,74.07987213134766,4.643448316908582,9.145072937011719,4.8671875,0.4431832015616904
00369,0.8575243838286973,0.4056475699158295,0.25217509269714355,0.46369701623916626,0.6897851824760437,74.18783569335938,4.551761217200927,14.154777526855469,4.4765625,0.6439401108330123
00370,0.8474451874556492,0.4461880033115075,0.16989517211914062,0.2882591784000397,0.5527069568634033,70.4578857421875,4.083705624949265,10.353815078735352,4.09375,0.3982251313247907
00371,0.89172947986176,0.4261370006353003,0.34180748462677,0.645845890045166,0.6978334784507751,75.93897247314453,4.950680879528835,8.360902786254883,4.98046875,0.41930205627646916
00372,0.8715977152803088,0.4766415500538213,0.15046536922454834,0.30479326844215393,0.7422171235084534,75.54187774658203,2.9854408005274715,14.206436157226562,4.9921875,0.44834941258525834
00373,0.8766316544184302,0.38448312916398025,0.3482368588447571,0.6718242168426514,0.38643014430999756,67.66971588134766,4.458398553630596,13.126253128051758,3.033203125,0.155689671108039
00374,0.8020587883780437,0.446213496122752,0.31899672746658325,0.4583405554294586,0.6197346448898315,64.73411560058594,4.289645015411041,14.904077529907227,4.7890625,0.5402001797223004
00375,0.8154253898796661,0.323481998925309,0.2786620855331421,0.4613971412181854,0.6875342130661011,71.07486724853516,5.393599290042031,12.228989601135254,4.4453125,0.37061513099787613
00376,0.8408467656378779,0.3193055021161985,0.3119838237762451,0.43976891040802,0.667364776134491,73.77166748046875,4.266264191536552,12.319007873535156,4.53125,0.39060478974926943
00377,0.5670375197028309,0.2621376332716539,0.30381137132644653,0.5293785333633423,0.41060870885849,67.32113647460938,4.204497193471215,12.040505409240723,4.046875,0.38540957098593553
00378,0.7590282516292881,0.3801233224519405,0.3470974564552307,0.7064968347549438,0.4582709074020386,67.11257934570312,4.3676905319936985,8.432506561279297,3.490234375,0.473906191570667
00379,0.8985232701482403,0.34751310511160877,0.363381564617157,0.63507479429245,0.6472062468528748,73.26813507080078,7.6517289636758195,10.277667045593262,4.09765625,0.12351179998795282
00380,0.7116731055379443,0.4040002837080644,0.3248385190963745,0.6527944207191467,0.7347437143325806,72.88536834716797,5.617310666749169,12.337667465209961,4.6484375,0.598733535765721
00381,0.8022447081978461,0.32567207828727834,0.273043155670166,0.35739946365356445,0.7026841044425964,74.3206787109375,7.308114418672933,15.419193267822266,4.64453125,0.676650906107926
00382,0.8237662509368632,0.41586086053605037,0.18460118770599365,0.3595584034919739,0.6332508325576782,72.25961303710938,3.5616903170109366,12.402904510498047,4.94140625,0.49698413791184837
00383,0.9477407020597475,0.7039652362846279,0.2476511001586914,0.4241684079170227,0.6166617274284363,76.60942077636719,6.911768303467213,12.914836883544922,4.7265625,0.8671021350894945
00384,0.8238450435303708,0.3972073307567635,0.26352357864379883,0.5022383332252502,0.7329282164573669,75.84729766845703,3.9582132846146476,7.94191312789917,4.94921875,0.4118146531466446
00385,0.7168806918078228,0.3311629147314385,0.34716421365737915,0.6229085922241211,0.6317642331123352,72.60243225097656,5.958028224531629,10.577323913574219,4.3046875,0.33262827353918173
00386,0.8206514099441028,0.3324873580765194,0.22985315322875977,0.4355752468109131,0.712172269821167,75.20840454101562,6.281947309834987,15.396039962768555,4.80078125,0.5021134093017648
00387,0.7037737262397773,0.3315815404828379,0.23392456769943237,0.45375874638557434,0.4827042520046234,69.2712631225586,3.438103732754585,12.961286544799805,4.421875,0.47738365660658094
00388,0.5137676333614322,0.2299392510653731,0.270446240901947,0.4667150676250458,0.5766203999519348,71.57511901855469,6.4218992903386365,9.3920259475708,4.2578125,0.2537261099874352
00389,0.8504385737167016,0.33869420138341905,0.26319026947021484,0.5313402414321899,0.6896457672119141,72.9644775390625,4.386232920423161,11.263056755065918,4.453125,0.3049062785554962
00390,0.928740899327897,0.6968838526912181,0.15355807542800903,0.11684772372245789,0.7452933192253113,74.73504638671875,6.255548600316667,18.575176239013672,4.64453125,0.8430066403901117
00391,0.791142636417537,0.33868092691622104,0.2957625389099121,0.5696592926979065,0.4940430521965027,63.56352996826172,5.329571240684707,15.788378715515137,3.14453125,0.49056531098843675
00392,0.8259830552292676,0.419371092656527,0.2511402368545532,0.46939921379089355,0.7192115187644958,74.9093017578125,3.729031362157504,9.851123809814453,4.88671875,0.4022108351595047
00393,0.8288481981938649,0.37408411390536517,0.29965949058532715,0.4847186207771301,0.681898295879364,73.19021606445312,3.0449919050508583,9.384879112243652,4.859375,0.2893064853681038
00394,0.894862693720684,0.3611189601582368,0.28591078519821167,0.5613669753074646,0.6362699866294861,75.08939361572266,4.987639671789144,10.866860389709473,4.3515625,0.2813694326287337
00395,0.8506150591854229,0.3704803674413786,0.2531609535217285,0.49759984016418457,0.5617448091506958,67.39176177978516,4.687309094822686,12.825666427612305,3.96875,0.5474870198265878
00396,0.5933505660772477,0.25433774265590103,0.2302253246307373,0.4155917465686798,0.5226162075996399,66.87979888916016,3.778837538189742,10.993756294250488,3.658203125,0.24867159185504548
00397,0.8838846487557835,0.38879696236044103,0.24069452285766602,0.48359841108322144,0.6736393570899963,74.7785415649414,4.298057772323785,11.898836135864258,4.51171875,0.28016618131359683
00398,0.9001179891670619,0.3532519106848494,0.28026968240737915,0.40903496742248535,0.7399712204933167,73.9864730834961,5.618583720788963,11.212105751037598,4.87890625,0.5530638841526817
00399,0.8003771428553952,0.3296357367710988,0.3547079563140869,0.7158750891685486,0.6154619455337524,66.81002807617188,3.513229873348616,8.643010139465332,3.388671875,0.3464075338822839
00400,0.710365121580844,0.34057401218793004,0.23843806982040405,0.4942288398742676,0.5510316491127014,64.99214172363281,3.9338644025301366,12.57604694366455,4.828125,0.5602955464253548
00401,0.8338743442041194,0.3530353836144337,0.3997476100921631,0.6531938314437866,0.7086418271064758,72.37068939208984,5.1078246929586975,5.1247334480285645,4.4296875,0.04506888676420984
00402,0.8702794631089676,0.38336881137128337,0.2928779125213623,0.6868191957473755,0.7213316559791565,73.31818389892578,5.0954186188449695,9.623669624328613,4.5,0.33725033693372913
00403,0.7381560524033711,0.3022752833290077,0.25236451625823975,0.47602424025535583,0.5786486864089966,74.0114517211914,6.711717647767369,15.197742462158203,4.26953125,0.37975953870207463
00404,0.9256894838047194,0.3548942670580483,0.365561842918396,0.674329400062561,0.6314244270324707,73.75592041015625,5.38019225663285,10.593396186828613,4.578125,0.21819832753166457
00405,0.8430641541261511,0.3334150466991886,0.3049697279930115,0.5041216015815735,0.659348726272583,70.70870208740234,5.83863366881616,10.81474494934082,4.546875,0.305140037984912
00406,0.8763426294324135,0.4064497552548229,0.22894513607025146,0.5349189639091492,0.622372567653656,75.91558074951172,3.7759393031162376,9.784310340881348,4.53125,0.47386008819404474
00407,0.8171997367138856,0.38422266139657446,0.2323828935623169,0.5268426537513733,0.45474398136138916,75.67313385009766,3.3664925489407875,11.17841625213623,4.55859375,0.45883088336860894
00408,0.7655837127343843,0.4169167422709191,0.24227744340896606,0.35839900374412537,0.6379715800285339,71.06069946289062,3.9227048715730155,15.905662536621094,3.498046875,0.5839044661476634
00409,0.6732577670425711,0.35757806549885757,0.24728941917419434,0.4884672164916992,0.5182499289512634,69.24504089355469,5.241595902224286,10.430503845214844,4.671875,0.5669609075714703
00410,0.893070623234031,0.3370780635579081,0.2752535939216614,0.5858493447303772,0.6845901608467102,75.57247924804688,5.636684409111429,12.198734283447266,4.796875,0.13455873132429635
00411,0.890876437746285,0.3509382076997735,0.3747926950454712,0.6144401431083679,0.602756679058075,65.18466186523438,5.56060543155571,12.569613456726074,4.2109375,0.3054202590757577
00412,0.7194478342706526,0.41707237909769557,0.29808712005615234,0.6371909976005554,0.4082939326763153,68.75190734863281,4.7797244347441135,11.242496490478516,4.1171875,0.49574105120661827
00413,0.9158648654841659,0.39823746576158153,0.3751137852668762,0.6729682683944702,0.5861106514930725,70.80990600585938,5.567195913533083,9.394164085388184,3.306640625,0.6188350654640492
00414,0.8620626528099401,0.3779981240787887,0.20605874061584473,0.37669700384140015,0.4434133768081665,68.20670318603516,2.530325747282168,9.837153434753418,3.609375,0.2773966753006388
00415,0.5665982081146264,0.2818210531065289,0.3663707375526428,0.7423787117004395,0.46302103996276855,71.63246154785156,7.068883480554283,7.736732482910156,3.765625,0.3432243372039947
00416,0.769210663979174,0.34326228074213894,0.2337166666984558,0.42946624755859375,0.7488914728164673,76.0699462890625,4.865586297806113,10.466865539550781,4.98046875,0.5297959282541264
00417,0.9158652936644034,0.3549403388653221,0.22821581363677979,0.45270103216171265,0.7570786476135254,76.05884552001953,4.8257613390938285,13.157649993896484,4.75,0.32428723594029757
00418,0.6782944624676595,0.33296894090412194,0.2782191038131714,0.59605473279953,0.6544573307037354,70.40388488769531,4.343568276610791,13.29195499420166,4.53125,0.3540424197688152
00419,0.8405398050586749,0.33640057361376674,0.2300642728805542,0.4750298857688904,0.5180039405822754,76.7553939819336,2.8565553039827254,10.996320724487305,4.74609375,0.5839848727038541
00420,0.6267472317509618,0.24429138131796563,0.33163267374038696,0.5877147912979126,0.5397888422012329,71.69012451171875,4.384607074434247,11.740876197814941,4.0546875,0.25415190094616297
00421,0.8029287871627105,0.31882116543871397,0.25269103050231934,0.596558153629303,0.5553210973739624,75.9444808959961,3.5701415433210237,9.839414596557617,4.76171875,0.4033856937193141
00422,0.7224184425569161,0.4039949681698624,0.2292357087135315,0.4710611402988434,0.6991901397705078,73.39359283447266,4.415309270701267,11.252936363220215,4.92578125,0.5654335323436788
00423,0.7473624524929586,0.29553146151917775,0.34611421823501587,0.7204031944274902,0.5023707151412964,70.08902740478516,5.309996319987256,11.261292457580566,3.9375,0.23216515833748666
00424,0.6938808946992894,0.29423499189138763,0.28051185607910156,0.5846098065376282,0.5999103784561157,76.34260559082031,5.006266044659218,9.309303283691406,4.15625,0.3279296541949862
00425,0.8840779596613564,0.33324824039969364,0.35129839181900024,0.6968217492103577,0.5605928897857666,71.36947631835938,5.585596053664861,11.837295532226562,3.76953125,0.14823155020774945
00426,0.7991978653331114,0.3331657142857143,0.29584312438964844,0.6116036772727966,0.60017991065979,70.182373046875,5.0813588621409345,13.752837181091309,4.8984375,0.44692850110193105
00427,0.8173327478828104,0.3529620905737523,0.24573957920074463,0.5036157369613647,0.7340747117996216,72.28644561767578,4.57223671817672,10.46306037902832,4.9609375,0.3976672880044531
00428,0.8370011682766398,0.3304392854060585,0.3132624626159668,0.4830351769924164,0.6598076224327087,70.95079040527344,5.2565737622074815,12.782858848571777,4.109375,0.5291744117657232
00429,0.5105278326107218,0.20167839740119112,0.34348785877227783,0.6884219646453857,0.5293588042259216,74.00479888916016,5.779782013766077,7.879971981048584,4.65234375,0.25370534978480763
00430,0.8037973587125049,0.3778265879302895,0.2138437032699585,0.3440803289413452,0.5958004593849182,74.77523803710938,3.813568219159611,15.071571350097656,3.91015625,0.4935427435310437
00431,0.7957973647926426,0.34637561053021354,0.17927539348602295,0.37365758419036865,0.6303240656852722,73.64118957519531,3.4575401968453114,12.495975494384766,4.94921875,0.3937699773203509
00432,0.8048747234551052,0.36880430097770117,0.18500828742980957,0.41269925236701965,0.6564714908599854,75.22074890136719,3.0262529768858415,12.152364730834961,4.91796875,0.3368037404422696
00433,0.8813508366283604,0.45705349730679384,0.16896289587020874,0.36821895837783813,0.5947891473770142,72.0201416015625,3.6575683630138847,10.282697677612305,4.515625,0.47627565214685114
00434,0.8062293375010339,0.3842719093635455,0.2624483108520508,0.5197634696960449,0.7111161947250366,75.16500091552734,3.2432930117006626,9.866287231445312,4.9609375,0.3104769475001634
00435,0.9055351733364428,0.4056933264899916,0.3093438148498535,0.49155935645103455,0.5475983619689941,71.36532592773438,4.039075822118004,9.551321983337402,3.568359375,0.32552321908208814
00436,0.813133435659533,0.3702688816578181,0.46922969818115234,0.8494827747344971,0.5738030672073364,69.58991241455078,6.38993405834972,9.842660903930664,4.0703125,0.17446162523827016
00437,0.7807994057142912,0.40581072822152225,0.17679989337921143,0.30051401257514954,0.5990031957626343,74.53343200683594,4.697773813312472,12.222389221191406,4.9296875,0.5614264533533506
00438,0.5193236560297524,0.27078481602235677,0.41892141103744507,0.5270031094551086,0.54285728931427,69.31700897216797,5.165535416013285,8.17411994934082,1.5615234375,0.37211018346723834
00439,0.7268281690126699,0.35032056551043894,0.16809099912643433,0.37866976857185364,0.623056173324585,75.08854675292969,1.938164704118079,14.196844100952148,4.8671875,0.41631720018153046
00440,0.8749923681889954,0.3552553363955688,0.27734214067459106,0.4882599711418152,0.697723388671875,73.67036437988281,3.428736565529487,10.236658096313477,4.9375,0.27613428189076766
00441,0.7555833985518545,0.4289808215151738,0.269467294216156,0.525283932685852,0.6250227093696594,73.71258544921875,4.995695062051411,13.637063980102539,4.28515625,0.6462806700062381
00442,0.8516821500392067,0.3187261211825944,0.23892205953598022,0.5387402772903442,0.6247165203094482,73.73789978027344,4.539404617286689,11.199835777282715,4.5703125,0.2768669185530992
00443,0.6545568571939998,0.2812929270275574,0.21631217002868652,0.5253534317016602,0.5674830079078674,70.5523910522461,3.8497815730879466,11.689750671386719,4.88671875,0.38708470710566495
00444,0.8152108566598892,0.39864978902953585,0.23035144805908203,0.3922216296195984,0.6865264773368835,73.8082275390625,3.597419135960882,11.590753555297852,4.875,0.4989513743079467
00445,0.8128017814957865,0.41169123157631776,0.2752574682235718,0.5254938006401062,0.6011378169059753,70.33670806884766,3.3269782494879014,13.230853080749512,4.19140625,0.38166040629509973
00446,0.718416849614056,0.33709946286349324,0.2735280394554138,0.5604290962219238,0.7626469731330872,73.889404296875,4.898821913914726,9.716792106628418,4.875,0.3515643158737324
00447,0.959643881322529,0.4011373242142473,0.2706986665725708,0.3492390215396881,0.6921912431716919,73.81534576416016,5.206861451185805,17.189844131469727,4.87890625,0.8085220945026148
00448,0.9135332725267734,0.4632185916477372,0.43948715925216675,0.6405360698699951,0.593881368637085,72.7998046875,5.55209197875484,2.5824763774871826,1.9541015625,0.1282624099006892
00449,0.7889824751867862,0.45178961394677425,0.22986221313476562,0.45710131525993347,0.6034334301948547,70.04486846923828,3.4902301682243055,12.859210014343262,4.125,0.4410350832070798
00450,0.7403498782203383,0.34132569883494374,0.2877894639968872,0.5885634422302246,0.5440728068351746,67.43917083740234,3.8115748032365393,14.29305648803711,4.41015625,0.4522273846262067
00451,0.8718142197275978,0.37882192373628937,0.26285117864608765,0.5465678572654724,0.7394196391105652,73.00125885009766,3.7922502561292637,11.36204719543457,4.96484375,0.41976746023842043
00452,0.904967551685507,0.4413243408951563,0.24194103479385376,0.40860486030578613,0.6626309752464294,73.99137115478516,5.483564766602019,9.132009506225586,4.89453125,0.5990625325710798
00453,0.8706332269844697,0.3687345846745537,0.377647340297699,0.5311222076416016,0.566423237323761,71.00708770751953,6.180945520279836,14.127878189086914,3.537109375,0.2939553110817638
00454,0.6853971819153405,0.3276287880989046,0.23054850101470947,0.4861561357975006,0.49835067987442017,72.40084075927734,6.756875845708495,13.672123908996582,3.84375,0.4109371507879256
00455,0.6602423012010623,0.3436426116838488,0.2765088677406311,0.5167060494422913,0.6685484647750854,71.38980865478516,4.697639728869381,6.251221179962158,4.92578125,0.46597498629479145
00456,0.8186082271684607,0.3801692289357645,0.3728398084640503,0.683518648147583,0.46147143840789795,68.32176208496094,7.215838085586912,11.020160675048828,3.95703125,0.33796111581456273
00457,0.8750794501982593,0.7029644848840623,0.22673892974853516,0.3709855377674103,0.6513780951499939,75.99092864990234,5.989253353699382,10.467050552368164,4.64453125,0.7094138919251999
00458,0.7942470676928177,0.3650241837968561,0.2750927209854126,0.6142391562461853,0.6589930057525635,71.7432632446289,5.626053243822541,12.736516952514648,4.6328125,0.5203038305572234
00459,0.8215558995810959,0.39021621525745404,0.2829732894897461,0.504841685295105,0.5189229249954224,69.75101470947266,3.6845440121385034,11.399773597717285,3.77734375,0.33680067721148044
00460,0.8037053649262822,0.3650615901455767,0.21850377321243286,0.3948695659637451,0.7313246726989746,74.77649688720703,3.2718338318151443,12.92864990234375,4.7734375,0.475405320784824
00461,0.7576039363452817,0.28581883425010035,0.29307305812835693,0.5750342011451721,0.648284912109375,69.89324951171875,4.8445650175100425,11.39708423614502,4.2265625,0.31545741066548477
00462,0.828079833296657,0.29876822814356035,0.4935988783836365,0.7280529737472534,0.524390697479248,66.06655883789062,7.180968893394801,13.481865882873535,2.93359375,0.15424514689411062
00463,0.6985339631514687,0.32551349174385824,0.4002166986465454,0.6551987528800964,0.5575044751167297,69.6176986694336,4.764298934718397,4.757486820220947,3.146484375,0.2164472556027192
00464,0.7417627728794326,0.3530077478889179,0.36092960834503174,0.6271486878395081,0.5611566305160522,69.40074920654297,5.934105669929089,8.442480087280273,3.796875,0.4875862789359644
00465,0.8206584382030362,0.3286914489584532,0.3870720863342285,0.7185900211334229,0.4375517666339874,68.2828140258789,7.076361606819473,11.022372245788574,2.8203125,0.38223571531618183
00466,0.620100032924102,0.3070349761526232,0.2612694501876831,0.45905065536499023,0.6097365617752075,70.0999755859375,3.462809114978781,12.823308944702148,4.75390625,0.3804924652872618
00467,0.7749035728601652,0.34060653438484356,0.31912684440612793,0.4918828010559082,0.6863789558410645,73.752685546875,5.780446628694867,13.882120132446289,3.8984375,0.5071288149876578
00468,0.5461098456299318,0.2403840273955849,0.1824284791946411,0.34779104590415955,0.6366778612136841,75.47956085205078,3.190404623854859,16.149517059326172,4.94921875,0.46208358410229183
00469,0.793207246517598,0.3013275043983579,0.26485735177993774,0.5061004757881165,0.7876477837562561,75.24691772460938,4.877676538957681,12.37387752532959,4.59765625,0.46300496065589064
00470,0.8394241331714205,0.47323452484742806,0.2473013997077942,0.436797171831131,0.6275500059127808,72.35692596435547,5.190863516162909,14.109768867492676,3.66796875,0.48080284817732943
00471,0.37185983900989483,0.16767868900431634,0.36691224575042725,0.6828485727310181,0.5590938329696655,64.86193084716797,5.537943304595561,13.197470664978027,3.0546875,0.6399945249740047
00472,0.8799281865450389,0.43617374792309516,0.21668356657028198,0.3963789641857147,0.6990900039672852,74.65384674072266,4.429283751874823,10.736076354980469,4.72265625,0.2849730577619284
00473,0.887553131105537,0.33938814531548755,0.18278664350509644,0.3982197940349579,0.7237935662269592,76.6620864868164,4.095085935574241,14.875641822814941,4.75390625,0.30853752888226543
00474,0.7802208868244012,0.34509137271568213,0.21524018049240112,0.4273374378681183,0.6380782723426819,76.15338134765625,3.7978235707616492,10.666789054870605,4.875,0.42758467295308683
00475,0.7991632177672288,0.3895152198421646,0.20405560731887817,0.4061506390571594,0.7245886921882629,74.03682708740234,4.233177763265267,12.97244930267334,4.80078125,0.5653619172387421
00476,0.8023952152047723,0.4140162018159082,0.23711520433425903,0.4461610019207001,0.7462491989135742,75.23097229003906,3.5103242716421836,12.498125076293945,4.87890625,0.44765052341007705
00477,0.7988876532913504,0.30977768351233054,0.3141128420829773,0.6336960792541504,0.6645444631576538,68.34192657470703,5.148254612837297,14.80684757232666,4.30078125,0.36524164830631634
00478,0.7696737637995987,0.3580708311087382,0.2795988917350769,0.49653077125549316,0.5819029211997986,67.99981689453125,5.276951781263019,13.335723876953125,4.375,0.45601296437507194
00479,0.88210473120187,0.4208480373527336,0.36555421352386475,0.5798961520195007,0.70490562915802,74.95724487304688,6.647083738299166,10.06300163269043,4.671875,0.26815883346457925
00480,0.6738341469822797,0.2955019212899013,0.3321058750152588,0.5891845226287842,0.5305434465408325,68.99822235107422,5.378824146741438,12.714275360107422,3.46484375,0.403571147895776
00481,0.8499419914137973,0.3224127042804553,0.2609720826148987,0.6358195543289185,0.6561257839202881,74.19160461425781,4.583811553001508,9.686406135559082,4.66015625,0.32732245644648683
00482,0.9558689814151828,0.6945386064030132,0.3163611888885498,0.3080398440361023,0.4993922710418701,72.94222259521484,5.924403752226161,14.697546005249023,3.611328125,0.7965168703720681
00483,0.8513913777288139,0.322465078626914,0.2577205300331116,0.5376001000404358,0.679615318775177,73.51754760742188,5.840729809451219,12.666296005249023,4.34765625,0.43149671851582605
00484,0.7693684763960047,0.29927618591852606,0.47822844982147217,0.7385125160217285,0.5626316070556641,70.99365997314453,6.434877167910769,10.359428405761719,3.310546875,0.24829048128399395
00485,0.4559198770650401,0.2022887916526422,0.31459152698516846,0.5247616171836853,0.4583527445793152,67.4355239868164,4.196904344151358,10.793344497680664,4.2265625,0.32119747207323807
00486,0.6583164500219217,0.30548717680127097,0.26303917169570923,0.4176023602485657,0.784726619720459,76.81941223144531,4.024566817777557,11.824685096740723,4.7265625,0.31144316456952564
00487,0.8554910194357235,0.505950792549501,0.17541050910949707,0.3061754107475281,0.6235210299491882,73.84026336669922,4.189670893328521,16.474445343017578,4.89453125,0.7414445310862373
00488,0.8524222850558781,0.46668552836327626,0.23228716850280762,0.4134012460708618,0.6392038464546204,70.0264663696289,2.961543974536041,11.568073272705078,4.96875,0.46467221240690054
00489,0.817077512862814,0.3908787781004625,0.3028920292854309,0.5588738322257996,0.6783431768417358,69.68145751953125,6.850440922753267,10.388381958007812,3.947265625,0.4782203776217499
00490,0.6991850429566508,0.2865577642196418,0.32131242752075195,0.6147887110710144,0.5161363482475281,63.86178207397461,4.298419673301997,14.271781921386719,4.78125,0.5073136426719697
00491,0.8500977596222237,0.4045581351364131,0.40766584873199463,0.6312940120697021,0.4384446144104004,65.09149169921875,8.548470886437102,12.246031761169434,3.51953125,0.19851190296700608
00492,0.8231132445037039,0.3726109680942351,0.24551016092300415,0.45074236392974854,0.5294501781463623,70.8319320678711,3.359143132566252,11.727890968322754,2.84765625,0.3579147330476377
00493,0.7742933104029277,0.3538761433498276,0.2513372302055359,0.5586307048797607,0.6598471403121948,71.50631713867188,4.273513704968563,13.53066635131836,4.74609375,0.49971127014450284
00494,0.7500597492114444,0.3552717121113618,0.21243035793304443,0.4932191073894501,0.6121018528938293,72.00668334960938,3.724646609513215,14.234302520751953,4.75,0.5320915361199695
00495,0.767665781860769,0.3176732036336699,0.315266489982605,0.6368855237960815,0.5327575206756592,62.38335418701172,6.751716076888577,14.190608024597168,4.2578125,0.41157681619171493
00496,0.8119715265476737,0.32832361155972717,0.3951692581176758,0.7247940301895142,0.656640350818634,66.26112365722656,5.249890285664756,7.847800254821777,3.796875,0.42832306719564484
00497,0.825350963646449,0.3258678200945713,0.23571360111236572,0.4833003580570221,0.6985763907432556,76.61847686767578,3.664305480298015,11.611995697021484,4.89453125,0.41702657102420826
00498,0.6663639053624066,0.2505940028271527,0.2559335231781006,0.5552756786346436,0.683193027973175,70.9411392211914,4.773263822018096,11.791974067687988,4.43359375,0.33963777363953407
00499,0.8380851597647112,0.3060935746694638,0.25441914796829224,0.4213784337043762,0.709892749786377,74.29256439208984,6.048786642435849,15.410934448242188,4.78125,0.32370742599026225
00500,0.6574841727109395,0.24679291386682956,0.3409930467605591,0.6086355447769165,0.5395706295967102,68.50757598876953,4.142943295690382,11.80639362335205,3.994140625,0.18543994422155652
00501,0.3670491469720588,0.13550163661869383,0.343788206577301,0.8830130100250244,0.5002472400665283,68.97168731689453,5.002497660547486,10.422523498535156,2.482421875,0.3148215764349343
00502,0.8349048542996018,0.39055123458886665,0.21761322021484375,0.3734171688556671,0.6007535457611084,68.75531005859375,4.071321178256271,14.437664031982422,4.55078125,0.4216500945346857
00503,0.8129637513472896,0.31754465867111986,0.3299422860145569,0.6682043075561523,0.6070566773414612,70.441162109375,5.072555960981584,13.030454635620117,4.6015625,0.42202694469959245
00504,0.7393226580513006,0.33480568178207126,0.4335363507270813,0.7644184231758118,0.5322263240814209,56.49226379394531,7.057661210079628,9.372902870178223,3.275390625,0.2678881228959372
00505,0.8761860339786921,0.443756649579263,0.2533762454986572,0.47943124175071716,0.7568403482437134,75.74986267089844,6.364295837941806,12.731904983520508,4.96875,0.6305002973114429
00506,0.796329008902957,0.31921824104234525,0.24915724992752075,0.6321207880973816,0.6753396987915039,75.91072845458984,4.71471575763242,12.33378791809082,4.828125,0.34205115293502325
00507,0.8526365574425164,0.32308230823082307,0.2586493492126465,0.5300416350364685,0.7517175674438477,74.13218688964844,5.29897762685972,13.615385055541992,4.65625,0.3646534981720949
00508,0.7196710221837895,0.27932578891586035,0.26094532012939453,0.4955119490623474,0.7131888270378113,73.33033752441406,4.1362365480930405,10.999563217163086,3.689453125,0.2986238148827188
00509,0.6714438399264696,0.326461963084354,0.2794404625892639,0.5232838988304138,0.6044570207595825,71.83056640625,4.280562501584126,7.469216346740723,4.234375,0.46914457421977945
00510,0.7236420951605127,0.3400339750849377,0.29179906845092773,0.5097910165786743,0.4790135324001312,70.15099334716797,6.778334260044087,15.225323677062988,3.6953125,0.5355640034083865
00511,0.9137351754208635,0.3625538020086083,0.36173635721206665,0.562779426574707,0.6222093105316162,72.83892059326172,6.2075418081102285,9.193033218383789,3.9453125,0.13993875301122474
00512,0.9109013425247314,0.35180175409883413,0.28787994384765625,0.5937402844429016,0.6677181124687195,73.1554946899414,5.104709218912671,11.301373481750488,4.66015625,0.2341388731012309
00513,0.9148046528590114,0.46176705544016616,0.32021135091781616,0.5015758275985718,0.5453898906707764,72.39852905273438,5.4522832381832105,9.692634582519531,4.21875,0.22641995263866965
00514,0.7163539165350916,0.39807594634160914,0.27866363525390625,0.46547383069992065,0.6845798492431641,72.2602310180664,4.068530907576263,11.73084831237793,4.80078125,0.48847109469648514
00515,0.830233837962232,0.3195235545169823,0.28421348333358765,0.5591191649436951,0.6539012789726257,73.83213806152344,5.562732941004622,10.586594581604004,4.7734375,0.5351326123682204
00516,0.7897362788797448,0.3839537334280883,0.16801774501800537,0.2841283679008484,0.6609846949577332,73.68644714355469,4.102495791889417,14.375131607055664,4.8359375,0.612531043518661
00517,0.7539031711899801,0.32338340812035293,0.2402746081352234,0.49089276790618896,0.5231087803840637,71.1328125,4.101704445931858,14.224781036376953,4.26171875,0.3712247128629499
00518,0.8583899878538073,0.34861486486486487,0.2765074372291565,0.4429551959037781,0.6140339374542236,73.57984161376953,5.554026212073754,13.0115966796875,3.869140625,0.5594756425943237
00519,0.8106715523141772,0.45653620135269984,0.23836910724639893,0.3792613744735718,0.638325035572052,70.3530044555664,3.72279606181623,8.917537689208984,3.888671875,0.43727780890518575
00520,0.9188987531617118,0.35566774449392957,0.27280938625335693,0.6126244068145752,0.7260541915893555,76.52991485595703,4.460218642257964,10.256755828857422,4.9140625,0.22676314010457743
00521,0.8457445017188345,0.3575365786873341,0.19727873802185059,0.48336556553840637,0.701058566570282,73.22533416748047,3.8412605950908594,11.602827072143555,4.96484375,0.39323236245141924
00522,0.866409162321308,0.4004725649776844,0.20032089948654175,0.45312121510505676,0.5935099124908447,73.10743713378906,4.426862275736274,14.755868911743164,4.10546875,0.5281962096893971
00523,0.8702166548941631,0.5350785340314136,0.26442480087280273,0.5391071438789368,0.46070602536201477,66.00201416015625,6.8169963437568315,13.656396865844727,3.86328125,0.7026140989982677
00524,0.7946101700796773,0.29689174705251875,0.2938932180404663,0.6164780259132385,0.39084893465042114,55.5958366394043,5.578900976690842,13.390893936157227,2.310546875,0.6310178905620497
00525,0.6131515550303839,0.2954614681693573,0.3634878993034363,0.5889139771461487,0.49883201718330383,72.96505737304688,4.410854270792769,9.652883529663086,3.134765625,0.41504220065634423
00526,0.8124102722413008,0.3254014993553727,0.2747002840042114,0.5631998777389526,0.729434072971344,74.85822296142578,3.724511402943322,10.984880447387695,4.9453125,0.33512742159761344
00527,0.8297016912399077,0.3632738291492001,0.26503580808639526,0.4536515772342682,0.5696404576301575,72.73273468017578,4.894237226848633,13.601066589355469,3.767578125,0.4828557068125355
00528,0.8257394324120312,0.42241548420846137,0.20119929313659668,0.3284139335155487,0.7087627053260803,75.55059051513672,3.7207628968858404,13.811049461364746,4.91015625,0.5751130568149294
00529,0.84501571642938,0.3645154611552936,0.1768680214881897,0.3548955023288727,0.6190106272697449,71.0185546875,2.9724957167053776,10.293489456176758,4.3515625,0.3314291225244974
00530,0.8298013003291683,0.4071743005784553,0.18208855390548706,0.39136600494384766,0.6747187972068787,73.8876953125,3.572044577772289,13.201419830322266,4.828125,0.41419840277955144
00531,0.6018164896183638,0.2773040884577144,0.2355644702911377,0.5211929082870483,0.5899917483329773,72.80022430419922,3.7549464118352027,10.61479377746582,4.96484375,0.3619430186719661
00532,0.7515440027810866,0.2990850038415869,0.30559420585632324,0.6208473443984985,0.512395977973938,70.85272979736328,6.220906194094249,10.573119163513184,3.537109375,0.3757612789661259
00533,0.6950204036186858,0.3048203915925793,0.31075143814086914,0.5045329928398132,0.6605227589607239,69.5904769897461,4.0458750963828605,13.056852340698242,4.43359375,0.24135696569680776
00534,0.6667428712905072,0.3364964964964965,0.337654173374176,0.526645839214325,0.5481457710266113,72.41056060791016,5.980993962113645,11.27584457397461,4.08203125,0.5697476444457801
00535,0.8795818816199563,0.38962401020818405,0.13632333278656006,0.20302799344062805,0.5681736469268799,75.46175384521484,4.0966285843467505,17.419851303100586,4.8359375,0.6602982785965715
00536,0.7447481682483028,0.34215010743128105,0.3058682680130005,0.5731812119483948,0.5085241794586182,56.05732727050781,5.842617398269642,13.894919395446777,3.908203125,0.6029740663116582
00537,0.7448105123825903,0.3216490738896634,0.3290128707885742,0.6566208004951477,0.5177544951438904,73.11318969726562,7.4401769767301005,14.87226390838623,3.361328125,0.5879912674749878
00538,0.7836151604396688,0.3120170152428217,0.16168469190597534,0.3594403862953186,0.7332717180252075,76.44219207763672,3.7111779438061347,16.381608963012695,4.86328125,0.4130757761610201
00539,0.84564403846768,0.31783786715847145,0.2830856442451477,0.5289169549942017,0.6743004322052002,74.23828125,5.335956633116427,13.951595306396484,4.50390625,0.3012982646121019
00540,0.7878412761948564,0.342815332467261,0.21157598495483398,0.4224253296852112,0.5698167681694031,70.83549499511719,3.3587944725599974,10.231191635131836,3.27734375,0.32865022168842034
00541,0.6700428482050432,0.2459040959040959,0.304582417011261,0.3902919590473175,0.5456903576850891,66.26403045654297,6.270757112779481,16.797494888305664,2.62890625,0.46524903460250994
00542,0.8321230781357957,0.36659576435771757,0.35663992166519165,0.5104610919952393,0.5190218091011047,66.99222564697266,4.743212676121062,13.485939025878906,4.20703125,0.3785854706528516
00543,0.8221905787260763,0.4985362899155422,0.19930869340896606,0.39421921968460083,0.7609910368919373,74.26466369628906,4.3114786383003505,14.052207946777344,4.94140625,0.5616487493850082
00544,0.8216969090732218,0.33525797224282233,0.2615746259689331,0.4582715928554535,0.675319492816925,74.17413330078125,4.0422613628080555,13.515460968017578,4.80078125,0.5847975580841828
00545,0.8245369480352774,0.38196640663433834,0.2627437710762024,0.4440324306488037,0.7267856597900391,75.03085327148438,3.7304928788398053,9.699129104614258,4.94140625,0.43047648566347163
00546,0.877567343438372,0.384851526923021,0.24424177408218384,0.4809205234050751,0.5860834121704102,72.88795471191406,3.4819689154785403,15.138315200805664,4.5859375,0.37737166519132453
00547,0.7352579541086798,0.26927360774818404,0.3506293296813965,0.5869908332824707,0.6253933906555176,69.69744110107422,5.202094860294081,13.259407043457031,4.5703125,0.2624686860208111
00548,0.5910830554500462,0.24770984235193866,0.22842496633529663,0.4916255474090576,0.6710160970687866,75.76174926757812,2.9584940384829315,10.922699928283691,4.91796875,0.38146094371941897
00549,0.7897942873477243,0.38853681790140765,0.2450793981552124,0.42776358127593994,0.6016959547996521,73.12332916259766,5.598784739307197,12.129295349121094,3.990234375,0.5543679764524333
00550,0.8607598082042387,0.3720878261355383,0.39321058988571167,0.6369558572769165,0.5557032823562622,72.24141693115234,5.6364687042784976,6.6245317459106445,4.203125,0.2872731052400756
00551,0.7920777579990785,0.3152154387045449,0.35079026222229004,0.5257166624069214,0.569948673248291,72.41480255126953,7.215936060815297,13.256092071533203,3.923828125,0.3263977995714151
00552,0.8720457762436561,0.32062808840811585,0.3568236827850342,0.8298291563987732,0.6803619861602783,71.83016967773438,7.202266495586741,11.377422332763672,4.14453125,0.12858624395602528
00553,0.8366496246504036,0.33643402928624366,0.3606884479522705,0.5270605087280273,0.6006710529327393,72.44123077392578,3.3610582819740418,9.714686393737793,4.0625,0.19575918784560906
00554,0.8047754617071747,0.5220856295040271,0.19388151168823242,0.4316818118095398,0.5097981691360474,69.37947845458984,7.411243540865509,14.86334228515625,4.515625,0.535904711981842
00555,0.7978566245279495,0.35983711077290115,0.28963422775268555,0.6172241568565369,0.5379475355148315,74.10076904296875,6.883285684733487,11.18909740447998,3.509765625,0.39596975125189476
00556,0.7703641322582325,0.39414470105336036,0.20076888799667358,0.33714261651039124,0.6727182269096375,71.35659790039062,4.189323136866489,10.089210510253906,4.94140625,0.4902978916057329
00557,0.7175712054351063,0.3327753198612938,0.2703818678855896,0.44930803775787354,0.7650535106658936,75.99185943603516,3.2598337805699362,8.99021053314209,4.984375,0.4795360705073631
00558,0.8026158126688194,0.37640241231764426,0.20375293493270874,0.42252054810523987,0.632965087890625,69.38172149658203,3.9036987355948427,16.16448211669922,4.8046875,0.4344098542631395
00559,0.8303681078704597,0.4013146806000337,0.21596646308898926,0.32126402854919434,0.648801863193512,75.01568603515625,7.7418721414366285,13.685529708862305,4.26171875,0.6310922385056491
00560,0.7984334057263694,0.36691348402182383,0.21719121932983398,0.447109580039978,0.6673681735992432,73.23135375976562,4.646726962247579,13.144720077514648,4.5390625,0.5199150704471948
00561,0.6930563910046891,0.345157043445552,0.34644532203674316,0.6438159942626953,0.553467333316803,71.73435974121094,9.718604115533187,11.270283699035645,3.517578125,0.31713947448153185
00562,0.7588817377403577,0.3309994443121378,0.2631862163543701,0.448186993598938,0.7049506306648254,72.50856018066406,4.415860214310641,12.812642097473145,4.94140625,0.3126048612931997
00563,0.9032083841740122,0.35008152806894943,0.28287559747695923,0.45047032833099365,0.6780434846878052,73.53438568115234,4.591220619984433,10.896916389465332,4.94140625,0.1633539426011658
00564,0.706601915560313,0.3609719202042167,0.3058010935783386,0.5623463988304138,0.5240638256072998,67.39039611816406,7.040941003107192,11.92527961730957,4.01953125,0.3041118492841116
00565,0.8527618763789377,0.37457103637611533,0.19747835397720337,0.3523409962654114,0.587192714214325,71.9544448852539,3.9464960658471484,14.152703285217285,4.37890625,0.38555342054352354
00566,0.9097689826833241,0.3572568339364346,0.19076204299926758,0.4354921877384186,0.6450093984603882,73.7300796508789,4.272587296820895,14.084930419921875,4.64453125,0.35633263775740104
00567,0.7782644026915143,0.4712608473711077,0.25739479064941406,0.5145556926727295,0.4655523896217346,69.08419036865234,4.046049519618333,12.827878952026367,4.11328125,0.44501219576782786
00568,0.8357629907025491,0.31226859010255165,0.29358553886413574,0.5642263889312744,0.7221882939338684,75.63858032226562,5.971889576568644,14.740591049194336,4.80859375,0.2139269001886878
00569,0.6934001810087488,0.3115852401566687,0.2873249053955078,0.6508699655532837,0.4134863615036011,71.8403549194336,2.7018564862235737,11.417945861816406,4.90234375,0.4571168641462475
00570,0.8425860962451787,0.34768011352820033,0.2617783546447754,0.5173770189285278,0.6979044079780579,74.94264221191406,5.003526120588215,8.036595344543457,4.96875,0.44483736094817683
00571,0.8337443785083173,0.37020144431774993,0.23607558012008667,0.43712562322616577,0.6026015877723694,70.71810150146484,4.225550504369783,8.550806999206543,4.12109375,0.4261218514138845
00572,0.7125863142529716,0.27609320140440474,0.2820647954940796,0.6499683260917664,0.5992610454559326,72.91908264160156,2.7744969946291933,9.512710571289062,4.8828125,0.2646981074352245
00573,0.5163590470607948,0.1764794800090696,0.225638747215271,0.4380812346935272,0.5772795081138611,75.57722473144531,5.9505308887816915,15.019865036010742,4.890625,0.33676517323977273
00574,0.7422452455373165,0.32911074877712276,0.29562515020370483,0.49096184968948364,0.5720201134681702,66.79943084716797,6.781976124608248,11.952177047729492,4.24609375,0.6504938095682251
00575,0.7157461718526082,0.31491576689058487,0.1716761589050293,0.3807246685028076,0.5134829878807068,76.0116195678711,4.151278869430527,12.779816627502441,4.78125,0.583065546141771
00576,0.8131411025453367,0.33389155595251385,0.3435540795326233,0.6670025587081909,0.5495473742485046,72.43742370605469,5.383630085483226,9.999702453613281,3.8359375,0.23500103702628908
00577,0.8560861801122728,0.40865414887856233,0.321617066860199,0.470414400100708,0.6015821099281311,71.86328887939453,3.856349900716111,11.113515853881836,4.14453125,0.31030638541917643
00578,0.7549103007434407,0.34458913336326896,0.2031935453414917,0.30939969420433044,0.6351443529129028,73.4111557006836,4.62522048561008,13.211103439331055,4.95703125,0.6143886835502975
00579,0.8400152760331326,0.33427708120196997,0.3178878426551819,0.492775022983551,0.683567225933075,73.22156524658203,5.730970776356108,16.297300338745117,4.65625,0.31853963115932027
00580,0.8154054821028656,0.39349701393497016,0.2589457035064697,0.5828108787536621,0.6025197505950928,74.10982513427734,3.5296706475211153,9.871438980102539,4.796875,0.4854426252408716
00581,0.5335555092839095,0.3381578947368421,0.2402598261833191,0.49664491415023804,0.5477644801139832,67.38549041748047,4.78373159311643,14.939369201660156,4.20703125,0.728660992854356
00582,0.5039718126188395,0.19604655699330256,0.31613534688949585,0.6167023777961731,0.6070281863212585,70.25262451171875,4.211914146290666,11.006624221801758,4.05078125,0.2518295655925177
00583,0.8640798908126339,0.44789526494338,0.21332299709320068,0.41018104553222656,0.723194420337677,74.4842529296875,3.46676453763417,11.231435775756836,4.890625,0.47272499555013553
00584,0.888770503163861,0.42640386603920905,0.2540411353111267,0.3945242762565613,0.5996941924095154,71.58378601074219,5.159401783723637,11.167537689208984,4.85546875,0.44180390451199286
00585,0.5241524490652323,0.19139197661448518,0.3648701310157776,0.7148634195327759,0.602751612663269,72.42894744873047,5.7373876936860775,10.618400573730469,1.994140625,0.43550274324300337
00586,0.8470775033280848,0.36240403071017274,0.24654942750930786,0.466703325510025,0.6614407300949097,72.94314575195312,4.510499976037053,13.455818176269531,4.0078125,0.4455668680246699
00587,0.8649261348670811,0.41800805987334483,0.2690819501876831,0.45210909843444824,0.5665463209152222,72.38789367675781,4.238388181503104,12.685561180114746,4.06640625,0.39333105589039097
00588,0.8358355845962347,0.36860958081117234,0.26654648780822754,0.3739010691642761,0.7244261503219604,72.43126678466797,4.531945524881171,12.980332374572754,4.1875,0.2277149462859318
00589,0.9139970538974184,0.35442234237809417,0.22922176122665405,0.48634475469589233,0.7206499576568604,75.22888946533203,4.764056400716787,12.884567260742188,4.87109375,0.3628030679209648
00590,0.9045327489276104,0.4378362176402846,0.268318235874176,0.49611812829971313,0.5755116939544678,75.08200073242188,4.997015872665448,10.450271606445312,3.681640625,0.41576283442318257
00591,0.6606779407309896,0.3084705112831135,0.38250797986984253,0.5858790278434753,0.446162611246109,65.48053741455078,4.840326083878537,11.99145793914795,3.73046875,0.3182102983270297
00592,0.7620300242705904,0.3856179021916775,0.21396911144256592,0.47890815138816833,0.6570801734924316,70.03254699707031,4.4932314973526175,15.58721923828125,4.96484375,0.456229535775299
00593,0.7792488308744543,0.3755554446053223,0.21847420930862427,0.3094954788684845,0.6547145247459412,71.82503509521484,6.206548567223464,16.784244537353516,4.21875,0.7572427770072809
00594,0.545937684940935,0.21829855537720708,0.22548145055770874,0.3919210433959961,0.639870285987854,73.21959686279297,6.191451111425306,15.830798149108887,4.8125,0.6509875418331664
00595,0.6243561620887078,0.22764854560253608,0.36352741718292236,0.7087064981460571,0.5850605964660645,69.04313659667969,5.549879078666586,8.353423118591309,3.685546875,0.21870392959993976
00596,0.8745967457475521,0.38257448543875644,0.22921347618103027,0.43405404686927795,0.7248966097831726,75.43244171142578,3.59982965874579,11.565492630004883,4.921875,0.31510879779365053
00597,0.6773000732207279,0.25524116043091505,0.30413687229156494,0.6198444366455078,0.6432479023933411,74.33448791503906,6.07201172300735,12.876794815063477,4.640625,0.578640203978524
00598,0.7430416841062852,0.30123869171885875,0.24792605638504028,0.4835871160030365,0.6221773624420166,70.9172134399414,4.632159549279683,15.115537643432617,4.49609375,0.5337553426618975
00599,0.5626949841943808,0.2648489580205393,0.3195423483848572,0.5342793464660645,0.6613762974739075,72.9847412109375,3.6806741436088513,8.550371170043945,4.8515625,0.4600967069199012
00600,0.5918944508634296,0.2862470218569801,0.23107105493545532,0.3405515253543854,0.6944592595100403,73.55967712402344,4.1605961540249385,14.861703872680664,4.87890625,0.5659328420277122
00601,0.9013424820936519,0.5177300030149122,0.18820720911026,0.3877020478248596,0.6759300827980042,75.2811508178711,3.568676553178988,10.351200103759766,4.734375,0.44491367360834133
00602,0.7773521859537126,0.3909426987060998,0.20880061388015747,0.4413471221923828,0.574670135974884,73.34525299072266,2.9717060793977335,13.833317756652832,4.4921875,0.5012036908578834
00603,0.8547673545481697,0.3625161149898706,0.2798389792442322,0.558608889579773,0.6442453861236572,71.90357971191406,3.5116420405912394,5.905454158782959,4.65625,0.2313754418762547
00604,0.7569096775565003,0.3128657938360567,0.5337361693382263,0.626632809638977,0.4952958822250366,66.63980102539062,4.892038599361831,11.754178047180176,2.17578125,0.325659425658751
00605,0.7022117213513284,0.403264700426637,0.25089961290359497,0.5058431029319763,0.47286027669906616,71.67545318603516,5.227239391014702,12.164998054504395,4.21484375,0.5852867684407597
00606,0.7764740592116144,0.34756263616557737,0.34278762340545654,0.5883075594902039,0.42393064498901367,62.70744705200195,5.6120939607319205,11.753157615661621,2.71875,0.45941155441493065
00607,0.8577445505639945,0.4311707530353479,0.24661612510681152,0.4376751482486725,0.654896080493927,73.8221664428711,4.213630607056865,11.814623832702637,3.271484375,0.5321938724159151
00608,0.8211669063536726,0.37288613303269447,0.20776426792144775,0.4018741250038147,0.6636890172958374,74.97721099853516,4.052441346213514,11.521178245544434,4.9609375,0.5619961568553723
00609,0.5814947345707627,0.22462246224622462,0.22619551420211792,0.4123973548412323,0.6597285866737366,71.99310302734375,4.286010901186119,16.565244674682617,4.8828125,0.49567073883679597
00610,0.8450835077413559,0.325747730867257,0.3882107138633728,0.6357830762863159,0.5835270285606384,69.49073028564453,5.629942193681138,11.313871383666992,2.703125,0.23889986074696812
00611,0.8466256704665364,0.3817438217890707,0.17731094360351562,0.368615061044693,0.7429551482200623,75.0597152709961,3.4964828381457385,9.905951499938965,4.9609375,0.42893859156119984
00612,0.8191309830862704,0.4057593627939037,0.1950739622116089,0.36457470059394836,0.6595761179924011,72.71334075927734,4.52470505184756,12.733569145202637,4.484375,0.5529179900290037
00613,0.8377405261953954,0.45712884238064094,0.24511516094207764,0.4274653196334839,0.7891112565994263,74.71698760986328,3.1886464981474076,9.545745849609375,4.90625,0.41099506333016045
00614,0.7798399457275045,0.33318202451202905,0.324002742767334,0.5306272506713867,0.690805971622467,74.41409301757812,5.721048830596757,5.880043029785156,4.9921875,0.2870305838188601
00615,0.7184458976409418,0.2716764541758563,0.4253675937652588,0.8676372170448303,0.5318480134010315,70.75506591796875,5.341766283668639,12.044501304626465,1.345703125,0.4238447800081488
00616,0.6637195285528288,0.2917824177793709,0.3031577467918396,0.7183715105056763,0.6227192282676697,76.75865173339844,3.470067043329838,12.169426918029785,4.6875,0.5585713099108961
00617,0.8457358319298515,0.38294828230933065,0.18374818563461304,0.3809395730495453,0.43714213371276855,73.20636749267578,2.6922925800731465,12.910975456237793,4.27734375,0.4893580866961656
00618,0.7597027999301634,0.28554730690254304,0.21462661027908325,0.4532480835914612,0.4901846945285797,75.34355163574219,2.8074244583892316,13.049882888793945,4.52734375,0.43683537309944337
00619,0.8805372309009531,0.449615277649022,0.2232995629310608,0.41048872470855713,0.5920835733413696,67.97567749023438,6.865716049742727,14.421953201293945,3.91015625,0.8326910474144639
00620,0.8919258704576993,0.469489904954727,0.18571746349334717,0.34198084473609924,0.6847344636917114,71.27241516113281,4.273052425166737,11.74703598022461,4.81640625,0.5811226559225818
00621,0.6670043062738003,0.2911707722114586,0.27019190788269043,0.37977731227874756,0.7242411375045776,75.91451263427734,6.432334265014734,11.218629837036133,4.9921875,0.5483698898349858
00622,0.6197700417582458,0.25176451928414706,0.2796791195869446,0.47894084453582764,0.6581379771232605,76.84662628173828,3.936759560479121,12.685264587402344,4.9609375,0.5152813218368616
00623,0.7607912240846276,0.3259848499990007,0.2201518416404724,0.4593556225299835,0.5909131765365601,69.55616760253906,3.8268295956664407,9.442349433898926,3.93359375,0.33693998645219075
00624,0.8359250238380069,0.4457329870869055,0.2112032175064087,0.40127554535865784,0.5466976761817932,69.97410583496094,4.139869561655611,11.109370231628418,3.978515625,0.45434170334203905
00625,0.7960165331355674,0.3775528015360447,0.18503624200820923,0.31129470467567444,0.7847073674201965,74.99967956542969,3.5057686950069624,13.61347770690918,4.96875,0.6108734811979308
00626,0.7804183695432501,0.32123775601068566,0.1944865584373474,0.43421000242233276,0.7463929057121277,74.62781524658203,5.0243255726186185,15.295780181884766,4.859375,0.3882969879816051
00627,0.8069885355617219,0.31854097613848786,0.2585375905036926,0.5350478887557983,0.5039708018302917,74.39668273925781,3.3882497677877508,13.895474433898926,4.71484375,0.3513058780290791
00628,0.9134483884643323,0.4654854189737911,0.2052135467529297,0.2759610116481781,0.6725600957870483,77.26801300048828,4.912896360981781,13.974292755126953,4.2890625,0.6026324094033132
00629,0.8064985753310527,0.36256848131878977,0.2736262083053589,0.5515453219413757,0.6160986423492432,72.04844665527344,5.513517345859101,14.195122718811035,3.791015625,0.5807433406039146
00630,0.7777011660298416,0.3100949065162446,0.38401275873184204,0.6554156541824341,0.6114516854286194,66.78284454345703,5.2598765484492,11.05098819732666,3.5078125,0.264878964915135
00631,0.6083210607846256,0.2901811248808389,0.2014230489730835,0.33721548318862915,0.7376052737236023,75.89488983154297,5.834294213183301,14.760323524475098,4.9921875,0.5527518188595095
00632,0.7824004005992845,0.3108883701771248,0.2761204242706299,0.4442155063152313,0.7119140028953552,74.51048278808594,4.082014752010997,10.866984367370605,4.8984375,0.37926634933776154
00633,0.7515159731444258,0.3278754193580692,0.27766185998916626,0.5209264755249023,0.5439858436584473,73.76268005371094,4.575453363907618,14.218793869018555,4.48046875,0.5793136565582292
00634,0.8967495259536807,0.3467291426556074,0.28436267375946045,0.39760249853134155,0.7628289461135864,74.08811950683594,5.947105154315198,9.572745323181152,4.859375,0.11139022673975763
00635,0.7024356183552293,0.31882516567127545,0.2631036639213562,0.5924758315086365,0.6777095794677734,74.8258285522461,3.45344558196652,10.754708290100098,4.94140625,0.3414039526822303
00636,0.7930216914901719,0.3196031391046233,0.2221648097038269,0.33374300599098206,0.8089364767074585,75.24308776855469,4.9830775335581725,15.953255653381348,4.9375,0.6775299014138553
00637,0.8295440311045497,0.3919421083512615,0.3305380940437317,0.5008552074432373,0.5198861956596375,67.45952606201172,5.9121430452484995,15.22220516204834,4.88671875,0.5260864955137008
00638,0.8528485625253523,0.42394768526169174,0.1362360119819641,0.31702888011932373,0.6869304776191711,74.41586303710938,3.511733196115969,9.838284492492676,4.96484375,0.4840725119118809
00639,0.7304485170042943,0.3094962362478286,0.267389714717865,0.3709908723831177,0.6551568508148193,74.03733825683594,4.948712039483785,9.92660140991211,4.9609375,0.6360794054215713
00640,0.81130957002983,0.33668113782155124,0.29172927141189575,0.5525879263877869,0.6841230988502502,72.81963348388672,3.6371737062268656,7.208529472351074,4.875,0.3117500972167328
00641,0.8512502313625757,0.4386176225331233,0.20017611980438232,0.26010698080062866,0.7004448771476746,73.77500915527344,4.008083159226744,12.54096794128418,4.78125,0.6011612384841392
00642,0.8193799851740985,0.3260963026655202,0.2895227074623108,0.6263670921325684,0.5788400173187256,72.99542236328125,4.7871490977097855,9.43195915222168,4.59375,0.2362539962824042
00643,0.9213694371465591,0.34867982899005306,0.25151491165161133,0.524566113948822,0.7065109014511108,74.48452758789062,6.3863947611959615,9.472978591918945,4.4765625,0.37652575349065903
00644,0.7161959760194185,0.34489943104415416,0.3516237735748291,0.6260340213775635,0.5416030287742615,67.98307800292969,4.797230390435891,10.883829116821289,3.962890625,0.2177889498086325
00645,0.45275984781194395,0.22163501238645747,0.2848004698753357,0.5681125521659851,0.5483656525611877,71.00608825683594,5.952131624599771,12.476473808288574,4.03515625,0.4877714635652109
00646,0.7826792522955263,0.3164364549600159,0.36963987350463867,0.6436040997505188,0.4413474500179291,65.16181945800781,5.310992867882141,10.260605812072754,2.171875,0.3385641664727926
00647,0.7215413576735602,0.3680040889343215,0.3442079424858093,0.653306245803833,0.3368796706199646,63.641990661621094,7.600942259552987,9.783645629882812,2.732421875,0.30889891260785535
00648,0.7487054563222608,0.35781041388518026,0.3049284815788269,0.5812587738037109,0.6146712303161621,74.3509521484375,4.234973496117876,9.760601043701172,4.953125,0.43760368509062064
00649,0.8304986745279308,0.33893710348462885,0.24392729997634888,0.5579627752304077,0.7157772183418274,72.57353210449219,5.091542283426804,13.599662780761719,4.8828125,0.4964767617918055
00650,0.8127351904729668,0.4675160386735339,0.22685754299163818,0.496367871761322,0.730385959148407,74.78775787353516,4.756421240464538,6.817541599273682,4.95703125,0.55654007203121
00651,0.8999764598248812,0.3601898038167336,0.3348849415779114,0.5568515658378601,0.7039236426353455,73.42958068847656,8.366617147141334,13.646327018737793,4.35546875,0.207730466896826
00652,0.8245602002353567,0.3660484030946241,0.2700956463813782,0.5944944620132446,0.5184630155563354,69.427001953125,5.072451748696875,11.204543113708496,4.54296875,0.4448530304263139
00653,0.5846873684858195,0.27906186267845,0.38608843088150024,0.7438945174217224,0.5762110352516174,71.02750396728516,5.735831913555491,11.169743537902832,4.0625,0.5204672954727948
00654,0.6635285533567994,0.2994538114462123,0.26107436418533325,0.4709978401660919,0.40057483315467834,72.01248931884766,3.589184585907168,12.730066299438477,3.7734375,0.30274668341604605
00655,0.894992523056173,0.39465741819337075,0.2605922818183899,0.48383575677871704,0.6083158254623413,75.00975036621094,4.7586821961288415,14.401065826416016,4.1015625,0.48404921265865664
00656,0.6630482698105523,0.29092261904761907,0.23752343654632568,0.432369202375412,0.6126813888549805,75.8119888305664,5.059797611702689,11.570626258850098,4.96484375,0.551021542866606
00657,0.8933029927573785,0.5233786514789638,0.24715453386306763,0.47452664375305176,0.5933369994163513,74.73004150390625,4.715654039321634,11.140289306640625,3.580078125,0.5511360162011825
00658,0.8682287527405638,0.3325226903557958,0.2872169017791748,0.4920898675918579,0.533854603767395,68.81689453125,5.811427448180362,12.60841178894043,3.04296875,0.29474612064006955
00659,0.8371528643871116,0.32473812504117533,0.2968394160270691,0.5545315742492676,0.5599398016929626,72.8958511352539,4.0295994086423095,13.698025703430176,2.806640625,0.36432632382641017
00660,0.7531034473437421,0.271191287562853,0.34166234731674194,0.5439903736114502,0.7125235199928284,72.76793670654297,5.0266255225075485,12.970903396606445,4.3828125,0.3046276078644558
00661,0.8143178150548638,0.30088168083708794,0.2847294211387634,0.5959029197692871,0.6851636171340942,72.11317443847656,4.967561939420865,14.370392799377441,4.671875,0.24943890799542312
00662,0.7499194154937142,0.3100891801869561,0.2943277955055237,0.60223388671875,0.5013306140899658,72.29878997802734,6.044135582239969,12.882071495056152,4.05078125,0.33086211021442946
00663,0.8816616741873727,0.5158544108574954,0.23166632652282715,0.34611251950263977,0.5746935606002808,75.93173217773438,9.013298087406103,16.59784507751465,4.3125,0.7756054352762727
00664,0.680781571392762,0.29378945225005093,0.30508631467819214,0.5047705769538879,0.5834178328514099,74.52714538574219,6.679902307200609,11.123398780822754,4.15234375,0.3387038352992949
00665,0.5390656590604354,0.2636997149192271,0.22570127248764038,0.5150070190429688,0.6721480488777161,69.33648681640625,5.419398050303666,17.478191375732422,4.4609375,0.5929690389190926
00666,0.7003702469075422,0.2772423347991085,0.33432281017303467,0.5713359713554382,0.5076783299446106,67.77518463134766,3.8853007181324113,14.582382202148438,4.18359375,0.26780227740542883
00667,0.7754103588757705,0.36224021367164677,0.29794424772262573,0.5228818655014038,0.6342050433158875,74.84697723388672,4.394615252187129,10.178799629211426,3.81640625,0.49153184785063403
00668,0.8302451863837608,0.3755845281967112,0.2834970951080322,0.570665717124939,0.6242988109588623,71.7994613647461,5.926323474123169,6.233694076538086,4.734375,0.3995448995222297
00669,0.8976009440787988,0.4264371227861878,0.3112207055091858,0.5247853398323059,0.6294988393783569,70.99154663085938,7.694208806994837,9.521574974060059,4.5546875,0.4186893696892156
00670,0.8185571707651639,0.3219643928785757,0.2905464768409729,0.506056547164917,0.7200682759284973,75.35529327392578,3.913364759881202,11.152887344360352,4.921875,0.3073259628146976
00671,0.8674339645192956,0.3487461704300465,0.24173712730407715,0.259583055973053,0.5920040607452393,74.26236724853516,4.227869328149864,15.643855094909668,3.021484375,0.7840476421914929
00672,0.733420776712469,0.31528227256382596,0.20746076107025146,0.45530763268470764,0.6533564925193787,72.74835205078125,4.072537791391418,16.87289047241211,4.86328125,0.4537191282971988
00673,0.6694920226823933,0.29023638232271326,0.21723395586013794,0.4208318591117859,0.6087719798088074,70.43978118896484,4.021614280116328,12.926347732543945,4.5546875,0.48389106790817443
00674,0.7993170137404506,0.2959439015803846,0.37093299627304077,0.706328272819519,0.606741726398468,70.19315338134766,5.496191716719752,10.9553861618042,4.01953125,0.20163230968724857
00675,0.6651489564587768,0.3224994927977277,0.3572435975074768,0.6655073761940002,0.6740065217018127,73.84799194335938,4.464824381715489,8.365724563598633,4.5703125,0.31953755700539094
00676,0.8289999752932234,0.3428007321637908,0.24548989534378052,0.5318162441253662,0.716066837310791,75.89141845703125,4.430730250042231,7.07375431060791,4.81640625,0.1363743247968809
00677,0.9675352114247212,0.6464592274678111,0.28837937116622925,0.524350643157959,0.5176637172698975,68.07410430908203,6.9243058550158505,7.358881950378418,4.8125,0.32652123369030894
00678,0.8107914009355046,0.34528924442756426,0.23420727252960205,0.39112594723701477,0.6570305824279785,74.09660339355469,4.721843136472375,11.921623229980469,4.828125,0.5539099526058588
00679,0.770278987590431,0.32376348084789885,0.3590013384819031,0.5658234357833862,0.5287652611732483,72.66742706298828,6.108867049234066,13.235416412353516,1.9990234375,0.3933522136647461
00680,0.9053381353553257,0.33806274689040516,0.36833494901657104,0.7180508971214294,0.6574457883834839,73.61007690429688,6.79127472623948,11.480826377868652,3.96484375,0.12192601129267697
00681,0.7700997393330407,0.35227386306846575,0.20977133512496948,0.42492830753326416,0.6640191674232483,74.95613861083984,3.4528403972358572,13.448246955871582,4.8125,0.46304369166499787
00682,0.7744711316327854,0.3073163667957861,0.18633270263671875,0.5507839322090149,0.699535071849823,75.083251953125,4.95097174964467,15.5610933303833,4.65625,0.4202791941926399
00683,0.7887167877898692,0.38758610843416497,0.1644689440727234,0.30903396010398865,0.729748547077179,74.5322036743164,3.608938410512932,14.107166290283203,4.84765625,0.469862230951135
00684,0.8588894256143251,0.4081567436937027,0.19047421216964722,0.4635944068431854,0.7407835125923157,75.38475799560547,3.3019116323584163,11.650299072265625,4.98828125,0.5000552850262154
00685,0.8538962165785711,0.34482363719651854,0.19184237718582153,0.3592489957809448,0.4823908805847168,68.33975219726562,3.8460673347220005,13.518867492675781,4.1953125,0.3691406518192045
00686,0.5895055218929268,0.24285888671875,0.3236347436904907,0.6644958853721619,0.6785411834716797,73.93903350830078,4.291588068025898,10.415620803833008,4.75,0.31293324310638654
00687,0.8919352407826182,0.3839013726122639,0.23005622625350952,0.4088733196258545,0.567902147769928,72.74995422363281,4.0413176158378015,12.193147659301758,4.375,0.34019509826877187
00688,0.821594174301734,0.46757608520622945,0.25006288290023804,0.4629412889480591,0.7342569231987,74.9124755859375,4.10314251881923,11.094454765319824,4.35546875,0.4533992888889995
00689,0.7886694641563543,0.337555414819506,0.2916579246520996,0.5858054161071777,0.6260350346565247,74.47803497314453,3.3278905015277815,11.352787971496582,4.59765625,0.30311938428847124
00690,0.8216265703321292,0.3760763083268884,0.36933809518814087,0.4878263473510742,0.5559470057487488,60.70496368408203,5.3629865574394335,16.22370147705078,3.83203125,0.383835874952365
00691,0.7342676357600972,0.33015989707774307,0.2663867473602295,0.5214085578918457,0.6795837879180908,74.38206481933594,3.5871119603046657,10.86279010772705,4.9765625,0.4541428330504893
00692,0.9027582387951327,0.5203397407241842,0.22934651374816895,0.3919832110404968,0.7222330570220947,73.86946868896484,5.678389098299761,10.941039085388184,4.90234375,0.39395213098570386
00693,0.8211444141559835,0.3990234130462001,0.20788562297821045,0.3746691346168518,0.7667096853256226,75.951171875,4.544649522288077,11.982833862304688,4.96875,0.5192630568111994
00694,0.7891457990949399,0.3388335100742312,0.24981743097305298,0.43693116307258606,0.5212188959121704,68.89009857177734,3.9221130824622086,13.227672576904297,4.71875,0.41428405604652513
00695,0.7486657842234519,0.30438165767796294,0.21771788597106934,0.434293270111084,0.67453932762146,71.07694244384766,5.4947668442900675,17.087051391601562,4.59765625,0.5149990721646355
00696,0.7759136493669425,0.3366309550945977,0.25951433181762695,0.5244666337966919,0.6936814188957214,69.66436004638672,4.15301528099643,15.531999588012695,4.953125,0.562298167814788
00697,0.8628222409930554,0.4240896690784011,0.15934300422668457,0.4717293381690979,0.5210738182067871,73.9207992553711,4.4288854353677864,15.782238006591797,4.9375,0.6407217777121154
00698,0.7805012278603848,0.309269343894697,0.2960590720176697,0.6310778856277466,0.636954665184021,72.97837829589844,6.474490349132291,12.3381986618042,4.25390625,0.5121441792791624
00699,0.6719927336614054,0.28023221489717604,0.2836906909942627,0.520769476890564,0.6175854206085205,73.60542297363281,6.5461763243383,13.703766822814941,4.140625,0.43049887336288917
00700,0.8404933720439256,0.3249406300431662,0.3367832899093628,0.5331742167472839,0.5136584639549255,68.8629150390625,6.2929506405540305,13.183121681213379,2.515625,0.3706791638423537
00701,0.849073443003791,0.3502961335293005,0.2459983229637146,0.4277456998825073,0.5711092352867126,74.06233978271484,3.1580759173428357,11.736961364746094,4.203125,0.3406510089614982
00702,0.8550287132458622,0.32709344426469456,0.26516294479370117,0.5292305946350098,0.695163905620575,72.56012725830078,4.732204111026256,11.645774841308594,4.67578125,0.18906254589687843
00703,0.6295357790649279,0.29132161754144253,0.31526774168014526,0.5178229808807373,0.5184844732284546,72.3039321899414,4.51085999333748,11.079740524291992,4.0546875,0.3060185711610867
00704,0.8474664720020691,0.38516303332030655,0.29675525426864624,0.38176268339157104,0.609666109085083,73.36237335205078,5.771708214394393,12.552759170532227,4.734375,0.5641236991560628
00705,0.7541375702175195,0.4410017472335469,0.25339269638061523,0.5178418159484863,0.5145703554153442,68.84017181396484,6.226308917916426,16.228740692138672,4.15234375,0.624626778139286
00706,0.8776391256067083,0.38609950045876235,0.14816617965698242,0.33501675724983215,0.6079236268997192,74.54690551757812,3.0185620361032535,13.707990646362305,4.76171875,0.44995059732852366
00707,0.8540400956963643,0.3981737893870219,0.1894446611404419,0.43662506341934204,0.7317323088645935,74.27555847167969,4.396100378402374,10.42205810546875,4.90234375,0.42719530351360857
00708,0.7394775554771373,0.3610236620290444,0.3105505108833313,0.5215176939964294,0.5465492606163025,70.36066436767578,3.544664988275675,12.881302833557129,4.69921875,0.39220133893595804
00709,0.7665121163715732,0.3060618025394318,0.398013710975647,0.6560108661651611,0.5613641142845154,70.60710144042969,5.401935907807155,10.869001388549805,2.748046875,0.16811363166172116
00710,0.7400528034683213,0.29770180747525965,0.22029751539230347,0.6483926773071289,0.6649303436279297,73.56800842285156,4.570963667487927,10.956256866455078,4.90625,0.3931043042399273
00711,0.7643147531056881,0.30318094578862914,0.3592073321342468,0.770188570022583,0.6225122809410095,67.36624145507812,5.277801619305626,13.166900634765625,3.970703125,0.4423655649706084
00712,0.8444086378371254,0.3895964965065356,0.4139156937599182,0.6763067245483398,0.6647041440010071,73.9038314819336,5.169159227823078,8.344988822937012,2.775390625,0.23477622722196986
00713,0.8462882406046696,0.38906882591093117,0.32690078020095825,0.6375343203544617,0.6454670429229736,76.29527282714844,5.892311103971287,5.608138561248779,4.1015625,0.5092994395463369
00714,0.929747570255933,0.5966597077244259,0.312244713306427,0.5108903050422668,0.637723445892334,76.34412384033203,5.684758777116205,5.176650047302246,4.8984375,0.23837676154748266
00715,0.580405447512191,0.21146515595055074,0.3635908365249634,0.6849530339241028,0.5533589720726013,74.99053192138672,3.1088418605744033,9.072833061218262,4.03125,0.15481929444089376
00716,0.8263813324192119,0.37529260299625467,0.3289337754249573,0.48381078243255615,0.710454523563385,73.01567840576172,6.058450165983713,6.924004077911377,3.724609375,0.2631029850775632
00717,0.5848642368466802,0.22285179114961368,0.3632117509841919,0.648019015789032,0.4996909499168396,65.42959594726562,5.429762011835157,11.832256317138672,1.642578125,0.17037237723988224
00718,0.8614988023897682,0.4828914778460692,0.24263250827789307,0.39790815114974976,0.6328612565994263,70.85938262939453,6.54391783618364,10.147573471069336,4.5546875,0.6914349066306416
00719,0.7924646245826927,0.33146123758900814,0.20549100637435913,0.48440301418304443,0.5064321756362915,74.63330078125,2.1464625905894783,11.229949951171875,4.59375,0.2782859945745796
00720,0.7976071211018904,0.42674418604651165,0.302362322807312,0.6714308857917786,0.4749176502227783,69.92939758300781,4.821495690375582,10.084142684936523,3.388671875,0.5004738929000382
00721,0.8268568053964831,0.359969040247678,0.3113728165626526,0.49146878719329834,0.5703164339065552,67.32320404052734,3.8256724923126533,6.843612194061279,4.05859375,0.21943943865457288
00722,0.7795015360077563,0.30128305565710906,0.27430427074432373,0.5577330589294434,0.6081820130348206,69.40829467773438,3.6514045726885738,16.31139373779297,4.2265625,0.31897835439883787
00723,0.7287333371660432,0.3391091532060695,0.2158738374710083,0.4398643970489502,0.6424157023429871,75.5678482055664,4.033187377050965,16.353172302246094,4.76953125,0.6099208346865452
00724,0.834128860173671,0.3218196533993525,0.3480525612831116,0.709007978439331,0.6859912872314453,70.46956634521484,5.226017293687099,9.030677795410156,4.09765625,0.24154564798531633
00725,0.7675028566501287,0.33331336009746937,0.27259987592697144,0.5819533467292786,0.6302526593208313,74.01078033447266,2.909893848987326,8.426644325256348,4.20703125,0.2878356897015299
00726,0.8839736876516573,0.3677125838375311,0.21795684099197388,0.5018711686134338,0.6943225264549255,74.9284896850586,4.282282009092251,11.452564239501953,4.73828125,0.45420715169645554
00727,0.8614064057540511,0.41379048918708894,0.17345350980758667,0.3469489812850952,0.5299332737922668,69.86919403076172,3.724676671365879,14.604454040527344,3.6640625,0.5215540863946846
00728,0.8485294759369972,0.42585502807554876,0.4354867935180664,0.5941759347915649,0.5554378032684326,71.7410888671875,5.78380299724828,10.803743362426758,3.07421875,0.41432403454935446
00729,0.8941623082792208,0.3488192115569522,0.23252880573272705,0.4031470715999603,0.7303382158279419,76.95773315429688,4.460783678862424,11.833666801452637,4.84765625,0.6378975746800892
00730,0.8370698966457274,0.41418979085942575,0.23285460472106934,0.39595651626586914,0.7764429450035095,74.6141586303711,3.502176751264765,11.730640411376953,4.91796875,0.4733844066334201
00731,0.8858650969368523,0.3718677554154423,0.1984189748764038,0.3130156397819519,0.5880255699157715,73.96670532226562,3.6745283523458965,14.83980655670166,4.65234375,0.5887850779245072
00732,0.8018637115339244,0.4114482357502908,0.19903045892715454,0.2797917127609253,0.6033312678337097,75.47930908203125,3.2261489725143515,15.353015899658203,4.87109375,0.6077919269514793
00733,0.8549505825798228,0.38244090689821514,0.31823229789733887,0.6245346069335938,0.5928696990013123,72.08242797851562,3.303357310855677,10.515342712402344,4.4765625,0.4321554527713951
00734,0.8794472823937667,0.3949152542372881,0.2505541443824768,0.4539526104927063,0.49032968282699585,72.56766510009766,7.774347529932265,10.147372245788574,3.697265625,0.5884711221556734
00735,0.847427206337516,0.3257846018450127,0.23152810335159302,0.4663156270980835,0.6606051325798035,75.8567123413086,4.04226898969256,12.910383224487305,4.796875,0.446396525108054
00736,0.8587697023905123,0.46233714569865736,0.2683337926864624,0.4146761894226074,0.6735600829124451,74.52704620361328,4.372547793634621,11.299394607543945,3.513671875,0.5036155978875559
00737,0.8859884672656906,0.39424983476536685,0.18760496377944946,0.37798061966896057,0.5753360986709595,70.7957763671875,4.997326228016482,16.633499145507812,4.01171875,0.5925663614772881
00738,0.792037809292876,0.3298020975187026,0.2754616141319275,0.3822202980518341,0.5348048806190491,66.61477661132812,4.731760374915954,17.297685623168945,4.8046875,0.3596535658474536
00739,0.7305495621004657,0.3873450676325768,0.2807837724685669,0.578968346118927,0.5348351001739502,74.0030288696289,3.9944444996173227,8.232945442199707,4.8984375,0.4121218832044589
00740,0.8083105802813302,0.3635982945028171,0.2544987201690674,0.4064144790172577,0.7621279358863831,75.84154510498047,4.550384709900693,10.357046127319336,4.45703125,0.49047979591323565
00741,0.8794236909600479,0.34026497530781646,0.29089266061782837,0.4937189221382141,0.6344537734985352,75.06916046142578,4.826516184689353,12.866801261901855,3.197265625,0.33335232841661033
00742,0.81551901469717,0.4466820674696246,0.17578881978988647,0.31336674094200134,0.7270686626434326,74.92742156982422,3.8440587599192386,10.487424850463867,4.828125,0.4205405614406669
00743,0.8308119898711536,0.35963254362445607,0.29888105392456055,0.6045780181884766,0.6333404779434204,74.4964828491211,6.6928351597123,10.034841537475586,4.3359375,0.5198636975177154
00744,0.9041452552243919,0.5976019184652278,0.24000895023345947,0.4759242832660675,0.5749393105506897,72.33140563964844,5.462057817211282,12.266850471496582,4.5,0.636410921068013
00745,0.9143641514394862,0.5687774702913886,0.21640324592590332,0.31521373987197876,0.6337338089942932,76.86595916748047,5.61576250717047,15.396218299865723,4.453125,0.6819241140631916
00746,0.8575713722968801,0.3566525008172605,0.3247402310371399,0.6228028535842896,0.6559666395187378,71.38319396972656,5.048659591470407,11.418466567993164,3.990234375,0.47396091402732365
00747,0.8476960180165992,0.3381696924786958,0.17461669445037842,0.421967089176178,0.693236231803894,75.30830383300781,4.346552064848148,14.324567794799805,4.62109375,0.4851650514114063
00748,0.7724274911862846,0.35589882454304883,0.22692245244979858,0.3518705368041992,0.7848370671272278,72.42913818359375,3.961386073969272,17.4815731048584,4.9296875,0.47853286522613453
00749,0.9203924092700314,0.35121234386480527,0.35835379362106323,0.5744256973266602,0.7104951739311218,75.3600845336914,6.60368155107263,9.467670440673828,4.84765625,0.42814590563789523
00750,0.7049337998049819,0.4179096426163183,0.19566524028778076,0.3227570950984955,0.7142592668533325,75.53565216064453,3.9338310292781533,13.856021881103516,4.69921875,0.510318505481907
00751,0.7610939754372709,0.342244594559349,0.29019486904144287,0.5758536458015442,0.671386182308197,76.72579956054688,3.354994304319728,8.896698951721191,4.890625,0.346440031574354
00752,0.8077466161330807,0.34614760746147605,0.2397594451904297,0.5822598934173584,0.6472140550613403,70.79391479492188,4.863081833082764,14.656220436096191,4.93359375,0.48272455034432493
00753,0.7711132727148533,0.3452951548414334,0.18248337507247925,0.39609143137931824,0.7441136837005615,75.42225646972656,3.971638449168489,12.793037414550781,4.98046875,0.4944555583244037
00754,0.7749371792312002,0.33925371971644463,0.27035945653915405,0.5885617136955261,0.4715622067451477,65.0257339477539,4.690186876047929,16.140579223632812,3.625,0.4512144958831987
00755,0.8363366080879236,0.5143853530950305,0.1683107614517212,0.3468412458896637,0.5824450254440308,72.6973876953125,4.272646921843454,13.807502746582031,4.91015625,0.6427594745349712
00756,0.8545077489535619,0.43658911700803166,0.20502793788909912,0.3638908267021179,0.603146493434906,69.94737243652344,4.069681442453781,10.74118423461914,3.86328125,0.5046299346516326
00757,0.5601609976265955,0.19454143509431623,0.3625617027282715,0.608396053314209,0.5495942831039429,72.57929229736328,2.13751358833308,11.618606567382812,4.4765625,0.16386781051335525
00758,0.8118925663724237,0.3481801270576673,0.28014153242111206,0.5522976517677307,0.43308526277542114,72.46758270263672,6.332246042285306,12.466957092285156,3.017578125,0.5044505116627288
00759,0.8225130750652673,0.38319603695869975,0.19745981693267822,0.31453949213027954,0.7498654723167419,74.89495086669922,3.4020056957630502,13.714818954467773,4.81640625,0.501406465346579
00760,0.804275335898972,0.3501853948799929,0.20919018983840942,0.4839075207710266,0.7066483497619629,73.39229583740234,4.035375771422319,12.187406539916992,4.48828125,0.403143021242335
00761,0.8395884781598133,0.41024666489301054,0.21439290046691895,0.38772276043891907,0.6783155798912048,75.72708129882812,5.385125216686407,8.743046760559082,4.9765625,0.6041658349129634
00762,0.8851025436197069,0.32780830555805784,0.2745063304901123,0.5766430497169495,0.7331860661506653,74.12413024902344,6.64365324857288,12.146856307983398,4.57421875,0.38932186388962864
00763,0.6878307749512802,0.306845322430474,0.23519033193588257,0.4757900834083557,0.689745306968689,74.91686248779297,3.0230813294957395,9.175166130065918,4.9375,0.32325212742893594
00764,0.7971315581571224,0.3122711440564437,0.3059067726135254,0.5707272291183472,0.5767656564712524,71.21221923828125,6.273549649676896,12.242785453796387,3.943359375,0.34652611943835177
00765,0.8673871375009292,0.3444752172667367,0.29530656337738037,0.5757623314857483,0.6781831383705139,75.683837890625,4.744098270372211,10.287651062011719,4.91015625,0.600220827669211
00766,0.8780926088767931,0.3680365727212744,0.22059786319732666,0.38338181376457214,0.5428591370582581,67.91706848144531,3.5064990756193466,11.180306434631348,4.28515625,0.5668894326817164
00767,0.6864209417568562,0.3030609896432681,0.3466777801513672,0.6450415253639221,0.4467350244522095,67.55044555664062,8.13095937288028,11.172216415405273,3.970703125,0.35120322877329935
00768,0.8799920325651599,0.35523654770115615,0.21116328239440918,0.4230164587497711,0.7733566761016846,73.77689361572266,4.07814911769963,13.05282974243164,4.92578125,0.4053094532626893
00769,0.8664186223653473,0.3295103244837758,0.2741580605506897,0.47140824794769287,0.7304863333702087,75.80180358886719,4.831168970065478,14.348010063171387,4.86328125,0.3747681677758478
00770,0.8544241564082046,0.38890490375068065,0.18661409616470337,0.3314184844493866,0.7242797017097473,74.84819793701172,3.7497608125888884,13.008345603942871,4.8828125,0.5129299552198322
00771,0.8241293161915831,0.330375644227193,0.22271394729614258,0.4044535160064697,0.6947998404502869,75.1095199584961,4.785566504085032,13.850083351135254,4.9453125,0.5733620061852014
00772,0.7039809086055865,0.3113042787965389,0.22435426712036133,0.46428054571151733,0.5306912660598755,75.89655303955078,2.652411809683809,9.628239631652832,4.69921875,0.4071486342052764
00773,0.828763980258685,0.38740569963030164,0.21999579668045044,0.34914296865463257,0.7266749739646912,72.63052368164062,4.314391399298426,14.965295791625977,4.72265625,0.34906377986532716
00774,0.75909358616597,0.33963250021771313,0.25358015298843384,0.5441019535064697,0.3500854969024658,74.85385131835938,4.209181111537376,14.073858261108398,4.1484375,0.6509257373222239
00775,0.6942323816982898,0.30710466004583653,0.29754728078842163,0.533388078212738,0.5092008113861084,71.15316009521484,6.164625361709694,13.238944053649902,3.08984375,0.5390652173927636
00776,0.875482867796085,0.3316465061737874,0.22905856370925903,0.5022183060646057,0.6620315313339233,74.05081176757812,6.032682094509419,14.064627647399902,4.59375,0.1579390535971474
00777,0.8034951902035792,0.36059726917037077,0.2617831826210022,0.5438626408576965,0.6567988395690918,73.77775573730469,4.14054770349272,12.091089248657227,4.76171875,0.40937883263326114
00778,0.7642919955113732,0.3251659625829813,0.2662002444267273,0.4821932017803192,0.5566713213920593,69.71012115478516,3.201409545574581,11.360682487487793,3.744140625,0.4886991625967375
00779,0.8217863828530522,0.3661754791486083,0.24321448802947998,0.41731956601142883,0.483612596988678,69.40778350830078,3.875245482331225,13.004002571105957,3.27734375,0.29669698324064997
00780,0.8865837404077683,0.36366485910415947,0.26770520210266113,0.22757914662361145,0.5767360925674438,74.12985229492188,4.900755427132061,13.634553909301758,4.66796875,0.7663152478934706
00781,0.8926430900739841,0.36723493901251614,0.23455888032913208,0.4324004054069519,0.6562354564666748,74.48077392578125,4.486641240496344,13.57679271697998,4.8515625,0.26465158311561066
00782,0.8688141376866146,0.3661062341913406,0.2381141185760498,0.3628135323524475,0.6255710124969482,74.02525329589844,3.627956000979179,12.083297729492188,4.1484375,0.5337885889937218
00783,0.7875997873538022,0.35127558172133444,0.3523278832435608,0.6051698327064514,0.559077262878418,72.09708404541016,6.121949852799256,10.161872863769531,3.291015625,0.40665964581595565
00784,0.763171443211111,0.4089483453882097,0.2071075439453125,0.3992452919483185,0.553528368473053,70.56425476074219,3.2223368729634907,12.938023567199707,4.38671875,0.532556318227292
00785,0.7796668580169442,0.30114610111396745,0.32783979177474976,0.6054761409759521,0.5317739844322205,72.66517639160156,5.286070635385307,14.998250961303711,3.595703125,0.23236903633092776
00786,0.7659144359365754,0.4423789764868603,0.24316740036010742,0.43877172470092773,0.6157436370849609,71.90313720703125,5.245788432216396,10.566919326782227,4.5625,0.6619174242434088
00787,0.6291394693737169,0.28245215698994486,0.3200390338897705,0.5356914401054382,0.39553719758987427,64.74849700927734,6.414790085679873,12.154382705688477,2.7578125,0.6148883228426903
00788,0.8996701644904547,0.3775361698484719,0.22095119953155518,0.48481953144073486,0.6445890665054321,73.2327880859375,3.307613362344294,12.65723705291748,4.890625,0.3645452281982164
00789,0.7992435795262607,0.36225828393742104,0.37003159523010254,0.6605656147003174,0.4091634452342987,69.78041076660156,7.6415778168581605,3.8995625972747803,3.701171875,0.10443862292230942
00790,0.8192746078249344,0.31551420057167184,0.19334900379180908,0.5283885598182678,0.5938072204589844,75.2982406616211,4.5782602911104835,10.427034378051758,4.82421875,0.4020290320620649
00791,0.7945325371446188,0.33094616227146345,0.38906848430633545,0.7364561557769775,0.5660868287086487,65.01506042480469,5.7554877552055075,14.704383850097656,4.05859375,0.35245299301973027
00792,0.8460932585638385,0.4338097148044162,0.13517451286315918,0.2197696715593338,0.769644558429718,73.90569305419922,4.445002113704699,16.379968643188477,4.828125,0.6111952226192463
00793,0.8572943209512403,0.4632574770010056,0.24766522645950317,0.4524420499801636,0.7241368889808655,74.83992004394531,4.398950884711976,10.154929161071777,4.75390625,0.4474217965552526
00794,0.7365607129844092,0.26811565462261533,0.22553080320358276,0.349136620759964,0.6247178912162781,75.4147720336914,3.6657958455453805,11.517097473144531,4.93359375,0.2782958016414126
00795,0.8570868869708712,0.3329447020925633,0.42757123708724976,0.686467707157135,0.5109838843345642,70.01592254638672,4.874982202239193,9.6962890625,3.775390625,0.18814132259510927
00796,0.823391364480258,0.3393952805327003,0.20941567420959473,0.4869600832462311,0.6747702360153198,75.95807647705078,4.27891101953692,12.669246673583984,4.69140625,0.28232070996262343
00797,0.866658546522042,0.36949356075923,0.22580838203430176,0.4372088313102722,0.6735147833824158,73.33544921875,3.9404476748723707,12.427127838134766,4.59375,0.34437806362289974
00798,0.7146474336270044,0.2935264428351986,0.34333378076553345,0.771734356880188,0.6080608367919922,72.45243835449219,6.324812877891744,15.203857421875,3.86328125,0.2847791580464629
00799,0.8354394284036019,0.44095669845239954,0.2245783805847168,0.3182705342769623,0.7362087368965149,73.4661636352539,3.8085030240844584,12.68719482421875,4.87890625,0.4789714681059266
00800,0.8618279653155817,0.33008339080820115,0.2798985242843628,0.48168209195137024,0.6535292863845825,74.18061065673828,7.04970123918211,15.378175735473633,4.16015625,0.3953657613826002
00801,0.9386116147766874,0.38240892681325894,0.40487319231033325,0.5625415444374084,0.6445524096488953,74.2415542602539,4.407377243876578,6.565189838409424,3.79296875,0.20160294760421474
00802,0.8609230261258278,0.37963924464443677,0.42483705282211304,0.5875157117843628,0.643693208694458,69.22640991210938,5.958223051636447,11.141162872314453,3.138671875,0.43525404155093605
00803,0.8630260944062121,0.3372188051098972,0.22063606977462769,0.48888087272644043,0.6643916964530945,72.67144012451172,4.128736081974673,13.131989479064941,4.82421875,0.24030946773992726
00804,0.7339984350822557,0.35967900673783026,0.3072938323020935,0.5482393503189087,0.4969947636127472,63.87786102294922,4.1360036652494685,9.997442245483398,4.3046875,0.38184302013862004
00805,0.7698980777261533,0.41441540577716646,0.2891477346420288,0.4294218420982361,0.646388828754425,73.9244613647461,5.632411380222125,13.248090744018555,4.18359375,0.628181897355374
00806,0.7867705070130994,0.3840568781643865,0.21438580751419067,0.44364532828330994,0.5100022554397583,74.25791931152344,4.462344377803183,13.357921600341797,4.49609375,0.43127749865588144
00807,0.8236726583005867,0.38822037750293054,0.2443772554397583,0.5034201145172119,0.663472592830658,76.0724105834961,3.022878018481703,7.80155611038208,4.9453125,0.3422735134135943
00808,0.761107908737805,0.27668520725731693,0.2592294216156006,0.5103642344474792,0.6455895900726318,69.23511505126953,5.24842757493187,14.046358108520508,4.46484375,0.47156440473768074
00809,0.841764410126723,0.3283792080221017,0.27807462215423584,0.5623020529747009,0.655848503112793,73.80097198486328,5.174965536150655,10.829248428344727,3.900390625,0.4009244148103502
00810,0.8471113764731455,0.3193096197652006,0.2211233377456665,0.451521098613739,0.7227563858032227,75.65396881103516,5.592326740833667,12.063253402709961,4.921875,0.2195292835862837
00811,0.7514633337469028,0.3397552130553037,0.3169732689857483,0.561320960521698,0.5267048478126526,68.21309661865234,4.726077110882645,11.621997833251953,4.10546875,0.33246849610244394
00812,0.7272894478634399,0.3020063357972545,0.3268967270851135,0.5663947463035583,0.5297074913978577,76.27706146240234,3.875926106312442,11.824787139892578,3.3046875,0.464677787260674
00813,0.7840024156356737,0.35438873084964184,0.26760607957839966,0.5194894671440125,0.6864364743232727,74.61788940429688,4.411139841852724,10.775209426879883,4.7421875,0.4430098400900459
00814,0.8669528600815334,0.33372297393893013,0.29335451126098633,0.6370747089385986,0.6166804432868958,73.39404296875,7.947580610592802,10.861034393310547,3.478515625,0.19942829217122068
00815,0.7742733148556213,0.3275138294950763,0.3396667242050171,0.6829935312271118,0.6666067242622375,69.07074737548828,7.1493126860986695,12.51629638671875,4.76171875,0.39606555518549386
00816,0.7178304942106403,0.29434371137860393,0.26210957765579224,0.6919889450073242,0.6248980760574341,72.47795867919922,4.2914842222359795,10.318655014038086,4.4296875,0.33226481344455516
00817,0.5267219304669488,0.2564491654021244,0.19682955741882324,0.4029257595539093,0.6936441659927368,75.60836791992188,4.596152670395196,8.806628227233887,4.98828125,0.5136770003460007
00818,0.6130177087621309,0.2741785010884213,0.3038173317909241,0.553419291973114,0.5687879323959351,70.84772491455078,5.148840203858375,7.811216354370117,4.1953125,0.4907973170182436
00819,0.7687820166814231,0.303670142426673,0.2594369053840637,0.5728613138198853,0.6851804256439209,73.14092254638672,5.418767457839363,15.236589431762695,4.375,0.49340640574106287
00820,0.8064566279981421,0.45373000925719026,0.19390273094177246,0.42994093894958496,0.6778290271759033,74.45653533935547,4.171820181497464,12.625798225402832,4.875,0.5182971416600154
00821,0.7053185530216681,0.2971360381861575,0.374022901058197,0.6909788846969604,0.4040009379386902,69.36183166503906,6.10720751448278,12.82198429107666,2.51953125,0.40867275326634506
00822,0.8315979684988207,0.4761433379528806,0.20657968521118164,0.3519250154495239,0.6231326460838318,75.54877471923828,4.6849138496251825,11.35557746887207,4.9609375,0.6864721137149153
00823,0.8106454652006396,0.37690053917234445,0.21861869096755981,0.3726808726787567,0.6973896026611328,74.7167739868164,5.190924972908715,13.860296249389648,4.76953125,0.46279370575024503
00824,0.666979887091387,0.24397110916869852,0.36345231533050537,0.6033383011817932,0.47944697737693787,72.86652374267578,2.329163645354334,9.715450286865234,4.18359375,0.18803182673708665
00825,0.70271376746842,0.28989037758830694,0.3351382613182068,0.6509907841682434,0.5719076991081238,69.63446807861328,3.8568160865343852,5.4031877517700195,4.8671875,0.3048134922218059
00826,0.8698378413692694,0.3340662458330378,0.43902403116226196,0.7109942436218262,0.5078819990158081,74.06635284423828,3.6975386862028694,11.0653076171875,3.478515625,0.2864487805001511
00827,0.8465222365167262,0.36966738148469225,0.32020992040634155,0.6793311834335327,0.6139429211616516,72.750732421875,4.339167604737412,9.665881156921387,4.6328125,0.3140262986728225
00828,0.6961644382975841,0.3622583628448334,0.2801606059074402,0.4243062734603882,0.7734618782997131,74.78059387207031,5.357270280733426,11.285089492797852,4.92578125,0.4006075634723628
00829,0.8607354202925594,0.45014093848449677,0.15705180168151855,0.39439937472343445,0.6616962552070618,73.0727767944336,4.268247713448174,12.381278038024902,4.98828125,0.5540826672083932
00830,0.7599751026870663,0.3342453260373917,0.2982380986213684,0.407876193523407,0.5605445504188538,68.73583221435547,5.917314933235491,16.938913345336914,3.515625,0.7011249634842014
00831,0.7427115487543846,0.3724731994089723,0.19846278429031372,0.43401798605918884,0.5986204147338867,71.78870391845703,3.669469129118092,11.324357032775879,4.80078125,0.41669353380858865
00832,0.9325082765651236,0.36049686478072296,0.24561184644699097,0.5138795375823975,0.6892543435096741,73.92021179199219,5.237374468018509,13.822113037109375,4.55078125,0.1556118587725366
00833,0.8586618603787095,0.6352261058076294,0.20077162981033325,0.28856968879699707,0.696707010269165,76.14264678955078,5.469543141093388,14.304250717163086,4.78125,0.7177643551835093
00834,0.780387938985392,0.3823298033282905,0.2819228768348694,0.5221033096313477,0.6516899466514587,76.66504669189453,4.849441417332972,10.991434097290039,4.97265625,0.5301282348749919
00835,0.8725962655496089,0.35227565874332045,0.22933799028396606,0.34825748205184937,0.7023301720619202,76.00341796875,5.44857690129456,13.722204208374023,4.3359375,0.5475892003508653
00836,0.8496720415959298,0.3369538932774464,0.273395836353302,0.55654376745224,0.5529903173446655,74.90804290771484,4.271531960040103,12.256928443908691,3.083984375,0.25377449449844014
00837,0.8545251558922936,0.36107195795102165,0.20892107486724854,0.4560069441795349,0.6193966269493103,74.20630645751953,3.689595238789279,11.719416618347168,4.12109375,0.2434950253275032
00838,0.7233916334007205,0.28962410488514906,0.22885900735855103,0.43077319860458374,0.7156587839126587,74.49652099609375,4.650272939538,11.779122352600098,4.8046875,0.22511003460484605
00839,0.7492588437631773,0.3160516484236744,0.3228468894958496,0.6691526770591736,0.6082417964935303,70.45024108886719,8.010585793908616,8.604328155517578,3.7734375,0.5012184657606928
00840,0.8836007197643686,0.406582716316273,0.24014341831207275,0.427317351102829,0.5832865834236145,68.04644775390625,4.201284847980739,14.077067375183105,4.55859375,0.4083904024297057
00841,0.8175408214624607,0.4082777225614085,0.2985454797744751,0.5546365976333618,0.6293084621429443,74.99952697753906,5.092307791133958,6.950046539306641,4.55859375,0.29137012818870306
00842,0.8340950995466728,0.48001191835923923,0.15606898069381714,0.26476556062698364,0.7440641522407532,74.88521575927734,4.49905880252322,12.457541465759277,4.94140625,0.6402629883488905
00843,0.81901864621535,0.3115594930270018,0.3226082921028137,0.5880157351493835,0.7122995257377625,72.69168853759766,3.3503945667341615,11.991436004638672,4.98046875,0.08522597711333028
00844,0.7880267671925875,0.30357142857142855,0.4029741883277893,0.711166501045227,0.4026162624359131,69.53595733642578,7.137365429733098,9.611109733581543,1.94921875,0.29727018874870914
00845,0.6495845520847977,0.23901600994224725,0.46231842041015625,0.6524030566215515,0.48264601826667786,65.42639923095703,6.177438070906491,10.552226066589355,3.017578125,0.25085068690183826
00846,0.6642809161266837,0.33823399428419904,0.28385114669799805,0.4076782763004303,0.7201723456382751,73.49285125732422,4.2717904795921315,12.983941078186035,4.86328125,0.5537908964249675
00847,0.7417090002768837,0.31192419633673985,0.23735767602920532,0.4688858985900879,0.7625291347503662,74.88276672363281,4.106490440565349,12.366434097290039,4.21875,0.5192375391268368
00848,0.8513008543966022,0.4485139161398154,0.16210371255874634,0.34909942746162415,0.6231220364570618,74.29141998291016,3.098911130054251,12.924819946289062,4.9375,0.5943865894588144
00849,0.8413836193841351,0.38610096189695026,0.2132863998413086,0.39555051922798157,0.7782758474349976,76.2768325805664,4.1547079292121705,13.004302024841309,4.93359375,0.480901423396873
00850,0.7339262506343336,0.303650805217518,0.19734835624694824,0.3482927680015564,0.7349020838737488,76.59100341796875,4.31539986331397,14.08444881439209,4.98828125,0.5256514060487014
00851,0.7848034854249984,0.40069390902081725,0.15837925672531128,0.44775837659835815,0.665238618850708,72.97164916992188,3.79530145106651,14.159618377685547,4.94140625,0.4920476414023385
00852,0.8208983541539696,0.31224207423449435,0.1777161955833435,0.4427236020565033,0.6851856708526611,77.07868194580078,2.9601633197280686,13.86014461517334,4.96484375,0.3498849666331679
00853,0.793438905350761,0.32829080154273493,0.3076200485229492,0.5952990055084229,0.5863155126571655,74.55583953857422,5.248063700752009,14.51635456085205,3.7421875,0.36296737499943676
00854,0.7316778229133803,0.3290883235898246,0.20049172639846802,0.45523601770401,0.6079972386360168,74.34669494628906,3.3044468278476007,11.372958183288574,4.890625,0.5155498141239849
00855,0.9169734370959072,0.35629863488816754,0.2665761709213257,0.42822927236557007,0.6735591292381287,73.70830535888672,5.258257033262366,11.480247497558594,3.66796875,0.3464598498463611
00856,0.8161696977918594,0.42806856091107787,0.18632543087005615,0.267008513212204,0.7365783452987671,73.97061157226562,3.978199802977628,11.741260528564453,4.80859375,0.5781290295556133
00857,0.7991542713856825,0.3326701774917106,0.2671247720718384,0.47595739364624023,0.6380175948143005,74.6292724609375,4.421226997910236,11.543745040893555,4.9140625,0.4446092105448685
00858,0.7836699403009393,0.3627585096966283,0.189045250415802,0.3913554251194,0.5864109992980957,71.9090805053711,3.1104163501779305,14.314498901367188,4.51953125,0.44667455181779164
00859,0.7866217327311517,0.3750948699929726,0.21221017837524414,0.4073237478733063,0.4608718156814575,70.62855529785156,3.3099039229718525,11.445832252502441,3.880859375,0.3856177192512316
00860,0.6859987577604754,0.31695568400770713,0.2917887568473816,0.5553118586540222,0.47122910618782043,69.18744659423828,5.7781622260421885,15.088621139526367,3.8359375,0.4454964124614237
00861,0.7602078377100701,0.32429706216113985,0.248343825340271,0.48212599754333496,0.6261791586875916,76.4735107421875,4.462989000816465,11.57803726196289,4.9609375,0.4909274059741107
00862,0.8343106198225722,0.35890347846118403,0.4625077247619629,0.8213121891021729,0.5676345825195312,67.43885803222656,6.433608277681875,7.322262763977051,2.6875,0.26004646257008895
00863,0.8649489764631484,0.41872013844475375,0.30400580167770386,0.43028193712234497,0.5928083062171936,73.37549591064453,6.617233887265796,9.848875999450684,3.66796875,0.5693284494834372
00864,0.862091689511629,0.5111552904793462,0.41590380668640137,0.7540985941886902,0.507868766784668,68.97761535644531,9.816248072754455,6.829934120178223,2.6875,0.3932479108874738
00865,0.8142964840794571,0.36378824912595525,0.29758840799331665,0.5658649206161499,0.5453423857688904,72.055419921875,7.2320310836360875,11.880870819091797,3.892578125,0.46662622641950574
00866,0.7733549703515415,0.33587645499596636,0.21196597814559937,0.45059147477149963,0.5538151860237122,73.54730224609375,2.808734956447523,10.666290283203125,4.44140625,0.4013731521562635
00867,0.6249873631790132,0.276642201352169,0.3530253767967224,0.6828212738037109,0.48248910903930664,70.39517211914062,6.254333989591248,8.185084342956543,3.37109375,0.3185403481456
00868,0.8330731566573735,0.36637117529310836,0.2719153165817261,0.5902075171470642,0.6521657109260559,72.77960968017578,5.992767069687824,9.70117473602295,4.1796875,0.4322087852642223
00869,0.6256074331130185,0.3123640757148611,0.2739295959472656,0.5590723156929016,0.4914628267288208,66.02130889892578,5.926591388617755,9.290705680847168,4.0390625,0.49360685302520707
00870,0.8750217474098994,0.3918725384890798,0.1825292706489563,0.37332212924957275,0.7244601845741272,74.30158233642578,3.8297764243530446,12.776046752929688,4.94921875,0.43964906340410215
00871,0.8272320734703563,0.37264571638424004,0.17175644636154175,0.3348238468170166,0.5856168270111084,75.65286254882812,2.427514572096077,13.187849044799805,4.30078125,0.39563952146156167
00872,0.43049587023592467,0.20355703106473796,0.27544134855270386,0.49096548557281494,0.6914092898368835,72.07208251953125,5.370220864310235,13.358105659484863,4.40625,0.6404003006758853
00873,0.6854375474935965,0.25963025892019376,0.41238534450531006,0.6764727234840393,0.3499886989593506,70.66158294677734,7.772825907962498,15.081816673278809,1.5107421875,0.26797696044076497
00874,0.7951238402469821,0.3545319249337544,0.18193769454956055,0.38075706362724304,0.7105421423912048,74.37437438964844,3.7213851380003695,9.284040451049805,4.890625,0.44618707110314343
00875,0.793064905505533,0.3286303276932962,0.2807135581970215,0.5116667151451111,0.6156229376792908,72.22391510009766,3.7923039736190156,11.2726411819458,4.51953125,0.3843244183566257
00876,0.8891270632746371,0.384941438929169,0.23852157592773438,0.3945717215538025,0.6622697710990906,73.053466796875,4.05145196984583,15.276691436767578,4.24609375,0.7744167509704253
00877,0.7490978903258231,0.3177805190721525,0.28961682319641113,0.4779697358608246,0.5830056667327881,71.84403991699219,4.90438666451843,13.355234146118164,4.1171875,0.5176793817394211
00878,0.9052391701420722,0.35759650853990477,0.5597816705703735,0.727210521697998,0.5460740923881531,67.77301788330078,6.688043109440522,6.742498874664307,2.53515625,0.13101326216436335
00879,0.7674871778384785,0.32612966601178783,0.24512964487075806,0.579508364200592,0.6805950999259949,73.83696746826172,4.675941569457844,13.701004028320312,4.56640625,0.47673294879667727
00880,0.821150196015088,0.33359525680405744,0.34779059886932373,0.6666966080665588,0.558286726474762,69.54942321777344,6.295706501070175,11.641664505004883,3.94140625,0.42671229551805673
00881,0.8534073144293334,0.4173242513815705,0.18467026948928833,0.4151325821876526,0.6874325275421143,72.32986450195312,3.8647766628620026,8.714312553405762,4.9453125,0.5169935117026845
00882,0.8420432660736351,0.4050626796454192,0.2599716782569885,0.4038519263267517,0.6752307415008545,72.99748992919922,5.775683139356462,12.675670623779297,4.6328125,0.47345565458259253
00883,0.83016488459095,0.3155573546957559,0.35038065910339355,0.6515982151031494,0.498067170381546,70.17536163330078,3.0821761503673595,8.674017906188965,3.765625,0.14638486753473048
00884,0.7721999022268476,0.3652436586557683,0.3044254779815674,0.46646249294281006,0.7579222321510315,75.26408386230469,4.776033379102535,9.76866340637207,4.79296875,0.5816453716301178
00885,0.7821311594955851,0.3282001201923077,0.2553386688232422,0.6430258750915527,0.6108579039573669,72.48702239990234,3.885998807502064,13.693915367126465,4.71875,0.45531877965595796
00886,0.817482089254371,0.35754086866674045,0.28756439685821533,0.5268920660018921,0.6334425210952759,75.12690734863281,6.021916493067845,15.103012084960938,4.2109375,0.4114047924890952
00887,0.7756307789097013,0.47987737264366315,0.1564793586730957,0.2791338860988617,0.7370783686637878,76.6891098022461,4.241221711636588,15.646717071533203,4.8125,0.629138998257775
00888,0.8042017191036408,0.43646981980251276,0.21506118774414062,0.48612505197525024,0.5086867213249207,69.39471435546875,3.7552505334566377,13.32751178741455,3.779296875,0.46332772258143906
00889,0.7899235140057371,0.2963261834400183,0.32945287227630615,0.622873842716217,0.6736873984336853,72.76177215576172,6.267367720328212,12.068140029907227,4.5703125,0.2241270216042975
00890,0.8362644834699322,0.44409492713227683,0.1558741331100464,0.29361701011657715,0.6999669075012207,74.17545318603516,3.4506118548478826,12.762434005737305,4.93359375,0.5411436855384066
00891,0.7937574146701735,0.31932773109243695,0.19070512056350708,0.39105042815208435,0.5977551341056824,70.93403625488281,3.9497768732093808,17.670085906982422,4.6796875,0.3214256138812518
00892,0.8670487494097585,0.34050031010957205,0.29325294494628906,0.5249858498573303,0.6026566624641418,75.29517364501953,2.6732367994875856,10.510538101196289,4.21875,0.3041914738812399
00893,0.7439721102185691,0.2904064476991074,0.23128539323806763,0.5697306394577026,0.7813385725021362,77.00899505615234,4.545046654964245,14.07800579071045,4.98828125,0.5371825406293081
00894,0.8869855058089144,0.43591579996263313,0.18014132976531982,0.3722728490829468,0.7598317861557007,73.55064392089844,4.222490774025232,13.651178359985352,4.91796875,0.4980251506285077
00895,0.8364028824791873,0.4591809301908773,0.23569482564926147,0.5224733352661133,0.5712203979492188,61.094444274902344,5.047975867583086,19.481388092041016,4.609375,0.5154554210243992
00896,0.7743696323265602,0.4527019372380197,0.20021873712539673,0.4179144501686096,0.4488505721092224,71.26314544677734,5.642930099822219,15.256868362426758,4.4375,0.6831404202178534
00897,0.8515898960982325,0.3718992372283828,0.2720097303390503,0.4781816899776459,0.4383428394794464,66.79108428955078,5.287875022906816,10.004748344421387,3.873046875,0.4611491428912596
00898,0.765487706835622,0.45299788553202164,0.3024677634239197,0.6272395849227905,0.4624422490596771,70.89122009277344,5.9350019175512525,9.454556465148926,4.328125,0.44910986562445976
00899,0.8196009056320179,0.35974917885936103,0.33648383617401123,0.6448271870613098,0.5203167796134949,69.20478820800781,5.338480223601532,12.499410629272461,3.330078125,0.38673308129176964
00900,0.7198743903010972,0.36516397145180235,0.40796124935150146,0.6127986311912537,0.6972452998161316,73.73436737060547,5.079733113696047,10.176027297973633,4.92578125,0.052239470320727344
00901,0.845578268752242,0.3388626460141345,0.32578593492507935,0.5360943078994751,0.7537428736686707,75.51665496826172,6.233441239495348,9.030214309692383,4.734375,0.41897725860803936
00902,0.6267965089883802,0.2634038079663591,0.32388442754745483,0.4984778165817261,0.6925952434539795,74.75810241699219,5.585939985147183,6.3997416496276855,4.984375,0.37162465913565673
00903,0.7218204851169803,0.31082730008948184,0.2556658983230591,0.3281000256538391,0.7469913363456726,75.95074462890625,5.918135781842309,12.24779987335205,4.98828125,0.646127389053543
00904,0.845905762030882,0.44507828862072407,0.19723206758499146,0.3676762580871582,0.5699134469032288,68.53404998779297,3.5393331521744322,7.969843864440918,4.2578125,0.379403059501721
00905,0.8004581351418477,0.40410513814506915,0.23903822898864746,0.37940099835395813,0.7187049984931946,73.63968658447266,4.210519729846169,12.450124740600586,4.96484375,0.45247712255784733
00906,0.8181402115061205,0.44400637773590373,0.17252308130264282,0.30629339814186096,0.7875576615333557,75.52397918701172,4.3016394889475995,15.723953247070312,4.96484375,0.6633674040749371
00907,0.761665218677399,0.3386454183266932,0.3239355683326721,0.5675639510154724,0.5786991715431213,63.94441223144531,7.454833492171325,14.812541961669922,3.107421875,0.53651257612799
00908,0.8543606720115092,0.41627021883920073,0.2870156168937683,0.5858819484710693,0.5030108094215393,72.26040649414062,4.594164568880701,11.76390266418457,4.30078125,0.4236567050522541
00909,0.8741699276825147,0.3610480193150317,0.2575175166130066,0.4456750750541687,0.584624707698822,71.99964141845703,4.099289987255015,12.075706481933594,3.8515625,0.2734322986924328
00910,0.8541665942076974,0.3627812789795416,0.1804296374320984,0.3434084951877594,0.6591114401817322,72.42101287841797,3.353153390822058,14.007816314697266,4.515625,0.3125948309643183
00911,0.7153733997974944,0.2676077691491333,0.3564935326576233,0.569662868976593,0.6230979561805725,73.79348754882812,5.573408599445144,8.468107223510742,3.38671875,0.2884004061918589
00912,0.8348228929675331,0.3389609117330111,0.2596140503883362,0.33977407217025757,0.7116089463233948,76.24869537353516,4.787202768218447,11.69915771484375,4.984375,0.6316082109829358
00913,0.8456003386299079,0.44878420279606157,0.2158709168434143,0.38743728399276733,0.7494611144065857,76.05351257324219,3.42674748760505,12.39799690246582,4.953125,0.5357502481309256
00914,0.9527035168821341,0.7189403540329504,0.3519133925437927,0.2674100399017334,0.6277796030044556,66.19605255126953,9.628906416165604,17.761932373046875,4.00390625,0.8461645562165139
00915,0.836266092811296,0.39523852547885796,0.27113717794418335,0.5747677683830261,0.6506838202476501,75.13866424560547,3.6768455479428455,10.227784156799316,3.93359375,0.42089116640740687
00916,0.690494214235234,0.33754144350930887,0.27457594871520996,0.448147714138031,0.6785544753074646,73.77630615234375,4.941854631169455,13.577066421508789,4.8671875,0.40931323448991913
00917,0.8633537174868062,0.35759963457805183,0.30602508783340454,0.5106879472732544,0.6986086964607239,70.39153289794922,5.659939220755992,16.21533203125,4.12890625,0.49262391919213755
00918,0.847020332373074,0.43500791708651215,0.20103412866592407,0.48928526043891907,0.7285416722297668,76.01100158691406,6.123761632877334,9.433429718017578,4.98828125,0.5768262907918276
00919,0.7939381612904683,0.4247865763909332,0.33698153495788574,0.5239577889442444,0.4402613937854767,63.085933685302734,5.706165119305408,11.266059875488281,2.025390625,0.49042160045278144
00920,0.7943860430539367,0.3693764073342218,0.20204871892929077,0.37208232283592224,0.6587297916412354,71.89034271240234,5.992029792212017,14.637821197509766,4.6484375,0.7055967760153025
00921,0.6830376885654429,0.28857126716004744,0.2485523223876953,0.6533013582229614,0.6041388511657715,69.54182434082031,3.2198112840797912,10.292129516601562,4.640625,0.3776766167038143
00922,0.8625399364365358,0.379359294072511,0.3558815121650696,0.5195357799530029,0.454207181930542,70.0254135131836,5.5023483687850465,14.06328296661377,2.263671875,0.4740300299293177
00923,0.7883418671253906,0.36352095520749345,0.2936338782310486,0.5622950792312622,0.5193836688995361,70.70447540283203,3.109493183444355,9.455917358398438,4.28125,0.3356379264874306
00924,0.7741616931619278,0.3095622633103141,0.329004168510437,0.5921117067337036,0.6241742372512817,68.3753433227539,5.239294506003471,8.952098846435547,4.37109375,0.23787905726945963
00925,0.8323195318214343,0.3709535383423157,0.26102250814437866,0.5064961910247803,0.681891143321991,75.58086395263672,3.340597588619831,8.573734283447266,4.97265625,0.2974121346218557
00926,0.3788501686345819,0.15370494581141667,0.22800952196121216,0.366940438747406,0.7093583345413208,74.79698181152344,6.374432165265002,10.727334022521973,4.984375,0.4241043743428094
00927,0.8000613057626562,0.33736488460414843,0.2042880654335022,0.4947083592414856,0.6442381739616394,75.83251953125,3.1428420134515807,9.802587509155273,4.65234375,0.36754905565433127
00928,0.8357692954562511,0.4650351299099354,0.3296968340873718,0.546722948551178,0.5676760673522949,73.52218627929688,6.120312393355914,7.641692161560059,3.72265625,0.37555857665353043
00929,0.7074563983701693,0.3143451784475449,0.27521610260009766,0.6073931455612183,0.6383586525917053,72.93806457519531,3.878541865017882,11.065250396728516,4.81640625,0.35033909673015934
00930,0.6871402416482272,0.33786275179242065,0.2024737000465393,0.44075706601142883,0.6079617738723755,71.83122253417969,5.1571587277935995,18.444791793823242,4.62109375,0.6947450602700866
00931,0.5875063697559817,0.25873448913139135,0.2829943299293518,0.48048290610313416,0.4638329744338989,67.7745361328125,5.0589644510153,16.164291381835938,3.361328125,0.4916001499634655
00932,0.8949441580365466,0.44145083809551794,0.20927488803863525,0.4053584933280945,0.5809072256088257,72.24473571777344,3.646976605200531,12.192132949829102,3.892578125,0.3882882900509169
00933,0.8540511567618733,0.3450180099310282,0.2546544671058655,0.5388822555541992,0.692484974861145,74.68934631347656,3.315778910889419,9.840781211853027,4.66015625,0.3143357006510819
00934,0.8218502216248232,0.31041118737571366,0.346576988697052,0.7449188828468323,0.6755406856536865,72.30433654785156,6.110406595271732,11.55588150024414,3.955078125,0.3272825601911171
00935,0.7256741240032046,0.32487566382871114,0.2472550868988037,0.43280306458473206,0.4766932725906372,69.95401763916016,4.851631022566972,10.782413482666016,4.51953125,0.5068341414961526
00936,0.8683751891695274,0.3802723007102382,0.20018255710601807,0.4233263432979584,0.6959457397460938,74.80738067626953,3.635684135634289,11.919048309326172,4.91796875,0.3277644704528183
00937,0.7264990846728543,0.297621503728374,0.2673131227493286,0.4387759268283844,0.6364914178848267,72.47300720214844,5.865665829750439,14.081207275390625,4.1640625,0.4651847223560129
00938,0.8188986469447228,0.3406542170744276,0.3258635401725769,0.5621424317359924,0.492439866065979,66.94759368896484,5.443959126785968,13.394502639770508,4.078125,0.3249511254213203
00939,0.8231564853187598,0.37751294961422827,0.20362257957458496,0.49760013818740845,0.6342415809631348,72.80784606933594,3.844648865992848,10.307951927185059,4.9296875,0.43782902783474287
00940,0.7836120305366523,0.36075913078378535,0.19698739051818848,0.49795788526535034,0.6296683549880981,75.05797576904297,4.5748669852814485,14.629695892333984,4.953125,0.5616845326850971
00941,0.8160563168461559,0.4212958683797024,0.3250619173049927,0.6265873312950134,0.6019304394721985,72.84776306152344,5.101673111917043,7.21200704574585,4.21484375,0.35237167388051055
00942,0.8082516897185181,0.3454098941718568,0.16823512315750122,0.3593634366989136,0.7529662847518921,72.28789520263672,3.9626007486699053,16.00653839111328,4.9765625,0.39151502031042407
00943,0.8423335203200932,0.35373039985319005,0.23232793807983398,0.5332843661308289,0.6788701415061951,78.13673400878906,4.158081920530798,10.297042846679688,4.90625,0.4952553503777783
00944,0.8881280720300524,0.38718717413972886,0.2210094928741455,0.45710253715515137,0.6288493871688843,72.72298431396484,5.10875068863974,16.402894973754883,4.88671875,0.6787854121996294
00945,0.8302866874492751,0.4191375325760928,0.2672790288925171,0.5010183453559875,0.7043615579605103,73.99984741210938,3.6045940069523343,8.135599136352539,4.2890625,0.39044083527849993
00946,0.764202070347174,0.36215231995981667,0.24196702241897583,0.5019592046737671,0.6393879652023315,72.05097198486328,4.397401901898348,7.631548881530762,4.80859375,0.3567556527416478
00947,0.8225590961923909,0.35617822691777673,0.21781086921691895,0.4197845458984375,0.6488613486289978,73.12673950195312,4.606484296850465,16.362579345703125,4.4921875,0.49693835555262705
00948,0.8325084327488194,0.41843258675459405,0.17366135120391846,0.34458592534065247,0.6108490824699402,73.90857696533203,3.2306107847692407,13.810505867004395,4.77734375,0.6483765845862185
00949,0.8915459371945036,0.4359905590538151,0.2308826446533203,0.33623117208480835,0.5612270832061768,70.16268157958984,3.91244226636891,13.198033332824707,3.87890625,0.4044658539563938
00950,0.8220703350214269,0.367337730415511,0.22026878595352173,0.37310466170310974,0.5980269908905029,70.34663391113281,3.184424975679901,9.93027114868164,3.322265625,0.32294919213387946
00951,0.7000567761983185,0.27017912563231594,0.239953875541687,0.4624618589878082,0.6862314939498901,76.83235168457031,4.320027434817898,14.044380187988281,4.90234375,0.49123592840066665
00952,0.8633615490079418,0.3266436531166734,0.3176978826522827,0.5863021612167358,0.7117021083831787,72.9852523803711,7.4180086015657745,11.33403205871582,4.20703125,0.4113968130836459
00953,0.8103557343414757,0.3088788908272886,0.3316531181335449,0.5762767791748047,0.6830869913101196,74.2884521484375,4.689070442587362,12.030993461608887,4.08984375,0.24557968166885336
00954,0.4235076528448379,0.18870717087249317,0.39161819219589233,0.7709911465644836,0.4825206995010376,70.08686828613281,5.044733731979522,8.855973243713379,4.17578125,0.4385904047793673
00955,0.8416633611283207,0.4194495760504003,0.20771580934524536,0.4021523594856262,0.7372088432312012,75.06684112548828,4.600992857964808,7.915048122406006,4.84375,0.4270029636353148
00956,0.7944638007034263,0.46835701175990757,0.29666292667388916,0.5139610767364502,0.7660738825798035,76.31782531738281,4.8418140926927045,4.946413516998291,4.984375,0.4048658270836027
00957,0.9204047766351695,0.35279127180058933,0.24309730529785156,0.5301803350448608,0.7609657049179077,76.76036834716797,5.589190231055228,11.214427947998047,4.8671875,0.4092156200728666
00958,0.7667324576919344,0.2999929299356624,0.4215030074119568,0.6122888922691345,0.6133245825767517,73.48273468017578,4.351606652783436,9.994125366210938,2.701171875,0.14819580353921752
00959,0.8402998691582817,0.358656330749354,0.2863233685493469,0.5672809481620789,0.7431752681732178,73.98009490966797,5.6153526084544225,9.48774528503418,4.828125,0.28131539491137925
00960,0.6985382789766799,0.32135028496273566,0.20247530937194824,0.5605673789978027,0.5879840850830078,76.38060760498047,3.0511365953229084,11.997414588928223,4.8125,0.5584730710486034
00961,0.8784123541521822,0.3368049238978837,0.4879307150840759,0.6725850701332092,0.7321169972419739,75.36135864257812,7.460354502794742,12.382877349853516,4.41796875,0.16189924993730798
00962,0.8597831367112599,0.3705702588940783,0.23923206329345703,0.5346590876579285,0.66587895154953,74.60304260253906,3.8369755283889275,11.777589797973633,4.40234375,0.24651681520468458
00963,0.7939805707494427,0.2998647795907329,0.2358834147453308,0.5430195331573486,0.6320862770080566,72.04379272460938,3.859332491336814,13.270808219909668,4.73828125,0.20607238191792754
00964,0.7785226990620943,0.3646493930059793,0.30476272106170654,0.39579617977142334,0.7030790448188782,76.6148681640625,6.726396421809493,11.447405815124512,4.984375,0.6623795258192278
00965,0.7477787651769708,0.34746351633078526,0.3349548578262329,0.5312464833259583,0.5722531676292419,72.36632537841797,6.734560637113534,13.05595874786377,3.267578125,0.4635867079046336
00966,0.7775390291835516,0.4110974322898347,0.2606081962585449,0.46858981251716614,0.7002561092376709,75.30258178710938,3.72910990955832,8.7203369140625,4.96484375,0.4666647419889214
00967,0.6654757829438064,0.26280193236714977,0.2222532033920288,0.38600680232048035,0.6971370577812195,75.89228057861328,5.720611076976647,11.914271354675293,4.9765625,0.6615487680584716
00968,0.8057412466070011,0.38670770254533354,0.2568398118019104,0.6183974742889404,0.6878839135169983,72.41547393798828,3.3971426134365403,14.349275588989258,4.87109375,0.441363534610783
00969,0.8812868257381263,0.5006060606060606,0.19359993934631348,0.3250149190425873,0.6596109867095947,75.62954711914062,5.331788467026896,13.246382713317871,4.9609375,0.785541268833979
00970,0.6469611391028796,0.33369473557402723,0.2905125021934509,0.6469405293464661,0.5575950741767883,67.89695739746094,4.091501546188592,15.402441024780273,4.44921875,0.5490310506198165
00971,0.7167328325249728,0.39752039151712887,0.20408058166503906,0.44604426622390747,0.6021010875701904,71.21878814697266,3.655879528390487,12.727612495422363,4.67578125,0.5488481962349993
00972,0.8503830496481836,0.45420836489773136,0.265037477016449,0.41458678245544434,0.7357500791549683,73.75354766845703,5.444700809191722,9.420187950134277,4.9375,0.5120866320176812
00973,0.8588162853487948,0.36855180028215667,0.2696702480316162,0.4756835997104645,0.660306453704834,72.18794250488281,4.3658644556552915,12.104253768920898,3.904296875,0.4625734179024096
00974,0.8555631661612645,0.36407655502392344,0.23227351903915405,0.5480600595474243,0.6803838610649109,75.42282104492188,2.7262626369906973,10.421542167663574,4.96484375,0.2536948093072626
00975,0.91278683853451,0.47386715540668645,0.2747470736503601,0.3205408751964569,0.629417896270752,74.44947052001953,4.219650082951666,9.821524620056152,4.5234375,0.49312254162682695
00976,0.8225322918120443,0.40585393849538476,0.2106536626815796,0.46158334612846375,0.7566835880279541,75.7435531616211,5.225180532713809,14.707770347595215,4.97265625,0.6722512329998399
00977,0.7770827221104754,0.40908764109569346,0.249800443649292,0.5355790853500366,0.5674201250076294,70.35688018798828,3.346278166637444,11.826166152954102,4.38671875,0.44621197094794646
00978,0.29850251134711686,0.125233257308729,0.27511775493621826,0.4262685775756836,0.6288878321647644,70.98627471923828,5.283080691216847,14.64095687866211,4.8203125,0.5671433037920988
00979,0.3708817231326946,0.13151016590089967,0.4005899429321289,0.6154178380966187,0.4402812719345093,67.69451141357422,5.900191576233215,14.747824668884277,3.421875,0.3132980777992803
00980,0.8921400197499799,0.39664927946247014,0.22463929653167725,0.46466687321662903,0.5667920708656311,73.08264923095703,3.4647756981506728,12.016345977783203,4.1015625,0.33413937313886427
00981,0.724444644090242,0.3017192455349691,0.28470849990844727,0.4977576434612274,0.7867274880409241,77.03611755371094,6.14389386412357,10.037880897521973,4.98828125,0.5051034307619541
00982,0.7495672662768261,0.38539541016544754,0.3019147515296936,0.4556191563606262,0.47256773710250854,66.51463317871094,4.851439611221891,11.672926902770996,3.7734375,0.462300069641772
00983,0.7984630078112741,0.4516212126090736,0.23407483100891113,0.3705851435661316,0.6385721564292908,73.5216064453125,3.7013873387892366,12.248954772949219,4.61328125,0.5246583217856939
00984,0.5658721001027833,0.30528294007099605,0.30981290340423584,0.4374934732913971,0.5757496953010559,67.83033752441406,3.72521326623211,11.189497947692871,2.2890625,0.4808051005518568
00985,0.8494932016846621,0.470986939990081,0.21700787544250488,0.39520320296287537,0.7815465331077576,74.3953857421875,3.792042559796579,12.467690467834473,4.97265625,0.48277924357317137
00986,0.7085021987807988,0.2642951340750008,0.32816779613494873,0.5917806625366211,0.7033787369728088,76.21987915039062,5.779037076427191,8.788705825805664,4.9609375,0.3761816739792443
00987,0.8634881561358778,0.3580796233377021,0.3502960205078125,0.47744986414909363,0.6266053915023804,70.14620971679688,3.9905225223495586,11.747611999511719,3.3671875,0.2528514871900369
00988,0.6430819480912194,0.32384488448844884,0.3440650701522827,0.7038151621818542,0.437869131565094,71.92671203613281,8.22406443668581,11.69813060760498,4.45703125,0.587632440421296
00989,0.5689638111467592,0.19807933022797694,0.3768426775932312,0.7562629580497742,0.45239585638046265,72.20030975341797,4.565137965552788,12.099409103393555,3.619140625,0.1671918603810826
00990,0.8826294159581984,0.39546868260346435,0.24900823831558228,0.4829111397266388,0.7746164202690125,74.2997817993164,4.242808078258978,9.968856811523438,4.33203125,0.33422312388832803
00991,0.9019809801090423,0.34152040710354137,0.39537739753723145,0.7369303107261658,0.6109520196914673,70.49253845214844,6.238986458790926,9.98123550415039,3.876953125,0.10330904035320776
00992,0.8946417955482031,0.49969916551128785,0.24837249517440796,0.45217156410217285,0.585742175579071,70.5736312866211,4.693362622314535,10.639022827148438,4.4921875,0.4770731311578855
00993,0.8459329905051068,0.3760424239832357,0.2246643304824829,0.4262421131134033,0.730435848236084,73.3099365234375,4.462158576346805,10.06729507446289,4.44921875,0.5545508160383625
00994,0.8157875229993408,0.3409622195159507,0.27637046575546265,0.570110023021698,0.4541756808757782,74.6012954711914,4.238230192404759,11.048477172851562,3.837890625,0.2919415637872549
00995,0.8810560759816102,0.444397480874086,0.26580607891082764,0.3865508437156677,0.5420547723770142,75.89073944091797,5.508177106318143,12.248842239379883,4.19140625,0.6270037980519688
00996,0.8173648072873301,0.3759037707097234,0.2313065528869629,0.43004006147384644,0.7470166683197021,76.2470474243164,4.434705413739255,10.663349151611328,4.98046875,0.5659280278648523
00997,0.8739419819519141,0.3431349938499385,0.29291605949401855,0.6298176050186157,0.7151435613632202,73.83061218261719,5.7886282971323855,8.791571617126465,4.2421875,0.3671094090229734
00998,0.7747507484312415,0.4921201308355635,0.19741904735565186,0.2527455687522888,0.47858908772468567,70.28942108154297,5.935579694236405,19.061458587646484,4.12109375,0.8084119417472176
00999,0.8204305859890194,0.3282911581295258,0.21502286195755005,0.3189048171043396,0.6630252599716187,71.93931579589844,6.120910091802954,12.053245544433594,4.53125,0.5521625564541022
01000,0.8061149828148599,0.42735006649637963,0.2200772762298584,0.319773405790329,0.6358546018600464,74.38914489746094,4.158109217510963,10.449604988098145,4.8515625,0.4476155798974255
01001,0.8416475718520873,0.3703571428571429,0.2847484350204468,0.4657054841518402,0.5405281782150269,69.16659545898438,5.0683926771490455,11.246705055236816,2.841796875,0.6443802034776299
01002,0.686166805182404,0.31157242156678566,0.3023144006729126,0.52276211977005,0.7254141569137573,74.01583099365234,5.9251156480481875,6.389806270599365,4.98828125,0.46660496416099645
01003,0.8553097022047769,0.3351308244408157,0.43567097187042236,0.7332829833030701,0.6577989459037781,69.90168762207031,6.339460864122036,8.50851821899414,3.458984375,0.4129323499162141
01004,0.8833318097702881,0.3976118297734478,0.29217076301574707,0.574234127998352,0.7249171733856201,75.22684478759766,5.097258092439428,8.077547073364258,4.94921875,0.3942962326177082
01005,0.8504293951962744,0.3221710685728132,0.28018081188201904,0.5208502411842346,0.6923039555549622,74.02227020263672,3.9912361408005377,13.849010467529297,4.81640625,0.31596139194303
01006,0.6890577650826765,0.3005678233438486,0.3171325922012329,0.7248650789260864,0.6111799478530884,74.8672866821289,3.060975716513019,7.932684898376465,4.875,0.1883393523745288
01007,0.8370056527600318,0.4017724323468903,0.2138580083847046,0.5124005675315857,0.6477694511413574,72.90650939941406,5.074497194323105,16.92441749572754,4.28125,0.591399936981739
01008,0.7018724383689899,0.27057631146681577,0.3626067638397217,0.7728641629219055,0.6984496712684631,76.7216567993164,4.336039465889645,11.375164985656738,4.97265625,0.4369870729908004
01009,0.5383902215994427,0.23458129860734311,0.26653897762298584,0.5666319131851196,0.7248979806900024,75.78218078613281,5.630200936350322,7.511692047119141,4.9921875,0.515061242157028
01010,0.8302901961318488,0.3158010514969533,0.33660441637039185,0.6984760761260986,0.5861191749572754,70.77731323242188,5.626898232463517,13.545085906982422,4.83984375,0.264178223596289
01011,0.7131027776809533,0.36462872858049505,0.2696787714958191,0.5918179750442505,0.6866284012794495,73.22096252441406,4.1028694977031215,8.295979499816895,4.91015625,0.4165853951276052
01012,0.8306085249550621,0.32609695411718925,0.2224317193031311,0.48341798782348633,0.641305148601532,74.71399688720703,4.414813140937561,13.354652404785156,4.90234375,0.4157077900081641
01013,0.7284552610778053,0.3498254279145023,0.3093014359474182,0.6240708827972412,0.5731673240661621,68.28616333007812,4.312490941692179,10.904760360717773,3.927734375,0.48157241920140353
01014,0.7359250618067402,0.32288391685235496,0.33219534158706665,0.641814112663269,0.4619273245334625,62.264076232910156,3.001235027677812,14.163164138793945,3.658203125,0.2980777812988934
01015,0.8143164398145606,0.3277128547579299,0.21903109550476074,0.5236915349960327,0.7648534774780273,74.93307495117188,5.963241142496047,13.414281845092773,4.83984375,0.5014292942136906
01016,0.900977353015696,0.41455574887204744,0.23852670192718506,0.5476518273353577,0.7211211919784546,73.59596252441406,5.40280676564589,8.148977279663086,4.953125,0.5038004451201601
01017,0.8570763631308004,0.32340659414315687,0.3328484296798706,0.6345261931419373,0.6198140978813171,70.9072036743164,5.0929685735694585,11.820089340209961,4.25390625,0.1592947870911213
01018,0.7703841557337752,0.36253894080996885,0.2562284469604492,0.4420272707939148,0.7206469178199768,74.27140808105469,5.156703318683969,9.148704528808594,4.88671875,0.568012057363795
01019,0.8415814546601241,0.33648043160204827,0.3064505457878113,0.6115792393684387,0.43888333439826965,67.5811538696289,5.269839601480812,12.446748733520508,3.068359375,0.21290993134965072
01020,0.7978276477682207,0.34432638793063797,0.2500680685043335,0.5959683656692505,0.6463020443916321,69.20294189453125,5.6053787700997795,15.86926555633545,4.67578125,0.5123061984096273
01021,0.6564525481479715,0.24328275093971877,0.38057607412338257,0.620378851890564,0.6248000264167786,68.28998565673828,7.985105117104772,7.244266510009766,2.359375,0.29662660763760923
01022,0.874680779583079,0.3697139864162867,0.4630374312400818,0.6682307720184326,0.5509602427482605,73.08854675292969,5.6517382017750775,10.262409210205078,2.478515625,0.22608522524109306
01023,0.727164504890997,0.2972231481244071,0.24164175987243652,0.4493340849876404,0.5747278332710266,74.0230941772461,2.485911001650808,14.32962417602539,4.5703125,0.43675250490006395
01024,0.6517297041930032,0.2650145772594752,0.3179978132247925,0.5520157217979431,0.511898398399353,65.74089050292969,6.835041891848576,13.92611312866211,4.54296875,0.607592163359694
01025,0.68194699311924,0.31327955064842095,0.30923378467559814,0.616377055644989,0.42336177825927734,63.01881790161133,6.259650347572557,11.789125442504883,3.677734375,0.3175404780346834
01026,0.8387494690178078,0.33794576922525416,0.27810895442962646,0.5430236458778381,0.6271505951881409,75.16143035888672,4.491199870176405,14.149588584899902,3.74609375,0.3561349390082811
01027,0.8092918972037544,0.3438443789979178,0.41456806659698486,0.5557612776756287,0.42002537846565247,64.27560424804688,8.919069832093651,14.8198881149292,2.578125,0.33657214906444566
01028,0.704621904333947,0.3605419695968275,0.3456647992134094,0.7364559173583984,0.5283876657485962,68.21407318115234,7.390048651694407,9.762975692749023,4.11328125,0.4358320969100783
01029,0.7927185952600928,0.4573297342192691,0.30766093730926514,0.5914772152900696,0.4969657361507416,70.56279754638672,7.2020591956272515,12.673137664794922,2.595703125,0.5683249070760149
01030,0.8566197389335379,0.37348896947718346,0.2588660717010498,0.40238243341445923,0.6862557530403137,73.65159606933594,3.7727928110648,12.89389705657959,4.9765625,0.4801239167429165
01031,0.805822989798613,0.3655053092241409,0.25222986936569214,0.46205711364746094,0.6882226467132568,73.18559265136719,4.81658720601585,12.602079391479492,4.79296875,0.5103711103763906
01032,0.8553484556867734,0.33016775196017295,0.22197848558425903,0.3444603681564331,0.5295785665512085,71.88262939453125,4.543424938382165,13.171114921569824,4.75,0.3660495989473739
01033,0.8511303535740343,0.40821376470370985,0.3644856810569763,0.5656755566596985,0.4697173535823822,71.80030059814453,5.2271734840447905,10.846610069274902,3.58984375,0.3630872344798959
01034,0.8317849912657085,0.3057170542635659,0.26100295782089233,0.5277954936027527,0.6718170046806335,76.84505462646484,5.7725687356389646,10.422110557556152,4.984375,0.6078400167519141
01035,0.651700911357092,0.2908799327974952,0.20144563913345337,0.37500685453414917,0.5051714777946472,70.52708435058594,4.705116148750149,12.53030014038086,3.958984375,0.24399328848579538
01036,0.8134853756968045,0.4594515386225665,0.25428295135498047,0.47738370299339294,0.6358196139335632,76.46875762939453,4.721215044146975,12.257143020629883,3.87109375,0.6280998254314175
01037,0.7877576055691374,0.40928725701943847,0.18679171800613403,0.4573978781700134,0.6798447370529175,74.39103698730469,4.452610200975464,10.199002265930176,4.8984375,0.5006388750133509
01038,0.8133716034219911,0.3930109070034443,0.21462124586105347,0.42048412561416626,0.7956908345222473,74.7164077758789,4.343493260213243,9.197481155395508,4.9375,0.2887479252152572
01039,0.8694449150170662,0.34110054682496677,0.2999988794326782,0.46247732639312744,0.7031204700469971,72.90705108642578,4.260519307882697,10.781763076782227,4.1875,0.26300615181191156
01040,0.8037078664851257,0.4443025038323965,0.22319316864013672,0.4479106068611145,0.660122275352478,69.60474395751953,3.7556074785929563,10.554487228393555,4.7578125,0.4327765182842338
01041,0.8218109158458192,0.3337278625284938,0.22524046897888184,0.3306172490119934,0.7352219820022583,74.60556030273438,5.340819059731767,11.86806583404541,4.90625,0.5797160694420654
01042,0.8600329047254873,0.36989269237631583,0.21222084760665894,0.4520775079727173,0.6180810332298279,74.6212387084961,4.338714834017559,16.85555648803711,4.92578125,0.465958139931734
01043,0.8256553904176567,0.3708548107285049,0.21860086917877197,0.38112717866897583,0.5733634829521179,69.80191802978516,4.052902717947108,9.987358093261719,4.03125,0.25727878623076267
01044,0.8384940704056513,0.36071467311298094,0.3349836468696594,0.55990070104599,0.4795091152191162,75.16304016113281,5.954160239277954,12.685796737670898,3.587890625,0.3773763368443145
01045,0.7817080234971797,0.4526360908701243,0.2223331332206726,0.3675301671028137,0.6315330862998962,66.82708740234375,6.431268236785673,13.508163452148438,4.296875,0.7999304726104858
01046,0.8527472747285822,0.34065409097364785,0.19687265157699585,0.39529144763946533,0.6239539980888367,73.34613800048828,2.9991666752257733,13.159040451049805,4.28515625,0.3500513579751488
01047,0.6511466003691696,0.2922768068020784,0.27971404790878296,0.5879523158073425,0.7254053354263306,74.74592590332031,5.28627548203251,10.105291366577148,4.6796875,0.552742288835476
01048,0.6708682155786333,0.2965188684839979,0.24558281898498535,0.4193580150604248,0.7538887858390808,74.30215454101562,3.4800323534132804,10.764031410217285,4.67578125,0.3680472273089573
01049,0.5704602577514919,0.29313648146061083,0.2643175721168518,0.46471983194351196,0.6060634255409241,74.35356903076172,3.3871329597265136,12.513794898986816,4.94140625,0.4254754880839333
01050,0.7209767003552873,0.27856715437233803,0.3360464572906494,0.6404420137405396,0.6027271747589111,71.42665100097656,5.017212515966395,10.561009407043457,4.73046875,0.16980141448382083
01051,0.7976838504560311,0.43016437566086707,0.15917742252349854,0.33343490958213806,0.7157420516014099,73.88459014892578,4.249947970358737,14.846036911010742,4.97265625,0.6788483674901437
01052,0.8877220284982341,0.4996498599439776,0.23073041439056396,0.4684726297855377,0.7178241610527039,73.43384552001953,6.232551174004406,10.649004936218262,4.578125,0.7298338954586707
01053,0.7436849901595157,0.31016961282473343,0.32375186681747437,0.48901796340942383,0.5657435059547424,74.607177734375,4.699097806360303,15.177458763122559,3.611328125,0.6266433910165264
01054,0.7031769682476209,0.3757251495386095,0.28550827503204346,0.545571506023407,0.5002123117446899,69.28038787841797,4.071878901265047,12.076272010803223,3.833984375,0.466464869644247
01055,0.8305964476741321,0.43755653113900594,0.18527430295944214,0.3082523047924042,0.6982191801071167,73.64813995361328,4.959887850136177,14.226472854614258,4.953125,0.6334544612959795
01056,0.7887852001860922,0.4269377382465057,0.27515727281570435,0.6236280798912048,0.5326334834098816,66.63524627685547,4.678746553603319,11.576224327087402,4.2890625,0.42111182032439404
01057,0.8649904965914694,0.33696716055216175,0.26312702894210815,0.5247470736503601,0.5607167482376099,67.12310028076172,6.168609212292316,13.253350257873535,4.2421875,0.3950457996024075
01058,0.7525334212437244,0.36539624924379915,0.2392946481704712,0.4531286358833313,0.4762745797634125,66.43254852294922,4.037641322275309,12.717653274536133,3.931640625,0.4234498939872423
01059,0.8272326623077001,0.3834698966868543,0.24679696559906006,0.6015803813934326,0.5915166139602661,71.17494201660156,5.205481194563178,15.128849983215332,4.95703125,0.6586044172104686
01060,0.7389516393033337,0.29821231516221586,0.24248665571212769,0.531182050704956,0.7266005277633667,72.68482208251953,5.2880574626746455,12.440475463867188,4.984375,0.4942162953081703
01061,0.7580574171580742,0.359442795158712,0.2795422673225403,0.43882277607917786,0.5084888935089111,71.73749542236328,5.1353707654802,12.76520824432373,3.814453125,0.48276228632147816
01062,0.8275721660753657,0.3146403294110751,0.3400595188140869,0.6389418244361877,0.7164843678474426,73.80504608154297,4.883827321966806,12.853425979614258,4.28515625,0.31162392102741837
01063,0.9287412554799926,0.3909369315434387,0.1931094527244568,0.3978986442089081,0.6826673746109009,75.56039428710938,4.648751839706962,14.50015926361084,4.96484375,0.6339765220521475
01064,0.8460910806050792,0.37522042031624897,0.3421992063522339,0.6397129893302917,0.6076544523239136,74.2221908569336,4.796380969475993,8.231518745422363,4.41015625,0.32186571032427275
01065,0.9661541057157343,0.6853226009307005,0.22958213090896606,0.18227583169937134,0.6891435384750366,76.53327178955078,7.400502460082231,13.395645141601562,4.71484375,0.8786548312732726
01066,0.8409348090748027,0.3603826843931134,0.2344633936882019,0.3885062336921692,0.7247089743614197,75.38060760498047,5.170423511843317,12.868551254272461,4.21875,0.26664293675604067
01067,0.952659700836208,0.3765124068630802,0.247667133808136,0.5332911610603333,0.6919118165969849,72.43927001953125,4.082149447811796,12.60489273071289,4.48828125,0.5570990508329876
01068,0.9135951855686768,0.3501234463694106,0.37149184942245483,0.6711094975471497,0.6210967302322388,73.3733901977539,5.409721225167032,11.54148006439209,2.97265625,0.19274098421642027
01069,0.8982775237544554,0.4618149864195558,0.19362235069274902,0.3496551215648651,0.6009161472320557,72.9779052734375,5.549754871682609,16.602689743041992,4.26171875,0.6467026136815313
01070,0.4073404386586207,0.1623988047670338,0.46570783853530884,0.6787196397781372,0.5700466632843018,69.25308227539062,5.13820435487727,6.432583332061768,3.3984375,0.3666087099884854
01071,0.8125258840905646,0.3073762408783117,0.2666779160499573,0.6524580121040344,0.7133430242538452,74.16895294189453,4.842234706756071,12.61041259765625,4.796875,0.47544022620304816
01072,0.8136039059971435,0.32909271340025054,0.21148842573165894,0.36930733919143677,0.7088791131973267,72.26128387451172,4.165473240952297,11.663515090942383,4.85546875,0.20813216463470008
01073,0.837310923702123,0.3503182800864761,0.2748267650604248,0.52821284532547,0.7414487600326538,76.21151733398438,3.7394293815412434,7.886135578155518,4.97265625,0.21691430707052653
01074,0.8753189930018932,0.3702871249735167,0.184495210647583,0.4584449827671051,0.7638338804244995,75.35348510742188,3.837392309133349,13.38729476928711,4.91796875,0.31791076620225284
01075,0.8839578061623156,0.4732681682957926,0.17579585313796997,0.30127328634262085,0.7359381914138794,74.61063385009766,3.54836004563716,13.985387802124023,4.8046875,0.5061476336670877
01076,0.8510112026669671,0.37998628549809654,0.23590219020843506,0.4405481517314911,0.6000046133995056,71.08306121826172,4.652223835271276,11.204706192016602,3.990234375,0.454963153816485
01077,0.5015786729550904,0.20818341028498646,0.276067316532135,0.560131311416626,0.5742741823196411,66.01441955566406,4.41651263402417,12.164608001708984,3.408203125,0.44756162161777535
01078,0.690723954080786,0.29155918171455997,0.2475157380104065,0.4618924856185913,0.5590997338294983,61.858184814453125,4.337653775963135,17.54199981689453,4.83984375,0.43111966732335777
01079,0.7809794230447638,0.4345514950166113,0.21956288814544678,0.3171404004096985,0.5155693292617798,68.2217025756836,7.462334699897926,17.605379104614258,4.77734375,0.6013123345836571
01080,0.7115156166468241,0.3859289617486339,0.2855323553085327,0.4481620192527771,0.6111895442008972,70.57252502441406,5.222920517238214,14.188943862915039,3.796875,0.6802623338517203
01081,0.832187700681141,0.3722871452420701,0.285067081451416,0.5085952281951904,0.4245506227016449,72.5186996459961,4.3106233102078715,11.12423038482666,3.4765625,0.33347342056277535
01082,0.7676270564259061,0.31071895076373524,0.28603482246398926,0.5542255640029907,0.5942630171775818,69.92554473876953,4.6782687418663516,10.288101196289062,3.541015625,0.4126387435914663
01083,0.9250223341871633,0.36082824847454237,0.2652272582054138,0.5497406125068665,0.6295984387397766,69.4902114868164,4.8097382309578505,11.975211143493652,4.2734375,0.35978307467834175
01084,0.8667942685141024,0.4421640411212188,0.2483859658241272,0.4904625415802002,0.6204689741134644,75.36116790771484,3.324311754614639,9.54434585571289,4.83984375,0.4787242656532328
01085,0.911689695901915,0.3710934265605594,0.3085783123970032,0.48802649974823,0.6940491199493408,73.72406768798828,4.634266567542783,12.489143371582031,3.69140625,0.37765004654697326
01086,0.8485562712044297,0.34479678427869587,0.22797012329101562,0.44094762206077576,0.6723212599754333,74.470703125,3.6394049313955152,11.700553894042969,4.76953125,0.25759076124232083
01087,0.755526893568875,0.33692827442827444,0.31279051303863525,0.4978364109992981,0.5669117569923401,70.74451446533203,4.564624759611461,12.092823028564453,3.162109375,0.39906454818826737
01088,0.8160932894909638,0.40231176753893083,0.2052738070487976,0.29577767848968506,0.5919734835624695,74.28260803222656,4.6178565583278885,16.059072494506836,4.34765625,0.6380010594837504
01089,0.8527104709462945,0.407969478592624,0.21707862615585327,0.3801603317260742,0.6029367446899414,72.79669189453125,6.654407920054691,14.520770072937012,3.927734375,0.3584603199103999
01090,0.8349038706234465,0.32741749451203633,0.2771374583244324,0.5633650422096252,0.6587449908256531,74.58665466308594,5.829858769102333,13.153636932373047,4.625,0.517390945768822
01091,0.6902478842229316,0.3159217478223618,0.24361246824264526,0.4003946781158447,0.6497493982315063,77.75820922851562,4.10805065469969,10.707820892333984,4.8984375,0.4427542116123256
01092,0.7435802833558823,0.33020535835713316,0.25007009506225586,0.4787248373031616,0.6507986783981323,69.47429656982422,5.31611762419548,10.422027587890625,4.28125,0.4634181471578048
01093,0.792522514541444,0.30084312723556467,0.26047617197036743,0.4889851212501526,0.631173312664032,75.38060760498047,3.3373986830194178,10.961143493652344,4.93359375,0.2943700426874167
01094,0.8122988551221189,0.45056161254621235,0.2109169363975525,0.40655800700187683,0.7348335385322571,74.10122680664062,4.121885490599215,12.934783935546875,4.90625,0.5248973975308512
01095,0.6998674794593162,0.3513384574609064,0.34059983491897583,0.7368961572647095,0.7161345481872559,73.68360900878906,4.769558152917242,8.710737228393555,4.4453125,0.32646832518364277
01096,0.8680977434055309,0.5736362587936801,0.2264837622642517,0.3421739935874939,0.7207938432693481,75.55329132080078,8.727689194245093,14.579710960388184,4.9375,0.8032693700448132
01097,0.8003388507584199,0.3041872511871073,0.22667282819747925,0.507262647151947,0.7536098957061768,75.88685607910156,5.635311171449724,11.878406524658203,4.77734375,0.3480954479110505
01098,0.902352425186715,0.6842616580310881,0.24558889865875244,0.32769739627838135,0.6049697995185852,64.20137023925781,8.362385019238404,18.508535385131836,4.9609375,0.7576099810766963
01099,0.6904473797546671,0.2842982456140351,0.3060094714164734,0.5458727478981018,0.5159887075424194,69.56925964355469,8.46813350224856,8.243223190307617,4.0390625,0.42968963637568786
01100,0.8785914095729227,0.3838091961930971,0.15656179189682007,0.3314935863018036,0.6850361227989197,74.61066436767578,3.924466419962609,12.505264282226562,4.8515625,0.4351067552010557
01101,0.7795955042825403,0.33841196455465655,0.24753284454345703,0.592515766620636,0.6668139696121216,73.39314270019531,3.8757027298664966,8.333992958068848,4.83984375,0.46028627359705965
01102,0.7534079157083335,0.30314090865430793,0.43301165103912354,0.5801844000816345,0.4550349712371826,71.37812042236328,5.168429337094038,12.463075637817383,2.923828125,0.41035074725257015
01103,0.9503454405778733,0.363900680351224,0.2912289500236511,0.555959939956665,0.7140142917633057,75.79703521728516,6.6971855798520545,13.132511138916016,4.46484375,0.3400603859907536
01104,0.9207582857852847,0.35490615862649216,0.3375398516654968,0.627537727355957,0.6768971085548401,74.16233825683594,5.452335204888621,11.247133255004883,4.7578125,0.26023123498768097
01105,0.7678603112705451,0.3830006882312457,0.26752805709838867,0.4786072373390198,0.7250398397445679,75.519287109375,4.140194596679553,9.867669105529785,4.94921875,0.4260699632093227
01106,0.809195177876423,0.35235426775097384,0.2553739547729492,0.5168063044548035,0.615900993347168,64.13025665283203,5.847990713297556,17.58155632019043,4.3828125,0.5986006277034756
01107,0.8234931460777796,0.4128419328419328,0.1566130518913269,0.3406039774417877,0.6693128347396851,73.71017456054688,3.7903578582499167,13.990880012512207,4.984375,0.6215426216949644
01108,0.8577345434493887,0.36159736007631027,0.2613220810890198,0.5023846626281738,0.5876474380493164,72.66081237792969,3.6552240565289376,9.968270301818848,4.53125,0.3573512475846218
01109,0.7603490577700662,0.34158388672410955,0.2371227741241455,0.5394822955131531,0.7396184206008911,76.21797180175781,5.676132542809006,11.776582717895508,4.8046875,0.46017212029267707
01110,0.8638198512591809,0.3749022218523758,0.2510069012641907,0.4587026834487915,0.49109748005867004,65.21485900878906,4.277370057147452,11.183070182800293,4.32421875,0.29793202817488157
01111,0.7587635555655629,0.31690140845070425,0.19388628005981445,0.306714802980423,0.7277895212173462,76.4912109375,4.757140144812279,14.534339904785156,4.98828125,0.576704261862317
01112,0.8516422407245587,0.3985047620941284,0.2192392349243164,0.3751031458377838,0.7559938430786133,74.25499725341797,3.852441659180555,14.91405963897705,4.90234375,0.569725063323359
01113,0.7481801314755588,0.3951974540720382,0.23037999868392944,0.35371696949005127,0.6774412393569946,73.23815155029297,9.713904385642083,10.818849563598633,3.064453125,0.5091072617519281
01114,0.7107725941691606,0.309507629579292,0.2970097064971924,0.648046612739563,0.46085119247436523,68.1398696899414,5.534243742423267,13.109530448913574,3.955078125,0.41992606985334385
01115,0.8120558037441797,0.34913094769956743,0.22316080331802368,0.3628831207752228,0.5364763736724854,73.43260955810547,6.834169941172671,15.978178977966309,3.916015625,0.3572066509396832
01116,0.83284999896686,0.330889048646058,0.32478129863739014,0.5540294647216797,0.603777289390564,70.89013671875,6.611729045673824,12.27196216583252,3.58984375,0.42017376585315297
01117,0.8116893007679151,0.3437911809427268,0.28858619928359985,0.667290210723877,0.6809715032577515,76.42929077148438,4.080366777147757,12.288843154907227,4.97265625,0.4524528990735503
01118,0.6621321442494243,0.24698222037224238,0.29764991998672485,0.5868293642997742,0.607347846031189,74.30567169189453,4.821781481532813,10.56965446472168,4.23828125,0.351295014879188
01119,0.48146758189369787,0.21118932938125232,0.18761175870895386,0.300785094499588,0.7205032110214233,75.3521728515625,4.480751503040795,14.167532920837402,4.98828125,0.5233149971713574
01120,0.76913588159042,0.44064531663857454,0.26713991165161133,0.49546346068382263,0.6515955924987793,74.63246154785156,5.2235511472053435,8.908185005187988,4.953125,0.483290386593314
01121,0.8314778620382214,0.4033593353058968,0.258808434009552,0.49671924114227295,0.6554015874862671,73.2181625366211,4.803851920663645,13.264923095703125,3.794921875,0.5986423383453495
01122,0.8299344809835345,0.48139972201782355,0.14947974681854248,0.3068618178367615,0.7500888705253601,74.25409698486328,5.385367002007108,17.943788528442383,4.9765625,0.7908838869969311
01123,0.7268825868446765,0.3684832373356964,0.3087173104286194,0.5690423250198364,0.5406041145324707,72.82626342773438,6.128296874037446,11.423118591308594,4.98828125,0.5780923841930278
01124,0.8082934688985748,0.29844719003894044,0.3061138987541199,0.5893182754516602,0.5734398365020752,68.78723907470703,7.261469864096476,10.805124282836914,4.046875,0.14349418888653317
01125,0.7081596793921971,0.2874467691168302,0.21755439043045044,0.3350442349910736,0.6636199355125427,75.1126708984375,4.90713102318848,11.420543670654297,4.98828125,0.42157057472008963
01126,0.8621385584577688,0.36644997173544375,0.42342811822891235,0.6425871253013611,0.4999968707561493,69.62944030761719,7.467662746100399,13.58503532409668,3.375,0.27919452600273187
01127,0.7452935444699866,0.39424920127795526,0.272579550743103,0.544343888759613,0.7152835130691528,75.57173919677734,7.13315231413126,12.222902297973633,4.953125,0.7517271410775801
01128,0.8788055706281044,0.3912483912483912,0.23047995567321777,0.4229010343551636,0.6551581621170044,70.68521118164062,3.8219352226737495,10.62224292755127,4.734375,0.28888879780033283
01129,0.8200304027309561,0.3249937021863357,0.2845902442932129,0.5491144061088562,0.7009316086769104,74.30891418457031,5.073532606557457,13.126259803771973,4.69140625,0.3743563530306947
01130,0.8048579322224542,0.31659291456102223,0.3221348524093628,0.637022852897644,0.7103352546691895,73.3118667602539,4.7209715995446375,10.041060447692871,4.46484375,0.2969461382793706
01131,0.8451801488290933,0.3829430079870042,0.2859513759613037,0.5385035276412964,0.5017027854919434,71.57819366455078,5.078747566176174,14.962284088134766,4.125,0.48796041662452677
01132,0.8184478764072881,0.43763473262094066,0.17635542154312134,0.3419051170349121,0.7744998931884766,74.63229370117188,5.28006159452178,13.99787712097168,4.9453125,0.500125028273364
01133,0.8571718505694863,0.3874691714330692,0.20736008882522583,0.5129361152648926,0.6748603582382202,74.33641052246094,4.495552334356539,12.595399856567383,4.71484375,0.4418263285184196
01134,0.775520668500222,0.31515906670150123,0.24476683139801025,0.4681979715824127,0.7178390622138977,75.0189437866211,4.389013912092969,10.08759593963623,4.9765625,0.3396746050023602
01135,0.7237583578098202,0.28466287374409877,0.26492995023727417,0.5357720851898193,0.6868536472320557,73.43218231201172,6.264840205844192,12.221118927001953,4.171875,0.3916441942510042
01136,0.5553612647918229,0.24075336628600646,0.3475154638290405,0.5352310538291931,0.40137284994125366,68.03011322021484,5.649599509906827,8.836620330810547,3.16015625,0.2345485743606601
01137,0.8839093641126948,0.3855560279076746,0.23260468244552612,0.4650331735610962,0.7265846133232117,74.53327178955078,4.1888379006554475,10.4317045211792,4.9765625,0.3873644907219735
01138,0.7607556571545989,0.3854558270676692,0.21298205852508545,0.5104060769081116,0.5001375675201416,72.34720611572266,3.931456335954222,11.06558609008789,4.671875,0.5535717422169112
01139,0.8723248534661137,0.368869028620066,0.24016046524047852,0.46905243396759033,0.6420077681541443,75.08601379394531,3.650001845855746,10.25191879272461,4.76953125,0.3138982576978731
01140,0.6805499700875979,0.3157159487776484,0.1960398554801941,0.3167679011821747,0.6394951939582825,74.04325866699219,5.43528287057546,14.079317092895508,4.98046875,0.6680444095014083
01141,0.7476590956011279,0.39543491671807524,0.21855229139328003,0.39225542545318604,0.6382289528846741,74.91896057128906,7.8012316232827255,18.885116577148438,4.484375,0.7889391448716278
01142,0.7679231261230155,0.30867170549104694,0.2705640196800232,0.5813873410224915,0.6737989187240601,71.64762878417969,5.102798957276131,12.43340015411377,4.64453125,0.37292708495146426
01143,0.8298322487294653,0.32175588663815385,0.30358827114105225,0.687410831451416,0.5519514679908752,73.89892578125,3.771918137534966,11.543339729309082,4.85546875,0.43452454140944136
01144,0.8529743581818895,0.33931743921680685,0.27666175365448,0.6339002847671509,0.6844867467880249,75.1914291381836,6.509089524301159,11.176977157592773,4.015625,0.44749289814134896
01145,0.7435422086885665,0.36238346169436564,0.23041975498199463,0.3824632167816162,0.7083964347839355,70.71533203125,5.157201937859249,15.967704772949219,4.78515625,0.6529613082973131
01146,0.6849990569782781,0.2872318692543412,0.2686869502067566,0.5516911149024963,0.6678584218025208,73.44586181640625,5.480640097050424,12.523547172546387,4.33203125,0.4563335202050202
01147,0.7492153798873114,0.2796640399520057,0.2824007272720337,0.5377935767173767,0.592153787612915,72.4539566040039,4.930207778747884,14.27471923828125,3.86328125,0.35584364081765224
01148,0.8753336044700618,0.3809951465586426,0.29966211318969727,0.4757266342639923,0.7246226668357849,70.82795715332031,3.9001127858243483,9.941702842712402,4.3203125,0.25197433341878794
01149,0.6184169296926539,0.24053946142584623,0.43720120191574097,0.7020047307014465,0.6249280571937561,71.55522155761719,5.074259324301766,10.852538108825684,4.06640625,0.2285954916215868
01150,0.7599836082141062,0.34552482902170684,0.19874358177185059,0.4029744863510132,0.5096383094787598,68.17337036132812,4.3988197369623725,13.118745803833008,4.17578125,0.5234050627958374
01151,0.7226696799692865,0.2901839748244977,0.3616334795951843,0.750099778175354,0.46432995796203613,73.34230041503906,3.4644237970623935,11.924332618713379,3.890625,0.3831153505605643
01152,0.6154310767353236,0.24410242156828685,0.24592769145965576,0.49083995819091797,0.7021507024765015,77.17469024658203,3.675185916390529,10.521099090576172,4.9765625,0.49273369240345066
01153,0.8277737599431758,0.33125448735094953,0.2892680764198303,0.6310778260231018,0.7203167676925659,75.0221176147461,3.4042297662533527,8.748713493347168,4.92578125,0.3089039769433332
01154,0.7292835940301313,0.3502075717206766,0.23435980081558228,0.5273360013961792,0.5607427358627319,71.45359802246094,5.663877502127232,11.102718353271484,4.34765625,0.47997897933222683
01155,0.8981839624512301,0.37171455050973123,0.2737235426902771,0.5971381664276123,0.7396679520606995,77.49201202392578,4.832159268613973,5.680971145629883,4.98828125,0.4677685393266722
01156,0.8093292457548311,0.3685695419893151,0.26948338747024536,0.476643443107605,0.5667220950126648,73.21678924560547,2.935920586994173,10.202648162841797,4.5390625,0.3528181271746484
01157,0.9191251436601494,0.5082316207777462,0.19149768352508545,0.26110219955444336,0.5185698866844177,70.23375701904297,6.706347977180343,15.162027359008789,3.81640625,0.7689709419944321
01158,0.7397360862461008,0.41962973846605933,0.2532312870025635,0.4237593114376068,0.5735910534858704,64.42768859863281,6.221773351624902,17.36397933959961,4.73046875,0.44700553965318646
01159,0.8302173664421031,0.39373736504795903,0.2946929335594177,0.5806949138641357,0.6618784070014954,71.64305877685547,4.940280187569489,10.207487106323242,4.875,0.3808451685284323
01160,0.856525937405668,0.42581670384744674,0.3887109160423279,0.6725166440010071,0.4844798743724823,68.62334442138672,6.405015456906739,10.759105682373047,4.07421875,0.3748421251678311
01161,0.6553770329247958,0.32760384694086353,0.41077369451522827,0.6728019118309021,0.43073588609695435,67.69435119628906,7.749053422893146,7.435511589050293,2.771484375,0.42273596598932917
01162,0.8499667892631184,0.33506636364579767,0.32678765058517456,0.5444966554641724,0.6856716275215149,73.51597595214844,4.190425030006152,9.922853469848633,4.62109375,0.24308144383988786
01163,0.8106019977781175,0.3915730590517436,0.25925755500793457,0.5607852935791016,0.6167404651641846,75.6562271118164,4.253436821853057,9.058307647705078,4.83984375,0.43208795333937683
01164,0.7064945112548479,0.3312842664894501,0.35337841510772705,0.6249730587005615,0.5125510096549988,68.0857162475586,4.069628208324292,10.118703842163086,3.4453125,0.5970910628457827
01165,0.8352561899732002,0.3481678813772305,0.2187163233757019,0.34438356757164,0.6736066937446594,71.42011260986328,4.181877884334125,13.188777923583984,4.796875,0.2834650030928079
01166,0.8699151389690178,0.4179420056383407,0.20456862449645996,0.37944889068603516,0.7024576663970947,74.03955841064453,3.0458886217238152,10.669245719909668,4.98046875,0.3434219262574663
01167,0.7926285253919358,0.3415005775232852,0.22480803728103638,0.38890719413757324,0.6778814196586609,70.74900817871094,5.692950206896924,13.354988098144531,4.1953125,0.5381259434067134
01168,0.6613585542612466,0.3115421455938697,0.4289513826370239,0.7544175982475281,0.41699349880218506,68.19114685058594,9.824609267161637,5.785844802856445,3.07421875,0.2119654813405991
01169,0.8642556629376479,0.4446199024822695,0.2123774290084839,0.31712254881858826,0.7080854773521423,74.92886352539062,3.3175599821232185,11.634264945983887,4.8671875,0.4472446231956702
01170,0.7489534406019399,0.2983612733094745,0.2846229076385498,0.5180761218070984,0.6281628012657166,74.63507080078125,5.348980035853621,10.78851318359375,3.837890625,0.6610356945327684
01171,0.8036815630872012,0.4076518733648561,0.15737789869308472,0.32373058795928955,0.6036887764930725,71.65167999267578,3.072652347220942,13.554841041564941,4.83984375,0.42404610960581923
01172,0.8289564267965781,0.3593655690429884,0.2836708426475525,0.49482399225234985,0.6948479413986206,74.29200744628906,3.351545679699257,8.881732940673828,4.97265625,0.3243154992573687
01173,0.7671934456881812,0.4125013153740924,0.20960062742233276,0.35358303785324097,0.5765169858932495,66.75216674804688,5.9683639801065524,21.81454849243164,4.9765625,0.5164972369775369
01174,0.8523058882430525,0.41952868395038106,0.2904312014579773,0.37183910608291626,0.614093005657196,74.04495239257812,5.525670100260818,15.389307975769043,3.859375,0.4600577227504403
01175,0.8099805134320471,0.49617080529125085,0.23270779848098755,0.5004452466964722,0.5298652648925781,70.91658020019531,4.180884667515776,14.356014251708984,4.33203125,0.6535158861618391
01176,0.8136970212740269,0.39253236976814215,0.21467876434326172,0.46246859431266785,0.6217371821403503,74.08938598632812,4.699667193457743,12.517745971679688,4.57421875,0.44087987521110095
01177,0.8246664631084872,0.3153197297959469,0.31760507822036743,0.7128913998603821,0.5674825310707092,71.59876251220703,6.669203051543214,11.605721473693848,3.318359375,0.20689090291475315
01178,0.8453251566748389,0.3250411300845294,0.23702192306518555,0.4056645929813385,0.6883911490440369,73.18392181396484,4.3240086046481245,12.96917724609375,4.90625,0.210361003608347
01179,0.8370577972671256,0.39905709999805183,0.2807464599609375,0.5529676675796509,0.45905113220214844,71.75072479248047,4.961408186033399,12.869668006896973,3.14453125,0.4001862032013616
01180,0.844818677235832,0.31869825682096264,0.4002072215080261,0.6476335525512695,0.6765305399894714,72.36634063720703,6.4721516184218535,10.911355018615723,4.0546875,0.36497144075986687
01181,0.40844058840816116,0.19731098306268552,0.6012235879898071,0.7417323589324951,0.5326849222183228,66.60700225830078,5.083700624133928,11.430015563964844,2.71875,0.2843537990948703
01182,0.860400430340614,0.351207618798272,0.27390599250793457,0.5012972950935364,0.6289565563201904,73.66775512695312,3.751622354805357,12.354498863220215,4.48828125,0.27037979313994553
01183,0.8937410403737293,0.3462747499489692,0.20551037788391113,0.4191383123397827,0.7602679133415222,75.68531799316406,4.956718313006171,13.74757194519043,4.88671875,0.3559040932700185
01184,0.8124187965559706,0.32481216511509564,0.24880927801132202,0.4978650212287903,0.6915896534919739,72.0920181274414,4.276629978708407,14.506631851196289,4.875,0.38172809170910993
01185,0.8219530220021196,0.33742782620326817,0.2151128053665161,0.5108068585395813,0.5928250551223755,73.0609359741211,3.733204171466495,11.625053405761719,4.87890625,0.44205436066439957
01186,0.7730487862684272,0.37359688743795,0.2723259925842285,0.5783696174621582,0.7079269289970398,77.88036346435547,5.512972490512042,10.465126037597656,4.734375,0.6110149360628614
01187,0.7534393701762035,0.36428571428571427,0.26665496826171875,0.7016246318817139,0.4621860980987549,68.01371002197266,5.345438038154385,13.551202774047852,4.25390625,0.4341793504707312
01188,0.779386839163931,0.30568128767735,0.3939197063446045,0.7116710543632507,0.7029510140419006,71.31546783447266,6.125850712456435,9.673737525939941,4.23046875,0.33386686703564383
01189,0.7900674227811622,0.3943970767356882,0.1595696210861206,0.3461265563964844,0.6650384664535522,75.4416275024414,3.7057981239463587,11.372509956359863,4.9765625,0.518358552551997
01190,0.8816385268469318,0.40016377082320426,0.2922431230545044,0.46457529067993164,0.572124183177948,67.72550201416016,4.096680436682201,16.854026794433594,4.12890625,0.450080884672689
01191,0.8539031693346045,0.38434845659830125,0.29556941986083984,0.5005582571029663,0.5394212007522583,72.70578002929688,6.372999793592815,13.470488548278809,3.8828125,0.4646483952528587
01192,0.8736280907328017,0.3523429783809489,0.2786318063735962,0.447942316532135,0.7585256695747375,71.92533111572266,4.9601563808002185,12.285869598388672,3.935546875,0.25048729628510646
01193,0.7800653685126863,0.3193851409052092,0.3619554042816162,0.6910458207130432,0.7099233269691467,76.29521942138672,6.759743931701541,7.0972723960876465,4.91796875,0.2357410289825452
01194,0.7501545422786835,0.30985147840305216,0.31940388679504395,0.6760888695716858,0.5247576236724854,61.761356353759766,3.9687414470253835,14.38825798034668,4.11328125,0.34091180487192957
01195,0.7024656761969235,0.2501309433742653,0.33234697580337524,0.5756901502609253,0.5836442708969116,71.28265380859375,5.407063318517738,13.896312713623047,4.2421875,0.1972649931574219
01196,0.6973187030887493,0.37970113328653093,0.32984960079193115,0.5265820622444153,0.5336953401565552,62.07950973510742,7.893297680449317,8.079029083251953,4.1640625,0.6439682723566778
01197,0.6805787533703526,0.2561323311105351,0.18844914436340332,0.41959062218666077,0.6657987833023071,71.80479431152344,4.571668239291359,17.17165756225586,4.6171875,0.49027746616972256
01198,0.7538648903380833,0.28862489621255666,0.33930695056915283,0.6792036890983582,0.7001809477806091,73.35731506347656,6.235936509511923,10.601407051086426,3.708984375,0.4776040758229562
01199,0.8714992606150221,0.34945238379124155,0.290649950504303,0.6027523279190063,0.6862649917602539,74.81620788574219,2.900670868805815,10.640982627868652,4.984375,0.2229104232912137
01200,0.8907180153132075,0.4281241417193079,0.2446550726890564,0.4749237298965454,0.4742499589920044,64.9970474243164,6.496123068706736,13.98047924041748,3.787109375,0.4727820132942544
01201,0.8551757636398307,0.40204618849900947,0.23595356941223145,0.4049864411354065,0.7032153606414795,73.9917221069336,3.7093848109178125,10.249348640441895,4.859375,0.34709394070417615
01202,0.8703020555379524,0.3746045456999406,0.1947130560874939,0.39986494183540344,0.672703206539154,73.9353256225586,3.5431579587199984,12.863398551940918,4.86328125,0.38576031214098877
01203,0.8991711352563909,0.41878404707940675,0.23230379819869995,0.41785529255867004,0.6344491839408875,76.09970092773438,4.838277437592155,10.477434158325195,4.0390625,0.40388237902357266
01204,0.8338152209363648,0.44050431452515354,0.23465955257415771,0.43671727180480957,0.692206621170044,77.07335662841797,5.4725347654337035,10.290616989135742,4.41015625,0.5391990059860164
01205,0.9042061375058813,0.3602349358277137,0.1805385947227478,0.3981565535068512,0.7040132284164429,74.77161407470703,5.515938959154343,11.69150161743164,4.984375,0.4572614976193372
01206,0.7411486988334316,0.32815611310234966,0.27014803886413574,0.4928899109363556,0.5659548044204712,69.65430450439453,5.26210815920806,14.51539421081543,4.96875,0.35893065699395876
01207,0.6336093419353493,0.27209091657745205,0.2708783745765686,0.6047680974006653,0.71189284324646,72.71248626708984,4.085795741973361,13.757962226867676,4.546875,0.46410444581475746
01208,0.8135749127961506,0.3329793180547792,0.22375774383544922,0.3263753652572632,0.6465317010879517,75.25398254394531,6.544344189904935,13.424162864685059,4.30078125,0.6568743381948717
01209,0.7807724161588543,0.32438559679714446,0.331232488155365,0.6775379776954651,0.582582950592041,71.5901107788086,6.7100391854885775,9.340377807617188,3.544921875,0.42525800411930714
01210,0.6513936994414018,0.30203658957542284,0.25773292779922485,0.44584548473358154,0.7333254218101501,75.0692138671875,7.566748463470217,10.7279052734375,4.8984375,0.6368144680121137
01211,0.7879909432271324,0.34632799558255106,0.30586767196655273,0.6092680096626282,0.6934036016464233,69.73416900634766,5.3538435098964205,11.975019454956055,4.3203125,0.4334260868257718
01212,0.7773380284719404,0.3560038356358987,0.2733560800552368,0.5086501240730286,0.6588330268859863,73.14984130859375,6.2361914807615655,12.800033569335938,4.390625,0.5470595369777813
01213,0.79221096302329,0.34175782723500564,0.30554789304733276,0.6388376951217651,0.4671076536178589,71.59536743164062,5.4310644234632655,12.022932052612305,3.638671875,0.3432219058123889
01214,0.8356389665399139,0.324676934519198,0.2618367671966553,0.4846019744873047,0.693979024887085,75.6430435180664,4.521632466161149,13.475801467895508,4.71875,0.44586733372749277
01215,0.8493572994786497,0.3315615018381245,0.16934669017791748,0.36245620250701904,0.5876094698905945,70.31464385986328,4.32693271132077,15.887880325317383,3.90625,0.4242012349037495
01216,0.8043525541993032,0.34415685730631207,0.21047121286392212,0.4339461028575897,0.5996239185333252,74.42296600341797,3.1878201562072825,14.060222625732422,4.8828125,0.431663088912777
01217,0.8404869730350216,0.3386313236570225,0.23012953996658325,0.37860819697380066,0.7088443636894226,73.48261260986328,4.646173227181748,11.006966590881348,4.72265625,0.21139845845958083
01218,0.8148618748725658,0.4530438886267107,0.34212732315063477,0.6843634247779846,0.5799262523651123,66.1096420288086,5.310623860305601,9.522614479064941,4.08984375,0.5909934440798863
01219,0.636150871123609,0.22530142163037611,0.36130475997924805,0.6455014944076538,0.5370385050773621,72.08173370361328,7.156718966274382,15.726781845092773,2.708984375,0.1988560018903432
01220,0.726231211506453,0.2855491734379378,0.46811437606811523,0.6199652552604675,0.41650310158729553,67.24209594726562,7.495309011826136,12.210538864135742,2.16015625,0.23752433293929004
01221,0.7531462073369536,0.36810537457367987,0.31836915016174316,0.6523113250732422,0.6766875386238098,73.78621673583984,6.557727747624569,11.20148754119873,4.78515625,0.2804051563105415
01222,0.8211541238638057,0.47645107794361524,0.29654550552368164,0.5195538997650146,0.6269760727882385,70.96778106689453,5.128172644128382,10.812808990478516,4.0234375,0.459073914435507
01223,0.7906805057197217,0.3056041449859398,0.3347712755203247,0.6063245534896851,0.5382564663887024,69.67009735107422,4.449694219402671,10.4815092086792,4.8515625,0.33172648021479184
01224,0.8099423170609364,0.3522016696677034,0.2533458471298218,0.46985262632369995,0.59223872423172,70.31346130371094,3.674462885444485,13.637832641601562,4.5703125,0.591871721182233
01225,0.7681027555391553,0.3346264960792406,0.3451409339904785,0.6852859854698181,0.6348217725753784,72.84708404541016,6.640132944832095,11.535272598266602,4.00390625,0.4419098592025138
01226,0.75436284535429,0.2883082532079923,0.2064993977546692,0.4321364760398865,0.6027018427848816,74.26896667480469,5.585057811855966,16.520437240600586,4.9375,0.49867978578043154
01227,0.6225536943213694,0.37478965886492277,0.2858567237854004,0.6438419222831726,0.4880697727203369,67.0347671508789,5.003374594935535,13.697920799255371,4.55078125,0.5922168975384249
01228,0.794369978368766,0.39401026213829454,0.30703532695770264,0.6180124878883362,0.454867422580719,68.63883209228516,6.814106412741923,15.191246032714844,3.01171875,0.4641405376912765
01229,0.7821580000475407,0.3567985539264913,0.3233509063720703,0.5803740620613098,0.6843500733375549,75.82009887695312,6.408275234803586,9.12768268585205,4.55078125,0.38425242378251
01230,0.8635005726676284,0.4497634483967058,0.22576814889907837,0.44712772965431213,0.5795579552650452,72.65396881103516,3.593354866179436,9.974617004394531,4.9609375,0.40198401652582694
01231,0.7067164638999167,0.3486634761293335,0.2308136224746704,0.4620155692100525,0.623149573802948,76.25553131103516,4.274379142117692,9.908485412597656,4.97265625,0.5037951525396521
01232,0.7983877895533579,0.39896477819564075,0.22025322914123535,0.4571903944015503,0.6022352576255798,72.40785217285156,3.7110855939733134,10.480783462524414,4.55859375,0.5135000026066098
01233,0.7770077382341836,0.40553092674688623,0.178613543510437,0.4773108959197998,0.6148098111152649,72.60050201416016,3.574179473499084,9.7116117477417,4.921875,0.5083745464089227
01234,0.8162407262823883,0.32922433679354096,0.28255802392959595,0.6367313265800476,0.6217246055603027,73.5881118774414,2.285267738084692,9.122993469238281,4.3203125,0.2784917653470611
01235,0.8061992766144406,0.3156768463253967,0.3494495749473572,0.62746661901474,0.6118884086608887,75.98411560058594,5.302864974991302,10.720375061035156,3.666015625,0.34153197134830243
01236,0.8056484188540837,0.38666032450716137,0.19323259592056274,0.3619203269481659,0.72989422082901,74.4656982421875,3.58432613181979,13.066841125488281,4.92578125,0.4820443318714794
01237,0.7911875846854287,0.50447161890856,0.3684760332107544,0.6928744316101074,0.6537213325500488,70.0475082397461,6.951032901347387,7.070501327514648,3.9453125,0.45342481097022835
01238,0.804057911105814,0.35620011938186724,0.30441415309906006,0.6546172499656677,0.6237605214118958,69.95491790771484,6.880301381258067,8.935097694396973,4.6171875,0.28825468865357895
01239,0.6454592585804053,0.26487856127557013,0.3097137212753296,0.6372966170310974,0.541103184223175,71.19136047363281,4.309465842273714,11.294771194458008,4.12109375,0.4020848714202224
01240,0.7304843674714182,0.30865732368896925,0.29440736770629883,0.5610915422439575,0.6138560175895691,75.53064727783203,6.550559319143959,15.003673553466797,3.19921875,0.4416066070752471
01241,0.8024262866757533,0.3562152629328773,0.3298730254173279,0.5188407301902771,0.6281033158302307,72.97469329833984,3.931012601160743,10.012428283691406,4.48046875,0.2313675164431052
01242,0.8710864089833699,0.5080334054008224,0.22482597827911377,0.4182285666465759,0.552442729473114,73.17464447021484,4.210616352118177,14.405203819274902,4.26171875,0.6180052451909631
01243,0.8665226702259465,0.3365664291094501,0.33899492025375366,0.6886696219444275,0.7020406126976013,75.42669677734375,4.1915031135063066,7.4112443923950195,4.39453125,0.20692455470179702
01244,0.7829063844504512,0.3482538914428583,0.2373599410057068,0.4822237491607666,0.41405755281448364,67.17686462402344,4.038424047645265,14.038371086120605,4.26953125,0.5102920346141463
01245,0.8993029836038221,0.34418779971938934,0.35821354389190674,0.6369261145591736,0.7253335118293762,74.74442291259766,3.3232420799083533,9.130767822265625,4.34375,0.20487279735638025
01246,0.8334985819930957,0.40412148342530774,0.18692171573638916,0.38015228509902954,0.6646977663040161,74.73512268066406,3.953931842662188,10.78776741027832,4.81640625,0.41813401112997534
01247,0.671691038272204,0.24564629245357358,0.4408137798309326,0.6940059661865234,0.6050137877464294,71.07516479492188,5.4531165255279985,10.453261375427246,4.01171875,0.12006457002361558
01248,0.7077341533136596,0.48423184936236824,0.22948867082595825,0.48660141229629517,0.6512978076934814,73.40585327148438,4.378512398359566,11.692888259887695,4.97265625,0.49718082981592215
01249,0.7008088616796053,0.3130772486245612,0.30739736557006836,0.5340416431427002,0.6342681646347046,75.82394409179688,3.2806068615766604,7.827139377593994,4.89453125,0.269200165295328
01250,0.8275735363278172,0.35125299488441364,0.27350062131881714,0.47294697165489197,0.38730043172836304,66.25714874267578,4.508288228478581,10.07686710357666,3.396484375,0.22825676417105523
01251,0.5924691828469644,0.35133770822816757,0.30670368671417236,0.5229902267456055,0.6209086179733276,63.36626052856445,7.1147527943189095,9.83334732055664,4.15234375,0.6644870801919521
01252,0.8190209929188588,0.39485075682557647,0.19482040405273438,0.4169595241546631,0.5963836312294006,73.51637268066406,3.5423428992497397,12.965694427490234,4.2578125,0.43058552926429133
01253,0.795089549241433,0.32469064597315433,0.3895086646080017,0.7852247357368469,0.4249476492404938,64.61759948730469,6.762567902540988,8.726853370666504,3.18359375,0.179178650074893
01254,0.42193641231398427,0.3243457224543655,0.5258967280387878,0.8551540970802307,0.6186538934707642,72.11603546142578,4.474013781571735,3.4076759815216064,3.955078125,0.38682050731452067
01255,0.7954980370132321,0.31778259381772556,0.22756236791610718,0.5265703797340393,0.6467092633247375,69.24535369873047,3.306875777438525,11.293254852294922,4.83984375,0.3054683790767918
01256,0.6467512601968588,0.2728856624319419,0.20598828792572021,0.40946781635284424,0.624758243560791,68.38036346435547,4.745904908279116,18.20735740661621,4.96875,0.5453591616327881
01257,0.8571846218281923,0.3678870432701071,0.3267894983291626,0.46011868119239807,0.5965782403945923,71.02544403076172,4.568560239709378,10.867637634277344,3.634765625,0.24462305940617635
01258,0.4636248863754495,0.23585535356708154,0.3917888402938843,0.574988603591919,0.6444216370582581,75.17718505859375,3.39662672567825,7.530971527099609,4.109375,0.3022672954021613
01259,0.7648732756687157,0.3350033798560579,0.24724751710891724,0.46737390756607056,0.6460580229759216,73.82341003417969,4.047766873705184,12.901166915893555,4.4296875,0.4199900287663173
01260,0.7970649981175153,0.37657319105186654,0.2470858097076416,0.467543363571167,0.6808792352676392,73.27571105957031,5.030043116028326,8.408390998840332,4.796875,0.48889204464825714
01261,0.920426325611891,0.4213144248068579,0.24164772033691406,0.4040122330188751,0.6550660729408264,69.9870376586914,7.694004509503079,10.10886001586914,4.8046875,0.6048718571056443
01262,0.8849498091914114,0.3388101292808089,0.38550442457199097,0.6690304279327393,0.5572910308837891,63.27015686035156,6.252564966427844,7.236926555633545,4.48828125,0.11751342433703434
01263,0.6016286690909287,0.30553771039444944,0.2882155179977417,0.5172520875930786,0.6814032793045044,74.9106674194336,6.021989372122023,8.077889442443848,4.984375,0.5481134245977624
01264,0.8646783194910453,0.35650152487790315,0.35037118196487427,0.559008777141571,0.5985495448112488,71.13578033447266,6.834033414792591,10.350075721740723,3.982421875,0.5272220461617567
01265,0.847873477806279,0.3222954471620179,0.3548339009284973,0.667698860168457,0.6205008625984192,73.92376708984375,5.737174926336195,14.903129577636719,3.91015625,0.36010367106394386
01266,0.7959411860447075,0.32182952182952185,0.27934175729751587,0.48394960165023804,0.7185311913490295,75.96326446533203,6.1149436453148995,11.616680145263672,4.4140625,0.3688013046053267
01267,0.8819209234964037,0.3532500184870221,0.2350427508354187,0.45191922783851624,0.6611059308052063,74.27667236328125,3.8229001740019717,10.55819034576416,4.83984375,0.2526069620639812
01268,0.8020228569093388,0.3231244938526099,0.24478399753570557,0.5372158288955688,0.6718410849571228,75.88269805908203,3.5398790545632104,13.427850723266602,4.9609375,0.3866258259532323
01269,0.7948591626388325,0.3049912739965096,0.2702478766441345,0.5258748531341553,0.6621295213699341,74.58670806884766,3.8110700323470095,12.895668029785156,4.9453125,0.37921033101801344
01270,0.8887537355765153,0.3828132932967782,0.259324848651886,0.4364451766014099,0.5945263504981995,67.37879180908203,4.45670723530057,12.516189575195312,3.828125,0.5115698999751077
01271,0.4882817748804817,0.15541093979243736,0.5367076396942139,0.6774569749832153,0.4816294014453888,62.28377914428711,7.700842650747402,11.166244506835938,2.240234375,0.10492544136500548
01272,0.8007997729780926,0.39705502454146213,0.17883974313735962,0.342507004737854,0.5561128258705139,69.06434631347656,3.773220021580291,15.408269882202148,4.18359375,0.4789414323856175
01273,0.5211918133095947,0.19908400486984754,0.26334619522094727,0.5285797119140625,0.6444363594055176,67.4674072265625,4.6545949846045485,14.797469139099121,4.7578125,0.35146143006628355
01274,0.6350418461928728,0.2585747585747586,0.20205998420715332,0.25261008739471436,0.5421573519706726,73.68502044677734,4.276106272553279,18.38919448852539,4.9453125,0.7396899985184636
01275,0.8207356829942309,0.40488133104966967,0.23408043384552002,0.49206385016441345,0.6266816258430481,73.15640258789062,3.498705741678812,12.185726165771484,4.94921875,0.513348145786181
01276,0.6794029649785347,0.24530048602360685,0.3996754288673401,0.7082974314689636,0.4752621650695801,67.25773620605469,5.8293701357501675,12.770486831665039,2.27734375,0.20851582490722204
01277,0.7321574781001766,0.274664164587958,0.26366865634918213,0.5031531453132629,0.6896631121635437,72.4886474609375,3.6241994290984367,8.05586051940918,4.93359375,0.3546874095431262
01278,0.9000553350266634,0.33823077395955004,0.2978776693344116,0.5707597136497498,0.5217887759208679,66.77737426757812,6.842940294875701,15.170181274414062,4.25,0.7046123445543033
01279,0.8665708233080667,0.37005432098765434,0.21432393789291382,0.39121586084365845,0.6109498143196106,73.15818786621094,3.9881763989530037,11.943697929382324,4.26171875,0.3993993884864065
01280,0.8564337883745534,0.32875644155139677,0.29384666681289673,0.5786721706390381,0.6093743443489075,72.89311218261719,4.181329298791594,12.372478485107422,4.18359375,0.17676211438073805
01281,0.6944230101787329,0.2856876456876457,0.3738190531730652,0.6178444027900696,0.5264591574668884,68.82101440429688,5.748140555303822,11.3504638671875,3.615234375,0.2895025125488911
01282,0.7860815413475124,0.32457943213823554,0.223099946975708,0.4505125880241394,0.7370513081550598,75.397216796875,6.273089735469511,12.430818557739258,4.734375,0.5129423809265595
01283,0.8565366002382906,0.33827565140657273,0.22263002395629883,0.34805941581726074,0.6397908329963684,74.5270004272461,3.063305758891459,14.75471305847168,4.765625,0.3575134189122669
01284,0.9140805310910992,0.48538854261283554,0.21790093183517456,0.39031782746315,0.5461572408676147,76.22550201416016,5.611611813560193,10.810750961303711,4.45703125,0.43140658503437834
01285,0.788804573833814,0.32420429311621024,0.4668577313423157,0.660792350769043,0.42170703411102295,63.76544189453125,5.716216452168029,11.761348724365234,2.322265625,0.24596484598937354
01286,0.8203230916801194,0.3178052633606905,0.2812656760215759,0.5912028551101685,0.710036039352417,74.15837097167969,3.716344498216686,11.626598358154297,4.95703125,0.4329180778126967
01287,0.689347685351422,0.2468334388853705,0.3582746982574463,0.7017589807510376,0.5979943871498108,68.58136749267578,4.988270972689535,10.717496871948242,3.953125,0.34475681413771214
01288,0.7936650641430765,0.3146484979869929,0.2874171733856201,0.5805159211158752,0.5993566513061523,71.57341003417969,4.5339518728076476,13.863886833190918,4.6953125,0.45621909892138635
01289,0.8406755384631529,0.5108643825352497,0.27460765838623047,0.4163382351398468,0.5533866882324219,62.87385940551758,4.765715312925102,16.63745880126953,4.61328125,0.5472707636819114
01290,0.8496969018132539,0.4336486035384444,0.28645098209381104,0.48087644577026367,0.7007352113723755,72.11075592041016,4.232403534161741,10.184868812561035,4.80078125,0.45376574263103364
01291,0.8492550385077067,0.33687777096925353,0.3557029962539673,0.6153987646102905,0.7199451923370361,75.1837387084961,5.173149910767171,11.354862213134766,4.31640625,0.3723436138799115
01292,0.7953619932915106,0.3081894323234412,0.2687734365463257,0.4534052908420563,0.6986679434776306,73.05934143066406,4.452863425600282,12.09832763671875,4.734375,0.2002899373813523
01293,0.8846637502600283,0.3928306483372563,0.198686420917511,0.362270712852478,0.6424855589866638,72.82701873779297,3.652638066881911,14.115030288696289,4.890625,0.35906410417627194
01294,0.8197952024362617,0.35874210988140054,0.2562134861946106,0.5272268056869507,0.615784227848053,73.93739318847656,4.836294212498144,14.173868179321289,4.1328125,0.30111416322405904
01295,0.9041786891544076,0.6108573249760969,0.22716128826141357,0.18376970291137695,0.6363204121589661,71.20586395263672,10.455668491158358,20.867109298706055,4.62890625,0.23031280119145434
01296,0.7651890693720059,0.3067547960664195,0.2804100513458252,0.634321928024292,0.5745576024055481,61.191497802734375,4.115668665807551,8.101921081542969,4.5859375,0.3741841468691599
01297,0.8207578653508917,0.3071922293712177,0.2733728289604187,0.5468186736106873,0.584200382232666,72.63735961914062,5.576608165041943,14.047192573547363,4.58984375,0.2134071378105077
01298,0.7260724944674882,0.34581022439839415,0.2584317922592163,0.3989018201828003,0.5943020582199097,71.04027557373047,3.4113871039565935,15.993565559387207,4.44921875,0.4666155465913174
01299,0.683443282528025,0.35168923947015923,0.3325207233428955,0.6445133090019226,0.4766048789024353,67.27611541748047,5.911503201245013,13.118351936340332,3.7578125,0.46068816761817477
01300,0.7406858908778949,0.2785015320747257,0.3021848201751709,0.5133072137832642,0.5912527441978455,72.6524658203125,4.4323727054284365,6.789989948272705,4.40234375,0.28125118922657694
01301,0.9044635093840515,0.49150072850898496,0.30855733156204224,0.44925808906555176,0.6245885491371155,70.49077606201172,5.601136975835812,12.358402252197266,4.94921875,0.671273700268624
01302,0.7828100496009852,0.4059718969555035,0.3129599094390869,0.5894005298614502,0.49736812710762024,70.11151123046875,5.810232032780624,14.233888626098633,4.0859375,0.4492652263609651
01303,0.7719318455860462,0.37788457375416723,0.21433687210083008,0.35612988471984863,0.730004072189331,75.14942169189453,5.936514065775172,10.62309455871582,4.96484375,0.6435940226926943
01304,0.7765124008709693,0.35511390269054094,0.22718805074691772,0.24903671443462372,0.6959267258644104,75.3335952758789,6.157175176109197,14.982451438903809,4.9765625,0.7367239415542456
01305,0.8172040938528882,0.31682273491828383,0.2659212350845337,0.6007383465766907,0.7164016366004944,74.02571868896484,4.719010478465964,8.516837120056152,4.84375,0.30204951636330846
01306,0.8098321781834522,0.3563834620626988,0.31150662899017334,0.552068829536438,0.6193698048591614,72.20537567138672,3.382629526100915,8.899036407470703,4.56640625,0.36461921150668725
01307,0.8443199576046012,0.4116539707556256,0.21733874082565308,0.4926530420780182,0.6466571688652039,73.18022155761719,3.5016244764295106,11.733378410339355,4.8359375,0.4085232289192015
01308,0.8335864404450388,0.41394444792776974,0.13344806432724,0.23243266344070435,0.6538073420524597,75.73866271972656,3.623046337640641,16.08905601501465,4.5625,0.6191688191787934
01309,0.8818810382711941,0.43105420626539953,0.32970863580703735,0.4862005412578583,0.4730207920074463,67.99478149414062,3.289922444149188,8.4501371383667,3.548828125,0.35168547465013467
01310,0.8052099567704664,0.3046457732849347,0.3115624785423279,0.5917216539382935,0.5879727005958557,71.75382232666016,4.501934337731473,13.001996994018555,4.86328125,0.19501078833821028
01311,0.8454600256145081,0.45806109835776093,0.17392200231552124,0.3389717936515808,0.4983678162097931,73.87028503417969,3.6698812182936087,15.417237281799316,3.50390625,0.6486810742804121
01312,0.8781550214587602,0.34270981841775017,0.3607674241065979,0.5583779215812683,0.6188970804214478,70.86824798583984,5.915759882274164,11.313122749328613,3.283203125,0.1686319939449527
01313,0.8315371799434932,0.3659242609998638,0.19728624820709229,0.37414705753326416,0.6278951168060303,74.11540222167969,2.674101168952047,12.609062194824219,4.68359375,0.32860993048088677
01314,0.8519173402458865,0.35251699219049665,0.2854146361351013,0.5691871643066406,0.6055622100830078,72.55265045166016,5.806118182305985,13.384035110473633,3.970703125,0.4744570191749701
01315,0.9251783631386419,0.6003102378490176,0.24961984157562256,0.4733227491378784,0.6183026432991028,77.65882873535156,5.713789148599597,9.05596923828125,3.9453125,0.5732632176343129
01316,0.8240705364184839,0.3100406383189612,0.35793858766555786,0.5639410614967346,0.6939274668693542,70.35408020019531,5.516743001415182,9.145095825195312,4.09375,0.4791759230336267
01317,0.7935620476928945,0.3933303994914674,0.22859257459640503,0.4270761013031006,0.5655797719955444,69.96053314208984,3.6167013223131765,15.56318473815918,4.87109375,0.47949507987224066
01318,0.8486908744183868,0.35820693084974115,0.2156314253807068,0.40211617946624756,0.633754551410675,75.25841522216797,3.7330681410567585,15.661750793457031,4.203125,0.4177903032377534
01319,0.7873727779087499,0.4240175203796082,0.24816256761550903,0.3920431137084961,0.7434807419776917,73.46617126464844,4.709959088657956,11.754785537719727,4.921875,0.5789430159487302
01320,0.7867484680329899,0.33761913900083157,0.4957501292228699,0.730379581451416,0.43261000514030457,62.422935485839844,5.564167489586472,8.469609260559082,3.2265625,0.2761493426760206
01321,0.8558825637530443,0.34442042778333387,0.30730772018432617,0.4960930645465851,0.6262381076812744,68.40467071533203,5.781172037550392,15.894366264343262,4.41015625,0.6003406129618944
01322,0.7320329848210735,0.3850464477791568,0.22606146335601807,0.4281488060951233,0.597680926322937,70.46241760253906,4.74551071819718,13.745522499084473,4.02734375,0.6572452601228167
01323,0.6159172228953709,0.24331342508439366,0.2556315064430237,0.5048406720161438,0.6676310896873474,75.44253540039062,5.398118594781854,14.031142234802246,4.78125,0.5079238367188603
01324,0.7068147977561906,0.277868349177447,0.3866634964942932,0.7615426778793335,0.5208292603492737,64.41867065429688,6.406480763430301,8.015655517578125,2.330078125,0.3105047481187835
01325,0.7406307334307132,0.31334586466165415,0.23987537622451782,0.5206263661384583,0.6412453651428223,73.64783477783203,5.320663523897544,14.197579383850098,4.96875,0.48913249871558073
01326,0.739381452200463,0.3748190581785703,0.2524615526199341,0.546638011932373,0.5229941606521606,76.63947296142578,3.7574238600151766,10.407419204711914,4.78515625,0.4733927299132228
01327,0.35970925400144177,0.1373165416288982,0.3872907757759094,0.5754058361053467,0.465045690536499,66.58302307128906,6.424394230631653,9.869721412658691,3.134765625,0.16101978150675014
01328,0.774189716105946,0.330344273658499,0.25966793298721313,0.47998136281967163,0.4880531132221222,73.88931274414062,2.473990193162888,12.674280166625977,4.0390625,0.2707124843072626
01329,0.8423131687146039,0.37829007684486005,0.1932656168937683,0.38618236780166626,0.7000334858894348,75.81604766845703,3.8063279660915583,12.823793411254883,4.96484375,0.4676988708786116
01330,0.8643869493675035,0.3606752697555,0.2696813941001892,0.5168254375457764,0.6822901368141174,73.71581268310547,3.5310357702063557,11.823266983032227,4.94140625,0.2297245005891656
01331,0.40353499694574996,0.15844901866921973,0.28541266918182373,0.65228271484375,0.5598781704902649,70.73287200927734,5.890714978147899,10.583585739135742,3.69921875,0.62894243544634
01332,0.6430737647778548,0.2813142890730618,0.26179248094558716,0.5174214839935303,0.7544872760772705,74.86454772949219,5.569805600102329,12.217586517333984,4.97265625,0.4917949065659048
01333,0.7914487596065685,0.3687344087809746,0.23716378211975098,0.5690400004386902,0.7085188627243042,72.52836608886719,4.393155859248095,12.757426261901855,4.9453125,0.4507997601576717
01334,0.5629209846863175,0.2403019132876953,0.41100549697875977,0.6266641616821289,0.5777146220207214,71.04634857177734,7.9225036757897325,9.777478218078613,2.15234375,0.40757492222162134
01335,0.7270179389866411,0.35492656356385566,0.268426775932312,0.5239711999893188,0.672675609588623,74.76335906982422,5.611411361715604,13.92361068725586,4.828125,0.5748161088598925
01336,0.6901366216831358,0.31645448454101655,0.24748551845550537,0.5138973593711853,0.6430952548980713,70.84239196777344,4.439269631115319,15.5861234664917,4.875,0.46806625048939293
01337,0.8555375361536448,0.45810603738890593,0.3463820219039917,0.530264139175415,0.6171185374259949,69.054931640625,6.316861483903293,6.477526664733887,4.109375,0.2112367116626528
01338,0.8673962588004093,0.35847745034019335,0.33263951539993286,0.5960760712623596,0.6048442125320435,68.64693450927734,7.225754120248048,10.161205291748047,3.869140625,0.2736819577156478
01339,0.7644472902501737,0.3627333024834182,0.16783761978149414,0.3105355501174927,0.7004958987236023,74.12816619873047,4.211108033825288,12.788122177124023,4.98828125,0.4942145605648472
01340,0.8550947007739159,0.36476249787691783,0.2052236795425415,0.37728357315063477,0.7334676384925842,72.41537475585938,3.3789205330538117,12.948750495910645,4.953125,0.36110547932351156
01341,0.7708552548906112,0.3797921398582146,0.3288711905479431,0.658976674079895,0.6725512146949768,74.67713165283203,5.00366193136583,9.06781005859375,4.97265625,0.23584159930779536
01342,0.821069449270711,0.33045221094826505,0.27378982305526733,0.5187248587608337,0.574460506439209,76.05074310302734,3.155835693263627,13.51284408569336,4.4453125,0.3154535616222352
01343,0.8763374466244439,0.3726939901103081,0.20454108715057373,0.39567092061042786,0.5972180962562561,69.75078582763672,4.214552717776496,15.284852027893066,3.322265625,0.4361371969749559
01344,0.8488192549389654,0.31607403252944477,0.41756802797317505,0.5708414912223816,0.6476208567619324,71.95659637451172,5.2729855628825035,10.906227111816406,3.927734375,0.33710830767966804
01345,0.8056158004814775,0.3346025462535854,0.2024974226951599,0.40433189272880554,0.7187686562538147,73.24834442138672,4.413690478577701,12.415194511413574,4.94140625,0.4321153477563141
01346,0.8973002936671504,0.4301464469961724,0.30284929275512695,0.47838902473449707,0.5591892004013062,69.8196029663086,4.616087501721137,8.75283145904541,4.10546875,0.27109180546247363
01347,0.8642010039138498,0.5421700609826257,0.2791416049003601,0.5120180249214172,0.4616328179836273,74.14368438720703,9.151672757962508,9.981233596801758,4.09765625,0.629674119635112
01348,0.875421058574739,0.5103883077804843,0.3383833169937134,0.5047343969345093,0.4731021523475647,63.11730194091797,8.520349477046254,17.453380584716797,3.94140625,0.6977282335543765
01349,0.8392041322350742,0.3741312496029477,0.3394011855125427,0.513342559337616,0.593558132648468,76.33727264404297,4.6209967017958515,8.758224487304688,4.0625,0.27655739886394926
01350,0.8726714491332017,0.3364598531693647,0.2692067623138428,0.5444960594177246,0.7167888879776001,73.90573120117188,6.254339122060829,12.77350902557373,4.7265625,0.3730656261583452
01351,0.7430857059601143,0.474025974025974,0.229935884475708,0.477851539850235,0.6493483185768127,71.81945037841797,5.41045303326438,11.265374183654785,4.90234375,0.5423758809113766
01352,0.9059164517816636,0.4583931327682851,0.17459750175476074,0.3528006076812744,0.525436282157898,72.9307632446289,3.861009075052977,12.713188171386719,4.0234375,0.6027289246578867
01353,0.773770256260718,0.3262628583097225,0.20621192455291748,0.402496874332428,0.6894407272338867,76.52421569824219,3.8593015720196644,10.140643119812012,4.98828125,0.49291308115979793
01354,0.8489980303620602,0.3739691840277778,0.4105411767959595,0.5777552127838135,0.44465741515159607,61.68317413330078,4.4467993221515245,10.11494255065918,2.38671875,0.27000750104707777
01355,0.7499127774061515,0.34601890545040115,0.29013270139694214,0.472321480512619,0.4608287513256073,74.45697784423828,5.445136220032369,14.386373519897461,3.513671875,0.3340281665649537
01356,0.9168406104130368,0.4647642620843944,0.24489861726760864,0.37442436814308167,0.6402087807655334,76.54486083984375,5.623031703015686,13.128427505493164,4.6328125,0.6286064622322927
01357,0.8129788015492898,0.41221438705715435,0.2820000648498535,0.429405152797699,0.6103286743164062,73.13046264648438,5.096921411998191,12.157155990600586,4.2265625,0.5681284158694393
01358,0.8743220994669607,0.3651389932381668,0.2368258237838745,0.4628763794898987,0.6792564392089844,74.04795837402344,3.987850484961303,10.495075225830078,4.97265625,0.3644887029967919
01359,0.78342753008362,0.3532402409722464,0.332039475440979,0.6009758710861206,0.6178872585296631,69.6803970336914,6.376828232519903,10.566476821899414,3.798828125,0.44209941936769354
01360,0.8405584283379456,0.4377517282837391,0.20283293724060059,0.43414485454559326,0.6421239376068115,70.27442932128906,5.218422324505959,16.168792724609375,4.73046875,0.6183722239106461
01361,0.773956726236241,0.3781895633652822,0.2282434105873108,0.48346614837646484,0.405312716960907,69.33808898925781,3.4100022675948543,12.505353927612305,4.20703125,0.5411230153827922
01362,0.8640752682617087,0.3420279168842873,0.2706378102302551,0.4703620374202728,0.6697632670402527,73.58428192138672,6.286988577243057,11.708366394042969,4.15234375,0.30105052053558434
01363,0.6154442560123502,0.30817106784031295,0.2223125696182251,0.5176579356193542,0.675671398639679,73.78715515136719,4.833079468781238,17.32672882080078,4.953125,0.5698099121284724
01364,0.538474937107306,0.2457277872410572,0.24829459190368652,0.49242809414863586,0.5709058046340942,68.24246978759766,6.952908154544203,13.365608215332031,4.25,0.3275917481720999
01365,0.8364336639608535,0.39115670321896,0.2477513551712036,0.40830036997795105,0.6944056749343872,75.1403579711914,4.789119151876351,10.030922889709473,4.94921875,0.662285642198219
01366,0.7834749519151202,0.3194647452393206,0.3104124665260315,0.6128215193748474,0.6108344793319702,77.34138488769531,3.937258289137156,8.684464454650879,4.94921875,0.32703846230125183
01367,0.7683040137114739,0.37795135806852476,0.27488505840301514,0.6350914239883423,0.47033703327178955,66.33773040771484,4.585944166398085,10.644147872924805,4.55859375,0.4630913578010605
01368,0.7991370406787214,0.2970491460803259,0.3303842544555664,0.7157029509544373,0.7141100764274597,75.42060852050781,5.9228161099265675,11.973936080932617,3.55859375,0.24745962089862764
01369,0.7659450999721342,0.37596351749465273,0.26364845037460327,0.5166704654693604,0.5199823975563049,67.95782470703125,5.103628573832535,14.945676803588867,4.33203125,0.4715504739512082
01370,0.7505154451829403,0.37054752696926524,0.22833502292633057,0.3823208212852478,0.7245009541511536,74.74738311767578,3.969340607550543,11.381961822509766,4.8671875,0.4944463707789477
01371,0.8675794356336946,0.4371392575664352,0.17161083221435547,0.32943814992904663,0.7369396090507507,75.58963012695312,5.888160398656671,15.023975372314453,4.96875,0.6670733039252509
01372,0.8424459465078653,0.32798375729046775,0.2949099540710449,0.5526961088180542,0.6922078728675842,75.04418182373047,5.201959173940333,10.04808235168457,4.73828125,0.3530560865229855
01373,0.8447931694758138,0.4002045705364593,0.2783495783805847,0.48958873748779297,0.5653767585754395,69.88002014160156,6.1135681104636515,10.344320297241211,3.966796875,0.4059212652658269
01374,0.77583169218733,0.3498942146348581,0.39565879106521606,0.5938183069229126,0.343528151512146,64.51447296142578,6.714318952512309,12.1246337890625,2.6875,0.30359166924452885
01375,0.7820808565851521,0.28583825897463094,0.3736146092414856,0.6564714908599854,0.5936357975006104,74.9092788696289,7.085461748811905,13.51636791229248,3.423828125,0.1777234048855519
01376,0.8352994643174972,0.37325416638553405,0.2553672790527344,0.344922810792923,0.5199289917945862,72.19413757324219,7.817687984876566,16.132612228393555,4.79296875,0.5114478358507315
01377,0.7842484847417688,0.3202937135005153,0.2611315846443176,0.541420042514801,0.6414414644241333,74.11689758300781,6.878501008556397,16.23407554626465,3.669921875,0.428330088843055
01378,0.4339424435491327,0.17658835899577974,0.36698055267333984,0.601195216178894,0.7509281039237976,75.63606262207031,3.8463149018954903,10.829774856567383,4.48046875,0.254074402435149
01379,0.7816533441457909,0.3701190200766047,0.26314425468444824,0.47586801648139954,0.4810010492801666,72.74461364746094,4.585095946728391,13.219017028808594,4.0078125,0.4432556233431506
01380,0.7951601830316745,0.3660426929392447,0.2739925980567932,0.44527459144592285,0.5339128375053406,64.20976257324219,3.7920519941968727,15.150588989257812,4.66796875,0.3524521356588704
01381,0.7676690741474127,0.28917904756093843,0.37229251861572266,0.6611216068267822,0.5860691070556641,74.50514221191406,5.333614718874325,12.164067268371582,3.76953125,0.35138142353941915
01382,0.8174957666722469,0.37272238025678484,0.18394935131072998,0.44452229142189026,0.6238918900489807,74.30268096923828,4.254562510106536,16.102455139160156,4.5546875,0.49893169086200606
01383,0.8479887696757241,0.4481608287244316,0.3297969698905945,0.6850879788398743,0.5074051022529602,73.2735366821289,4.468256894651937,8.823949813842773,4.26953125,0.21831338672684664
01384,0.8250238207307433,0.3517148064284531,0.29264646768569946,0.4808732867240906,0.5320550203323364,68.29977416992188,4.0495059468171775,13.461140632629395,3.80859375,0.34099090914039465
01385,0.833946643612217,0.3214576085942394,0.4136470556259155,0.7175503969192505,0.5292417407035828,67.8028793334961,5.828734744249803,9.05495834350586,3.951171875,0.1790794574205199
01386,0.8242483613055459,0.34030495209823236,0.23388749361038208,0.3649601936340332,0.7837985754013062,75.10100555419922,4.631296940021918,10.411225318908691,4.93359375,0.37305309457071356
01387,0.8197173737372374,0.3401914761526146,0.2571612000465393,0.487332284450531,0.6526431441307068,72.14138793945312,4.42618564310175,11.646933555603027,3.716796875,0.26354396117657214
01388,0.7507806138889845,0.35741078669910786,0.2798810601234436,0.4292684495449066,0.5818348526954651,68.25167083740234,4.180710736315257,13.03215217590332,4.25390625,0.42579693967826987
01389,0.8531864012220507,0.40530708324416864,0.2316548228263855,0.4243447482585907,0.7069311141967773,71.38119506835938,4.031395576870849,11.405752182006836,4.7109375,0.2582330312655511
01390,0.8980247990751529,0.38163883228914747,0.24920183420181274,0.4835492670536041,0.6339066624641418,73.25749969482422,3.422070950333226,12.000932693481445,4.828125,0.34373955790510563
01391,0.8899253249423744,0.3987795171132926,0.24769079685211182,0.5173757076263428,0.707291841506958,75.10395812988281,3.4595206631211535,8.418370246887207,4.95703125,0.42179138220487494
01392,0.7802701952839376,0.33647779479326184,0.20325827598571777,0.47488704323768616,0.6433508396148682,72.13846588134766,3.621230264803423,9.833436965942383,4.92578125,0.45180568234014307
01393,0.7159307713273372,0.34138895955227677,0.3487415909767151,0.6512179970741272,0.3925570845603943,54.91482925415039,6.048828543798909,12.518811225891113,3.041015625,0.4862136396418111
01394,0.7132426519671187,0.34930724536922086,0.30056583881378174,0.43204838037490845,0.738025426864624,76.06891632080078,6.596999525991396,6.821115493774414,4.96484375,0.36375385727171966
01395,0.7034048429003408,0.30816978008985574,0.2902313470840454,0.6021249890327454,0.6036444306373596,68.51988220214844,5.075358771881751,16.805320739746094,4.47265625,0.3386713202643352
01396,0.8806180708228176,0.468781500148236,0.24050474166870117,0.3953053951263428,0.6246523261070251,73.48412322998047,5.163584910751423,10.949806213378906,4.1171875,0.6613071523718975
01397,0.8319690032798975,0.4110274178969569,0.21239995956420898,0.40907102823257446,0.7005256414413452,76.19659423828125,4.60538868995927,14.010714530944824,4.8359375,0.6564630366214128
01398,0.7767074277141385,0.33031873195541195,0.3180099129676819,0.5235511660575867,0.5872768759727478,71.73567962646484,6.919283615133987,12.974374771118164,3.6484375,0.5973596663075906
01399,0.8156850972734718,0.33716255025847214,0.30404210090637207,0.5744754076004028,0.6099259853363037,70.35895538330078,5.3823064400406695,12.595651626586914,4.08984375,0.3165802562988205
01400,0.6257133329792329,0.26718277945619334,0.2532157897949219,0.48147618770599365,0.6965391635894775,73.83599090576172,5.267553283295094,14.774429321289062,4.94140625,0.5810132499974932
01401,0.8914396411159153,0.39977330688580337,0.2868037223815918,0.47407376766204834,0.6449709534645081,73.93563079833984,7.3033038399458166,14.276174545288086,4.328125,0.5692668176868938
01402,0.876046395921225,0.4558112690282086,0.19272398948669434,0.335899293422699,0.55142742395401,71.83531951904297,5.38257002190986,11.395777702331543,4.375,0.49112977646591166
01403,0.6637338568548412,0.31161529966870793,0.28055453300476074,0.6080669164657593,0.6741664409637451,76.00049591064453,6.508668275265431,15.51348876953125,4.9296875,0.69629515869618
01404,0.708932794756689,0.2887343328500908,0.4012206196784973,0.5777662396430969,0.47681888937950134,70.25475311279297,6.030339666321194,9.595930099487305,2.591796875,0.20877997444871002
01405,0.7141595840556593,0.3250958812739703,0.37508517503738403,0.6521477699279785,0.3852948844432831,65.08216857910156,5.387707161551892,9.145084381103516,2.4375,0.32804376224458764
01406,0.6966595851010828,0.36399239762713814,0.3949626684188843,0.6532429456710815,0.44124290347099304,58.17141342163086,5.152174154584286,11.162792205810547,3.400390625,0.4212372783146438
01407,0.7654580051894936,0.32806420233463035,0.23523497581481934,0.5120812058448792,0.629054069519043,74.77029418945312,3.8637756493244053,9.669042587280273,4.06640625,0.43512941225981977
01408,0.8564154233392208,0.32400553649876634,0.23789304494857788,0.4598463177680969,0.668743371963501,76.6522445678711,5.540805747255057,12.162115097045898,4.796875,0.21202768130452126
01409,0.7812231028132045,0.3470675665797617,0.28848761320114136,0.5266011953353882,0.5498663187026978,73.23921203613281,6.5688610906714775,13.344501495361328,3.919921875,0.465599570088464
01410,0.833501215253739,0.3947621126145788,0.28585827350616455,0.5706592798233032,0.5683616995811462,73.68234252929688,5.715768931191456,10.050943374633789,4.05859375,0.49424702163107315
01411,0.8636979755475998,0.3816942284525244,0.3451416492462158,0.623533308506012,0.5170530080795288,67.56050872802734,7.797294534626651,12.937050819396973,2.724609375,0.3033892879822386
01412,0.8496722957215023,0.4161469435014868,0.18859261274337769,0.4593941569328308,0.7840126156806946,74.51424407958984,4.222414535118732,12.224023818969727,4.96484375,0.5521783360043504
01413,0.7488390700669512,0.39892306811021366,0.2779654860496521,0.6062877774238586,0.6098161339759827,72.5916748046875,4.043900733452075,9.357120513916016,3.708984375,0.3897225463611737
01414,0.8872661117300399,0.3413621794871795,0.2791544795036316,0.5133883357048035,0.6870027184486389,75.30751037597656,6.102198429272846,12.211531639099121,4.71484375,0.18560043407785437
01415,0.7874954531561443,0.30218923783952295,0.27029651403427124,0.5061241388320923,0.5770560503005981,69.70049285888672,2.5043638167695565,12.524794578552246,4.45703125,0.24559723748305157
01416,0.7927354634301482,0.3320063840325806,0.19708889722824097,0.420097678899765,0.6415941715240479,73.40135192871094,4.0657496236228265,12.572318077087402,4.7734375,0.46167006262140486
01417,0.7563265140734627,0.2850140887646151,0.3513433337211609,0.5483872294425964,0.6526979804039001,72.68089294433594,2.7731882583072114,11.250699996948242,4.44140625,0.19989841013336837
01418,0.8809008382527855,0.33821372013718193,0.31262075901031494,0.5894317626953125,0.6351210474967957,74.66049194335938,5.290780959847833,12.053732872009277,4.54296875,0.2870031201992243
01419,0.8043162720942738,0.3033571428571429,0.26692479848861694,0.5544073581695557,0.7552053928375244,76.0208511352539,5.014651206868363,11.899477005004883,4.76171875,0.27760803657871674
01420,0.7259475519377555,0.29127670845841425,0.36340248584747314,0.5389372706413269,0.6314530968666077,73.24520111083984,3.931955517895815,12.404369354248047,4.26171875,0.3310692356433246
01421,0.8390587258321904,0.3430042793936317,0.22313618659973145,0.44552284479141235,0.6696991324424744,71.69448852539062,4.223774454364675,12.483244895935059,4.609375,0.4577230535529424
01422,0.727870381549444,0.3680629167379039,0.22084814310073853,0.36249014735221863,0.5813685655593872,71.3931884765625,4.447497282551396,12.438703536987305,4.6875,0.46679527466945686
01423,0.6612437638145534,0.2920181700194679,0.2542336583137512,0.5345394611358643,0.6052780747413635,71.03419494628906,4.876656082102127,13.926654815673828,4.58984375,0.38129030722391777
01424,0.8265436191250529,0.37893366128915573,0.2609899044036865,0.4205065965652466,0.5694574117660522,72.68696594238281,3.8518717387525734,13.901320457458496,4.8046875,0.5629145000128698
01425,0.7361023068627178,0.320568700705687,0.33962011337280273,0.4940105080604553,0.6600822806358337,76.14422607421875,5.396281866629468,7.468467712402344,4.10546875,0.3026608714137683
01426,0.6507152149673835,0.3106153846153846,0.2507188320159912,0.4722961187362671,0.617628276348114,66.75019836425781,6.93314340170575,16.608945846557617,4.20703125,0.44421029284082936
01427,0.6732205613581869,0.26408315154625944,0.2237989902496338,0.3006596565246582,0.7271963357925415,76.49816131591797,5.942215853345248,13.799860000610352,4.9453125,0.6467915636495286
01428,0.7900103874927032,0.41886521426861384,0.18599432706832886,0.4142543077468872,0.6051239967346191,73.93463134765625,4.966755665121912,14.086618423461914,4.984375,0.6730140082498166
01429,0.7291273174179852,0.27105071013024945,0.26075875759124756,0.49644386768341064,0.6276198029518127,71.03902435302734,5.030430297703829,12.473257064819336,4.26171875,0.5164552949644221
01430,0.7848372555060549,0.3219912417576886,0.17151039838790894,0.315854549407959,0.7208313345909119,75.82247924804688,4.234054638888776,14.48930835723877,4.984375,0.5784847159405427
01431,0.7644241541756053,0.2806168958011646,0.3617822527885437,0.6359858512878418,0.7068263292312622,73.6114501953125,5.811780522821266,9.61164379119873,4.3359375,0.23226838846237144
01432,0.6128982917652468,0.24706202229539892,0.2725216746330261,0.45658078789711,0.6660537123680115,73.36556243896484,5.12609880747144,8.801469802856445,4.64453125,0.35034976856170796
01433,0.783172237680975,0.35824040103163934,0.33924973011016846,0.5693966150283813,0.5847521424293518,74.28924560546875,4.682990974657657,8.614822387695312,3.69921875,0.3692680558538783
01434,0.8009727249036304,0.43378412860423576,0.32771462202072144,0.5588341355323792,0.5910477042198181,74.83849334716797,4.450845738524332,7.046306133270264,3.953125,0.4604645550557119
01435,0.6330123375642225,0.28505346428451717,0.24822485446929932,0.6174730062484741,0.5610260367393494,72.94378662109375,5.1351648434832615,13.990997314453125,4.3515625,0.4229972560463064
01436,0.6951182008929815,0.3352709293779649,0.3240627646446228,0.7397169470787048,0.6011999845504761,72.23628234863281,6.456367416208333,10.624175071716309,3.916015625,0.41478292235393516
01437,0.7654131192012986,0.36203011976757976,0.35046088695526123,0.7481288313865662,0.48429185152053833,61.45229721069336,5.586948106171776,10.233709335327148,2.845703125,0.4520008098278098
01438,0.8778805924955383,0.3705935353080302,0.26417988538742065,0.5152229070663452,0.6734818816184998,75.25521087646484,5.79527160451239,11.029709815979004,4.96484375,0.5210123011619497
01439,0.8142945468320028,0.4434041323508164,0.3070830702781677,0.5593314170837402,0.6419742107391357,74.09786987304688,3.721955090996978,7.1062397956848145,4.1953125,0.39461984618287027
01440,0.7325920666825618,0.300562668911435,0.3510700464248657,0.7646015882492065,0.5155885219573975,73.97584533691406,5.719259907031353,8.59278678894043,4.1171875,0.2591373183839599
01441,0.8805206795849424,0.4488923083885859,0.1788119077682495,0.3059023320674896,0.6768280267715454,73.26592254638672,3.6865866878441444,13.780421257019043,4.9453125,0.37916216926621743
01442,0.761176536230201,0.507112970711297,0.2473652958869934,0.5161490440368652,0.5535918474197388,75.18724822998047,4.863827822469966,12.401262283325195,3.791015625,0.6924146028865039
01443,0.48992306665019225,0.18687479388809497,0.32711803913116455,0.5950977802276611,0.6933906078338623,72.2704086303711,6.063473155330772,6.30586576461792,4.9140625,0.29095523012088326
01444,0.7948393716805043,0.2972335554063592,0.2916334867477417,0.5767523050308228,0.607879102230072,71.44354248046875,4.839770179970879,10.878599166870117,4.34765625,0.43705928892411394
01445,0.8941612190705676,0.4670482310807645,0.23115122318267822,0.6019784212112427,0.562911331653595,75.4503173828125,8.163388301061678,11.80456256866455,4.0390625,0.47261792917992573
01446,0.6920368188462169,0.32594270917624213,0.27416497468948364,0.4593159854412079,0.4602561295032501,71.96366119384766,4.037317319686643,9.185016632080078,4.67578125,0.4561984030338495
01447,0.8696482026146919,0.39314396698227727,0.3275211453437805,0.4974365234375,0.4817507565021515,71.19496154785156,4.521711969949932,11.310940742492676,3.974609375,0.23834068964765134
01448,0.726257435269057,0.34209121641658263,0.2497355341911316,0.41082197427749634,0.6081199049949646,76.06002807617188,3.45212849339098,10.915546417236328,4.41015625,0.3267662167261098
01449,0.7739031595859549,0.4003669854264441,0.21856689453125,0.4671260416507721,0.4842569828033447,69.53849029541016,3.7566077136645823,9.393381118774414,4.23828125,0.41218039469139206
01450,0.8135982569815581,0.3520274212368728,0.23811990022659302,0.415749728679657,0.7125504612922668,76.1204833984375,4.593941125640747,9.490368843078613,4.984375,0.6416023052058809
01451,0.8606134165380465,0.4193577485116363,0.38461315631866455,0.6052874326705933,0.5352703332901001,69.344970703125,5.11933799779871,10.103344917297363,3.94921875,0.11571015197510555
01452,0.8080577387850097,0.29761792140465065,0.27366727590560913,0.5647213459014893,0.6776911020278931,74.76025390625,7.123808685506272,11.570867538452148,3.880859375,0.43788140167938633
01453,0.738022945840631,0.3120365215454849,0.2853737473487854,0.49376580119132996,0.5999433398246765,69.48095703125,3.8165080187038822,10.693387985229492,3.9765625,0.3336587847596363
01454,0.7921620560123334,0.28460628990305037,0.2735307216644287,0.5541025996208191,0.6792507171630859,73.30773162841797,5.460036378221866,14.26893138885498,4.54296875,0.44601325283713883
01455,0.898592130688811,0.5545062883502329,0.22531074285507202,0.522350549697876,0.6464859247207642,73.85254669189453,3.4942860305504397,12.213083267211914,4.71484375,0.48296823459521426
01456,0.7364695344358794,0.3303296891014691,0.367428183555603,0.6817905902862549,0.3960592746734619,64.91980743408203,7.437256798463768,13.047981262207031,3.208984375,0.2863808075218721
01457,0.8607214161364741,0.3429403538113295,0.31327909231185913,0.6884307265281677,0.6825276017189026,75.05947875976562,5.321690202978746,12.459602355957031,4.0625,0.403643521940173
01458,0.8832711641042333,0.372946462256062,0.2660027742385864,0.41693103313446045,0.6278896331787109,72.48053741455078,5.09451595490335,11.891801834106445,4.703125,0.6650634097182466
01459,0.7971758908689573,0.3149541789070821,0.2852615714073181,0.5231077075004578,0.5078296065330505,72.67526245117188,2.239746064445974,9.154533386230469,4.41015625,0.25164359443716194
01460,0.8524950437635774,0.3646150766287786,0.2791324257850647,0.4582873582839966,0.73671555519104,74.5054702758789,4.188585487203747,11.02415943145752,4.87109375,0.26005117527929533
01461,0.7156234562812855,0.2822049614319886,0.29635733366012573,0.6868747472763062,0.7166498303413391,74.50982666015625,5.94088132062096,11.524643898010254,4.87109375,0.4501164512040861
01462,0.7640987982693269,0.29258856244710435,0.344687819480896,0.6508162021636963,0.7787238359451294,74.0611572265625,5.972805700201974,8.59265422821045,4.2734375,0.24126694419381367
01463,0.7910499691397117,0.41598708114654825,0.23633044958114624,0.43307560682296753,0.607225239276886,68.306396484375,5.371449250910738,16.921653747558594,4.11328125,0.5475842749196587
01464,0.7295909865415681,0.32166890982503366,0.3324064016342163,0.6290788650512695,0.5153960585594177,68.22476196289062,4.921052704262094,13.292733192443848,4.0234375,0.3282595549028981
01465,0.8819920984809229,0.46966566887305533,0.36549073457717896,0.5506708025932312,0.3882308900356293,64.93878936767578,5.077836986020387,12.827387809753418,2.146484375,0.4522408371775097
01466,0.8679617553214763,0.3940378280000921,0.2449752688407898,0.5180517435073853,0.6727068424224854,74.37896728515625,4.001355074700481,10.161615371704102,4.80859375,0.41673525205420653
01467,0.5917229996067138,0.25497576570073216,0.3161942958831787,0.5390462875366211,0.4870259761810303,69.22069549560547,4.540620501179576,12.773114204406738,3.771484375,0.3654657463761947
01468,0.7711801503989804,0.32250081406707914,0.2318035364151001,0.4688788056373596,0.5429799556732178,68.53362274169922,4.376333964080081,17.38649559020996,4.75,0.39849658116556325
01469,0.7023643435052799,0.32128161518626214,0.30535072088241577,0.688814103603363,0.6938233375549316,70.10460662841797,5.99674659083778,9.243067741394043,3.796875,0.43026077189292294
01470,0.8607404924214757,0.37374309436542963,0.25369977951049805,0.45065513253211975,0.5955851674079895,73.2234878540039,3.595459843904448,8.600205421447754,4.7109375,0.26262399508475615
01471,0.8739003369046587,0.3844645455120501,0.22578853368759155,0.3908086121082306,0.8181288838386536,75.71893310546875,4.20450166576347,12.635337829589844,4.9609375,0.4269233337691439
01472,0.8480629533872863,0.4561482566326818,0.37197667360305786,0.7157022356987,0.5161730051040649,67.7134780883789,4.222664122390948,8.773611068725586,3.84375,0.3934755528155239
01473,0.8478001369915975,0.3171440431714404,0.3913699984550476,0.7016564011573792,0.6841114163398743,72.1259536743164,5.971288097020965,13.014944076538086,4.34765625,0.14856978860253556
01474,0.821986554760511,0.3144692069169754,0.25359970331192017,0.5409332513809204,0.779617965221405,75.5234603881836,5.164890818462163,12.21145248413086,4.79296875,0.32394644860843974
01475,0.8623807538541471,0.3875718124192806,0.22091615200042725,0.422120064496994,0.6542637944221497,75.54730987548828,3.3215033911610554,9.153422355651855,4.75390625,0.42634939764862967
01476,0.6888577875482548,0.25661017848144907,0.3294031620025635,0.6480268239974976,0.6183243989944458,69.44192504882812,6.756387951261371,13.94064712524414,3.619140625,0.42291121803135534
01477,0.8476732814510689,0.3409478152886476,0.20976239442825317,0.4251399338245392,0.6738465428352356,75.39212799072266,5.323486925586902,14.971894264221191,4.88671875,0.4082398563779437
01478,0.7911222569370355,0.3571485044142838,0.2698022127151489,0.47811663150787354,0.6892236471176147,73.52259063720703,4.15007522132243,11.647350311279297,4.60546875,0.4666736796078469
01479,0.742822257510956,0.42390708885723677,0.158977210521698,0.26433658599853516,0.7231019139289856,73.77792358398438,3.7180326119608926,16.510086059570312,4.93359375,0.6000145484468419
01480,0.8384445856024024,0.32502299462651885,0.23046517372131348,0.47913217544555664,0.6444924473762512,75.03715515136719,5.180834958477344,14.94583511352539,4.98828125,0.4403944102488379
01481,0.6529250947339883,0.37753463534859405,0.16364967823028564,0.3159235119819641,0.6865257024765015,75.45335388183594,3.196144325888528,12.944551467895508,4.9609375,0.5201739436545482
01482,0.7774858409357623,0.4912776991984913,0.30677998065948486,0.44079744815826416,0.5032318830490112,64.31053924560547,6.446716652763215,9.403590202331543,3.986328125,0.7747766494428876
01483,0.8251820058223495,0.40072850529937015,0.2350367307662964,0.47946488857269287,0.6084892153739929,76.18571472167969,4.186291848446733,11.2364501953125,4.234375,0.35963747738789253
01484,0.780098870047132,0.30607714701601163,0.22479015588760376,0.4468240737915039,0.7029614448547363,74.2182388305664,5.5355687170234225,15.313834190368652,4.9296875,0.44167528717620036
01485,0.7817601873412152,0.4383989079030764,0.15156620740890503,0.29026511311531067,0.6695966720581055,73.03582000732422,5.043743410837528,17.20149040222168,4.9375,0.7025142909150008
01486,0.7402627060759192,0.391088692728037,0.1983194351196289,0.416592001914978,0.7354281544685364,74.25901794433594,6.933646778990371,15.305517196655273,4.95703125,0.6832839963275931
01487,0.8267946924384999,0.36883491531732737,0.24095535278320312,0.4827350378036499,0.4063560366630554,69.1849594116211,6.771295389576307,15.217118263244629,2.748046875,0.3929390897015039
01488,0.7797408515940333,0.308522957994315,0.2859345078468323,0.5406818985939026,0.7436451315879822,71.73585510253906,4.573228971883589,13.138588905334473,4.609375,0.3240397543365096
01489,0.5753568291027333,0.2398366971422,0.33009493350982666,0.5417900681495667,0.6103489995002747,70.17772674560547,6.721454407065057,11.600712776184082,4.3984375,0.4116814919674845
01490,0.9194699526964706,0.3493216549781031,0.2827707529067993,0.7061508297920227,0.7044438123703003,75.2940902709961,5.388929388457343,11.556011199951172,4.62109375,0.12770413171561362
01491,0.44739760483049984,0.19675422452735486,0.24742603302001953,0.569740355014801,0.6001050472259521,65.11009979248047,4.831907770816887,16.277996063232422,4.265625,0.5420371572705731
01492,0.7475562674488123,0.2829217635650036,0.39972615242004395,0.7245864868164062,0.5915288925170898,71.5204086303711,7.6065665897936645,13.287467002868652,2.27734375,0.3561812417083351
01493,0.6756378697099522,0.32187875150060025,0.2488410472869873,0.47187504172325134,0.7081884741783142,74.97441864013672,5.752432181597112,15.451858520507812,4.63671875,0.47197821381290517
01494,0.825342272190169,0.31797667120907147,0.25150763988494873,0.5680383443832397,0.6424881219863892,68.08885955810547,5.159957608075267,14.101513862609863,4.9609375,0.26116188630015497
01495,0.7320995133977224,0.25891360917723677,0.3106571435928345,0.587333083152771,0.6014615893363953,71.99600982666016,6.899503452181819,16.435256958007812,3.244140625,0.302395319692014
01496,0.8019130281396223,0.3053716937844466,0.39716291427612305,0.6636982560157776,0.6008779406547546,68.67155456542969,6.617554728353382,9.833592414855957,3.59375,0.17055996128194303
01497,0.5806577985538786,0.24314691776301314,0.2880859971046448,0.5081816911697388,0.6343652606010437,76.37904357910156,4.711946769513059,14.352718353271484,4.40625,0.5042065751030507
01498,0.8426427286439601,0.38159462133295646,0.22966313362121582,0.44314298033714294,0.6205823421478271,75.18119049072266,5.086324931200997,12.091239929199219,4.359375,0.4586075286989828
01499,0.6922509537833218,0.3575937885494521,0.2459416389465332,0.4976896047592163,0.6040974855422974,68.04479217529297,4.981552734372233,15.17852783203125,4.33984375,0.6762836600586578
01500,0.8490683007693897,0.3398901180646327,0.2795451879501343,0.5708532929420471,0.5551512837409973,70.32707977294922,5.142507838112584,12.798593521118164,3.845703125,0.35260748862034924
01501,0.8737093754674172,0.3892189906992367,0.2507862448692322,0.44661515951156616,0.700018048286438,75.24292755126953,4.283928437452145,11.765010833740234,4.9140625,0.29123947774482584
01502,0.7737880715518337,0.3965365188807825,0.2823753356933594,0.5999634861946106,0.6025701761245728,65.42455291748047,5.123504000015622,16.399625778198242,4.3984375,0.5318359649336011
01503,0.8597772293205447,0.3836111111111111,0.20893335342407227,0.3912120461463928,0.7164160013198853,77.31124877929688,7.578432271763574,12.599056243896484,4.9453125,0.7071495310007244
01504,0.8474633496250028,0.40594392164394083,0.17340528964996338,0.27774664759635925,0.4965713322162628,68.7960433959961,4.418029585827708,16.797550201416016,3.716796875,0.5799562386914846
01505,0.8818449398839244,0.343599615014437,0.31833457946777344,0.5562625527381897,0.6733829975128174,71.20831298828125,6.337668342629999,9.932151794433594,4.703125,0.2409159740949123
01506,0.8256782676223307,0.44399641577060933,0.2117551565170288,0.348857045173645,0.6005162596702576,69.81017303466797,7.698435099641794,12.813161849975586,4.9375,0.6888738957366926
01507,0.8070146340685259,0.38406554718671987,0.27031975984573364,0.5232303142547607,0.6083645224571228,69.80009460449219,4.088476444520515,9.738862991333008,4.578125,0.4135380371669011
01508,0.8483075701762284,0.3791600545361078,0.19314944744110107,0.44970542192459106,0.6936033964157104,74.61943817138672,3.704488184465004,8.940802574157715,4.89453125,0.5032011947209156
01509,0.8633089186849491,0.45889544312369684,0.20681363344192505,0.4009919762611389,0.8098411560058594,75.64757537841797,4.608458622180032,11.461485862731934,4.9609375,0.5343769170729242
01510,0.7749299447133764,0.47683965917893106,0.2224079966545105,0.44189491868019104,0.6453989744186401,75.00943756103516,4.367168631027954,10.130358695983887,4.953125,0.5052019346823866
01511,0.80385605997734,0.2928679424597175,0.5324703454971313,0.8184696435928345,0.5358946323394775,70.59410858154297,5.97914445836064,11.66508674621582,2.46875,0.12766360138034594
01512,0.43928894605084695,0.1727175498298493,0.3579428791999817,0.5506539940834045,0.5859376192092896,74.98883056640625,2.971459767312636,11.697919845581055,4.95703125,0.30327108445922757
01513,0.6942662293276279,0.33711295246402095,0.28344863653182983,0.5714523792266846,0.6600112915039062,66.79692077636719,6.32560844119099,14.303927421569824,4.890625,0.6473218958299686
01514,0.8021407478206833,0.334704641350211,0.22733771800994873,0.4650963842868805,0.718863844871521,74.02082824707031,3.3757568543774905,14.263195037841797,4.9765625,0.42967599419341723
01515,0.7617887940905433,0.3085285644398543,0.2887457609176636,0.7292810678482056,0.5660008192062378,72.34347534179688,6.537796328006353,14.899310111999512,3.52734375,0.5051407352878019
01516,0.7604054556624465,0.36384781525170296,0.23678749799728394,0.38979458808898926,0.5113585591316223,75.09261322021484,3.8907029316538995,12.735454559326172,4.765625,0.6739926311178289
01517,0.7180572642118109,0.3173579712993906,0.21653562784194946,0.3049505650997162,0.548299252986908,71.20037841796875,7.425290408208565,15.607209205627441,4.53515625,0.6555117403951051
01518,0.8497494635181533,0.3275587347865885,0.3981319069862366,0.7854553461074829,0.5089197754859924,75.33085632324219,7.0351334837659,4.944250106811523,3.197265625,0.201071549142536
01519,0.7457270144736086,0.27857829010566765,0.33169496059417725,0.6593776345252991,0.6569318771362305,70.02610778808594,7.000499079477798,8.632418632507324,4.44140625,0.3708302953453445
01520,0.8207766430180563,0.36255902443496996,0.2600622773170471,0.4339506924152374,0.7178249955177307,74.18103790283203,3.5261710125818873,9.120344161987305,4.1796875,0.2243548759031031
01521,0.7406606020946832,0.38114471480642304,0.21661138534545898,0.4312565326690674,0.6884490251541138,74.1704330444336,5.09935921467578,11.832690238952637,4.9453125,0.5778488683642002
01522,0.7804319730790119,0.3077535899938258,0.26282763481140137,0.5254572629928589,0.6739963889122009,68.94808197021484,4.3033659399328075,11.285490036010742,4.734375,0.4049824017248812
01523,0.8637270566321632,0.36582646096535837,0.21424418687820435,0.4534038305282593,0.7879247069358826,76.9668960571289,4.878187074608462,13.4464693069458,4.93359375,0.39999398504503914
01524,0.8503057445830351,0.4064433109564193,0.2062261700630188,0.3754047453403473,0.7281580567359924,73.12036895751953,3.3056910665077637,13.709188461303711,4.89453125,0.42197624997470623
01525,0.7238510429883245,0.27710894627132343,0.22203564643859863,0.4768463969230652,0.6261947154998779,71.76152801513672,4.561942890760794,15.58727741241455,4.84765625,0.539889398760454
01526,0.7647364156845533,0.3126505170704066,0.3004230260848999,0.5666391253471375,0.5487077236175537,68.77178955078125,5.9032658319220666,12.634943962097168,4.50390625,0.4539599056158856
01527,0.8603737562064617,0.3221605279223233,0.22806590795516968,0.6003119349479675,0.6801302433013916,74.98208618164062,5.257483791474502,13.588603973388672,4.84375,0.32546388410303
01528,0.8129361721375095,0.39957686204741066,0.2303999662399292,0.38531941175460815,0.6384856104850769,67.2567138671875,3.846142600373891,11.727200508117676,4.08984375,0.45227881886952936
01529,0.840664762175601,0.3914486894594522,0.1867339015007019,0.34722113609313965,0.6022076606750488,68.34636688232422,3.993558118425798,14.266048431396484,4.61328125,0.3690428322006576
01530,0.7866586013765704,0.3297405867209822,0.2335880994796753,0.5842536091804504,0.6147099137306213,67.68140411376953,5.886384878199862,16.551715850830078,4.16015625,0.46226651377993727
01531,0.8352397700516836,0.3700316379975009,0.22781866788864136,0.4801191985607147,0.6271843314170837,71.45989990234375,3.8373933961208277,10.73117733001709,4.24609375,0.3320245805727529
01532,0.8047662431507346,0.34301533498272496,0.2516981363296509,0.4492417573928833,0.5902115106582642,75.43755340576172,3.5042743930488562,9.61937427520752,4.734375,0.23200837322546247
01533,0.7959732638876266,0.32361340271608074,0.2675057053565979,0.5286245346069336,0.6274829506874084,73.45555877685547,5.564460167318574,10.911653518676758,4.1953125,0.39877927475083436
01534,0.8295206996448351,0.3154515680745069,0.2671775221824646,0.524407684803009,0.7097573280334473,73.26769256591797,5.046467866244926,12.242311477661133,4.33984375,0.2534093873326074
01535,0.855315634091998,0.4137108110758769,0.25541603565216064,0.4092627763748169,0.5843509435653687,76.35092163085938,3.9485518442325644,11.159856796264648,4.44140625,0.439542949886033
01536,0.8284328707606685,0.3638814016172507,0.2095731496810913,0.44538378715515137,0.6872914433479309,75.19782257080078,4.7164337881108676,11.424208641052246,4.94140625,0.5633491506856683
01537,0.7994910583270933,0.3193267183545575,0.30937647819519043,0.4915626347064972,0.7058895826339722,74.5234375,5.707901390581428,12.970521926879883,4.8984375,0.43722940466034815
01538,0.8424366334002932,0.5186016018704286,0.27064985036849976,0.4378547668457031,0.6540899872779846,71.01917266845703,4.45013686738365,12.735309600830078,3.6640625,0.48845283526906313
01539,0.7166658792103313,0.2938734921527087,0.298947274684906,0.49054184556007385,0.7085087895393372,77.419921875,4.860655040101341,7.815506935119629,4.98828125,0.24108987104290777
01540,0.9027754504108115,0.35209151837300673,0.3015538454055786,0.5513043999671936,0.7407439947128296,73.63032531738281,5.094247498740011,11.674114227294922,4.93359375,0.38507207814655486
01541,0.7026208062972147,0.2849609786964775,0.325106680393219,0.645831286907196,0.44905731081962585,63.749671936035156,5.572660616980615,11.205972671508789,3.830078125,0.43101619966446586
01542,0.8264474513215565,0.45825288624453286,0.2640525698661804,0.48119133710861206,0.5249530673027039,71.01309967041016,6.999300228352649,9.928028106689453,3.9765625,0.4315661689151957
01543,0.9090301041944401,0.3487907476382182,0.19096696376800537,0.35589295625686646,0.7027162313461304,74.16725158691406,5.277044852925344,14.968033790588379,4.80078125,0.413418210198815
01544,0.7640089597329439,0.30083605961468557,0.45682036876678467,0.7661828994750977,0.5140088796615601,64.68724822998047,7.690980141968545,9.26579475402832,2.416015625,0.34777113254253317
01545,0.8867140396532601,0.35314310233855395,0.24831104278564453,0.505928635597229,0.7620143294334412,74.35586547851562,5.3090073078663185,14.295391082763672,4.91796875,0.4797838072186179
01546,0.8617676035992944,0.4874968104108191,0.23724091053009033,0.354615718126297,0.6380810737609863,72.73407745361328,6.2957430829703585,16.715604782104492,4.8359375,0.7867126458620495
01547,0.866105818612752,0.3361559721326964,0.3717348575592041,0.6538515090942383,0.6046019196510315,73.05846405029297,6.081253055799664,12.538504600524902,3.357421875,0.1549334835513324
01548,0.480321903276035,0.25221586446763156,0.2858010530471802,0.5070785284042358,0.6750453114509583,66.74629974365234,6.333686537453798,16.349151611328125,4.12890625,0.5403562667248724
01549,0.8011559868146553,0.37616861826697895,0.24440908432006836,0.41953644156455994,0.5943856239318848,67.5530776977539,3.7198898630254327,14.769149780273438,4.01953125,0.336497106225397
01550,0.715836623767745,0.2641228939544103,0.33418190479278564,0.5615178346633911,0.704495370388031,74.70661926269531,7.372370864740603,6.140704154968262,4.94921875,0.19451939458636386
01551,0.8026613238375512,0.42705560057105374,0.2096332311630249,0.5109232664108276,0.6170201897621155,76.18211364746094,4.147464208042055,9.487537384033203,4.984375,0.5149514280234377
01552,0.84036809007047,0.32111269314666874,0.3926275968551636,0.6014711856842041,0.566292941570282,69.31450653076172,4.605635573170541,9.177072525024414,4.1484375,0.11377623443988331
01553,0.772478195918623,0.4745220893804744,0.29971349239349365,0.5816483497619629,0.5075880885124207,71.62777709960938,5.618011662423111,10.478294372558594,3.353515625,0.43887999656686233
01554,0.8251784526671112,0.32351093427468813,0.24583542346954346,0.6039944291114807,0.5587802529335022,74.70887756347656,2.6309790218888045,12.622614860534668,4.734375,0.24781694166410498
01555,0.831278505420596,0.393699021778737,0.1954590082168579,0.3446517884731293,0.6663914322853088,73.37092590332031,4.478334325855691,15.952207565307617,4.25390625,0.4580400742449727
01556,0.7893119911976736,0.4184473897754936,0.30158084630966187,0.5755513906478882,0.39045968651771545,73.474853515625,7.751490134132024,10.112395286560059,3.826171875,0.40724578692924046
01557,0.7950276826565069,0.3540804573183738,0.21968156099319458,0.5040504336357117,0.6782659888267517,75.52542114257812,2.789440334835066,12.143869400024414,4.8671875,0.38590733063630006
01558,0.8517420366999143,0.375228209809432,0.2565820813179016,0.45097678899765015,0.6985436677932739,76.41285705566406,3.917534147301206,7.583202362060547,4.98828125,0.4058288496349736
01559,0.7699408205922336,0.3433354470513634,0.40103113651275635,0.8343663811683655,0.48801007866859436,69.40560150146484,7.006835193030256,7.461138725280762,3.154296875,0.36680538643831395
01560,0.8089722166802434,0.44037433155080213,0.19664710760116577,0.4152663052082062,0.6916910409927368,72.23030853271484,4.535204947775246,15.234457015991211,4.23046875,0.5211486245365022
01561,0.8213850190320157,0.33915123941010356,0.23148053884506226,0.3983635902404785,0.6524317264556885,72.92706298828125,5.122344045516215,12.915567398071289,4.91796875,0.5140366683910034
01562,0.7828907071577154,0.3458967124631992,0.2703428864479065,0.5234105587005615,0.5291622877120972,73.6776351928711,2.516636606330049,11.483564376831055,4.953125,0.3039084618050548
01563,0.6977455074548137,0.2712220149253731,0.38654977083206177,0.6621036529541016,0.5669670701026917,68.87959289550781,6.069809427962471,10.160558700561523,3.712890625,0.316421337105517
01564,0.7615185691087981,0.35886799410029496,0.2925488352775574,0.3787095546722412,0.4468153715133667,71.19705963134766,7.128819910147558,15.161317825317383,3.771484375,0.7010745160121304
01565,0.5945703725450061,0.31376574895007,0.31151700019836426,0.7508388161659241,0.3842349946498871,65.6799087524414,3.479029799352676,8.332261085510254,4.62109375,0.5213095984874687
01566,0.8051864999674943,0.3199115961047034,0.3409222364425659,0.6124870777130127,0.5069537162780762,67.99333190917969,3.310492115490079,10.627584457397461,4.13671875,0.2652848744107985
01567,0.6331450907397714,0.29806550960828976,0.2269696593284607,0.32702332735061646,0.6184238195419312,71.95223999023438,3.3905276984747146,16.955556869506836,4.21875,0.39790237958006885
01568,0.7366262600185366,0.3328040004054465,0.3037511706352234,0.6652792692184448,0.6768732070922852,72.3746109008789,7.448522087631933,14.992364883422852,3.736328125,0.4423067057606955
01569,0.8055740944594014,0.3661947563392011,0.266574501991272,0.5664181113243103,0.6074817180633545,73.46295166015625,3.556189559103966,12.522025108337402,4.86328125,0.4381928612918032
01570,0.836550374536426,0.343923898330576,0.33807653188705444,0.5717799067497253,0.5290423035621643,65.71231079101562,6.046396917608255,13.525253295898438,4.2890625,0.4260697080108783
01571,0.8548065116000265,0.40764524831857735,0.2906085252761841,0.5068526268005371,0.629325807094574,76.01939392089844,4.766372191029476,11.86921215057373,3.794921875,0.6712835920154292
01572,0.6800762837727887,0.29304099599395494,0.2128208875656128,0.37807586789131165,0.6833826303482056,77.07051849365234,3.4471718385304344,13.067723274230957,4.94140625,0.5443810037461507
01573,0.7979541712693624,0.37324820430965683,0.2483265995979309,0.4117521643638611,0.7100429534912109,72.70195770263672,5.083233218137891,14.63385009765625,4.9296875,0.5170482141793645
01574,0.8218970657695966,0.38500446295745316,0.2458617091178894,0.47402721643447876,0.6578262448310852,72.39051055908203,4.691016292939488,13.190223693847656,4.1640625,0.4068497990825824
01575,0.7753957245743914,0.37261844545607825,0.2805851101875305,0.47567954659461975,0.5658162832260132,70.7378921508789,3.157451601061316,9.694819450378418,3.73828125,0.29957685947747553
01576,0.8323640176104025,0.3246284888371245,0.2518077492713928,0.5759701728820801,0.6172239780426025,74.5525131225586,4.750770005781587,12.975662231445312,4.26171875,0.45139449869034437
01577,0.8555631543981025,0.38344376053632334,0.26733285188674927,0.4191598892211914,0.6690535545349121,72.43536376953125,3.2974957089591865,11.396574020385742,4.73046875,0.2671854001427163
01578,0.8189100130459097,0.2918534329420135,0.40308791399002075,0.6712960004806519,0.632728636264801,72.1291275024414,5.358193965232044,10.752114295959473,4.3515625,0.1385780935602533
01579,0.822405266824574,0.3707834282348321,0.28798598051071167,0.5821782350540161,0.5877526998519897,74.2028579711914,2.643358202994464,10.666379928588867,4.66015625,0.329825432343289
01580,0.871808237550522,0.34867367760163237,0.3143288493156433,0.5892148017883301,0.7023685574531555,73.07526397705078,4.300972552407668,8.973017692565918,4.875,0.26427069740723835
01581,0.5063975745436499,0.21569365976145638,0.35878878831863403,0.8420351147651672,0.5957915186882019,68.84850311279297,5.356293039182179,16.45083236694336,3.49609375,0.565616927530587
01582,0.8860396579775333,0.3323888630129897,0.31159061193466187,0.5660300254821777,0.5480886697769165,74.94115447998047,5.74332329212013,12.046841621398926,3.7421875,0.16908907507832394
01583,0.8293451997897973,0.3448206082926928,0.2435646653175354,0.45908069610595703,0.6255765557289124,73.15374755859375,4.318322384499687,12.502121925354004,4.91796875,0.5382560910453332
01584,0.7262369003684102,0.36176893889833833,0.2777266502380371,0.4897453784942627,0.7031987905502319,74.664794921875,5.05417446550996,9.545305252075195,4.83203125,0.48006607265383505
01585,0.8220933551433205,0.3473420968259057,0.23554039001464844,0.4257696270942688,0.7171415686607361,72.43840789794922,3.5271218510174758,12.530590057373047,4.96484375,0.33874411666872506
01586,0.8164437280724068,0.39147153633433146,0.17976152896881104,0.32851019501686096,0.7507056593894958,73.17340850830078,3.650222322404454,11.182353973388672,4.94140625,0.39586850391693224
01587,0.6455403625930304,0.29089797945074675,0.24012941122055054,0.4987683892250061,0.6899228692054749,73.69749450683594,5.036644891709394,7.924125671386719,4.9453125,0.4457828188593727
01588,0.8884471829720482,0.3554713103863665,0.24788802862167358,0.6492350101470947,0.6593687534332275,75.75344848632812,4.115293302075196,10.558311462402344,4.96484375,0.2859409055169906
01589,0.9309551293029651,0.35985579334312806,0.4619930386543274,0.6353923678398132,0.6893022656440735,70.93368530273438,5.967378416373842,10.80803108215332,3.650390625,0.10850374887212966
01590,0.7388843797572365,0.4647667495230938,0.2536260485649109,0.5037516355514526,0.667617917060852,74.26685333251953,4.897620911403858,12.587284088134766,4.7265625,0.6068654452613268
01591,0.7627348460671666,0.3055597790279256,0.3262583017349243,0.6550523042678833,0.601662278175354,71.37095642089844,6.743159789257654,14.083383560180664,4.29296875,0.3648888509340149
01592,0.8025205407029149,0.33178055208028323,0.2238544225692749,0.4783822298049927,0.6165770292282104,74.4982681274414,4.43986546102769,14.130277633666992,4.97265625,0.4763295371929452
01593,0.7889974083673126,0.3744257687942496,0.20161908864974976,0.39207974076271057,0.5446377396583557,68.00054931640625,3.51589413686705,12.400650024414062,4.484375,0.4056705988716757
01594,0.8815518902712574,0.3513729018012308,0.269192099571228,0.5653419494628906,0.6470150947570801,73.98980712890625,3.497707410265512,9.016427040100098,4.671875,0.3500843022753584
01595,0.8144221574033037,0.3996462080088795,0.20965534448623657,0.3719763457775116,0.7803915739059448,73.87974548339844,2.9776401987361565,11.299662590026855,4.95703125,0.33673785833908704
01596,0.807161520307783,0.3099838473015129,0.3664672374725342,0.8130365014076233,0.6737161874771118,73.59614562988281,4.251586457742453,10.235851287841797,4.6484375,0.19704602719363787
01597,0.832638181627971,0.4409461488950869,0.2549504041671753,0.4493776559829712,0.604885995388031,75.60050964355469,3.90499648530101,7.360495567321777,4.1953125,0.48527975221227987
01598,0.8308685276815816,0.35480365707434053,0.16796433925628662,0.36578369140625,0.6773796677589417,74.37020874023438,2.904282203307343,11.330533981323242,4.92578125,0.3414400237956621
01599,0.636284763000503,0.3143881208397337,0.40588080883026123,0.7798633575439453,0.6101105213165283,74.52792358398438,6.563556362941477,6.676031112670898,3.671875,0.20453097477406545
01600,0.766376890598513,0.42707319710238945,0.24199950695037842,0.43064671754837036,0.5575594902038574,70.76801300048828,6.18004609503708,13.32705307006836,4.0078125,0.6878426710532665
01601,0.6499250309743646,0.3123361109492454,0.2747012972831726,0.5678117871284485,0.7203349471092224,73.2971420288086,4.633142315261067,11.661918640136719,4.921875,0.49329580861451944
01602,0.8722715685419552,0.3308036670763749,0.23527729511260986,0.48555445671081543,0.6401816606521606,77.2309341430664,3.452121914141994,14.089433670043945,4.9765625,0.4127708459066994
01603,0.9120353479280112,0.3955760223560436,0.2293764352798462,0.47428572177886963,0.7185378074645996,74.39608001708984,4.647785070154966,11.517751693725586,4.4375,0.255364689375554
01604,0.6992433788812754,0.33982805547155137,0.24708008766174316,0.5138235092163086,0.5948162078857422,72.73674011230469,2.711681288199661,14.00860595703125,4.671875,0.44703015807671703
01605,0.7980919375839989,0.31817240145394277,0.25015151500701904,0.6377482414245605,0.609519362449646,76.70862579345703,2.2900773284636258,9.0765962600708,4.95703125,0.25204791032808405
01606,0.7707126144558525,0.4027777777777778,0.36776506900787354,0.6522927284240723,0.44466230273246765,59.93294143676758,6.77752887221629,8.496341705322266,4.6171875,0.4038474071045009
01607,0.8233315528398366,0.37922578867612616,0.3417021632194519,0.6047260761260986,0.700461745262146,76.29088592529297,3.7076220657011474,7.038573265075684,4.7265625,0.32993629024886373
01608,0.8400852835064776,0.4336507936507937,0.25904345512390137,0.3762930929660797,0.5009649991989136,67.79255676269531,3.8805704025855543,15.250244140625,4.6875,0.31126416199610824
01609,0.8773355893354674,0.41408343974965267,0.2833658456802368,0.47681093215942383,0.6301887631416321,75.46247863769531,4.287061650181415,8.453105926513672,3.619140625,0.2358726052021939
01610,0.6608884664113863,0.23857548662612243,0.48193860054016113,0.6065660119056702,0.5422235131263733,64.3656997680664,6.875089614657751,12.269120216369629,2.923828125,0.26107100170550457
01611,0.8080057866533108,0.3626326508736199,0.3848046064376831,0.6053239703178406,0.3452904522418976,59.008995056152344,3.9600702355327595,14.408907890319824,2.728515625,0.3117443558954024
01612,0.7256797903528722,0.30897215964284974,0.3297851085662842,0.4899817109107971,0.6317786574363708,71.09605407714844,3.2178942731351152,11.442418098449707,4.734375,0.2133088191553422
01613,0.7827261551333017,0.32533830112033946,0.19805830717086792,0.39408811926841736,0.7749736309051514,74.28068542480469,3.6635676923860774,14.515284538269043,4.84765625,0.3463033716372256
01614,0.8338742761371697,0.3639764711185234,0.2625330686569214,0.5045599341392517,0.6260802745819092,74.7304458618164,5.414696298606637,14.516153335571289,4.03125,0.38776675813086303
01615,0.8123631336351598,0.3522910788987256,0.248715341091156,0.48306742310523987,0.6263378262519836,71.66352081298828,3.965938533849649,13.959577560424805,4.76953125,0.4709215239262732
01616,0.8022928307397761,0.32038423506144936,0.22908484935760498,0.3815068304538727,0.6607137322425842,74.486328125,4.664330465505253,14.560173034667969,4.7578125,0.4613251295653782
01617,0.7703182017476258,0.35212061434408903,0.33169543743133545,0.46317121386528015,0.5506211519241333,65.8082504272461,3.9828013966660074,13.937416076660156,4.26171875,0.37129014734173016
01618,0.8746649647733834,0.38123015101432367,0.23036712408065796,0.4264620840549469,0.6494528651237488,73.29872131347656,3.439005167262902,10.057906150817871,4.6640625,0.23462306673713051
01619,0.5725999109147084,0.2266115999281738,0.4554392695426941,0.7126706838607788,0.5106502771377563,68.87784576416016,7.551339570156363,5.299343585968018,3.994140625,0.16485462609934917
01620,0.753671345093408,0.3973111395646607,0.30848437547683716,0.5755486488342285,0.5021519660949707,64.41426849365234,4.976483209038655,10.32896900177002,4.08984375,0.4265841967790467
01621,0.7586322274450582,0.30158498283543933,0.3022022843360901,0.6576421856880188,0.6203916668891907,71.44839477539062,7.257539230169545,17.255290985107422,3.048828125,0.48111955905301423
01622,0.8429197993327766,0.45725520040588535,0.268222451210022,0.3943680226802826,0.6799425482749939,75.48114776611328,4.420188908031018,12.025039672851562,4.57421875,0.528884140641322
01623,0.32371175348389547,0.14972784866601233,0.3130872845649719,0.5996812582015991,0.6891571283340454,73.80793762207031,5.437316111589217,9.56474494934082,4.8203125,0.41743916311332174
01624,0.8680530256902973,0.3574733096085409,0.2629491090774536,0.4999334216117859,0.6959829330444336,76.04186248779297,4.482431660888149,12.589850425720215,4.09375,0.5069264719026361
01625,0.7600622818586199,0.29543272527773967,0.33820706605911255,0.7841365933418274,0.4654838740825653,69.66898345947266,7.086968052415293,10.345229148864746,2.8203125,0.24405822254598394
01626,0.7182531099431616,0.2742966142107773,0.3691428303718567,0.5807772874832153,0.6233977675437927,72.887451171875,6.75579758937388,12.243322372436523,3.919921875,0.7333865807793465
01627,0.8422278862011707,0.42499353020674585,0.29325032234191895,0.5898300409317017,0.6573702692985535,75.14434051513672,3.998749545511332,6.501309394836426,4.828125,0.3041695738124788
01628,0.8390125939452834,0.3223375133423856,0.2763517498970032,0.5032077431678772,0.7318758368492126,72.90436553955078,5.37139709027905,10.76995849609375,4.515625,0.16972216135747561
01629,0.8558903329850828,0.3813345058810597,0.34934645891189575,0.6993324756622314,0.528167724609375,73.32548522949219,6.459117099094764,6.6503119468688965,2.814453125,0.40544301475639816
01630,0.6403883513556989,0.29381302807304444,0.3348122239112854,0.775381326675415,0.4700159728527069,66.22649383544922,4.468489304290942,4.967265605926514,4.44140625,0.2985910924983389
01631,0.5512413132464117,0.2621740797546012,0.22503572702407837,0.47657158970832825,0.6076850891113281,75.18922424316406,4.09507708722653,12.738595008850098,4.98828125,0.4739281874168257
01632,0.8878501584872263,0.502292348913367,0.22416985034942627,0.405950129032135,0.6180122494697571,75.4246597290039,4.777179076427212,9.924359321594238,4.671875,0.601062982863105
01633,0.7017034545452632,0.3213459141890689,0.3602529764175415,0.5827139616012573,0.6092185378074646,73.4987564086914,8.159062542737106,15.609363555908203,3.296875,0.5252747287529487
01634,0.6188322752135832,0.2844198338786811,0.34360307455062866,0.6910553574562073,0.68442302942276,75.75943756103516,7.7915430948859585,9.510623931884766,4.77734375,0.5687834550945653
01635,0.7383204201388264,0.3000611172228334,0.19462543725967407,0.37931087613105774,0.6742902398109436,74.68171691894531,3.9930894618325032,12.897804260253906,4.62109375,0.36283804225438665
01636,0.8231838125810148,0.41881852048962215,0.20240825414657593,0.379520982503891,0.7266761660575867,75.00430297851562,2.510177611706101,9.053144454956055,4.953125,0.45165466858199915
01637,0.6596467775187498,0.34971254327732426,0.18916887044906616,0.4603121280670166,0.679271936416626,74.69424438476562,3.1716884527261326,11.841531753540039,4.77734375,0.4319182752814984
01638,0.8737182175619893,0.36088957282156753,0.3070499897003174,0.49052679538726807,0.6121076941490173,73.12271881103516,4.4988219600276205,11.12800121307373,4.80859375,0.524756886836159
01639,0.6469284434255712,0.3086022135035428,0.2738451361656189,0.5660979747772217,0.7199411988258362,73.27395629882812,4.548125151964361,11.66550064086914,4.921875,0.4932254949367524
01640,0.8843479665749606,0.33520869329297026,0.3499463200569153,0.7029937505722046,0.5251308679580688,74.04998779296875,4.506245941133247,11.504852294921875,3.486328125,0.16819200988620453
01641,0.7816058322012405,0.2935739170711078,0.2863800525665283,0.5246182680130005,0.6115519404411316,71.73149871826172,7.236698851437638,13.981388092041016,3.5703125,0.2627915965152025
01642,0.790732073932663,0.43017347117574906,0.22594165802001953,0.47301483154296875,0.2860108017921448,60.714866638183594,7.232216624799408,13.440922737121582,3.267578125,0.5950553413116999
01643,0.742261686044273,0.34476142388285785,0.23413574695587158,0.48747092485427856,0.5538367033004761,73.83807373046875,3.598089226579934,11.362361907958984,4.35546875,0.3752203032570667
01644,0.8266113336407511,0.32326198143587803,0.36809027194976807,0.5089055299758911,0.6088423132896423,74.85172271728516,5.711750712266748,12.214765548706055,3.826171875,0.2762479604523802
01645,0.8198612264396439,0.42050500364503945,0.21290147304534912,0.4413498044013977,0.6533408164978027,74.0714111328125,5.345605501954808,13.039884567260742,4.28515625,0.5913888920136573
01646,0.688029741679863,0.2506137084540063,0.3814736008644104,0.49859073758125305,0.5046328902244568,62.28835678100586,8.442975700090134,13.225497245788574,2.87890625,0.447086829699642
01647,0.8320001818484983,0.3690335811330428,0.3579704165458679,0.4859692454338074,0.5998634099960327,73.29951477050781,4.44491316190549,9.839672088623047,3.494140625,0.4083473547409312
01648,0.8312395042115339,0.42989576828858256,0.21772050857543945,0.4032372832298279,0.7374301552772522,75.95108032226562,3.4419288440384204,11.639087677001953,4.8984375,0.4898539361609226
01649,0.7443764269339639,0.38913525498891355,0.21905517578125,0.4533238708972931,0.5874985456466675,70.03449249267578,4.91215597793297,14.196279525756836,3.958984375,0.4050698752563422
01650,0.8244736466934861,0.3799852383497493,0.30841290950775146,0.45337656140327454,0.6865196228027344,75.61749267578125,6.291579692884747,9.140572547912598,4.6796875,0.46195676529371515
01651,0.8273410419636078,0.531706149796602,0.31793713569641113,0.4994620680809021,0.63688063621521,67.0241928100586,7.85180506585826,9.024173736572266,4.109375,0.6580529206134074
01652,0.6187328154907512,0.24471251762494126,0.2646765112876892,0.5208708643913269,0.6917634606361389,75.6485824584961,4.714728109224449,8.85844898223877,4.9296875,0.34939828085782476
01653,0.838237210689644,0.3693985954154932,0.1942480206489563,0.4137302041053772,0.6382036805152893,71.71453857421875,3.9785912944380257,14.474016189575195,4.9296875,0.6201649612045672
01654,0.8597674867925645,0.3843859288212302,0.16260480880737305,0.42444199323654175,0.5015750527381897,72.60054016113281,2.947551306468788,11.861284255981445,4.26953125,0.3591524599016974
01655,0.7192734427755255,0.3902468984154281,0.19446861743927002,0.4921133816242218,0.5552855134010315,73.95756530761719,4.0841152382663655,14.113813400268555,4.6015625,0.5327736680510632
01656,0.7016551288407176,0.29234828496042214,0.2513009309768677,0.37115007638931274,0.594508171081543,75.52238464355469,6.212806645696701,12.098220825195312,4.50390625,0.6341305666015548
01657,0.9286353011593592,0.41175776177546924,0.2792398929595947,0.5514569878578186,0.6671722531318665,71.85675811767578,7.540002970136351,14.423054695129395,4.53125,0.6633501016150656
01658,0.7817563060734368,0.33370629370629373,0.2588171362876892,0.5287539958953857,0.6866105198860168,74.52705383300781,4.146211272712998,12.5396728515625,4.80078125,0.4584816770366629
01659,0.7407556863659831,0.42865753896495307,0.29690682888031006,0.5269007682800293,0.7367154955863953,74.73348999023438,6.966605757899385,8.359623908996582,4.9921875,0.6017041590462853
01660,0.7851146749707907,0.3320709287452033,0.25962555408477783,0.42846977710723877,0.5064989924430847,73.34086608886719,2.404513741531077,9.577767372131348,4.41796875,0.3352367940388417
01661,0.7331828941539177,0.35850307340002413,0.3854900002479553,0.5773380398750305,0.5611241459846497,71.92527770996094,4.693962573437031,11.489496231079102,3.796875,0.43267381745803557
01662,0.8005228944625312,0.40717355081995965,0.30408090353012085,0.47240009903907776,0.6547792553901672,73.23558044433594,5.463689690358639,10.354398727416992,3.748046875,0.6080291492764992
01663,0.8097745910043771,0.39147965625381825,0.19536054134368896,0.4460675120353699,0.6851270198822021,74.92413330078125,4.542942283103399,10.385915756225586,4.96484375,0.7009202294423591
01664,0.829044190244992,0.4236566258413329,0.3961308002471924,0.5604318976402283,0.5275754928588867,69.15086364746094,5.457637383599931,9.069555282592773,3.615234375,0.36039387117388594
01665,0.8123044834592442,0.3499869326596393,0.27517151832580566,0.6198574304580688,0.5474021434783936,68.74552154541016,3.716035334483629,11.375330924987793,4.33203125,0.27817382101757065
01666,0.7385903260368158,0.2980445442192946,0.2804028391838074,0.5164554715156555,0.6743268966674805,73.99052429199219,5.0706938958843235,10.326498031616211,4.1484375,0.45887936298714643
01667,0.8947845292133069,0.3344717747036028,0.2559194564819336,0.5658448338508606,0.7511903643608093,76.48992919921875,5.864002655698138,10.948614120483398,4.83203125,0.3065136644195018
01668,0.7989503279750284,0.3484853916472486,0.3596716523170471,0.6458590030670166,0.5657964944839478,67.58015441894531,4.930470081609024,8.651328086853027,3.275390625,0.2938833651241
01669,0.7619649927130488,0.29673538387231335,0.2938360571861267,0.5560388565063477,0.48846814036369324,70.33389282226562,4.245179087430847,13.4771728515625,4.19140625,0.24190384216520117
01670,0.8166790876796595,0.39185693397818017,0.20315414667129517,0.36164039373397827,0.541284441947937,69.7639389038086,4.392769548218547,13.64954948425293,3.978515625,0.43360261721239496
01671,0.7359047907013067,0.338958180484226,0.29727858304977417,0.6204745769500732,0.589500367641449,71.33146667480469,4.831661159051543,11.553791999816895,4.0859375,0.5147513955744945
01672,0.8919144978830948,0.4117523550902143,0.21061110496520996,0.38045209646224976,0.7308758497238159,73.5208511352539,2.9852155042400943,10.194710731506348,4.89453125,0.36909432647717727
01673,0.8196629164478778,0.41522586562714975,0.20720362663269043,0.3606364130973816,0.7369126677513123,74.6657943725586,3.7279602258832347,11.634478569030762,4.953125,0.4195354796086414
01674,0.8807654604277563,0.36187974170738296,0.33756232261657715,0.5420340299606323,0.5942373871803284,73.49354553222656,4.86597782505254,12.25313949584961,3.99609375,0.42380913290272965
01675,0.8116268118554364,0.4305424305424305,0.16437405347824097,0.383899062871933,0.7012171149253845,72.59394073486328,5.538381003328461,14.543468475341797,4.95703125,0.6518615244835937
01676,0.8830921130125317,0.3433442716507348,0.27969950437545776,0.49338623881340027,0.7515660524368286,74.16226959228516,4.91346238503055,10.615238189697266,4.87109375,0.4902452028738034
01677,0.7948362728971846,0.31942431408447125,0.20915508270263672,0.3920040726661682,0.7489093542098999,74.51675415039062,4.905664225710777,15.182452201843262,4.8984375,0.5103343446254016
01678,0.922080055102666,0.3450157703784283,0.4422840476036072,0.7666222453117371,0.6545834541320801,71.45687866210938,5.8107157808229175,13.306808471679688,3.712890625,0.12249668279393328
01679,0.7883682009674383,0.3639737497171306,0.3097530007362366,0.5879467725753784,0.5872189402580261,75.86448669433594,8.551678007216127,10.27220630645752,4.234375,0.5493652472763884
01680,0.8262530658100286,0.3470810770714339,0.17641019821166992,0.26573190093040466,0.7353234887123108,76.2432861328125,4.542583309217919,15.155303955078125,4.68359375,0.61638981567549
01681,0.9154486363189499,0.3466188256718625,0.26527082920074463,0.42322927713394165,0.5673580169677734,68.76847839355469,6.25009814358366,12.103195190429688,3.048828125,0.36765702399117606
01682,0.803344747175433,0.42660605335566454,0.2648811936378479,0.5378327369689941,0.6055431962013245,74.73590850830078,4.299265920733544,8.666123390197754,4.89453125,0.486725575889986
01683,0.7282200198273774,0.27545628302664615,0.24715566635131836,0.6541370749473572,0.5348488688468933,66.84051513671875,6.5488205532279755,16.28479766845703,2.625,0.37056959835942666
01684,0.7542390399789874,0.34684163128779105,0.24267315864562988,0.39483723044395447,0.5675911903381348,61.30257797241211,5.500221021044289,15.86952018737793,4.61328125,0.3812536755082878
01685,0.8711288224520082,0.35763684396506756,0.2827951908111572,0.4784151017665863,0.4902874827384949,66.75020599365234,4.239575525222188,12.201767921447754,3.771484375,0.22260705638052922
01686,0.6689429933256251,0.3165287183345874,0.3127962350845337,0.6630264520645142,0.47649523615837097,59.95879364013672,5.997823790091151,16.274822235107422,3.326171875,0.5387352200121394
01687,0.6629764153239696,0.3020167921751926,0.22743141651153564,0.37862321734428406,0.5687658786773682,74.51841735839844,2.7777071279213277,13.07613468170166,4.8828125,0.45911897239943583
01688,0.9019072392290367,0.538814640289231,0.21013551950454712,0.37124162912368774,0.4886206388473511,74.09266662597656,6.540493232207372,16.321388244628906,3.904296875,0.6242223460148734
01689,0.7001005074437707,0.27238890374056635,0.34857261180877686,0.612528920173645,0.6248132586479187,72.30424499511719,5.921077953910908,13.977943420410156,3.19921875,0.22237233804514903
01690,0.8655461854843725,0.3740258049820211,0.23898059129714966,0.46288394927978516,0.7132656574249268,74.3878402709961,3.575407006633587,10.139079093933105,4.78515625,0.3644382900137001
01691,0.7679972135685861,0.36325645780552146,0.22814875841140747,0.46276044845581055,0.6009021997451782,74.0237045288086,2.743376931429322,12.288298606872559,4.05859375,0.521134959039765
01692,0.9543399483100216,0.6866526062066888,0.2911936044692993,0.41240230202674866,0.47973358631134033,65.89212799072266,9.390622183927805,11.701292991638184,3.509765625,0.6861925992756481
01693,0.8644217078224751,0.3525228996269506,0.22207295894622803,0.4590926170349121,0.6934489607810974,75.60297393798828,3.617034663063436,10.355072975158691,4.9765625,0.37987684594857496
01694,0.8577474249710623,0.3809758623240218,0.22358644008636475,0.44077783823013306,0.5193979144096375,72.39849090576172,2.881278716445078,11.176801681518555,3.98828125,0.4045796343489287
01695,0.7524224903143015,0.33265985262657477,0.39830631017684937,0.766907274723053,0.4391741454601288,66.52836608886719,6.220717716043286,6.437621116638184,2.7109375,0.1257742653263669
01696,0.7447712756424875,0.33256021950369125,0.23475861549377441,0.4390500783920288,0.6165844202041626,74.38355255126953,2.775045263460807,11.310184478759766,4.41015625,0.3420133818014382
01697,0.940658785136842,0.6519540229885058,0.3430470824241638,0.5489206314086914,0.4632015526294708,69.36105346679688,9.942222742867992,13.610383033752441,3.224609375,0.5188056381889382
01698,0.8472838349842041,0.34754791804362195,0.2996203899383545,0.5581079721450806,0.7302024364471436,69.57146453857422,5.422548639342305,13.909608840942383,4.60546875,0.37788641291223274
01699,0.9165911995207391,0.42453180843459615,0.17935973405838013,0.3542444407939911,0.7314381003379822,74.53523254394531,4.186328310568047,14.771552085876465,4.9140625,0.5431805718955308
01700,0.8260219423033108,0.37104798062446814,0.19358736276626587,0.439365029335022,0.738787055015564,75.26339721679688,3.9475750748981087,10.534006118774414,4.9765625,0.40231922759108324
01701,0.8671846086658502,0.36742277464802725,0.24032330513000488,0.5352364778518677,0.635786235332489,73.7509994506836,3.402628606359715,12.238744735717773,4.25,0.2680546512522006
01702,0.7424962968429467,0.3267434620174346,0.24658381938934326,0.5385801792144775,0.5734062194824219,67.30089569091797,6.006895146435578,20.07621955871582,4.609375,0.6034252767576663
01703,0.7867166340533642,0.37958757824966244,0.2791692018508911,0.39257684350013733,0.7363454103469849,74.0818099975586,3.8404885246155964,13.434436798095703,4.9296875,0.5686042454158206
01704,0.7748910298292165,0.3360084596937138,0.24685931205749512,0.605318009853363,0.6765760779380798,75.30255126953125,3.392438687054504,8.547961235046387,4.875,0.3671350671049989
01705,0.6683051814804017,0.2653200272534167,0.4231022596359253,0.7425580024719238,0.6602604389190674,71.36384582519531,5.49335883329054,7.948930740356445,3.708984375,0.35526778082316307
01706,0.8159407344731235,0.373229939312205,0.29943978786468506,0.644631028175354,0.6354495286941528,74.70800018310547,5.341483760200616,7.52445125579834,4.08203125,0.5418125596809574
01707,0.9095354065928591,0.3718222715518768,0.21225792169570923,0.39230918884277344,0.6728096008300781,73.81134033203125,5.037091658668569,13.017860412597656,4.63671875,0.47499151511569
01708,0.8649877533082336,0.4636594746105208,0.2346498966217041,0.4456693232059479,0.701978325843811,77.95060729980469,4.690554448971566,12.544011116027832,4.16015625,0.677837512137131
01709,0.7508906910261977,0.29018173997204,0.28198421001434326,0.5406346321105957,0.646759033203125,71.83840942382812,5.7745388191985425,13.185054779052734,4.15625,0.49888628487768544
01710,0.7987350104452656,0.33908901458767493,0.2669346332550049,0.5030557513237,0.6839673519134521,72.56686401367188,5.492665347106759,11.111766815185547,4.859375,0.5241140985016124
01711,0.8919175164234074,0.3479928300471049,0.3376741409301758,0.6243701577186584,0.5292744636535645,72.39360809326172,6.180545255825628,10.974597930908203,3.6875,0.40059895868827267
01712,0.837269481527439,0.38648572236358497,0.24997490644454956,0.4216609597206116,0.6891619563102722,71.75979614257812,4.74712443288358,10.004615783691406,4.796875,0.5520869687838582
01713,0.8718665162868712,0.3551689426601584,0.28822529315948486,0.5929892659187317,0.6095253229141235,71.39639282226562,5.170333978557454,10.378189086914062,4.265625,0.23769257453418988
01714,0.8391932335837359,0.37167822718673993,0.2861286997795105,0.46583253145217896,0.5401537418365479,69.0108413696289,5.140713258783799,11.260184288024902,2.908203125,0.6447066316323707
01715,0.7627104093144812,0.38332844144408573,0.17617428302764893,0.45490187406539917,0.46137309074401855,76.18025970458984,4.013809925060393,10.8247652053833,4.84375,0.5408247418944114
01716,0.7307311580769152,0.3420384047267356,0.3121749758720398,0.6253771781921387,0.6597851514816284,74.62303924560547,3.7449655819129135,8.853408813476562,4.71875,0.32788680391104574
01717,0.669507997891064,0.27978547441231016,0.1959884762763977,0.2844974398612976,0.7179340124130249,75.72080993652344,6.199842711066443,15.5480375289917,4.98828125,0.7217303238520243
01718,0.7569117349716878,0.45144070367000305,0.2546808123588562,0.6364284157752991,0.6620825529098511,74.48802947998047,4.9202626966379315,9.160479545593262,4.54296875,0.5671172695354836
01719,0.7265358120236236,0.33070392003372073,0.19985336065292358,0.36942464113235474,0.6668757796287537,72.90109252929688,4.351924734128984,12.518067359924316,4.16796875,0.4628633511537946
01720,0.8737233215639932,0.5069180709555526,0.3009171485900879,0.435722291469574,0.7708987593650818,75.35578155517578,5.055430982705135,7.201793193817139,4.734375,0.1817955032383268
01721,0.8541879660852871,0.3708337947071199,0.16223537921905518,0.3347134590148926,0.7259038686752319,73.87696075439453,4.1871712620506605,12.11519718170166,4.91796875,0.4618684536365961
01722,0.8399825700987558,0.3281256591621785,0.26871931552886963,0.49380892515182495,0.6883143782615662,75.08850860595703,4.517445749677359,12.741637229919434,4.57421875,0.4563293046111749
01723,0.8871911631160688,0.3395693814358753,0.36659717559814453,0.54845130443573,0.620315670967102,72.39930725097656,6.905666429920623,10.587202072143555,3.60546875,0.160158809029319
01724,0.7835333479808361,0.337667958529244,0.18243831396102905,0.47795262932777405,0.6918848156929016,77.26049041748047,2.919232749979585,10.915185928344727,4.96484375,0.3914694033426855
01725,0.8158978906900171,0.41824601274298934,0.23334479331970215,0.44880977272987366,0.36490505933761597,70.46142578125,5.618315714085877,10.420953750610352,3.96484375,0.4893048262656379
01726,0.830733620837378,0.49635036496350365,0.2425885796546936,0.42676740884780884,0.6903043985366821,73.74276733398438,6.0847080939421385,8.130443572998047,4.72265625,0.5848138931435439
01727,0.8401012365764542,0.4303555742275522,0.357318639755249,0.5316991806030273,0.5474643707275391,71.96078491210938,4.141214778737353,8.108680725097656,3.931640625,0.41719250574084293
01728,0.27018109376189225,0.12411548794793203,0.46343564987182617,0.7965549826622009,0.5630995631217957,69.90457153320312,4.812499947075607,7.9487762451171875,3.046875,0.39104490482016396
01729,0.8385925287507779,0.43373882220252963,0.24786579608917236,0.5486466288566589,0.4999038577079773,68.9074935913086,5.451670048166911,11.021425247192383,4.30078125,0.6808091021969841
01730,0.7181324752831907,0.29507844401461425,0.3127565383911133,0.6911414861679077,0.4208967387676239,64.17047119140625,5.014550898667888,14.801091194152832,3.6484375,0.4641605701500971
01731,0.7666389928474391,0.40895192245136947,0.30783170461654663,0.5875990390777588,0.44207364320755005,68.81221771240234,3.6412964257029197,8.80235481262207,3.931640625,0.2719131878042733
01732,0.6721360755345501,0.2616700548502167,0.27481311559677124,0.5041742324829102,0.6275707483291626,75.05746459960938,6.470935657255921,11.247594833374023,4.703125,0.48855536960668866
01733,0.688080140963072,0.34866310160427805,0.3430200219154358,0.7807280421257019,0.5579667091369629,59.5374870300293,4.832473404416011,9.369216918945312,4.26953125,0.5506075054021263
01734,0.9244250208134941,0.39001253253639256,0.3247455358505249,0.4912218451499939,0.5339977741241455,67.22437286376953,5.111768522643397,13.316865921020508,3.98828125,0.297653312974347
01735,0.8093331948487484,0.42918688989474835,0.2159600853919983,0.34839633107185364,0.7934424877166748,74.75865936279297,4.1920496596275,10.023660659790039,4.9375,0.44984079766701857
01736,0.750304604237496,0.33755375059722886,0.22639185190200806,0.44504669308662415,0.7364369630813599,74.45970916748047,4.010663415786485,14.400924682617188,4.97265625,0.5174827617611025
01737,0.828554218465539,0.31801545997860375,0.3751346468925476,0.5433629751205444,0.5423864722251892,71.5534439086914,5.207522578987905,11.213726997375488,3.326171875,0.16046457973332406
01738,0.6609666881838787,0.32988397616807774,0.25960320234298706,0.509272575378418,0.7396814227104187,74.2884521484375,4.883313250531953,12.38161563873291,4.93359375,0.4774044438949882
01739,0.791876917061293,0.4404328373738425,0.2168082594871521,0.521895170211792,0.6419053077697754,68.93771362304688,4.872857371064113,12.985332489013672,4.84765625,0.6296833991086783
01740,0.7970135228661116,0.44529505582137163,0.26607972383499146,0.5047408938407898,0.35722044110298157,64.11663818359375,6.98394980862827,13.446632385253906,3.91796875,0.4863197420386384
01741,0.7394639222137361,0.3056749785038693,0.21667176485061646,0.49622854590415955,0.5152155160903931,75.00004577636719,2.362597599694416,11.667987823486328,4.84375,0.32061734617758986
01742,0.8296052579567326,0.38095474148614483,0.3213290572166443,0.5887431502342224,0.6508265733718872,75.1836929321289,4.345005996422487,7.033216953277588,4.12109375,0.24199491649863855
01743,0.7780031661183322,0.3367962997651331,0.21771830320358276,0.4476664662361145,0.6659080386161804,72.88528442382812,3.7770137656621654,10.045580863952637,4.921875,0.2813649694274539
01744,0.8184066482185194,0.4592981957664441,0.2723022699356079,0.4733920991420746,0.7013199925422668,75.93603515625,6.951460628068523,8.723383903503418,4.98828125,0.5945846687401601
01745,0.7025587350950432,0.2924681488883337,0.4481688141822815,0.6780291199684143,0.5178038477897644,65.93522644042969,6.097814488542624,10.506603240966797,3.025390625,0.24087322226650615
01746,0.7341166743048204,0.2789161312320856,0.21270394325256348,0.5166425704956055,0.678235650062561,73.80711364746094,2.306347411830598,12.690736770629883,4.78515625,0.22068233074943236
01747,0.8085970253113763,0.3442249346364107,0.2122873067855835,0.4093596935272217,0.671864926815033,74.75196838378906,3.7437436114902525,10.673267364501953,4.578125,0.34197446174637897
01748,0.8605793034711722,0.420248520201224,0.2152801752090454,0.3855431377887726,0.7184581756591797,75.42009735107422,3.4376354036335988,10.93277359008789,4.89453125,0.45691090699727943
01749,0.9380965227549319,0.3601160818866803,0.23507314920425415,0.506951093673706,0.7576549649238586,78.02674102783203,6.859280006512567,13.360876083374023,4.69921875,0.38938286407391104
01750,0.7821848635425932,0.36696783520057824,0.2740035653114319,0.5516279935836792,0.7018293738365173,75.5946273803711,4.614326601331291,11.345842361450195,4.75390625,0.5106868777374102
01751,0.6402965786574093,0.24501723362805336,0.45895737409591675,0.6951456069946289,0.4866916239261627,71.28485870361328,6.956697823910959,7.910950660705566,2.404296875,0.21125600596924154
01752,0.8005748602662879,0.37215424785826806,0.25105899572372437,0.39871740341186523,0.4571830928325653,67.42001342773438,4.1681205976907,13.404457092285156,3.111328125,0.41721744535656863
01753,0.5045173098156505,0.26479349784855283,0.21576595306396484,0.26926955580711365,0.6882649660110474,73.03063201904297,6.80816147298113,13.677545547485352,4.92578125,0.5715832856493307
01754,0.7671484064381522,0.3579356720408329,0.34384965896606445,0.5884346961975098,0.6291133165359497,71.341552734375,5.709239959570344,8.053829193115234,4.46484375,0.5005599043321594
01755,0.874858696858262,0.36922040674430734,0.17754238843917847,0.3908568024635315,0.7258294224739075,76.17546844482422,3.728928588484216,13.027682304382324,4.96875,0.4127703987735204
01756,0.7292297163000149,0.3150719772114553,0.2695879340171814,0.5758578777313232,0.49917009472846985,61.70940399169922,4.1788697885080826,17.03660011291504,4.36328125,0.5514261275376509
01757,0.8050566130732858,0.321455296090827,0.25473320484161377,0.5507658123970032,0.6708443760871887,69.70295715332031,4.547809887844528,17.115703582763672,4.5,0.5368197586505097
01758,0.8321428152393691,0.346982136226742,0.18235540390014648,0.36882132291793823,0.7788189053535461,74.89065551757812,3.4085479619547283,13.478612899780273,4.95703125,0.3386330110377617
01759,0.7197513310152971,0.3014547859150273,0.31940311193466187,0.7611461281776428,0.5542085766792297,70.6739501953125,4.539666548226552,11.1153564453125,4.03515625,0.4649990407649263
01760,0.7356350450694262,0.2985005855587767,0.24508678913116455,0.46288296580314636,0.5234785079956055,75.75972747802734,2.4664345272046435,12.37512493133545,4.19140625,0.5133550589067254
01761,0.8167014604793538,0.4083907386146192,0.16137313842773438,0.25855356454849243,0.7849813103675842,74.75038146972656,5.02808430765907,14.39952278137207,4.89453125,0.5633919535522819
01762,0.824515020838195,0.4439396272909287,0.17381340265274048,0.33371827006340027,0.7222942113876343,74.3240737915039,3.7946322674692134,13.200380325317383,4.9140625,0.5053836353319003
01763,0.662935790939697,0.27409448366913497,0.2932848334312439,0.6920105218887329,0.5020945072174072,72.62724304199219,6.757579937121167,12.886824607849121,3.822265625,0.3274112246198062
01764,0.891185766936161,0.40870867968296926,0.27775728702545166,0.3575386703014374,0.6400864124298096,71.41825866699219,7.47550417412558,15.031537055969238,4.98046875,0.5597517055677145
01765,0.7096729238930717,0.28645609126130006,0.21206289529800415,0.39492785930633545,0.6132316589355469,73.55537414550781,4.067169580976888,14.964810371398926,4.4453125,0.3528791519756496
01766,0.8717298149722714,0.39708870200344626,0.23597389459609985,0.3697572946548462,0.5071073174476624,68.41911315917969,4.053458708179876,11.381826400756836,3.744140625,0.29946670583463386
01767,0.8293964623074307,0.46091419851564125,0.20902329683303833,0.5121563076972961,0.5524008870124817,74.77545166015625,3.528843883379064,8.958325386047363,4.6171875,0.4936441321197909
01768,0.9312198980067017,0.3531752611507213,0.2788809537887573,0.5575706958770752,0.6266421675682068,73.34081268310547,5.988497184084252,11.440996170043945,4.71484375,0.19801308475995813
01769,0.6369150550055503,0.26740628677088585,0.2529199719429016,0.5067284107208252,0.5391461849212646,70.84174346923828,2.338734387662501,15.032716751098633,4.00390625,0.3759920629698422
01770,0.2667791890321637,0.16322642108605906,0.25851964950561523,0.5748323202133179,0.5369881391525269,72.04427337646484,6.341083055102139,16.779932022094727,4.21484375,0.7066295512078297
01771,0.6396770303924275,0.2547230022976768,0.3875159025192261,0.5971350073814392,0.7299896478652954,73.3290786743164,5.890700979888762,9.192481994628906,3.505859375,0.3424762429483904
01772,0.7690280275895763,0.33505854952448727,0.2200615406036377,0.29874706268310547,0.6764510273933411,72.85831451416016,5.1971600534908085,13.943279266357422,4.9765625,0.6027514317121584
01773,0.7428420558144794,0.35253474732867357,0.25394660234451294,0.503156304359436,0.6051626801490784,73.44309997558594,7.369607972245917,16.773818969726562,4.6015625,0.4432565398722231
01774,0.7762885784197646,0.49881408502098157,0.22268354892730713,0.4341256022453308,0.6547786593437195,69.44989776611328,6.0182985673620575,13.518951416015625,4.9609375,0.7336089261286669
01775,0.6436676772182413,0.3317612850608134,0.2825506329536438,0.5607150793075562,0.7004864811897278,72.87084197998047,4.681316417223618,10.29654312133789,4.2109375,0.4201218416518347
01776,0.5778101114421745,0.2558314522197141,0.3461514711380005,0.6034347414970398,0.5520462989807129,69.3425064086914,5.14891959373714,10.6817045211792,4.54296875,0.4362591976769753
01777,0.7056556612301015,0.2993594011893555,0.24996471405029297,0.44870033860206604,0.7283550500869751,77.502197265625,4.1374129584700725,12.773923873901367,4.9765625,0.42633141504496597
01778,0.9172706822279709,0.3651055548504463,0.3085622191429138,0.6146805286407471,0.4070891737937927,68.32233428955078,4.978570994187196,12.156729698181152,4.82421875,0.6779760213854832
01779,0.5699344397722124,0.20408662669766303,0.45577090978622437,0.6420612335205078,0.5079708099365234,68.690673828125,5.794793090968059,11.503573417663574,2.783203125,0.17393372393252243
01780,0.688867886288981,0.2625678354401586,0.24405920505523682,0.5819035172462463,0.6494224667549133,72.81471252441406,5.656125717933559,14.035922050476074,4.9140625,0.581169962423208
01781,0.8138710839007848,0.3520456983790994,0.1696569323539734,0.351498544216156,0.7632541060447693,73.07001495361328,3.660480767091056,12.91549301147461,4.7890625,0.4306687822976368
01782,0.7133415339279435,0.3004731350055091,0.21983957290649414,0.4026053249835968,0.6733948588371277,70.12904357910156,5.139050873858857,17.181102752685547,4.9921875,0.34543036595524707
01783,0.6032452035181199,0.2904138430159879,0.24841928482055664,0.5442194938659668,0.4258384704589844,58.63636779785156,3.9791868657421507,15.708152770996094,3.935546875,0.5499659836871409
01784,0.8365495076366584,0.3507771480232275,0.295462429523468,0.45545706152915955,0.7644150853157043,75.89503479003906,6.026077996473965,8.935416221618652,4.90234375,0.3826794635389876
01785,0.9256714553404122,0.6924962441685776,0.23876607418060303,0.3869386315345764,0.6452566981315613,74.99369049072266,8.404100433112966,10.3203763961792,4.0234375,0.7998158090467178
01786,0.9088239987174951,0.3631826470870525,0.259768009185791,0.5369138717651367,0.7522186636924744,76.12577056884766,3.675292481431531,10.282384872436523,4.91796875,0.21960016094761722
01787,0.8822446355068047,0.3331202173782742,0.24431604146957397,0.5358644723892212,0.6416784524917603,74.65058898925781,3.6461030637763496,13.204423904418945,4.53515625,0.2722096009703354
01788,0.8416236026195242,0.37892398338645805,0.25613605976104736,0.5821417570114136,0.5080416202545166,63.98283386230469,4.756061426932582,16.286989212036133,4.81640625,0.46064195827738047
01789,0.7151984736764121,0.25419562775706867,0.5251089334487915,0.8832452893257141,0.6165664792060852,69.45729064941406,5.5819564133645025,10.700321197509766,2.916015625,0.2531791588130905
01790,0.809251204728554,0.3980414746543779,0.24970173835754395,0.5091392993927002,0.7617489695549011,73.94445037841797,3.9336428225646345,12.571130752563477,4.828125,0.39840192884524045
01791,0.8979126253531223,0.42525289817617956,0.21290993690490723,0.40403658151626587,0.7395957708358765,75.30413055419922,4.0659245637254005,11.400031089782715,4.9140625,0.5169205032105785
01792,0.821320704252788,0.33323557106030904,0.365251362323761,0.660094141960144,0.6269695162773132,71.5020751953125,4.326720449693929,6.022313117980957,3.787109375,0.22519194683584998
01793,0.9222413596691543,0.351279000594884,0.2852017879486084,0.7297807931900024,0.6673117876052856,74.98934936523438,6.665062127767866,10.183195114135742,4.20703125,0.10744883031831114
01794,0.7291293231233466,0.278318617462833,0.27787333726882935,0.55184406042099,0.620663046836853,66.61705780029297,4.7634675388220575,14.654693603515625,4.37890625,0.410516196071044
01795,0.6943608671230709,0.25359583800877283,0.4106602668762207,0.7820667028427124,0.6017475724220276,72.46409606933594,6.937217569010756,9.853543281555176,3.6796875,0.20305402960488042
01796,0.8557045469283209,0.34949916448741064,0.3165324926376343,0.5295803546905518,0.5992071628570557,70.58018493652344,4.784410644620045,9.618366241455078,3.958984375,0.2564560446313087
01797,0.8362347661270815,0.4224315388933941,0.18811821937561035,0.33343809843063354,0.6592133641242981,72.55194091796875,3.1897385846567308,12.121033668518066,4.7421875,0.5759619120955358
01798,0.8403723593320926,0.425341956160934,0.26440006494522095,0.49243175983428955,0.6460710167884827,75.692626953125,6.68148711840028,11.271777153015137,4.3828125,0.44313829418375295
01799,0.6407478759384431,0.28584658126254053,0.35749179124832153,0.7954514622688293,0.6187043190002441,72.31391906738281,5.332182233323893,10.407675743103027,4.9453125,0.588025879788346
01800,0.6861120596981934,0.25690253470126734,0.27500003576278687,0.6282973289489746,0.6004919409751892,74.34503936767578,3.687598919677825,12.942554473876953,4.484375,0.4202717191448131
01801,0.8229140440044668,0.3775436315003916,0.28066742420196533,0.5222193002700806,0.4874038100242615,71.23394012451172,2.503032102944115,11.56548023223877,4.12890625,0.3153330821235413
01802,0.7587358869877309,0.3003274598471854,0.1935541033744812,0.502125084400177,0.5800445079803467,75.13138580322266,3.148437496384633,10.592639923095703,4.59765625,0.39857238348034824
01803,0.6535833064431472,0.3277871553733623,0.2203255295753479,0.5084813833236694,0.6364510655403137,74.33755493164062,3.5475729356661807,10.300069808959961,4.890625,0.5051505234801321
01804,0.882689397562532,0.40055742948992035,0.28616851568222046,0.4392838180065155,0.5041285753250122,70.33177947998047,4.234122525545786,12.760324478149414,3.91796875,0.3871593166156017
01805,0.6741299396775108,0.2463443893265895,0.5584709048271179,0.6948401927947998,0.5731377005577087,72.41398620605469,6.673037604522123,11.573070526123047,3.259765625,0.20981235736621967
01806,0.6443975523233173,0.25470949831449535,0.3829759359359741,0.8456672430038452,0.5073134899139404,65.95592498779297,5.855383522174662,11.417430877685547,2.697265625,0.4537916625453861
01807,0.8694166123240853,0.3458416722259284,0.3012257218360901,0.6433819532394409,0.6348402500152588,73.84217834472656,3.5710962548639893,7.374061584472656,4.921875,0.12389429740513799
01808,0.7921511672356258,0.3219475481966074,0.21417778730392456,0.47795018553733826,0.7441367506980896,71.21419525146484,5.084155125612138,14.388717651367188,4.6640625,0.48291397058805835
01809,0.8619537304161139,0.4062522406252241,0.22524809837341309,0.44704434275627136,0.5565138459205627,73.7938003540039,4.091694063058703,13.339515686035156,4.62109375,0.4452789184293253
01810,0.7009102664540773,0.27525720641394014,0.32976192235946655,0.5570462942123413,0.5699549317359924,70.7962646484375,3.626642758769255,11.610750198364258,4.1875,0.18097706538339098
01811,0.8298602366707329,0.3547160845806605,0.32025474309921265,0.6038254499435425,0.37689703702926636,71.43861389160156,4.757620456984918,9.839189529418945,2.73828125,0.2271315420592418
01812,0.8230394192657714,0.3812434769643656,0.22545897960662842,0.4924054741859436,0.5603121519088745,68.2768325805664,3.0150383043581526,12.343974113464355,4.0546875,0.439466361081799
01813,0.8609555599759088,0.3919738311791926,0.20170670747756958,0.44615671038627625,0.6215914487838745,71.48143768310547,3.470180806933486,7.96397590637207,4.86328125,0.39284550177449645
01814,0.6826744893807317,0.30162546198284834,0.35150259733200073,0.6120396256446838,0.5201503038406372,66.65223693847656,5.08577023524917,13.870115280151367,3.626953125,0.432521289289084
01815,0.35723879288816146,0.15384615384615385,0.4263308644294739,0.4750208258628845,0.6569663882255554,71.84415435791016,5.3980348472469695,9.502535820007324,2.390625,0.25935485568708383
01816,0.7449121429849765,0.2990377498149519,0.2709991931915283,0.6149978041648865,0.7555198073387146,74.93279266357422,5.0990578593073685,11.753202438354492,4.94921875,0.2894927348699437
01817,0.9112840165280153,0.43841764251322596,0.3844882845878601,0.49106037616729736,0.7483547925949097,73.52458190917969,4.920756659998358,7.6390790939331055,4.8515625,0.33290415082032615
01818,0.7759922896024785,0.38177984586302166,0.24757146835327148,0.47234785556793213,0.5425848364830017,69.56076049804688,4.262052648879641,13.572818756103516,4.30859375,0.343064861695375
01819,0.7910270978217019,0.29287657134455636,0.26380807161331177,0.47195711731910706,0.6240018606185913,71.57572937011719,4.989930165545059,12.183755874633789,4.1953125,0.2905164561070687
01820,0.8892047205671666,0.34107754179545985,0.21706438064575195,0.5151541829109192,0.7356440424919128,75.5310287475586,4.862084929593887,13.507796287536621,4.94921875,0.3564619765536822
01821,0.8248407926512454,0.47871134855107655,0.19940155744552612,0.38375335931777954,0.5897995829582214,69.20777893066406,4.183264198268743,15.49575424194336,4.44140625,0.675147001537653
01822,0.8301395024874271,0.4179500932240186,0.15877795219421387,0.37400856614112854,0.6058339476585388,73.37248229980469,3.2800110532636104,10.363519668579102,4.859375,0.5044127724204396
01823,0.6294330515834299,0.3068491766845136,0.24937200546264648,0.4652933180332184,0.6525471806526184,73.34761047363281,3.3192837079437574,11.070910453796387,4.81640625,0.3534247782272681
01824,0.8390988957981079,0.38791727392601844,0.2230176329612732,0.42472413182258606,0.717648446559906,75.50599670410156,3.688398780195418,9.60000228881836,4.9453125,0.4081995956898994
01825,0.6503931564886278,0.2528584118978709,0.4269057512283325,0.7675002813339233,0.7186827659606934,75.23428344726562,5.553956299055335,9.857354164123535,4.46875,0.3000978029316004
01826,0.869776482867807,0.3468413683145447,0.2711578607559204,0.5576118230819702,0.6556264758110046,75.17916870117188,3.738565001556098,12.022106170654297,4.87890625,0.28017306923642754
01827,0.6952344596232869,0.32829178625560324,0.2804996371269226,0.4482388198375702,0.6713176965713501,72.39891815185547,4.6360526470168075,13.025850296020508,4.62109375,0.5118019844214412
01828,0.8699073510413659,0.44115261934367733,0.36064738035202026,0.5491887331008911,0.6175597310066223,74.60538482666016,5.393113407112256,4.090114116668701,4.3359375,0.10742205284619089
01829,0.8844238198491813,0.3454519235391197,0.2795817255973816,0.45421138405799866,0.5263274908065796,71.58329010009766,5.12508558509756,10.62956428527832,3.60546875,0.4659033998015688
01830,0.8165991198545488,0.323578007786535,0.3599276542663574,0.5715683102607727,0.5019077658653259,68.15738677978516,3.5024790285888887,9.963479995727539,3.837890625,0.16954722613175718
01831,0.6513448011140469,0.29213666830145496,0.23194652795791626,0.44473573565483093,0.691447377204895,72.91276550292969,5.294620298979217,9.107324600219727,4.91796875,0.4563325615673989
01832,0.7665504123037213,0.35835924774174444,0.2518429756164551,0.43630629777908325,0.6489167213439941,71.42975616455078,5.397472607470982,13.728031158447266,4.85546875,0.6338594399743994
01833,0.8301351432461584,0.45169449965154995,0.12200772762298584,0.22354838252067566,0.7226405143737793,76.00052642822266,3.7209254310553885,13.718770980834961,4.98046875,0.6943690371871925
01834,0.8047396280376043,0.34466359888465026,0.28189003467559814,0.6205881834030151,0.5758114457130432,67.92416381835938,5.53535224457265,13.820815086364746,4.7421875,0.3618185836972932
01835,0.8264227028155241,0.3382107931908729,0.22720062732696533,0.4771292209625244,0.6916995048522949,77.16786193847656,4.482137564277361,10.940552711486816,4.9453125,0.34606965203969586
01836,0.655646694629656,0.2731725079654074,0.2849223017692566,0.4803548753261566,0.5203215479850769,70.1882553100586,3.4681239375622455,11.553467750549316,4.59765625,0.350332224153901
01837,0.8518978812119792,0.47778829767089565,0.3333732485771179,0.6305209398269653,0.5857946872711182,76.69947052001953,5.992278390733484,7.906435012817383,4.34765625,0.4751165138993968
01838,0.6930781614742534,0.3238655462184874,0.2367653250694275,0.46079596877098083,0.7892351746559143,75.9620590209961,4.8376908265472265,12.22181510925293,4.984375,0.4927699500109178
01839,0.8582328738612953,0.4706202147419925,0.21834248304367065,0.3631381392478943,0.6131726503372192,76.65459442138672,5.787240737157742,11.86773681640625,4.91015625,0.7247447490031176
01840,0.7969282330709064,0.41412250200603723,0.28348785638809204,0.4573707580566406,0.5070614218711853,74.80957794189453,4.5577380718267095,12.244647979736328,4.00390625,0.49863573163166863
01841,0.8748334576103584,0.5544739797828528,0.20726913213729858,0.3637332320213318,0.5799694657325745,72.8363037109375,4.349828179860406,9.308730125427246,4.5859375,0.6050117353104806
01842,0.8170324661308573,0.32775619495735886,0.29755866527557373,0.47958439588546753,0.7712522149085999,74.91070556640625,5.309925522367136,11.826364517211914,4.59765625,0.3844685160759531
01843,0.8929012481266101,0.3471384952634463,0.29435861110687256,0.46506959199905396,0.6967118382453918,76.47920227050781,4.358745000854393,9.411371231079102,4.9140625,0.28707155192828887
01844,0.8562954888214218,0.3637201140601009,0.24815678596496582,0.48984652757644653,0.6678386926651001,69.5567855834961,4.88628543970076,14.244848251342773,4.171875,0.5616496138469083
01845,0.8240950215047074,0.42376299749013985,0.19706666469573975,0.35733121633529663,0.593358039855957,70.82588958740234,5.357338804816182,12.981915473937988,4.15234375,0.4422189043019691
01846,0.8691963844443631,0.4312568565244463,0.1788225769996643,0.3288768231868744,0.6109537482261658,73.34149932861328,3.819122421555497,12.731894493103027,4.8125,0.5169117816569501
01847,0.6947070742219392,0.2828866486353578,0.2461758852005005,0.6150365471839905,0.638148307800293,68.5881118774414,7.98438892764909,14.442206382751465,3.634765625,0.5285062365183334
01848,0.7595766543182606,0.3271347720629392,0.29908907413482666,0.58857262134552,0.6949308514595032,71.17655944824219,5.507068224125293,10.45944595336914,4.04296875,0.48203365248249785
01849,0.8817577561115391,0.3376729367265422,0.306898832321167,0.6128615736961365,0.6283924579620361,70.59617614746094,5.14736901148005,8.039995193481445,4.61328125,0.13173595324239307
01850,0.5467046544321859,0.26798841612831364,0.3093034625053406,0.6914849281311035,0.5632981061935425,74.4598617553711,3.6109463644694473,9.821879386901855,4.5546875,0.3903201133468109
01851,0.8242739175330659,0.44114885390776026,0.23580312728881836,0.5012118816375732,0.564602792263031,71.94081115722656,4.068450872790365,13.516923904418945,3.765625,0.556707228587053
01852,0.856379280001172,0.43264873057976505,0.2585914731025696,0.40169763565063477,0.7581842541694641,74.69999694824219,4.806011899716681,10.350947380065918,4.96875,0.40981791281491875
01853,0.8609336809060785,0.38334670947030497,0.21832263469696045,0.29405370354652405,0.6593832969665527,73.46165466308594,3.655238254487207,16.715730667114258,4.94921875,0.5727531930624203
01854,0.7628778249543886,0.3111301748948417,0.2670596241950989,0.5299402475357056,0.6280837655067444,76.37107849121094,2.8447994553734093,10.356344223022461,4.92578125,0.2707009022429144
01855,0.8463984258473931,0.33032469815965304,0.2595822811126709,0.5139086246490479,0.5399273633956909,70.42518615722656,5.248099919577293,15.161747932434082,3.884765625,0.36236906498537946
01856,0.7280586470095375,0.3523588000238564,0.20192062854766846,0.4486052989959717,0.5733612775802612,72.5582046508789,3.5292958772251937,12.862945556640625,4.92578125,0.5119576174014724
01857,0.8808591426717725,0.45559965536236385,0.21663659811019897,0.2988538146018982,0.6341162919998169,74.03254699707031,4.273008480636451,13.550262451171875,4.5859375,0.42348012036464805
01858,0.9096751127985196,0.37019410227696903,0.2210150957107544,0.4797050952911377,0.7391073703765869,73.85926818847656,3.9724381433165292,12.206497192382812,4.921875,0.2793967811388198
01859,0.8207330259162109,0.350329964941225,0.18118703365325928,0.4098607301712036,0.5828651189804077,70.08589935302734,3.977094141488264,13.609380722045898,4.6484375,0.44845131110358766
01860,0.8122671370226926,0.353767591282875,0.33074480295181274,0.5826176404953003,0.6611213088035583,70.72573852539062,5.115299453228546,9.97806167602539,4.77734375,0.40800730120008893
01861,0.8252816289913274,0.3909769425563108,0.25493884086608887,0.4906119406223297,0.5173760652542114,69.53694915771484,7.567766022133656,17.419782638549805,3.9375,0.45180851235126857
01862,0.7579541723350225,0.3299217338952438,0.16352641582489014,0.26572173833847046,0.7449331879615784,73.72027587890625,5.017964788568004,15.018487930297852,4.77734375,0.6721137022752501
01863,0.7242375570346967,0.29590562816887056,0.3471384644508362,0.566991925239563,0.42855048179626465,64.8558578491211,6.780917175997664,16.45600128173828,2.904296875,0.4125613824269135
01864,0.8869860956260198,0.4152276997405386,0.3524583578109741,0.4876844584941864,0.5296619534492493,68.70049285888672,8.439380304495245,10.971399307250977,3.751953125,0.7096738246907367
01865,0.8479738200353807,0.32673953071946216,0.26799148321151733,0.5264511704444885,0.7499653100967407,74.34127044677734,6.567482873399307,14.001989364624023,4.5546875,0.49924562708841125
01866,0.8175079351841404,0.45508513275490897,0.2951886057853699,0.5339964032173157,0.6594651937484741,72.51270294189453,5.579772868892432,11.938251495361328,4.96484375,0.5904840999706138
01867,0.8885525831436603,0.5179408505923464,0.28562045097351074,0.5923142433166504,0.6385628581047058,75.54994201660156,3.266175227180145,8.577417373657227,4.82421875,0.49705712556753734
01868,0.8501567537458655,0.3634226170596487,0.18204128742218018,0.38033363223075867,0.6416704654693604,73.96862030029297,3.3526052914328304,12.787996292114258,4.9453125,0.3931681417023531
01869,0.6341113887354768,0.3200394866732478,0.34818875789642334,0.6273157000541687,0.6178935766220093,69.37847900390625,7.173336329857272,11.567892074584961,3.5859375,0.35889503813332224
01870,0.9436912089835965,0.6609297825754875,0.13437360525131226,0.2373744547367096,0.6884174346923828,71.42913055419922,5.3191269238016945,14.08425235748291,4.94921875,0.825278234492152
01871,0.7936238532746419,0.347074227921257,0.19602888822555542,0.3810158967971802,0.6239372491836548,72.69932556152344,4.7072461605151865,12.312594413757324,4.24609375,0.5018553044751389
01872,0.9010806816335736,0.3507820646506778,0.35062772035598755,0.7143024206161499,0.5416624546051025,70.70561218261719,4.433203414468839,10.369251251220703,3.896484375,0.2720439345819291
01873,0.8491274169708608,0.4088506800084561,0.24882006645202637,0.44553035497665405,0.7396140098571777,75.35368347167969,5.8183425826586115,11.891714096069336,4.6875,0.7210711755948831
01874,0.7850862654810076,0.3288925895087427,0.20122003555297852,0.41410598158836365,0.7210465669631958,75.60187530517578,4.412404181647082,15.512144088745117,4.8515625,0.45766312946907317
01875,0.8722098589194531,0.4900089047195013,0.17886382341384888,0.30366942286491394,0.7711445689201355,73.65928649902344,4.194471957425064,13.40291976928711,4.9453125,0.49867405397098696
01876,0.23867307096943244,0.11389071757735353,0.39727240800857544,0.7404428720474243,0.48666542768478394,72.6846694946289,5.445297716819637,5.19077205657959,3.51953125,0.265803526565417
01877,0.7941676622754787,0.3537626066718386,0.3873645067214966,0.5636118650436401,0.5960058569908142,69.98253631591797,5.402530619406277,13.701981544494629,3.91796875,0.4054961926464541
01878,0.8595850425506969,0.4304301439017409,0.23861980438232422,0.4166150689125061,0.7221384644508362,75.15531921386719,3.343312768016869,9.487464904785156,4.984375,0.3722611485125016
01879,0.8230396413381027,0.3979320383476384,0.3019174337387085,0.5555689930915833,0.5379672646522522,66.55452728271484,5.6868609483214625,13.903520584106445,3.74609375,0.5594473690060877
01880,0.8200885566195056,0.3438207333635129,0.22491121292114258,0.4266030192375183,0.7156449556350708,73.9975357055664,6.638845183449057,14.665986061096191,4.9453125,0.6664653688197605
01881,0.906415958026322,0.36510161177295025,0.23126327991485596,0.5609579086303711,0.6211091876029968,75.08798217773438,3.5919697558878125,10.574138641357422,4.8828125,0.4136105261806809
01882,0.8956924830249314,0.3692620955247665,0.2552531361579895,0.42250004410743713,0.7383543252944946,72.9731674194336,5.099136405150222,8.982500076293945,4.71484375,0.1843011739661888
01883,0.8187621069970108,0.3541213275299238,0.20830607414245605,0.5002070665359497,0.614203155040741,69.44902038574219,3.8968586261768694,13.408853530883789,4.18359375,0.3367804308287276
01884,0.8305696447139777,0.34825538233110614,0.2865930199623108,0.5951917171478271,0.6796819567680359,73.31070709228516,3.9408734701019044,11.68438720703125,4.7578125,0.3397430990944114
01885,0.5653200671168904,0.2992492333721053,0.2696676254272461,0.4539632797241211,0.598979115486145,69.512939453125,7.848774615393487,14.498086929321289,4.828125,0.6971006072550314
01886,0.8815144331775103,0.3494501149712312,0.23078018426895142,0.4997047781944275,0.6317775249481201,72.99736022949219,4.07970749211328,15.695993423461914,4.10546875,0.37496596652746195
01887,0.6850571567738972,0.28288836168008824,0.3163636326789856,0.4526938199996948,0.7457538843154907,75.5632553100586,6.979798081265871,7.432627201080322,4.98046875,0.4281236104114211
01888,0.8106836225727744,0.36481333119692355,0.27607113122940063,0.466715931892395,0.5875228643417358,68.91425323486328,4.16416529726277,15.513370513916016,3.923828125,0.3507859008902189
01889,0.842296817679183,0.4474005472532098,0.2291380763053894,0.2779829204082489,0.771869957447052,74.76139068603516,4.850386950392538,16.194950103759766,4.89453125,0.6262285516691358
01890,0.7606324273780583,0.29313177785080513,0.33004045486450195,0.5777954459190369,0.6789847612380981,72.83308410644531,6.263319456352476,13.969654083251953,4.28125,0.6581673690994966
01891,0.8206114406017472,0.35714170989865246,0.2009311318397522,0.4243881106376648,0.5844491124153137,71.33235168457031,4.598985728748577,14.238253593444824,4.69921875,0.48181450147904603
01892,0.9085532620695116,0.527014839714684,0.22477662563323975,0.39472708106040955,0.6077005863189697,72.62863159179688,4.576410314251423,10.75013256072998,4.53515625,0.4314097875137492
01893,0.8778623091261079,0.5359247648902822,0.15102076530456543,0.3967961370944977,0.5656500458717346,64.33025360107422,7.202150516329949,20.0069522857666,4.73046875,0.7405056406719492
01894,0.8231517944872276,0.42937319076032376,0.26000452041625977,0.6351022720336914,0.6080703735351562,75.62560272216797,4.7993206158237465,12.905061721801758,4.01953125,0.7747064407610146
01895,0.730054250812702,0.2978656026347457,0.2944311499595642,0.6100732088088989,0.6639001369476318,71.23976135253906,6.6279391716288085,10.203636169433594,3.736328125,0.3757507836530685
01896,0.8015939946820605,0.3407265378038037,0.2975831627845764,0.43971899151802063,0.7045451998710632,71.5933837890625,4.529074771743787,11.19603157043457,4.421875,0.34040225589802797
01897,0.9004045412395916,0.34835577753401636,0.2639431357383728,0.5104696750640869,0.7127417922019958,76.06157684326172,4.488980300297179,10.060905456542969,4.890625,0.36737224726719886
01898,0.6600543507278984,0.34187469003141013,0.2455815076828003,0.560847282409668,0.5714024901390076,73.61195373535156,4.077292305259748,13.156335830688477,4.31640625,0.6119402686690683
01899,0.6622182341360063,0.2827847885402456,0.1683560609817505,0.4046144485473633,0.5676156282424927,73.75888061523438,4.550128991276772,14.41054916381836,4.74609375,0.3898649063904725
01900,0.7986086601792477,0.38128879245092595,0.22810733318328857,0.42248475551605225,0.7231478095054626,73.21501159667969,3.963669106894998,12.673286437988281,4.96484375,0.3441922023599069
01901,0.7376412320908603,0.28385310642455824,0.342859148979187,0.5880739688873291,0.604415237903595,73.44071960449219,5.2225529548883225,15.481709480285645,2.9453125,0.32692642906010283
01902,0.3832383662226964,0.20880084960982592,0.3685094118118286,0.5546594858169556,0.46293604373931885,64.69315338134766,6.970164871683916,7.349220275878906,2.697265625,0.3147976939284603
01903,0.809179953276545,0.3253917731034389,0.20473086833953857,0.43872761726379395,0.62177574634552,73.86280822753906,4.208089644591183,14.453241348266602,4.1015625,0.39549945608330855
01904,0.8407429107128281,0.41933474022711287,0.1948838233947754,0.332439124584198,0.6932672262191772,73.9959487915039,3.528547257309012,12.020646095275879,4.91796875,0.5333621234996905
01905,0.9051333095228639,0.43751045675087835,0.4170832633972168,0.5675157904624939,0.6914342641830444,75.2898178100586,7.627333503186394,5.1017656326293945,4.75,0.038850202323637055
01906,0.8642109810575369,0.36317703268360746,0.200822651386261,0.46205735206604004,0.6959948539733887,73.52964782714844,4.51453580955827,14.640149116516113,4.41015625,0.30955916521068677
01907,0.7362129135085516,0.2626466702929521,0.3084203600883484,0.5695530772209167,0.6897624135017395,73.17408752441406,6.586392797062382,11.556266784667969,3.794921875,0.38795684165398575
01908,0.78589467502474,0.3261018302069673,0.2779674530029297,0.5801845192909241,0.7215310335159302,73.98564147949219,5.033219693076646,9.640729904174805,4.8359375,0.22868650034540447
01909,0.7963399784447422,0.3906114671747791,0.18677890300750732,0.36236777901649475,0.3752378523349762,69.03981018066406,3.793131240971636,13.678977966308594,4.11328125,0.5807427512790875
01910,0.7606417691777421,0.335109926715523,0.21487444639205933,0.35378938913345337,0.6310634613037109,76.0755386352539,3.154191237617199,12.719114303588867,4.71484375,0.5078759366246756
01911,0.7841364207835829,0.28272828879566864,0.24564313888549805,0.5261255502700806,0.7174856066703796,75.49504852294922,4.394655545731277,10.05892562866211,4.87890625,0.2824989033184075
01912,0.7349654726276592,0.3113855654187572,0.44735002517700195,0.7413666844367981,0.48854291439056396,68.62632751464844,4.382310945478816,10.60971736907959,4.4453125,0.4626643787354775
01913,0.6988438905210411,0.3348132851488556,0.27887749671936035,0.5196079015731812,0.5560100078582764,71.347412109375,6.294432878107247,10.293506622314453,4.06640625,0.3828101547378131
01914,0.7983410081351858,0.31342777740120653,0.1937401294708252,0.37787866592407227,0.6485766172409058,72.25054168701172,4.482840834657455,17.317739486694336,4.8203125,0.4903442633987631
01915,0.811553266703677,0.38308325194589954,0.17304831743240356,0.30789875984191895,0.6651325821876526,73.8879623413086,4.9118894274781,14.393401145935059,4.796875,0.6044573310639403
01916,0.7919336427259506,0.3269956527970191,0.24518811702728271,0.5422680974006653,0.6404853463172913,69.41822052001953,6.2401200799503265,14.914335250854492,4.5234375,0.39523825537175655
01917,0.8161143274324468,0.42152803914188935,0.26348161697387695,0.5516229271888733,0.4945868253707886,69.39319610595703,6.333111646596492,15.579146385192871,4.37890625,0.6834220700856175
01918,0.8179470009394278,0.38227458507768936,0.21762347221374512,0.44234636425971985,0.7334191203117371,73.36636352539062,3.3182292903940573,11.39133071899414,4.91796875,0.4070351800384143
01919,0.7733927806593998,0.29557259096861527,0.2700345516204834,0.4883127808570862,0.6899462342262268,74.14561462402344,3.2818481289549,8.944695472717285,4.8671875,0.29121048186056037
01920,0.49022556965166303,0.1817029702970297,0.5091441869735718,0.7281409502029419,0.4631476402282715,68.41505432128906,5.275077948068513,10.897274017333984,2.03515625,0.16314320879079605
01921,0.7803632620532205,0.4252394366197183,0.37725698947906494,0.6582083106040955,0.3251460790634155,62.07353210449219,5.24577255963493,11.897308349609375,2.396484375,0.4423980663880463
01922,0.7196595280064094,0.36401452391863787,0.21331775188446045,0.5129586458206177,0.6089657545089722,74.73731231689453,3.526201709179195,10.635672569274902,4.94140625,0.35960888322029183
01923,0.7747381094807091,0.2785280305643257,0.42678147554397583,0.7074405550956726,0.6259976625442505,70.15901947021484,5.466351373984802,10.911165237426758,3.4609375,0.22939439123500924
01924,0.7537222080931615,0.3505321100917431,0.18366539478302002,0.3728463649749756,0.7496522665023804,74.9620590209961,4.117305849662987,14.096077919006348,4.97265625,0.5415699093652118
01925,0.6001000607443875,0.21462321462321463,0.2660471796989441,0.5505163073539734,0.6628380417823792,70.90679168701172,3.7136981833919025,11.62009048461914,4.69140625,0.370652359610749
01926,0.7343272516861653,0.36266924564796904,0.2792202830314636,0.5327053070068359,0.36699551343917847,58.20703887939453,4.053464703593531,17.92151641845703,3.193359375,0.5576863295702958
01927,0.7997270864093943,0.41912332370685956,0.17895299196243286,0.3317944407463074,0.8017458319664001,74.37757110595703,3.8959333071791162,14.957257270812988,4.96875,0.6069057044185613
01928,0.7790178131017859,0.3825656157222738,0.2422211766242981,0.41137176752090454,0.742017388343811,73.78720092773438,3.41938818215702,12.49264144897461,4.703125,0.44105040718399896
01929,0.7618831882355207,0.31874064481407355,0.17781901359558105,0.35649892687797546,0.6673732995986938,76.81324005126953,3.52459886960158,15.272685050964355,4.828125,0.33520189050268795
01930,0.7853320263693934,0.39687080389981905,0.16787171363830566,0.3195720613002777,0.5279002785682678,70.93856048583984,3.932671751341669,15.533180236816406,4.25390625,0.4948059559786481
01931,0.7807744234055863,0.32926541681405497,0.27712345123291016,0.5585803389549255,0.6616500020027161,71.6555404663086,4.336532464934061,7.980313777923584,4.953125,0.4028539832990135
01932,0.8572373532096886,0.351604621309371,0.2537299394607544,0.5328239798545837,0.5790573358535767,73.95262908935547,4.02370484265114,9.0900297164917,4.1875,0.28677809149027367
01933,0.7226678453084912,0.2978349912229374,0.24412089586257935,0.4005340337753296,0.7232620120048523,76.70819091796875,5.475244549865986,11.38040542602539,4.98828125,0.5345326877963227
01934,0.8862780556263004,0.3934795620180967,0.3152211904525757,0.46581384539604187,0.7512764930725098,74.94173431396484,4.78403041245097,5.695534706115723,4.9921875,0.30650687927895237
01935,0.7200239119478322,0.3454358462928912,0.23606079816818237,0.48409754037857056,0.714919924736023,76.81021118164062,5.633617767045981,11.631832122802734,4.80859375,0.5364275761344878
01936,0.854503239021709,0.3355097258424677,0.5200440883636475,0.6371493339538574,0.5481578707695007,67.47700500488281,6.242462220149941,6.978692054748535,2.048828125,0.15601098186281365
01937,0.6695388179666143,0.316904416161271,0.21263015270233154,0.35999971628189087,0.7132663726806641,74.9498291015625,3.195763820791753,14.820279121398926,4.79296875,0.4298017221553572
01938,0.8214019820525276,0.30561031488092066,0.309489369392395,0.6606860160827637,0.6155552864074707,73.2447280883789,5.494141866569111,14.72307014465332,4.51171875,0.264125188177377
01939,0.751005160655594,0.3944462809917355,0.35915321111679077,0.6939280033111572,0.3831857144832611,69.8664779663086,7.505047825111398,6.817451000213623,3.486328125,0.34571176454234753
01940,0.832134823259183,0.36667098781436347,0.30081260204315186,0.6063104867935181,0.5536948442459106,67.88511657714844,5.120598338837521,14.01735782623291,3.25,0.3941863646047163
01941,0.7936813678539303,0.3857196122296793,0.18441390991210938,0.43408066034317017,0.6355137228965759,71.87500762939453,4.432144953940951,15.130821228027344,4.83984375,0.602486318044295
01942,0.9261559311731168,0.3934489901605386,0.25203937292099,0.48511427640914917,0.6616228818893433,74.36930847167969,3.5385669542912837,8.752974510192871,4.41796875,0.2956686637867645
01943,0.8224573258433813,0.31633749276919265,0.3390447497367859,0.5759294033050537,0.7172057032585144,71.99778747558594,6.54630472803866,8.875761985778809,4.58203125,0.23318793813353467
01944,0.8392875578443226,0.4036269306742188,0.29810285568237305,0.5723095536231995,0.5692394375801086,74.91912841796875,4.339196991791713,9.808196067810059,4.19140625,0.4818545164207979
01945,0.7936608242457295,0.31270609109016956,0.2871735692024231,0.5691151022911072,0.7142380475997925,73.09642028808594,5.388726571054783,10.84399127960205,4.74609375,0.37971877913937613
01946,0.6842853995909103,0.33796777546777546,0.16818666458129883,0.3333722949028015,0.7039881944656372,74.87708282470703,5.656448325195349,15.144916534423828,4.9375,0.47086798812556296
01947,0.5825442679789173,0.2664867599932535,0.3298947811126709,0.5565671324729919,0.6900128126144409,66.1167984008789,6.426551982141659,10.428537368774414,4.203125,0.4179470394087416
01948,0.6108615182907705,0.31784040210086406,0.24335908889770508,0.4668245315551758,0.6546331644058228,71.27749633789062,3.8716525952998513,13.307061195373535,4.875,0.5496497883257895
01949,0.8010878405741422,0.33793622184692673,0.23103731870651245,0.47442030906677246,0.6552229523658752,75.94552612304688,2.7419541184333327,10.332480430603027,4.84765625,0.3290041693955079
01950,0.773714185126594,0.3640529394323297,0.25264787673950195,0.45657479763031006,0.5939909219741821,70.38972473144531,4.541142326050764,9.343934059143066,4.5234375,0.41386537308016574
01951,0.8797047502531481,0.3491834014773318,0.23574388027191162,0.46089673042297363,0.8385135531425476,73.74527740478516,5.1801197486068515,17.181129455566406,4.75,0.5516006260025627
01952,0.8538886548240228,0.3708150152181265,0.2163454294204712,0.3869442343711853,0.6953203082084656,75.45989990234375,4.2595180742581,12.408208847045898,4.53515625,0.47856562084822474
01953,0.8747918614504957,0.35854307245234696,0.23468858003616333,0.4756587743759155,0.7507049441337585,74.43571472167969,3.8880021030568903,13.984532356262207,4.7421875,0.3578654251642307
01954,0.8206565340142669,0.46270404297816653,0.22176629304885864,0.3709869980812073,0.7100821733474731,71.95632934570312,5.806832907120261,13.7636079788208,4.52734375,0.6834643349592011
01955,0.8096648481710688,0.32281167108753317,0.22007471323013306,0.491693377494812,0.6475551724433899,72.96832275390625,4.527294466357079,14.574905395507812,4.1171875,0.42188350542658204
01956,0.8298335341191667,0.3356896059847212,0.2385755181312561,0.6078663468360901,0.6624528169631958,75.25951385498047,3.573852125929572,9.761980056762695,4.91796875,0.4214045853234397
01957,0.7803274608160239,0.3465698665569337,0.24143213033676147,0.4468326270580292,0.6077859401702881,74.11955261230469,3.1695270253846655,9.946828842163086,4.88671875,0.37729650697421646
01958,0.7873000235688996,0.46704253378658483,0.1965959668159485,0.3835386037826538,0.7242000102996826,73.06259155273438,4.071346483986589,10.476351737976074,4.98046875,0.49025535096214296
01959,0.8927445256547215,0.33891235070083164,0.20272785425186157,0.3602776825428009,0.6820571422576904,74.36579132080078,5.2385174913074275,15.51240062713623,4.8359375,0.5406719716524273
01960,0.8452164160556174,0.4258741559502817,0.20523756742477417,0.3735632598400116,0.6155866384506226,71.26834106445312,5.227913139593705,15.416133880615234,4.91015625,0.6122205328347169
01961,0.8731711124166269,0.41584236143821635,0.25778383016586304,0.5052642226219177,0.7102808952331543,74.2850570678711,3.7874686697846736,10.539107322692871,4.9140625,0.45513114113834996
01962,0.8231847816784054,0.3681133017953163,0.3259199857711792,0.5587275624275208,0.7214736938476562,75.93988037109375,3.7049361271786245,4.62532377243042,4.9375,0.20934287589490602
01963,0.8577069704072291,0.3605187953396351,0.2715516686439514,0.5144786834716797,0.6487538814544678,72.59923553466797,6.2933575046631285,8.856685638427734,4.69140625,0.31852312295670954
01964,0.7450612447415568,0.2890450010181226,0.42139697074890137,0.7301008701324463,0.46427711844444275,59.88119125366211,6.535246794308785,12.614150047302246,2.26171875,0.2271913382148127
01965,0.914660587116335,0.4182062178483561,0.1919901967048645,0.40069031715393066,0.6003532409667969,74.79334259033203,4.137756174953274,10.991392135620117,4.32421875,0.3958636310386878
01966,0.3915049428826112,0.150605831124574,0.30274659395217896,0.5865583419799805,0.5958545804023743,75.00577545166016,3.370381563417614,8.839166641235352,4.68359375,0.3052765276040042
01967,0.7371600226316742,0.36638543145936014,0.3450625538825989,0.6667066216468811,0.3682182729244232,75.25979614257812,4.907940355040498,8.494585990905762,3.4609375,0.2910455292008069
01968,0.8752842789217771,0.48315101432587126,0.2373960018157959,0.4796954095363617,0.7303566336631775,75.67977905273438,4.642017324487874,8.941154479980469,4.7734375,0.59426783516201
01969,0.6814053698954293,0.33070020222446916,0.33696871995925903,0.6004396080970764,0.4102182984352112,71.587158203125,6.312603705432579,10.1597900390625,3.068359375,0.4966411799740146
01970,0.7785066136216326,0.42735978112175105,0.16878670454025269,0.3059154748916626,0.757564902305603,74.01068115234375,3.7983983320429453,17.38799476623535,4.7890625,0.5868307240910524
01971,0.8811308429204938,0.49623146990534023,0.14063626527786255,0.2218448519706726,0.74698805809021,74.28095245361328,4.80107945851759,17.77578353881836,4.953125,0.6555891731741672
01972,0.6719121943014292,0.27559936068193924,0.37713098526000977,0.6798000335693359,0.5311899185180664,72.38117218017578,5.208229092726641,9.041181564331055,3.736328125,0.35323934538370266
01973,0.7807450746231699,0.3323744191192742,0.3866872191429138,0.6950064897537231,0.44777247309684753,60.61008071899414,5.858971222962639,12.381742477416992,3.103515625,0.44823881830923784
01974,0.9083311778587383,0.34898271053334884,0.30116426944732666,0.8116718530654907,0.752909779548645,75.71891021728516,5.813483406550923,10.41231632232666,4.44921875,0.14390623996790966
01975,0.8094351606887259,0.41358680873155174,0.23864269256591797,0.44459158182144165,0.7047608494758606,70.95259094238281,6.136879243972356,9.34981632232666,4.82421875,0.5187567635840092
01976,0.8704712881107881,0.407616467223602,0.24837064743041992,0.48461127281188965,0.6072603464126587,77.38847351074219,4.638524355620844,11.946539878845215,4.859375,0.755232215274151
01977,0.7029026345660943,0.2616137603132429,0.21732497215270996,0.43292075395584106,0.5987115502357483,66.2064437866211,3.7713383160347296,12.810403823852539,4.59765625,0.41416093387409714
01978,0.7976453634117099,0.3300555275113579,0.2809905409812927,0.40071457624435425,0.5222268104553223,66.31678009033203,3.7543229499710282,9.142531394958496,3.904296875,0.20002339843942007
01979,0.7990976960834775,0.30877640203932993,0.2911947965621948,0.5271881818771362,0.5917847156524658,71.70835876464844,6.297877714264808,15.914283752441406,3.130859375,0.4325371469394067
01980,0.6315260147657871,0.26149720107277213,0.216630756855011,0.3849557042121887,0.48239609599113464,66.37250518798828,4.289325866040135,17.479721069335938,4.08984375,0.31717315723446876
01981,0.8253971937129259,0.41133495682975424,0.358644962310791,0.7105417251586914,0.5119940638542175,74.05917358398438,5.650021165546795,9.661473274230957,2.947265625,0.47165490754057643
01982,0.8319934667879184,0.30910295152543776,0.3964376449584961,0.6489951610565186,0.7257004976272583,76.26908874511719,6.238094404737118,9.766916275024414,2.333984375,0.4567308950033828
01983,0.6916631283977489,0.2671909549380766,0.36366134881973267,0.4474799335002899,0.5615715980529785,70.69757080078125,3.7970413741022973,14.47222900390625,3.30078125,0.2668153656978563
01984,0.7267570085298484,0.28507740611365584,0.19527894258499146,0.44843432307243347,0.5980878472328186,72.86097717285156,3.0233014934273816,11.24614143371582,4.85546875,0.3272800327909353
01985,0.7503761455039706,0.3927564446831364,0.2755202651023865,0.5452801585197449,0.7092221975326538,74.55103302001953,3.6963690098444846,13.378020286560059,4.93359375,0.4694368757224819
01986,0.84338797513823,0.39307568011443406,0.17308276891708374,0.3527148365974426,0.630490243434906,75.15717315673828,4.701422273731247,14.670342445373535,4.79296875,0.5045505620446525
01987,0.8118355442024541,0.4672526420192209,0.2354527711868286,0.44010382890701294,0.6955961585044861,73.72220611572266,3.7963152245623975,8.623551368713379,4.9296875,0.45815331316594354
01988,0.8364416118161099,0.3085561221861639,0.2398114800453186,0.465882271528244,0.605197548866272,70.07836151123047,6.598703047889713,13.215323448181152,4.875,0.42589034870250453
01989,0.8521790632234435,0.5015411510328012,0.2772182822227478,0.6347222328186035,0.5180270671844482,74.14568328857422,6.574429608381386,7.865928649902344,4.35546875,0.6322480633947731
01990,0.8496134904315392,0.3625771471419507,0.26111412048339844,0.3986389636993408,0.7289273142814636,73.44717407226562,4.204214335613527,11.861385345458984,4.12890625,0.2783789610009369
01991,0.6063828561110449,0.2818423812212632,0.32026374340057373,0.5913353562355042,0.6562730669975281,74.10263061523438,4.068749401744399,9.482351303100586,4.8359375,0.564243747836609
01992,0.5418448295612184,0.29060662380792784,0.266437828540802,0.4308108985424042,0.6658905148506165,75.6968994140625,3.8961777579774615,10.33997917175293,4.93359375,0.4701790024609187
01993,0.8762470578840559,0.35921060402797816,0.38042259216308594,0.5174107551574707,0.6084322929382324,70.64287567138672,4.819050281719507,10.310225486755371,3.201171875,0.18122337384059475
01994,0.5864807878129996,0.205502919274202,0.3285869359970093,0.5879877209663391,0.5972267985343933,69.98530578613281,5.501397568006379,11.713423728942871,3.939453125,0.19018998766075376
01995,0.866254925663161,0.38606908079384283,0.22873705625534058,0.3945995569229126,0.49842095375061035,69.3068618774414,3.675248387096776,13.086071968078613,3.95703125,0.40339310616680574
01996,0.6523210711396861,0.2515492237909666,0.3126671314239502,0.5523577332496643,0.6050379872322083,73.8147964477539,4.7199180371519605,11.263289451599121,4.66015625,0.2180490725943077
01997,0.8121858449344698,0.3081774438735128,0.2518829107284546,0.5284534692764282,0.7150386571884155,73.85126495361328,6.04475901102309,12.85865592956543,4.73046875,0.32214959404949384
01998,0.8439949775044373,0.3966905287571642,0.28106391429901123,0.47974082827568054,0.46634984016418457,64.76322937011719,5.186418412350885,18.25010108947754,4.08203125,0.4808134929423299
01999,0.822255496396125,0.4753330932661145,0.3107236623764038,0.48755502700805664,0.3850766122341156,66.40753936767578,5.123078673357133,15.264776229858398,2.986328125,0.6470930253588195
02000,0.8065800708416252,0.40951313839592296,0.2579006552696228,0.3975510895252228,0.5968444347381592,69.2744369506836,5.906756165197274,12.951067924499512,2.8125,0.6093965032273265
02001,0.6960176165404778,0.26197474417591987,0.3241264224052429,0.5971565842628479,0.6033943891525269,69.9720230102539,5.684315720767958,14.217403411865234,4.16796875,0.23848668061539458
02002,0.7674156392215329,0.3933298662953581,0.22608733177185059,0.33999958634376526,0.7440817952156067,74.64529418945312,4.19939053814182,10.650686264038086,4.69921875,0.4178886784094839
02003,0.7592882549022946,0.3304559059558409,0.32834571599960327,0.6359022259712219,0.4832068085670471,65.48025512695312,7.1540665998973765,13.2769775390625,2.58984375,0.5207729278348897
02004,0.867037340223124,0.3734167747082876,0.20183312892913818,0.41921019554138184,0.7328398823738098,74.35188293457031,3.472329406207515,11.727014541625977,4.97265625,0.3603347811882807
02005,0.8184928490427769,0.3781881598206222,0.2586734890937805,0.5841516256332397,0.5071401596069336,72.08873748779297,4.013300588953484,14.239731788635254,4.53515625,0.4031324181807199
02006,0.8256686952249466,0.35808282638022754,0.29227614402770996,0.5191026329994202,0.6903499364852905,74.34701538085938,5.427547752061829,13.094427108764648,3.396484375,0.5008322530245618
02007,0.8715317983258949,0.3831003624718814,0.1854538917541504,0.36727797985076904,0.6964102983474731,74.05065155029297,3.239271900686844,10.579448699951172,4.96875,0.28060430734207203
02008,0.8451405422185974,0.44391344749767686,0.2530438303947449,0.3801390826702118,0.7088963389396667,74.95581817626953,6.492439496485891,11.363826751708984,4.96484375,0.6199130003295114
02009,0.8038052519794348,0.31704441241975634,0.2626916766166687,0.5110324025154114,0.6847044825553894,73.23258972167969,6.261127723055491,13.551986694335938,4.08203125,0.4849654126546111
02010,0.83095833368512,0.40896397654286515,0.15205973386764526,0.3218241333961487,0.7170094847679138,73.58267211914062,4.497197878951746,13.014686584472656,4.8671875,0.5093072657789596
02011,0.8603609927401146,0.436501540649443,0.163324773311615,0.32643622159957886,0.6375004053115845,71.53716278076172,4.842071399169427,12.563096046447754,3.953125,0.5152401091537856
02012,0.7896623600955215,0.34308215045568574,0.24580448865890503,0.5755013227462769,0.6241123676300049,72.24021911621094,4.179000938399619,10.433845520019531,4.91015625,0.4979250299327115
02013,0.49905940647563196,0.2121564072783585,0.39192306995391846,0.49703100323677063,0.3223138153553009,53.18661117553711,6.819992599338048,21.225208282470703,3.23046875,0.7372398627853327
02014,0.7086730561714446,0.28091652673202966,0.34122592210769653,0.7492933869361877,0.6346359252929688,70.46347045898438,6.487480977954503,9.76173210144043,3.892578125,0.4407214944428379
02015,0.8296468217147059,0.3761299742163959,0.2489147186279297,0.6641883850097656,0.5125443339347839,73.39076232910156,3.592522266175283,10.555843353271484,4.4921875,0.2390056945751067
02016,0.8058935737965676,0.3635927339044465,0.1884508728981018,0.42989033460617065,0.6995571255683899,75.94576263427734,3.888841072826587,13.576220512390137,4.9765625,0.49689270693624504
02017,0.9095548055636996,0.39592088182878266,0.2143840789794922,0.38936489820480347,0.6233536005020142,72.67250061035156,3.959498416464679,14.311712265014648,4.6796875,0.4108606105867051
02018,0.7409675532875417,0.3126516234089927,0.24309229850769043,0.3436329960823059,0.7390623092651367,76.09683990478516,5.1620588018819,11.998976707458496,4.99609375,0.5748107691027653
02019,0.8377895839171204,0.42091879412453576,0.2058568000793457,0.3590412735939026,0.7120349407196045,73.95809936523438,4.346513839151886,10.809259414672852,4.90625,0.46902682998439993
02020,0.8004351531102383,0.3449827508624569,0.3032311201095581,0.6337196230888367,0.623319149017334,66.96212005615234,5.843622918582091,11.572093963623047,4.1328125,0.5591133485833173
02021,0.6838589093557712,0.2461075663035687,0.253024160861969,0.6104892492294312,0.6632164716720581,70.00199890136719,5.586727198326091,12.517555236816406,4.515625,0.18598290462486497
02022,0.7046379834175763,0.40638606676342526,0.3550177216529846,0.4721028804779053,0.7350899577140808,68.84358978271484,7.242618425957453,9.9368896484375,4.86328125,0.2514659032840377
02023,0.791587545122758,0.39800948090846916,0.16904217004776,0.40487533807754517,0.7204799652099609,73.98975372314453,3.8730984614150716,14.31185245513916,4.96484375,0.49112044017643935
02024,0.832471128538842,0.3457212607349928,0.2667791247367859,0.46620360016822815,0.582635223865509,73.71595764160156,2.9596267575140103,13.657995223999023,4.09765625,0.2970966906487208
02025,0.7705499343370801,0.36058011805636997,0.24800163507461548,0.4300590455532074,0.69605952501297,74.93871307373047,4.073608620201398,10.272822380065918,4.9609375,0.5861060455288064
02026,0.7299130182436576,0.4336107224390603,0.2297302484512329,0.43820920586586,0.4941171705722809,65.50143432617188,4.741125102101649,13.00900650024414,4.58984375,0.3461298970043119
02027,0.79180096135108,0.32428542874275434,0.38268816471099854,0.6321608424186707,0.6010242700576782,71.28504180908203,5.380628021208454,14.796911239624023,4.375,0.42438127940946113
02028,0.8660441608096062,0.3637662867960949,0.22064495086669922,0.40876638889312744,0.6329671144485474,72.20477294921875,3.4805034932468497,12.70002269744873,4.22265625,0.28768059031244925
02029,0.9636319129973946,0.6058295225669154,0.34070295095443726,0.3842705488204956,0.5526961088180542,71.84904479980469,8.071465438628397,6.413609504699707,3.95703125,0.5110963046500254
02030,0.7786348175582785,0.39357254290171606,0.22822177410125732,0.45095551013946533,0.5976660847663879,68.9320297241211,5.133575809355833,11.225733757019043,4.54296875,0.4105609893303394
02031,0.8520540017716248,0.3927585489352847,0.1773410439491272,0.3505758047103882,0.7253558039665222,73.68971252441406,3.0431647153421584,12.746638298034668,4.95703125,0.43441282900549893
02032,0.7567040100320541,0.2816197587593337,0.2648888826370239,0.4676743745803833,0.6963984966278076,71.2611312866211,7.646892875805957,15.373292922973633,4.390625,0.4413856112601046
02033,0.8347474247491836,0.4401970870106665,0.30147916078567505,0.5339533090591431,0.4412340223789215,62.15310287475586,4.318391091392988,15.911599159240723,4.328125,0.46460826707521397
02034,0.7086857805996825,0.3571737118173403,0.17218446731567383,0.3388234078884125,0.6787751913070679,72.7668685913086,5.4359893577379665,13.930728912353516,4.34765625,0.5990314440756149
02035,0.8907232652841657,0.36522140662070285,0.26998066902160645,0.392984539270401,0.7175938487052917,73.11727142333984,4.727413691697309,12.06680679321289,3.8359375,0.19998304722423418
02036,0.6564092653269492,0.39496314496314494,0.19257265329360962,0.3409574031829834,0.6447896361351013,75.08150482177734,4.1691684346342255,15.535269737243652,4.43359375,0.6784782584792012
02037,0.7203526924701136,0.31490404246631276,0.21542638540267944,0.4894406795501709,0.5948410630226135,74.72197723388672,3.385078947252001,12.677041053771973,4.80859375,0.4714200076465737
02038,0.8283986692318274,0.3706088992974239,0.3387845754623413,0.728344738483429,0.5763217806816101,74.3967514038086,6.822926344141199,11.964835166931152,3.91015625,0.5527712974158986
02039,0.8120637126120912,0.5330973451327433,0.27508556842803955,0.45890066027641296,0.4330620765686035,66.9040756225586,5.772830479760585,13.67342472076416,4.4296875,0.6340572619431567
02040,0.8305521485060142,0.414494034467521,0.1608559489250183,0.3346788287162781,0.6461997032165527,72.38473510742188,3.5722858319205923,14.685210227966309,4.87890625,0.5549753262718121
02041,0.8533640539303659,0.33253059178758726,0.36956787109375,0.7988232970237732,0.5692804455757141,71.85527038574219,5.519993201510916,8.418182373046875,3.3203125,0.278602448409394
02042,0.8521328478705954,0.39389439345619204,0.3032870292663574,0.5876604318618774,0.6794858574867249,75.55207824707031,4.439910701125772,9.798614501953125,4.65234375,0.47867900879719444
02043,0.8491655890701476,0.40148015151846905,0.25322550535202026,0.5001685619354248,0.6677864193916321,75.50247955322266,4.244546427564631,10.865888595581055,4.203125,0.4054376814514746
02044,0.8957664150298693,0.3320120814662092,0.23240172863006592,0.5210422277450562,0.7100400924682617,74.3261489868164,5.8077977544331585,12.870990753173828,4.62109375,0.2609975811757728
02045,0.7999621677808306,0.37866763742264287,0.3815518617630005,0.6310913562774658,0.5517479181289673,66.44403839111328,6.686368308870661,8.207191467285156,3.908203125,0.23528267666658695
02046,0.8259447954690836,0.33849089476085786,0.3683094382286072,0.6530905961990356,0.6102644205093384,67.5630874633789,6.153417804489341,13.456330299377441,3.791015625,0.5574542245670179
02047,0.993445430408285,0.08762409000661814,0.5023424029350281,0.681659460067749,0.5557830929756165,58.09297561645508,3.417768607061935,4.390744686126709,3.70703125,0.3396708596031625
02048,0.8681050257383234,0.5928282506930873,0.35858362913131714,0.6297274231910706,0.4466397166252136,68.19146728515625,8.105859265859223,9.797123908996582,3.24609375,0.4355816066799322
02049,0.7899898698223459,0.35095988044602827,0.3856288194656372,0.8158993721008301,0.5331286787986755,69.59721374511719,5.877311638705913,10.82423210144043,4.3984375,0.28869939546101664
02050,0.8445585572400162,0.3884757609004836,0.34078043699264526,0.6668004989624023,0.6006811261177063,70.42900085449219,6.775944321818184,9.912535667419434,3.1484375,0.6505815549029861
02051,0.8548172942553729,0.49634755863129565,0.13700908422470093,0.2500162422657013,0.7205314636230469,70.9041976928711,4.027286541185794,15.935417175292969,4.94921875,0.6527869259823045
02052,0.8639017180316945,0.3306209467680184,0.21347612142562866,0.41575413942337036,0.717134952545166,73.82696533203125,4.9864384047252965,13.138800621032715,4.8203125,0.3871080542801537
02053,0.8937059017466076,0.339777479681212,0.4626205563545227,0.6538328528404236,0.6329571604728699,71.19488525390625,5.689979794935051,9.640471458435059,4.21484375,0.12792400144103583
02054,0.7869406835909122,0.348231270706423,0.4535177946090698,0.6567469239234924,0.44284746050834656,67.88494873046875,5.688114735987175,3.569628953933716,3.22265625,0.085634012264135
02055,0.7714051104867883,0.43920307334941483,0.3538042902946472,0.45100605487823486,0.5750614404678345,65.96875762939453,6.080192717271432,17.108291625976562,4.78125,0.6141412039527507
02056,0.8598471972592222,0.37538818145347025,0.21993613243103027,0.49965405464172363,0.6301851272583008,76.1083755493164,2.3890343741522444,8.123330116271973,4.890625,0.31027732408351943
02057,0.6993435212061179,0.3030949839914621,0.29179930686950684,0.535697340965271,0.7305169105529785,73.31140899658203,5.7184882114144,13.728605270385742,4.36328125,0.5908025777272983
02058,0.8510622682118022,0.3401794926703915,0.4572025537490845,0.6691015362739563,0.5684015154838562,65.48831939697266,6.01973269508099,11.478067398071289,2.18359375,0.45508441070671196
02059,0.8331392837869138,0.33232183908045976,0.29227977991104126,0.5410510897636414,0.5979572534561157,75.12564849853516,4.258565597460659,10.192059516906738,3.771484375,0.25040408019266225
02060,0.8915740636885887,0.3414784213764613,0.3027498126029968,0.5031117796897888,0.7166414856910706,73.34391784667969,6.040921247587115,13.608036041259766,4.0390625,0.36269292263270897
02061,0.7858819033056605,0.4054130730821607,0.22375637292861938,0.4099043607711792,0.7357602715492249,75.0064468383789,4.072132938680065,10.779524803161621,4.9296875,0.4098356566464422
02062,0.8229182735300886,0.4522672658614986,0.2706308960914612,0.517937958240509,0.6750166416168213,75.3046646118164,3.733425288894109,11.20466136932373,4.72265625,0.44533178459194434
02063,0.8802409893960967,0.36539852224493,0.23351341485977173,0.49746397137641907,0.713836669921875,73.90868377685547,3.8044725915634525,11.490377426147461,4.83203125,0.2212415390378607
02064,0.9047685818786511,0.34836418744242714,0.3474651575088501,0.6961681842803955,0.5809804797172546,73.7050552368164,5.072662484670517,11.658801078796387,4.00390625,0.22518905695291502
02065,0.8297759977805017,0.42487610298561584,0.24780499935150146,0.46823790669441223,0.5483401417732239,72.43262481689453,4.83256155046013,18.5777587890625,4.1796875,0.6466185527566929
02066,0.7851762773609035,0.29872436095860283,0.3098132014274597,0.4439767897129059,0.7298562526702881,74.94185638427734,5.376177213361525,8.381546020507812,4.9765625,0.3267064631579155
02067,0.8454387928612241,0.33004895960832314,0.42151325941085815,0.8001178503036499,0.519329309463501,65.8211669921875,7.337194571505605,12.952494621276855,2.419921875,0.22921538782578524
02068,0.858875681613616,0.4311549014716887,0.27612167596817017,0.5184670090675354,0.5105498433113098,72.88591766357422,5.198045417262604,11.111513137817383,2.873046875,0.4381297473672744
02069,0.9014357426707662,0.5207605944577844,0.2655290365219116,0.41405677795410156,0.6526595950126648,76.6878433227539,4.021988675059148,10.040131568908691,4.36328125,0.29927749930754166
02070,0.8352941482561244,0.3835164046234475,0.23004150390625,0.38068512082099915,0.7904815077781677,73.76085662841797,3.5334071901396755,10.719854354858398,4.9453125,0.3767538558654258
02071,0.7841214401826441,0.32666306111411575,0.38406598567962646,0.5876132249832153,0.4804067015647888,70.01622009277344,6.33430384980353,12.88547134399414,2.974609375,0.35077202902914345
02072,0.8148329311891442,0.42482472085172684,0.2136760950088501,0.4584043622016907,0.669969379901886,73.8069839477539,4.981856307011031,14.412903785705566,4.98828125,0.46065660925755564
02073,0.7932366196991915,0.3458249496981891,0.28830963373184204,0.6607197523117065,0.5498263239860535,69.27207946777344,6.844752985658721,13.898736953735352,4.19921875,0.4456666279688469
02074,0.9298873859947733,0.40471731308384695,0.367123544216156,0.47001639008522034,0.5756081342697144,71.18466186523438,4.933481370749376,10.169147491455078,3.6875,0.39256952489064595
02075,0.5569965059166204,0.3002010091479673,0.31928443908691406,0.6087445020675659,0.4493548572063446,72.14143371582031,3.6905235460354335,9.406015396118164,3.81640625,0.4532565322970948
02076,0.8422691841387018,0.38029439591630176,0.2195979356765747,0.4660255014896393,0.5372672080993652,73.4727783203125,3.405243162986095,13.424931526184082,4.02734375,0.45827997558506844
02077,0.3962914957761531,0.2026249612456509,0.3098587393760681,0.4670970141887665,0.7404207587242126,74.60440063476562,4.74411225596606,10.948628425598145,4.9609375,0.44829833791215834
02078,0.6098977425899483,0.2845914306173086,0.29201221466064453,0.460541307926178,0.7800493240356445,74.36952209472656,3.386811752603354,9.20566177368164,4.9296875,0.3068038196640367
02079,0.7141899313550263,0.3378995433789954,0.26363497972488403,0.5155149698257446,0.37251272797584534,59.43408203125,3.5339233802008025,16.259023666381836,3.21875,0.49415712422304037
02080,0.7909809202056031,0.33050417120058034,0.24374908208847046,0.420812726020813,0.6837382316589355,73.91613006591797,3.582697049616723,11.571131706237793,4.7265625,0.3953103926065658
02081,0.7093121646212099,0.35996166913494204,0.18635350465774536,0.4218018352985382,0.6897743344306946,73.55242919921875,6.481545695566599,15.363828659057617,4.80078125,0.5943276287160368
02082,0.7572607188700659,0.37812901365626067,0.19915860891342163,0.3310694098472595,0.670859694480896,73.58324432373047,3.5637998043282706,13.681051254272461,4.84765625,0.5478866690948065
02083,0.6437831236943117,0.28254355223728983,0.23841094970703125,0.5241643786430359,0.5083454847335815,67.33706665039062,5.466943492964178,15.556928634643555,3.859375,0.3210030088222115
02084,0.716682642842606,0.2823354069466045,0.3393576741218567,0.7498401403427124,0.7051500678062439,74.76193237304688,5.4608340720278035,7.959301471710205,4.9140625,0.3243190091855411
02085,0.8216951753839232,0.3544681961887635,0.28625619411468506,0.600025475025177,0.5384620428085327,72.37916564941406,4.640162060606739,9.118902206420898,3.978515625,0.2849128623800694
02086,0.9277593657155928,0.3999126964330257,0.223557710647583,0.16533194482326508,0.6481229662895203,73.48905944824219,5.392958241581886,16.9167537689209,4.83203125,0.8089115707163942
02087,0.8803000958988121,0.34276913599260744,0.21574825048446655,0.46023860573768616,0.7245802283287048,76.5573501586914,5.068086878090526,10.78006362915039,4.96875,0.47052812145392325
02088,0.6399558814808718,0.3062364256903506,0.24903911352157593,0.532971203327179,0.47511324286460876,66.26746368408203,3.953669192329757,13.124627113342285,4.48828125,0.5120071518745436
02089,0.7583007401037979,0.314443651494442,0.2578047513961792,0.460684210062027,0.6491773128509521,75.42741394042969,2.805859901364021,10.004632949829102,4.578125,0.19366344786533177
02090,0.6279651113488062,0.24281082605018325,0.36213815212249756,0.6999496817588806,0.5722071528434753,69.97041320800781,7.161437570235455,13.903387069702148,3.98828125,0.30042316786090656
02091,0.8739632156514914,0.36168384133901677,0.22916162014007568,0.5228676795959473,0.6879476308822632,73.92485809326172,4.804173274940152,12.82328987121582,3.388671875,0.2799916370491257
02092,0.7316467283034946,0.29922016483719555,0.3310229778289795,0.6470968723297119,0.691559374332428,70.60688781738281,5.888259014241477,10.565032958984375,4.375,0.37916801891176943
02093,0.8982780406401586,0.6692710308730941,0.2253745198249817,0.35823166370391846,0.6120722889900208,73.7284164428711,9.69105062381236,15.38394546508789,4.05859375,0.8965293515791302
02094,0.814869544642304,0.43152507676560903,0.23697757720947266,0.44079113006591797,0.6043079495429993,74.54647064208984,2.9341865551743873,8.986197471618652,4.23828125,0.37483149180107767
02095,0.9082378094791698,0.41803118908382064,0.32993412017822266,0.6242003440856934,0.48804062604904175,68.396728515625,5.801465915202684,11.31923770904541,3.962890625,0.46367275703723637
02096,0.8036530162175776,0.3108055163767435,0.3322652578353882,0.5176334381103516,0.7496274709701538,72.4184341430664,5.582018959887219,11.085823059082031,4.0390625,0.360824820577446
02097,0.8632912090023066,0.3820996565284484,0.31580549478530884,0.5059895515441895,0.5659860372543335,64.51763916015625,4.901999598839055,9.454019546508789,3.80859375,0.4020802004050523
02098,0.8597430092107522,0.4810539415525898,0.22211706638336182,0.3500523865222931,0.5032702684402466,71.15142822265625,4.761438840346309,12.531782150268555,3.296875,0.5511577529774612
02099,0.886206472674572,0.35119534959882104,0.30128830671310425,0.5610839128494263,0.47491514682769775,71.80451202392578,4.300410038074771,10.91687297821045,3.828125,0.34554565154744626
02100,0.9081249567390338,0.45663490029630815,0.3288204073905945,0.5530201196670532,0.4528919458389282,71.9730453491211,6.48646205387968,8.318337440490723,3.0703125,0.31852421277759707
02101,0.870747031069522,0.3527843573490348,0.25065380334854126,0.4041707515716553,0.6277026534080505,73.5764389038086,4.1451467690219435,11.36038589477539,4.6796875,0.2766146422175139
02102,0.7381125935525419,0.27666154720077424,0.2268669605255127,0.47044649720191956,0.5589008927345276,71.71234130859375,3.1662510707303557,11.526815414428711,4.671875,0.2051660819685153
02103,0.7031741758420677,0.3174161347602822,0.28876030445098877,0.45593932271003723,0.6307058930397034,74.99568939208984,4.5816572437766885,9.071603775024414,4.98828125,0.44839066169383224
02104,0.8346533109805407,0.3364956762656368,0.24654442071914673,0.5393735766410828,0.6145162582397461,73.27336120605469,5.799148070744193,9.671051979064941,4.5234375,0.38299303641492743
02105,0.893168857763228,0.34400542393310485,0.3735572099685669,0.6886560916900635,0.6209287047386169,72.4725112915039,4.009989820927414,9.308961868286133,4.23828125,0.22066276111096403
02106,0.8417517763257716,0.42885741150778006,0.18759334087371826,0.2957111895084381,0.6951268911361694,74.4521484375,3.7691188872952894,11.511232376098633,4.9453125,0.4439328948592969
02107,0.8328564012159755,0.36851087382671066,0.19926291704177856,0.35928213596343994,0.7057967185974121,73.41596984863281,3.1793039324599044,13.937131881713867,4.96484375,0.3456057447913097
02108,0.8645647878022695,0.3875633539820386,0.1883937120437622,0.34734439849853516,0.5588369369506836,70.61580657958984,3.1810914107334307,13.92345905303955,4.24609375,0.3678040816571474
02109,0.833516102609345,0.47822186783614073,0.36696064472198486,0.5937691330909729,0.6274630427360535,73.79200744628906,5.685166504508393,11.499634742736816,4.87890625,0.5231345435621227
02110,0.6239279509728507,0.2610411629005809,0.347390353679657,0.5022422671318054,0.6700915098190308,75.99928283691406,4.487533825020813,7.293873310089111,4.98828125,0.4095525448841114
02111,0.5591499590433172,0.290054628451695,0.30278778076171875,0.5930670499801636,0.6211898922920227,77.36152648925781,4.82624701775504,10.011356353759766,4.89453125,0.5230040124859391
02112,0.7346542042137354,0.35068644614392336,0.2765039801597595,0.5353946089744568,0.636612057685852,70.85034942626953,5.18546062791827,17.37227439880371,4.234375,0.6683428500998289
02113,0.9007660769139322,0.4154734552316388,0.2951030731201172,0.31840360164642334,0.5652371048927307,76.60921478271484,5.021751647131041,11.09878158569336,4.078125,0.3325628870766129
02114,0.8250537918811526,0.5000772678102302,0.2414112091064453,0.4740738868713379,0.5727845430374146,62.38500213623047,5.12250203056765,15.526456832885742,4.2109375,0.5204311348100523
02115,0.8902542024727158,0.3655086228442889,0.3445512056350708,0.6200209856033325,0.6325531005859375,74.14385986328125,3.4536254996558564,7.311496257781982,4.88671875,0.3008917178640164
02116,0.7095263439424245,0.28253245109737135,0.2640611529350281,0.5351241230964661,0.7052181959152222,71.4433822631836,3.8895309733906864,15.230335235595703,4.8515625,0.4164190390465031
02117,0.7672376596401109,0.28062248995983935,0.28602373600006104,0.5908227562904358,0.6347783803939819,73.38226318359375,5.11844879633233,10.532764434814453,3.896484375,0.36359003819925106
02118,0.8445596710311252,0.47811184017236313,0.1776638627052307,0.3547896146774292,0.7318341135978699,74.96576690673828,5.345811630885075,14.198854446411133,4.91015625,0.714969367371478
02119,0.6339508139933718,0.28168779648791853,0.28155767917633057,0.5141516327857971,0.6146469116210938,72.88670349121094,3.7095702083641884,13.341529846191406,4.890625,0.3709803936698081
02120,0.9438374294929524,0.38380679113915445,0.3563894033432007,0.6402792930603027,0.7481958270072937,73.90513610839844,5.3085256786325195,7.547173976898193,4.984375,0.43693421054539605
02121,0.9366715592423588,0.6379978850898836,0.20461654663085938,0.34481367468833923,0.48399031162261963,74.09552764892578,6.925042331935519,14.11712646484375,3.958984375,0.6180790376205576
02122,0.8286900789858165,0.33905080648909963,0.17942404747009277,0.4088774025440216,0.71287602186203,75.25631713867188,4.297254693154211,16.844200134277344,4.9375,0.4424464928152437
02123,0.8242994304488742,0.3618697092381303,0.22998875379562378,0.5028712749481201,0.570880115032196,68.08909606933594,4.021519778601703,9.408673286437988,3.70703125,0.29718433933557314
02124,0.9047361260327653,0.34476813859124134,0.28260380029678345,0.6176003813743591,0.7700774073600769,75.40323638916016,6.968666508691382,13.034119606018066,4.640625,0.16330653041906726
02125,0.819378301720121,0.3056717259527278,0.31566256284713745,0.5983601808547974,0.6113532781600952,74.27022552490234,6.479718858211125,8.417747497558594,3.4375,0.19746151563231243
02126,0.6901940638273939,0.35517590198943466,0.35857558250427246,0.6417385339736938,0.6301074028015137,73.98825073242188,7.366943519656575,8.08747386932373,4.84375,0.3646053101450662
02127,0.7361660485643433,0.32242594379623946,0.18923503160476685,0.3029906153678894,0.7462701797485352,76.67435455322266,5.136296925671853,12.80971908569336,4.9921875,0.5580047051312825
02128,0.8424767292737071,0.4544403864823633,0.21309894323349,0.40280795097351074,0.7322674989700317,74.7046890258789,3.797340293002968,11.355342864990234,4.95703125,0.513388011238676
02129,0.8417685696121147,0.44505296100144437,0.1706036925315857,0.3431349992752075,0.6997604966163635,72.7851333618164,3.5515397071186032,15.094892501831055,4.83203125,0.6007987883928517
02130,0.7607243039013211,0.353069875564064,0.2153693437576294,0.4035031497478485,0.4459366202354431,58.046897888183594,5.933986622070205,16.35597038269043,3.25,0.6278621124261945
02131,0.832464108626252,0.3522597877275603,0.24396246671676636,0.5619100332260132,0.6662059426307678,74.66017150878906,2.9168150834165667,11.085930824279785,4.7109375,0.33060128644891373
02132,0.645721326299338,0.2918637329494825,0.3032751679420471,0.5761383771896362,0.6582739949226379,71.72543334960938,3.214078751764198,10.40110969543457,4.71484375,0.39390831117945807
02133,0.8624141055154627,0.4535032780280555,0.2403334379196167,0.4990748167037964,0.6823969483375549,72.66027069091797,4.82552073438733,10.222061157226562,4.66015625,0.441138798272085
02134,0.9041733883267367,0.46015069794831304,0.1978587508201599,0.3784663677215576,0.709428071975708,75.54049682617188,4.198805060446932,10.564260482788086,4.76953125,0.5150963190582127
02135,0.8016578266513307,0.36552781832628095,0.18454605340957642,0.33229583501815796,0.7642927765846252,73.96450805664062,3.913555328171486,13.211614608764648,4.88671875,0.45533118697195696
02136,0.8189434346071733,0.49065450993161835,0.2087499499320984,0.44429266452789307,0.5013740062713623,72.29540252685547,3.5322253572975377,14.456366539001465,3.935546875,0.6340965634439333
02137,0.757993393218619,0.38364473733478116,0.20070040225982666,0.4163509011268616,0.6957395076751709,72.62509155273438,5.099776613501207,11.496106147766113,4.73828125,0.5168487348225881
02138,0.8436396871372764,0.41846615347288085,0.2340565323829651,0.4529525935649872,0.7244084477424622,73.44966125488281,3.4590248833095756,9.362995147705078,4.98046875,0.4216014901835632
02139,0.8297663344212683,0.37254901960784315,0.20302408933639526,0.41427144408226013,0.6996838450431824,76.39110565185547,3.841495454863014,12.720525741577148,4.9296875,0.6077191247839017
02140,0.8282319988232374,0.419927831451519,0.2018718123435974,0.39885830879211426,0.7653123140335083,74.88128662109375,4.084172994955209,11.56091594696045,4.96484375,0.4883836632424528
02141,0.7422006815337021,0.3117260865951965,0.4110985994338989,0.647384524345398,0.6154400110244751,73.03214263916016,3.5469130774385484,11.02067756652832,4.71484375,0.2181501183449554
02142,0.8737157640681654,0.553273498155388,0.2185932993888855,0.23710356652736664,0.7602345943450928,75.14970397949219,5.0824353052756575,13.34264850616455,4.91796875,0.6750136352098569
02143,0.7517606023979144,0.2852844744455159,0.3279044032096863,0.6428112983703613,0.6993786692619324,73.8989028930664,3.9848105564441845,13.151409149169922,4.56640625,0.264190975917247
02144,0.788215121161046,0.30085137436146925,0.31702250242233276,0.44124630093574524,0.7375002503395081,74.79715728759766,5.776494885622245,8.421697616577148,4.96875,0.3309017855774216
02145,0.8791763135362257,0.35941650493251887,0.2483578324317932,0.5174144506454468,0.7053706049919128,73.92113494873047,4.390236658893021,12.373592376708984,4.87890625,0.24666204942798103
02146,0.8515045598628977,0.31912464319695527,0.3730657696723938,0.6955077648162842,0.5762107968330383,72.20956420898438,4.820774732850809,11.77847671508789,4.6484375,0.19520045985079396
02147,0.8993027663207102,0.3541041165850399,0.22184538841247559,0.36755475401878357,0.643647313117981,75.13419342041016,4.380329018736795,15.084620475769043,4.78515625,0.4587788276977441
02148,0.829702460290489,0.3504252880497074,0.27990400791168213,0.5041264295578003,0.5652763247489929,71.07174682617188,3.224363676917134,10.316177368164062,4.0859375,0.27197920167348116
02149,0.8311380620144682,0.3722246990637539,0.27243292331695557,0.5039185881614685,0.49242615699768066,69.68315887451172,6.913034626655525,13.845525741577148,2.767578125,0.4795893450426067
02150,0.7906374413225045,0.421093514003366,0.25109726190567017,0.5097123384475708,0.7135966420173645,73.0965576171875,5.017643683187878,10.188050270080566,4.9296875,0.5652437195692995
02151,0.7703909201823881,0.29379659340978936,0.33396774530410767,0.5193904042243958,0.5704074501991272,74.10670471191406,5.497695590790672,12.897855758666992,3.53125,0.19706667048197482
02152,0.8701569116618381,0.36573069933759306,0.297233521938324,0.5536988973617554,0.5509564876556396,68.68934631347656,6.011989135833245,10.038805961608887,3.955078125,0.45118242646233014
02153,0.8947020310712176,0.4596217576557945,0.29849696159362793,0.5675793290138245,0.48265185952186584,75.13336944580078,5.8143383611236885,10.46417236328125,3.2578125,0.5218113848272216
02154,0.7062694349628725,0.2766773162939297,0.3479854464530945,0.7146884202957153,0.5004298686981201,65.34730529785156,7.598215150808444,12.146512985229492,3.306640625,0.45359496662098586
02155,0.8785485546196143,0.37283985592294305,0.22167885303497314,0.3964237570762634,0.6515771150588989,73.47254180908203,3.2446341679577273,10.570501327514648,4.62890625,0.32893053793252
02156,0.9238814741125411,0.37573192043389564,0.3234027624130249,0.5755668878555298,0.6796746850013733,72.3733901977539,6.047841994793438,10.526741027832031,4.15625,0.21712085119807317
02157,0.7894342324996519,0.358974358974359,0.17399126291275024,0.4106370508670807,0.4872993528842926,73.67231750488281,3.531120270240115,13.178874969482422,4.9609375,0.5087296811085192
02158,0.8890554556736452,0.3619054197172722,0.2854825258255005,0.5298409461975098,0.6381607055664062,72.64119720458984,4.388447608927409,12.016109466552734,4.8359375,0.22169068591677965
02159,0.8703794351746977,0.38205078503585965,0.311098575592041,0.537164568901062,0.45431986451148987,69.45361328125,5.5917835005027845,9.332550048828125,3.861328125,0.23556615961311606
02160,0.12288512911843276,0.0326975476839237,0.38013601303100586,0.8139598965644836,0.5649544596672058,64.53975677490234,6.728856578380826,10.087174415588379,2.53125,0.6948242129973347
02161,0.7612879750383912,0.33189344852411806,0.3088434338569641,0.574446976184845,0.4368632435798645,66.52117919921875,9.40343361031735,10.181294441223145,2.685546875,0.3058200346657475
02162,0.8704593907601567,0.4390946850894295,0.1907748579978943,0.3064989149570465,0.6722681522369385,72.5660400390625,6.2529211314924344,13.904166221618652,4.90234375,0.7754203512286667
02163,0.8609917860276058,0.33226257125666675,0.2869715094566345,0.6467046141624451,0.5466540455818176,71.86532592773438,5.962289975323274,12.381806373596191,3.947265625,0.25164044686098724
02164,0.5082271229307797,0.20773133717094036,0.22416090965270996,0.3002500832080841,0.5456058382987976,69.39753723144531,5.677961711077559,15.966931343078613,4.609375,0.44119120362001885
02165,0.7397343033063135,0.2769405123846263,0.29956740140914917,0.5436509847640991,0.655204713344574,73.12081909179688,5.99081526833145,12.051504135131836,4.6328125,0.2668593192004227
02166,0.765359605492559,0.37137445246833195,0.2301926612854004,0.5163342356681824,0.6580592393875122,77.0982894897461,4.597613280249525,13.357157707214355,4.9609375,0.5267746136099755
02167,0.8710393648499106,0.333342981186686,0.37083059549331665,0.723935604095459,0.6560255885124207,71.01976776123047,6.387100600687365,7.150371551513672,4.1640625,0.2621040919390388
02168,0.7790214111301318,0.4228081101653865,0.22590047121047974,0.38471344113349915,0.4853249192237854,64.98675537109375,4.062490449503883,11.262380599975586,3.2890625,0.4069927244681034
02169,0.5667165886951727,0.19392478914325575,0.45052921772003174,0.581843376159668,0.6491538882255554,72.47235107421875,8.284807183088645,12.284704208374023,4.39453125,0.4148661354694179
02170,0.7612383569113947,0.28475074352074775,0.34507179260253906,0.5737695097923279,0.6396722197532654,70.90771484375,5.380091418358577,8.712201118469238,3.982421875,0.10701140147974424
02171,0.8233024863015033,0.32822498695449176,0.2842831015586853,0.4534669518470764,0.747229814529419,76.69122314453125,4.728393322820958,10.705815315246582,4.94921875,0.4667884290076868
02172,0.8613709564772924,0.4411857931701783,0.25802481174468994,0.41107261180877686,0.5821710824966431,71.23794555664062,4.030265067276857,11.17830753326416,4.6328125,0.4466210335181921
02173,0.8636664281171006,0.42956165961588116,0.18350034952163696,0.2931956648826599,0.5583083033561707,68.3115234375,4.600766780230567,15.718499183654785,3.75390625,0.5070603827014979
02174,0.8725545898299095,0.48226415094339625,0.15319955348968506,0.3452965021133423,0.730745255947113,74.50689697265625,4.067769192999286,11.479881286621094,4.96484375,0.5480000971077436
02175,0.8687264791425058,0.48996262680192204,0.2502174973487854,0.4196554720401764,0.75370192527771,74.26486206054688,3.647846797355776,11.586177825927734,4.75390625,0.556592123163758
02176,0.7672732073338314,0.4538299523334442,0.21803200244903564,0.5268503427505493,0.6061181426048279,69.37906646728516,5.306555498476561,15.624937057495117,4.85546875,0.6654267978914297
02177,0.7910398455953485,0.31227405749698744,0.3408706784248352,0.6688913702964783,0.39362242817878723,68.655029296875,3.9227138278635185,15.475749969482422,4.265625,0.4454836572595914
02178,0.7832291658819668,0.37652645861601086,0.27360546588897705,0.5621752142906189,0.5655159950256348,71.50518798828125,3.391356995652149,7.695448398590088,3.30859375,0.31212046452102293
02179,0.759702020165655,0.3669067967246857,0.3479791283607483,0.6510177850723267,0.48888951539993286,66.56440734863281,5.561065331184973,9.882366180419922,4.4453125,0.2812774575132878
02180,0.34855821123225345,0.14945401414949247,0.34324896335601807,0.6915372014045715,0.5990155935287476,75.36511993408203,5.318183261523083,7.5174384117126465,4.24609375,0.22259453762114517
02181,0.8255415016587172,0.3774740458585406,0.2617073059082031,0.5799275636672974,0.6342654228210449,70.81446838378906,5.564092544924034,11.694314956665039,3.662109375,0.5764629802063662
02182,0.7912988168296639,0.3720544808051588,0.3044731020927429,0.48402804136276245,0.567959189414978,74.4497299194336,3.7146545868090595,12.890111923217773,4.28515625,0.5065465466396752
02183,0.7159802157022502,0.31398918837467743,0.27312660217285156,0.5283622741699219,0.6290960311889648,75.14935302734375,3.2614062484539406,12.105815887451172,4.3046875,0.3261672899439621
02184,0.8011921221344532,0.5162722831948233,0.17161059379577637,0.3316327929496765,0.669956386089325,73.5652847290039,3.6264371535758713,13.227095603942871,4.921875,0.5751370370202185
02185,0.7868411772125498,0.38966976614871335,0.18993502855300903,0.4609580338001251,0.6862089037895203,73.56362915039062,3.3600189071004105,12.556103706359863,4.828125,0.5829277948927215
02186,0.81290410911097,0.36046406508964896,0.22298067808151245,0.3299652636051178,0.523344099521637,75.33870697021484,4.99574914536612,14.567402839660645,4.234375,0.6574409841419396
02187,0.8078484943889775,0.3580342175983822,0.2546355128288269,0.5784727334976196,0.561924397945404,70.28182983398438,2.9257914059556804,10.036985397338867,3.2734375,0.2929450188181318
02188,0.7227850578172329,0.329096877367225,0.3343542814254761,0.5327060222625732,0.5615883469581604,70.1075439453125,6.546605909360569,13.854001998901367,2.287109375,0.565664350336897
02189,0.8867393288045691,0.426307847082495,0.1838850975036621,0.3610551655292511,0.7279751300811768,73.26456451416016,4.1221166717798114,14.700189590454102,4.9296875,0.6221155018481155
02190,0.6578648585193003,0.2740232719426678,0.2681664824485779,0.5057997703552246,0.5447223782539368,71.13709259033203,4.30189048934243,12.220075607299805,4.08203125,0.23423411295725027
02191,0.86364385279448,0.3205772284491164,0.31487733125686646,0.5556591749191284,0.7658990025520325,75.9662094116211,4.851159496382681,11.388920783996582,4.94921875,0.254312366755343
02192,0.8395936674229344,0.377523790342883,0.2651415467262268,0.5189844369888306,0.6872693300247192,76.92475891113281,3.6034527281626554,8.344639778137207,4.79296875,0.23119870009300575
02193,0.8348370379616867,0.3198397311619491,0.24883520603179932,0.4881540536880493,0.7040340304374695,73.77522277832031,5.624610708145542,12.787409782409668,4.8515625,0.31346716322032914
02194,0.8007000314811755,0.32916361352454726,0.2703244686126709,0.5143530368804932,0.6388805508613586,73.97586822509766,4.776928738179841,8.761127471923828,4.14453125,0.22170153614609653
02195,0.7101447652371604,0.2734523610879359,0.1905255913734436,0.5004011988639832,0.6823266744613647,73.54386138916016,5.3571973749955655,16.045957565307617,4.94921875,0.5775843679907573
02196,0.7523884310818016,0.3678661002200952,0.23624646663665771,0.39762046933174133,0.6832970976829529,73.05068969726562,3.190000062524638,9.985379219055176,4.890625,0.404278004759875
02197,0.7406338881996717,0.3093564768957439,0.25660085678100586,0.4824134111404419,0.5398430228233337,73.73812103271484,2.7252963484051254,11.120321273803711,4.71484375,0.3298415522010421
02198,0.8575680501458823,0.35771478035057347,0.22899049520492554,0.515583872795105,0.6609196066856384,75.81751251220703,3.412220307208955,10.323230743408203,4.83984375,0.3882571131700369
02199,0.8420772150346455,0.423120192161513,0.14560413360595703,0.23795408010482788,0.574181854724884,76.76349639892578,2.8087535274608335,15.73920726776123,4.9921875,0.685472845110413
02200,0.7599681327406452,0.3323912672369644,0.25512075424194336,0.44533294439315796,0.7377958297729492,75.74039459228516,4.55953274230631,10.012735366821289,4.97265625,0.5013112712801607
02201,0.8543038049380294,0.3429174436590196,0.2704576253890991,0.571532130241394,0.5720571875572205,73.41741943359375,3.09317091715502,13.490790367126465,4.78125,0.30951720234821906
02202,0.7810574651554404,0.3515710967110894,0.2412547469139099,0.5532531142234802,0.5394757390022278,72.3594970703125,3.640996498482611,8.180657386779785,4.97265625,0.36970658943644846
02203,0.8260555012651294,0.31708317252026247,0.2517077326774597,0.46132516860961914,0.7850548028945923,76.7433853149414,4.893953048911552,11.312626838684082,4.796875,0.33791607489321573
02204,0.8109929550723789,0.35743405017148033,0.2992326617240906,0.420294851064682,0.5231309533119202,68.45967102050781,4.702173657844198,12.471227645874023,3.529296875,0.31470942613040076
02205,0.7948999050742049,0.4075672987817282,0.2555461525917053,0.4190080463886261,0.7400989532470703,74.91609191894531,3.9472403751635983,9.996929168701172,4.921875,0.4025511196218274
02206,0.8232429442626239,0.38554131558450755,0.22442644834518433,0.542931854724884,0.6240432262420654,73.56459045410156,4.630829269302443,14.906688690185547,4.9140625,0.42089433153914435
02207,0.8057386481468374,0.3467456427015251,0.19959676265716553,0.4038602113723755,0.6841815710067749,75.00697326660156,5.473089589511427,14.869147300720215,4.66015625,0.6376756772636908
02208,0.7985384554986471,0.5016458196181699,0.23036473989486694,0.5704491138458252,0.5021955966949463,71.17901611328125,3.3996791101179498,7.796367645263672,4.359375,0.5620522394668844
02209,0.8268519360124507,0.421899570185554,0.27136313915252686,0.5044761896133423,0.7505869269371033,74.90596008300781,5.30424653736376,12.19172477722168,4.87109375,0.4997159646915904
02210,0.847372100540672,0.3466940094456873,0.20734888315200806,0.45925572514533997,0.6087008118629456,72.34135437011719,3.0827805092950116,14.632524490356445,4.91015625,0.50927714554277
02211,0.8042740529297944,0.4271270718232044,0.19166135787963867,0.3858839273452759,0.6271012425422668,74.33451843261719,3.7494550332388608,14.890438079833984,4.9296875,0.5185466485183475
02212,0.8247752782487641,0.5154167652393344,0.2593287229537964,0.6058268547058105,0.6058270931243896,72.84073638916016,5.298017863776259,10.186758995056152,4.421875,0.7562434282451773
02213,0.833855128655544,0.38175325423338324,0.2182193398475647,0.4406643509864807,0.5578697919845581,72.6406021118164,3.128363707000322,9.390981674194336,4.0546875,0.36606824392239157
02214,0.7962192586014909,0.34882291946695343,0.2042655348777771,0.4616456627845764,0.7112024426460266,75.73099517822266,3.825491195508076,10.563431739807129,4.9296875,0.4276128812381505
02215,0.6541710449801573,0.32721010332950634,0.25594478845596313,0.37304702401161194,0.7377132773399353,75.18567657470703,6.446695494088377,9.561086654663086,4.984375,0.5942122916930603
02216,0.8366607415445545,0.38800720974194397,0.2309168577194214,0.48184365034103394,0.7056131362915039,73.07316589355469,4.5445813521120595,12.864587783813477,4.36328125,0.5035458064975767
02217,0.7868554476110834,0.4349350446079199,0.27761566638946533,0.4340735673904419,0.71723473072052,73.33607482910156,3.8561780026425865,10.252670288085938,4.6796875,0.5229235062659946
02218,0.7910554083421949,0.36762586966366145,0.22179186344146729,0.4615306556224823,0.6796243786811829,74.15165710449219,4.217265783687332,10.536795616149902,4.80078125,0.41556727349123523
02219,0.8804915460826683,0.5813358399916445,0.29447513818740845,0.3839609622955322,0.6677581667900085,75.08042907714844,5.520768910239093,6.726922988891602,4.97265625,0.46206106250946666
02220,0.6706125565267758,0.2842407875250457,0.283596396446228,0.45587292313575745,0.44980281591415405,68.87699890136719,3.967307801029158,13.34502124786377,4.10546875,0.31777903753817
02221,0.8163991558602344,0.43796423658872075,0.18540632724761963,0.44975122809410095,0.5863965153694153,74.76981353759766,5.619209862628457,12.29659652709961,4.90625,0.6096098706844213
02222,0.7973154862820612,0.36778550281095107,0.3068960905075073,0.592144250869751,0.5577329397201538,69.65485382080078,3.680373535159524,9.469762802124023,3.794921875,0.5390508184066878
02223,0.8944122699075971,0.3757071024512885,0.2493717074394226,0.5530886650085449,0.6055160760879517,74.18457794189453,4.808691352836838,10.99249267578125,4.98046875,0.4427880337334993
02224,0.8150330970483537,0.34963505806566,0.1888505220413208,0.35448312759399414,0.7464537620544434,77.2740707397461,5.315286335186435,11.55668830871582,4.98046875,0.5259457247310786
02225,0.8030034614795993,0.2930251754023937,0.43331825733184814,0.967223048210144,0.49183329939842224,70.06281280517578,7.074470966433354,12.009729385375977,2.4375,0.1531432401381157
02226,0.8531270159368618,0.3694498381877023,0.17968738079071045,0.3313128650188446,0.7697013020515442,74.02949523925781,3.2564442120086654,13.721393585205078,4.97265625,0.42992537007200665
02227,0.8163103293269558,0.3954968184043074,0.3078650236129761,0.543044924736023,0.6148887276649475,74.17527770996094,4.180372556372243,9.68236255645752,4.3671875,0.3004430843736648
02228,0.7880775140902397,0.33253135398003586,0.35196202993392944,0.6484284400939941,0.577368974685669,70.83967590332031,5.902556556842563,13.732091903686523,2.93359375,0.5495764358192717
02229,0.7838207304529744,0.3536020151133501,0.22974789142608643,0.3535194993019104,0.6651598811149597,69.72442626953125,4.244603864089867,13.649618148803711,4.20703125,0.5357568963223817
02230,0.8887471402293525,0.3454590402593003,0.2882354259490967,0.5778309106826782,0.7229250073432922,73.83177947998047,4.816846294923379,12.794408798217773,4.8203125,0.3121341983095702
02231,0.8850196556794607,0.35939816541842423,0.25438523292541504,0.3787582516670227,0.5451399683952332,69.3453598022461,4.187685169959129,15.347805976867676,4.1171875,0.37242912336716477
02232,0.7248657117210829,0.36713887100236103,0.23347628116607666,0.5221275091171265,0.6846378445625305,73.00391387939453,4.566986618023752,11.780425071716309,4.91796875,0.451950469044526
02233,0.8330623372374232,0.3876503373423291,0.3088870644569397,0.5365893244743347,0.4710180163383484,72.48899841308594,4.530363154697152,12.87628173828125,4.0625,0.40101195365708875
02234,0.7994160359292277,0.3306139218218101,0.4101058840751648,0.5269902944564819,0.4200650453567505,69.04205322265625,5.118949905028417,9.567268371582031,2.794921875,0.24212762046997927
02235,0.8985239174470268,0.3702038295243978,0.26468777656555176,0.4472883343696594,0.5793314576148987,69.53569030761719,4.397666761932047,11.859479904174805,3.892578125,0.4454112146728457
02236,0.6909310572719893,0.2767668218366483,0.1661718487739563,0.4565606415271759,0.5776509642601013,76.43887329101562,6.318038200443416,12.953099250793457,4.8671875,0.6038412150938335
02237,0.8040692923332097,0.3488745111467551,0.24685972929000854,0.5006389021873474,0.6388466358184814,70.89615631103516,3.5598272396828707,10.977822303771973,4.4375,0.42972292835177295
02238,0.903359450982638,0.44836001730852443,0.20141899585723877,0.3094235062599182,0.7466853857040405,75.4073715209961,3.509774513151798,11.422420501708984,4.921875,0.5292461017427482
02239,0.8343453892973793,0.3839031339031339,0.19128727912902832,0.44600269198417664,0.7508656978607178,75.06404876708984,4.755897522450738,13.948041915893555,4.98046875,0.5391723494619948
02240,0.8418326913235542,0.3206833967877076,0.24762409925460815,0.2793406844139099,0.5370140671730042,71.40618896484375,6.2764690089933834,11.0479736328125,4.1015625,0.49280960038633087
02241,0.8520323326992282,0.3602474448628295,0.22841036319732666,0.5166242122650146,0.7479337453842163,72.90458679199219,3.7292591771396038,11.759101867675781,4.7109375,0.31684740644727033
02242,0.7429023228347804,0.40293493635077793,0.17218291759490967,0.3212544023990631,0.7297788262367249,74.18169403076172,3.7171559439063504,15.382545471191406,4.96484375,0.5681496332265822
02243,0.8365605975090429,0.4460072297075255,0.2967952489852905,0.600706934928894,0.6435279846191406,73.61939239501953,7.391111722391456,13.3152494430542,4.16796875,0.5690304842185689
02244,0.6156373882945705,0.35096153846153844,0.33562058210372925,0.6399950981140137,0.6682323217391968,72.62553405761719,5.625794486450817,7.881249904632568,4.80859375,0.48946310491760336
02245,0.8397958448269253,0.3247914345498519,0.18768572807312012,0.3785054087638855,0.7119634747505188,74.40045928955078,4.382771946906876,14.076714515686035,4.90625,0.44737952532183195
02246,0.8661260982574138,0.3961471501021876,0.15660226345062256,0.33408504724502563,0.7460630536079407,77.22071838378906,3.907478252869152,11.097721099853516,4.95703125,0.5433589602391967
02247,0.8422698999477677,0.3196475065091128,0.2944409251213074,0.5921711325645447,0.6385383605957031,74.74502563476562,4.738716348887149,12.472840309143066,4.44921875,0.28024790632330787
02248,0.857501449080749,0.3376661812007882,0.21029311418533325,0.523107647895813,0.6115448474884033,75.43220520019531,4.630636945355923,12.165621757507324,4.96875,0.19796410523829033
02249,0.8133670751995458,0.35341909275558564,0.3752569556236267,0.7177131175994873,0.5567359924316406,72.56392669677734,6.1974957221284885,7.414910793304443,3.841796875,0.26100958322082096
02250,0.768936305815452,0.5064308681672026,0.268343985080719,0.6023685336112976,0.5591691136360168,70.68470764160156,3.8937096670577125,11.534692764282227,4.00390625,0.5853221380722958
02251,0.8122486147663321,0.3835540977038836,0.33061838150024414,0.6796411275863647,0.5159521698951721,70.94544219970703,5.273382747352856,8.194707870483398,3.6640625,0.45625631907986247
02252,0.5822268327369758,0.28829654522772985,0.25885725021362305,0.3845467269420624,0.6608611345291138,72.3853530883789,4.138397201347451,10.646888732910156,4.8671875,0.45408298786183565
02253,0.7708512605703852,0.3994574432010851,0.25667238235473633,0.41334831714630127,0.627441942691803,71.03936767578125,4.692758129361174,12.255898475646973,4.2109375,0.7292921543776365
02254,0.6223536428173931,0.2312199257024608,0.3015161156654358,0.4582815170288086,0.5718863010406494,68.98627471923828,4.481837263359392,11.184066772460938,3.619140625,0.19918076644068028
02255,0.7267613875223978,0.2853104016963129,0.24152648448944092,0.47175025939941406,0.7283555865287781,74.96000671386719,4.310165072365654,12.823755264282227,4.2265625,0.270792861890327
02256,0.813965613880058,0.3531434072104696,0.2590552568435669,0.5776523351669312,0.5516321063041687,72.78096008300781,3.292772690707221,11.752222061157227,3.87890625,0.4417862459885806
02257,0.828643443189981,0.3871556443903711,0.25732195377349854,0.5526609420776367,0.6499207019805908,76.70219421386719,4.571584930428782,11.735383033752441,4.40234375,0.5562735342259874
02258,0.8632972310507125,0.32807899199883467,0.3791213035583496,0.5529916882514954,0.5391356348991394,73.3984146118164,3.8941851612980782,11.758611679077148,3.63671875,0.29978433597784226
02259,0.8070525884169236,0.34947822141560797,0.22000688314437866,0.3552834689617157,0.730911910533905,75.07746887207031,5.141230173137777,12.832192420959473,4.984375,0.7482090020636206
02260,0.7490733662003413,0.35323547198856453,0.28003233671188354,0.5750426054000854,0.4834165871143341,75.47000885009766,3.8252444990895462,8.86815357208252,4.6640625,0.4352980859682439
02261,0.8710019929492334,0.3550411577506356,0.20239341259002686,0.43128690123558044,0.6655829548835754,72.44227600097656,3.7898999505365047,12.89175796508789,4.76953125,0.2982414255795449
02262,0.8251739948998689,0.4252125498457603,0.2783823013305664,0.4835432767868042,0.7787364721298218,73.71455383300781,4.136831903475699,10.498403549194336,4.8515625,0.45260119341693766
02263,0.7600088890417397,0.2921252236702507,0.19474613666534424,0.3899758458137512,0.6526920199394226,71.15057373046875,4.552406429558682,14.366323471069336,4.703125,0.47428870111528104
02264,0.8850875577091437,0.38154451957203184,0.19988477230072021,0.42645785212516785,0.7298471331596375,75.2844009399414,4.138382396419161,12.949617385864258,4.9765625,0.4076877475808297
02265,0.6947037350577384,0.2847439273496911,0.24651771783828735,0.5180649757385254,0.7115370631217957,73.89891052246094,4.829043679382994,9.949136734008789,4.94140625,0.47004455869746486
02266,0.8441286317863446,0.3795714915179555,0.22131133079528809,0.37965381145477295,0.7845047116279602,76.10423278808594,3.8523017930740484,12.186004638671875,4.90234375,0.44857809559328454
02267,0.7721779607052204,0.31155885098363834,0.26859962940216064,0.5662257075309753,0.6898871064186096,71.3570327758789,4.668676651130921,13.55201530456543,4.62109375,0.24667561594387324
02268,0.5919150641276715,0.27218136861372466,0.23333507776260376,0.471447229385376,0.49321451783180237,69.14604949951172,3.8215970330184708,14.464253425598145,3.98828125,0.45936580626544454
02269,0.8147163508634755,0.4618101545253863,0.21149390935897827,0.36455851793289185,0.7439509034156799,74.46117401123047,4.606051570754866,13.073044776916504,4.94921875,0.574706162832189
02270,0.5032126096612356,0.19079110523270232,0.22992479801177979,0.3761923313140869,0.6373252272605896,67.11345672607422,6.890944843195048,17.363353729248047,4.87890625,0.3902188499115737
02271,0.873428655313081,0.3532994923857868,0.22427064180374146,0.5077356696128845,0.5889191627502441,73.8546142578125,3.212926478980698,12.537260055541992,4.89453125,0.4095694893745174
02272,0.7744838913875486,0.30847960208522646,0.26860833168029785,0.5053529739379883,0.6951194405555725,73.46336364746094,4.6034665942278,10.604687690734863,4.73828125,0.43028980176517645
02273,0.6291094650024256,0.26006359760063597,0.21755975484848022,0.38392600417137146,0.48128968477249146,66.38858795166016,4.323931255629783,17.480575561523438,4.0859375,0.3173163482969731
02274,0.8874440410142629,0.38967214761729346,0.3667014241218567,0.5640454292297363,0.7250527739524841,74.43367004394531,4.739072491165443,3.6151437759399414,3.42578125,0.08083233567071908
02275,0.8642016334301481,0.46969054684188216,0.19057726860046387,0.393690824508667,0.7196661829948425,73.71601104736328,3.734367527697536,10.600090026855469,4.8515625,0.49037118359327936
02276,0.8091389950563286,0.36145283267264455,0.21931785345077515,0.4282701909542084,0.7839013338088989,74.95924377441406,4.01321918173716,12.047972679138184,4.96484375,0.38617622925218464
02277,0.6750231031631714,0.2536109458655562,0.2841857671737671,0.6207919120788574,0.7286665439605713,70.93539428710938,5.9573587278946185,14.100086212158203,4.24609375,0.514435668497085
02278,0.7657919862927876,0.3320460835425114,0.3442903161048889,0.6895354390144348,0.47880125045776367,70.54629516601562,6.670896253460401,12.776996612548828,2.650390625,0.30097102161698025
02279,0.8405734072857595,0.3534370946822309,0.27423423528671265,0.5626587271690369,0.4996182322502136,71.36447143554688,3.593014620576279,10.580974578857422,4.359375,0.4439753925056019
02280,0.8042222624346111,0.35986111588573,0.3201103210449219,0.5207532644271851,0.6944044828414917,73.98942565917969,2.9669713817835097,7.0814008712768555,4.80078125,0.19508971678681045
02281,0.902853895257552,0.6583276173847976,0.21337366104125977,0.37579500675201416,0.6632688045501709,73.23019409179688,4.3977839123050515,11.03044319152832,4.65625,0.5406343792813083
02282,0.8059723738645095,0.4274678111587983,0.26437997817993164,0.4534013867378235,0.5481688976287842,69.82064819335938,9.308176329570482,12.406057357788086,3.98046875,0.5671890528185143
02283,0.8373642159997268,0.35864739775196,0.2488492727279663,0.43224701285362244,0.7041633129119873,72.30831146240234,3.861366781258458,12.631617546081543,3.9609375,0.3153417368130007
02284,0.837635197536392,0.3981157429967956,0.28496456146240234,0.5093510150909424,0.5422830581665039,68.6949462890625,3.7775903569185765,10.613694190979004,3.958984375,0.3625189343912852
02285,0.8287741874359211,0.32619279454722494,0.25073331594467163,0.5009892582893372,0.7310779690742493,74.97731018066406,4.392650279406278,15.210878372192383,4.65234375,0.5893398905351628
02286,0.8352607057768208,0.49667839813407194,0.1882588267326355,0.2772293984889984,0.8058977723121643,74.9289779663086,5.056881641066846,14.673666954040527,4.97265625,0.5846001196247428
02287,0.7492601344647913,0.324497312964193,0.26694566011428833,0.49604472517967224,0.765099823474884,72.05410766601562,4.563555540502902,12.006674766540527,4.5078125,0.5298556151672619
02288,0.8280452725449461,0.41188994431706516,0.25829803943634033,0.4708138704299927,0.7548725008964539,75.61602020263672,3.333498102031682,9.765384674072266,4.8984375,0.35598148624382087
02289,0.6736096499774438,0.27649208282582216,0.25059008598327637,0.49205031991004944,0.7202662229537964,76.2340316772461,5.445476191615114,10.796346664428711,4.9921875,0.5408096640889118
02290,0.8475754456769351,0.383525095881274,0.19482260942459106,0.24151544272899628,0.7478083372116089,74.37242126464844,4.1240894479378944,13.497777938842773,4.77734375,0.6304318686349055
02291,0.890179930852546,0.37160275980543184,0.22819185256958008,0.4464619755744934,0.6097303628921509,71.5764389038086,4.840788797741604,12.7969970703125,3.859375,0.340972157766544
02292,0.7662513524802903,0.3509574585839206,0.21548998355865479,0.43506869673728943,0.7086922526359558,73.43987274169922,3.8279210026046915,12.959264755249023,4.71875,0.4819043619162841
02293,0.8552114523343219,0.3738145353924745,0.26782041788101196,0.44647717475891113,0.6098557710647583,73.8271255493164,5.341454486435714,10.904386520385742,4.6875,0.6522636651762055
02294,0.8156101082334659,0.3728298446225734,0.2673209309577942,0.37300828099250793,0.7516307234764099,73.77687072753906,6.154244943841927,11.547318458557129,4.8046875,0.7223864366558516
02295,0.8617738902598541,0.4063145335230141,0.1845036745071411,0.36811429262161255,0.6955680251121521,74.00345611572266,3.193116904249325,12.623509407043457,4.9296875,0.38122527242086823
02296,0.8240687719342175,0.3135073024704424,0.3447948694229126,0.5932846665382385,0.582241415977478,73.51324462890625,4.371730001702978,5.496829986572266,3.861328125,0.23321834128675026
02297,0.8086078433256564,0.30943509165731387,0.2624508738517761,0.525985836982727,0.814429521560669,75.22871398925781,4.461672649722142,5.193814754486084,4.96484375,0.3164277286583202
02298,0.7851687738615974,0.3646086343336206,0.27910852432250977,0.5240364670753479,0.5351161360740662,64.63582611083984,3.6899875007483653,7.888623237609863,4.12890625,0.33848599875437624
02299,0.6735493485824816,0.3357311736002817,0.24414455890655518,0.5092800855636597,0.587772786617279,67.88203430175781,4.444617364038842,15.255056381225586,4.1015625,0.6123245881266908
02300,0.7275431255790896,0.3088371537013239,0.31695127487182617,0.6410821080207825,0.6817681193351746,74.9450454711914,4.390202259876315,8.981562614440918,4.92578125,0.34337431595663853
02301,0.8241629204242006,0.46801603971739547,0.1966150999069214,0.4582039713859558,0.6345064043998718,76.97970581054688,5.770609187313585,11.466754913330078,4.43359375,0.6103202245794019
02302,0.6818130669451831,0.3446671438797423,0.26359206438064575,0.516977846622467,0.739724338054657,74.00568389892578,4.54629121596106,8.67680835723877,4.53125,0.4735576393244116
02303,0.8725442555998014,0.38068874264424246,0.2364611029624939,0.4556833803653717,0.6765131950378418,74.1495590209961,3.5393107276278686,8.444698333740234,4.70703125,0.25184047098882323
02304,0.794658118948797,0.3267746360639627,0.23842233419418335,0.5648655295372009,0.813014030456543,77.70482635498047,4.292028972263833,11.602354049682617,4.90625,0.4196665179684709
02305,0.8149404548664911,0.3705036645485389,0.1955881118774414,0.48457711935043335,0.39023691415786743,71.47265625,5.750189589033007,12.905649185180664,3.03515625,0.39650041340640046
02306,0.9161567537039317,0.3550619175284055,0.30980002880096436,0.5236051678657532,0.6808733940124512,76.17207336425781,6.175431358953148,11.697665214538574,4.765625,0.5092248524863823
02307,0.7877732654569116,0.3685644527794487,0.19527721405029297,0.3251713216304779,0.6015456914901733,70.1826171875,3.12708831064754,11.692626953125,4.21875,0.41606222139055515
02308,0.8032992499094768,0.4680672855447756,0.31692659854888916,0.5901359915733337,0.6629884839057922,75.76866149902344,5.5753518416016545,4.821727275848389,4.921875,0.34626391850042
02309,0.7490452692178801,0.3852143642359839,0.2235899567604065,0.4042745530605316,0.6522307991981506,75.6143569946289,4.291136281630857,12.219077110290527,4.625,0.49639557975313175
02310,0.8992447375458708,0.3543422336556374,0.3606487512588501,0.6212210059165955,0.7659493088722229,73.3670425415039,5.490441203418204,7.73155403137207,4.19921875,0.2052333241686226
02311,0.8363350051696478,0.46132434808086725,0.24415212869644165,0.3895008862018585,0.6795822381973267,72.74993896484375,3.36413458456207,11.50575065612793,4.7265625,0.4470089911773419
02312,0.8969203402691349,0.35998595998596,0.33614790439605713,0.5169557332992554,0.6328595280647278,74.14244842529297,4.530544980125231,10.288982391357422,3.703125,0.1993395869970338
02313,0.7453106634883775,0.3757751136833402,0.1921837329864502,0.45001721382141113,0.5674603581428528,74.33882141113281,4.92099042958001,13.317967414855957,4.94921875,0.6450149995869904
02314,0.6595358977453577,0.2970946579194002,0.22853773832321167,0.444511353969574,0.46697601675987244,66.44650268554688,4.749178512442555,14.604643821716309,3.837890625,0.3749176502129046
02315,0.8562286991234985,0.4000928289626363,0.18070954084396362,0.1329905390739441,0.621512770652771,73.16607666015625,4.598022488710724,19.5504150390625,4.69921875,0.8130239128915315
02316,0.8071958740768803,0.3228324088333358,0.33294057846069336,0.7047561407089233,0.47720417380332947,68.69864654541016,6.778710029004182,10.31380844116211,3.12109375,0.292541709459905
02317,0.7709420883636819,0.32642273780897296,0.23370909690856934,0.5040675401687622,0.6053518056869507,76.32835388183594,3.9314353502457005,11.775860786437988,4.8984375,0.4439053948050028
02318,0.7743768906685318,0.37888559047326575,0.2168276309967041,0.4570833146572113,0.4834446907043457,70.96569061279297,2.8490225750629987,12.038381576538086,4.12109375,0.41788939067392394
02319,0.7782454533364149,0.29735431874762647,0.29855847358703613,0.5257486701011658,0.6625433564186096,75.6905288696289,3.4472123055726516,10.576037406921387,4.40625,0.1922149462075403
02320,0.8151496457888636,0.4007145717189762,0.19422215223312378,0.4523548483848572,0.6636715531349182,72.73109436035156,3.044767694127751,13.004732131958008,4.7109375,0.4902509694200349
02321,0.8492714679418852,0.3867906349359283,0.21223396062850952,0.35310861468315125,0.7525032162666321,73.58645629882812,3.7712732023607387,11.063396453857422,4.97265625,0.3258514103497688
02322,0.8248691759009534,0.31119062832800853,0.2540813088417053,0.5081747174263,0.592034637928009,74.04620361328125,4.702111752711928,13.30449104309082,4.8203125,0.2746669681053386
02323,0.7858030903007662,0.3739573024176446,0.2201312780380249,0.4535619616508484,0.49316614866256714,67.32305145263672,2.9199214815996273,13.857595443725586,4.375,0.5533020464402622
02324,0.9173382364022435,0.3915967584781007,0.19859850406646729,0.4165865182876587,0.6747843623161316,74.58992767333984,3.27164763851628,11.66784381866455,4.828125,0.4114328695634569
02325,0.5236189253595588,0.20437829886648784,0.32760876417160034,0.6025484204292297,0.48961716890335083,65.5860366821289,5.937984221204677,9.774121284484863,3.376953125,0.21861570108814424
02326,0.8066102895401979,0.29609977436711216,0.25164347887039185,0.5662435293197632,0.7098409533500671,71.97185516357422,5.700723797691953,12.258674621582031,4.5390625,0.32598099193875574
02327,0.8080796413540184,0.4477636040691103,0.3017813563346863,0.7628002166748047,0.6275867819786072,76.26583862304688,6.274237554104329,14.011153221130371,4.77734375,0.4410383754555858
02328,0.8272895695137058,0.3353064612108115,0.2972108721733093,0.6559739708900452,0.6316879391670227,77.97899627685547,5.241770738036481,7.41753625869751,4.77734375,0.5071162344207735
02329,0.6307429744344227,0.27147065488329936,0.38023126125335693,0.7031601667404175,0.5508416891098022,70.78616333007812,3.6366397461300073,11.3887357711792,4.34375,0.35243017554109496
02330,0.7779262878437493,0.4844246662428481,0.21793317794799805,0.44019949436187744,0.6438280344009399,75.08818817138672,5.9932736005081715,14.731989860534668,4.39453125,0.7301805133546898
02331,0.8204501828417562,0.37056668875248466,0.25157874822616577,0.498183012008667,0.6246072053909302,73.46205139160156,2.5158292261521016,8.074246406555176,4.9453125,0.22794879609589802
02332,0.7660832123196349,0.30543073565284373,0.24176162481307983,0.45695924758911133,0.7100660800933838,73.77664184570312,4.215688867779444,13.85501480102539,4.36328125,0.48020887672746015
02333,0.6496669454098738,0.3330524703178859,0.2344537377357483,0.3586101830005646,0.699759840965271,73.94982147216797,5.101334450736456,15.102977752685547,4.9296875,0.6594920358591402
02334,0.8051990411088358,0.43473631196488954,0.2404402494430542,0.4227047264575958,0.7709614038467407,75.20344543457031,3.961017728634883,9.929279327392578,4.97265625,0.40018524041369263
02335,0.6206569914819272,0.2695020959002147,0.2260320782661438,0.4623093008995056,0.7122534513473511,73.98786926269531,4.938504988177374,9.915478706359863,4.8359375,0.3901548201048461
02336,0.8583515631692544,0.5106615636960088,0.22983676195144653,0.36572232842445374,0.7189340591430664,71.72296142578125,6.458253893032758,12.669662475585938,4.953125,0.6437117777461876
02337,0.8863683443293241,0.44323893375853585,0.19821041822433472,0.32337889075279236,0.6537601351737976,70.24409484863281,4.436063468347466,11.37319564819336,3.978515625,0.4771733054631745
02338,0.8410693887716607,0.40883188204096216,0.2061101198196411,0.3713575303554535,0.6710405349731445,75.501220703125,3.800186174817086,11.809364318847656,4.91015625,0.5343837766708861
02339,0.798205960330575,0.3464811103127482,0.3138543367385864,0.5847442746162415,0.5736720561981201,67.957763671875,4.849540588568444,13.4611177444458,4.26953125,0.398985023719875
02340,0.7223111150336966,0.295654238898124,0.2835630178451538,0.4651878774166107,0.5669600963592529,73.9356460571289,7.305287783329537,14.162016868591309,4.51953125,0.6577300702531145
02341,0.8146973023509518,0.41763652641002685,0.3008533716201782,0.65919429063797,0.4608723223209381,66.49235534667969,5.7964140527162415,6.8463592529296875,3.876953125,0.4203753032948964
02342,0.8826660992630911,0.35043091160281575,0.23325449228286743,0.4506080150604248,0.7845453023910522,74.8351058959961,5.607419904198979,12.364830017089844,4.77734375,0.32397675565888756
02343,0.9301829184431004,0.48241188175099486,0.12201356887817383,0.2310582995414734,0.6668555736541748,71.64794921875,5.25889782796789,12.273574829101562,4.140625,0.5745222309648308
02344,0.9537508463814021,0.6588005950854153,0.17465466260910034,0.2218911498785019,0.6640443205833435,75.99574279785156,6.362700311982058,12.462907791137695,4.4140625,0.8081949910702019
02345,0.8739145558710657,0.41993355481727573,0.22489237785339355,0.4261944890022278,0.6341528296470642,72.09325408935547,3.472606033439897,13.146530151367188,4.55078125,0.3786440268706202
02346,0.890335961894528,0.37315963237262423,0.29783737659454346,0.5181595087051392,0.6902874708175659,73.02635955810547,4.117491834359392,9.617733001708984,2.345703125,0.3323466286241013
02347,0.806727043177761,0.3899645046789287,0.22452664375305176,0.4395516812801361,0.7534023523330688,74.26761627197266,3.919273040445798,12.199867248535156,4.953125,0.4890865690728023
02348,0.7972378386159721,0.3446083780065468,0.29370784759521484,0.6113523244857788,0.5989466309547424,77.18389892578125,5.008239219888993,10.768523216247559,4.13671875,0.28088744956444583
02349,0.8863219211957312,0.3673480251250932,0.17493212223052979,0.3274509906768799,0.7657403349876404,74.924072265625,5.614754487590021,15.740986824035645,4.94921875,0.6632236911171402
02350,0.8990222945556899,0.34836625253971953,0.21528732776641846,0.5303775072097778,0.6366128325462341,75.01860809326172,4.972281937369953,12.746399879455566,4.8046875,0.25283748668165335
02351,0.8589638045253853,0.4725351914809924,0.26274561882019043,0.4311503767967224,0.6856080889701843,73.13514709472656,4.417059756903291,11.048871994018555,4.1953125,0.3367737172057064
02352,0.6769489544659495,0.3522495582438494,0.29653918743133545,0.4939752519130707,0.49710288643836975,70.67318725585938,4.819015337027333,12.437047004699707,2.828125,0.4428308608078546
02353,0.7897621329968169,0.3730329768633351,0.17521679401397705,0.34055033326148987,0.5767523646354675,72.19298553466797,2.9780619192200084,14.251598358154297,4.78515625,0.41234144519014737
02354,0.7485559046241382,0.314304790519112,0.20261991024017334,0.45194128155708313,0.6289464831352234,75.5390625,2.8572607762182143,10.155290603637695,4.97265625,0.4077626893197116
02355,0.7407092307327422,0.31932420886331025,0.270114004611969,0.5916721820831299,0.6026967167854309,75.36439514160156,3.0119585562426514,8.812132835388184,4.79296875,0.3057193510208682
02356,0.932413402306909,0.5337754243578958,0.19734948873519897,0.28192138671875,0.6049641966819763,73.72354888916016,3.3080501467600745,13.579025268554688,4.73046875,0.5146946056473549
02357,0.8061447247409095,0.42784227381905526,0.15850943326950073,0.3064661920070648,0.7244495153427124,75.38581085205078,3.6252066598629322,12.625885963439941,4.9921875,0.5258676623042526
02358,0.8444726602249634,0.35209976159911976,0.3285903334617615,0.5048020482063293,0.6639019846916199,70.23078155517578,6.369960654711217,13.51632308959961,4.3359375,0.8496363847620981
02359,0.8779160540515237,0.35324109727275144,0.2860957980155945,0.5074324607849121,0.687363862991333,74.99434661865234,3.3767210319248266,12.999099731445312,4.81640625,0.5009256415423531
02360,0.7791324239042574,0.35294658876569907,0.3654668927192688,0.615511417388916,0.5672305822372437,72.31394958496094,5.117158574687926,8.977407455444336,3.9921875,0.19662507756859368
02361,0.8317178730172476,0.36382948590851155,0.3221885561943054,0.6172890067100525,0.5776573419570923,58.917964935302734,5.62838351733308,12.009809494018555,4.0859375,0.5888524564944586
02362,0.8159148317715924,0.6571158960281376,0.650694727897644,0.8295355439186096,0.6675279140472412,68.77706146240234,3.142362447928591,1.9890084266662598,4.15234375,0.24592700548477137
02363,0.8187205092313314,0.35540967921970923,0.3782668113708496,0.48114773631095886,0.3697894215583801,67.0963134765625,7.476077069379059,10.558042526245117,2.806640625,0.2567797855410063
02364,0.7983363616211229,0.45828578673766956,0.2214910387992859,0.41550761461257935,0.7746890187263489,76.87474822998047,4.638311455391931,11.038593292236328,4.97265625,0.5070904521849166
02365,0.649941232097782,0.2518673760008598,0.2779977321624756,0.6197509765625,0.7098807692527771,71.1418685913086,4.620306333022896,11.901912689208984,4.48046875,0.36528396146595055
02366,0.8425954472708878,0.3401240900874493,0.2673935294151306,0.6762529611587524,0.560448408126831,74.37071990966797,6.711385368014711,9.513265609741211,4.23046875,0.26295990366195277
02367,0.8798850350175002,0.3889453414123167,0.3151403069496155,0.6259177923202515,0.5628564357757568,71.37051391601562,3.501651586049098,9.862910270690918,3.853515625,0.20944221895812729
02368,0.6883424720751441,0.2778435017745479,0.33964264392852783,0.6984227299690247,0.5866209268569946,68.95926666259766,5.847532731557327,11.612560272216797,4.35546875,0.543471324264306
02369,0.822550834693918,0.3632892208923521,0.1918432116508484,0.4765165448188782,0.7585127949714661,72.8119888305664,3.8011692222241718,13.317002296447754,4.921875,0.326794960376572
02370,0.8416246890052346,0.4395785568922435,0.2268909215927124,0.4448612332344055,0.6886143684387207,76.20335388183594,4.532259015866954,12.942723274230957,4.78515625,0.583944641669381
02371,0.7834803568077066,0.2758987017450671,0.18632161617279053,0.43746310472488403,0.7000632882118225,76.24956512451172,5.656289842542869,12.195964813232422,4.97265625,0.35678141852675055
02372,0.7391710053412497,0.40263535938970624,0.187771737575531,0.3094213306903839,0.7043985724449158,73.8728256225586,4.85500376963577,14.984264373779297,4.953125,0.6357464565820872
02373,0.8387632627168531,0.3258299268601177,0.31875884532928467,0.5392335057258606,0.5921624898910522,67.12007141113281,5.310919959523715,11.041897773742676,3.87109375,0.23115092428652212
02374,0.8224184532446575,0.30151536326791384,0.45948946475982666,0.7773485779762268,0.49626222252845764,68.99143981933594,5.606718210015736,12.132631301879883,3.345703125,0.1565514568251263
02375,0.7609825392744836,0.28816797432901153,0.3286300301551819,0.5012972950935364,0.6530656218528748,69.59363555908203,6.935855388593932,18.31240463256836,3.33203125,0.5075076602919233
02376,0.8790174744069521,0.3983491722142281,0.3401598334312439,0.37818026542663574,0.6245066523551941,73.96157836914062,4.450310518164918,10.34205436706543,3.552734375,0.5303523533433712
02377,0.839192104615344,0.37427751673666265,0.2336476445198059,0.5084953308105469,0.633293092250824,73.65425872802734,3.6022348968120768,8.333273887634277,4.921875,0.364320665481226
02378,0.8629981822595991,0.48299940074516035,0.2475498914718628,0.2999292314052582,0.5859178900718689,76.1075668334961,5.235048132255297,14.150735855102539,4.33984375,0.7361494876646801
02379,0.8130567231436953,0.35568530668753384,0.32875269651412964,0.6318950057029724,0.4797813594341278,69.49650573730469,4.836495612963957,5.222072601318359,3.2265625,0.40398871224845906
02380,0.8147734826502311,0.3326185709494822,0.28126341104507446,0.4920397102832794,0.665602445602417,71.19007110595703,4.423556713926276,10.66287899017334,4.12109375,0.24196517281183755
02381,0.7802237930896175,0.3583232141914366,0.280429482460022,0.45309168100357056,0.5997137427330017,75.44779968261719,2.6602827951444747,7.0273284912109375,4.67578125,0.25574374309686493
02382,0.8093001717660029,0.3590338956042705,0.27654850482940674,0.5462573170661926,0.7090614438056946,77.6635513305664,3.574008947288059,11.437822341918945,4.9765625,0.2081280446909588
02383,0.8157633352555284,0.3179529508873298,0.2889273762702942,0.5006768107414246,0.769463837146759,74.08438110351562,5.869889418388594,12.183259963989258,4.78125,0.3374403327448716
02384,0.8383233891038829,0.3917089678510998,0.21943813562393188,0.38659408688545227,0.5307140350341797,69.62113189697266,3.4164900451734455,9.417850494384766,4.23046875,0.33053410471041506
02385,0.8131102332759664,0.4349384211588936,0.2340540885925293,0.3818505108356476,0.7482539415359497,73.89724731445312,4.063002727627602,12.365068435668945,4.921875,0.5922480125658464
02386,0.762913298465808,0.3882432694170056,0.2690274715423584,0.45936474204063416,0.5712130069732666,72.218505859375,6.7948366412694305,12.12462329864502,4.296875,0.46995229261838584
02387,0.7854416357900731,0.3261940048764163,0.21759724617004395,0.4624100923538208,0.6272489428520203,74.61741638183594,3.8289733648319233,13.394407272338867,4.84375,0.42413326128575013
02388,0.8163009940452652,0.3280980400831748,0.25276458263397217,0.5271441340446472,0.7323508858680725,74.41515350341797,5.283705844605981,12.495813369750977,3.892578125,0.4389812317791248
02389,0.8217766303143039,0.38109435285864607,0.25524216890335083,0.4932955205440521,0.645942747592926,71.1063232421875,3.271371267536722,13.251033782958984,4.35546875,0.31658991255658225
02390,0.8263718133181129,0.4157633304975438,0.3148522973060608,0.5875685214996338,0.5962468981742859,75.89259338378906,3.2333758062072127,10.149364471435547,4.078125,0.4413759850322775
02391,0.8020492805871642,0.35421432981080003,0.32238560914993286,0.612180769443512,0.5295021533966064,69.16841125488281,4.462522314952103,12.811870574951172,4.5078125,0.4043072983563998
02392,0.8376681664891472,0.41108252371260706,0.22759151458740234,0.43676096200942993,0.7096308469772339,71.98780059814453,3.5611715455555433,9.070271492004395,4.95703125,0.36485278478459954
02393,0.7855803512433577,0.4181703974417542,0.20558327436447144,0.4310908019542694,0.677730917930603,73.46063995361328,3.6088365794083765,12.388915061950684,4.8671875,0.5163846591733705
02394,0.8218025535758319,0.3396694784747282,0.2417965531349182,0.5003376007080078,0.46911129355430603,74.36105346679688,2.686221067635957,11.953224182128906,3.8125,0.30904800404518357
02395,0.7884516322528755,0.47869203966764945,0.34899038076400757,0.6300984621047974,0.43838661909103394,66.03411102294922,5.966269002640593,12.069355010986328,3.115234375,0.4462861834990222
02396,0.8409766562684106,0.37786839369952824,0.2298831343650818,0.5664005875587463,0.7353508472442627,74.74240112304688,4.780126123146418,9.559972763061523,4.625,0.40948298502225017
02397,0.8225934620476724,0.5569855072463769,0.19585806131362915,0.38275453448295593,0.6122220754623413,75.01991271972656,4.885847476332946,15.571359634399414,4.234375,0.6892779888186298
02398,0.8480814603339608,0.32285288114303656,0.3091544508934021,0.6333891749382019,0.7318226099014282,73.64262390136719,5.559138402297242,8.075784683227539,4.65234375,0.3718060856294672
02399,0.8235565596224731,0.4206463367855773,0.19343405961990356,0.32108286023139954,0.5039753317832947,68.94842529296875,3.4263963650155125,12.837696075439453,3.88671875,0.5176944000038987
02400,0.7897896013868995,0.39945252699346073,0.22453004121780396,0.41871970891952515,0.7259281277656555,74.44381713867188,3.31209097026542,10.583287239074707,4.77734375,0.3470934792489195
02401,0.7286746087165575,0.26694972826086955,0.3863722085952759,0.7908343076705933,0.47438326478004456,70.8248291015625,6.373308793064142,12.367700576782227,2.103515625,0.25789451530617247
02402,0.7070965574752007,0.31839888859946164,0.16540682315826416,0.26816844940185547,0.6273444294929504,75.44505310058594,5.4870734529944265,16.077985763549805,4.93359375,0.6548858913935761
02403,0.7764505899479985,0.34526776487751504,0.3172001838684082,0.6617887020111084,0.6181888580322266,71.62329864501953,5.829371022028738,9.714603424072266,3.8671875,0.3527150741082439
02404,0.659372549116467,0.2949809922525384,0.3943413496017456,0.8624335527420044,0.49286940693855286,66.30644226074219,5.871493430480462,7.40662956237793,1.525390625,0.4848181016756982
02405,0.7760940666586127,0.2878132814670742,0.27038007974624634,0.4715940058231354,0.6530064940452576,74.20844268798828,2.9971400531048578,12.19385051727295,4.67578125,0.18292426399965306
02406,0.7692139511098539,0.35119699577530905,0.22355806827545166,0.5623310208320618,0.7132531404495239,73.39671325683594,3.507992244490296,8.88669204711914,4.9375,0.37333103608053225
02407,0.8950027984152887,0.3422818791946309,0.28515392541885376,0.5486628413200378,0.7022249102592468,75.40440368652344,6.135612146112235,8.333306312561035,4.8203125,0.23528400930009347
02408,0.8227708939669249,0.3475107979086156,0.18874645233154297,0.4043956995010376,0.598624587059021,71.44774627685547,2.157492176990937,10.348155975341797,4.609375,0.30436954428145985
02409,0.6511747784618781,0.2933026878631169,0.24415820837020874,0.5488219857215881,0.6450823545455933,71.28987884521484,6.616170837141406,14.436450958251953,4.5859375,0.49579895844826677
02410,0.8021029954373162,0.36091226901947726,0.3110666275024414,0.6305626034736633,0.6255847811698914,73.26636505126953,4.4452444709511685,4.842404365539551,4.86328125,0.22954535312489643
02411,0.8445482506952829,0.4258006314839874,0.21201974153518677,0.47641974687576294,0.4840032160282135,72.81661224365234,4.035709689797279,10.026450157165527,4.87890625,0.555639454836578
02412,0.7025533792871854,0.32230141097036674,0.2586517333984375,0.46833592653274536,0.582213282585144,69.3655014038086,4.128339664081134,12.911300659179688,4.21875,0.45862460331338173
02413,0.7811704916554483,0.4371444595785594,0.2514716386795044,0.3149222433567047,0.5395202040672302,67.99729919433594,5.375813571164493,18.14727020263672,4.42578125,0.5743320780705055
02414,0.8549560930346243,0.32258411120811226,0.29425978660583496,0.5858533978462219,0.6571441292762756,71.97833251953125,6.211224561463477,12.227794647216797,4.1328125,0.3762293959624643
02415,0.8291147943533631,0.3300313967921727,0.2298566699028015,0.43674203753471375,0.6742547154426575,72.77300262451172,4.53138205385056,16.578943252563477,4.6796875,0.5031986422513516
02416,0.7967600712858897,0.3688110836644829,0.18274110555648804,0.5149953961372375,0.6389808058738708,67.85447692871094,4.279443422760267,13.984830856323242,4.625,0.5618687151782812
02417,0.8310276661195893,0.420307578284232,0.2543235421180725,0.34897273778915405,0.7691201567649841,74.35028076171875,4.9181848267072,12.608262062072754,4.8671875,0.32795764187351456
02418,0.8489641235882857,0.3959316037735849,0.2487061619758606,0.44325533509254456,0.7380317449569702,73.92568969726562,3.824051716727816,10.709185600280762,4.8828125,0.2144143541040021
02419,0.33926397036639006,0.1565529114879366,0.2675691843032837,0.509499728679657,0.6450409293174744,76.26179504394531,3.0916235667709016,12.111745834350586,4.9375,0.3911612946456935
02420,0.8071820649038058,0.3305005338737443,0.29084521532058716,0.5022779703140259,0.6166326999664307,72.64363098144531,2.646170317925302,8.574360847473145,4.6875,0.206824162765896
02421,0.7764605694103974,0.4036162955156826,0.27896326780319214,0.501909077167511,0.5968711972236633,71.58056640625,3.2868550548303452,9.546860694885254,4.84765625,0.27740984074830694
02422,0.6107509271893918,0.24020814682184422,0.3388398289680481,0.7382261157035828,0.7230440378189087,71.81874084472656,5.057319797645095,9.464666366577148,4.23828125,0.29952542684150585
02423,0.8028360709853897,0.32454840147982117,0.17212653160095215,0.4334215223789215,0.5660775899887085,75.03179168701172,4.099300181433901,15.15866470336914,3.6484375,0.38273987091663564
02424,0.8193301930562394,0.46705442459493146,0.22109246253967285,0.47795969247817993,0.7287275791168213,72.10359954833984,4.429552931579648,11.957767486572266,4.74609375,0.546579460192954
02425,0.8299644207949395,0.3386867872129708,0.22673410177230835,0.4723818600177765,0.7315092086791992,75.08473205566406,4.504677291281403,13.033851623535156,4.9609375,0.26278775304023244
02426,0.8587694498730066,0.3367303888019051,0.2673909068107605,0.5692864060401917,0.6520828008651733,72.95881652832031,4.526266148383792,11.709144592285156,4.37890625,0.2310176117272258
02427,0.7518857601566906,0.43566666666666665,0.2563638687133789,0.5734567642211914,0.6640273928642273,70.75640106201172,6.114852045008866,8.855745315551758,4.77734375,0.4946478530811635
02428,0.5325492277431495,0.23628739166899637,0.2911677360534668,0.5910882949829102,0.5249760150909424,72.8994140625,3.157866483858898,9.478789329528809,4.5625,0.44115260797553635
02429,0.7683299663522406,0.3087456108335326,0.2962000370025635,0.5560967922210693,0.6576223373413086,72.93072509765625,2.9102982845038596,8.608166694641113,4.83984375,0.24242852984829266
02430,0.6416456332922645,0.24673965545000806,0.3360552191734314,0.5459578633308411,0.5742279887199402,65.0123291015625,7.213629402679924,15.267095565795898,2.7421875,0.3739167219684495
02431,0.8800192102601402,0.3812594458438287,0.24589645862579346,0.4424782991409302,0.6851950287818909,75.60712432861328,5.214655613055534,12.8370943069458,4.54296875,0.5344198060095686
02432,0.7170185620484637,0.28778497044750917,0.3132379651069641,0.5612541437149048,0.5540547966957092,72.87142181396484,6.026955214034899,10.980642318725586,3.91796875,0.359817431048069
02433,0.8672077450837635,0.33786575517409756,0.20655548572540283,0.48715054988861084,0.7415369749069214,72.82555389404297,4.572459437960016,14.104326248168945,4.890625,0.4021588209491992
02434,0.696458336276116,0.2452322839531709,0.41982579231262207,0.7514669895172119,0.4756418466567993,56.06223678588867,6.892387842967984,12.50436782836914,3.369140625,0.2407607857985812
02435,0.8253281107257069,0.4477076492764198,0.24593108892440796,0.39015692472457886,0.7220479846000671,73.30510711669922,3.8391767587589207,11.606014251708984,4.87890625,0.5557851301332003
02436,0.7802537129050435,0.4181349558456923,0.2456432580947876,0.46312394738197327,0.3811850845813751,72.2496337890625,3.9597632607572333,11.923194885253906,4.00390625,0.548484838430255
02437,0.8315109395841818,0.32121473805411627,0.2987961173057556,0.6795271635055542,0.5746657848358154,72.68993377685547,5.137285085003474,10.8121919631958,4.08984375,0.3588188120131104
02438,0.36382305398595666,0.1595999766068191,0.4117448925971985,0.5726683139801025,0.3773137927055359,59.41733932495117,4.9111933943679,12.4027099609375,2.130859375,0.37064834959743087
02439,0.8233539452907858,0.363510401258262,0.2643316984176636,0.5280008316040039,0.4900849461555481,68.611328125,3.775754414437945,13.054391860961914,4.19921875,0.310232037121236
02440,0.7604413877931682,0.27041680159134013,0.45126771926879883,0.6627478003501892,0.6676009297370911,74.6630859375,5.112331527965657,7.708902359008789,3.94921875,0.12038770150551749
02441,0.8264052104592308,0.3658492279745686,0.23689883947372437,0.4749009609222412,0.6644713878631592,70.36663055419922,6.07319700353815,15.700462341308594,4.8203125,0.49859232459020236
02442,0.8464574628320297,0.33205271863827973,0.30593883991241455,0.452322393655777,0.776620090007782,74.58323669433594,6.333826783643165,13.101811408996582,4.640625,0.547252043470536
02443,0.6949903872084028,0.29939960858460213,0.2956482172012329,0.5890498161315918,0.7436954975128174,72.62103271484375,5.811693920467692,11.516704559326172,4.27734375,0.3873827097766291
02444,0.7799506981783719,0.3351944804767545,0.34478533267974854,0.603178858757019,0.7138538360595703,74.79918670654297,4.192099693208542,9.124652862548828,4.53515625,0.34240380432834444
02445,0.8109181842612351,0.38069360325230234,0.19953954219818115,0.3534439504146576,0.7683360576629639,73.94839477539062,3.5516181806745046,13.282611846923828,4.9296875,0.506749517541672
02446,0.7315526847575965,0.286484804480863,0.25001269578933716,0.6090981960296631,0.694185197353363,75.82423400878906,3.823317143154586,8.787400245666504,4.9765625,0.36958658562983027
02447,0.7271569707552409,0.34055027941490823,0.18812775611877441,0.40888726711273193,0.6133594512939453,73.32878112792969,4.1255341701005,17.230236053466797,4.3046875,0.5703590303836321
02448,0.7064494164482892,0.3219509512812053,0.20946359634399414,0.4415208101272583,0.4565794765949249,74.9010238647461,3.6054961049491783,13.138131141662598,4.828125,0.4350894186972858
02449,0.8711293351261243,0.46844958768053213,0.23723000288009644,0.4067571759223938,0.7285546064376831,74.79301452636719,5.283825852402271,12.255203247070312,4.87109375,0.6670160117895155
02450,0.7820809474900586,0.3275890231950343,0.3625912070274353,0.6791562438011169,0.506600022315979,67.99100494384766,5.690028503328997,14.38245677947998,3.986328125,0.32195139356147856
02451,0.537935033541622,0.21745974088872744,0.29058408737182617,0.5172207355499268,0.5622310042381287,69.04960632324219,5.015029823909141,12.772993087768555,4.828125,0.39587897723650356
02452,0.6844815460812221,0.2748502994011976,0.21478986740112305,0.4577227234840393,0.6516515612602234,72.45392608642578,5.155519535399963,13.361353874206543,4.6328125,0.4916081495620112
02453,0.8434620468604526,0.4195189383466962,0.19181972742080688,0.3998454511165619,0.5882664918899536,74.4854736328125,3.2869702159477443,11.69892406463623,4.6796875,0.5603929661080369
02454,0.8186375445023499,0.40590547406768285,0.23040330410003662,0.3880898952484131,0.7190971970558167,75.81037139892578,4.845037240888667,9.214103698730469,4.90234375,0.5069103972134048
02455,0.546339567527521,0.21085114739381697,0.5234806537628174,0.6813610792160034,0.5452903509140015,67.80596923828125,5.896867314581841,9.730986595153809,2.828125,0.24619079351421025
02456,0.7312405863900363,0.34978518994621294,0.19071495532989502,0.46694597601890564,0.6132492423057556,75.56307983398438,3.509348247170526,13.455066680908203,4.9296875,0.3929286308386107
02457,0.7380747624531331,0.2959341937628095,0.3708007335662842,0.4938108026981354,0.4488239884376526,66.0245132446289,6.994252959725328,10.542470932006836,3.076171875,0.21763646979403886
02458,0.8551803860527363,0.42487859318915333,0.23809540271759033,0.4138263463973999,0.5514326095581055,70.4377670288086,3.722007420740031,12.18792724609375,4.26953125,0.619748064253563
02459,0.8133227092927382,0.352274756959506,0.38308125734329224,0.7165051698684692,0.30197080969810486,68.35749053955078,6.326601976741587,12.371152877807617,2.330078125,0.3500354042429796
02460,0.8237408145747023,0.4574923763021981,0.19813013076782227,0.35129278898239136,0.6531479358673096,75.62751770019531,3.168239332814429,11.71353816986084,4.8515625,0.4854408059088224
02461,0.7818769421133948,0.366204022174564,0.21764743328094482,0.35532447695732117,0.7116397023200989,74.09496307373047,3.760988558250957,12.168322563171387,4.94140625,0.370931117053562
02462,0.8918826342516883,0.3929557640030515,0.3102743625640869,0.4758514165878296,0.5342384576797485,71.86046600341797,2.4171478346014705,11.096094131469727,4.11328125,0.28117947277280364
02463,0.819249436922279,0.3150742321489356,0.23855340480804443,0.5021122694015503,0.684756875038147,76.26866149902344,3.494884230545983,13.616243362426758,4.98828125,0.38341393970491267
02464,0.7936775175663248,0.32486786128657985,0.24573618173599243,0.5402776002883911,0.6647136807441711,74.27890014648438,5.410419967487373,14.087876319885254,4.7890625,0.4315569105283285
02465,0.8266089221810298,0.408746194298367,0.243788480758667,0.4430420994758606,0.6368842720985413,73.36654663085938,3.545200652684954,8.89920425415039,4.42578125,0.31639197935809327
02466,0.8660819439031195,0.34478328487389276,0.23109710216522217,0.5017578601837158,0.6823424100875854,75.23918914794922,4.696925631562922,13.068108558654785,4.734375,0.3570421723351353
02467,0.8485946963497291,0.4247001601160086,0.21308255195617676,0.35675472021102905,0.7214716076850891,76.4055404663086,3.8679132618569163,13.63430118560791,4.8046875,0.6998701005508721
02468,0.8163613632360709,0.32471904293334714,0.37593668699264526,0.6359735727310181,0.723393976688385,73.41313934326172,4.133347335927928,12.762331008911133,3.658203125,0.24490488685360975
02469,0.6924811081585897,0.38995251952825855,0.21308469772338867,0.40787389874458313,0.5805520415306091,71.72428131103516,5.371291701845154,13.720001220703125,4.78125,0.6487268819203046
02470,0.8200915177925757,0.5096927337465383,0.19056600332260132,0.34707432985305786,0.5584892630577087,66.59709930419922,5.645926108324452,17.16507339477539,3.865234375,0.5947670935709265
02471,0.7768708848001107,0.4147358420858183,0.20389384031295776,0.34407731890678406,0.714089035987854,74.20724487304688,4.186393968893595,13.464925765991211,4.93359375,0.5816094114449893
02472,0.8200072738786185,0.35576137292290927,0.201360821723938,0.4488157629966736,0.5016888976097107,71.46556091308594,2.491312027167061,13.368492126464844,4.390625,0.3206021756441301
02473,0.80729718806608,0.3015145887499484,0.28645390272140503,0.5731296539306641,0.598317563533783,72.63471221923828,5.831734126218947,11.955009460449219,4.20703125,0.20675923983058525
02474,0.40629687998323966,0.2714720336999766,0.35108453035354614,0.6500793695449829,0.5884813070297241,71.11734008789062,9.535060304115156,12.901546478271484,4.45703125,0.762559811928536
02475,0.7669199896356822,0.37647424649623523,0.24329209327697754,0.4808725118637085,0.6365430355072021,75.93157958984375,3.705153425249376,10.746783256530762,4.3984375,0.4123581924249407
02476,0.8826952981750988,0.41099350493144093,0.19422048330307007,0.41800978779792786,0.6500338315963745,75.45913696289062,3.572003299231899,13.446060180664062,4.07421875,0.4877530086492069
02477,0.7212529404553716,0.2720460404052515,0.31951820850372314,0.5056440830230713,0.6657827496528625,71.7772216796875,4.847336277586433,14.687813758850098,3.966796875,0.44823463732787344
02478,0.8467524963290995,0.4626869665266369,0.21046942472457886,0.40343785285949707,0.6947687864303589,75.99629211425781,4.111090302137378,10.85116958618164,4.93359375,0.5168479848072052
02479,0.8221795422219864,0.3654508838666368,0.28856730461120605,0.5576543211936951,0.5975636839866638,72.20653533935547,4.064475139580736,12.413017272949219,4.03515625,0.37225315955690313
02480,0.7428456295637554,0.31514992798219194,0.2444576621055603,0.4612346887588501,0.6506622433662415,74.79601287841797,2.9208639555871763,10.696098327636719,4.8671875,0.4032617774952748
02481,0.7981576534625793,0.40005368046702006,0.2118021845817566,0.5117301344871521,0.755225419998169,72.27522277832031,4.711457166425346,13.074861526489258,4.65625,0.5220441767251087
02482,0.7813845344289095,0.31947999654864967,0.3127356171607971,0.5969254970550537,0.7246400117874146,76.0056381225586,6.118987653902613,11.980274200439453,4.67578125,0.5060036672116263
02483,0.9789583128254636,0.6310563770400989,0.2862377166748047,0.29172301292419434,0.653221845626831,73.80753326416016,4.892658044849769,11.578424453735352,4.19140625,0.6512661906275609
02484,0.8691703952131165,0.3798757335174318,0.16518211364746094,0.29978761076927185,0.4892396628856659,65.1805191040039,3.5276458424468022,14.965980529785156,4.09375,0.452328744398007
02485,0.8555655032265875,0.3729400027782338,0.20451176166534424,0.41101139783859253,0.7049102187156677,73.87557220458984,3.290731552297759,10.341554641723633,4.86328125,0.3172275059612371
02486,0.8329805185852376,0.3401686617281419,0.22859936952590942,0.45728904008865356,0.6424314975738525,77.2308578491211,3.724799250422089,10.367183685302734,4.77734375,0.2703612002623083
02487,0.6907641430626766,0.3147405575431604,0.2738451361656189,0.6530619263648987,0.6343501806259155,72.09925079345703,2.2103987316473,10.833497047424316,4.890625,0.3357610249089763
02488,0.4933227303763611,0.20551824581276804,0.3069138526916504,0.7134506106376648,0.5909473299980164,70.91817474365234,6.481390783698575,6.068623065948486,4.27734375,0.5129001589967442
02489,0.8102931494760933,0.3951174573929065,0.3099244236946106,0.4822758734226227,0.6342000961303711,72.041259765625,5.266057076458143,10.731844902038574,3.53515625,0.5772352032999003
02490,0.5576884716005902,0.2141603276770041,0.29123228788375854,0.6542336940765381,0.5787970423698425,67.8371353149414,4.811498027739406,13.852354049682617,4.265625,0.4581767875333526
02491,0.7616853325443739,0.3973445143256464,0.27474308013916016,0.6358270645141602,0.5048363208770752,71.92070007324219,6.32103068522874,12.44398021697998,4.19140625,0.3655494436980866
02492,0.8070922849623224,0.4762360724233983,0.2521628737449646,0.42766374349594116,0.6237300038337708,75.01893615722656,4.375566790066995,10.345335960388184,4.8515625,0.49023266070474075
02493,0.7224519003857871,0.275808842943315,0.2499178647994995,0.3978140354156494,0.7205358147621155,75.33851623535156,4.930738020771956,14.356687545776367,4.97265625,0.4520792685200751
02494,0.694226906304408,0.2475293428662063,0.2840818166732788,0.6386262774467468,0.7370229363441467,76.80933380126953,6.854824366583733,13.575166702270508,4.8046875,0.33496199481152633
02495,0.8958567665907937,0.37239985402689274,0.23207414150238037,0.40992099046707153,0.747688353061676,75.96530151367188,5.549799752622251,13.514691352844238,4.75,0.5169114755725144
02496,0.7833615090368629,0.38050814154151075,0.23395264148712158,0.34983646869659424,0.738214910030365,73.57573699951172,4.9560789778759196,11.303794860839844,4.92578125,0.4202582548572894
02497,0.8428947822564538,0.3909051158723218,0.2814573645591736,0.6434475183486938,0.6873003840446472,71.16222381591797,4.344204213289998,6.886816501617432,4.40234375,0.4551257292070558
02498,0.7193980532116163,0.3065584126909848,0.24743396043777466,0.5037274360656738,0.6298389434814453,74.080322265625,2.5760498003686494,8.084157943725586,3.96875,0.33683554802458315
02499,0.853704367349376,0.41837042290983245,0.18077170848846436,0.3887287974357605,0.6529802680015564,73.53699493408203,3.5472906782685922,15.189019203186035,4.3359375,0.563770911339878
02500,0.7912907948013287,0.3555491908921667,0.29820752143859863,0.49035537242889404,0.597271203994751,74.29061889648438,4.236992890435987,9.306334495544434,4.703125,0.4299584381930719
02501,0.48472306722102476,0.19959316270455718,0.27057886123657227,0.6185107827186584,0.6641974449157715,70.44937133789062,4.376612045602548,11.024019241333008,4.515625,0.42021149672370456
02502,0.8107339148221584,0.35505796655381144,0.1993616819381714,0.3583984375,0.6910833120346069,72.7705078125,3.5120778875082967,11.193894386291504,4.91796875,0.2929339391924664
02503,0.68585097873751,0.3334325987691086,0.27106988430023193,0.48622122406959534,0.6632202863693237,74.77764129638672,3.380153139349121,9.177084922790527,4.984375,0.5623992424266194
02504,0.857702448511029,0.3399956681828027,0.219285249710083,0.45055490732192993,0.6959981918334961,73.94219970703125,4.046473741036601,13.17963695526123,4.8203125,0.2313582699195857
02505,0.8195922101376809,0.31992537739620414,0.23409050703048706,0.602986216545105,0.7052106261253357,76.33881378173828,3.393443749045751,9.340229034423828,4.98828125,0.3447180573438406
02506,0.7510534084919617,0.3349761164606869,0.22992825508117676,0.4369848370552063,0.583189070224762,68.84314727783203,3.729776219522802,14.567188262939453,4.6875,0.49450449134597985
02507,0.8304160428277555,0.41552363645415846,0.2741432785987854,0.422696590423584,0.5084485411643982,66.50668334960938,3.8676345679835293,15.017744064331055,3.86328125,0.4355297397867003
02508,0.8099747179614633,0.3216530716079371,0.28883135318756104,0.5991959571838379,0.6121398210525513,72.43572998046875,4.908282168333315,10.969093322753906,3.904296875,0.3937198076904616
02509,0.8787355836235208,0.41661299278178787,0.19630563259124756,0.36993029713630676,0.6540340781211853,75.31759643554688,5.4876726020355235,12.34033203125,4.9375,0.6368633610811286
02510,0.8164177064933159,0.3838848920863309,0.2850002646446228,0.4967072010040283,0.51276034116745,68.36808776855469,4.0251898393262,17.462013244628906,3.900390625,0.42286022345857943
02511,0.756096126121596,0.42894021739130433,0.21140336990356445,0.48271429538726807,0.7122616171836853,73.84341430664062,4.121375630458422,13.241557121276855,4.96484375,0.6939293650295073
02512,0.6108190404449367,0.3042540884471788,0.3043433427810669,0.5321798324584961,0.6606811285018921,74.42185974121094,5.683932570733583,10.938339233398438,4.671875,0.5522581628939638
02513,0.6732634252333306,0.30128551366533435,0.22798949480056763,0.33388274908065796,0.747482419013977,76.02084350585938,7.851514767318774,13.812095642089844,4.75390625,0.6993863220701391
02514,0.7978494833368669,0.3345707413991425,0.29768645763397217,0.5155713558197021,0.7069922685623169,76.77627563476562,4.204574427570316,11.39508056640625,4.92578125,0.5075070164180275
02515,0.686991816708193,0.2820622401802712,0.2699629068374634,0.5437441468238831,0.5308663845062256,74.14971923828125,6.215474046027967,16.865856170654297,2.375,0.45057899549472546
02516,0.6453430749455091,0.24964946250918074,0.27593183517456055,0.5636808276176453,0.48682719469070435,66.55901336669922,10.263907557709471,14.729618072509766,3.94140625,0.4741471844270465
02517,0.8312798798647618,0.4079700012711326,0.29788970947265625,0.48686060309410095,0.5696688294410706,70.38872528076172,5.0660471065202985,9.233451843261719,4.2421875,0.4026348051674608
02518,0.7878520900029653,0.37605009928211397,0.21422648429870605,0.4282591640949249,0.6806172728538513,71.14938354492188,2.3620268492902765,15.148619651794434,4.9296875,0.46965461511346235
02519,0.7923944188062986,0.3235260867107569,0.3287731409072876,0.5563463568687439,0.6462848782539368,75.11851501464844,4.935679024403132,10.211214065551758,4.76171875,0.32393036898507954
02520,0.8211329492635746,0.3272261164195694,0.3795204162597656,0.5277003049850464,0.6813033223152161,73.95027160644531,4.863302689481807,11.870250701904297,3.419921875,0.21970278537584947
02521,0.8448058154935891,0.3883906734061634,0.19536077976226807,0.570993185043335,0.5740536451339722,76.38088989257812,2.888933905737976,9.194215774536133,4.9453125,0.5198326065494548
02522,0.829788045361352,0.3183259353202283,0.26695716381073,0.5427020788192749,0.6657659411430359,75.47801971435547,4.627288261701784,12.952764511108398,4.53125,0.5157543707057506
02523,0.789661592949362,0.40265720540499733,0.22561371326446533,0.5141136646270752,0.5104363560676575,70.0186996459961,6.9109771670950995,16.984983444213867,4.1640625,0.49972497524503046
02524,0.6506898090562956,0.29384779739835354,0.2908738851547241,0.5684325695037842,0.6033576130867004,69.4897689819336,5.692892649907404,8.47585391998291,4.30859375,0.5111791616877158
02525,0.7278694495778881,0.3197521508491954,0.22414058446884155,0.47556641697883606,0.6545984745025635,73.98066711425781,3.993883002442801,10.420427322387695,4.62109375,0.4196187020441428
02526,0.7664298851155505,0.36410336239103364,0.20398342609405518,0.431597501039505,0.6120035648345947,74.2607650756836,4.40388955172739,10.269004821777344,4.8671875,0.47728847364256954
02527,0.8774612833468399,0.381309279997676,0.20820510387420654,0.3017962872982025,0.7242577075958252,74.0781021118164,5.17609436119237,12.805383682250977,4.6953125,0.4153583795801657
02528,0.8103209695033664,0.4166073546856465,0.17768067121505737,0.2855435013771057,0.7212163805961609,76.77385711669922,4.9310862119548835,12.030535697937012,4.98828125,0.6933381276880353
02529,0.8351216660193116,0.4054726958006307,0.2724072337150574,0.4004588723182678,0.5101758241653442,68.17637634277344,3.41025079722753,9.850815773010254,4.71875,0.2748471586654708
02530,0.5882992538325778,0.31401000211312247,0.45464736223220825,0.6552533507347107,0.6264496445655823,71.44829559326172,7.754677252952437,11.563054084777832,4.08984375,0.4242932414382737
02531,0.846152812799702,0.351464268264715,0.3922607898712158,0.5330196619033813,0.4193603992462158,70.1626205444336,3.8006704487188308,12.356709480285645,3.087890625,0.2380774574627155
02532,0.8427733213105366,0.345098289507276,0.20246809720993042,0.45518508553504944,0.697017252445221,74.99417877197266,5.213765045858278,13.028950691223145,4.91796875,0.418400097714997
02533,0.725905419371698,0.2884012539184953,0.2687981128692627,0.3613267242908478,0.6927691102027893,71.1532974243164,9.09344782748137,11.566739082336426,4.1875,0.5538003578536441
02534,0.6885645879010703,0.3126805778491172,0.3198240399360657,0.5638607144355774,0.5467652082443237,67.1798095703125,6.052953713103968,11.772464752197266,3.3671875,0.5949313186958493
02535,0.8263237265724155,0.3576827316379157,0.2684330940246582,0.5988881587982178,0.5261837840080261,66.84422302246094,5.73305996559555,14.95180892944336,4.43359375,0.39559363637300893
02536,0.5625963379547434,0.29263237233842093,0.30675584077835083,0.8153881430625916,0.5196200609207153,75.52114868164062,6.947189347098307,14.602083206176758,3.970703125,0.6004428648797532
02537,0.7321433653489298,0.29068291036500105,0.34605443477630615,0.5813222527503967,0.5257986187934875,69.68179321289062,4.243621827095489,13.425546646118164,2.7734375,0.27467928695234767
02538,0.8742318286817549,0.3382709148500093,0.3303576111793518,0.6460791230201721,0.46799713373184204,73.11377716064453,4.314700091407749,10.638031005859375,3.2109375,0.24660242783725436
02539,0.9263470925836983,0.37398019200849997,0.27603816986083984,0.4352407157421112,0.6820492744445801,74.01264190673828,3.9540337347337906,12.436487197875977,4.515625,0.19259459665687828
02540,0.7401075226641319,0.3750900399449938,0.2149195671081543,0.4322911500930786,0.5746169090270996,74.33537292480469,5.384317766646973,15.199745178222656,4.703125,0.6506526665930636
02541,0.8480386452547957,0.3480241655937407,0.23109591007232666,0.3760209083557129,0.5477272868156433,69.65904998779297,4.0298168839418675,13.588497161865234,3.75390625,0.34321051823010906
02542,0.7819308517284893,0.30301193707344065,0.44691210985183716,0.7268020510673523,0.5397503972053528,68.25469970703125,7.310078457946817,10.849647521972656,2.83984375,0.21899956055526196
02543,0.8183072841379624,0.31915862517619,0.29959195852279663,0.6069074869155884,0.7434760928153992,73.43232727050781,4.990090442405629,11.704952239990234,4.859375,0.4457520587329925
02544,0.6947794657445804,0.34107001111287505,0.19146698713302612,0.36553046107292175,0.6968469023704529,75.21349334716797,4.282986151260785,13.253402709960938,4.890625,0.5745890950154735
02545,0.8242698529135862,0.4878219321757371,0.277854323387146,0.5089954137802124,0.5034696459770203,69.16937255859375,5.190876509188288,11.647930145263672,4.046875,0.5874890876173353
02546,0.886535892003682,0.4590588946981809,0.2736109495162964,0.7136474847793579,0.6353073716163635,63.60592269897461,5.514926499209682,12.578720092773438,3.978515625,0.5119740716085973
02547,0.8965317223191953,0.3642337664384263,0.2219710350036621,0.4138432741165161,0.49634847044944763,68.15689849853516,4.203897768008089,11.702033996582031,3.82421875,0.28626476693231195
02548,0.7288050933224859,0.27510762639602354,0.2997262477874756,0.6942070722579956,0.6625373363494873,73.79576110839844,6.5393090365269195,9.028972625732422,4.546875,0.23259324222232217
02549,0.8191082237135423,0.41289178677648136,0.2449093461036682,0.4429229497909546,0.6521968245506287,75.4476318359375,4.16614147087102,9.047506332397461,4.97265625,0.46450915498611434
02550,0.8184275203853609,0.3713822644130586,0.2517858147621155,0.5294028520584106,0.7217628955841064,72.50584411621094,4.172228473983399,10.669936180114746,4.9296875,0.4136158981448669
02551,0.8130238910696991,0.3878012048192771,0.17279958724975586,0.4283302128314972,0.6541218161582947,74.56130981445312,4.963942065731957,12.74653434753418,4.97265625,0.5281030017857204
02552,0.8461793509024996,0.38415795854742796,0.23293918371200562,0.5126416683197021,0.45532938838005066,70.60120391845703,3.3687958040682,14.154747009277344,4.30859375,0.5160719099934966
02553,0.8434312066312676,0.37317329427870993,0.19097304344177246,0.44114193320274353,0.7280133962631226,74.31240844726562,3.30100885658256,12.363426208496094,4.98046875,0.3399334479727237
02554,0.7914170866405331,0.29080462731559015,0.34550970792770386,0.685718297958374,0.6780278086662292,74.7509536743164,6.461568754449637,11.03366470336914,3.890625,0.3102418914921431
02555,0.784632733256413,0.37488811131906585,0.2935658097267151,0.7109668850898743,0.4978574812412262,76.73875427246094,5.587322329346352,8.899982452392578,3.56640625,0.48422422212857796
02556,0.9046635541586421,0.34467509264746204,0.25993871688842773,0.5705431699752808,0.6718035340309143,75.69096374511719,6.125323341673196,14.333003997802734,4.63671875,0.3418352090309697
02557,0.7199907010620613,0.3233343858541206,0.4168861508369446,0.7389442920684814,0.3958940804004669,55.06810760498047,5.719104104338314,7.994556427001953,2.3359375,0.47773513650513816
02558,0.6616873675902462,0.35122998828582586,0.21882247924804688,0.39301010966300964,0.7193512320518494,75.31896209716797,6.85009486646545,15.899454116821289,4.98046875,0.6087207034832338
02559,0.8018085125462568,0.4006233517142172,0.2918323278427124,0.6704304814338684,0.4890937805175781,70.60879516601562,6.44663246973518,11.822973251342773,2.7265625,0.6145553690245258
02560,0.7473835403949592,0.3534805056079758,0.272194504737854,0.5590739846229553,0.40359434485435486,63.06425857543945,5.996254339813612,16.504905700683594,3.13671875,0.4400535577904556
02561,0.7133109043413274,0.3345658633212281,0.26186490058898926,0.42741280794143677,0.6233435273170471,65.98797607421875,7.132669190051007,17.71361541748047,4.9453125,0.4171605764262422
02562,0.8630424664162536,0.3466544696223826,0.2375807762145996,0.494096577167511,0.616060197353363,72.79193115234375,3.833568918844699,11.488171577453613,4.68359375,0.19874809392927936
02563,0.5275927722251187,0.2509531723531137,0.25741034746170044,0.4596025049686432,0.5628570318222046,67.51055145263672,5.335505399958854,17.854286193847656,4.6875,0.3671614889769554
02564,0.6565987335109477,0.2935871743486974,0.35869312286376953,0.5023878216743469,0.5817184448242188,70.23866271972656,4.77222789184217,13.260549545288086,4.890625,0.3326813075834052
02565,0.8041825036543597,0.3189147585145276,0.22334516048431396,0.339201420545578,0.7611499428749084,78.21055603027344,5.1006923917945,11.155863761901855,4.984375,0.57223800643658
02566,0.896426478262027,0.4466376604064548,0.2091718316078186,0.38178008794784546,0.6232972741127014,76.41384887695312,4.509112505439909,11.576022148132324,4.16796875,0.430601981649197
02567,0.7430633639302421,0.2711188479189745,0.2964105010032654,0.5216976404190063,0.6480072140693665,75.1617202758789,3.2150408253592953,13.086162567138672,4.86328125,0.2291649744498229
02568,0.8140911682202411,0.36875876682484254,0.2976028323173523,0.6427017450332642,0.546055793762207,63.15916061401367,4.380529242053928,14.489164352416992,4.5625,0.3949131238625075
02569,0.7082007180869807,0.3233164167189371,0.28181755542755127,0.6623561978340149,0.46245095133781433,70.15121459960938,6.159535398627307,10.027101516723633,3.80859375,0.37088104373042946
02570,0.8867822632434037,0.35386053467937933,0.3360065221786499,0.5359266996383667,0.776469886302948,76.47203826904297,4.537766949460772,11.397510528564453,4.96875,0.487974580180671
02571,0.7748209398474349,0.31718395155185464,0.2998681664466858,0.5588153004646301,0.5610266923904419,68.67716979980469,5.83845290513899,15.394755363464355,3.21875,0.47622779745008675
02572,0.8272864690396002,0.4656812039107077,0.19454818964004517,0.3638124465942383,0.7461349964141846,74.01820373535156,5.086093984362535,15.197992324829102,4.65625,0.6763856146749132
02573,0.857476583913645,0.3510892440703032,0.26822322607040405,0.6156395673751831,0.7374781370162964,74.8021469116211,4.923954695120665,9.939995765686035,4.78125,0.38023107074805795
02574,0.8094023945179275,0.3538247714759181,0.2704651951789856,0.41771623492240906,0.49286791682243347,64.45596313476562,3.3551527027121173,11.247700691223145,3.783203125,0.29665229477172245
02575,0.8457011459205683,0.3431409036291909,0.3442612290382385,0.621036171913147,0.5496062636375427,72.46444702148438,4.0755488313168255,9.748559951782227,2.625,0.29243764633497377
02576,0.8126478124562327,0.507808564231738,0.13801681995391846,0.1687566339969635,0.7030327320098877,73.39852905273438,5.600227586524512,16.917245864868164,4.9453125,0.7684122239882998
02577,0.5784042013792812,0.2746195165622202,0.3376966714859009,0.811489999294281,0.6427528262138367,70.18144989013672,4.955166664321305,11.722782135009766,4.87890625,0.4790052889314605
02578,0.8357851401143912,0.3276124554386164,0.2587631344795227,0.524619460105896,0.6201266050338745,74.8803482055664,4.768896514638325,14.182607650756836,4.328125,0.24628595459461233
02579,0.8363982632918621,0.33899181705672643,0.44882500171661377,0.7712398171424866,0.5934224724769592,71.69697570800781,5.789632813487536,7.445693492889404,4.359375,0.28084850591578725
02580,0.7819629627014174,0.3298882783216274,0.22941076755523682,0.5656885504722595,0.5763244032859802,70.02543640136719,3.306105092031171,14.915042877197266,4.7109375,0.40603134570758964
02581,0.6500449455798513,0.28630890441504386,0.27296876907348633,0.5084750652313232,0.6677898168563843,65.85212707519531,5.33989277371604,13.765559196472168,4.671875,0.5501225542827031
02582,0.9220264981050024,0.35029458188126084,0.2871514558792114,0.5706667304039001,0.613382875919342,74.92202758789062,4.424103310459646,11.733094215393066,4.7265625,0.21855487588294156
02583,0.8735219260683849,0.4683076757164811,0.15601909160614014,0.3028698265552521,0.6880536079406738,73.50382232666016,3.0516837570673445,14.032424926757812,4.98828125,0.6182187251723593
02584,0.8657188402614172,0.4153141024671376,0.2059539556503296,0.40762773156166077,0.7479646801948547,75.86840057373047,3.759399807320611,8.558093070983887,4.9765625,0.48325163922759695
02585,0.8532040765465482,0.39911997875810795,0.23401296138763428,0.4946856200695038,0.5687185525894165,74.9908218383789,5.133868651257988,12.365375518798828,4.1953125,0.5987322667912562
02586,0.8438606597218349,0.38808471026297414,0.26718974113464355,0.5742337703704834,0.6720882058143616,71.1844482421875,4.526878103288483,11.273889541625977,4.55859375,0.6028475374047353
02587,0.8018245359663203,0.41025759607825,0.39182519912719727,0.5830729007720947,0.5401268005371094,71.02481079101562,4.664124663409541,9.735589981079102,3.98828125,0.3619399415130859
02588,0.7792884575660836,0.32757618801652894,0.41700029373168945,0.6587070226669312,0.5040942430496216,67.91732788085938,4.232092021307337,7.8452677726745605,3.5703125,0.26842732485153364
02589,0.8034874527086749,0.40025701434996785,0.24677026271820068,0.5092978477478027,0.7032935619354248,75.64080810546875,5.629366040292799,8.205167770385742,4.9453125,0.5149723350801638
02590,0.8530916795937512,0.3658230823474105,0.18541032075881958,0.44580793380737305,0.5904868841171265,75.28469848632812,3.4345625483848083,7.889255523681641,4.90234375,0.43392045834772236
02591,0.8197771013448346,0.34912906610703043,0.26346564292907715,0.4976624548435211,0.771555483341217,73.81221008300781,5.809541223654935,10.6969633102417,4.20703125,0.5196815015574205
02592,0.8117121056627696,0.3579557655142796,0.30202358961105347,0.5908304452896118,0.43598824739456177,70.26119995117188,5.92808467028002,12.141397476196289,3.99609375,0.2913370761068358
02593,0.6086969899200428,0.281023784901758,0.22318804264068604,0.4825896620750427,0.6083756685256958,66.6529312133789,4.066268637862895,14.133848190307617,4.8984375,0.42473132698598004
02594,0.8233938396636077,0.31049577522141913,0.353340208530426,0.6222330927848816,0.6619839072227478,76.2169418334961,3.5547807942524474,11.869497299194336,4.88671875,0.4089219437807625
02595,0.7957279966167486,0.34826475004639706,0.2932320237159729,0.5673426389694214,0.47095999121665955,64.86830139160156,3.7285853085087597,11.108833312988281,3.849609375,0.32955875153024894
02596,0.8363847063695923,0.33309679987538726,0.2335740327835083,0.5310355424880981,0.686515212059021,72.82669067382812,4.723600750597016,12.172109603881836,4.84375,0.46855850467044646
02597,0.755891819476852,0.45669470334166856,0.21104949712753296,0.3944312334060669,0.5377354621887207,66.99934387207031,4.132151353373832,17.371553421020508,4.01171875,0.7512825037110096
02598,0.8572933901733248,0.36461073521674764,0.26452451944351196,0.4867646098136902,0.6510929465293884,72.27408599853516,5.998854838488564,12.194766998291016,4.890625,0.30414155853181574
02599,0.7797332185066633,0.3622988505747126,0.27289360761642456,0.5018310546875,0.6704839468002319,74.57050323486328,5.323976301783127,11.719218254089355,4.9453125,0.6083571503360252
02600,0.8756153682910102,0.40145458583166777,0.24105370044708252,0.5256524085998535,0.661939799785614,73.83431243896484,5.800713781135181,11.631488800048828,4.26171875,0.5309941640151277
02601,0.7456395850592785,0.28704253436243266,0.3357706665992737,0.6051758527755737,0.534882664680481,69.97635650634766,4.493768703294378,12.129911422729492,3.234375,0.21003028516439287
02602,0.8382366342385489,0.41579400808144545,0.24314308166503906,0.3771437704563141,0.690823495388031,73.5144271850586,3.349549031448949,8.676870346069336,4.9296875,0.2638307298944295
02603,0.8085101033133468,0.32454832665454,0.28163301944732666,0.5543167591094971,0.5924148559570312,72.79708862304688,2.3374072468604834,9.221511840820312,4.44921875,0.23799297954599719
02604,0.7937467702712897,0.33610206459708986,0.23417919874191284,0.4530026316642761,0.7166665196418762,75.14677429199219,3.3929999525701113,11.04637336730957,4.95703125,0.3439454081861027
02605,0.6905573955751616,0.34138438880706923,0.269287109375,0.564515233039856,0.6609548330307007,75.6844253540039,4.229681787204777,12.592907905578613,4.90234375,0.5011728408141568
02606,0.8546626344410785,0.47202753284598187,0.27162110805511475,0.4285980463027954,0.6582053899765015,75.56673431396484,3.906506936695897,7.530686378479004,4.9140625,0.40943124523036206
02607,0.7876325941608763,0.3785095320623917,0.17991816997528076,0.37207844853401184,0.7256039381027222,76.42993927001953,3.870667873170383,12.003570556640625,4.97265625,0.43486734427993484
02608,0.9254632255206738,0.3731454005934718,0.18934118747711182,0.3061016798019409,0.7396554946899414,75.30475616455078,4.6919268070810105,14.719938278198242,4.98046875,0.572798225009536
02609,0.8782031875273083,0.36759295499021527,0.29184430837631226,0.5440651178359985,0.6593791842460632,71.39570617675781,3.834032619077084,10.503522872924805,4.62890625,0.31897534133504535
02610,0.8319219407975865,0.41631190727081135,0.18172073364257812,0.32051098346710205,0.577859103679657,73.37901306152344,3.4960240169492387,14.53737735748291,4.60546875,0.49494591236610075
02611,0.7517397239270753,0.3231151615575808,0.27094393968582153,0.43314021825790405,0.629913866519928,69.87042999267578,3.955408819461996,10.453190803527832,4.50390625,0.34043655677005114
02612,0.8068875102606725,0.36788835702888717,0.38107264041900635,0.5596046447753906,0.45651546120643616,61.58307647705078,4.2344098843259,10.239992141723633,2.60546875,0.31819636391254913
02613,0.9206627322081956,0.3940412044374009,0.2542128562927246,0.4935520887374878,0.7064728736877441,74.52894592285156,4.1619613123303685,10.029301643371582,4.8828125,0.2826793579591867
02614,0.7527474485805377,0.3728753014020778,0.1829395294189453,0.3464016616344452,0.6215001344680786,72.1961441040039,3.0381251964114875,15.7023344039917,4.23828125,0.628594416343789
02615,0.7077917437198006,0.26151764029737296,0.26108217239379883,0.5007643103599548,0.7695524096488953,73.25756072998047,4.2782951421082815,14.547723770141602,4.9765625,0.26047056673675123
02616,0.835039658854668,0.3616379546718685,0.30218368768692017,0.39194798469543457,0.7442969083786011,73.06678009033203,4.111072087932542,8.570556640625,4.9296875,0.22805821239973365
02617,0.8432603317328812,0.37845768091973647,0.18735778331756592,0.4035329520702362,0.6837780475616455,76.35184478759766,3.609760491533036,14.70363998413086,4.9375,0.604023009319587
02618,0.7506441041654041,0.3306860149687878,0.21782702207565308,0.3753734230995178,0.6286012530326843,72.1422119140625,5.083134382276946,11.32777214050293,4.56640625,0.44224452119130553
02619,0.7771705495511569,0.4459891978395679,0.17083114385604858,0.437049001455307,0.6863853335380554,73.85646057128906,4.841248933335059,9.671002388000488,4.8203125,0.5362281404141598
02620,0.7546355562012674,0.35996378073413665,0.2608584761619568,0.5988361835479736,0.6272382140159607,71.17292785644531,4.043826625239134,11.665254592895508,4.3125,0.573265447788945
02621,0.7319973032794317,0.2739324260910371,0.3646889925003052,0.6288818717002869,0.5484639406204224,75.0291748046875,4.512709380846846,13.150453567504883,4.04296875,0.17043418489267498
02622,0.7989280968972355,0.3595704427597283,0.21498513221740723,0.44281813502311707,0.7707592844963074,74.5204849243164,3.5861608240300202,12.093853950500488,4.9453125,0.323416973373825
02623,0.682386760126233,0.3083129232099121,0.30215805768966675,0.5617326498031616,0.5018455386161804,58.66294479370117,4.326136281750572,16.19210433959961,3.48828125,0.4893211021563281
02624,0.8024866036081133,0.36032893097433344,0.24863415956497192,0.5334519147872925,0.6502059102058411,72.59375762939453,3.4803172864531047,11.595810890197754,4.59375,0.4469891834433452
02625,0.7762496172471988,0.3481802954164763,0.26052039861679077,0.529140293598175,0.7289125919342041,75.05266571044922,5.105705378612864,11.15768814086914,4.12890625,0.480615204019243
02626,0.8286670004114205,0.3584905660377358,0.2632696032524109,0.5837142467498779,0.6685310006141663,75.8147201538086,5.269139911687385,11.744637489318848,4.98828125,0.5361158468542319
02627,0.8096477377061801,0.3722375285772906,0.2352258563041687,0.39044803380966187,0.4667196571826935,74.5204086303711,4.727144349027861,15.502521514892578,4.0625,0.5461296087787245
02628,0.7326684857163392,0.3639050239478243,0.2121877670288086,0.4102810323238373,0.7245498895645142,77.24762725830078,5.695953089249431,13.567422866821289,4.96875,0.7006641561322008
02629,0.7862011661785498,0.3366786525698134,0.1878839135169983,0.3801196813583374,0.6970396041870117,74.63798522949219,4.080634822738473,11.053131103515625,4.796875,0.4439544005512098
02630,0.8710076678354438,0.47145501945819324,0.21091288328170776,0.3769868314266205,0.6463829278945923,74.40697479248047,5.058713045530421,11.71806812286377,4.74609375,0.623191978922358
02631,0.7935947355282585,0.32193060626095954,0.2662869691848755,0.488273561000824,0.6134611368179321,73.1115493774414,4.208109998154137,13.307876586914062,4.796875,0.33369076471662806
02632,0.8947580028144586,0.34099077276670536,0.2819399833679199,0.585052490234375,0.6951232552528381,76.03512573242188,5.306084488342446,13.177504539489746,4.6875,0.4466738199441336
02633,0.7933375463996611,0.4002444240757715,0.2237379550933838,0.4599173367023468,0.5139020681381226,70.63346862792969,2.534367574575374,15.682467460632324,4.26953125,0.43713043120905404
02634,0.8713011411685903,0.570861255894763,0.2620369791984558,0.39029958844184875,0.5923758745193481,68.8490219116211,7.232576912600929,17.2515869140625,4.78125,0.8487754819197696
02635,0.7290667265151777,0.2652524483510399,0.24022674560546875,0.5442491769790649,0.7058206796646118,72.76107025146484,3.2200858408306643,13.125248908996582,4.875,0.30949088354198384
02636,0.88399350096275,0.3545094613712105,0.258791446685791,0.5302859544754028,0.7435788512229919,75.20096588134766,5.460354965138509,13.40001106262207,4.65234375,0.29576997575139463
02637,0.6273992744417783,0.28225246864157993,0.19686931371688843,0.42776766419410706,0.6520048975944519,73.35032653808594,6.3289504684415885,11.066828727722168,4.953125,0.41916507803252645
02638,0.7496000594007354,0.3375517007222668,0.3603758215904236,0.6116735935211182,0.6243953108787537,71.6396484375,5.436064333079324,9.579218864440918,4.30859375,0.376047508989539
02639,0.7371321630591972,0.2746729901323338,0.3668777346611023,0.6397573351860046,0.6553411483764648,73.51011657714844,5.606339700783266,12.421039581298828,3.490234375,0.3429365833902064
02640,0.7521699310802059,0.537272155876807,0.3003758192062378,0.4066827893257141,0.6328432559967041,72.6737289428711,4.73272766780327,15.02663516998291,4.29296875,0.793415372617232
02641,0.5347741923876554,0.23088711050570407,0.3287172317504883,0.5858561992645264,0.6468883752822876,75.38975524902344,4.828576994166878,6.645837306976318,4.984375,0.32735802194626834
02642,0.6627692192977988,0.3108211818879509,0.3267803192138672,0.5143552422523499,0.47264960408210754,66.18913269042969,7.629586121707454,10.380424499511719,3.017578125,0.3407522146048622
02643,0.8886110891471012,0.4385394456289979,0.29250288009643555,0.6164746284484863,0.4606751501560211,75.27350616455078,6.749263747845353,7.503726959228516,2.27734375,0.5093802661958071
02644,0.8255608981695313,0.3658018487862762,0.20243632793426514,0.4323171079158783,0.6350803375244141,73.11158752441406,2.9510482623821384,12.353094100952148,4.69140625,0.3908530168763715
02645,0.6791976766031491,0.2908230344464896,0.2534830570220947,0.5067707896232605,0.6403916478157043,74.17337036132812,3.414226031806566,12.702911376953125,4.9765625,0.43485500962770307
02646,0.7928692745032919,0.3345157943000555,0.24583500623703003,0.4289364814758301,0.7272197008132935,76.7085952758789,4.23064060097591,9.01089096069336,4.953125,0.46934824647778894
02647,0.6871009426222519,0.34066553863508175,0.3957369923591614,0.6165571212768555,0.663213312625885,73.86241912841797,5.301368058327834,8.013524055480957,4.67578125,0.2267167982492342
02648,0.7467502681227658,0.30088459991958183,0.3610804080963135,0.6273773312568665,0.7050942778587341,72.72782897949219,6.011319534223229,11.547030448913574,4.53125,0.36975236934570377
02649,0.6297304406354042,0.31364124597207305,0.3054473400115967,0.6222807168960571,0.5428406596183777,59.78799819946289,6.9564234503157865,15.961256980895996,3.689453125,0.6668309340085576
02650,0.8273806119335838,0.43982140228644323,0.19174671173095703,0.3325555920600891,0.8098987340927124,74.66398620605469,4.19395316722445,16.099367141723633,4.94921875,0.6095645875662832
02651,0.8304307929544933,0.36058837084261464,0.17919427156448364,0.3712833821773529,0.6704363226890564,74.7003173828125,3.729482109977782,13.271402359008789,4.984375,0.5293774954396822
02652,0.43678152557828015,0.19471466267575124,0.281114399433136,0.36193662881851196,0.6752350926399231,71.78499603271484,3.8633964894549164,13.581533432006836,4.953125,0.38374161870225443
02653,0.9094372039731726,0.38691350067437724,0.25700294971466064,0.5060534477233887,0.4467780590057373,71.5489730834961,3.797363210220227,10.999226570129395,3.751953125,0.29161642456104236
02654,0.6350455803522346,0.27406547480845134,0.35333114862442017,0.6228578090667725,0.5470039248466492,71.29645538330078,4.579503220966868,10.456884384155273,3.619140625,0.29541035121715964
02655,0.8198992669388862,0.33531624902392276,0.26963603496551514,0.5415968894958496,0.6621989011764526,72.09941101074219,4.633528258414706,12.487899780273438,4.69921875,0.32272322858740043
02656,0.6473702651368833,0.32080129787684275,0.29654639959335327,0.6121696829795837,0.42431050539016724,65.96710968017578,6.30106065011516,9.79517936706543,2.158203125,0.45844774341731687
02657,0.8263791166882188,0.3212891477605797,0.2854081988334656,0.5082941651344299,0.7074061036109924,73.02560424804688,5.1418225740375565,13.160722732543945,4.62890625,0.3263413195456094
02658,0.6581137718698322,0.3262745098039216,0.27839624881744385,0.52000892162323,0.5147112011909485,66.94552612304688,4.331915643575435,13.212852478027344,4.62109375,0.3854830588956304
02659,0.8797768403435818,0.37853883691841517,0.25262635946273804,0.4708266258239746,0.5979560613632202,72.40693664550781,4.438630314258766,10.932454109191895,4.4296875,0.23893911246087354
02660,0.8338992045416369,0.364160845236854,0.3324023485183716,0.5613347887992859,0.6921247243881226,76.0874252319336,5.380887133861362,9.46982192993164,4.8125,0.2843491049567088
02661,0.7558474721531059,0.4140212571267685,0.261185884475708,0.4923838973045349,0.6336074471473694,69.98358917236328,5.430284000705693,10.275155067443848,4.5234375,0.5439682866561449
02662,0.872230863000614,0.348420574690277,0.1999197006225586,0.42356786131858826,0.7144294381141663,75.91693878173828,3.674701773159234,13.859015464782715,4.984375,0.41029997319211886
02663,0.6965715176135067,0.4185768387482559,0.32334232330322266,0.5185457468032837,0.5180028676986694,67.20465087890625,6.813959603290392,10.574793815612793,4.08984375,0.7278140823699356
02664,0.5444534071701311,0.26985242445537594,0.341971218585968,0.7237401604652405,0.6779098510742188,66.03042602539062,5.617244931636658,12.212787628173828,4.578125,0.45801061997734516
02665,0.8552866996768342,0.39480731696246196,0.26275205612182617,0.5414312481880188,0.6334280967712402,73.21748352050781,6.678268283158644,9.721263885498047,3.951171875,0.6531805483634483
02666,0.5131055369751021,0.26660914581535805,0.2826482057571411,0.5095279216766357,0.5489469170570374,68.08634948730469,6.058421011666768,14.50101089477539,3.220703125,0.608796913631452
02667,0.8632480450339545,0.44099687729975934,0.2340606451034546,0.3752002418041229,0.7616152167320251,74.5020523071289,4.0956703627203,12.310579299926758,4.96484375,0.4679821815029011
02668,0.8102860933596863,0.37266555871665585,0.31631267070770264,0.583771824836731,0.6554730534553528,69.40776824951172,5.111724966188171,9.992524147033691,4.63671875,0.4249174025516073
02669,0.7607935146209882,0.2962446963460199,0.24711817502975464,0.4595750868320465,0.7486848831176758,74.31092834472656,6.045546836419364,16.929866790771484,4.25,0.4515595511427593
02670,0.9101252957988996,0.5066883896415709,0.24226123094558716,0.4387790560722351,0.6882396936416626,75.33707427978516,6.67300876086046,13.286314964294434,4.44140625,0.6235705820680782
02671,0.8434483043874935,0.37600902699418454,0.22492963075637817,0.4828038215637207,0.7461432814598083,77.09114074707031,3.6296922466484856,11.216486930847168,4.9296875,0.64576604960601
02672,0.8236290174415396,0.384554500226142,0.189658522605896,0.36714163422584534,0.5647938847541809,69.42504119873047,3.1451836348958344,11.706925392150879,3.759765625,0.36841181011804675
02673,0.7674715761266329,0.4001718705242051,0.22853773832321167,0.518963098526001,0.5408989787101746,72.57527160644531,3.4296931268349966,10.145159721374512,4.47265625,0.5604899181225935
02674,0.7485056630893786,0.30578175895765475,0.3122209310531616,0.663377046585083,0.39816516637802124,60.310890197753906,4.540786139283904,15.023332595825195,2.755859375,0.5810040571232006
02675,0.850418652305602,0.34116405762149826,0.19073987007141113,0.38363099098205566,0.6840798854827881,75.90238952636719,4.239472050030165,11.765264511108398,4.9609375,0.5666256025457673
02676,0.7526060927939526,0.33642864766784075,0.33368903398513794,0.5716325640678406,0.5488919019699097,64.81726837158203,5.462143147519473,14.793000221252441,4.66796875,0.3561529888894021
02677,0.7900169361351603,0.3974510845145215,0.25400954484939575,0.5928906202316284,0.724202573299408,75.48528289794922,4.163957495492598,7.424369812011719,4.984375,0.48074937053015543
02678,0.6372233767146388,0.28248208823899107,0.4011191129684448,0.6293253898620605,0.5391813516616821,64.80660247802734,6.3249015077596535,12.132058143615723,4.32421875,0.4219762040299978
02679,0.8467869344953082,0.36384709071622207,0.24402350187301636,0.3780381679534912,0.5751373171806335,69.78218078613281,5.578667133840227,14.477153778076172,4.05078125,0.16758986991573638
02680,0.8184636479360358,0.3107080163838502,0.33624690771102905,0.629720151424408,0.585162878036499,68.74088287353516,5.605022661529185,12.136603355407715,3.658203125,0.21069853726410398
02681,0.8317992543905703,0.3153475896531452,0.34951114654541016,0.8137140274047852,0.5417439341545105,69.11408996582031,4.96049275994122,12.498861312866211,3.5546875,0.21192496207063327
02682,0.8454913559472023,0.4249453591723736,0.2590707540512085,0.45467257499694824,0.6554564833641052,74.99161529541016,5.027089055404388,8.726102828979492,3.994140625,0.4100709143201224
02683,0.870813343215877,0.34756285031809475,0.2638714909553528,0.5285449028015137,0.7204564213752747,70.36965942382812,4.6599553767266455,11.693099975585938,4.84375,0.5464471350757221
02684,0.7727399618864168,0.4737641302513919,0.295249879360199,0.5035586953163147,0.6215258240699768,74.80447387695312,7.01045380925476,10.568115234375,4.16796875,0.5608122059763371
02685,0.7889313698230328,0.3431638696939783,0.29421961307525635,0.5764942765235901,0.6087257266044617,66.07276916503906,4.998562410343044,12.876978874206543,3.80078125,0.36215302704834357
02686,0.5480491853592855,0.30622489959839355,0.2889671325683594,0.5613813400268555,0.5437091588973999,69.67748260498047,7.8972295059112145,9.483794212341309,3.822265625,0.5340933420642816
02687,0.7716722250022996,0.29690375488328546,0.2719196081161499,0.6387911438941956,0.6134158372879028,69.98973846435547,5.615480521638965,12.012577056884766,3.87109375,0.49108412417483205
02688,0.874760460854517,0.33818041777884017,0.2782905101776123,0.5364227890968323,0.7432271838188171,74.55440521240234,4.988968771236704,10.25139045715332,4.7890625,0.33928538827141597
02689,0.7394589746178194,0.30084323148064196,0.3330457806587219,0.7324660420417786,0.5608489513397217,69.45144653320312,6.820428056131922,10.64404582977295,3.84765625,0.4687522934256031
02690,0.8271532141241649,0.37255156310805554,0.19009125232696533,0.4197220802307129,0.7243092656135559,73.12757873535156,3.277352375881135,12.011627197265625,4.53515625,0.36399675892397887
02691,0.5863022001850612,0.24878591071324088,0.35708773136138916,0.6310998201370239,0.4002716839313507,66.20552825927734,6.11027193431,14.42962646484375,3.40625,0.3537884779373444
02692,0.7110938115942684,0.28910409399669545,0.33873671293258667,0.46697402000427246,0.5889003276824951,68.83746337890625,4.032637662913358,14.559260368347168,3.43359375,0.2457704306001037
02693,0.822319814764708,0.32855913155755345,0.38405078649520874,0.716177225112915,0.3749929666519165,70.83447265625,7.598972946350299,10.267139434814453,2.806640625,0.20515654740363573
02694,0.6028895155944961,0.3300970873786408,0.26664310693740845,0.48119813203811646,0.5982030630111694,69.28348541259766,6.497143030043697,16.600378036499023,4.890625,0.582208879485027
02695,0.8265487310631856,0.3230484666523697,0.29587817192077637,0.5155011415481567,0.546697199344635,71.85432434082031,5.502577388977107,13.299833297729492,4.8046875,0.36127544148510593
02696,0.8378383287582778,0.32447284506119156,0.25997310876846313,0.5364435911178589,0.6773147583007812,74.85352325439453,5.543591988488636,13.962727546691895,4.92578125,0.33299898097004177
02697,0.802823666734533,0.3316571353447709,0.24945640563964844,0.5323551893234253,0.6012251973152161,71.45826721191406,2.9842676131111805,12.123327255249023,4.89453125,0.3196458960823118
02698,0.6169985995947668,0.2774015002548977,0.38564884662628174,0.5272876024246216,0.45726415514945984,66.15046691894531,6.044330719200464,11.766695022583008,2.806640625,0.34641701458430074
02699,0.7275477546292825,0.3813530797711208,0.2213733196258545,0.49762946367263794,0.6246258020401001,75.4046401977539,5.0883086024839255,13.894718170166016,4.95703125,0.5303797455967362
02700,0.7814864355022633,0.3175983876100562,0.2966955304145813,0.5463763475418091,0.6634206175804138,70.03792572021484,4.986216929320254,11.746254920959473,4.19140625,0.560095532458079
02701,0.7689636285272673,0.36128907008347894,0.27117836475372314,0.442593514919281,0.7270839214324951,75.69544219970703,5.832934296556897,13.139730453491211,4.94921875,0.561246080899361
02702,0.7718419785392863,0.30196369564900943,0.2880709171295166,0.5864094495773315,0.65428626537323,73.37874603271484,4.410860596056449,11.705718994140625,4.98046875,0.2748876268515156
02703,0.8478998737354686,0.3190792641818357,0.3322010636329651,0.5325618982315063,0.7253767848014832,73.9926986694336,6.0075907914991165,11.202476501464844,4.61328125,0.27835189881067457
02704,0.7574184326054021,0.4169188643896815,0.2957066297531128,0.5339246988296509,0.6106860637664795,74.9188461303711,3.1514385317936857,10.33778190612793,4.66796875,0.42303291950133615
02705,0.9019215812383723,0.3649670454085965,0.31630367040634155,0.49046480655670166,0.6780726909637451,73.15240478515625,4.01745124034211,9.872480392456055,4.8359375,0.31851819926721614
02706,0.775873493731203,0.2794876977637309,0.474817156791687,0.8145261406898499,0.5807082653045654,70.99126434326172,6.712731012003356,12.718993186950684,3.18359375,0.16202087301731138
02707,0.7293380299397177,0.3497198702556974,0.35460877418518066,0.7124503254890442,0.49590909481048584,65.60889434814453,4.954507358315526,12.861462593078613,4.1015625,0.43311084874157973
02708,0.8108772227497583,0.3201674808094906,0.257709801197052,0.42074137926101685,0.6915677785873413,75.30982208251953,5.431219323869035,12.633904457092285,4.109375,0.5061958902771647
02709,0.7740513620739079,0.3026151930261519,0.3235512375831604,0.6565633416175842,0.686468243598938,72.82225036621094,4.163959846225005,10.182037353515625,4.4140625,0.28762287350613963
02710,0.79725488422327,0.3881539518498487,0.18128114938735962,0.37129926681518555,0.6910706758499146,75.8743896484375,3.3352155781734223,13.08691120147705,4.984375,0.43128030590636157
02711,0.7216061699474765,0.31452480988923226,0.3612716794013977,0.6131349205970764,0.6216025948524475,71.13826751708984,4.427611675394275,12.462947845458984,4.92578125,0.4306342586249843
02712,0.772147919296746,0.33670146137787055,0.430056631565094,0.6835117340087891,0.4773872494697571,66.92921447753906,4.455142512499303,11.2174711227417,2.396484375,0.3660880013837061
02713,0.7965914594352762,0.32131096933525416,0.3299418091773987,0.6347538232803345,0.7085505127906799,74.64984893798828,5.8588314304409295,8.644515037536621,4.5546875,0.39058811747944544
02714,0.9190753516390298,0.3524543596788007,0.23234272003173828,0.4474424719810486,0.6746036410331726,75.40458679199219,4.995245394736863,15.245341300964355,4.6875,0.353885171035938
02715,0.8060659073995264,0.34979255003875437,0.231367826461792,0.4134789705276489,0.7312427759170532,74.87808227539062,3.430292999159832,10.799960136413574,4.9453125,0.33793134432341204
02716,0.8583364519121668,0.42534441407775114,0.14748311042785645,0.2938613295555115,0.6159159541130066,75.78224182128906,2.9559064702366316,12.405434608459473,4.95703125,0.4566261277925101
02717,0.8268512377902629,0.3482876853802619,0.3060290217399597,0.542280912399292,0.731184184551239,73.71236419677734,5.780966768768682,9.995009422302246,4.37890625,0.44586825993816154
02718,0.8122127074569582,0.3076791590102987,0.43026161193847656,0.6823337078094482,0.7265719771385193,73.65934753417969,7.37159155985229,9.635993957519531,4.1953125,0.45235053142961607
02719,0.9205523195291937,0.35313762387047465,0.28227072954177856,0.5828285813331604,0.6864175200462341,72.86863708496094,5.427666818857525,11.175675392150879,4.66015625,0.1522400932328465
02720,0.673703981536263,0.31351096439518983,0.2565382719039917,0.4538553059101105,0.5893365740776062,71.55085754394531,3.4092368190381053,9.759581565856934,4.98828125,0.3428552350791275
02721,0.784382093457131,0.32580651166254027,0.2433784008026123,0.33314448595046997,0.6899417042732239,74.76573944091797,4.1893295340378085,11.755171775817871,4.9765625,0.5004425949979983
02722,0.8507622671406659,0.37572802383854803,0.18878501653671265,0.40861740708351135,0.5148425698280334,68.86384582519531,3.936332943579866,13.698015213012695,3.8125,0.4078323128859834
02723,0.9665094200895618,0.7896541702993316,0.2213394045829773,0.24154111742973328,0.6183783411979675,73.34211730957031,8.25323888366049,9.300151824951172,4.1640625,0.7331232807035752
02724,0.8482290390200615,0.31595984641079944,0.3045455813407898,0.4901529848575592,0.5438960790634155,69.30699920654297,5.571044622133137,13.190088272094727,4.109375,0.15357078119214818
02725,0.7727430272942031,0.33472885780426537,0.3878971338272095,0.6532785296440125,0.48408424854278564,72.94633483886719,6.86558528723728,9.93914794921875,4.4453125,0.48522873128989114
02726,0.7226899497257513,0.288334463958192,0.30052345991134644,0.6962589025497437,0.7048372626304626,74.28730773925781,5.8697381123020085,11.699122428894043,4.26171875,0.4226178670114272
02727,0.7525311098319528,0.32848172480127763,0.21779268980026245,0.4572027325630188,0.6560637950897217,68.67658233642578,4.511327715802287,15.713053703308105,4.8828125,0.45893998957685433
02728,0.8043386053666904,0.3388179451302669,0.25119680166244507,0.5180686712265015,0.7380245923995972,75.10943603515625,4.9981744410238855,11.474508285522461,4.94140625,0.38556486142136853
02729,0.8835051167297783,0.41184208741879924,0.19071173667907715,0.4118404984474182,0.6131047606468201,74.49112701416016,3.970827894349075,8.690315246582031,4.98046875,0.3774057709611327
02730,0.7541455672866083,0.3039632610503872,0.3138507008552551,0.5158368945121765,0.7146466374397278,70.56256103515625,5.327772060459495,10.436460494995117,3.8828125,0.2009682735176673
02731,0.6784867017767517,0.26766450380160023,0.31151050329208374,0.6268718242645264,0.4913056790828705,69.45276641845703,6.520044003085495,17.47649383544922,2.568359375,0.37462344196175273
02732,0.8212811196717372,0.4061152630066111,0.26583123207092285,0.4170154333114624,0.49691736698150635,70.87030792236328,5.782601316865322,9.201705932617188,3.63671875,0.49657737284129594
02733,0.7080133507408934,0.3036337694666221,0.2460823655128479,0.41935139894485474,0.6902297735214233,75.39312744140625,4.955974039862766,11.306601524353027,4.984375,0.5498217110086417
02734,0.7202819136746953,0.30147449842881313,0.25572335720062256,0.569375216960907,0.5773378014564514,68.55367279052734,4.112818500882728,15.110817909240723,4.60546875,0.43729095362109294
02735,0.7485613622084245,0.3625133120340788,0.157292902469635,0.4073679447174072,0.5784095525741577,71.34095764160156,3.624896673603042,15.326436996459961,4.70703125,0.5178479499037795
02736,0.6823363105385031,0.31150219053983813,0.2765383720397949,0.5344508290290833,0.7267856001853943,73.43975830078125,3.6851084459116565,7.801204204559326,4.91015625,0.26542902132925084
02737,0.6838876605405755,0.253345170226648,0.43862515687942505,0.7692544460296631,0.5444260239601135,68.53150939941406,5.832947487986568,11.482271194458008,3.02734375,0.16738545360342258
02738,0.852931555069557,0.4872215417194345,0.3664436936378479,0.4722483456134796,0.6225360035896301,71.97721099853516,4.3649181809954,8.841793060302734,3.427734375,0.3439364089916021
02739,0.8337921053517516,0.3113730846182415,0.3626022934913635,0.621697187423706,0.5864769220352173,75.47278594970703,5.876987166401879,8.78683853149414,4.58203125,0.2652314816335806
02740,0.8417669524929823,0.3493524686240316,0.2843751311302185,0.4660981297492981,0.7328124642372131,75.3303451538086,6.8565849063478,9.591111183166504,4.86328125,0.5003253164488959
02741,0.7788214314539282,0.4324013236775215,0.2104472517967224,0.4470261335372925,0.6053849458694458,73.27342987060547,3.3562293807418255,15.585175514221191,4.76171875,0.5828896461307592
02742,0.9197103590365514,0.3604463528703881,0.19869691133499146,0.4223816394805908,0.7375330328941345,73.99203491210938,4.317087800692744,10.647787094116211,4.87109375,0.3511527774970562
02743,0.6319689836189493,0.2536432124261904,0.3695642352104187,0.5795507431030273,0.6321000456809998,72.09202575683594,7.129760446307284,16.353837966918945,3.939453125,0.44416764589894636
02744,0.44201473134674285,0.2170687792581923,0.3710101246833801,0.6263817548751831,0.5513551831245422,69.27640533447266,6.827065503214339,12.245979309082031,2.666015625,0.412666565179955
02745,0.8739161087435022,0.3517774531288045,0.43727999925613403,0.6883937120437622,0.44450995326042175,60.86360168457031,7.004478371604316,10.784544944763184,2.97265625,0.42523484722461313
02746,0.9234303284993276,0.34947264104197634,0.2629659175872803,0.48005211353302,0.5431237816810608,68.66757202148438,6.716616593723748,11.563057899475098,3.75,0.32338491679088943
02747,0.8089927288686085,0.4211485870556062,0.25148338079452515,0.5878614783287048,0.5450013279914856,75.20687103271484,6.477998792530791,12.19620132446289,3.916015625,0.6028435969424744
02748,0.8624867360271994,0.32970263362839625,0.2876170873641968,0.5095790028572083,0.7441310882568359,75.24271392822266,5.713123597607804,10.973817825317383,4.88671875,0.32141969391929703
02749,0.566473688344289,0.2414792541731893,0.25531792640686035,0.5237889885902405,0.6708698868751526,71.69868469238281,4.2072490580700785,12.704938888549805,4.84375,0.28851343827278264
02750,0.7634901970325788,0.29876184888998675,0.27205348014831543,0.5001145005226135,0.6043005585670471,66.55953979492188,5.348114419522945,15.051477432250977,4.41015625,0.42127341113917904
02751,0.8255506202427605,0.3604601358379734,0.29720860719680786,0.5735839009284973,0.6180346608161926,75.05728912353516,4.06989540951928,9.635965347290039,4.88671875,0.36519545642933343
02752,0.7987483604050104,0.38600857182358633,0.3186931014060974,0.5961347222328186,0.4620227515697479,68.25220489501953,5.407115941929102,9.385068893432617,2.705078125,0.3351739498552139
02753,0.8234179115391665,0.3415565885764256,0.2839171886444092,0.5992556214332581,0.5580207109451294,74.2707290649414,5.59985027184131,12.613656997680664,3.216796875,0.3915731885504601
02754,0.8852925002160588,0.35731370745170193,0.3803722858428955,0.7364194989204407,0.6237672567367554,72.9515151977539,6.378160117957581,7.854673862457275,3.083984375,0.40397751616331784
02755,0.8462652357219144,0.3510843559465926,0.2307766079902649,0.5106287598609924,0.6684160232543945,74.00546264648438,3.6600279257679653,11.680106163024902,4.80859375,0.25424370504285226
02756,0.7290631781790283,0.337126000842815,0.3435726761817932,0.7049793004989624,0.44129958748817444,65.54829406738281,6.489781419551393,12.601091384887695,4.33984375,0.6797957431745478
02757,0.7972292121843738,0.29596390504173786,0.265514612197876,0.4861813187599182,0.6115943193435669,72.34954833984375,4.861883111862199,12.07670783996582,4.73046875,0.3398185551093499
02758,0.7715419701351196,0.304330479084185,0.3382819890975952,0.6833533048629761,0.4901244640350342,69.68473815917969,4.888795972141502,12.7154541015625,2.97265625,0.5821316179146693
02759,0.7282029187964385,0.3570901033973412,0.3213343620300293,0.5930148363113403,0.6600121259689331,69.37501525878906,6.558002964807596,14.494806289672852,3.984375,0.5007740853100403
02760,0.7895993447840542,0.3876013007794353,0.17269384860992432,0.34536296129226685,0.6853757500648499,72.82979583740234,3.880305713461126,13.211179733276367,4.9453125,0.5163242656453988
02761,0.7324525347395104,0.37127128408654464,0.40130823850631714,0.5582994222640991,0.5116772055625916,71.84687042236328,6.750372411295634,11.67406940460205,3.57421875,0.47403008891078163
02762,0.8531995201446132,0.3972096840377513,0.27821028232574463,0.6191277503967285,0.5757359862327576,70.79102325439453,5.256486375185239,15.074399948120117,4.68359375,0.727030542108252
02763,0.8006464002497649,0.3558581535117873,0.3156716227531433,0.5369260907173157,0.45897483825683594,68.35384368896484,3.508415135353161,11.414128303527832,3.61328125,0.32462010994418006
02764,0.7056427202849519,0.31964256164156873,0.2909153699874878,0.48919886350631714,0.7329341173171997,74.61967468261719,6.440605058802733,10.393953323364258,4.9765625,0.42080060761985755
02765,0.7583357912952173,0.3338441589060474,0.3647352457046509,0.8264378309249878,0.439568430185318,58.95921325683594,8.072804698183612,10.027433395385742,2.890625,0.4986020669407495
02766,0.7566172716197055,0.387855104825704,0.25349336862564087,0.5211141705513,0.6580846309661865,75.98530578613281,3.7478742800021143,5.6816487312316895,4.95703125,0.4133650336092417
02767,0.8423150239790417,0.33759506227267716,0.2288113236427307,0.49685680866241455,0.6781394481658936,73.86703491210938,4.658106833692389,14.025869369506836,4.65234375,0.47183364023106433
02768,0.8429011883716288,0.36239275688925787,0.24765974283218384,0.523932158946991,0.6194403767585754,73.73040771484375,3.1137640842703935,12.224226951599121,4.390625,0.31853653953143074
02769,0.7692771983901943,0.3639498432601881,0.27343809604644775,0.5082739591598511,0.6100780367851257,70.48394012451172,6.030173044986529,10.6229829788208,4.00390625,0.4804206079596658
02770,0.7856443258543198,0.3270895982029637,0.22031068801879883,0.4843865931034088,0.7267381548881531,75.2824478149414,4.679899798433622,12.787759780883789,4.94921875,0.6026256330462297
02771,0.7464853498785712,0.3527514613989115,0.24077433347702026,0.4223736524581909,0.48067519068717957,69.66602325439453,4.417854895760172,14.41901683807373,4.421875,0.5661564626466075
02772,0.4665170716201284,0.37047421085706,0.5160054564476013,0.7250099778175354,0.7204894423484802,74.15081787109375,4.687622635709189,4.575021743774414,4.12109375,0.4501037151500306
02773,0.7537294938699962,0.30776533130814504,0.33777952194213867,0.5643895268440247,0.6258400678634644,73.16709899902344,4.99075837837845,9.324292182922363,2.560546875,0.7435400929465912
02774,0.7563899540265846,0.3047778826325539,0.37534624338150024,0.699292004108429,0.5674175024032593,71.1052474975586,5.7274139971945495,9.208465576171875,3.810546875,0.4347474041544735
02775,0.7427712914160856,0.304247893079084,0.27034980058670044,0.5763426423072815,0.6861989498138428,75.141357421875,5.694575623853158,14.9985933303833,4.46875,0.4739127156862698
02776,0.7529069192114405,0.2921430699081181,0.2476678490638733,0.6065595149993896,0.5840425491333008,74.92557525634766,5.459482064152735,11.712693214416504,4.140625,0.4127603784654686
02777,0.706717981443453,0.3290404598717665,0.24109095335006714,0.4399447441101074,0.5415329337120056,69.7266616821289,3.6773559772879794,13.002285957336426,4.828125,0.38040533821451294
02778,0.869963721951938,0.35038105869544245,0.3058432340621948,0.5983275771141052,0.6956206560134888,76.4487533569336,5.402977091603702,13.298336029052734,4.24609375,0.3696850946973029
02779,0.8632649232205114,0.3675044009138919,0.17242252826690674,0.36835435032844543,0.6182987689971924,69.02816772460938,3.53779180522329,14.630175590515137,3.41015625,0.26107681384186526
02780,0.739205057942541,0.40813648293963256,0.34036338329315186,0.5779356956481934,0.5563809275627136,74.7267074584961,8.023589486267017,9.686302185058594,4.4296875,0.6438134213417105
02781,0.5430215791052431,0.2409820326429845,0.25945109128952026,0.5611503720283508,0.6441202759742737,75.08560180664062,4.059070204650818,9.820693969726562,4.8671875,0.3330653636952768
02782,0.8601983719151218,0.34001769881952215,0.3868861198425293,0.7335970997810364,0.4730423390865326,71.61692810058594,7.023656596605914,8.257973670959473,3.8515625,0.34063802274790883
02783,0.7603802306278928,0.34293278423297546,0.2581442594528198,0.5157273411750793,0.48413580656051636,69.41842651367188,4.5648044645639425,11.902908325195312,3.8828125,0.3830372453488369
02784,0.782835332664094,0.37927663734115347,0.21600234508514404,0.44719988107681274,0.520929217338562,69.19239044189453,4.224349369267212,14.99146842956543,4.23046875,0.5607147000624682
02785,0.7478608870354608,0.34258126810428063,0.239266037940979,0.47480982542037964,0.5803836584091187,70.66998291015625,4.769658951679926,16.317567825317383,4.51171875,0.5350507897750899
02786,0.8271348099559912,0.36476550788778644,0.2556813359260559,0.4491223692893982,0.5741406679153442,71.20062255859375,3.335973840776231,14.641864776611328,4.28125,0.4038301379427838
02787,0.7326084058615953,0.341465739064138,0.25214165449142456,0.5405862331390381,0.5558639764785767,74.02106475830078,3.8765144832384326,12.495437622070312,4.7109375,0.6762397022303359
02788,0.8402012249347892,0.4800691368693961,0.3071695566177368,0.4501495361328125,0.620888352394104,76.511474609375,4.870093280679517,3.4205422401428223,4.828125,0.2542769017367053
02789,0.8866714506649566,0.34197754154034327,0.27020156383514404,0.542850136756897,0.6971524357795715,74.08698272705078,4.237853883949139,11.662874221801758,4.84375,0.41558561434132746
02790,0.605111262844953,0.25054735840076153,0.44893914461135864,0.6677995324134827,0.534959077835083,73.46159362792969,6.580778641248503,11.794066429138184,3.759765625,0.42185993182512815
02791,0.8183424306834575,0.3302457568131927,0.3251221179962158,0.6790072917938232,0.6722838878631592,69.92855834960938,3.830340443061565,7.529659271240234,4.37109375,0.40272660478831834
02792,0.6949170899170166,0.3339638564735326,0.21211612224578857,0.427151083946228,0.6295728087425232,71.36811828613281,3.274206537428655,12.702816009521484,4.87109375,0.4166516842983281
02793,0.8783968138500415,0.3453024245244494,0.2796333432197571,0.5746208429336548,0.7043169736862183,70.46775817871094,4.694610847006,10.109705924987793,4.90625,0.2173542622403613
02794,0.8750079984267848,0.35290037831021437,0.26924312114715576,0.5236855745315552,0.6542584300041199,72.35009765625,4.52790240965519,9.535064697265625,4.85546875,0.19680643259052572
02795,0.8472489456870025,0.34765625,0.2220745086669922,0.5076969861984253,0.7089293599128723,75.54846954345703,3.8592636565621667,14.094771385192871,4.5234375,0.5186221936194557
02796,0.859907848100452,0.361334078897527,0.27981436252593994,0.5121523141860962,0.6068649291992188,71.92042541503906,5.867607504953327,10.836933135986328,3.953125,0.2714358987898127
02797,0.8119885058504261,0.3310235355169572,0.22616583108901978,0.5524281859397888,0.7127736806869507,74.16731262207031,4.136772503745215,15.048903465270996,4.9140625,0.5357963871802893
02798,0.7968798993866562,0.36512633735488276,0.2954323887825012,0.6547743678092957,0.6539367437362671,74.07138061523438,3.1670259893092267,10.347638130187988,4.79296875,0.3615185366906664
02799,0.7817628060563364,0.5598493856520016,0.36976975202560425,0.5348106026649475,0.40580540895462036,66.33833312988281,6.670613091050186,6.719381332397461,3.34375,0.6364449182538527
02800,0.7480905573715674,0.3925871738600341,0.2624739408493042,0.4441104829311371,0.572833240032196,76.6431655883789,4.950302888808146,9.721780776977539,4.2578125,0.5934038395358645
02801,0.699619166364448,0.3684432132963989,0.26638686656951904,0.4560624659061432,0.7559877038002014,77.79216003417969,5.150903729429608,11.585860252380371,4.2734375,0.3745195987272462
02802,0.5626671336299442,0.26024476904855903,0.22722071409225464,0.5069384574890137,0.6226034760475159,72.56629943847656,6.716547882528833,17.36888313293457,4.82421875,0.5784899517081264
02803,0.856216957145809,0.39581567203570117,0.2948312759399414,0.41671115159988403,0.5420857667922974,70.33843231201172,5.1685885272920356,12.839630126953125,3.990234375,0.3723489779270425
02804,0.7920867915496898,0.36703035701031694,0.2444937825202942,0.5535568594932556,0.6116450428962708,74.21946716308594,5.346584651971084,9.5794095993042,4.984375,0.561550916808747
02805,0.8743041624571464,0.39559251559251557,0.2818260192871094,0.4337441921234131,0.7036812901496887,74.65388488769531,4.288602471509871,7.467401504516602,4.62890625,0.4642314462906464
02806,0.7544993806448992,0.3351811163296982,0.23692870140075684,0.48116961121559143,0.45662176609039307,70.06809997558594,2.9662914370451663,11.49061107635498,3.91015625,0.31089585855031593
02807,0.8201077854366287,0.46755379194745667,0.20523583889007568,0.39390820264816284,0.6781100034713745,74.39250946044922,3.8846616080304774,13.329934120178223,4.95703125,0.4963583045177188
02808,0.46051291335575106,0.18497559807179856,0.3116770386695862,0.5196882486343384,0.6519574522972107,75.99238586425781,7.896635035816462,12.31937313079834,4.16796875,0.4852090917319389
02809,0.7233082336209415,0.45916602259762246,0.2721431851387024,0.4407202899456024,0.6775493621826172,75.3671875,4.134713889220019,10.711082458496094,4.63671875,0.5037440859266185
02810,0.7925526953314979,0.37141137008686675,0.20313453674316406,0.3943270146846771,0.698797881603241,75.2052230834961,2.6668436297404208,11.548994064331055,4.95703125,0.3629227212984507
02811,0.8293945712836468,0.48156439895828573,0.18448257446289062,0.30143558979034424,0.641922652721405,74.9262924194336,4.732595760844636,10.39409065246582,4.921875,0.5437766030914449
02812,0.7081298933884997,0.31853933643925536,0.22871720790863037,0.4627610445022583,0.5099799036979675,69.73350524902344,4.189253025856586,13.7479248046875,4.203125,0.389048118637212
02813,0.8674988432495078,0.41518713788028394,0.20688903331756592,0.39969512820243835,0.7476872205734253,75.04277801513672,3.9859013146461555,11.92312240600586,4.9140625,0.5384831277349408
02814,0.766322038577744,0.3046757164404223,0.31611180305480957,0.7260217070579529,0.6611277461051941,75.86189270019531,6.926133119566326,12.704963684082031,4.71484375,0.5810015301255687
02815,0.7479917498875738,0.28690889172904877,0.39461958408355713,0.7419029474258423,0.7262304425239563,73.30416870117188,5.678874340657868,8.900500297546387,3.8515625,0.216427823196305
02816,0.8365552891823009,0.39097082679417416,0.23371076583862305,0.4463001489639282,0.6898137927055359,74.89373016357422,3.959022950957525,9.858626365661621,4.9140625,0.3811744549980173
02817,0.6558886666684723,0.3077229101397384,0.34051454067230225,0.6967653036117554,0.617938756942749,70.11473083496094,7.384464624542384,13.210504531860352,4.234375,0.42353447662845795
02818,0.8423993405799537,0.3231656831951216,0.24307286739349365,0.44217368960380554,0.6526073217391968,75.22415161132812,5.079636861550923,13.509081840515137,4.9296875,0.4409019429831089
02819,0.8660715336337492,0.3914425495453163,0.27762657403945923,0.533421516418457,0.6163454055786133,72.84504699707031,3.1542845318026025,9.85651969909668,4.93359375,0.3425407296704768
02820,0.9203359450865091,0.3580644384318322,0.28634798526763916,0.5498008728027344,0.5895726680755615,73.29737091064453,5.419072922212366,12.10783576965332,3.744140625,0.2256364128608001
02821,0.693905345681266,0.3168471470220741,0.2768820524215698,0.46972155570983887,0.6044084429740906,70.00784301757812,5.592071374375923,14.301612854003906,4.578125,0.5612940213732924
02822,0.9577871832070719,0.36793530710268557,0.3081435561180115,0.6588225364685059,0.7658159136772156,74.33128356933594,7.252224154591814,11.839280128479004,4.5859375,0.11296165965212328
02823,0.6609359188176979,0.2524010676081794,0.21701353788375854,0.49115079641342163,0.6862919926643372,72.27296447753906,4.482513673922614,12.335348129272461,4.5625,0.4179804166470915
02824,0.7665741393133756,0.3503680404682383,0.21801120042800903,0.3975715935230255,0.7437376976013184,74.92682647705078,3.3413240632912227,10.748099327087402,4.92578125,0.37868205539024075
02825,0.6164815058480482,0.29439583825963583,0.362983763217926,0.6336466073989868,0.5727397799491882,69.92002868652344,4.924522450203532,12.08932113647461,4.7109375,0.4443472164853195
02826,0.8173135748066738,0.32255026724357344,0.2520557641983032,0.6171364784240723,0.6433937549591064,73.92048645019531,3.6460673958931182,11.754091262817383,4.28125,0.29835201090038843
02827,0.545926402795625,0.23746354313670148,0.3414353132247925,0.6946969628334045,0.6635579466819763,75.03372192382812,5.357354944669226,8.203645706176758,4.49609375,0.6806852960588291
02828,0.7877649091382444,0.3671405400248068,0.2692457437515259,0.5111355781555176,0.5389484763145447,66.78663635253906,4.935703891243634,16.241437911987305,4.94921875,0.6297170953322514
02829,0.53286450921203,0.22058165548098435,0.2440987229347229,0.5130652189254761,0.6420146226882935,69.8922348022461,4.811245101878736,13.254548072814941,4.3984375,0.40378835802490504
02830,0.9217323586012327,0.40724459724950884,0.21327370405197144,0.44077298045158386,0.6120920181274414,75.381103515625,3.964670994337233,10.287495613098145,4.87890625,0.4428606422231959
02831,0.7312996080219769,0.35775004521613313,0.29222244024276733,0.6230242848396301,0.7128717303276062,71.0721206665039,4.264395565892377,12.417143821716309,4.76953125,0.3931415497365429
02832,0.8442953864840709,0.38513164687661333,0.23569804430007935,0.35227692127227783,0.727422297000885,72.30742645263672,6.588260971120264,16.511436462402344,4.71484375,0.6756000521164414
02833,0.6749344269912916,0.31180550878847063,0.24636757373809814,0.48539531230926514,0.6249212026596069,74.18008422851562,3.1257841448679202,12.156923294067383,4.9765625,0.36147443501192134
02834,0.837889792649589,0.3623248258583189,0.24781501293182373,0.426964670419693,0.729313313961029,74.06759643554688,6.795552213818935,13.498895645141602,4.94921875,0.5965447815497056
02835,0.7445385680396781,0.26967496505848104,0.5203700661659241,0.7698979377746582,0.536999523639679,66.25601959228516,5.674173586841226,13.63466739654541,2.595703125,0.18066796042871813
02836,0.8182667815948742,0.4205969698494992,0.33128172159194946,0.6199827790260315,0.5446235537528992,69.74475860595703,6.678771034329026,8.98259162902832,3.19921875,0.5470685352274561
02837,0.7293954730905788,0.3127172603682671,0.22964608669281006,0.593082070350647,0.6647437214851379,71.74625396728516,4.32701857578758,10.422839164733887,4.875,0.3468613442604204
02838,0.7319242536841751,0.3455185486054698,0.3389623165130615,0.5709985494613647,0.49445223808288574,71.77127075195312,4.031807709236682,10.785527229309082,3.939453125,0.2909446067141634
02839,0.8858836416609526,0.44501143762097484,0.2412165403366089,0.3652530014514923,0.7354205250740051,75.13304138183594,4.869970086809103,12.472635269165039,4.73046875,0.526997554959543
02840,0.7184751629787419,0.3567324506620035,0.35119855403900146,0.6600345373153687,0.5486790537834167,63.46743392944336,5.999358138689835,9.814051628112793,3.68359375,0.5091336737142147
02841,0.9091931523464172,0.38974052492654016,0.3903634548187256,0.6453332901000977,0.5859794616699219,71.87134552001953,4.579721392773266,7.632186412811279,3.560546875,0.10707180925883325
02842,0.8131298817947761,0.4653876898481215,0.276017427444458,0.38940656185150146,0.5481080412864685,68.3101577758789,6.444106034340846,16.148969650268555,4.390625,0.4747238138098583
02843,0.83766243244993,0.35306989644029413,0.30174434185028076,0.6639634966850281,0.6154335737228394,74.32910919189453,6.16384673705331,10.333165168762207,4.70703125,0.26039357884560055
02844,0.7715391733761519,0.29681939190135914,0.3426746129989624,0.5784104466438293,0.6640962362289429,73.70037841796875,5.110487394895066,7.823710918426514,4.90234375,0.18733313915198552
02845,0.8568259745972329,0.43235578823946447,0.2003883719444275,0.33229860663414,0.547130823135376,69.34242248535156,3.9136616367343313,14.168764114379883,4.5546875,0.4107480752218144
02846,0.5505736551202447,0.22115384615384615,0.3917660117149353,0.6427685022354126,0.6119316220283508,69.75432586669922,6.629208232622837,10.688018798828125,3.97265625,0.4763245438682132
02847,0.6902415112369732,0.3051827216217286,0.22678697109222412,0.5097488760948181,0.5350757241249084,71.37792205810547,5.577866264546433,15.551957130432129,4.140625,0.45143566610757146
02848,0.6292967974799109,0.2489567894196785,0.32268744707107544,0.5426937937736511,0.6214653849601746,64.5105209350586,5.523902061503019,15.333539962768555,4.796875,0.3777880569001942
02849,0.8212875446784992,0.37517901560262307,0.2527461647987366,0.48876503109931946,0.5425675511360168,73.87165832519531,4.331238831635727,10.0914945602417,3.94140625,0.37038274200813365
02850,0.8203355364988214,0.355335514707142,0.2974785566329956,0.46514126658439636,0.46747493743896484,70.7508544921875,5.067946730909321,12.80040168762207,3.01171875,0.34809731237612757
02851,0.635577949452182,0.25673677777996806,0.3494567275047302,0.5433846116065979,0.6843898892402649,76.54277801513672,3.914968753368532,9.467025756835938,4.890625,0.32940570674853753
02852,0.8785177978746168,0.4483570216570271,0.19934821128845215,0.3914859890937805,0.6843229532241821,73.88915252685547,4.611359218788466,13.110552787780762,4.92578125,0.592462300808452
02853,0.7773867939937984,0.2899328473856397,0.3216906189918518,0.6512056589126587,0.6986198425292969,73.0564193725586,6.871811925013707,9.979484558105469,4.046875,0.19329240254885063
02854,0.8664167753288121,0.4741904950582227,0.240777850151062,0.40449258685112,0.6072172522544861,71.080810546875,6.706391943824395,15.180427551269531,4.21484375,0.5197452914539258
02855,0.6400535020192559,0.2780545195123783,0.3689562678337097,0.5448748469352722,0.5159182548522949,65.51512145996094,5.0712316221505125,13.553268432617188,2.216796875,0.37055955569873666
02856,0.5746695600584237,0.46248939522482124,0.4039827585220337,0.6224139928817749,0.6249055862426758,65.72818756103516,5.354865270400525,8.076967239379883,2.82421875,0.5685474858131059
02857,0.7039643907144211,0.29001716405514644,0.2918323874473572,0.5262327194213867,0.6323421597480774,72.52660369873047,5.959284709926626,11.710492134094238,4.734375,0.54637733504904
02858,0.8120402504790872,0.39888906356442905,0.2070673108100891,0.4037141799926758,0.648424506187439,72.36590576171875,3.9674866803347997,15.147652626037598,4.97265625,0.4507063193793807
02859,0.7507000834521641,0.3530061281952189,0.20616388320922852,0.3820127248764038,0.729435920715332,73.18360137939453,5.113379783042679,10.065764427185059,4.91796875,0.4436508496635787
02860,0.7581707977381714,0.3764948453608247,0.3473851680755615,0.529636800289154,0.6531144976615906,71.9330062866211,3.9677711339842157,5.652127265930176,3.533203125,0.3287899551561742
02861,0.854053481684569,0.34673688705430217,0.4007134437561035,0.6362850666046143,0.5220761299133301,66.4776382446289,6.245020382353009,10.986892700195312,2.451171875,0.18199393253145757
02862,0.7720729640465078,0.28225376272108277,0.27650749683380127,0.5993133187294006,0.6665823459625244,71.90203857421875,5.356875779324432,13.488789558410645,4.70703125,0.21488874214822629
02863,0.841826757803221,0.3555735430157262,0.18068528175354004,0.3934435248374939,0.664073646068573,75.57649230957031,3.0949927926801797,12.934892654418945,4.7890625,0.3632615955662842
02864,0.7785484931082757,0.3612199273950407,0.2902321219444275,0.5315037965774536,0.5126301050186157,68.67845153808594,4.578979872567246,14.042349815368652,3.990234375,0.4062439470514972
02865,0.7705494283530264,0.3889217425586438,0.2618327736854553,0.5605759024620056,0.5752346515655518,74.18089294433594,4.092818162210657,12.57543659210205,4.58984375,0.4775577142335164
02866,0.8781768373228043,0.44290993721307914,0.30285197496414185,0.4653180241584778,0.6239269375801086,73.21908569335938,3.603691417517757,9.953843116760254,3.16796875,0.26334211218923537
02867,0.8101726015089942,0.34888863028046085,0.24788564443588257,0.5816085934638977,0.620388388633728,73.83981323242188,5.621824197646215,12.675716400146484,4.18359375,0.5308466579169561
02868,0.4752091435204428,0.2191707772297027,0.35212767124176025,0.787122368812561,0.5994371175765991,68.63456726074219,7.252622800218103,15.613224029541016,3.779296875,0.48185407845419725
02869,0.8235571432890357,0.42457442955450925,0.19202035665512085,0.3633739650249481,0.715937614440918,72.75052642822266,4.142232045682,13.688175201416016,4.75,0.5155359575569866
02870,0.7245232666478311,0.2939525747158692,0.30704253911972046,0.6503579616546631,0.6391642689704895,69.54413604736328,4.884007692567325,11.264913558959961,4.36328125,0.39619953933842283
02871,0.7846884036326794,0.34571610145011267,0.40715277194976807,0.7338594794273376,0.44506117701530457,69.12081146240234,5.8865690166594,4.879684925079346,3.271484375,0.33528273573442513
02872,0.8909605001908821,0.33521241355262393,0.2798483967781067,0.5208055377006531,0.6636342406272888,75.11766815185547,7.282540073515579,12.00247859954834,4.42578125,0.3681982202207345
02873,0.8293805273254876,0.389274261411449,0.21417438983917236,0.397844523191452,0.7881231904029846,75.07079315185547,3.778927593823367,14.190167427062988,4.875,0.5021166871854709
02874,0.7607629379301246,0.4119752684672958,0.2868189215660095,0.34359151124954224,0.554396390914917,72.23106384277344,4.27969943497996,12.87955093383789,4.15234375,0.1353824009108503
02875,0.598463334320609,0.34664131812420784,0.32169121503829956,0.6007739901542664,0.4272378087043762,74.82369232177734,5.5028780893046205,12.061460494995117,3.44921875,0.6332915405374743
02876,0.8634140842912175,0.4011353711790393,0.2957107424736023,0.5713436603546143,0.7547377943992615,74.43525695800781,3.6415497437931448,9.436116218566895,4.7421875,0.28688968957683164
02877,0.6239884322719706,0.3100168487417794,0.3077353835105896,0.5476945638656616,0.4661896824836731,71.59225463867188,5.678377856794624,12.451240539550781,3.97265625,0.44095283887447245
02878,0.8421940615313975,0.3416299817551847,0.24428683519363403,0.46494823694229126,0.6842912435531616,74.41836547851562,4.059205872969404,13.173919677734375,4.89453125,0.5215852835906605
02879,0.8563343476822766,0.3191456825364461,0.36327672004699707,0.46471917629241943,0.5560341477394104,62.89423370361328,6.539382793354595,15.634075164794922,2.6953125,0.6113629410024685
02880,0.9031899026853147,0.3595810705973623,0.22527801990509033,0.4277374744415283,0.6791978478431702,73.84026336669922,4.735614069155186,12.14516544342041,4.69921875,0.4352799624134431
02881,0.7331831230574393,0.3146488004014485,0.2817266583442688,0.5197670459747314,0.7029879093170166,73.56411743164062,3.7800098245600835,9.813806533813477,4.9296875,0.24077767838094952
02882,0.8119223018875755,0.39256702576439007,0.22635900974273682,0.43544310331344604,0.6872531175613403,72.32849884033203,5.529335776456601,10.222640991210938,4.72265625,0.5377792553049752
02883,0.7935505055233864,0.33705698425598146,0.28253495693206787,0.5724201798439026,0.5942685604095459,75.09090423583984,4.00287193328035,12.015198707580566,3.8515625,0.28871324265539783
02884,0.8545089386092278,0.46389905458981395,0.22617477178573608,0.43921780586242676,0.7123532891273499,73.09857177734375,3.717607104987996,10.868057250976562,4.83984375,0.5258565513975837
02885,0.559083891069941,0.30764018295781803,0.4024727940559387,0.7202255725860596,0.47099629044532776,73.63200378417969,5.364052707327927,6.459305286407471,3.974609375,0.4381265242690826
02886,0.7899354341469567,0.38229007633587786,0.2721077799797058,0.48720523715019226,0.5716826319694519,71.60770416259766,5.303999475899251,12.36945629119873,4.51171875,0.4006179139161465
02887,0.8570115803472197,0.5140489825758499,0.1719542145729065,0.26393255591392517,0.7890689969062805,74.94123077392578,4.840047097407036,15.00749397277832,4.95703125,0.6120746827523655
02888,0.8837221377864634,0.3556855187080481,0.2987217903137207,0.5377951860427856,0.5673249363899231,70.80017852783203,5.2456473085035675,13.061213493347168,3.54296875,0.3499960976335334
02889,0.7143792398430622,0.28354711885945755,0.3426872491836548,0.6751515865325928,0.522304117679596,71.8390884399414,5.6739271734822285,14.808727264404297,3.828125,0.334609603576898
02890,0.5373335184611606,0.19673096745692828,0.30405986309051514,0.4934428930282593,0.5945952534675598,60.32786560058594,6.698102864765234,11.18034553527832,4.8046875,0.5471715893291061
02891,0.7647946178920169,0.35847452083469616,0.319904625415802,0.5768523216247559,0.5086561441421509,70.06062316894531,5.264546812141542,11.508895874023438,4.3359375,0.39526407085954696
02892,0.7781358203521384,0.40168634064080944,0.25660234689712524,0.5408782362937927,0.680972158908844,75.50628662109375,5.113779785745388,9.644022941589355,4.9765625,0.42882702525823724
02893,0.7410627451057357,0.3441871130474662,0.29144424200057983,0.5283864736557007,0.6221102476119995,73.97747802734375,5.788305698582346,10.163599014282227,4.50390625,0.47739238558156316
02894,0.8580292701909953,0.35900258244782185,0.3181743025779724,0.5626133680343628,0.6450445055961609,74.3270034790039,4.416948921446017,10.412786483764648,4.48046875,0.2068132713172664
02895,0.6012404136783647,0.21057795219407777,0.39416825771331787,0.6189903020858765,0.5646048784255981,73.17503356933594,5.238759911253855,15.637860298156738,3.439453125,0.27662441499341234
02896,0.8015467904681483,0.353631361135113,0.2684127688407898,0.4892945885658264,0.6239567399024963,73.33142852783203,3.845669152869499,11.184087753295898,3.859375,0.39789521363717467
02897,0.8282726241870199,0.35154978480234367,0.2586103677749634,0.4860289990901947,0.6767928004264832,74.7445297241211,4.914100435695834,11.415839195251465,4.97265625,0.5962121336811279
02898,0.8863124740116072,0.4101716366829823,0.33726662397384644,0.3699944019317627,0.5974518656730652,74.71235656738281,4.8525146825769285,8.8158540725708,4.87890625,0.43662479410400623
02899,0.8350702576722991,0.38862064782239475,0.2022542953491211,0.3641192317008972,0.6923962831497192,74.62688446044922,3.423452545902276,12.492915153503418,4.98046875,0.31311171174121766
02900,0.8051873331720409,0.39807774195510676,0.2546728849411011,0.458538293838501,0.642681896686554,73.27899932861328,3.7532878224254826,8.697904586791992,4.0625,0.551781771955992
02901,0.9051818875427098,0.35480009230946746,0.35700517892837524,0.6698579788208008,0.5065001249313354,72.47026824951172,4.67697265356103,11.862445831298828,3.115234375,0.24283681015494998
02902,0.5504002626756347,0.27126173246399654,0.22574609518051147,0.30076247453689575,0.48938676714897156,68.13905334472656,7.6517251333243905,18.71380043029785,3.708984375,0.7454357018947516
02903,0.826455054216128,0.41651240281377266,0.19355618953704834,0.41884443163871765,0.6579595804214478,77.35929870605469,4.399864482497557,12.10172176361084,4.671875,0.4925627901004409
02904,0.833847194144148,0.39892798650057076,0.284778892993927,0.4774632453918457,0.48996299505233765,72.05067443847656,4.01898043039316,9.795848846435547,4.02734375,0.4124921352600747
02905,0.4963048458830852,0.21436546334201712,0.2868072986602783,0.5721253156661987,0.6489661931991577,71.66999816894531,3.4602550468473874,14.569435119628906,4.9609375,0.3411606346272483
02906,0.6722407432695616,0.29114527469908236,0.38337641954421997,0.8296718001365662,0.546381950378418,67.95622253417969,5.5995534424940185,8.706663131713867,3.5625,0.36459887351397724
02907,0.864902708245731,0.3620828793931324,0.28346675634384155,0.5357258915901184,0.5781654715538025,72.69476318359375,4.974114848000644,12.159486770629883,3.61328125,0.28289012916580714
02908,0.9164987650648554,0.3739343635422993,0.24539822340011597,0.4992341101169586,0.5950098037719727,71.51685333251953,3.4383543702661656,11.145581245422363,4.02734375,0.6020827226235093
02909,0.8236232020330373,0.37033089482098736,0.21830648183822632,0.4205963611602783,0.5407929420471191,63.19211196899414,4.775685627850436,20.712139129638672,4.796875,0.511964250204278
02910,0.83081365692909,0.3204440333024977,0.2259892225265503,0.5018337368965149,0.6934512257575989,74.90906524658203,4.400813985532929,13.249627113342285,4.609375,0.3915635370704285
02911,0.8476426487925185,0.32,0.264093279838562,0.4465227723121643,0.7199076414108276,75.66992950439453,4.75723708769079,10.542606353759766,4.7578125,0.3166834413205916
02912,0.7939477871509989,0.32893523735376673,0.3877394199371338,0.6368426084518433,0.5895544290542603,69.67589569091797,4.276451450293946,10.997074127197266,3.96484375,0.20538189265866486
02913,0.6763625195972678,0.33714489905306416,0.2586859464645386,0.490039587020874,0.6956532597541809,73.33684539794922,5.693624929055811,11.10049057006836,4.9296875,0.3743041893787501
02914,0.7173136831795369,0.3019248104353359,0.2434861660003662,0.44797950983047485,0.5182046294212341,65.99573516845703,3.4215599321621766,15.392355918884277,4.28515625,0.30942713074387745
02915,0.7920269565766104,0.3679329943164822,0.2182331085205078,0.4708421528339386,0.7301784753799438,74.87032318115234,5.024294418607082,8.145617485046387,4.9765625,0.5649237653436431
02916,0.6913905654090643,0.2636266780311102,0.29804790019989014,0.5072319507598877,0.5421368479728699,69.4400634765625,3.377915694722759,13.667823791503906,4.04296875,0.35976704687078404
02917,0.8540458938584342,0.3760344858946143,0.33814287185668945,0.4074952304363251,0.5683413147926331,70.0026626586914,5.962164851708049,15.394763946533203,4.25390625,0.43722673266445466
02918,0.6349334928999656,0.33097448548983965,0.35669559240341187,0.5357523560523987,0.45461297035217285,60.788787841796875,6.7700197910282975,13.039566040039062,3.087890625,0.548450161545842
02919,0.8296237386642558,0.4326575442771498,0.24918150901794434,0.4266566336154938,0.6095716953277588,72.15643310546875,4.7585638208791,12.963777542114258,4.6328125,0.47527737016895055
02920,0.8916493886183037,0.4657149037421588,0.1350734829902649,0.306474894285202,0.710963249206543,75.80829620361328,2.9243943325547908,12.586566925048828,4.9765625,0.5312852968518174
02921,0.8639542170252544,0.40582128290693364,0.22220611572265625,0.37612104415893555,0.5280922651290894,68.07827758789062,3.782199179068783,13.0637788772583,3.873046875,0.3552771324820258
02922,0.8929200883134312,0.41128038108572906,0.4252692461013794,0.5768457055091858,0.48869478702545166,68.84700012207031,4.694162037829409,9.470749855041504,2.244140625,0.3209006172317024
02923,0.8326473370074053,0.369353817826112,0.2790271043777466,0.5033097863197327,0.49521404504776,69.98129272460938,5.4966119291675,15.673112869262695,4.30078125,0.4545917910029313
02924,0.8174231929537046,0.3990121564369505,0.3340378403663635,0.4798453748226166,0.4333497881889343,64.33361053466797,4.1307373863864925,14.080400466918945,3.390625,0.37520807854264615
02925,0.918272252615981,0.39859245576349245,0.2919290065765381,0.4469594657421112,0.477843701839447,73.11180877685547,3.4326194555841623,12.528360366821289,4.203125,0.36521260151310875
02926,0.7927384534776603,0.3301333480883085,0.3438376784324646,0.43111518025398254,0.6521425843238831,74.98368835449219,8.632292551399194,11.824234008789062,4.296875,0.45503034866755904
02927,0.6160334227082003,0.3135143276725534,0.3301454782485962,0.6917992234230042,0.5203560590744019,73.49188232421875,5.861517508288818,8.406244277954102,4.015625,0.3937483601215631
02928,0.8163210163178259,0.37302052785923756,0.2790403366088867,0.5644437074661255,0.6396396160125732,70.45404052734375,5.227811880148544,15.57433032989502,4.1328125,0.6081079738815398
02929,0.8037071250554693,0.3045358202628232,0.38953638076782227,0.7129352688789368,0.5282182693481445,71.63223266601562,5.7529047480787945,12.04599380493164,2.9296875,0.2574498476004487
02930,0.8394216499043555,0.32598886455392245,0.29666614532470703,0.5542218089103699,0.5593419671058655,72.96212005615234,4.031290076820629,13.707176208496094,2.876953125,0.3644597890116974
02931,0.8355216856934086,0.3291696693089919,0.26691508293151855,0.4676547646522522,0.7428362369537354,75.1633529663086,4.379244078025487,14.278340339660645,4.91796875,0.48176883917803925
02932,0.6230113721023942,0.3035107587768969,0.3503614664077759,0.6084034442901611,0.2890487313270569,54.93166732788086,8.268242646526506,9.002074241638184,2.59375,0.5521729659315876
02933,0.8270971553218317,0.3479497425927926,0.2621985673904419,0.5034770965576172,0.42179134488105774,63.70536422729492,5.824050234811371,15.236311912536621,3.060546875,0.3888302769852533
02934,0.8585085428082088,0.3534584282013033,0.32815420627593994,0.6234956383705139,0.6590489745140076,70.32144927978516,4.954818671842721,13.250555992126465,3.8671875,0.4217728637953022
02935,0.7405996360856635,0.4224196855775803,0.2046293020248413,0.37536531686782837,0.5504511594772339,66.07749938964844,6.626133610256812,19.73511505126953,4.96484375,0.5648531985000266
02936,0.8750950338132862,0.4428266565817553,0.17706215381622314,0.30361220240592957,0.7415738701820374,72.3834228515625,3.941977953462431,12.315284729003906,4.8671875,0.4757448575712644
02937,0.7866855234764344,0.2949701055002567,0.3069707155227661,0.7938820123672485,0.6096298098564148,75.86155700683594,5.25211645757144,12.732824325561523,3.83984375,0.3618974280722215
02938,0.7689586180463732,0.2857238928927695,0.26562798023223877,0.5791625380516052,0.4945433735847473,72.89454650878906,4.5413844666902605,14.652168273925781,3.828125,0.252631555806431
02939,0.799137082863928,0.4478944304288764,0.2630513310432434,0.5612095594406128,0.43210673332214355,68.94020080566406,4.040192447384051,15.736946105957031,3.994140625,0.6239204405541475
02940,0.8915718504607725,0.3564043452443327,0.2850068211555481,0.5306898951530457,0.6180157661437988,74.53816223144531,5.041960032168229,12.38396167755127,3.095703125,0.27027200383403566
02941,0.7671861511710011,0.3306024393248737,0.3033434748649597,0.6270474195480347,0.7269481420516968,71.47897338867188,4.6104949493224545,13.535122871398926,4.5234375,0.41599532753378804
02942,0.7547257550450049,0.3639960865311447,0.23330193758010864,0.38185620307922363,0.6101285219192505,66.47039794921875,3.5023589797832417,9.576641082763672,4.1328125,0.3824659206982829
02943,0.8158837681976207,0.3183356106448045,0.32582926750183105,0.5643501877784729,0.5877440571784973,67.76734924316406,5.161060910103171,13.898134231567383,4.07421875,0.36669532976130315
02944,0.7831856867738491,0.3819245082402977,0.17459768056869507,0.3724360466003418,0.6502643823623657,72.66376495361328,3.935598811780661,10.710884094238281,4.91015625,0.37079280845738405
02945,0.6254776997667078,0.2307890871867907,0.3333997130393982,0.35262951254844666,0.5465000867843628,67.54212951660156,4.891301808693498,10.389822959899902,4.75,0.11870887334384282
02946,0.6336227823566595,0.31162086128543603,0.2812306880950928,0.5510302782058716,0.5534382462501526,70.2851791381836,5.474146939210264,15.725211143493652,3.970703125,0.5102992299229352
02947,0.7801639916015922,0.32957754680175855,0.17428016662597656,0.38333308696746826,0.7915013432502747,75.2671127319336,4.1518661319602685,12.992354393005371,4.98828125,0.5846900840160469
02948,0.7946392421443742,0.3912294098396422,0.23752665519714355,0.46408143639564514,0.6055958271026611,73.28658294677734,3.2327531129468716,11.692933082580566,4.80859375,0.4663743506989849
02949,0.8000256324665732,0.3696356617543464,0.3340662121772766,0.524144172668457,0.5639480352401733,72.28520965576172,4.9034645337569955,8.459009170532227,2.3359375,0.39421987105136974
02950,0.8587306519156401,0.3584384858044164,0.28554338216781616,0.6256983280181885,0.767593264579773,72.67735290527344,5.848502681577684,10.316679000854492,4.95703125,0.29779476486885376
02951,0.8385240939213361,0.3438502194750515,0.24028527736663818,0.5055602192878723,0.6569885015487671,73.26670837402344,2.646593849897812,10.372334480285645,4.95703125,0.4496980065833769
02952,0.6868956272505677,0.35883298874339536,0.21545100212097168,0.3990176320075989,0.7263281345367432,75.39232635498047,4.648411649540207,12.608675956726074,4.98046875,0.5994034265518529
02953,0.7027657743655908,0.3547703180212014,0.2455449104309082,0.5091540217399597,0.6746205687522888,71.16065979003906,7.346523249742577,15.239189147949219,3.90625,0.6668241964233014
02954,0.7975048203167365,0.36027829579687276,0.27102261781692505,0.4728448688983917,0.6885970234870911,72.02039337158203,3.6505967817923706,11.52619743347168,3.984375,0.3365224290234878
02955,0.9026194120139662,0.5498089171974522,0.2396167516708374,0.5934122204780579,0.5102477669715881,76.24655151367188,6.441497101355868,8.944145202636719,2.615234375,0.5475985270346774
02956,0.6867118466553553,0.3354313785692355,0.2839493155479431,0.7184450030326843,0.5772295594215393,69.64104461669922,4.719406885947614,13.319404602050781,4.32421875,0.6251241470894244
02957,0.7933217974389296,0.31042515396806825,0.24275833368301392,0.5059206485748291,0.6766632795333862,74.73372650146484,4.475656253706818,13.434864044189453,4.97265625,0.26780515877571537
02958,0.7859120444337021,0.4133912112743058,0.18957042694091797,0.3324190378189087,0.6858604550361633,76.16490936279297,4.809580606201855,10.777645111083984,4.9375,0.6504393263673244
02959,0.7959887846256881,0.30459152784016563,0.30131715536117554,0.606038510799408,0.6353058218955994,70.98062133789062,8.29333794046057,11.493054389953613,3.8046875,0.2190698040932727
02960,0.8162647615180917,0.3539874787900064,0.3708454370498657,0.5219123363494873,0.5715696811676025,68.77958679199219,4.466572973442574,13.793868064880371,4.6875,0.38232646291605965
02961,0.82653187398427,0.3748322284133892,0.3555050492286682,0.636871337890625,0.6355575919151306,73.66156005859375,4.18351420572467,6.763585090637207,4.58984375,0.28559939878114504
02962,0.7286977491961414,0.41109785202863963,0.22854453325271606,0.47303643822669983,0.46781715750694275,72.30934143066406,4.910282413504344,16.43253517150879,4.44140625,0.7175463523514444
02963,0.5769424314348879,0.2993677641842516,0.31411105394363403,0.7341206073760986,0.4153696298599243,66.1500015258789,6.236012296923092,13.134182929992676,3.123046875,0.475381729313378
02964,0.6741595300826763,0.32661570535093815,0.28684478998184204,0.5891751646995544,0.6751251816749573,74.92389678955078,4.225254684215623,8.637850761413574,4.9140625,0.4578313399721185
02965,0.8289822492114189,0.405228012099766,0.21753984689712524,0.4149355888366699,0.6115748286247253,71.80070495605469,3.3385296332223287,12.240647315979004,4.5625,0.38809139364083983
02966,0.8388690106195136,0.3298198308616252,0.22558999061584473,0.45052680373191833,0.6686469912528992,73.6292495727539,4.4915864719806144,14.220382690429688,4.6953125,0.3862413899674292
02967,0.81638843078738,0.49906542056074765,0.2748265266418457,0.4026795029640198,0.698345422744751,73.47740936279297,6.468677415586947,17.979280471801758,4.26171875,0.7699974540967148
02968,0.7731392099926969,0.4372221817386869,0.3910401463508606,0.5817022919654846,0.6062977313995361,72.46925354003906,6.629362355068684,14.453779220581055,3.595703125,0.6205425100307689
02969,0.7992515146101947,0.38414634146341464,0.316666841506958,0.5514007210731506,0.7140257954597473,72.41612243652344,7.2616112958185735,6.147197723388672,4.8359375,0.26889382889284164
02970,0.5289666522587126,0.18554195174648902,0.22066587209701538,0.37698912620544434,0.7339779734611511,74.63677978515625,5.1040745345445275,12.013055801391602,4.96484375,0.57592409067712
02971,0.867881994893126,0.4050383967035025,0.25687551498413086,0.4737294018268585,0.6824060678482056,74.5993881225586,4.8676957412712705,7.947879791259766,4.76953125,0.5171143629443776
02972,0.7367469033796212,0.2602857799570947,0.30234330892562866,0.6058812141418457,0.5190789103507996,68.6546630859375,6.586987481256232,14.843297958374023,2.625,0.26389319093217534
02973,0.8612866479922434,0.3352127114300359,0.3746482729911804,0.6618636846542358,0.5846979022026062,71.8790512084961,6.982388718570591,11.998729705810547,3.44921875,0.2755434075437662
02974,0.2748084468293912,0.14872192099147946,0.39787566661834717,0.771763026714325,0.35659873485565186,68.56592559814453,5.6652287723375485,6.81732177734375,3.38671875,0.3199656790534657
02975,0.5228350649134809,0.23062439570505316,0.2819438576698303,0.4394408166408539,0.7223469018936157,74.55524444580078,4.172939668166601,10.588171005249023,4.9453125,0.4987935601842981
02976,0.8616409343445994,0.33002218499569885,0.2564118504524231,0.6160579919815063,0.7328759431838989,77.56212615966797,5.140928052138496,12.995500564575195,4.9765625,0.2346063994194663
02977,0.8296595055135914,0.40247949408302547,0.2061772346496582,0.4670960307121277,0.597362756729126,75.49409484863281,2.9150252094090705,10.616332054138184,4.9375,0.5483827836083828
02978,0.8783178623067857,0.33717744504619307,0.2871960997581482,0.543109118938446,0.7143288850784302,72.17013549804688,5.354631271729684,11.244050979614258,4.7890625,0.5021710928564432
02979,0.6516706712365612,0.32053422370617696,0.30702322721481323,0.7462718486785889,0.7140425443649292,72.44295501708984,6.044650454879747,13.384504318237305,4.0625,0.40887991560730713
02980,0.5997457566949063,0.2385480045374858,0.2911653518676758,0.5677571296691895,0.5242466330528259,75.72625732421875,3.287866506385032,8.595783233642578,4.5390625,0.2889614224910991
02981,0.8918270323342213,0.34650134563629376,0.22919124364852905,0.4811851978302002,0.6676015257835388,75.55732727050781,5.073231973119972,12.679794311523438,4.859375,0.40399244425902087
02982,0.738739614263781,0.3473634798936004,0.28709661960601807,0.5234766602516174,0.6985899806022644,75.8901596069336,4.614107917005144,12.174261093139648,4.4765625,0.5678478107140339
02983,0.7874464075484188,0.40799597325088083,0.15727698802947998,0.40183085203170776,0.594523549079895,75.92475128173828,3.1138137400271066,10.284074783325195,4.9765625,0.4280628479799042
02984,0.7598266249908628,0.34195730676052477,0.21679913997650146,0.38482367992401123,0.6174095869064331,70.64875030517578,4.703893838385547,14.859235763549805,4.546875,0.5076798143853356
02985,0.8432422243346271,0.3474717652649566,0.19965189695358276,0.42792409658432007,0.6702167391777039,72.88697052001953,4.104681348693578,13.250028610229492,4.48828125,0.24655073061637173
02986,0.7518607204591485,0.308349194917434,0.44355303049087524,0.7073214054107666,0.4337773621082306,69.44447326660156,7.055371293667675,6.640818119049072,3.44921875,0.3660292469581155
02987,0.8874794058750781,0.4526969367036459,0.29540497064590454,0.5727691650390625,0.8072525858879089,79.41133117675781,4.466324591576545,6.052615165710449,4.96484375,0.6228154871868024
02988,0.7712331556174652,0.3127599560166372,0.189597487449646,0.38046637177467346,0.6999256014823914,76.54093170166016,4.513096555293862,14.888277053833008,4.97265625,0.518086642590878
02989,0.8111654637791273,0.3346532556908417,0.2510918378829956,0.4986128807067871,0.5027010440826416,70.79817199707031,3.4380836640058225,10.01711368560791,4.46875,0.4299209429362834
02990,0.7652545060696707,0.3398231057805526,0.2892880439758301,0.6403765082359314,0.5715024471282959,69.32552337646484,3.7376845411675377,12.029016494750977,4.62109375,0.3241543752091849
02991,0.8098946483944075,0.35550922004300517,0.2788699269294739,0.49931800365448,0.6603385210037231,74.11039733886719,5.741045038054777,9.852642059326172,4.87890625,0.4201398761896266
02992,0.8311785748488595,0.3834234843362632,0.2109367847442627,0.4855629801750183,0.7329131960868835,75.2317886352539,4.855186801794125,9.951491355895996,4.9765625,0.46341292715886023
02993,0.8913297157069253,0.38608084358523725,0.2340366244316101,0.662200927734375,0.5946242809295654,71.28043365478516,5.087722952196552,16.44118881225586,4.8515625,0.5301831317841657
02994,0.7341058896447707,0.3400282643141621,0.27578485012054443,0.5198462605476379,0.6542755961418152,66.98355865478516,4.953025469175621,18.63174819946289,4.6953125,0.4258618144855234
02995,0.692821911704724,0.2900211852898039,0.16365164518356323,0.29500776529312134,0.6444524526596069,75.08552551269531,4.567321355793683,15.980745315551758,4.98046875,0.47499198551598754
02996,0.9048031539462794,0.3450461155434844,0.2160157561302185,0.43527382612228394,0.6617771983146667,75.07090759277344,4.263449023211285,12.11083984375,4.88671875,0.4712321916907692
02997,0.6829503249543766,0.28853121102334145,0.27567386627197266,0.5361665487289429,0.6876994967460632,72.36299133300781,5.535184720005167,14.072086334228516,4.6484375,0.5119172334431984
02998,0.8347103462179702,0.3787576103500761,0.22470974922180176,0.3852561414241791,0.7708816528320312,72.56022644042969,3.9212291280377967,10.829643249511719,4.8203125,0.3642226623804875
02999,0.857257692883138,0.5274452368823229,0.274796724319458,0.4781164228916168,0.5108668208122253,72.26468658447266,5.807195610871308,13.20395278930664,3.365234375,0.43973489763886014
03000,0.7391623537650778,0.3458374086646338,0.2871605157852173,0.5958582162857056,0.4345543682575226,64.50336456298828,5.123747213130038,10.365811347961426,2.796875,0.38019720337497837
03001,0.6949581971342714,0.32001775410563693,0.31783175468444824,0.6241887807846069,0.6347336769104004,73.20618438720703,4.230557466600436,12.639640808105469,4.95703125,0.4702424273861401
03002,0.6898177754782902,0.33309926587934885,0.3119368553161621,0.49022334814071655,0.5319757461547852,66.89363098144531,8.269334931310059,14.723464012145996,3.349609375,0.59966365140705
03003,0.8709313852372276,0.48399756785141784,0.29711830615997314,0.39994239807128906,0.48455435037612915,64.04105377197266,6.710548336032209,17.292593002319336,4.6953125,0.5320190627875674
03004,0.8050411108480723,0.3921802878088515,0.28453344106674194,0.5532518625259399,0.5465158224105835,71.34003448486328,2.852632365770552,9.405801773071289,3.94921875,0.28402120460321484
03005,0.7603368114220999,0.45260692715395046,0.2348683476448059,0.43073853850364685,0.4771340787410736,61.4415168762207,4.74683070550087,16.72917938232422,3.494140625,0.7580160619656541
03006,0.8358635056958971,0.42387655157544585,0.3022345304489136,0.59327632188797,0.5765582919120789,71.64727020263672,6.9470791537083665,9.74111270904541,3.51171875,0.3969699793084548
03007,0.7374939340896844,0.3452611218568665,0.2825625538825989,0.41961920261383057,0.6603286266326904,76.16358947753906,5.7104885808545625,9.38010025024414,4.96875,0.5927469930468025
03008,0.7810299080174313,0.32040557667934094,0.3497096300125122,0.6527121663093567,0.7088501453399658,69.94222259521484,4.679288585282976,8.726688385009766,3.775390625,0.3557447160679006
03009,0.6270078965158855,0.23769398642095052,0.27057093381881714,0.5281313061714172,0.6732844710350037,75.42870330810547,2.839134461497191,12.226234436035156,4.953125,0.5177705093705465
03010,0.7291181238170039,0.2986007245654269,0.4321606755256653,0.7277324199676514,0.49363118410110474,57.508113861083984,6.146543959718345,10.123502731323242,2.908203125,0.27586615628317745
03011,0.821889343923769,0.3067832378655411,0.24301838874816895,0.4482400417327881,0.6083522439002991,74.74285125732422,3.1799080636055126,13.219388961791992,4.68359375,0.49292356254095465
03012,0.8209265977141346,0.31295005672740744,0.2682533264160156,0.6090216636657715,0.7373529672622681,74.36861419677734,5.710492214561775,11.27405071258545,4.375,0.268775049935006
03013,0.771292415197736,0.4035902684827966,0.33256661891937256,0.5781456828117371,0.5935592651367188,70.65583801269531,5.077106145531904,13.272019386291504,4.796875,0.5968775087916453
03014,0.8585919266347347,0.41772739942395243,0.22120797634124756,0.40764886140823364,0.664941668510437,75.15565490722656,8.199081133594355,14.116565704345703,4.4921875,0.734299006632789
03015,0.5818852519524081,0.275660725261217,0.31888943910598755,0.600772500038147,0.4972895681858063,74.78240203857422,5.187920580014999,11.904417037963867,3.24609375,0.41035447340739584
03016,0.8344292379740686,0.4007076249587718,0.24959105253219604,0.47304072976112366,0.586821436882019,72.36740112304688,2.888062344232283,11.520670890808105,4.68359375,0.3485442150616462
03017,0.7395025405254786,0.3688178231999214,0.20563948154449463,0.4009265899658203,0.6443595886230469,74.09221649169922,3.6254462499780904,13.476699829101562,4.78125,0.406421560490544
03018,0.6549060574343725,0.24434345387739315,0.27137327194213867,0.6215182542800903,0.6417205333709717,75.19112396240234,3.6763848880653573,10.965850830078125,3.501953125,0.3529418406921111
03019,0.8389166925766158,0.39547188384397686,0.18548357486724854,0.3766111135482788,0.6541457176208496,74.93482971191406,4.942144650371273,13.34654426574707,4.96484375,0.5369910379136373
03020,0.699740278123311,0.3794393950966165,0.1748046875,0.3847770690917969,0.7437917590141296,73.99207305908203,6.11612407382151,11.602310180664062,4.9296875,0.6542071369543027
03021,0.6042614836265551,0.2313325982126693,0.40437376499176025,0.6146813035011292,0.5624520778656006,74.24803924560547,6.066600720801965,14.353239059448242,2.890625,0.24728788243562425
03022,0.7623396245659341,0.3986656730189148,0.3172130584716797,0.5619317293167114,0.5560705661773682,72.53257751464844,4.982224355141343,10.293913841247559,3.619140625,0.4166630374909155
03023,0.8586320522886787,0.3395078249355552,0.26002776622772217,0.5012352466583252,0.7181589603424072,73.69503784179688,5.31582637732998,11.999110221862793,4.59375,0.36907452711969746
03024,0.8350679284209551,0.3670712069439535,0.22416293621063232,0.447268009185791,0.5846546292304993,71.89140319824219,3.5411145701925006,12.77979850769043,4.61328125,0.44290877437443227
03025,0.8362185845838291,0.4213270142180095,0.21121013164520264,0.4134591519832611,0.700278103351593,73.57337951660156,2.9692195359291853,10.625551223754883,4.9453125,0.45132025683640153
03026,0.8650613332696685,0.3240739389872051,0.37406420707702637,0.646114706993103,0.6137021780014038,70.08984375,6.178361695596031,13.834306716918945,3.93359375,0.1573576462029407
03027,0.8025656219008318,0.4013963147894481,0.29554659128189087,0.5922755002975464,0.6993771195411682,73.8631820678711,3.7267269669370275,8.690138816833496,4.27734375,0.3429750726121854
03028,0.6632481731612752,0.33042933249764966,0.3272033929824829,0.6146478652954102,0.5858820080757141,68.57083892822266,6.259798697296674,14.377713203430176,4.43359375,0.3683700890418623
03029,0.7384188757622894,0.288777898082498,0.2894411087036133,0.5670636296272278,0.5607379078865051,75.23902893066406,4.551818205436683,11.80029296875,4.96875,0.3350124122269097
03030,0.8113872934489929,0.3327378589387323,0.26965367794036865,0.6399753093719482,0.6700083613395691,72.55204772949219,4.092380866259998,13.917449951171875,4.97265625,0.47631196881065163
03031,0.7771836379205225,0.33477944797504866,0.3257482051849365,0.5151154398918152,0.5781912207603455,68.85371398925781,3.769002232590786,11.960287094116211,3.724609375,0.4324521663217847
03032,0.7980985022252467,0.33725952100510403,0.2524988055229187,0.4202417731285095,0.6463074088096619,70.12162780761719,3.833798093251831,11.067533493041992,4.0390625,0.2583500267091215
03033,0.8235071351393494,0.35163058757379817,0.24892622232437134,0.5687545537948608,0.5674067139625549,72.7515869140625,3.6902057540309667,11.795705795288086,4.74609375,0.35678504287320423
03034,0.8282950471002237,0.39061857084076257,0.20250314474105835,0.32854288816452026,0.7765303254127502,74.88482666015625,6.378390744424088,16.116487503051758,4.9765625,0.7116930079494761
03035,0.6059003313972585,0.22519956394837712,0.32155919075012207,0.5835627913475037,0.5814028382301331,67.28722381591797,6.644463719384943,16.61464500427246,4.0390625,0.48564773642183
03036,0.8935489480194403,0.42877504820994383,0.2233290672302246,0.5143142342567444,0.6604328155517578,76.51558685302734,5.503065640707044,13.21107006072998,4.89453125,0.5680186172791011
03037,0.8227969787088479,0.3421880279676656,0.22998744249343872,0.5029803514480591,0.558439314365387,70.36483764648438,2.915665357765197,11.75462818145752,4.0859375,0.2781297315842642
03038,0.9169108239624761,0.347944850107965,0.36246728897094727,0.6599338054656982,0.5685239434242249,71.46842956542969,4.8113466990077445,12.813446044921875,3.931640625,0.2470202857592856
03039,0.7048611482342708,0.3524635251591272,0.2612215280532837,0.5066288113594055,0.6987982392311096,73.5023422241211,4.029937273304192,8.959074020385742,4.94921875,0.41121395570146885
03040,0.769802684196497,0.3385459037632951,0.21184611320495605,0.4484403729438782,0.6751186847686768,74.92779541015625,4.127404234812268,11.768892288208008,4.96484375,0.4408448189302244
03041,0.8798313581820869,0.41464088397790055,0.23678332567214966,0.3865976929664612,0.6851347088813782,73.60108947753906,3.6809020401852957,11.3106050491333,4.828125,0.5042002527167359
03042,0.8297986482191586,0.3528139230511298,0.24624472856521606,0.5113618969917297,0.6967692971229553,76.2197036743164,3.1295219629364643,10.153807640075684,4.47265625,0.2780339633812535
03043,0.7529340316126034,0.3615031343233549,0.22934001684188843,0.40993571281433105,0.6897738575935364,74.01838684082031,3.693216086465751,13.404865264892578,4.9765625,0.5475320762961385
03044,0.8336438594058819,0.42454224221008674,0.25310683250427246,0.42902421951293945,0.5746364593505859,73.38003540039062,4.28896494893578,13.809661865234375,4.78515625,0.580817151449242
03045,0.7311481435456921,0.2996275097665122,0.2898640036582947,0.5320783853530884,0.44445502758026123,73.2109603881836,3.9444648254478643,11.711166381835938,4.09765625,0.39997331680728077
03046,0.6594743765528189,0.2561506530322973,0.25940150022506714,0.3457174301147461,0.7052528262138367,76.9096450805664,5.207589752499993,13.028398513793945,4.96875,0.641651474437156
03047,0.7745207786719379,0.32770128745775967,0.37612485885620117,0.606501579284668,0.5282935500144958,71.05916595458984,5.231022981272696,10.220727920532227,4.0859375,0.2558757183892494
03048,0.8646003022402039,0.40853351901280416,0.2624456286430359,0.4616404175758362,0.6926555037498474,74.29766082763672,4.523806020261105,10.817909240722656,4.84765625,0.5001053166469749
03049,0.6653573373834988,0.3040595842200033,0.2612706422805786,0.5712839365005493,0.4422226846218109,61.464630126953125,5.02909630859965,12.86826229095459,4.09375,0.4244981464225612
03050,0.8101324776844533,0.3265472312703583,0.18740051984786987,0.44284647703170776,0.6549517512321472,74.55040740966797,2.68695247124977,15.439958572387695,4.86328125,0.36621368912154995
03051,0.8156354185201014,0.33981003428841683,0.24295765161514282,0.5694219470024109,0.5549967288970947,66.81005859375,3.327738594573116,13.091139793395996,3.44140625,0.34295060121547283
03052,0.7763403488219625,0.399043729455125,0.23293811082839966,0.3644865155220032,0.675936758518219,70.22675323486328,4.8602565286326564,10.314985275268555,4.7734375,0.6181350850162023
03053,0.7892284928944568,0.29776471721745834,0.30338239669799805,0.5645207166671753,0.6188331246376038,70.31458282470703,5.389281281786413,14.72652816772461,4.90234375,0.24944493350121183
03054,0.806692240960094,0.33447798677669005,0.3379780054092407,0.5580466389656067,0.5045678615570068,66.41454315185547,8.552471441057332,13.738308906555176,2.5703125,0.6191471477155605
03055,0.7640024585271892,0.3207292004760359,0.3074948191642761,0.470848947763443,0.6080264449119568,69.11407470703125,4.337661407269293,12.265548706054688,4.95703125,0.2578204141914153
03056,0.7425053775925453,0.3047583081570997,0.33718568086624146,0.5247936248779297,0.5067662596702576,69.72704315185547,4.530691775997967,13.052276611328125,3.638671875,0.26794459917319263
03057,0.7437092056552929,0.35231840015684734,0.27174967527389526,0.5832108855247498,0.7355247139930725,74.20082092285156,3.9026360463925482,6.310650825500488,4.98046875,0.4624771095782814
03058,0.7107225911306178,0.31126891537746215,0.22074228525161743,0.303180456161499,0.671224057674408,76.77896118164062,4.051404274175652,14.560272216796875,4.92578125,0.5364769912580069
03059,0.8208015902858076,0.3379280721621305,0.30600816011428833,0.5280224084854126,0.7150290012359619,72.95748138427734,3.5442402017746755,11.844955444335938,4.359375,0.2679318596532081
03060,0.7505445739742623,0.35165271920333857,0.2127942442893982,0.4460439383983612,0.6322487592697144,74.35417938232422,2.694021594752024,12.706674575805664,4.91015625,0.41521956726643394
03061,0.6190426785327129,0.33618425988446243,0.18810129165649414,0.37191325426101685,0.7343214154243469,72.52266693115234,4.212856627979149,16.734455108642578,4.78125,0.6058992491459848
03062,0.8655343591328628,0.4323324685999024,0.197573721408844,0.38556942343711853,0.7076787352561951,73.46407318115234,3.1090170606365413,11.888669967651367,4.9296875,0.32369845634594424
03063,0.8025420282225469,0.4224635400272794,0.21101880073547363,0.3676932752132416,0.6196603775024414,72.17820739746094,4.422102995753433,14.158166885375977,4.20703125,0.5688529240402586
03064,0.796710233167746,0.3198828165870331,0.3136313557624817,0.6140040159225464,0.6205816864967346,74.37757110595703,4.249883334595658,10.420207977294922,4.0078125,0.23104892779283528
03065,0.8130180543877099,0.34855510628037245,0.2846490740776062,0.5351467132568359,0.5742690563201904,73.31500244140625,5.000330165535665,13.087167739868164,4.26953125,0.5990523333610137
03066,0.6636910445997544,0.27968048559445274,0.2850039601325989,0.5528161525726318,0.7008624076843262,73.97848510742188,6.205182699756349,13.428549766540527,4.7109375,0.302305220254331
03067,0.8034657760063694,0.3009760528250746,0.28209781646728516,0.5297766327857971,0.6796998381614685,71.86540985107422,5.573451765236705,15.621000289916992,4.41796875,0.39935202040361567
03068,0.738461496464514,0.3600801797971208,0.23834341764450073,0.5149829387664795,0.7130513787269592,76.51152801513672,5.660564940101453,13.031076431274414,4.9765625,0.6112988195654526
03069,0.7695112185883006,0.2929182286386861,0.3523257374763489,0.5304786562919617,0.5793994665145874,72.38337707519531,6.862594685968179,10.377768516540527,3.7890625,0.12377628488517534
03070,0.5438739099111205,0.22196620583717358,0.42855268716812134,0.6724605560302734,0.5157776474952698,66.02767944335938,6.091949960023428,8.72691822052002,2.00390625,0.342653931823283
03071,0.8515259290780608,0.355429490938348,0.23728018999099731,0.48587217926979065,0.6947109699249268,75.46283721923828,5.9294969867084575,12.603453636169434,4.875,0.3319371476678761
03072,0.8652883189352443,0.34142330965535383,0.35807299613952637,0.5440788865089417,0.6386523842811584,71.64924621582031,4.838602583418105,12.45851993560791,4.51171875,0.27255166553374066
03073,0.7997416399455288,0.38014678442592365,0.2943665385246277,0.5304379463195801,0.6511604189872742,71.80353546142578,3.8419633676793197,10.629286766052246,3.00390625,0.4352272960149402
03074,0.7758674062948294,0.38672885001087404,0.23043596744537354,0.4416305422782898,0.6228038668632507,68.46614074707031,3.479007910616088,15.893121719360352,4.48828125,0.382602360474064
03075,0.8623640014696557,0.43214656719236944,0.1722017526626587,0.2840611934661865,0.7208639979362488,73.0299301147461,3.7332738700606076,15.396815299987793,4.86328125,0.7189521382213554
03076,0.8697958014507093,0.4633250513125203,0.2499678134918213,0.46561744809150696,0.6983266472816467,75.43865966796875,4.609210079114494,7.105536460876465,4.65234375,0.36591987110632535
03077,0.7494041867416193,0.38873560197959095,0.23401618003845215,0.47325006127357483,0.6815171241760254,75.65779876708984,5.178185782239727,7.566505432128906,4.92578125,0.5919120882354632
03078,0.7089323855877308,0.3199516532849866,0.28880834579467773,0.5132279992103577,0.6501678824424744,69.86180877685547,5.793925210950631,11.56430721282959,4.62890625,0.602569130733652
03079,0.8321893817436403,0.3419634897872175,0.268144428730011,0.5477288365364075,0.6729024052619934,74.44781494140625,5.142033856108265,14.626333236694336,3.9609375,0.4839080595017568
03080,0.8961017146053452,0.33857667017837034,0.2442191243171692,0.5836396217346191,0.6063277721405029,75.13988494873047,3.9329480162594264,11.472525596618652,4.3046875,0.19131086575658401
03081,0.8580017749544584,0.4534763504781597,0.23261678218841553,0.33494052290916443,0.6845544576644897,72.77101135253906,6.0269170572659405,14.602108001708984,4.359375,0.7478413968906652
03082,0.7977055009513033,0.3727113255125534,0.19757914543151855,0.4138241708278656,0.6644865274429321,70.77702331542969,3.8409588341602765,14.339200973510742,4.44921875,0.24342070157678133
03083,0.803965320631108,0.423097271559217,0.24717456102371216,0.47375768423080444,0.6755077242851257,72.1269302368164,3.941657563088893,9.97219467163086,4.96484375,0.49240291742657766
03084,0.8187041462276322,0.32278168739775115,0.2268931269645691,0.5919634103775024,0.7243989109992981,77.26190948486328,4.024243632312105,9.100549697875977,4.9921875,0.4442326922414668
03085,0.7963144774810569,0.3023006514389379,0.370155394077301,0.6223435401916504,0.6279023885726929,72.66436004638672,6.073208512187207,8.504076957702637,3.70703125,0.3011193131286422
03086,0.9059080310653571,0.3775253736497765,0.21033626794815063,0.3696887493133545,0.7000136971473694,74.7398452758789,3.679222376589275,11.73338508605957,4.96484375,0.3694640193707283
03087,0.8374433550564984,0.38328977767677913,0.20382165908813477,0.328938752412796,0.7807592153549194,79.63621520996094,4.684182084018714,14.607315063476562,4.984375,0.702275012943184
03088,0.7479253480835144,0.4030699703911485,0.22201472520828247,0.44532617926597595,0.5581289529800415,71.96259307861328,4.0574640434675615,13.645912170410156,4.59375,0.5401349230162572
03089,0.7962945380248435,0.30001135718341854,0.2210686206817627,0.48190057277679443,0.6805317401885986,71.7853012084961,3.6095097225221515,11.095746994018555,4.80078125,0.24057416850246682
03090,0.7972784716775535,0.4405837387074357,0.23741239309310913,0.4968719780445099,0.6079522371292114,76.08428955078125,3.3705305370667067,8.998712539672852,4.9609375,0.48313015865636055
03091,0.7697714267076156,0.32056509873173866,0.2456141710281372,0.5979676842689514,0.6022853851318359,71.86869049072266,3.795053992341773,11.190205574035645,4.2109375,0.36671933042721216
03092,0.718684907286773,0.2693086649515573,0.3511497974395752,0.7776871919631958,0.5761826038360596,73.3692398071289,5.504052200607707,14.153087615966797,4.00390625,0.30563978409178594
03093,0.8047339493364148,0.3494120155483755,0.2922995686531067,0.415305495262146,0.7742393016815186,73.22127532958984,4.606933801397391,11.67558765411377,4.9453125,0.43841387944613397
03094,0.879651551936824,0.5423933808875878,0.1817641258239746,0.3036530613899231,0.7780609130859375,75.93135070800781,4.207233646441163,12.525378227233887,4.9765625,0.5286011303241641
03095,0.7541219142396522,0.38046903506153185,0.28117942810058594,0.5560593605041504,0.680515468120575,75.77737426757812,3.538642474759318,9.884750366210938,4.890625,0.3699257605315508
03096,0.7821470554992592,0.3010791646178929,0.23694872856140137,0.4927593767642975,0.6942505240440369,74.00672912597656,4.260172092731638,14.431785583496094,4.875,0.3531991283349663
03097,0.6629840690414199,0.36905214041560414,0.31591057777404785,0.6065518856048584,0.5947616696357727,73.01903533935547,6.076366965858548,12.333026885986328,4.3984375,0.44907656771815574
03098,0.7357361304922677,0.29385097263435545,0.260161817073822,0.42808839678764343,0.6835934519767761,74.10480499267578,4.902624194229116,14.43066120147705,4.95703125,0.6802493229767441
03099,0.8877755032844056,0.39149974771476515,0.20137560367584229,0.4322811961174011,0.7593398094177246,74.23400115966797,3.8474195900874704,12.678852081298828,4.73828125,0.3563585295699349
03100,0.7793447638376934,0.3633624107850912,0.2106919288635254,0.4651981592178345,0.6066728234291077,71.91411590576172,6.249397317523123,15.916085243225098,4.48828125,0.5882629237409863
03101,0.850388236511007,0.39430557854659826,0.27027904987335205,0.597234845161438,0.7108602523803711,76.34613800048828,4.855934018335648,9.991005897521973,4.98046875,0.5490573922381116
03102,0.671541150754545,0.2970851252645232,0.29398179054260254,0.5290155410766602,0.3735666573047638,64.0832290649414,5.446462760462628,18.642982482910156,3.830078125,0.7385786671388711
03103,0.8325292314457478,0.38117168255328265,0.223807692527771,0.5235951542854309,0.7051645517349243,72.9719009399414,3.9712210411636915,11.99896240234375,4.87109375,0.43105571421015904
03104,0.7143631816614703,0.35644881835193015,0.21167486906051636,0.4105031192302704,0.6531641483306885,74.2850112915039,3.628887256457601,13.598163604736328,4.6953125,0.3835562540212979
03105,0.7217485194576195,0.2952831943232378,0.31831908226013184,0.39045649766921997,0.6193847060203552,69.32197570800781,4.316712756920778,10.900918960571289,4.03515625,0.2375938112863242
03106,0.6535895150064853,0.27204650188521157,0.29576975107192993,0.5784158110618591,0.5310510396957397,65.17034149169922,6.635167324897746,13.157715797424316,4.47265625,0.31759624149557736
03107,0.7726673471659046,0.31190835185674537,0.24990886449813843,0.4989367127418518,0.7683063745498657,73.76025390625,5.888550528952456,15.183084487915039,4.8984375,0.40777935916298275
03108,0.7430761055991746,0.2667093743326927,0.37728363275527954,0.8080668449401855,0.659548282623291,71.9356689453125,4.717506587540264,8.153322219848633,4.90234375,0.15007478497828672
03109,0.7641636517895474,0.337994532256544,0.4527687430381775,0.7303167581558228,0.33862197399139404,63.012149810791016,10.24886332872089,12.012105941772461,2.458984375,0.23071748820950594
03110,0.769011423992386,0.34109772423025436,0.35856133699417114,0.659659743309021,0.5065370798110962,71.10574340820312,7.78281540094427,15.114580154418945,4.4375,0.5509863690685121
03111,0.713634383480817,0.3344451856793418,0.3156062960624695,0.5414930582046509,0.4309176504611969,71.3703842163086,6.180604654044334,11.418102264404297,2.93359375,0.5170853489022659
03112,0.8167484586216522,0.4553442883383806,0.23001325130462646,0.4415823221206665,0.6542356014251709,76.26671600341797,5.2657432179591455,9.847648620605469,4.921875,0.6993961743978764
03113,0.7680234422365707,0.34985252305157705,0.1874758005142212,0.31866204738616943,0.4740842878818512,72.86029815673828,3.0145678042793738,13.031878471374512,4.43359375,0.5128925932421962
03114,0.7940963990122931,0.4606741573033708,0.28714150190353394,0.5915592312812805,0.6534094214439392,75.56857299804688,4.420225083745987,7.448568820953369,4.953125,0.4295117741521257
03115,0.8552668889563666,0.39903495483364193,0.36577481031417847,0.6960971355438232,0.5781692862510681,74.16541290283203,4.764464041436285,8.050004959106445,4.10546875,0.3968768587426327
03116,0.8970587251089059,0.37873423033545783,0.33332371711730957,0.5579222440719604,0.7041513323783875,71.61085510253906,6.237157812922309,12.519265174865723,4.15234375,0.46503933943830283
03117,0.7751078325162176,0.32210863504241394,0.2578665614128113,0.550005316734314,0.5745099186897278,68.95148468017578,6.355285493325278,18.11932373046875,4.11328125,0.3123095468636898
03118,0.784398952155612,0.3508024723419727,0.25616633892059326,0.6304958462715149,0.6771774291992188,74.20014190673828,5.057499087316978,11.627668380737305,4.95703125,0.5031414558878871
03119,0.7237842614444748,0.36355985693246373,0.3016436696052551,0.587717592716217,0.5301895141601562,69.0552978515625,6.123536418869801,16.412349700927734,4.32421875,0.5720618547246189
03120,0.7880445698959037,0.37053366801265963,0.2959187626838684,0.5710750818252563,0.5567814707756042,71.66291046142578,6.158711931815009,11.972746849060059,3.048828125,0.4036552049973584
03121,0.772027455773575,0.38672890404449783,0.21615636348724365,0.3694801926612854,0.7132694721221924,73.67062377929688,4.671339245159448,12.058220863342285,4.87109375,0.5281073957101542
03122,0.8571258146086999,0.32089446352053125,0.2738533616065979,0.5146340727806091,0.6006745100021362,70.47959899902344,6.056310898518003,14.352069854736328,4.87109375,0.15510262185923515
03123,0.8139683071476881,0.39300535369214684,0.23514187335968018,0.34768030047416687,0.7385647296905518,73.9518814086914,3.76444095304537,11.269307136535645,4.953125,0.35495618996949796
03124,0.9013802356033401,0.3636737880616083,0.24356955289840698,0.5283470749855042,0.6926822066307068,73.14637756347656,3.942403788047439,11.459671020507812,4.765625,0.2110655839857008
03125,0.6023727610119125,0.2575635211530099,0.29654359817504883,0.580691397190094,0.5580747127532959,74.34146118164062,4.795248137819642,13.018701553344727,4.7890625,0.3850719187568534
03126,0.7834249272625294,0.43429779871191004,0.1927335262298584,0.3636336624622345,0.5829430222511292,72.36798858642578,6.829424977830725,12.895538330078125,4.94921875,0.5742572934091099
03127,0.8711994739420942,0.35303987918787405,0.19812774658203125,0.4256294071674347,0.6585136651992798,73.10259246826172,5.062224048146761,13.261056900024414,4.3046875,0.28852238613657094
03128,0.8238603345527845,0.346820638530376,0.270031213760376,0.4784514307975769,0.4551338851451874,67.9550552368164,4.770049705417525,13.23727035522461,3.783203125,0.3596744056299092
03129,0.6795226309551139,0.31447994935733353,0.23491215705871582,0.4616616368293762,0.7368004322052002,74.08446502685547,5.429741554848056,10.774502754211426,4.9296875,0.466287584829606
03130,0.8094851067509446,0.3112795206203736,0.31963932514190674,0.5314330458641052,0.4960929751396179,70.47219848632812,5.607444598731917,15.823417663574219,2.58203125,0.47369375855652657
03131,0.8474631028007725,0.4095136012051334,0.20544475317001343,0.31450188159942627,0.7328158020973206,75.48023986816406,3.9768035059744506,9.935965538024902,4.8828125,0.5221847699557531
03132,0.562874440592155,0.2265455768583922,0.3804413676261902,0.6099101305007935,0.6300675272941589,71.04862213134766,5.596095794154588,10.796660423278809,4.78125,0.21728836403884633
03133,0.8015316248836233,0.3662670525010335,0.2632593512535095,0.5842087268829346,0.5371869206428528,71.54737091064453,3.8048259154125077,10.625869750976562,4.0234375,0.36703811199722614
03134,0.8853839017399157,0.41976526284643456,0.220598042011261,0.3279569745063782,0.7351133227348328,72.40547943115234,4.819183318307717,16.442235946655273,4.97265625,0.6323054880625907
03135,0.7003854188246587,0.2876864203712314,0.3230593204498291,0.632423460483551,0.5951577425003052,74.28942108154297,7.000614609223396,12.388473510742188,3.962890625,0.4904793635187543
03136,0.8511408130628496,0.41547231563236164,0.1666698455810547,0.3099069595336914,0.7289724946022034,74.61165618896484,4.397301021063742,15.165162086486816,4.8828125,0.5672827563763132
03137,0.7721480905107916,0.3558264059403012,0.3537381887435913,0.5471660494804382,0.3905774652957916,69.94020080566406,4.278633747784255,10.971354484558105,3.587890625,0.20478489189113727
03138,0.5768436990084761,0.21260956806420953,0.3562135696411133,0.7384604215621948,0.5816490650177002,74.05841064453125,5.840968424739903,11.898239135742188,3.826171875,0.25723688066514616
03139,0.7440706751872649,0.37141922519743914,0.3594869375228882,0.6403141021728516,0.7432851195335388,76.02468872070312,8.000377525252292,7.163066864013672,4.90625,0.33727616741851785
03140,0.5848594085721377,0.26745385761779206,0.35034167766571045,0.6767027378082275,0.7293537855148315,75.68659973144531,6.218913086275889,6.733570575714111,4.5,0.314132291020705
03141,0.763655214524999,0.3473327877390075,0.3300744295120239,0.5151565670967102,0.5184817314147949,74.83182525634766,5.489893255700123,12.046612739562988,3.71484375,0.33757741854765055
03142,0.8073982515408047,0.42489549088842893,0.1689724326133728,0.3089193105697632,0.7149947285652161,74.93251037597656,3.7774278423895034,11.885395050048828,4.96875,0.4683102982475809
03143,0.7895315652004831,0.3219037317468902,0.327450156211853,0.5993316173553467,0.7460801601409912,74.2470932006836,6.193688346952236,9.783878326416016,4.4453125,0.372860650105984
03144,0.7923258328917459,0.4638649225345579,0.28988152742385864,0.5746906399726868,0.6509525775909424,74.58366394042969,3.7099415380610075,7.378149509429932,4.7421875,0.4439646362704546
03145,0.8477843325818867,0.4148894769613948,0.217878520488739,0.4045584201812744,0.6011476516723633,69.40949249267578,4.601001892811769,12.394095420837402,3.73046875,0.4138812481083777
03146,0.8433448627142927,0.3962282644919723,0.23344093561172485,0.4792460799217224,0.7515808343887329,74.21540832519531,4.424302453190172,9.316987037658691,4.953125,0.38507338296394134
03147,0.7819850131813862,0.3096910302298115,0.2814944386482239,0.5957210063934326,0.7686777710914612,73.81768798828125,4.657959876277508,11.453118324279785,4.87890625,0.1768219850406911
03148,0.7949785249375129,0.426404186582532,0.1463484764099121,0.2800738513469696,0.6987523436546326,73.75392150878906,3.9232693162988443,13.592538833618164,4.87890625,0.4874730087269681
03149,0.7786397692108875,0.3960505444759308,0.17911189794540405,0.2929811477661133,0.7259033918380737,75.69975280761719,3.4339760827979435,14.466376304626465,4.96875,0.49188720212765463
03150,0.8925501410246446,0.3588791578395614,0.3378646969795227,0.5999208092689514,0.5809224843978882,69.72943878173828,6.0949406769185845,14.616912841796875,3.33203125,0.3814194103839728
03151,0.7169192206588586,0.3486103333431578,0.24477267265319824,0.6150487661361694,0.5596394538879395,72.02015686035156,4.88274182225002,12.357748985290527,3.693359375,0.4665129250979202
03152,0.8337257286967003,0.3461373430591571,0.17066824436187744,0.32010790705680847,0.6712474822998047,69.66143798828125,4.394506709982979,15.978068351745605,4.7734375,0.5664236464472193
03153,0.8145805869931431,0.41924654979485265,0.3205653429031372,0.6676337718963623,0.39740103483200073,61.39167785644531,9.186911777070632,13.336223602294922,3.78125,0.528073358393238
03154,0.8153554315248558,0.38991376487283047,0.1819031834602356,0.44669851660728455,0.6705284118652344,76.49649810791016,4.8825515361160665,13.355113983154297,4.60546875,0.4936062397696362
03155,0.8088236641571915,0.4135898002800501,0.25583529472351074,0.5285456776618958,0.7453392148017883,75.3221206665039,6.461418088470058,7.962980270385742,4.953125,0.8269639863511087
03156,0.7080866934785495,0.27845866068088293,0.42460429668426514,0.5954957008361816,0.6500850915908813,72.79546356201172,5.058795620559835,9.30278491973877,4.76953125,0.2609283608439728
03157,0.8814747844794724,0.32576721743268516,0.315102219581604,0.46742430329322815,0.43779945373535156,67.43698120117188,7.764196646961903,10.232305526733398,3.638671875,0.42421020814215143
03158,0.7790259582220386,0.3705357142857143,0.2966204285621643,0.493711918592453,0.5277436971664429,72.73615264892578,5.088611730253607,10.468293190002441,3.95703125,0.3217318115846646
03159,0.7812878216967796,0.30510291595197253,0.23315078020095825,0.46622493863105774,0.7633160948753357,75.42076873779297,4.168723992326934,11.66530990600586,4.8515625,0.5038393815914374
03160,0.8320996308038728,0.4333276226371995,0.2054828405380249,0.3253379464149475,0.7054653167724609,76.34268951416016,5.939188842172353,13.210453987121582,4.9765625,0.708384497209407
03161,0.762066650025334,0.46982609697109295,0.19588923454284668,0.3817625045776367,0.6768990159034729,73.75225830078125,4.102609687757943,12.096295356750488,4.88671875,0.6076796591213736
03162,0.7513601385406289,0.2827872928726303,0.2773289084434509,0.5061197280883789,0.623917281627655,70.54036712646484,5.0821468095945175,11.506196975708008,3.958984375,0.3629813084718725
03163,0.8542171068466263,0.36797233362953,0.28166866302490234,0.5452154278755188,0.6258644461631775,77.15886688232422,5.1188606307887055,12.380085945129395,4.35546875,0.566829496814532
03164,0.6960186335929534,0.28787168334761587,0.27145999670028687,0.5018070936203003,0.5236229300498962,70.14828491210938,3.862667094394125,13.411209106445312,4.76171875,0.29547924787763785
03165,0.804162557214499,0.44605793912724606,0.19399094581604004,0.2837468385696411,0.6398849487304688,75.18616485595703,5.857495160241148,14.771323204040527,4.9375,0.7637585213709116
03166,0.8210162557502677,0.41852257085377476,0.27782267332077026,0.40726038813591003,0.542331874370575,73.37417602539062,6.758745262733057,16.428878784179688,3.8671875,0.564715985910443
03167,0.8845733185082133,0.4140489373755094,0.2783699035644531,0.4449613094329834,0.4974600076675415,71.08977508544922,5.616365105640076,12.950669288635254,3.275390625,0.4136657600041094
03168,0.7660634592852678,0.38589142489944545,0.30523306131362915,0.5697458386421204,0.5651920437812805,71.86708068847656,3.4913884853677017,12.300725936889648,4.27734375,0.40103598443353405
03169,0.7744596357203248,0.37430693587195313,0.18736273050308228,0.3816118836402893,0.681633710861206,75.7214584350586,3.2156842157753496,13.973475456237793,4.95703125,0.42694640846081694
03170,0.7087530626071543,0.323006884299356,0.29392123222351074,0.623211145401001,0.5239989161491394,61.24441909790039,5.759409127719897,14.059830665588379,3.1484375,0.4109450836366195
03171,0.8352015987899402,0.3435880214340989,0.2880920171737671,0.6389835476875305,0.5123364329338074,69.527587890625,6.156925935120442,10.119426727294922,2.046875,0.2727862103225896
03172,0.8009294515694984,0.38824838187702265,0.2225649356842041,0.4183204174041748,0.5507306456565857,70.55003356933594,3.907926915281884,12.414155960083008,4.60546875,0.4737187306448685
03173,0.8649240801624516,0.536143888188796,0.1410813331604004,0.3414555490016937,0.6016433835029602,58.82002258300781,4.14286733743569,13.720924377441406,4.875,0.6050362848567493
03174,0.7836424105914762,0.39839004756677643,0.297856867313385,0.5699608325958252,0.41855382919311523,69.18379211425781,4.900101894583106,13.720161437988281,3.96484375,0.34469293581071453
03175,0.8498361654735936,0.4074219200184396,0.26826566457748413,0.4876624047756195,0.46773621439933777,67.11814880371094,4.053174356853516,14.391980171203613,4.15625,0.39179679392359623
03176,0.9187003893247119,0.3614993333004099,0.2841750383377075,0.5403394103050232,0.7826756834983826,75.1436538696289,5.105865119499846,8.779274940490723,3.970703125,0.2998330883567259
03177,0.8636532124095115,0.37133181390916936,0.18048757314682007,0.3554736077785492,0.756342887878418,74.21231842041016,3.384291712711199,13.573400497436523,4.94921875,0.4368892836552655
03178,0.7449085492312193,0.2954683847649728,0.3178616166114807,0.5922322273254395,0.5934938788414001,73.52729797363281,6.035255093298464,14.188838005065918,3.876953125,0.4519104974737391
03179,0.8847711228549123,0.41887583128359296,0.24248236417770386,0.4074561595916748,0.6075060367584229,71.74942016601562,5.0821432829330915,10.456639289855957,3.232421875,0.4874349793625641
03180,0.7223507656389866,0.26191841185265125,0.47321099042892456,0.695712685585022,0.5019891858100891,69.83245086669922,5.467117558275338,11.242780685424805,2.798828125,0.15812871628550904
03181,0.6981967670868885,0.2979086212949496,0.29597359895706177,0.4887557923793793,0.6812577843666077,76.6426010131836,4.701671576052414,7.499858856201172,4.98828125,0.39570871708679195
03182,0.8653575511431807,0.32256352147326944,0.24294835329055786,0.4835413098335266,0.6872988939285278,74.3266372680664,4.45698780532075,12.403820037841797,4.85546875,0.3348409841826661
03183,0.6357582784854674,0.2604686370987166,0.23564362525939941,0.41457483172416687,0.7059462666511536,75.16646575927734,4.215402980449081,12.770515441894531,4.9765625,0.44664896829410156
03184,0.8771943221434453,0.3344972815682671,0.3518649935722351,0.7405114769935608,0.583417534828186,72.36682891845703,4.771540704357323,10.597957611083984,3.36328125,0.17211866574142481
03185,0.8139433613715223,0.4348570317058938,0.1883966326713562,0.3464730381965637,0.570797324180603,74.00605773925781,3.7269906750236723,15.556397438049316,4.75390625,0.6059578846229361
03186,0.866899390281241,0.4276567124024751,0.1883494257926941,0.38935697078704834,0.6064398288726807,74.697021484375,2.6190422007488756,12.816147804260254,4.84765625,0.45640873137649157
03187,0.8870214592391125,0.3685092127303183,0.15730565786361694,0.32213443517684937,0.7023919820785522,75.66991424560547,3.7483478891014466,15.077341079711914,4.94921875,0.4674343703502763
03188,0.8205941272408002,0.3165407220822838,0.28084230422973633,0.7066411375999451,0.4948536455631256,71.11891174316406,5.490578303844431,10.946809768676758,3.216796875,0.20920883059358084
03189,0.8874467548448082,0.345595559982923,0.22153902053833008,0.405373215675354,0.6956050395965576,75.10665893554688,3.705854358720881,10.268502235412598,4.91796875,0.39595969360321465
03190,0.5136899394116116,0.2527588813303099,0.2204870581626892,0.4485557973384857,0.623759388923645,74.7762680053711,5.656860019445463,13.265203475952148,4.88671875,0.666485001910856
03191,0.8662465476305062,0.38851302302622026,0.20884257555007935,0.49960726499557495,0.5667572021484375,70.4090805053711,3.559698850248664,13.911147117614746,4.9609375,0.45606972378349914
03192,0.8811267904408079,0.513989860856434,0.19684338569641113,0.38221126794815063,0.6645388603210449,74.94023895263672,3.9402222293796996,11.588232040405273,4.90625,0.5500903434372838
03193,0.8540722968016917,0.36826536499592466,0.18602609634399414,0.33898746967315674,0.6413446068763733,71.54244232177734,3.5397004971528383,11.449061393737793,3.083984375,0.26395310582617226
03194,0.840974913690361,0.34367838854782584,0.27984774112701416,0.5335909128189087,0.7290440797805786,74.7482681274414,4.026378905667601,10.865192413330078,4.91796875,0.36538763326729257
03195,0.7765155991926131,0.3536062077648449,0.20875829458236694,0.41466325521469116,0.6044169068336487,67.00476837158203,3.7618429336117014,14.422918319702148,4.95703125,0.48970804192664474
03196,0.8649050801567021,0.3350273373705406,0.34608668088912964,0.551539421081543,0.6896536350250244,74.97451782226562,4.802208135054182,13.247590065002441,4.76171875,0.2801470839319048
03197,0.7914642622658331,0.30647916101329675,0.35675424337387085,0.6143996715545654,0.7194666266441345,73.34159088134766,6.147680143962606,12.24072551727295,4.546875,0.4172035809864464
03198,0.7256872022937535,0.3421504637581587,0.32599741220474243,0.6009083390235901,0.6897809505462646,73.94735717773438,5.634707790588266,13.408620834350586,4.8359375,0.5688385557645521
03199,0.6950768852821034,0.2958700560856581,0.2529292106628418,0.4878261685371399,0.6082658171653748,70.05638122558594,5.6292614152536675,11.969154357910156,4.30078125,0.5537847493114133
03200,0.7878025812794345,0.30160123112925585,0.2931249141693115,0.6615942120552063,0.7030736207962036,73.50672912597656,6.0159491474000255,13.252933502197266,4.73046875,0.23153110542741648
03201,0.8224941244851202,0.33723769711518564,0.2327147126197815,0.35533004999160767,0.6680329442024231,74.5400619506836,4.813547215247984,12.260749816894531,4.5859375,0.418321713104269
03202,0.8722095822714435,0.549529671350598,0.3039853572845459,0.6034390926361084,0.2764720320701599,56.92792892456055,6.603082344780342,10.640066146850586,2.767578125,0.44610883763230974
03203,0.6414018698375098,0.2777329242693363,0.23960024118423462,0.44429489970207214,0.6341597437858582,76.47456359863281,4.185311035302838,15.477500915527344,4.9296875,0.5595974575679385
03204,0.8467687585313055,0.32877725980190065,0.24405306577682495,0.5215432643890381,0.6713926196098328,72.06385040283203,3.70305102358278,13.469935417175293,4.15625,0.2865669485689105
03205,0.8722526779322585,0.3915858885591823,0.29822832345962524,0.49620211124420166,0.4611550271511078,70.88468933105469,3.80440353937256,10.113481521606445,4.046875,0.2181840353555697
03206,0.8455127370139305,0.37945041816009556,0.176751971244812,0.38262486457824707,0.670828640460968,74.8565444946289,3.2631627216487926,11.531476020812988,4.97265625,0.39370412587291065
03207,0.7280491669971489,0.33471198225738774,0.29440486431121826,0.47411906719207764,0.45885276794433594,65.47896575927734,8.325415622618777,13.848859786987305,4.80859375,0.7487446363785082
03208,0.7273110906806268,0.33623986538167355,0.24948179721832275,0.48570963740348816,0.7421444654464722,75.91818237304688,3.9692731775282137,11.009498596191406,4.90234375,0.5296754654759734
03209,0.8453284190227827,0.3368142192650094,0.19277584552764893,0.5064827799797058,0.5766600370407104,76.51590728759766,4.584667119558257,13.320046424865723,4.95703125,0.5508538658444398
03210,0.8048639267190667,0.37879776665941556,0.23379439115524292,0.476365864276886,0.640864908695221,76.14485168457031,4.6259719590494,13.813583374023438,4.95703125,0.6830207673692789
03211,0.8413483770297829,0.4018589652392469,0.21251940727233887,0.4027199447154999,0.6070288419723511,67.31754302978516,5.122578847388355,15.1844482421875,4.91796875,0.7335131779069196
03212,0.8403409974483241,0.3262057172258289,0.19399023056030273,0.41003525257110596,0.6955515742301941,73.99034118652344,4.198956805876343,14.912501335144043,4.828125,0.4828823178198325
03213,0.7404726771293514,0.3509286412512219,0.18199974298477173,0.4404365122318268,0.6924691796302795,76.39055633544922,4.709432566460535,12.778711318969727,4.953125,0.4967136571830902
03214,0.7702816567356512,0.3144298611637964,0.3510117530822754,0.6987475752830505,0.52252596616745,67.39443969726562,4.814334420972818,12.181360244750977,3.083984375,0.29353141863455473
03215,0.7408658673534647,0.36445705442352333,0.29314374923706055,0.521303653717041,0.3667914867401123,62.176273345947266,9.444078163057643,9.74832534790039,2.314453125,0.5335158552586948
03216,0.07993118039127263,0.03333618257970767,0.3561286926269531,0.7138738632202148,0.4791216552257538,65.66351318359375,5.297750572090573,11.269956588745117,4.171875,0.5084038942367345
03217,0.6248838647135219,0.3409819253941802,0.30323725938796997,0.5185409188270569,0.5424355268478394,68.47998046875,5.63016698884452,7.250244617462158,4.73828125,0.2992664419246469
03218,0.8460568603172959,0.42787875350894605,0.19862914085388184,0.37108302116394043,0.683165431022644,74.07044219970703,3.389980541043159,11.932037353515625,4.86328125,0.5884554077122047
03219,0.7502820153356019,0.3159393175255216,0.32642048597335815,0.47566986083984375,0.5269699096679688,68.53227233886719,5.189099964607412,10.926212310791016,3.611328125,0.33708700501027467
03220,0.709151115331392,0.2853464030569862,0.34352564811706543,0.6416673064231873,0.6123427152633667,74.00694274902344,6.457970816491271,9.990108489990234,4.20703125,0.4998883907691827
03221,0.8593114352659988,0.3249641548510435,0.3019411563873291,0.5174096822738647,0.7670323252677917,71.54139709472656,5.973754087759576,13.66372013092041,4.97265625,0.4797846268661345
03222,0.8117103920254712,0.38496257464046424,0.2933676242828369,0.4770488739013672,0.5150074362754822,67.68962097167969,4.593712905207699,17.054231643676758,4.25390625,0.4932774592709919
03223,0.8550457984276674,0.45489812059809426,0.1865265965461731,0.2955808639526367,0.7290972471237183,74.17919921875,3.6515138441195103,13.093348503112793,4.8984375,0.510163845227213
03224,0.8779297261409579,0.4962479608482871,0.3006022572517395,0.6154686212539673,0.5417043566703796,64.25739288330078,6.730301981155474,13.830425262451172,3.701171875,0.7606631029205004
03225,0.8312995980896265,0.44200354548298515,0.25066637992858887,0.4548788070678711,0.589529275894165,70.60272216796875,6.974138599597114,9.392566680908203,4.27734375,0.44545513377120993
03226,0.7427442876766294,0.392173338935238,0.2088664174079895,0.3980323374271393,0.582429051399231,68.8255844116211,3.98159883238713,14.519667625427246,4.01953125,0.4322261262865189
03227,0.8135473378463727,0.3044810587556069,0.16438841819763184,0.4040845036506653,0.6970141530036926,75.07906341552734,4.56807569053036,16.735822677612305,4.921875,0.6127167870221323
03228,0.8009935696850936,0.3788546255506608,0.29526424407958984,0.4796633720397949,0.6378893256187439,70.5303726196289,5.230037121235723,12.698162078857422,4.94140625,0.5425841416357736
03229,0.8946157612701404,0.39895317111197726,0.3461475968360901,0.4929422438144684,0.4867749512195587,69.85720825195312,5.664619794222765,7.74838399887085,2.61328125,0.24328799315754301
03230,0.6853023430983912,0.27330398144203,0.3090289235115051,0.4905337691307068,0.5004755258560181,64.60619354248047,3.966969898857511,14.435805320739746,4.33203125,0.3941495000483433
03231,0.707091259541894,0.28823529411764703,0.19677579402923584,0.2659435570240021,0.721056342124939,73.73015594482422,6.993815822250344,15.463395118713379,4.984375,0.6778228971691893
03232,0.8666338242987723,0.47905835521010276,0.3120627999305725,0.4882476329803467,0.690329909324646,75.20804595947266,3.6745972402944154,9.482163429260254,4.80078125,0.30037509192370776
03233,0.818602716819774,0.35243831358072664,0.40364521741867065,0.6326957941055298,0.5082674622535706,66.78959655761719,5.623040788943087,13.999190330505371,3.37109375,0.5912054093618647
03234,0.671962401871656,0.25952327912675427,0.25235259532928467,0.5365587472915649,0.6092426776885986,68.89606475830078,6.021359180569848,16.0897216796875,4.1796875,0.43971787805804574
03235,0.5081568566988852,0.22686084142394822,0.2450290322303772,0.5969606041908264,0.542691171169281,69.96512603759766,3.3033195365174852,13.022789001464844,4.87109375,0.3822693352690124
03236,0.7921803620826281,0.3568710359408034,0.27335256338119507,0.5677542090415955,0.5921156406402588,74.34953308105469,6.265157492923215,12.650613784790039,3.46875,0.464491662560861
03237,0.8801416036193169,0.40658963505319756,0.19466042518615723,0.2923039495944977,0.5209437012672424,71.61003112792969,3.470730503574878,16.561002731323242,4.9375,0.6664439688471002
03238,0.7526185238249933,0.2824689050575173,0.5232648849487305,0.7736985683441162,0.5136570334434509,70.28133392333984,6.5674870413421385,5.234647274017334,2.3203125,0.09903776329612836
03239,0.7849323603530649,0.3664875341379614,0.25935524702072144,0.4300898611545563,0.6420339941978455,72.70819091796875,4.205274063013835,11.54477310180664,4.74609375,0.4129088667456839
03240,0.6864395415189606,0.2786798226441017,0.18879306316375732,0.3970819115638733,0.4981348514556885,71.30249786376953,2.1329903843414115,14.448614120483398,4.1640625,0.3085368825120402
03241,0.9294414826773529,0.34870651377752426,0.30465763807296753,0.5405635237693787,0.7127444744110107,74.4600830078125,6.395395159979947,12.668715476989746,4.2890625,0.172656818953865
03242,0.5876425983112018,0.24633367606472212,0.4841154217720032,0.7672640085220337,0.5491098761558533,65.04456329345703,7.002251580596569,10.373567581176758,3.328125,0.43912520507814273
03243,0.75953617083728,0.41922196796338673,0.1974284052848816,0.28883108496665955,0.6759847402572632,75.86197662353516,6.421039558530681,11.93693733215332,4.9609375,0.59136259849645
03244,0.7648269576210679,0.3103120660673829,0.34011709690093994,0.5511103272438049,0.6649162173271179,70.23604583740234,5.4452725184369655,14.586071968078613,4.15625,0.36264164307418806
03245,0.8454552398600202,0.39303295190346926,0.25606244802474976,0.4749251902103424,0.4620720446109772,75.26441955566406,5.352431171998793,10.188141822814941,4.01171875,0.2220293548944523
03246,0.8206404243429798,0.3999658877707658,0.21715790033340454,0.3161174952983856,0.6917517781257629,72.8396224975586,3.625469314998717,9.79967212677002,4.89453125,0.6125377906879445
03247,0.8282664279637377,0.3986857901055159,0.1864079236984253,0.39127200841903687,0.729677140712738,75.27879333496094,4.711405645019327,12.481220245361328,4.90625,0.5199979148530354
03248,0.778710266583917,0.3185035389282103,0.3670985698699951,0.7515031099319458,0.47426095604896545,59.57215118408203,6.220974531786036,14.069418907165527,2.484375,0.4174647482988617
03249,0.9633744257794292,0.6253346409733083,0.23824244737625122,0.2826680541038513,0.6759297251701355,67.95084381103516,9.745517817672143,14.044576644897461,4.21484375,0.8285220035789045
03250,0.8410593690719933,0.3305537823172678,0.3321477174758911,0.6484565138816833,0.6319621801376343,68.40962219238281,6.467820796385238,14.020326614379883,3.9296875,0.4190433043568449
03251,0.8272060023413103,0.38764492052225163,0.3775237798690796,0.6651666760444641,0.431627094745636,65.5030517578125,7.335803008722794,11.937759399414062,3.2421875,0.38378295265190787
03252,0.8779971927231975,0.3341819840767612,0.37419432401657104,0.805362343788147,0.6414976119995117,70.36023712158203,7.95200247079087,12.522889137268066,3.26953125,0.35918700598462355
03253,0.6984860467724568,0.2642897143923838,0.2918028235435486,0.5698438882827759,0.7054345011711121,73.45823669433594,4.3394923412341475,8.574407577514648,4.953125,0.2639233155252278
03254,0.6270455306886822,0.3123833229620411,0.2340570092201233,0.42247867584228516,0.5332410931587219,61.26573944091797,6.9239383709545725,18.69257354736328,3.962890625,0.7095067028082266
03255,0.8686465222183775,0.3371041158507308,0.23569893836975098,0.5543664693832397,0.7076504826545715,76.27047729492188,4.048924727540828,10.911110877990723,4.98828125,0.45903713145311664
03256,0.692339038479536,0.38097021914216145,0.24266016483306885,0.46406370401382446,0.6018216013908386,73.40438842773438,5.966550868753799,16.098281860351562,3.1953125,0.6915020019204134
03257,0.8637082083719624,0.3858779566892865,0.2098308801651001,0.34029337763786316,0.6879360675811768,73.01060485839844,3.852191992492661,9.682957649230957,4.8359375,0.39422876508752785
03258,0.7131102775572533,0.2997426351165638,0.3415786623954773,0.6326576471328735,0.5694615840911865,71.01028442382812,6.017204985222769,8.775720596313477,4.12109375,0.2649278878521243
03259,0.8273965972997535,0.36802768166089966,0.33172208070755005,0.59430330991745,0.7207179069519043,75.21106719970703,3.9269084261011806,9.871131896972656,4.953125,0.37394553786114715
03260,0.6863011987456689,0.45334154604250076,0.27660882472991943,0.4777012765407562,0.44619980454444885,61.33088302612305,6.103908486767143,12.695511817932129,4.0859375,0.737164861838078
03261,0.8161470034300529,0.33628594841378234,0.2366480827331543,0.4769522547721863,0.6708943843841553,70.47313690185547,3.884735407422346,10.773155212402344,4.54296875,0.31722516611958734
03262,0.7948621161955501,0.33297142705823163,0.2464156150817871,0.47592782974243164,0.6988900899887085,72.61829376220703,4.6839832093710765,12.2974214553833,4.81640625,0.5273237094598314
03263,0.7639904107373376,0.40980842911877396,0.2758658528327942,0.29377037286758423,0.6549423336982727,73.99555206298828,5.638338213905669,11.466082572937012,4.79296875,0.7617922075719873
03264,0.5663396746192073,0.2630681248118792,0.36583244800567627,0.8168458342552185,0.42101767659187317,70.52360534667969,5.129735983477609,11.365059852600098,3.111328125,0.4525964701693508
03265,0.807606389929574,0.3044779981149162,0.2599869966506958,0.5919860601425171,0.7247486114501953,75.06863403320312,5.944571015910624,14.901432991027832,4.30859375,0.22212943978050542
03266,0.7026752622103916,0.26985884306670355,0.20046544075012207,0.4175909757614136,0.7147999405860901,69.71912384033203,4.161256397189436,18.081571578979492,4.890625,0.47380180007327194
03267,0.8739419572102233,0.3324262089177308,0.5133492946624756,0.5665879249572754,0.5092636346817017,74.11372375488281,5.584259205634534,9.037099838256836,3.46484375,0.182973652027627
03268,0.9020787228091615,0.34644626535655587,0.36435359716415405,0.5729572772979736,0.7191742658615112,76.91883087158203,4.795891071398764,10.489748001098633,4.8671875,0.3200047120064565
03269,0.7403831180335394,0.3033458896521161,0.3052052855491638,0.6078360676765442,0.5795122385025024,73.05412292480469,5.429693197730367,12.043916702270508,2.228515625,0.3379840515953302
03270,0.7580278501562858,0.31874825698307624,0.2744709253311157,0.5937593579292297,0.5163419246673584,71.23639678955078,4.818250244770972,13.758489608764648,4.23828125,0.2998111792470603
03271,0.8902946671821448,0.4556246667851431,0.13653713464736938,0.272916316986084,0.6285577416419983,73.11641693115234,3.210837139622996,15.402820587158203,4.96875,0.5870690967863597
03272,0.7857337233403475,0.29715250904415563,0.2536047697067261,0.45310816168785095,0.5686917304992676,74.3961410522461,4.42765791500387,13.663406372070312,4.56640625,0.31708697995184904
03273,0.8803076289129989,0.3420863508209409,0.2540120482444763,0.47784703969955444,0.6679761409759521,75.9692153930664,4.705301415426278,10.830283164978027,4.25390625,0.2736266970558192
03274,0.7456349849744921,0.2744234399365305,0.4182055592536926,0.6292822957038879,0.5841243863105774,71.33512878417969,5.211255430156969,10.050314903259277,4.3125,0.2725240217977092
03275,0.676785040512677,0.27361769352290677,0.20746839046478271,0.32247719168663025,0.7517353892326355,75.77410125732422,6.362464622038664,15.794650077819824,4.984375,0.5904229485336218
03276,0.8272279713823291,0.3214504500259177,0.2800225019454956,0.48483017086982727,0.6434546113014221,73.97534942626953,4.215221853363528,15.97512435913086,4.0625,0.3217024132960164
03277,0.6126534275666521,0.22762904895725483,0.3098837733268738,0.6264243125915527,0.6615334749221802,68.91376495361328,5.258508929447992,11.200400352478027,4.1875,0.2829817541255346
03278,0.7660347724930399,0.34716686641210737,0.29179322719573975,0.44391942024230957,0.6287313103675842,70.05253601074219,4.539990724182852,14.96004581451416,4.94921875,0.25106413716491865
03279,0.7794539916273293,0.287012537540052,0.383670449256897,0.7892614603042603,0.4956027567386627,68.92008972167969,6.423178368615252,11.942944526672363,2.25,0.2282685299334009
03280,0.8440059706175336,0.3181176470588235,0.21210670471191406,0.4490531384944916,0.7151594758033752,74.55585479736328,4.817526097181242,15.478020668029785,4.921875,0.29891916515751055
03281,0.7503223665245875,0.3373930279985515,0.145585834980011,0.3393876254558563,0.6355201601982117,72.8034896850586,2.5030273468642137,12.827762603759766,4.8671875,0.41662365118115857
03282,0.7806734551942085,0.3124257460339646,0.3243383765220642,0.6060981750488281,0.5883385539054871,69.28601837158203,5.666525952590889,11.941643714904785,4.67578125,0.35942427305102603
03283,0.8078794646638844,0.31108995019044827,0.2251971960067749,0.47384724020957947,0.6700140833854675,74.78327178955078,3.4118105306429762,12.51419448852539,4.9453125,0.2708620950254508
03284,0.6343505304331577,0.31090276727657645,0.2801976203918457,0.6160938739776611,0.510045051574707,73.70870971679688,7.036838105080034,12.489049911499023,3.716796875,0.37560749716883035
03285,0.3793525664543702,0.1577281058820729,0.29016393423080444,0.5159440636634827,0.6328850984573364,73.94583892822266,3.9180142736618935,10.762222290039062,4.75,0.3337142225161048
03286,0.8257004872331754,0.36773820981713184,0.18780291080474854,0.2635011374950409,0.48492664098739624,69.75538635253906,3.6937501627115426,13.722160339355469,4.0234375,0.5069613563467265
03287,0.7927210803578204,0.37852017591235243,0.1845809817314148,0.497619092464447,0.6573725342750549,74.75595092773438,3.627316493132337,12.840194702148438,4.859375,0.3269112909169947
03288,0.8808574704471334,0.5792870618607884,0.18557894229888916,0.2759474813938141,0.6023268699645996,74.13456726074219,6.07194965845222,11.966891288757324,4.66015625,0.8446449158778225
03289,0.8738978659017953,0.38790634067010404,0.24534088373184204,0.5227903723716736,0.5847697854042053,68.60041046142578,3.7447169814677252,8.932226181030273,4.25,0.33436197939337825
03290,0.6763089142585657,0.26998910940979504,0.26740890741348267,0.5312119126319885,0.6734439730644226,73.87825012207031,4.977481246789368,14.886092185974121,4.4453125,0.31980107193425106
03291,0.74599915284729,0.3367316341829085,0.29780805110931396,0.5793313980102539,0.6040454506874084,67.60259246826172,5.981357307735777,8.59765911102295,2.708984375,0.4701549117941728
03292,0.8582140043462666,0.37899928784322,0.40306413173675537,0.5464993715286255,0.5379055738449097,70.69722747802734,4.651435322736511,12.861329078674316,3.59765625,0.27776833386480354
03293,0.8511148186723889,0.3417751528082707,0.3171365261077881,0.620816707611084,0.6631374359130859,73.73062133789062,3.867779880384105,11.13923454284668,4.62109375,0.3290925167344014
03294,0.7483516744410355,0.35563724905110883,0.19879037141799927,0.4095975458621979,0.5830442309379578,66.21211242675781,4.442169233305757,16.370121002197266,4.703125,0.46251971982327056
03295,0.8076685396669346,0.4294635860660604,0.2055879831314087,0.371429443359375,0.7111206650733948,72.25582885742188,3.757719303018968,11.451262474060059,4.9296875,0.44721488248551844
03296,0.7034431419346706,0.3265438686029787,0.32382452487945557,0.555055558681488,0.47240781784057617,66.30668640136719,5.626971145239264,16.155481338500977,3.5625,0.4486770964547932
03297,0.91310119995874,0.3644364543783624,0.3327871561050415,0.5093646049499512,0.668765127658844,73.21129608154297,5.061927559734741,10.789385795593262,4.34765625,0.4758773556377486
03298,0.8761080475218027,0.3477586412632751,0.2455795407295227,0.43465667963027954,0.5031399130821228,66.76111602783203,3.2756445424659164,12.807682991027832,2.912109375,0.2491109449356479
03299,0.8764021265753039,0.3764823294587296,0.2603633403778076,0.46736079454421997,0.601932168006897,73.53038024902344,3.039064295890797,7.932634353637695,4.1015625,0.19766394214361738
03300,0.7013982649038222,0.3021301151617031,0.3188132047653198,0.5121635794639587,0.5392667651176453,64.73784637451172,4.987296610200939,17.4141902923584,3.408203125,0.47034557100928104
03301,0.8674269093354089,0.35200381174228385,0.200533926486969,0.44506126642227173,0.7285469174385071,72.60520935058594,4.668163404731816,13.749346733093262,4.92578125,0.4322548000390589
03302,0.6605169630930512,0.3147406043539478,0.25844019651412964,0.35081857442855835,0.7304315567016602,75.56813049316406,5.932091814038529,10.750076293945312,4.94921875,0.4909789860334325
03303,0.886721946158914,0.3715049367196749,0.3398541808128357,0.5553311109542847,0.438543438911438,67.55425262451172,6.274616975971207,11.516617774963379,3.673828125,0.30350732645251094
03304,0.8094247833827243,0.31517015444273583,0.36181724071502686,0.7254334092140198,0.5622987151145935,71.18474578857422,6.4708690098955515,12.976795196533203,2.982421875,0.26733806285937634
03305,0.86677529998547,0.4417354043920728,0.2002580761909485,0.39015036821365356,0.5126697421073914,71.6004638671875,3.7234969131780282,13.73794937133789,4.71484375,0.4482218161220158
03306,0.8718276251410111,0.3328166240730655,0.24533504247665405,0.5822041630744934,0.7835758328437805,74.1313247680664,4.3190409461514,11.412252426147461,4.765625,0.18012343511069426
03307,0.9336007359026475,0.4724031784666046,0.3123268485069275,0.41870826482772827,0.47975093126296997,71.9554443359375,6.361958765276298,7.284214973449707,3.66796875,0.18867860279888765
03308,0.7200011822679512,0.33668253128855985,0.36413735151290894,0.7466832995414734,0.6269916296005249,69.85482025146484,4.656348185322836,11.441696166992188,3.171875,0.5301581170938215
03309,0.8231900980674073,0.37762678961417134,0.18596476316452026,0.5019212961196899,0.6224016547203064,74.92414093017578,2.6096417394185174,11.548805236816406,4.68359375,0.4385039984350141
03310,0.7947284818795812,0.3243153906786341,0.30970048904418945,0.7011335492134094,0.524623453617096,73.06709289550781,5.6991937159405,10.517282485961914,3.494140625,0.22238632381891799
03311,0.7631605965873391,0.28679207323206923,0.26428359746932983,0.5168830752372742,0.6376072764396667,71.04118347167969,5.093631480336958,14.683218955993652,4.5234375,0.44903987741907714
03312,0.6471950968320755,0.25110624221334366,0.30780690908432007,0.45214375853538513,0.7509035468101501,76.34591674804688,4.997514059806391,8.889092445373535,4.984375,0.3719362315750484
03313,0.8477436219713427,0.4007039854661065,0.31694650650024414,0.5387770533561707,0.4810093939304352,73.26176452636719,5.842750406714739,11.863842010498047,3.1484375,0.6058807356021141
03314,0.7764134190042468,0.4556311162713551,0.2747957706451416,0.5349444150924683,0.6066356301307678,69.29456329345703,5.6123109284506,10.55807113647461,4.30859375,0.3411703067997507
03315,0.7173653189068407,0.3356430722451247,0.3359110951423645,0.676478385925293,0.5610740184783936,66.90120697021484,5.465584582303649,10.440606117248535,4.671875,0.3261267455409322
03316,0.8640770780253121,0.3460371295965727,0.30298560857772827,0.4692937433719635,0.6475329399108887,72.62068939208984,3.9256512397659393,10.774871826171875,4.80078125,0.286431984406312
03317,0.8153445268000468,0.4131717924821373,0.24375098943710327,0.5380471348762512,0.6043903231620789,75.78502655029297,5.5239974145151525,8.19128131866455,4.78515625,0.5820998623307128
03318,0.7375492691417089,0.33970061529984386,0.21507829427719116,0.3745306134223938,0.5264955759048462,68.2994384765625,4.966628511288924,15.897205352783203,4.59765625,0.3628374827429249
03319,0.6693104409724349,0.2554258115791404,0.2951309084892273,0.7010611295700073,0.47321757674217224,70.29338836669922,4.8599846800008155,13.219209671020508,4.00390625,0.2228772729318191
03320,0.8568049908895402,0.4185321047918893,0.23745036125183105,0.4459846317768097,0.5450130105018616,69.66757202148438,5.101020442037259,14.128912925720215,4.4375,0.4249126499462453
03321,0.8627205597337653,0.36516874474386635,0.1714942455291748,0.31616851687431335,0.6684073209762573,72.04978942871094,3.749595291807711,15.582042694091797,4.8203125,0.5606497264580851
03322,0.8399062250865135,0.31618612209909724,0.3309955596923828,0.6172263026237488,0.6211856007575989,72.17224884033203,6.077469572226953,12.940004348754883,4.01953125,0.19946611404525522
03323,0.8035646649347449,0.3929551971690631,0.16598999500274658,0.33248698711395264,0.6922963261604309,74.19408416748047,4.067765555714279,12.846455574035645,4.79296875,0.5164513004202729
03324,0.8826939299142053,0.565947242206235,0.19947797060012817,0.3262979984283447,0.6193459630012512,74.19757080078125,5.366149805784888,11.268301963806152,4.8515625,0.788873157777122
03325,0.8043586726458487,0.31502094247543905,0.26715087890625,0.6483730673789978,0.6058493256568909,72.97531127929688,4.5974619747944,14.259805679321289,4.09375,0.32056501761162387
03326,0.8606602995969396,0.5185660157388516,0.19678246974945068,0.31295403838157654,0.41273266077041626,65.71200561523438,5.523774510216453,13.100873947143555,3.876953125,0.6484332865659803
03327,0.7259408260309278,0.40567713801179034,0.1908332109451294,0.31919869780540466,0.7620490193367004,75.1147689819336,3.9856689262068654,12.739957809448242,4.94921875,0.4754442797689073
03328,0.8222273949408386,0.4530371713508613,0.1684626340866089,0.31150004267692566,0.6722412109375,75.5092544555664,3.988043541560115,12.885695457458496,4.98828125,0.570281802581479
03329,0.6542214189076799,0.3427210602609236,0.21458065509796143,0.44124895334243774,0.5214100480079651,67.6812744140625,4.425028894592712,14.916857719421387,4.6171875,0.5937419054755353
03330,0.7676743203220084,0.4421276064427519,0.22928333282470703,0.49942126870155334,0.7137795686721802,76.97695922851562,5.672706681912413,11.414400100708008,4.984375,0.5602003821320085
03331,0.9352376257780955,0.4369631012943525,0.4022176265716553,0.6208591461181641,0.586784839630127,73.53359985351562,6.581322476871341,9.02508544921875,3.34765625,0.2465944798510688
03332,0.8338861659377749,0.35479553903345723,0.3474953770637512,0.534981906414032,0.6178243160247803,71.16754913330078,6.5099650840661765,15.3876314163208,2.404296875,0.5171084361740249
03333,0.7810234271005047,0.327509056040912,0.27816981077194214,0.5085369944572449,0.7267131209373474,74.96528625488281,3.8975856477064434,8.030311584472656,4.9609375,0.3214249199759639
03334,0.5752418922405528,0.2685994968252067,0.31096339225769043,0.4785815179347992,0.44143494963645935,67.8160629272461,11.153869779342385,13.86585807800293,3.552734375,0.6670655841820721
03335,0.8681919731505474,0.42883430674453954,0.1812286376953125,0.3196988105773926,0.6980383992195129,74.41362762451172,3.777872730057989,12.968788146972656,4.80859375,0.5229730127669381
03336,0.776332602361649,0.31122851117312483,0.31801581382751465,0.5862163305282593,0.7521617412567139,75.64995574951172,5.000544321621055,8.565690040588379,4.94921875,0.27830178814351586
03337,0.8798288590482456,0.35096184860722257,0.3482859134674072,0.5591443181037903,0.6454675197601318,73.25946044921875,4.98121834048128,12.851218223571777,4.5234375,0.23451162482148383
03338,0.8362352156274873,0.3186219549485272,0.2992115616798401,0.6660845279693604,0.6531569361686707,74.28141784667969,2.9020141829727693,13.424330711364746,4.20703125,0.20298405133941594
03339,0.8493949331586751,0.38073394495412843,0.25958186388015747,0.5934571027755737,0.6205738186836243,71.72969055175781,5.325315295124115,11.399991989135742,4.765625,0.3199677102155129
03340,0.8581977365679391,0.4066123234266619,0.17863023281097412,0.40551069378852844,0.6134363412857056,70.30619812011719,4.027884575278274,9.732707977294922,4.4453125,0.43452292082686084
03341,0.8081983792518367,0.3430380835028799,0.2656095027923584,0.5149860382080078,0.6245101094245911,70.43196105957031,4.841581016250397,14.714640617370605,4.203125,0.3378437072872459
03342,0.7501932821443492,0.4292905309146168,0.2683112621307373,0.5690211653709412,0.5128126740455627,74.7657470703125,5.5952316593934635,8.668825149536133,4.19140625,0.4102823167575596
03343,0.7884040809816966,0.3392110762800418,0.37132716178894043,0.68650221824646,0.508415699005127,71.07411193847656,5.263428768715852,5.627373695373535,2.986328125,0.2743463199832235
03344,0.8742251329407699,0.3314909660941364,0.3379957675933838,0.5824990272521973,0.5769033432006836,74.70542907714844,5.424139666838422,13.690587043762207,2.716796875,0.44230024413811747
03345,0.7713540776740372,0.34506225349934266,0.3239544630050659,0.5635368824005127,0.547195553779602,68.26355743408203,5.647172215606049,17.4870548248291,4.28515625,0.3942531368182132
03346,0.7934492465627851,0.39371235492874984,0.2612541913986206,0.4757329821586609,0.48479923605918884,71.62030029296875,4.656152933974261,11.925596237182617,3.8125,0.5419251942724035
03347,0.25046467968907576,0.09960116416945133,0.4353306293487549,0.869736909866333,0.48333582282066345,56.78355407714844,6.114170297752043,11.870980262756348,2.48828125,0.3997742499125339
03348,0.8417048795268149,0.38996650307704295,0.30998069047927856,0.595227837562561,0.6941969990730286,75.3289794921875,4.790204216268817,8.675978660583496,4.4140625,0.5204206373559375
03349,0.788226798077475,0.31603570559724536,0.28281891345977783,0.549552321434021,0.4646676778793335,75.02108001708984,5.125240870024253,14.198689460754395,3.283203125,0.3516048635456253
03350,0.6167393022459244,0.27895515032035484,0.300068199634552,0.673099935054779,0.5558781623840332,73.32758331298828,5.533795427115186,12.758625984191895,4.51953125,0.4251162681969562
03351,0.8539487944485279,0.4492769621371012,0.2426220178604126,0.364364355802536,0.7873237729072571,74.33653259277344,4.686163319411545,11.20176887512207,4.93359375,0.6103613551124126
03352,0.6525815943521214,0.3658295305868462,0.1669331192970276,0.35008716583251953,0.6983864307403564,76.20504760742188,3.788710543874192,14.396196365356445,4.9921875,0.409525435808217
03353,0.776600698601122,0.32292343387470995,0.42674189805984497,0.6976689100265503,0.6896789073944092,68.6712875366211,6.164101537260367,10.08173942565918,4.1015625,0.3142100077351733
03354,0.6732458117995395,0.2756805197714798,0.3464941382408142,0.6142127513885498,0.46454954147338867,65.45426940917969,6.239459998837632,11.362372398376465,4.10546875,0.45511005495102724
03355,0.865719240580784,0.37866041093674163,0.2779451012611389,0.5527830123901367,0.4325369596481323,67.5394058227539,6.469355981051301,9.101750373840332,2.19140625,0.5399490034621032
03356,0.6664479152373001,0.3285778308933373,0.30639535188674927,0.523535966873169,0.7831183075904846,76.75305938720703,3.682349902167067,7.136540412902832,4.97265625,0.36575140514602805
03357,0.8966034826146182,0.36193978268683125,0.26049816608428955,0.35512009263038635,0.717280387878418,73.31068420410156,4.783131144231183,12.20386028289795,4.73046875,0.17544788007749443
03358,0.7931137071168303,0.29952267303102625,0.3099861145019531,0.6295578479766846,0.7020480036735535,69.94857788085938,5.710862851746608,13.989704132080078,4.58984375,0.4271231571467187
03359,0.760607199273236,0.3685425005886508,0.3557390570640564,0.8173362016677856,0.5378812551498413,63.81301498413086,4.5969036950516395,9.491959571838379,4.16796875,0.4373122404449495
03360,0.8954646089216868,0.3419958240582561,0.2513350248336792,0.5622100830078125,0.6933978199958801,72.08399963378906,4.349668658749769,12.849666595458984,4.3828125,0.2427940780441858
03361,0.8569284630313844,0.4100415958755639,0.23882341384887695,0.3914584517478943,0.635941743850708,72.79462432861328,3.06407529459516,9.74124526977539,4.3984375,0.34439550798014495
03362,0.8775917145182172,0.34868084484396694,0.24590164422988892,0.5246937274932861,0.6425844430923462,71.9365463256836,5.740088912530817,12.745166778564453,4.15234375,0.6114505133082122
03363,0.747557993624406,0.28726842094699023,0.2294398546218872,0.4641881287097931,0.5665357112884521,75.3592529296875,2.8427209729608,9.806936264038086,4.88671875,0.2241609946467947
03364,0.6727232169905326,0.2640873939152208,0.24206805229187012,0.5171056985855103,0.6260969638824463,69.9531021118164,3.473061957743206,11.060996055603027,4.8828125,0.31130784198152545
03365,0.6826417094857818,0.36180904522613067,0.2620730996131897,0.5525791645050049,0.6762852668762207,69.65027618408203,5.6041853861927455,13.153882026672363,4.234375,0.6612473914631825
03366,0.8041540161314127,0.31004003695719123,0.3022969961166382,0.6243091225624084,0.66557776927948,69.14057922363281,6.037887532856506,10.810894966125488,4.06640625,0.2963803697385888
03367,0.6866267465069861,0.35736196319018404,0.20362448692321777,0.4760471284389496,0.4663073420524597,70.92453002929688,4.876398945965942,11.822517395019531,4.00390625,0.528829153910822
03368,0.757697327045174,0.27327651151454274,0.41163957118988037,0.7422109842300415,0.5838271379470825,67.39007568359375,5.9588977412293955,11.484394073486328,2.25390625,0.3126702628880723
03369,0.6065026265091945,0.2136132800738674,0.36045074462890625,0.5967371463775635,0.6339260339736938,68.46446990966797,7.663955419047992,10.004220962524414,3.8828125,0.2867570673519958
03370,0.7623073692457223,0.3125101455548942,0.30370771884918213,0.5068427324295044,0.5212257504463196,69.48253631591797,4.461099406764601,12.478013038635254,3.970703125,0.25529064827080594
03371,0.8920744283949354,0.3700523527867435,0.280242919921875,0.5800434947013855,0.5369138121604919,74.75382995605469,2.8731497995304736,12.020362854003906,4.6015625,0.35519355771087746
03372,0.8080575870342965,0.529388029589778,0.25926077365875244,0.36065244674682617,0.46553751826286316,64.53984069824219,4.725095912188245,17.908035278320312,3.0078125,0.8015936909984577
03373,0.8597797643577311,0.36873430350569375,0.1921827793121338,0.3786982297897339,0.6647689938545227,73.96946716308594,3.802246771343905,12.334395408630371,4.7109375,0.37069392278178026
03374,0.8080502781601075,0.37668989339527126,0.3361407518386841,0.49358293414115906,0.7126895189285278,71.5624008178711,5.158099503806708,9.27934455871582,4.5703125,0.4664253587320175
03375,0.7102661145411002,0.31000731209831567,0.29853570461273193,0.6386133432388306,0.6264144778251648,75.62837982177734,4.310323087871731,11.515634536743164,4.46484375,0.3086039561001197
03376,0.8584169515345157,0.4166655338816013,0.23351067304611206,0.44339853525161743,0.8052039742469788,73.84760284423828,4.146399098395384,10.668075561523438,4.91796875,0.37725450525549264
03377,0.8603761088641678,0.32611517694203523,0.29847073554992676,0.5905226469039917,0.6760110259056091,72.07022857666016,5.966356021235799,12.432564735412598,4.22265625,0.3106556762596715
03378,0.788738478323852,0.39757216077690855,0.20654171705245972,0.4111178517341614,0.6706503629684448,72.54889678955078,3.9557003899148904,13.03541374206543,4.93359375,0.3748133202100196
03379,0.7462838967860645,0.2743103448275862,0.25956565141677856,0.6390515565872192,0.7018890380859375,76.31926727294922,5.296979820398479,12.23255729675293,4.9375,0.3569133336130431
03380,0.5636632594020038,0.21201509845832006,0.27930909395217896,0.5386833548545837,0.5771881341934204,64.3884506225586,5.709425985508623,15.871562957763672,4.73046875,0.30378896056727006
03381,0.8267649817259192,0.3591604739136279,0.23554372787475586,0.3985038995742798,0.5767658352851868,68.00296020507812,4.738499845952627,16.06354522705078,4.94921875,0.2913289348306141
03382,0.799553051002661,0.3427103176361139,0.2583281993865967,0.4473710358142853,0.7313836216926575,73.0263671875,6.327461531595033,8.213998794555664,4.9609375,0.4996049758409473
03383,0.8039971396903326,0.3634978229317852,0.22183018922805786,0.47136545181274414,0.574994683265686,75.1255874633789,3.3013383315715155,9.642959594726562,4.8984375,0.357052045417854
03384,0.7027325859790924,0.282284443281434,0.33389902114868164,0.5565818548202515,0.514471173286438,69.93084716796875,4.938301929174558,9.491317749023438,3.611328125,0.22713667187229938
03385,0.8082818098402688,0.34391993327773146,0.30877017974853516,0.524100124835968,0.7176353931427002,72.92940521240234,4.1957386296021015,8.551980972290039,4.3984375,0.25213770929480916
03386,0.7521427827252757,0.46673643294961875,0.3124656677246094,0.6934404373168945,0.43227896094322205,62.70967102050781,5.049201172807926,11.663406372070312,3.619140625,0.4715222384849254
03387,0.873033864138928,0.3307567463483069,0.3241087794303894,0.5506461262702942,0.6245989203453064,71.97561645507812,4.408945244440854,11.224342346191406,2.001953125,0.23072236533249807
03388,0.845770836316425,0.35674822415153906,0.21162831783294678,0.41616401076316833,0.7267056703567505,74.15060424804688,4.95802829407168,15.019526481628418,4.875,0.5727834048943965
03389,0.8197459569733768,0.3645600778521953,0.27237188816070557,0.47821691632270813,0.6264615058898926,70.61408233642578,3.9300024087834764,6.82252311706543,4.16796875,0.23265764710736372
03390,0.6437501207513795,0.30747564839807534,0.27370548248291016,0.5665925145149231,0.7207403182983398,73.304443359375,4.620744782438496,11.66403579711914,4.9296875,0.4931071201274012
03391,0.7774622074875471,0.3420533718943079,0.22667574882507324,0.4767778515815735,0.6013991832733154,74.96971130371094,4.567433676245134,15.143376350402832,4.50390625,0.5813285955079539
03392,0.8701932992945826,0.33741646193756764,0.37540239095687866,0.5311424136161804,0.6122151017189026,72.40129852294922,4.826742073227659,12.980022430419922,3.806640625,0.4666395286809217
03393,0.8644768957711573,0.412807881773399,0.262237012386322,0.4778854250907898,0.5729567408561707,69.41683197021484,6.200199917307353,13.278733253479004,4.41015625,0.6689972726516242
03394,0.8302911130948616,0.3708146182115149,0.3602234721183777,0.622115969657898,0.5303410291671753,67.76799011230469,4.790863829406001,11.246210098266602,4.6484375,0.3997391106676856
03395,0.8679691004757956,0.3773485235336585,0.19585931301116943,0.48121482133865356,0.7001302242279053,77.07752227783203,3.262237854719111,12.20388412475586,4.953125,0.3555694598275047
03396,0.8851947681582768,0.3533298236377994,0.2952800989151001,0.5394372344017029,0.6303563714027405,74.3559341430664,4.769200776914512,11.10064697265625,4.65234375,0.3953252766403622
03397,0.823477381253125,0.360572974055895,0.23888838291168213,0.43994441628456116,0.7138994336128235,71.86100006103516,4.012744029287728,11.087268829345703,4.4296875,0.21094880831873566
03398,0.8447801215580694,0.5205736245196363,0.20445221662521362,0.38508087396621704,0.49056699872016907,64.76421356201172,6.092177795344733,13.904275894165039,4.0546875,0.6907346174021912
03399,0.792804659073447,0.3043667714525818,0.299405574798584,0.6442683339118958,0.6632791757583618,72.77997589111328,5.3269936744197395,8.826271057128906,4.76171875,0.3452935106468619
03400,0.857959150104108,0.4451289595880649,0.23947179317474365,0.3446686863899231,0.5593408346176147,63.5679931640625,5.104021029443675,9.815885543823242,4.05078125,0.32473230567322175
03401,0.7958215318988207,0.358970999301188,0.3387541174888611,0.529140055179596,0.4530170261859894,69.54367065429688,6.378576914958498,13.116558074951172,3.076171875,0.4837505126423613
03402,0.8160543983216568,0.35448790780717415,0.266660213470459,0.5809072256088257,0.6135702729225159,68.70645904541016,4.859153765858189,12.164543151855469,4.65625,0.3245687321681441
03403,0.7956187423736606,0.2886383661297246,0.3563210964202881,0.6203560829162598,0.6889466643333435,70.0774917602539,5.695746385958851,10.819236755371094,3.927734375,0.24537552364541806
03404,0.7531914587321349,0.38932906883768265,0.2864447236061096,0.5047743320465088,0.6140779852867126,74.38443756103516,4.9423711565141435,9.644293785095215,4.37890625,0.3595966736259303
03405,0.7960675475702763,0.3476424645646514,0.23732376098632812,0.48171547055244446,0.7118554711341858,72.78477478027344,6.181185676097432,15.07475757598877,4.21484375,0.5130153175910657
03406,0.586577603478855,0.22520196765948702,0.35993319749832153,0.584588885307312,0.6631508469581604,76.52879333496094,5.060822798518788,8.444647789001465,4.1953125,0.18552299292380733
03407,0.8162431466173737,0.33318462640764623,0.2134709358215332,0.47593310475349426,0.664276123046875,72.15603637695312,4.419874236421627,12.16975212097168,4.6953125,0.3922957523843608
03408,0.7647225919984919,0.41224122412241226,0.3260117173194885,0.5789120197296143,0.7219453454017639,74.46287536621094,4.543404685879386,7.827907085418701,4.39453125,0.26299587708703664
03409,0.752056192572033,0.29908162863111426,0.3360825777053833,0.6784436106681824,0.49206212162971497,63.52365493774414,6.509611398121352,13.430466651916504,3.70703125,0.482089636995395
03410,0.8639196874757445,0.4662336008151828,0.21825629472732544,0.3238077461719513,0.6984362006187439,73.3144760131836,4.749591844201715,10.606443405151367,3.90625,0.6797707586421066
03411,0.8863407162198463,0.37600488928588216,0.27562230825424194,0.5332269072532654,0.6459394097328186,73.77879333496094,4.067126020626921,10.355424880981445,4.640625,0.40445118612385567
03412,0.5769046904696885,0.21566476165523113,0.41130685806274414,0.914137601852417,0.6262102723121643,70.34388732910156,5.457580373901938,13.305551528930664,4.22265625,0.212405071393854
03413,0.8057755917039536,0.3311561071195297,0.27177107334136963,0.600580096244812,0.7274293899536133,70.9194564819336,6.037926318100351,12.841455459594727,4.5703125,0.4945927889091779
03414,0.7323680218441223,0.2977500677690431,0.3433215618133545,0.6981719732284546,0.5097110271453857,64.99224090576172,5.488096577925633,12.937077522277832,4.234375,0.5855698305425521
03415,0.7707018837974342,0.3300239180468433,0.24046361446380615,0.5565496683120728,0.6054375171661377,76.79098510742188,2.8353969027397525,9.741490364074707,4.8828125,0.4190448748619343
03416,0.7822317359191564,0.28391912121276014,0.3692288398742676,0.6148611307144165,0.5032190084457397,66.21221160888672,6.195449219058717,10.953398704528809,2.943359375,0.10103872297273864
03417,0.8383476554568388,0.35710602425845794,0.22640132904052734,0.4953711926937103,0.677709698677063,76.17534637451172,4.6872392053741025,10.470948219299316,4.9921875,0.3991138950496832
03418,0.8768743627350304,0.33895215039301835,0.31744474172592163,0.5187530517578125,0.7084583044052124,71.87201690673828,6.4338524143019376,10.88477611541748,3.91796875,0.4019247057523977
03419,0.6168052668155005,0.30749832538713107,0.3159734606742859,0.6111344695091248,0.5604779124259949,70.60322570800781,7.604397287852284,9.195111274719238,3.640625,0.3975228074412672
03420,0.8298803252252342,0.3171093907893465,0.3382837772369385,0.6543486714363098,0.5679227709770203,73.97772979736328,5.782847303677346,13.087886810302734,3.6484375,0.19040861953927252
03421,0.6384565388997561,0.23721640185943246,0.3899480104446411,0.6922200918197632,0.6108847856521606,70.69515228271484,6.182377212558462,10.8426513671875,4.0390625,0.38731939526980386
03422,0.9296027514925517,0.4141658292822031,0.19726109504699707,0.2707658112049103,0.8187858462333679,76.51527404785156,4.144358152590859,13.84597396850586,4.97265625,0.420824410772324
03423,0.8767435305572993,0.3590274464618459,0.29896360635757446,0.5376570224761963,0.6389797925949097,72.52606964111328,4.624234023160349,11.688364028930664,4.046875,0.21459717846870532
03424,0.7455864830344681,0.3443919789047648,0.20162993669509888,0.42639583349227905,0.5553396344184875,69.85527038574219,3.4355201482157387,13.690471649169922,4.375,0.42534970646721454
03425,0.8499607656268541,0.3805874335828708,0.1829267144203186,0.33603495359420776,0.6650274395942688,71.39157104492188,6.628060562062355,15.606559753417969,4.625,0.4470989588438293
03426,0.7865590758703168,0.31098636997697515,0.261674165725708,0.548532247543335,0.5366966724395752,73.74549102783203,4.90442361734592,11.371665954589844,3.720703125,0.33772195267555
03427,0.7015771905533307,0.3327911515940143,0.2657831311225891,0.5360040068626404,0.5791301131248474,72.87030029296875,4.9643619236412295,16.248859405517578,4.05078125,0.6764084548187788
03428,0.8306346113673597,0.3629145511504807,0.1893521547317505,0.36791789531707764,0.6967384815216064,74.00055694580078,4.182022506082723,11.955875396728516,4.9296875,0.3802353447247104
03429,0.6851542749112147,0.32475305695296147,0.30098313093185425,0.5154733657836914,0.7059605121612549,75.070068359375,5.488348240235061,10.868087768554688,4.9609375,0.5585950242483089
03430,0.3962826513250418,0.18407600428895593,0.29284459352493286,0.6842028498649597,0.5121601223945618,72.32889556884766,4.809973086360716,12.325790405273438,3.765625,0.23951837793375788
03431,0.8431292092434787,0.4375413633355394,0.16028547286987305,0.3512508273124695,0.722428023815155,75.2592544555664,3.9521344195905455,14.676811218261719,4.94140625,0.6202455070042788
03432,0.908062976330927,0.3521206899354608,0.28983575105667114,0.6966718435287476,0.6947488784790039,71.3720474243164,5.218675691407715,11.649895668029785,4.92578125,0.41090100168200067
03433,0.46109220710887455,0.1575579565719081,0.4308539628982544,0.6770191788673401,0.5494105219841003,72.45166015625,4.87278211604912,9.056940078735352,3.599609375,0.2051986606630302
03434,0.7900813085599222,0.4045,0.2941529154777527,0.6877337098121643,0.5412523746490479,70.67768096923828,4.863433520886845,12.43496322631836,4.93359375,0.5674945315570632
03435,0.8203849772653965,0.32304509722796854,0.2553293704986572,0.5217961072921753,0.6286275386810303,73.63839721679688,7.386959944043123,12.18501091003418,3.734375,0.4570433437391385
03436,0.7447620681942265,0.3181193249633625,0.2854107618331909,0.4509128928184509,0.5977444052696228,75.43645477294922,3.6765818777905723,10.679970741271973,4.78515625,0.2951302964544679
03437,0.8736309386277471,0.3874017233046902,0.2575247883796692,0.4074587821960449,0.6785339117050171,72.9675064086914,3.2437074279708007,9.837272644042969,4.58984375,0.29150229832162716
03438,0.6300666222818356,0.26051873198847264,0.31998854875564575,0.6200867295265198,0.6140919923782349,72.60417175292969,3.471664619828333,11.814210891723633,4.546875,0.3359887312980746
03439,0.7462386790199526,0.3823584376752009,0.21558332443237305,0.40728506445884705,0.4892934262752533,66.13214874267578,3.5298247716704436,11.287702560424805,3.951171875,0.595468376858804
03440,0.898753396543117,0.35093200315043316,0.20365875959396362,0.5132523775100708,0.6996501684188843,76.0380630493164,5.475223640378655,14.648792266845703,4.58203125,0.5142767743756302
03441,0.6465190139758948,0.30700778642936594,0.27370667457580566,0.5658862590789795,0.7196931838989258,73.2955322265625,4.5307439934613445,11.664185523986816,4.91796875,0.49315973804072627
03442,0.8322847215634802,0.3556703195196708,0.354341983795166,0.6515774726867676,0.519082248210907,73.12373352050781,5.266536025213494,8.355670928955078,3.173828125,0.15410621551896828
03443,0.6747983894271425,0.35592048401037163,0.2244611382484436,0.5403522849082947,0.6370101571083069,67.0194091796875,6.451031624125686,14.331892013549805,4.33203125,0.6368264452179409
03444,0.8538658526541765,0.32861377570747335,0.34536850452423096,0.6113680005073547,0.6957076191902161,73.16690063476562,5.032538504160798,11.614823341369629,4.1328125,0.38761025755982426
03445,0.8549806878243904,0.4167216431367375,0.19275379180908203,0.43996572494506836,0.7118431925773621,73.25695037841797,3.679785339719638,13.111377716064453,4.875,0.5610494686955361
03446,0.7828502114414165,0.32126567844925885,0.2249409556388855,0.5372238159179688,0.6853904128074646,69.92463684082031,4.814144899468327,13.663898468017578,4.90625,0.44059787470485173
03447,0.7965878366080247,0.38065522620904835,0.28809839487075806,0.46703439950942993,0.5245877504348755,67.74658203125,4.946175246851551,16.608741760253906,3.076171875,0.4893267400589032
03448,0.4908700693626362,0.2410908674229403,0.2939772605895996,0.6100918650627136,0.36641934514045715,65.20845794677734,6.153080184476165,17.61252212524414,2.58203125,0.5926623636997043
03449,0.8476657684786738,0.38367072117566126,0.2519502639770508,0.5323714017868042,0.6215877532958984,70.79463958740234,3.172399975425968,11.834680557250977,4.02734375,0.29974247255065334
03450,0.9403483620166642,0.3565938088266053,0.2781268358230591,0.41220879554748535,0.6820111274719238,74.44812774658203,6.284543634913248,14.048737525939941,4.06640625,0.44384619572881223
03451,0.7183633966668262,0.2857934798831581,0.2666460871696472,0.5909501910209656,0.626420259475708,73.27230834960938,5.557471523008246,12.740774154663086,4.36328125,0.3619365641320492
03452,0.8143823612227832,0.5033025962984762,0.1859338879585266,0.4029833674430847,0.5956276059150696,75.06967163085938,4.315167577558405,11.246429443359375,4.91015625,0.6079707388163418
03453,0.8072015432239615,0.3005839961840426,0.29195326566696167,0.5524521470069885,0.5584217309951782,73.0487289428711,3.1129456679446252,13.587237358093262,4.7578125,0.2803148338915454
03454,0.7212067942191499,0.3296985246953175,0.3160278797149658,0.4558129906654358,0.530653715133667,69.00507354736328,10.713367859290265,11.498193740844727,4.19140625,0.4552456618272891
03455,0.719438631568364,0.2768203594112419,0.40963029861450195,0.6125208139419556,0.7253247499465942,73.22945404052734,5.9580291111462245,9.128443717956543,4.73828125,0.27230314158310737
03456,0.9150575681692592,0.364898534827235,0.3694661259651184,0.6181154847145081,0.7100755572319031,73.5005874633789,9.107864778179584,3.6835107803344727,4.7734375,0.159058279632615
03457,0.8155855852414332,0.32167356223022225,0.23790061473846436,0.4494291841983795,0.7302173972129822,72.01402282714844,4.742481436477522,11.750880241394043,4.37109375,0.18371940510498266
03458,0.8157694388941401,0.3004348048493529,0.34601736068725586,0.6249586939811707,0.6702181696891785,71.9133529663086,4.979874399968045,10.672931671142578,4.33984375,0.23873242601108668
03459,0.45553056601196307,0.23694439749873247,0.35095685720443726,0.5719601511955261,0.5798977017402649,72.88636779785156,7.838105092045908,12.877917289733887,3.6328125,0.5689577535870703
03460,0.7040773415136223,0.2977701028605751,0.2532275319099426,0.45563340187072754,0.5171073079109192,71.10980987548828,3.803012660674939,11.25702953338623,4.18359375,0.3663155556493565
03461,0.8014573483145105,0.3553923905788119,0.4274885654449463,0.6438064575195312,0.4926728308200836,64.03336334228516,5.212595031506572,10.099224090576172,2.283203125,0.3036538878339951
03462,0.8344942235625231,0.3398167900614883,0.3145465850830078,0.6445915699005127,0.5605422258377075,74.52172088623047,5.8425362822348506,12.917564392089844,3.4921875,0.344052886937924
03463,0.7329740397237742,0.3027529156495796,0.342682421207428,0.46219998598098755,0.5640448927879333,70.84574890136719,5.319612330882001,11.877538681030273,3.88671875,0.45294190551826863
03464,0.5157234356977121,0.22780313095719484,0.3911113142967224,0.582893967628479,0.5639488697052002,68.1712875366211,3.162138201892916,8.986166000366211,4.3203125,0.18557519234376116
03465,0.9023012174234812,0.36971528940811244,0.2771771550178528,0.39516255259513855,0.5821032524108887,73.85897827148438,4.3228595539685175,11.737584114074707,3.904296875,0.4109185178570793
03466,0.8658867421883646,0.3336644131876582,0.25618481636047363,0.4505664110183716,0.7079586386680603,74.61473846435547,4.218880254763029,13.798751831054688,4.6484375,0.2883434810405609
03467,0.9064818605890157,0.3570098259585126,0.2660801410675049,0.44399523735046387,0.6329695582389832,73.40591430664062,3.5387900420517178,11.536897659301758,4.9453125,0.2400924231367201
03468,0.8018331227010763,0.36210938506324547,0.23158341646194458,0.3738168478012085,0.6733907461166382,74.31536102294922,4.338047685227324,11.918834686279297,4.86328125,0.23358096327250602
03469,0.7883415168630509,0.45557963163596965,0.27425867319107056,0.6003903150558472,0.40504512190818787,66.62540435791016,5.101943632981812,12.985187530517578,4.9765625,0.4783670862365956
03470,0.8606064469506478,0.34508773285924094,0.23262697458267212,0.41130638122558594,0.6311525702476501,68.62834167480469,3.6007319600950756,14.237690925598145,4.828125,0.4062603130071742
03471,0.7907551141897283,0.3582159808574903,0.29349881410598755,0.6042904853820801,0.6173982620239258,69.66122436523438,4.244640201929218,13.786115646362305,4.95703125,0.44518522139738964
03472,0.87618208079687,0.3564832105388246,0.45991259813308716,0.6207185387611389,0.5204191207885742,68.59746551513672,6.3469205784965474,6.812520980834961,2.779296875,0.15067020101315654
03473,0.8584272562916402,0.369391560579203,0.19088363647460938,0.37860962748527527,0.6638225317001343,73.94273376464844,3.7774023064688387,12.358733177185059,4.69140625,0.37121047718169264
03474,0.8372753253547839,0.4037886541047097,0.22626686096191406,0.5506873726844788,0.6911393404006958,74.66009521484375,4.436200603467669,7.902794361114502,4.9296875,0.3685298238435694
03475,0.8334504938085182,0.4036076662908681,0.17925524711608887,0.34509021043777466,0.6788799166679382,71.74360656738281,4.00853490970825,14.92190933227539,4.91015625,0.4380616215338241
03476,0.6116068297174426,0.2496100798189547,0.32760685682296753,0.5963162183761597,0.5248257517814636,69.6981430053711,5.087716278537267,11.05125904083252,4.4609375,0.34727643985560935
03477,0.8214050078315532,0.33414745068975393,0.29908061027526855,0.5159013271331787,0.6911764144897461,70.99543762207031,5.2832085622626925,13.528547286987305,3.908203125,0.4937354939989944
03478,0.7674021371717408,0.302001679731243,0.28274744749069214,0.49203747510910034,0.7047554850578308,75.1982421875,3.948280994247045,12.336472511291504,4.109375,0.5873403788902404
03479,0.7627228397101126,0.32010510102382894,0.29671788215637207,0.5844948291778564,0.6799347400665283,72.18788146972656,6.14621131905607,11.829529762268066,4.46875,0.5401776936317161
03480,0.7590343507847115,0.3608279511322076,0.2505451440811157,0.5105168223381042,0.5737946033477783,70.58210754394531,5.086512361943045,16.361377716064453,4.83984375,0.5371843099735047
03481,0.9305918160827672,0.46159181550199413,0.2564584016799927,0.3493809401988983,0.5879784822463989,73.27666473388672,6.578541077497963,14.02175521850586,3.748046875,0.5097278218835979
03482,0.8339260506848888,0.3750657364232374,0.2746484875679016,0.5368586778640747,0.5856518149375916,70.5682373046875,5.557611821341077,10.28211498260498,4.625,0.42665042897443745
03483,0.7630861606707666,0.3468714303845666,0.28678518533706665,0.48959702253341675,0.7039719223976135,76.63371276855469,4.603344316356233,12.520280838012695,4.9765625,0.37673220183396544
03484,0.8103698475824817,0.31389706121828626,0.37073636054992676,0.628541111946106,0.4625248908996582,72.07661437988281,5.0384814358740195,10.099470138549805,3.048828125,0.16792511990487236
03485,0.7124150792571998,0.293700325385395,0.20499122142791748,0.5283437371253967,0.6128884553909302,71.3516616821289,3.7315175153550975,14.89132308959961,4.82421875,0.4384812120214005
03486,0.7629276122923798,0.32925523284114877,0.3339173197746277,0.4806969165802002,0.5797228813171387,69.06063842773438,4.58454346410685,12.017350196838379,4.14453125,0.3014627321756738
03487,0.7878025688462744,0.48217813278364685,0.30560141801834106,0.7326852679252625,0.5738778114318848,71.59210205078125,4.249038556974247,9.560287475585938,4.1015625,0.6092755613202889
03488,0.8306613006194041,0.38876755070202806,0.14303100109100342,0.3599326014518738,0.5312538146972656,74.54621887207031,2.683197344549203,13.515914916992188,4.6328125,0.47774314423992015
03489,0.7347363678568982,0.3287822878228782,0.29528194665908813,0.5880669951438904,0.516503095626831,66.87421417236328,6.143130067479941,14.605751037597656,4.859375,0.5528410553414038
03490,0.8761322465903096,0.3626169874624757,0.26182156801223755,0.4914281964302063,0.5676774382591248,72.09729766845703,4.231205934603599,12.851261138916016,4.8515625,0.28242341418691275
03491,0.6501389073290839,0.24444737188776183,0.28754472732543945,0.5989183783531189,0.6361972689628601,67.18819427490234,6.257031330358036,8.686274528503418,3.193359375,0.3567683546378577
03492,0.8242868150050502,0.31310675569913243,0.33359742164611816,0.6056967973709106,0.5913784503936768,70.4937744140625,4.803344606759399,13.746285438537598,4.12890625,0.18845727667081885
03493,0.7725529730649752,0.44468225222258806,0.18786460161209106,0.38000360131263733,0.7489992380142212,74.59152221679688,4.42755430729945,12.438630104064941,4.83984375,0.7295697826871029
03494,0.8267603784980344,0.33859862292426085,0.23170065879821777,0.46483081579208374,0.5953426361083984,75.61166381835938,4.847894951055306,15.211324691772461,3.7421875,0.43507412175452853
03495,0.9074695912232398,0.36260338497968503,0.2106204628944397,0.4462336599826813,0.7022853493690491,74.919677734375,3.985711112492502,10.730228424072266,4.92578125,0.23863815598977076
03496,0.880917694738271,0.3671683667403762,0.30141329765319824,0.5414677858352661,0.4759078621864319,74.68378448486328,5.014023381566936,12.205816268920898,3.95703125,0.5691443380455786
03497,0.8324171441673471,0.38170415899659915,0.2611696720123291,0.530055820941925,0.7494596242904663,76.25040435791016,5.085430940952282,7.638557434082031,4.71875,0.44191921083367414
03498,0.7731824103937894,0.3016636763986299,0.2187635898590088,0.4642210006713867,0.7266160249710083,75.19248962402344,4.056186328743748,13.871122360229492,4.9296875,0.3803940288444053
03499,0.8016602240402081,0.31435308282747204,0.28054356575012207,0.6302140355110168,0.6495831608772278,73.05644226074219,5.873444119673098,14.76617431640625,4.3984375,0.4615233806932159
03500,0.8278837614841845,0.35709599825060134,0.2562940716743469,0.5727503895759583,0.378036230802536,65.80795288085938,4.457432737021378,14.281667709350586,3.955078125,0.6072642657999051
03501,0.8210189060316972,0.3209455561680362,0.2696322798728943,0.5361756086349487,0.6595384478569031,74.60285949707031,5.605248431494312,13.248948097229004,4.09765625,0.2741057176704915
03502,0.8194443217066252,0.3290536124638964,0.2559230327606201,0.516143798828125,0.5978265404701233,74.03118133544922,4.726089838362758,15.397629737854004,3.755859375,0.40812186869626077
03503,0.7745127876232741,0.35693969049799934,0.32395172119140625,0.5177396535873413,0.4335160553455353,69.12761688232422,4.112797771506911,13.683489799499512,2.751953125,0.4074796607916652
03504,0.8001721286062533,0.3147939598697037,0.2704803943634033,0.6557062864303589,0.6724953055381775,71.23200225830078,5.873544899732378,11.042472839355469,4.640625,0.21995110977038207
03505,0.8648242533068781,0.41209660772036055,0.3368854522705078,0.5896008014678955,0.6594747304916382,77.4244384765625,3.527615173079626,9.462132453918457,4.6796875,0.33870160424947393
03506,0.8187768507673471,0.3234230340529105,0.2424197793006897,0.5230960845947266,0.6210145950317383,69.46266174316406,5.421046045618541,14.59042739868164,3.9375,0.5182322207665266
03507,0.8041891895335272,0.3928304705003734,0.25655972957611084,0.5304734110832214,0.5653419494628906,75.51710510253906,5.1338085506898725,10.767938613891602,4.5625,0.5270654670010688
03508,0.8827473998500872,0.33802551373091183,0.26337987184524536,0.4884273409843445,0.6687539219856262,74.91632080078125,4.938374024570591,14.0114164352417,4.86328125,0.49647431724668606
03509,0.8402537126955164,0.3257694485783145,0.2955501079559326,0.5547564029693604,0.559415876865387,72.95249938964844,4.065837953673669,13.709517478942871,2.912109375,0.36463099928025317
03510,0.8388448224021203,0.3478881860844726,0.31812137365341187,0.5724391341209412,0.5788087844848633,71.55159759521484,4.646342150435658,10.651651382446289,3.92578125,0.32393612856021164
03511,0.8332180534371217,0.33183636809014455,0.24600541591644287,0.3239762485027313,0.7295277714729309,73.56201934814453,5.130302603310558,11.4152250289917,4.984375,0.6200090224012846
03512,0.8355687335504345,0.38041861453463666,0.2258814573287964,0.40950870513916016,0.6921068429946899,71.53474426269531,3.5739136000368785,10.396533012390137,4.8671875,0.35879514733239054
03513,0.7921935278266136,0.384455328275553,0.18166661262512207,0.47063514590263367,0.6825825572013855,75.3002700805664,3.2328668099649196,11.0496187210083,4.91796875,0.40823901836297577
03514,0.8228294113654185,0.3219180220397715,0.20620495080947876,0.5051532983779907,0.6827161908149719,74.80157470703125,5.6783332609805335,12.354884147644043,3.841796875,0.3849027520814576
03515,0.8763245952789248,0.44546274038461536,0.23934435844421387,0.46000349521636963,0.7345595955848694,74.52845001220703,5.564638311418388,9.876018524169922,4.68359375,0.4759624783061748
03516,0.7908341620187412,0.3082416749482053,0.2702533006668091,0.48199212551116943,0.6502526998519897,72.12664794921875,5.246550762758797,8.660099029541016,4.60546875,0.3443695942162077
03517,0.8294598762204005,0.33309974305068907,0.25042879581451416,0.39223867654800415,0.621564507484436,70.94828033447266,5.079514214456511,14.82750415802002,4.4453125,0.7070351510626433
03518,0.7690341106571033,0.32740355786528086,0.28961628675460815,0.6876183748245239,0.5249491930007935,67.82648468017578,4.794504411789091,11.913568496704102,4.16015625,0.5419373772090634
03519,0.8837987067133494,0.3564255002095525,0.2854997515678406,0.5529733300209045,0.7187692523002625,75.1900405883789,4.829349741654951,12.067584037780762,4.6953125,0.4773585820618232
03520,0.8477641390446996,0.41216283467701803,0.23398339748382568,0.4376809597015381,0.6608173847198486,74.67948150634766,4.778914433967851,10.439529418945312,4.1953125,0.6315679157320463
03521,0.8163657632423825,0.420988148811347,0.19778859615325928,0.3523133099079132,0.6479331254959106,73.87239837646484,4.815847089687166,15.207972526550293,4.9453125,0.5930571754902835
03522,0.8812506667446727,0.36253555279351546,0.2400832176208496,0.5023899078369141,0.5922855138778687,72.7461166381836,3.9098789995453354,10.702730178833008,4.38671875,0.19306704484889328
03523,0.8099223056157999,0.35225911674014426,0.2673736810684204,0.4606558680534363,0.733965277671814,73.69974517822266,3.439601858586264,11.53161907196045,4.3515625,0.28050077779873245
03524,0.8715907429142807,0.6255540566583156,0.2455468773841858,0.2979826331138611,0.6639603972434998,71.85281372070312,9.483727670492854,16.70476722717285,4.73828125,0.9086746492375348
03525,0.6043003618856831,0.2178739416745061,0.3560689091682434,0.5330581665039062,0.6709263920783997,68.7406997680664,5.8998210343921675,10.071222305297852,3.92578125,0.47012598056938354
03526,0.7254000068119898,0.3889329855992743,0.2431369423866272,0.49633198976516724,0.5095702409744263,66.4759750366211,5.901734167150205,16.15321159362793,4.765625,0.4692986992442551
03527,0.9316321107726185,0.3631570127911523,0.2524331212043762,0.551348090171814,0.7446936368942261,76.03964233398438,4.864007412643459,12.066584587097168,4.63671875,0.38961765544539056
03528,0.7551935921341936,0.35851629350038533,0.26948708295822144,0.5128747224807739,0.6161335706710815,73.28986358642578,2.8425519016938274,8.031901359558105,4.234375,0.2835253465981027
03529,0.9137573192875452,0.5417035686376661,0.2629837393760681,0.4294211268424988,0.6057835817337036,71.98143005371094,5.009262828564828,9.260889053344727,4.56640625,0.5920999424415916
03530,0.8782408496021407,0.35360879588579536,0.2849430441856384,0.6030778288841248,0.7002574801445007,74.16374206542969,4.244133129102012,12.21892261505127,4.83203125,0.39094565640566104
03531,0.7182907635377096,0.2790652448708391,0.3189256191253662,0.5589886903762817,0.5399008989334106,73.7433090209961,6.29767552878868,17.067684173583984,3.728515625,0.5070087517269591
03532,0.7624026264699585,0.32918644622687837,0.3014518618583679,0.6279723048210144,0.5223320722579956,66.10120391845703,3.9202987198451584,10.44404125213623,3.875,0.3744603885934414
03533,0.8158584583770931,0.3971676274340702,0.2026333212852478,0.4061957895755768,0.5009016394615173,69.86672973632812,3.072751900922778,11.33587646484375,4.03125,0.4092879065456768
03534,0.8394392135405774,0.4742213561449285,0.20516473054885864,0.39853721857070923,0.5428752303123474,73.0901870727539,5.1278155413439706,13.026171684265137,3.818359375,0.5439361101962696
03535,0.7327896553956635,0.34266987843818275,0.25083839893341064,0.4408402740955353,0.7076391577720642,73.6858139038086,4.979688267469497,13.97662353515625,4.94140625,0.43913678224950387
03536,0.812490888732298,0.3767490115806298,0.3283722400665283,0.45307114720344543,0.5518494844436646,66.09832000732422,5.1886951151555865,15.534942626953125,4.25390625,0.5157760361054357
03537,0.6885423004908847,0.2817738871913453,0.2580825090408325,0.5209894180297852,0.6061959266662598,72.19364166259766,4.796122614965873,13.203550338745117,4.796875,0.4024068535768845
03538,0.8201990193077101,0.31147967212666094,0.2015841007232666,0.42480671405792236,0.7113037109375,74.89494323730469,4.087029940407794,14.297536849975586,4.8203125,0.37333903230307475
03539,0.7248192426872502,0.28077891675238537,0.26829177141189575,0.5394256711006165,0.5874232649803162,66.05692291259766,5.349561924980942,17.26485252380371,4.08984375,0.30780809924256974
03540,0.8508664293989116,0.35335136368079767,0.3448684811592102,0.6152055263519287,0.6859645247459412,75.18878173828125,4.141968659770717,6.144606590270996,4.453125,0.32921493334971896
03541,0.585849846931985,0.22351551327488653,0.3377017378807068,0.6278226375579834,0.5009611248970032,68.7723159790039,5.017541805266877,9.375428199768066,3.875,0.18555724703229565
03542,0.8672101827083416,0.3891335589448797,0.24090546369552612,0.4126809239387512,0.6941866278648376,73.81155395507812,3.1647202058678277,10.893463134765625,4.86328125,0.3158295401348937
03543,0.7275948525423732,0.29021643068013014,0.29721540212631226,0.528528094291687,0.7161569595336914,73.64827728271484,5.581646429238208,8.042716979980469,4.49609375,0.4048862960379055
03544,0.8450021832551451,0.33412785823483965,0.35998088121414185,0.7747722864151001,0.6348121166229248,72.0797348022461,5.803571907053876,9.96917724609375,4.6875,0.3363069645907856
03545,0.6561003490355173,0.2598202824133504,0.3429546356201172,0.5147626399993896,0.7166180610656738,73.83466339111328,5.967994994548771,13.34142780303955,4.765625,0.38262643356488024
03546,0.8003896072297835,0.4227196849719642,0.177385151386261,0.3122853636741638,0.6562581658363342,75.89115142822266,3.4738690864296826,11.646322250366211,4.82421875,0.576200352284062
03547,0.6879548072983409,0.3541409342834521,0.2271556258201599,0.41931483149528503,0.6549729108810425,70.8788833618164,3.8723593960669165,12.6290283203125,4.85546875,0.4464036709822883
03548,0.711371479914223,0.3507692307692308,0.40769529342651367,0.608630895614624,0.48858940601348877,65.66598510742188,5.7424782128473435,11.344823837280273,2.884765625,0.32049547825143593
03549,0.6660358421970194,0.24537493648943484,0.30920279026031494,0.6556669473648071,0.6581804752349854,72.39315795898438,6.316702560944309,14.762619972229004,3.828125,0.3426319357521622
03550,0.6240946874935274,0.2554082941427961,0.33162224292755127,0.6371932029724121,0.6698970794677734,73.77951049804688,5.577648347690196,10.50346851348877,4.921875,0.46280367202428874
03551,0.8783178055213635,0.33243371212121214,0.3306173086166382,0.6889168620109558,0.6033124327659607,69.88420104980469,6.545571412379073,12.72031021118164,4.01171875,0.24002125804820765
03552,0.8256575779486057,0.42407878634836155,0.28711527585983276,0.4809311032295227,0.5965867638587952,74.5722885131836,4.467687375502816,10.744742393493652,4.16796875,0.38830353087137837
03553,0.7822487175511494,0.307822932345336,0.18109118938446045,0.40213799476623535,0.7282043099403381,74.39404296875,4.794439067003398,13.210464477539062,4.46875,0.38355198472110236
03554,0.7260058216501708,0.3655284323409059,0.2809169888496399,0.5559526085853577,0.5504310131072998,67.51874542236328,5.5875139256848945,12.59897232055664,4.61328125,0.37558330796846634
03555,0.8600520690834307,0.44153820731333066,0.27972614765167236,0.49219220876693726,0.5539054870605469,71.75801849365234,3.5335581909055094,11.936942100524902,4.45703125,0.4935660442535035
03556,0.8146248788369704,0.31431961690045346,0.2892305850982666,0.5185034275054932,0.7895492911338806,75.72107696533203,5.467201602613694,10.92938232421875,4.96484375,0.4163642382319715
03557,0.8628454008379146,0.339679041048325,0.36650145053863525,0.4728604555130005,0.6140663623809814,68.85269165039062,4.231946202999773,12.885092735290527,4.59765625,0.18716446684410107
03558,0.8488078220366898,0.34476488560995605,0.23788785934448242,0.4469618499279022,0.6717923879623413,71.36956787109375,6.313459442350377,11.252813339233398,4.328125,0.34968914982477384
03559,0.8082867161187984,0.34064381830347185,0.2567850351333618,0.46945640444755554,0.6622726917266846,73.98432922363281,3.5767160461979137,9.118999481201172,4.81640625,0.4302970660193579
03560,0.8764570305268526,0.3491312354048577,0.21159815788269043,0.43657249212265015,0.6548628211021423,77.40635681152344,4.1215627582967755,11.555749893188477,4.828125,0.38264000470293835
03561,0.9165200468793244,0.7143053079138664,0.22730058431625366,0.3900707960128784,0.5464454889297485,71.54763793945312,4.5533202690979415,12.900283813476562,3.443359375,0.7119423431857859
03562,0.7644886628717006,0.348578826348231,0.2832182049751282,0.5479105710983276,0.6397344470024109,72.91852569580078,3.8416947841113984,11.529867172241211,4.359375,0.3633542655971534
03563,0.8406509153311811,0.48537078412597084,0.22531020641326904,0.4022974371910095,0.7186970114707947,74.6130142211914,4.428126650322486,11.977095603942871,4.39453125,0.6561117632353305
03564,0.8540253795710712,0.4707929405915983,0.3477093577384949,0.5754187107086182,0.6352713108062744,71.63953399658203,6.372049265601042,9.982063293457031,4.7734375,0.5324462813154802
03565,0.7834548576021224,0.3006539394578631,0.3157467842102051,0.5880866050720215,0.6525940895080566,68.95748138427734,6.732235488401069,9.53210735321045,3.94921875,0.4148104253395605
03566,0.7616956511229196,0.33348420385625055,0.2584173083305359,0.5355769395828247,0.5223705172538757,67.61907958984375,4.265685003155962,15.631538391113281,4.23046875,0.6092948527820582
03567,0.8411461534700825,0.33039517023564574,0.25403332710266113,0.5817500948905945,0.6842659711837769,73.3157730102539,5.344800531844191,11.913514137268066,4.80078125,0.20139521841653166
03568,0.9169380542052076,0.44046788646241347,0.44133931398391724,0.6937772631645203,0.5534087419509888,67.72440338134766,5.885281771755623,2.490426778793335,3.134765625,0.1337284811647209
03569,0.5085606187501891,0.2577606072929375,0.24853432178497314,0.5474309921264648,0.6351088285446167,73.36915588378906,4.296176646742222,12.544784545898438,4.625,0.5340235423548452
03570,0.8556365417462712,0.3213070753097594,0.29154109954833984,0.6290777921676636,0.6379983425140381,71.84175872802734,5.902815193080202,11.572587966918945,4.046875,0.37644813515552694
03571,0.603044057146503,0.2868985695708713,0.3056719899177551,0.5784762501716614,0.6758894920349121,71.35252380371094,6.481788817593963,14.578865051269531,4.2890625,0.5491505631818323
03572,0.7490676291101721,0.32441211300964307,0.2630426287651062,0.5375909805297852,0.49182140827178955,75.0407485961914,3.399114138401829,12.867576599121094,4.375,0.5664168260058597
03573,0.807075625874664,0.3673281458630692,0.17242056131362915,0.3233640491962433,0.7039598226547241,75.56959533691406,4.7570340223646355,13.215167999267578,4.74609375,0.5386709735942947
03574,0.7709523417184058,0.3641263579029256,0.2813805937767029,0.6287886500358582,0.5189089775085449,67.4728012084961,4.703307175354224,11.800447463989258,4.36328125,0.37381925104219943
03575,0.7756929049808068,0.3700580591650539,0.24992376565933228,0.49193131923675537,0.6896171569824219,71.4263687133789,4.549814377159046,14.989570617675781,4.46484375,0.3992206548683994
03576,0.8697999041416778,0.3262893919997194,0.21309632062911987,0.557383120059967,0.6945565342903137,75.36017608642578,4.874389046317835,14.243607521057129,4.71484375,0.2936539086883906
03577,0.8554265716412826,0.41066412520064205,0.26090073585510254,0.4609965682029724,0.6032281517982483,74.52487182617188,3.6610832718352935,12.172281265258789,3.990234375,0.32034228641122936
03578,0.7600818731843897,0.38371366051891215,0.2698490619659424,0.49204227328300476,0.7124782800674438,75.49097442626953,6.597555560294961,16.36888313293457,4.53125,0.6666977613299334
03579,0.8357753857836557,0.40206668169287585,0.25586092472076416,0.45733579993247986,0.6985186338424683,72.9504623413086,3.68067651790643,10.091275215148926,4.20703125,0.3190227817299089
03580,0.8071587320271951,0.3798298657374193,0.20413905382156372,0.42983418703079224,0.669978141784668,74.80377197265625,3.206088305172652,12.348129272460938,4.9375,0.34080218846539256
03581,0.669750933762761,0.3357773455035164,0.19567233324050903,0.37089723348617554,0.5734869241714478,70.19461822509766,5.22717344727615,16.12615203857422,4.71484375,0.6692077828231383
03582,0.596755334318947,0.2266780537917889,0.2871549725532532,0.5096677541732788,0.5265294313430786,71.37792205810547,5.671036971617781,13.135305404663086,3.203125,0.20831211588790582
03583,0.9290273138459477,0.4123370879282892,0.2791351079940796,0.5511917471885681,0.6690457463264465,71.86214447021484,7.503427933180448,14.42138671875,4.53515625,0.6632622669323094
03584,0.881762663305315,0.35602344505775907,0.19595015048980713,0.36019811034202576,0.72739577293396,75.16328430175781,4.458869249794374,13.557785987854004,4.85546875,0.4483244256004593
03585,0.8605224840515574,0.3421873319711797,0.27357161045074463,0.4890108108520508,0.6764928698539734,72.93877410888672,3.9414251466388537,10.409884452819824,4.3203125,0.2717926855243694
03586,0.7627242583040393,0.30920245398773005,0.21495890617370605,0.3506574034690857,0.7289135456085205,76.92156219482422,5.74141813051915,15.219480514526367,4.98828125,0.5922533947333548
03587,0.7888687841631286,0.34650109652245736,0.33254534006118774,0.5486178994178772,0.6998438239097595,74.93258666992188,7.244501397890314,10.413564682006836,4.11328125,0.27387469167912454
03588,0.8914966570123217,0.3821079026126345,0.28012120723724365,0.5633402466773987,0.7038442492485046,74.6606674194336,4.407096962334893,10.870994567871094,4.84765625,0.4052885836373078
03589,0.7483293795879199,0.2935460361162847,0.31321078538894653,0.6872258186340332,0.5603539347648621,70.91893768310547,5.566485211807508,13.97594928741455,3.265625,0.3008635310137747
03590,0.7357246670240767,0.3828182566858827,0.2121948003768921,0.438953161239624,0.5460325479507446,72.03129577636719,3.6218217011716485,15.705629348754883,4.828125,0.5300295182548809
03591,0.6818321926981209,0.3467505024996135,0.2101200819015503,0.5554684996604919,0.6269547939300537,74.3466796875,3.6065105323764866,10.441883087158203,4.95703125,0.496670087056262
03592,0.8399067977472057,0.3277156524218329,0.33738934993743896,0.527500331401825,0.6151129603385925,73.11795043945312,6.0270662559131605,15.14966106414795,4.19921875,0.4769587352288207
03593,0.7436411002855601,0.31396899165746067,0.3301650881767273,0.6165053248405457,0.7050118446350098,77.55026245117188,5.2711014253085,6.826107978820801,4.95703125,0.417457645901071
03594,0.7612719998303651,0.3206742127719595,0.29431045055389404,0.5745077133178711,0.49129506945610046,74.16773223876953,6.6297520460767885,9.031180381774902,4.03125,0.2951904666375114
03595,0.8114928975320301,0.3248588945114831,0.2562692165374756,0.5189808011054993,0.7043941020965576,72.23644256591797,3.7972131279458847,12.719764709472656,4.88671875,0.27072777984503815
03596,0.912096282528154,0.360453966482046,0.35600030422210693,0.49158862233161926,0.5862875580787659,75.2938003540039,4.904665195658533,10.936962127685547,3.828125,0.1371345353132947
03597,0.8549209488552995,0.4812372617192183,0.2722010612487793,0.5951938033103943,0.7072195410728455,70.01828002929688,6.295054695981489,13.080463409423828,4.75390625,0.7215984697535573
03598,0.8209355574068418,0.39429164022474344,0.1482219696044922,0.3267796039581299,0.47024181485176086,72.03337860107422,2.487065350498105,14.153393745422363,4.25390625,0.3706701228937959
03599,0.8191473632047471,0.4221125113680655,0.1555984616279602,0.28612175583839417,0.7272213697433472,75.89076232910156,4.09575890825201,13.492246627807617,4.9453125,0.47561871097555547
03600,0.8046540416144451,0.31097568407581205,0.31097668409347534,0.5729312896728516,0.5512768626213074,70.97814178466797,5.122467370551571,13.635512351989746,3.533203125,0.24618908390586888
03601,0.8324723852980208,0.36152227677088333,0.3744809627532959,0.46744975447654724,0.5560828447341919,68.68523406982422,5.360749208803127,18.015214920043945,3.703125,0.4093386223465379
03602,0.7655179488987539,0.386926480863287,0.3316023349761963,0.4936400353908539,0.6614841222763062,75.04547119140625,7.200224729712654,9.07792854309082,4.671875,0.41951549005055655
03603,0.6756431755047855,0.3377020823631162,0.2353496551513672,0.48428165912628174,0.5682475566864014,65.97982788085938,5.727401839641775,14.789892196655273,4.2265625,0.3915933207436309
03604,0.7804943993197527,0.4376124284546198,0.1316964030265808,0.17417436838150024,0.7468845248222351,75.53254699707031,5.344797128268125,19.17938232421875,4.9765625,0.8006299146375273
03605,0.8343781006441942,0.31504220602753097,0.38274335861206055,0.7318962812423706,0.5286113619804382,68.61983489990234,5.532967907758134,12.767311096191406,2.1484375,0.27388056961823437
03606,0.7846608767838431,0.33005996350047795,0.3846765160560608,0.4508526921272278,0.5916566252708435,73.27716064453125,6.930096182416301,17.001981735229492,3.6484375,0.7655238272268718
03607,0.9122583126874089,0.37035571742747764,0.2202473282814026,0.44816553592681885,0.6394453048706055,73.81861877441406,3.7383773613144142,11.064166069030762,4.94921875,0.19205402973903044
03608,0.9023434324402098,0.35972077825634935,0.205672025680542,0.505927324295044,0.6484692692756653,74.78492736816406,4.244895050839379,13.690303802490234,4.2421875,0.42178063492494566
03609,0.9076712866492446,0.3502897617514488,0.3278331756591797,0.46047574281692505,0.6395852565765381,73.08132934570312,5.534669784657757,13.341455459594727,4.0625,0.6008853125408875
03610,0.7593466428219032,0.31154092860314797,0.3353448510169983,0.5800232887268066,0.6640862822532654,69.4464111328125,5.94208042678434,11.845405578613281,3.908203125,0.3204001728547377
03611,0.8435512965805995,0.34924605656312974,0.18703395128250122,0.3562324345111847,0.5390751361846924,69.5258560180664,2.321753411982026,11.74848747253418,3.37109375,0.31088221664385945
03612,0.682725673732656,0.275538968515504,0.31326568126678467,0.5837293267250061,0.7445197105407715,74.65721893310547,5.969433137836952,9.013406753540039,4.98046875,0.39304468771683265
03613,0.7054554422477518,0.34613843247266274,0.26358532905578613,0.4817797541618347,0.5603619813919067,62.298927307128906,4.443483908457786,17.642526626586914,4.71875,0.3312463571073893
03614,0.8323981633111606,0.3736183397448171,0.3244207501411438,0.49226367473602295,0.5721338391304016,71.35505676269531,4.6978834000902205,11.09134292602539,3.884765625,0.33682534847471024
03615,0.8606342648517512,0.39266123448900253,0.3284757137298584,0.49326878786087036,0.4654838740825653,66.02140808105469,3.561807800018589,9.61920166015625,4.3046875,0.3066933856925362
03616,0.3892710788139266,0.13784381915902624,0.3439582586288452,0.5250353813171387,0.4859854578971863,65.7116928100586,7.650700546652943,13.349261283874512,3.1796875,0.22817244667892356
03617,0.9006284934345865,0.35054417468263593,0.33018845319747925,0.6373481154441833,0.6315101981163025,75.34330749511719,4.300129550213371,10.35391902923584,3.34765625,0.17735618917928142
03618,0.6495667992106195,0.36500437445319334,0.30845826864242554,0.5769162178039551,0.527625560760498,71.45015716552734,5.230159604473389,10.957097053527832,4.71484375,0.42671032946801735
03619,0.8756872017779629,0.3307030792466788,0.2972506284713745,0.5441080927848816,0.6805599331855774,72.60372161865234,4.676274185292967,9.494840621948242,4.96875,0.4281631727506639
03620,0.805189134816322,0.3213485104124585,0.3022378087043762,0.48638835549354553,0.7270719408988953,72.16629791259766,4.684840744442017,10.048133850097656,4.9453125,0.1757637347847406
03621,0.7928564005650751,0.39427670121676434,0.21284013986587524,0.4688563048839569,0.6468214988708496,72.46737670898438,2.77420783227022,11.573262214660645,4.375,0.429209096942722
03622,0.9067412180463749,0.4439977486532122,0.2223624587059021,0.42084380984306335,0.6145060062408447,74.90382385253906,5.3079304431902745,11.605026245117188,4.5625,0.566635108632019
03623,0.8294519619467227,0.37947759971159833,0.20835775136947632,0.45385485887527466,0.7759955525398254,73.54480743408203,3.8011988251187705,10.522299766540527,4.96484375,0.4041994385608679
03624,0.8559377916018661,0.39166151400053,0.17866939306259155,0.29385480284690857,0.6979129910469055,73.72720336914062,4.910465137616972,18.210346221923828,4.96875,0.5717113958493014
03625,0.4784502033741727,0.21006903519110962,0.2682303786277771,0.5014908313751221,0.6691080331802368,74.22123718261719,5.804881328257709,11.165881156921387,4.5859375,0.29348900276128753
03626,0.8033828530123003,0.45339037987812786,0.24937981367111206,0.5534247159957886,0.6836002469062805,75.6756820678711,4.366060476347907,7.444579124450684,4.9765625,0.632159207937757
03627,0.782915737863781,0.3930560953491385,0.1681496500968933,0.34336361289024353,0.6653281450271606,74.28165435791016,4.489157049867694,13.22729206085205,4.97265625,0.5350028715368917
03628,0.7438115232941523,0.28227216788652115,0.32386237382888794,0.622170627117157,0.6131774187088013,74.15251922607422,7.307199073564425,10.9771146774292,3.91796875,0.3901267368354803
03629,0.6316192158117212,0.2571149221784742,0.4095531105995178,0.6774821281433105,0.5205671191215515,73.19479370117188,3.36962821548442,6.9888834953308105,3.748046875,0.17935944253229
03630,0.7179004048573728,0.2769359441109909,0.4589861035346985,0.8626044392585754,0.5371378660202026,69.85591125488281,5.4448896913793225,10.722250938415527,2.947265625,0.22719034996553852
03631,0.7230232510788489,0.4224418797283119,0.2639675736427307,0.37728264927864075,0.5670744776725769,62.01523971557617,5.876884333991308,12.514853477478027,4.5625,0.4934163744645639
03632,0.5605946582931193,0.25060240963855424,0.34813743829727173,0.6075773239135742,0.4044586420059204,69.02816009521484,5.413115065327846,10.703763008117676,2.90234375,0.3187006461923728
03633,0.7764807028392133,0.3476972019376762,0.17829537391662598,0.30704256892204285,0.6434358954429626,73.67023468017578,4.312278711282947,17.287593841552734,4.94921875,0.6356977543733905
03634,0.6291097439250083,0.2693613014823411,0.28694748878479004,0.64830482006073,0.5901318192481995,74.57919311523438,2.8160978336171403,9.299722671508789,4.734375,0.36088220997178083
03635,0.8950971336381011,0.37220191766377436,0.2481490969657898,0.4857936501502991,0.6573132276535034,73.47393035888672,3.9460677231192034,12.078118324279785,4.8828125,0.3189192586086715
03636,0.8093828445031332,0.33486472690148034,0.3300745487213135,0.6999585628509521,0.7470398545265198,73.843994140625,5.981450261124109,9.93130111694336,4.59765625,0.5296300742471005
03637,0.8672519756545135,0.4300904827950598,0.2532009482383728,0.4597815275192261,0.6461320519447327,71.8871841430664,3.8895395153238637,10.641481399536133,4.765625,0.38555444135448974
03638,0.8528370609836906,0.35592847596975286,0.4330773949623108,0.6288461089134216,0.4907928705215454,63.66200256347656,4.148945360032665,11.219684600830078,2.169921875,0.17702001711938
03639,0.7469917867974772,0.29372993647974865,0.27849292755126953,0.6295506358146667,0.5091274380683899,69.9655532836914,4.9069726848514925,13.914562225341797,3.935546875,0.3166722737579851
03640,0.7745936556310881,0.3099542296420692,0.27951765060424805,0.48447251319885254,0.623112142086029,70.57804107666016,4.8479538726226785,15.194779396057129,4.203125,0.38707931332915274
03641,0.88828495482221,0.3620545208481021,0.21125352382659912,0.40471506118774414,0.6252259612083435,74.32426452636719,3.5297401016552548,10.849788665771484,4.859375,0.2921811327515162
03642,0.7048389645236447,0.2677992277992278,0.31636375188827515,0.8031357526779175,0.6874769330024719,68.86735534667969,8.908488726703688,14.68741226196289,4.828125,0.5054893573043955
03643,0.8369131800795342,0.35713895116749605,0.2760857343673706,0.41783806681632996,0.7646083831787109,71.79029846191406,5.7797674825919,13.767939567565918,4.57421875,0.565440178803839
03644,0.7802849848975306,0.46523301580058185,0.1977149248123169,0.37424036860466003,0.5441488027572632,71.09626770019531,5.725441414711004,14.169282913208008,3.86328125,0.6737840603137552
03645,0.8222389699736328,0.34274436090225563,0.35226356983184814,0.6047059893608093,0.6780869960784912,74.45002746582031,6.096809483904422,11.445393562316895,4.3984375,0.2699416894569754
03646,0.8450859055659506,0.4086460032626427,0.34061944484710693,0.6162002086639404,0.4574762284755707,71.52039337158203,5.713962107993867,11.761405944824219,3.96484375,0.6326501058101102
03647,0.6702746663380605,0.27411223754916625,0.2567620277404785,0.40520069003105164,0.6510865688323975,76.02249145507812,5.14005184956963,12.202545166015625,4.9609375,0.7018447866642898
03648,0.6303909724049275,0.2844883500473981,0.31539565324783325,0.5728974938392639,0.6579350233078003,72.07202911376953,4.550303127483546,10.421646118164062,4.9296875,0.46313537908758406
03649,0.6186778087843405,0.2718088107082414,0.2540200352668762,0.42940837144851685,0.6584774255752563,76.56572723388672,5.604383079513242,16.833606719970703,4.28125,0.5454033900152145
03650,0.892252138888005,0.3716065154902587,0.19118732213974,0.25833040475845337,0.7216081023216248,73.56156158447266,4.8749161065158875,14.382477760314941,4.890625,0.6333462227676352
03651,0.8278060838537181,0.3349793183057043,0.1903618574142456,0.40521514415740967,0.6787799596786499,72.44221496582031,3.6079324514830544,13.876699447631836,4.86328125,0.4201346913350139
03652,0.8783823810020166,0.43828905898244036,0.14313334226608276,0.3063313066959381,0.7492810487747192,75.70188903808594,3.936841150468606,13.433753967285156,4.96484375,0.5370540016332149
03653,0.7369746685463868,0.3216839314987269,0.29178929328918457,0.5402247905731201,0.4704560935497284,73.74492645263672,4.103510159494234,12.805908203125,2.900390625,0.38313041896589956
03654,0.8362348256945487,0.4029876197946864,0.29411792755126953,0.498171865940094,0.5029038786888123,63.17472457885742,5.195952159983441,14.920453071594238,4.046875,0.49935966517478086
03655,0.8071451370544882,0.31206676142003004,0.3421424627304077,0.5578217506408691,0.8202317357063293,72.67774200439453,4.650459276708108,10.809149742126465,4.8515625,0.17062304080632185
03656,0.6560036643473304,0.24549890627629142,0.28189533948898315,0.529495358467102,0.5628412961959839,69.90336608886719,5.015924416606952,15.078113555908203,3.7265625,0.4156078821938991
03657,0.8008572823129716,0.3181818181818182,0.28722572326660156,0.4946911334991455,0.6867009997367859,74.04234313964844,5.643581532076121,15.398456573486328,4.08203125,0.48431782973195403
03658,0.6134123558091238,0.24633226212100043,0.23005491495132446,0.4731472432613373,0.732334554195404,72.35747528076172,3.9333015938970712,14.751684188842773,4.98828125,0.3744497185835315
03659,0.6853616091780906,0.28959586202598697,0.2452787160873413,0.4844909906387329,0.592339813709259,69.72331237792969,5.431939097713044,16.59545135498047,4.3515625,0.5574348850425281
03660,0.8190068995886718,0.3222652200953631,0.26513218879699707,0.5991894006729126,0.6476670503616333,73.4754867553711,5.773141284292881,11.93515396118164,4.51171875,0.42660533977324855
03661,0.7879008000835231,0.44611143168558054,0.25605297088623047,0.5708798170089722,0.6291478276252747,78.31375122070312,3.9521667900763187,10.880592346191406,4.87109375,0.5011104356009424
03662,0.8371672184128939,0.33579387336277383,0.33829379081726074,0.5363057851791382,0.5471511483192444,69.82362365722656,5.99379561533845,13.78815746307373,3.205078125,0.2132306132179214
03663,0.9375118118097554,0.4917982679572084,0.1444026231765747,0.2442106008529663,0.6729950308799744,74.87068176269531,5.138671960378068,15.471569061279297,4.6796875,0.6160773517070944
03664,0.9229465133863286,0.6310445488006092,0.2814004421234131,0.4803538918495178,0.6024153232574463,74.94632720947266,4.343833593543096,10.601634979248047,4.2734375,0.7241031616452436
03665,0.830465336948642,0.44265828468792096,0.35249996185302734,0.6357063055038452,0.6181031465530396,75.2408218383789,5.983420060000686,6.288980484008789,4.0078125,0.24858688913720656
03666,0.7947463080490824,0.3425629546726357,0.22909212112426758,0.4857349395751953,0.476083904504776,66.06842803955078,4.999758077273421,16.425260543823242,3.962890625,0.42318741499059614
03667,0.7281992308826619,0.3007954458817251,0.26274460554122925,0.5990239977836609,0.6008216738700867,74.72360229492188,4.115671811753419,11.593086242675781,4.65234375,0.31436301495665203
03668,0.8914752710471865,0.3388258382241312,0.3160679340362549,0.5947855710983276,0.6857758164405823,71.73428344726562,5.300186977901362,12.775489807128906,4.0546875,0.22996549146718712
03669,0.747960303467404,0.2831152036743885,0.34521591663360596,0.5552183985710144,0.5930608510971069,74.81704711914062,6.567956882561165,11.440078735351562,3.515625,0.41976162419090474
03670,0.5315263123623111,0.2391452161243322,0.20855599641799927,0.48587802052497864,0.5781815052032471,71.40743255615234,3.9500126664713373,13.667054176330566,4.15234375,0.47320198139320324
03671,0.8865843532437949,0.37828824800655786,0.20026439428329468,0.4334675371646881,0.5301761031150818,69.2151870727539,3.885817666616611,12.677083969116211,4.08203125,0.3008313680766194
03672,0.8528735524916208,0.34756430643732017,0.259219765663147,0.42773905396461487,0.6282567977905273,69.84173583984375,4.582561443602419,12.793916702270508,3.21875,0.28239966237695274
03673,0.7853273569562027,0.39716814159292035,0.31850534677505493,0.4825182259082794,0.5806499719619751,69.37151336669922,6.47316611940415,13.135896682739258,4.2109375,0.5519246673220917
03674,0.8112392947008535,0.3329524090389649,0.3279998302459717,0.6100065112113953,0.4835989773273468,69.30818176269531,6.098220763068155,11.05338191986084,3.369140625,0.2982245177152097
03675,0.7994093125003111,0.3148214498984832,0.30812591314315796,0.6332905292510986,0.6776220798492432,76.52360534667969,5.85595968602104,14.320419311523438,3.970703125,0.38427941832480744
03676,0.7642428501029211,0.3145288586919223,0.3527013659477234,0.6629396677017212,0.487149715423584,70.17218780517578,5.050748201984569,10.094195365905762,3.865234375,0.1860036554253985
03677,0.7398026103635357,0.3156132272917539,0.19645673036575317,0.43522578477859497,0.712891161441803,74.72073364257812,5.065696386962656,12.092198371887207,4.921875,0.546620238377211
03678,0.9064477233708409,0.36153059576987245,0.2620549201965332,0.5223523378372192,0.5991925597190857,71.7794418334961,4.12776317392729,11.257970809936523,4.18359375,0.38039454241138887
03679,0.7606909283538766,0.3451249170904267,0.29002100229263306,0.615699827671051,0.5317386984825134,69.1651382446289,4.685175530422666,13.338672637939453,4.046875,0.3574657146448144
03680,0.6671217533486208,0.29279311075033526,0.37470918893814087,0.6756985187530518,0.6263671517372131,68.02142333984375,7.082467405390984,10.41837215423584,3.494140625,0.3844269731036421
03681,0.8472110346483679,0.3219373850619281,0.2724905014038086,0.5259854197502136,0.7248955368995667,74.00941467285156,5.307770474197106,11.62409782409668,4.77734375,0.34499992820514314
03682,0.8557755148962244,0.3262007374645178,0.3659270405769348,0.6850037574768066,0.6421162486076355,74.82549285888672,4.530365470933697,8.820831298828125,4.13671875,0.17329119277712685
03683,0.7859548020242083,0.38272772114436043,0.3441465497016907,0.6334110498428345,0.5000894665718079,71.68584442138672,6.486741659396033,11.326218605041504,3.533203125,0.3263465840599954
03684,0.7771697526750027,0.33694172554612045,0.3370633125305176,0.6618325710296631,0.4953107535839081,65.05592346191406,5.538038570902168,14.010491371154785,4.4609375,0.3947133413017899
03685,0.5179348778687033,0.26327081458924495,0.2842280864715576,0.45432043075561523,0.5221163630485535,73.85416412353516,5.145851800485685,11.834750175476074,4.95703125,0.37270439798512617
03686,0.8158619988986016,0.32812959273653614,0.37867462635040283,0.6136924028396606,0.5318716168403625,69.45849609375,6.75152646524038,10.545051574707031,2.533203125,0.2200410185468054
03687,0.7531174729527622,0.2766010883214734,0.2722805142402649,0.4867854714393616,0.613590657711029,74.38416290283203,3.9983404447677167,11.317819595336914,4.91796875,0.15417415476794985
03688,0.6966640348976153,0.27345277733735,0.3143833875656128,0.579132080078125,0.46456894278526306,74.19534301757812,5.414834173308267,13.401540756225586,3.392578125,0.26030243191514685
03689,0.8399385910081659,0.3247469147128509,0.4112563133239746,0.6002804636955261,0.7057514190673828,70.71443939208984,6.320911007562953,11.750274658203125,4.0703125,0.16155628261577878
03690,0.7363521527491057,0.27321617356397565,0.3633490800857544,0.5524768829345703,0.5798362493515015,71.35465240478516,5.8993368012658935,10.014898300170898,3.392578125,0.2913548163880174
03691,0.8694597279663007,0.36473364801078895,0.18522197008132935,0.30763816833496094,0.7132613062858582,76.11235046386719,5.184663823590094,15.547037124633789,4.984375,0.7335704589105397
03692,0.6046948186460538,0.2301531450018431,0.38057905435562134,0.7090314626693726,0.56876540184021,53.6731071472168,6.905433442623473,9.430828094482422,2.1953125,0.24792472194484752
03693,0.7992276251428114,0.33815299832400647,0.30803102254867554,0.5509170293807983,0.5506738424301147,70.60740661621094,5.2351340775124475,13.632006645202637,4.62109375,0.45170065027606954
03694,0.7790090550118034,0.38222585542450077,0.3619384765625,0.5815146565437317,0.6151765584945679,67.75057220458984,7.279438640367279,12.138433456420898,2.97265625,0.5959616126664867
03695,0.857904480485962,0.43400691027117577,0.23206371068954468,0.43495941162109375,0.5363162159919739,70.1449966430664,4.13779083623229,14.15570068359375,4.08203125,0.5659735197411543
03696,0.788758707466798,0.28753022160752556,0.307731568813324,0.5548466444015503,0.7060638070106506,72.7591552734375,6.011841974153077,11.33415699005127,4.2578125,0.23384037410539601
03697,0.7322236833649902,0.29894955258721306,0.4629504680633545,0.7914375066757202,0.5657392740249634,69.6570816040039,7.920054157649444,8.199126243591309,4.11328125,0.2234482243731381
03698,0.7661114849121116,0.33968263865074666,0.23728114366531372,0.48927298188209534,0.5238339900970459,69.14496612548828,3.2992130070089516,16.262231826782227,4.890625,0.5170419291637527
03699,0.8134504289115088,0.3583084629212699,0.2460196614265442,0.4595491290092468,0.7083237767219543,72.43610382080078,4.366572934847053,12.419210433959961,4.65234375,0.38639085658525274
03700,0.6855557880792786,0.2599648122307832,0.37936633825302124,0.7031353116035461,0.4801808297634125,62.79395294189453,7.195198630739446,13.993173599243164,2.7265625,0.2555701000037399
03701,0.8258258697083372,0.3163410233772216,0.27680426836013794,0.5204562544822693,0.6334526538848877,74.06340026855469,5.751320086598869,14.683146476745605,3.994140625,0.24991571708465796
03702,0.7048337114415902,0.31246009528019253,0.34318166971206665,0.6475886106491089,0.6762022376060486,70.5910415649414,4.830433749169727,10.217143058776855,4.390625,0.30972445980018803
03703,0.7654688999820856,0.2876196172248804,0.38121241331100464,0.6839798092842102,0.6511508226394653,71.87435913085938,5.544732199996182,10.690926551818848,4.03125,0.3687108235485466
03704,0.7068288847192338,0.3003323991396728,0.19492179155349731,0.39908474683761597,0.6438864469528198,74.67525482177734,5.339141342131808,16.76984977722168,4.984375,0.6621764448023433
03705,0.7264917780596022,0.34290381866448844,0.2852214574813843,0.5436729192733765,0.565733790397644,72.38333129882812,3.41130492398736,11.951661109924316,4.0078125,0.47559164547581256
03706,0.7848781740068421,0.38811110279254324,0.21754390001296997,0.44278639554977417,0.5126647353172302,75.80441284179688,4.372044787444674,14.296797752380371,4.12109375,0.5171361098268176
03707,0.8224187434287089,0.2964594960188568,0.289264440536499,0.5188566446304321,0.6210544109344482,75.10710906982422,4.686763808858003,12.785419464111328,4.73828125,0.16770694166055428
03708,0.8218879845824931,0.406263276081811,0.2238033413887024,0.45059457421302795,0.7147373557090759,74.61534118652344,4.484368164101572,11.293082237243652,4.9765625,0.5428380007103746
03709,0.7525201829536949,0.3178446698819225,0.39850521087646484,0.5335572361946106,0.4508841335773468,69.97418975830078,5.580374424366995,14.002290725708008,2.953125,0.39051410244928186
03710,0.5764063524446617,0.26950403060527395,0.24317234754562378,0.46749526262283325,0.5868610739707947,68.05413055419922,5.800595552004651,12.416118621826172,4.5,0.4769161197380437
03711,0.7484938173439964,0.3103341902313625,0.2891266942024231,0.5546954274177551,0.5670904517173767,74.10191345214844,4.766954089022784,9.888138771057129,4.97265625,0.4519513069077647
03712,0.8611229060331699,0.39242210539812794,0.1700279712677002,0.29984667897224426,0.6987177133560181,76.2926025390625,5.651054675200171,13.585110664367676,4.3046875,0.750288038986002
03713,0.6485015027364537,0.3119266055045872,0.2744389772415161,0.5668025612831116,0.7208019495010376,73.29991912841797,4.636840724490577,11.661540031433105,4.921875,0.4932085584626666
03714,0.8539669434355888,0.41193910855320526,0.2824927568435669,0.5140141248703003,0.6801097989082336,72.95057678222656,4.231785959142043,9.359334945678711,4.5546875,0.40397739162021296
03715,0.7828820860314893,0.3589523154516277,0.21023905277252197,0.41570109128952026,0.7009515762329102,72.4649658203125,4.616608713085167,9.277200698852539,4.9765625,0.4063072029818885
03716,0.7935321899528673,0.36964614073642194,0.2503089904785156,0.45915231108665466,0.7530209422111511,74.76595306396484,3.888455807817787,11.147571563720703,4.72265625,0.47849366938443977
03717,0.7337773150896402,0.37762052774287413,0.3003413677215576,0.44174230098724365,0.609600841999054,70.11339569091797,6.1279009924034336,11.909059524536133,3.646484375,0.48222447509161787
03718,0.8749031094260679,0.45528738728745066,0.1975700855255127,0.4322274923324585,0.6164406538009644,76.36791229248047,4.451576967342276,10.252150535583496,4.609375,0.4149636358242552
03719,0.6130400054057424,0.2558168470822446,0.4464107155799866,0.8112767934799194,0.4688446819782257,59.287899017333984,7.2454966654721265,15.975093841552734,2.4375,0.3893947533492209
03720,0.7023428066147795,0.36412556053811657,0.2541618347167969,0.5711466073989868,0.574233889579773,67.16480255126953,4.4221608748506505,14.705229759216309,4.8515625,0.45426391473639255
03721,0.6936347854656447,0.2925757710689584,0.3311830759048462,0.5747926235198975,0.5209299921989441,71.40550994873047,6.614425521295553,13.10326099395752,3.2421875,0.4283226186840193
03722,0.615335079061771,0.24103001849480724,0.3007904887199402,0.4522256851196289,0.5123487710952759,69.4209213256836,5.016939689293686,13.737202644348145,3.447265625,0.2240068147884681
03723,0.8212079371635747,0.39433678583361176,0.2908710241317749,0.5213025212287903,0.6679255962371826,72.69776916503906,4.625988884897709,11.707677841186523,4.25,0.6820645811650788
03724,0.8668277453156591,0.4298178889435769,0.2568581700325012,0.6090872883796692,0.49054211378097534,73.04917907714844,7.934963864473135,12.778826713562012,3.58203125,0.6056838199752016
03725,0.7142193545205169,0.4285478547854785,0.22308313846588135,0.3956115245819092,0.651296854019165,74.03726196289062,4.37204489002906,8.032034873962402,4.9609375,0.40705898911027016
03726,0.7606698742552577,0.3226281402410969,0.35491204261779785,0.646536648273468,0.5796419978141785,72.58582305908203,6.644806088032453,9.397500038146973,4.59375,0.33363670796303
03727,0.8059063892133751,0.3303896866361702,0.4511474370956421,0.6544978022575378,0.5576534867286682,66.585205078125,8.469838595580988,11.238974571228027,2.85546875,0.22501308738595222
03728,0.7805453845186386,0.3168985817500669,0.3629528284072876,0.6365260481834412,0.6530066728591919,72.65373229980469,6.2461587473660165,11.130365371704102,4.01953125,0.42023899919429136
03729,0.8597881452933268,0.32479710314636495,0.36298370361328125,0.7351632118225098,0.6587749123573303,73.1728286743164,6.558394669043791,11.280691146850586,4.44140625,0.15772387268793409
03730,0.8223557955015031,0.36055734190782424,0.2269020676612854,0.41966310143470764,0.7198362946510315,72.79190063476562,5.586733293614934,13.639912605285645,4.8046875,0.5772858920019824
03731,0.7236221704631401,0.32220888355342137,0.18013542890548706,0.3045889437198639,0.6442362666130066,74.79783630371094,5.552488983517871,18.028499603271484,4.93359375,0.7063636640561848
03732,0.8296397185051385,0.2973182790133882,0.22237789630889893,0.4418058395385742,0.6448296904563904,70.14616394042969,8.85056301590983,13.363363265991211,3.984375,0.41222658809955964
03733,0.8927300408465271,0.34059833283911567,0.22745007276535034,0.5415198802947998,0.6428438425064087,73.35626983642578,5.172233482351684,12.231250762939453,4.72265625,0.1937787654503155
03734,0.6992019058330714,0.2644775493075955,0.36698251962661743,0.6626532673835754,0.5451135635375977,69.3729476928711,6.860523340687594,14.00578498840332,3.15625,0.22346021176825664
03735,0.8084793314573478,0.3133347548801054,0.3000185489654541,0.6291021704673767,0.7464437484741211,76.2245864868164,6.027158273159954,12.976556777954102,4.9453125,0.4324474742841881
03736,0.7375624611579853,0.28875535270586994,0.2134324312210083,0.4956463873386383,0.5729437470436096,75.49665069580078,3.584082623471278,13.078832626342773,4.84765625,0.40350243489041865
03737,0.8764868209231257,0.4444228148724937,0.2259232997894287,0.4868283271789551,0.5572287440299988,71.40308380126953,5.8715457689355315,17.465354919433594,4.3203125,0.7700272691667276
03738,0.855200246553531,0.4462678665960826,0.23854172229766846,0.5506659746170044,0.6866758465766907,68.27037048339844,4.7324419692546,14.355297088623047,4.9765625,0.6893508119357666
03739,0.739008804195375,0.2756437315322921,0.24138152599334717,0.4251512289047241,0.6592682003974915,77.75189208984375,4.591723972647682,17.44365882873535,4.98828125,0.6240013460170182
03740,0.7122188269557623,0.2786993629041952,0.20329886674880981,0.48945382237434387,0.6123785972595215,74.42559051513672,4.586266902299047,12.733137130737305,4.85546875,0.4829508922354889
03741,0.8269751644288864,0.3612841399137518,0.34730052947998047,0.6153663396835327,0.49927017092704773,67.9240493774414,4.511505519860802,9.734291076660156,2.578125,0.2653659840232875
03742,0.859588689114931,0.33145443861672724,0.2897717356681824,0.5136654376983643,0.5896247029304504,70.69011688232422,5.223334134205999,16.03959846496582,3.736328125,0.25697249858947624
03743,0.7811501608576047,0.29536531706190516,0.29545390605926514,0.534449577331543,0.6837924718856812,72.2627182006836,3.6194269775622474,10.601725578308105,4.91015625,0.23881945801877788
03744,0.8517166782191266,0.37971854965284246,0.20045292377471924,0.4049982726573944,0.7047070860862732,72.130126953125,4.819468424106401,10.956855773925781,4.6796875,0.3144158906876621
03745,0.7678502544658597,0.3076018411501105,0.2791762351989746,0.5171629190444946,0.6584360003471375,73.28809356689453,5.414803247986117,10.339622497558594,4.234375,0.27770314931521295
03746,0.8826611114763037,0.3597047510136189,0.20959162712097168,0.45190149545669556,0.7012061476707458,71.94987487792969,4.095582301396331,17.10580825805664,4.94921875,0.5277665578475431
03747,0.7664752541225329,0.30409951494288845,0.27757906913757324,0.5555083155632019,0.6993228197097778,72.80492401123047,4.6944815017803965,12.374067306518555,4.3125,0.2973527693550897
03748,0.6433576812420179,0.37306283460129613,0.2971774935722351,0.5591953992843628,0.61800616979599,65.59716033935547,7.635529627382671,9.787705421447754,3.794921875,0.527544396664593
03749,0.7523807985396053,0.3502583873349192,0.21885138750076294,0.4554184079170227,0.6586559414863586,72.77536010742188,4.7228426192076105,10.396185874938965,4.40625,0.42872013808539994
03750,0.2082268935414088,0.0733296748525175,0.5101836323738098,0.7050132155418396,0.540926992893219,66.82511901855469,5.741300831492449,9.085675239562988,3.90234375,0.15654128570128087
03751,0.6461321420173994,0.32238527836012115,0.26566845178604126,0.5188309550285339,0.6941117644309998,73.83184051513672,4.335687390333373,14.980100631713867,4.984375,0.4851417637495816
03752,0.7634894252169052,0.3032717157941641,0.4086928367614746,0.6941711902618408,0.5314633846282959,69.63136291503906,5.248504817598114,10.102933883666992,2.771484375,0.19578619036691491
03753,0.8174080656950398,0.38092170944575054,0.3021153211593628,0.5776857137680054,0.6987011432647705,73.42697143554688,4.197329010178777,7.421264171600342,4.96484375,0.2258099987076709
03754,0.839997958520853,0.504083044982699,0.2048996090888977,0.33008280396461487,0.7198181748390198,74.22999572753906,4.495560969252334,13.873347282409668,4.94921875,0.5653941885042985
03755,0.5947601561775678,0.24943976508770574,0.2864183783531189,0.6290323138237,0.7753369212150574,77.10391998291016,4.4146446436856985,9.125814437866211,4.9375,0.27501530748102615
03756,0.48717394611312853,0.19417561147281365,0.40154045820236206,0.6420045495033264,0.5720512270927429,72.32403564453125,5.997137334442998,11.37679672241211,3.716796875,0.2250454766159116
03757,0.5928144243005186,0.26237439523632305,0.42242443561553955,0.627091109752655,0.4938075840473175,68.04718780517578,7.044028963336542,11.559124946594238,1.806640625,0.45646057307483434
03758,0.7693104651851329,0.28987275892392456,0.3395378589630127,0.5468666553497314,0.5989407896995544,70.83027648925781,4.455842985912599,15.639005661010742,2.40625,0.45338064709340226
03759,0.8222696847571129,0.3270051409562851,0.366940975189209,0.6637356877326965,0.6696955561637878,75.34284210205078,4.453029159160404,8.446813583374023,3.412109375,0.27672788520317715
03760,0.7906590004070271,0.4835213448352135,0.30596572160720825,0.6019734144210815,0.48922401666641235,60.87313461303711,7.13340288303948,15.359114646911621,3.083984375,0.7770170986503407
03761,0.7602741431626924,0.38752714861929877,0.1960241198539734,0.40910327434539795,0.6125743985176086,69.51070404052734,5.192384692551048,14.786768913269043,4.90625,0.545157933905834
03762,0.6849395645290888,0.3021079189387157,0.3169177770614624,0.7166814804077148,0.5972745418548584,75.25196075439453,3.078530006058356,7.904688835144043,4.90625,0.18551905354702888
03763,0.8021735987168622,0.4521813883516011,0.2041674256324768,0.40740981698036194,0.7007383108139038,73.63585662841797,4.343294779914781,15.749944686889648,4.95703125,0.6342680177116444
03764,0.8601876481888363,0.3620249574588769,0.28706127405166626,0.4410046935081482,0.5502752065658569,71.74779510498047,4.717018833516393,16.197124481201172,4.3984375,0.3883360605975916
03765,0.7423264134111013,0.36525092013787464,0.2518730163574219,0.493489146232605,0.5473164916038513,71.6026382446289,4.468305640088907,12.564133644104004,4.40625,0.4755951567685581
03766,0.8467365839815006,0.35931001568146176,0.26891279220581055,0.6000005006790161,0.7017384767532349,74.40538024902344,4.744682006575832,10.517986297607422,4.8828125,0.3825439790589982
03767,0.8094450930165655,0.2859647830251234,0.3717615604400635,0.6303626894950867,0.572409987449646,71.21610260009766,5.62237828682247,11.559211730957031,3.783203125,0.11812403210309667
03768,0.8804949960406265,0.3283005321395388,0.28838974237442017,0.5052327513694763,0.668835461139679,73.16178894042969,5.419774213849257,9.659967422485352,4.6328125,0.335085765807542
03769,0.7194051283797727,0.29464841319228374,0.25590187311172485,0.4516531229019165,0.619676411151886,69.75891876220703,5.05488522903501,18.570188522338867,4.2421875,0.653199082948491
03770,0.9233137450130532,0.3965599617773531,0.24224746227264404,0.42281949520111084,0.7652978897094727,75.92202758789062,4.684907131632337,11.386199951171875,4.98046875,0.5042615716738712
03771,0.7541763819128343,0.3114882989547683,0.38235580921173096,0.5395640134811401,0.5400261282920837,70.82185363769531,6.171880155108572,13.629968643188477,2.546875,0.373686433030244
03772,0.877608899609355,0.44693877551020406,0.16681063175201416,0.20785759389400482,0.5859438180923462,73.12577056884766,4.250960801493195,16.84669303894043,4.12109375,0.6364986853638384
03773,0.755529269674697,0.3757109915449654,0.19590657949447632,0.32008615136146545,0.6927438378334045,75.53832244873047,5.228199413170679,13.802123069763184,4.96484375,0.6824540073195305
03774,0.8251901218828507,0.3761557799650603,0.2744353413581848,0.4011671245098114,0.6700220108032227,73.8189926147461,4.14260091915394,11.694573402404785,4.515625,0.3477937988813172
03775,0.7555479570133211,0.33127189378540844,0.25509124994277954,0.382673978805542,0.7329387664794922,75.99264526367188,6.287605939507252,11.86763858795166,4.9765625,0.6439466866599636
03776,0.84619389566048,0.4814419542274398,0.15532159805297852,0.33633890748023987,0.7420191168785095,73.7184829711914,3.9094364610445234,13.498567581176758,4.80859375,0.5781586391028688
03777,0.8839389693863351,0.4297683587974372,0.2968118190765381,0.506643533706665,0.5229684710502625,75.12467956542969,5.163272777408816,9.246644020080566,4.41796875,0.445255289844565
03778,0.8457790887771558,0.39148660415949454,0.1486251950263977,0.3222409188747406,0.7612759470939636,75.84490966796875,3.954228298520487,13.775760650634766,4.953125,0.4482035189285976
03779,0.8197423476172709,0.40634313670359334,0.1629144549369812,0.31632503867149353,0.5285756587982178,75.41766357421875,3.0968291645996975,11.607007026672363,4.99609375,0.5640812023808636
03780,0.7601951894260884,0.30207195794930036,0.2263249158859253,0.4959450960159302,0.6239829063415527,69.58969116210938,4.314354219533986,14.438909530639648,4.79296875,0.33778748790324115
03781,0.6605597439811747,0.25496449773018276,0.22073030471801758,0.4786255955696106,0.6606249213218689,69.03099822998047,3.7492425046890845,11.847466468811035,4.5,0.2947613074907995
03782,0.8195087569973802,0.36098907418056353,0.2531529664993286,0.4926043450832367,0.49445366859436035,71.0585708618164,5.941533199003984,12.240830421447754,3.43359375,0.44910888560482837
03783,0.6441983633487554,0.30305882352941177,0.484973669052124,0.7632996439933777,0.421194851398468,58.2914924621582,6.101708094334496,7.687623977661133,3.423828125,0.25179189844066174
03784,0.6023131458604774,0.2701892532772583,0.2968214750289917,0.48073679208755493,0.5327616930007935,71.0993881225586,3.1666824848071977,12.033470153808594,4.4765625,0.30916445229520084
03785,0.740563533725833,0.3377459749552773,0.26093608140945435,0.5196154117584229,0.6275950074195862,67.14344787597656,4.899004422474923,11.670415878295898,4.08203125,0.4960782302389872
03786,0.8966922297985331,0.5719801434087148,0.15109223127365112,0.2879238724708557,0.6946088075637817,72.45854949951172,4.895611409945511,15.591562271118164,4.9921875,0.6892304786518999
03787,0.6076658725913325,0.2787456445993031,0.3533232808113098,0.5100154876708984,0.5874324440956116,71.78318786621094,5.754502083976877,11.907804489135742,2.75390625,0.3104573398660047
03788,0.7925143472357592,0.34545251859283677,0.23521852493286133,0.5224013924598694,0.6486082673072815,75.37981414794922,3.890915020152969,12.272022247314453,4.7734375,0.35627367776656615
03789,0.8351803061379047,0.3492042643549835,0.38699638843536377,0.46869397163391113,0.5035166144371033,67.88842010498047,6.517497281765515,12.861050605773926,3.861328125,0.2493982385651792
03790,0.8718262820353785,0.5264116575591985,0.16019952297210693,0.27824845910072327,0.7493494153022766,75.66191101074219,4.140082473715866,13.014117240905762,4.67578125,0.6330615058719535
03791,0.8727017663271053,0.38620167315041143,0.25311970710754395,0.5317086577415466,0.7548601627349854,78.25312805175781,5.823531818778801,9.707404136657715,4.921875,0.6649278519615017
03792,0.8237392191287078,0.3926869501466276,0.2955901026725769,0.5266033411026001,0.625903308391571,72.54376983642578,5.675265179091067,9.785541534423828,4.8671875,0.33281163923341917
03793,0.8666884483257598,0.3800038743348109,0.2629367709159851,0.3732421398162842,0.6465708017349243,71.60008239746094,4.615161634406513,11.872586250305176,4.9609375,0.30837488605906677
03794,0.850646237187624,0.4145672164647497,0.25554221868515015,0.45392492413520813,0.6450427174568176,74.62854766845703,3.2880990955949705,7.339547157287598,4.41015625,0.3250593315755009
03795,0.6687372620567731,0.2630528236720597,0.37479323148727417,0.6726710200309753,0.48077037930488586,69.6357192993164,4.038761301698158,10.85308837890625,4.1953125,0.2129917220356042
03796,0.8029857742088302,0.351872368712608,0.28169482946395874,0.5458347201347351,0.5436248183250427,69.34464263916016,5.277417560032247,14.516912460327148,4.2265625,0.4587035416778303
03797,0.861719162772128,0.404555342290467,0.19431829452514648,0.3120507597923279,0.5257017016410828,69.81683349609375,4.191893058655124,13.58119010925293,3.810546875,0.5299309616308666
03798,0.8393987736006167,0.37877727877953554,0.20477187633514404,0.4391217827796936,0.5878778100013733,73.74774932861328,3.226474291118992,10.153875350952148,4.9765625,0.39854692197430885
03799,0.7700224279261797,0.4098444869938822,0.20581930875778198,0.4478042721748352,0.5967577695846558,73.11709594726562,4.222601777910036,17.194276809692383,4.8984375,0.5837503913745097
03800,0.5224241111167548,0.20572772551189816,0.43142253160476685,0.7453891038894653,0.7001309394836426,72.98133087158203,6.463211671349108,8.570755958557129,4.1875,0.39658859333597185
03801,0.7013729123157264,0.3290347154206116,0.22811675071716309,0.49618467688560486,0.552290141582489,69.13087463378906,4.2110110249131125,15.69825553894043,4.33203125,0.46563479919965384
03802,0.7982828378644463,0.47068899885801296,0.23586922883987427,0.405402272939682,0.6618622541427612,74.18926239013672,4.139661936943484,11.927629470825195,4.92578125,0.6560218250545949
03803,0.7080765325215803,0.41248548948794017,0.31854647397994995,0.5893028378486633,0.5138500332832336,73.78030395507812,3.377683058249633,9.297155380249023,4.73828125,0.5162707146373482
03804,0.8027009886100583,0.334687785056804,0.29151690006256104,0.6930981874465942,0.5487460494041443,73.98641967773438,5.202985692166172,10.116134643554688,3.59765625,0.3142025654205069
03805,0.7233488682140251,0.36889294126586125,0.23046714067459106,0.47897374629974365,0.6983808279037476,75.39826202392578,3.2439682967609853,12.887556076049805,4.9375,0.45989201608319874
03806,0.7835032895008721,0.3522948302337485,0.21621477603912354,0.4168262481689453,0.5943922996520996,73.28550720214844,4.795067567783932,14.797500610351562,3.677734375,0.3657691276281197
03807,0.7865548379227676,0.3013973076018849,0.25469982624053955,0.5531076788902283,0.6102710366249084,72.66950988769531,3.4391574190561887,12.890201568603516,4.90234375,0.2515944603701756
03808,0.7710048424894729,0.3679132172423637,0.19212216138839722,0.4548919200897217,0.5876268744468689,73.6763916015625,4.565788789313208,15.18149471282959,4.15234375,0.6803971318257389
03809,0.8290981381308542,0.31469999752982736,0.38024604320526123,0.7401099801063538,0.6911727786064148,67.69552612304688,5.838659111281693,11.52591609954834,4.109375,0.4203047056049973
03810,0.8216511662293075,0.40819262252971195,0.2398672103881836,0.3923609256744385,0.6795179843902588,72.87031555175781,3.6241122942660424,13.243938446044922,4.5546875,0.462248004729021
03811,0.7279314228556292,0.3774921145033625,0.2391190528869629,0.42781949043273926,0.7399576306343079,72.74085998535156,3.951968751584536,11.428472518920898,4.90625,0.45901490549797924
03812,0.6660123242684771,0.3143620899149453,0.24487119913101196,0.47167566418647766,0.6524826884269714,74.52339172363281,5.319254157074608,11.552199363708496,4.984375,0.4537157555581176
03813,0.8221146011914957,0.38497892954196367,0.2180119752883911,0.46380406618118286,0.6467161178588867,74.13533020019531,3.1755847043139958,9.770866394042969,4.66015625,0.4701608367456566
03814,0.8634327462330448,0.4047693755883276,0.15003806352615356,0.3344302177429199,0.6896833777427673,75.09136199951172,4.271819207318185,15.798646926879883,4.96875,0.6703735681209966
03815,0.8050183582104797,0.3680731202575305,0.3244647979736328,0.5648881196975708,0.7659098505973816,75.9708480834961,4.454245518000941,6.289356231689453,4.97265625,0.2830687470245437
03816,0.7709643680474715,0.36596593524627896,0.32398444414138794,0.5432164669036865,0.5620712041854858,70.10287475585938,4.587330596397622,17.326990127563477,4.72265625,0.7095781040652562
03817,0.6707021796610505,0.3083509513742072,0.2526118755340576,0.4441240727901459,0.7023016810417175,72.78749084472656,6.382836800293485,11.021270751953125,4.9453125,0.5106106303979985
03818,0.8080073168130516,0.4020411319004175,0.3057941198348999,0.45183250308036804,0.7501463890075684,73.29706573486328,5.673724448457071,12.738473892211914,4.84765625,0.5945497112097122
03819,0.9363002418147502,0.45556956362601164,0.18115365505218506,0.3751899302005768,0.7375481128692627,74.85037231445312,6.129298532291773,11.114598274230957,4.9453125,0.7173373530069072
03820,0.9085310550676358,0.36543241621667955,0.3728541135787964,0.705819845199585,0.5963376760482788,73.09703063964844,4.083495974204426,8.20334529876709,3.84375,0.17784653726236943
03821,0.6897616740119511,0.26453031731071314,0.22733420133590698,0.5123763680458069,0.5897707939147949,72.00494384765625,4.214426831386657,13.717694282531738,4.54296875,0.21899530442929993
03822,0.7668948325841399,0.37852174938111516,0.22345101833343506,0.35712236166000366,0.6436105966567993,73.2245864868164,6.772580717914779,11.29054069519043,4.90234375,0.7273549984835247
03823,0.6674756771664988,0.3381957052526138,0.30610406398773193,0.4653753638267517,0.7122649550437927,74.98515319824219,4.890293657757297,14.498311042785645,4.65234375,0.6075133453694901
03824,0.8653862108662778,0.3320313809635565,0.20350682735443115,0.43142563104629517,0.6561444401741028,74.85358428955078,4.067205134112518,15.036221504211426,4.6640625,0.2533420404071587
03825,0.6474813616068407,0.3091215353989077,0.21988213062286377,0.375144898891449,0.7358524799346924,75.42704772949219,4.869250549389957,13.222532272338867,4.9375,0.6239757022039063
03826,0.5907792737083355,0.2626979929994208,0.3584715723991394,0.6603081226348877,0.6439558267593384,73.04951477050781,3.8492767406746067,7.7747802734375,4.2265625,0.26355589419525444
03827,0.3892202768087018,0.13507396330126908,0.5421071648597717,0.6786056160926819,0.4966714382171631,60.86602783203125,7.225706103872784,14.720343589782715,2.05078125,0.19197208593696413
03828,0.8622987925021035,0.4814270390528783,0.2559836506843567,0.4726855754852295,0.6111339926719666,74.02310943603516,7.573369623245795,13.002370834350586,4.625,0.6121536953306708
03829,0.7418403053635293,0.3425553319919517,0.2277994155883789,0.560679018497467,0.6713351607322693,72.757080078125,4.72278375322258,15.246238708496094,4.828125,0.48915771338428476
03830,0.7633134569009967,0.2992207792207792,0.2812378406524658,0.6535863280296326,0.674303412437439,71.19635009765625,5.3739574298213855,11.76943302154541,4.0546875,0.41710533284776924
03831,0.7851537054439003,0.3793182338137726,0.3707556128501892,0.5341222286224365,0.5358669757843018,73.45117950439453,4.828082187738081,13.80489730834961,3.0390625,0.5240606953455333
03832,0.8079699646047115,0.3746202749678995,0.1984977126121521,0.38843390345573425,0.7111999988555908,69.5206298828125,4.143824608472112,15.969732284545898,4.9765625,0.5126725749034298
03833,0.8439435881334155,0.3643569896484193,0.3003835678100586,0.4057468771934509,0.6739667057991028,73.74752807617188,4.211932140377125,12.27535343170166,4.49609375,0.32453213618568394
03834,0.7943517591463737,0.37836493908640917,0.2276403307914734,0.444882869720459,0.6295056343078613,74.39498138427734,3.6281887961444355,11.291531562805176,4.92578125,0.3283869466839257
03835,0.790904059013343,0.3030211054622714,0.3236733675003052,0.6530271172523499,0.5280735492706299,70.48967742919922,2.508593355249916,9.78841495513916,3.931640625,0.22938214972366397
03836,0.8291582995951715,0.3831645127488648,0.3316415548324585,0.5977497100830078,0.42781928181648254,68.65809631347656,5.740458875970187,10.098695755004883,2.95703125,0.5554061548640178
03837,0.8353280820252079,0.5233186503791835,0.21308231353759766,0.3219752311706543,0.7164750695228577,73.23330688476562,4.421771219187425,13.464016914367676,4.92578125,0.5566550299153834
03838,0.7401497470773974,0.37485714285714283,0.35622018575668335,0.6408725380897522,0.530219316482544,69.69011688232422,5.707531348056843,14.597633361816406,4.0390625,0.7213011893861833
03839,0.823067657322117,0.3170249985892444,0.28262031078338623,0.5939793586730957,0.6669077277183533,75.17070007324219,5.2889711352916535,11.582717895507812,4.94140625,0.4008469425923585
03840,0.7494573120237943,0.4152222222222222,0.18032580614089966,0.3357717990875244,0.5815483331680298,75.70002746582031,5.127794854235915,15.359710693359375,4.984375,0.667378831304881
03841,0.805692005020638,0.35754699762730424,0.2802131772041321,0.6214343309402466,0.42503318190574646,64.41030883789062,5.651832073411148,15.139501571655273,2.5859375,0.5225036147264019
03842,0.3667608106798241,0.17093593618391717,0.25005173683166504,0.45921868085861206,0.563441276550293,61.10127258300781,4.8425837637225975,18.729440689086914,4.55078125,0.46963178990336935
03843,0.765607172883182,0.31562580979528376,0.39063453674316406,0.7556301355361938,0.6669003963470459,67.26659393310547,5.963984885483184,8.088863372802734,3.98046875,0.23741694020810017
03844,0.8784484183432894,0.3391362407582321,0.3603288531303406,0.6266014575958252,0.6395066380500793,70.59241485595703,6.085229677783891,9.526754379272461,3.8515625,0.14340162273073606
03845,0.8638654161170509,0.3567985621306609,0.2059946060180664,0.4362861216068268,0.6897869110107422,72.8876724243164,4.586303622250148,15.539081573486328,4.40625,0.4389810994608264
03846,0.8756381585583378,0.3780925108995692,0.19979995489120483,0.3514648973941803,0.7112516164779663,75.75808715820312,4.236833056708734,11.332082748413086,4.79296875,0.4612222954384212
03847,0.6687565509316193,0.2908723535096196,0.23793959617614746,0.4590856432914734,0.5475767850875854,67.46215057373047,5.119892369844262,17.7684268951416,4.80859375,0.3268492405774754
03848,0.617999801472299,0.27529728516939644,0.30718493461608887,0.5692223906517029,0.5512252449989319,70.9369888305664,6.325842156378726,13.967610359191895,3.28515625,0.4844797213243269
03849,0.8110667258470187,0.37674869721030396,0.31605738401412964,0.5047298669815063,0.5344665050506592,66.17671203613281,5.749042265575383,14.18501091003418,3.1171875,0.4160178063496861
03850,0.757097926174294,0.3351107465135357,0.1876954436302185,0.37342604994773865,0.7132114171981812,76.47710418701172,3.9253434107349396,13.02783203125,4.96875,0.5689420418805953
03851,0.8272678554919153,0.3245792923081713,0.35574501752853394,0.6036026477813721,0.47437718510627747,72.79450225830078,5.82027260739072,9.133196830749512,3.689453125,0.23062689836627392
03852,0.8377142705825456,0.3226963936541214,0.3795296549797058,0.6554633975028992,0.6399608850479126,70.40364074707031,5.773232749587629,9.285079956054688,3.95703125,0.3498421733889769
03853,0.7756633661358006,0.2915673135497346,0.2633540630340576,0.5156329274177551,0.7310991287231445,71.05296325683594,5.7193249165551014,16.92716407775879,4.65234375,0.486283066879788
03854,0.6440837371527709,0.3462214411247803,0.2930816411972046,0.4694918990135193,0.5923945307731628,66.30037689208984,6.52247704777025,13.620329856872559,4.91015625,0.6127791660249771
03855,0.8210743515186849,0.32276455872942,0.2946621775627136,0.6152538061141968,0.6469696760177612,75.12196350097656,5.790774501831075,12.25437068939209,4.171875,0.5287916862029914
03856,0.8360539372973166,0.32012288786482335,0.3015230894088745,0.5125888586044312,0.6169518232345581,71.52806091308594,5.678387635711274,12.628137588500977,4.8984375,0.5387486551250315
03857,0.3197004690876667,0.12554736729680657,0.36184996366500854,0.5979782938957214,0.43088069558143616,62.10157012939453,7.1940690745563955,16.211278915405273,2.76953125,0.292739827804605
03858,0.7551587922955151,0.352741994847258,0.26142287254333496,0.5074998736381531,0.6521154046058655,73.75572204589844,3.9706708037476766,14.389554023742676,4.8984375,0.41870899874582435
03859,0.8097294557905074,0.38659047005795233,0.2154552936553955,0.50925612449646,0.5546333193778992,72.6759033203125,4.6748413701900535,12.335245132446289,4.90234375,0.5028429094249292
03860,0.8436246918416959,0.33579138125576996,0.32962316274642944,0.55159991979599,0.5212400555610657,67.13541412353516,5.398205098122241,13.675898551940918,2.232421875,0.24862017286443042
03861,0.657762989695957,0.2729591217118846,0.24110770225524902,0.4928305149078369,0.5951403379440308,76.14192199707031,3.0581462525773873,11.706306457519531,4.875,0.378832638498662
03862,0.7654885899149426,0.3789711336881148,0.3107479214668274,0.6353787779808044,0.347157746553421,66.77723693847656,4.843144276305638,11.955803871154785,4.8203125,0.5890912736203231
03863,0.889685166756534,0.37675213675213676,0.14910537004470825,0.35742470622062683,0.6653602123260498,72.09834289550781,3.698574206542215,14.024529457092285,4.921875,0.48111925294170926
03864,0.8855196714654615,0.3315431872736889,0.4039331078529358,0.6849061846733093,0.5266719460487366,70.20790100097656,5.4746546784930175,10.224618911743164,2.779296875,0.12023772012929548
03865,0.8464590161553068,0.43259200944695925,0.1537477970123291,0.30414077639579773,0.6122764348983765,75.40459442138672,2.7417910931112144,10.72287654876709,4.9765625,0.4974517385937968
03866,0.785648676299134,0.305057745917961,0.24699091911315918,0.39414358139038086,0.7386180758476257,74.11842346191406,4.792421743906403,12.328411102294922,4.86328125,0.26876345619455444
03867,0.7922361600960913,0.4251135894258571,0.269392728805542,0.4189242124557495,0.5675280094146729,67.63931274414062,5.990692545753527,12.709280014038086,4.9296875,0.413834358483945
03868,0.773196027799445,0.409883487344315,0.2868807911872864,0.5113900303840637,0.5627701878547668,71.28770446777344,4.707572707658908,11.894874572753906,4.2734375,0.36381297117924744
03869,0.8225947559388653,0.348215505913272,0.2787017822265625,0.37564000487327576,0.613135814666748,72.08474731445312,3.648355294305919,11.284446716308594,4.203125,0.26496023071694885
03870,0.7251507207447689,0.27074251098622126,0.27761757373809814,0.6326878666877747,0.6256139278411865,69.51316833496094,4.331035226556153,13.805215835571289,4.70703125,0.29625351649306203
03871,0.6920093833492228,0.3327831957989497,0.2651824951171875,0.5747714042663574,0.6072834730148315,74.29357147216797,3.3495245916681267,11.981691360473633,4.94140625,0.3517258781718382
03872,0.8544184206785073,0.3706538500500884,0.2718137502670288,0.4076045751571655,0.594531238079071,70.6380615234375,5.116931997886269,12.784119606018066,3.4453125,0.356159473204349
03873,0.7684920073299948,0.316999947330536,0.2797344923019409,0.5412499904632568,0.6761778593063354,71.39530944824219,4.827335708581383,12.531608581542969,4.5859375,0.32843162472943993
03874,0.7943928870615458,0.3046262247023427,0.27029192447662354,0.4807490110397339,0.6635662317276001,71.3626708984375,4.666911034159459,11.07326602935791,4.3515625,0.5140551837513726
03875,0.39833571967471054,0.19594086695063895,0.3540358543395996,0.5152819752693176,0.5199248790740967,68.57684326171875,5.8674687761644755,6.857386589050293,4.05078125,0.4709459895522607
03876,0.8086470912065811,0.39959289415247967,0.176713228225708,0.374292254447937,0.6555587649345398,74.8337631225586,3.049736659339463,12.396864891052246,4.80078125,0.40238850295371265
03877,0.9003033599262552,0.3826431440789352,0.27699095010757446,0.5437496900558472,0.6620766520500183,73.87214660644531,5.004077125019772,11.407964706420898,3.833984375,0.2779687958842978
03878,0.7339086184060759,0.28522416430988917,0.2623191475868225,0.5885303020477295,0.589316189289093,70.53591918945312,6.392246716689722,17.294837951660156,3.587890625,0.45766862390300256
03879,0.8223295614750483,0.3666828895223528,0.24048548936843872,0.5118290185928345,0.6251673698425293,71.54888153076172,3.506465078458598,13.050885200500488,4.37109375,0.33431523693946064
03880,0.8459955822254455,0.3586679819257939,0.26999586820602417,0.43288230895996094,0.6066006422042847,67.29024505615234,4.8620723422042795,9.514445304870605,3.896484375,0.1253799149340807
03881,0.48079982615320993,0.25732548572875136,0.2600451707839966,0.5272570252418518,0.5831639170646667,74.45877838134766,4.432380165842059,10.639802932739258,4.9375,0.4847432864989381
03882,0.8578109277304276,0.44274077623382846,0.3765644431114197,0.565306544303894,0.5597810745239258,60.88594436645508,9.447543760897547,8.659697532653809,4.1015625,0.6354681886051002
03883,0.8376159168447188,0.4498012698084964,0.3147798180580139,0.5956709384918213,0.6338134407997131,73.94670104980469,6.948720188670905,10.620115280151367,3.814453125,0.4217741662325721
03884,0.7879535180167005,0.31865973425765454,0.2994800806045532,0.5224395394325256,0.5869510769844055,69.15079498291016,4.9649855900300155,14.712291717529297,4.16015625,0.5018770621027269
03885,0.7942706244477209,0.3055696948589493,0.3161815404891968,0.6759011149406433,0.6842630505561829,70.06706237792969,4.296967215184804,12.635292053222656,4.63671875,0.2473977889961067
03886,0.742588267044537,0.29273956496178716,0.30230712890625,0.611018717288971,0.6891713738441467,74.34131622314453,5.675377309339996,16.017335891723633,4.11328125,0.35316369012344156
03887,0.7843447945865797,0.2878400431760065,0.3585650324821472,0.7501633167266846,0.6870010495185852,76.31726837158203,4.244523153006281,12.551985740661621,3.861328125,0.26749053128706035
03888,0.8117630618534527,0.29703162074475814,0.24776113033294678,0.47603580355644226,0.6153265833854675,71.2770767211914,3.8293596323647234,12.307870864868164,4.73828125,0.3849940776411037
03889,0.9415332182929201,0.36391194351944195,0.2670958638191223,0.42197442054748535,0.54176265001297,72.84823608398438,3.754718559299449,12.332391738891602,4.5703125,0.11201391520420075
03890,0.8358064371197244,0.3412563917419431,0.20447421073913574,0.4504486620426178,0.7470684051513672,75.87698364257812,5.062219871500626,14.527851104736328,4.91796875,0.4222734417701571
03891,0.8870008610356241,0.3817691928200068,0.35424357652664185,0.5755667686462402,0.4781431257724762,72.58392333984375,4.931939239258068,11.169332504272461,2.572265625,0.2848121815080239
03892,0.8568286227771298,0.4119043271864159,0.23728376626968384,0.3376834988594055,0.5767748355865479,70.09451293945312,5.255470293329972,14.886590003967285,4.07421875,0.5094122165497171
03893,0.29340806980540585,0.12335989217901455,0.29026007652282715,0.5952827334403992,0.5845229029655457,67.33565521240234,5.76522834576317,13.988594055175781,4.26953125,0.3597874082809265
03894,0.5681944464031364,0.24800884955752212,0.35430967807769775,0.830338716506958,0.46661514043807983,65.92891693115234,5.606947709017714,11.886270523071289,3.318359375,0.5081627538091198
03895,0.6249010640834194,0.2838090858325395,0.34561270475387573,0.5726197957992554,0.4717610478401184,66.72662353515625,4.530977933827496,13.690629005432129,3.63671875,0.39652119567787986
03896,0.8218518350027633,0.4041503226622801,0.22940373420715332,0.4671531021595001,0.7807319164276123,72.87789154052734,3.8907465366291434,13.400894165039062,4.96484375,0.5888189243765983
03897,0.719458995160415,0.28406036799669215,0.2718183398246765,0.49330344796180725,0.5175297856330872,71.63135528564453,7.078614405806401,17.903310775756836,3.56640625,0.41969787627676347
03898,0.8024969939384208,0.37250978686385383,0.29671967029571533,0.5369099378585815,0.6209534406661987,75.97284698486328,5.2555381771409655,8.10741901397705,4.6796875,0.3646667183865891
03899,0.8575371530192842,0.4491764868031149,0.27568233013153076,0.4444359838962555,0.6014148592948914,75.75608825683594,5.0016159858933715,8.280936241149902,4.30859375,0.4068400467417048
03900,0.8485334210304679,0.3570009620310099,0.3367946743965149,0.5683944821357727,0.4085192382335663,71.1245346069336,4.8216231976289246,9.74178695678711,3.015625,0.27456137576895867
03901,0.8305157266456502,0.3705940542510543,0.3756409287452698,0.6995658874511719,0.4575459063053131,65.49742889404297,2.806546802328297,8.931547164916992,2.958984375,0.2975492753817061
03902,0.8317038923245351,0.32271955822377585,0.33562546968460083,0.6215351223945618,0.6531261801719666,73.43193054199219,5.48707553706772,11.303279876708984,4.47265625,0.25576754868363893
03903,0.9136039411103526,0.5310289685712528,0.29037994146347046,0.4286242425441742,0.6513436436653137,75.50814056396484,7.019176681163913,8.228673934936523,4.49609375,0.5936720702564056
03904,0.80265169991065,0.3514867525734653,0.33380454778671265,0.5335733294487,0.5336651802062988,67.0429458618164,5.585715360143231,11.137153625488281,3.8671875,0.31943356543634693
03905,0.7032772819126142,0.29455823536541026,0.31518131494522095,0.5984348654747009,0.574353814125061,72.62338256835938,5.78932504851013,10.988606452941895,4.59765625,0.28246300365502414
03906,0.8631965519515378,0.4448455397431447,0.21154135465621948,0.31713587045669556,0.7091701030731201,74.9467544555664,3.3168331177472723,11.648731231689453,4.87109375,0.44777090729634
03907,0.8615498751956727,0.35159096429438913,0.32663285732269287,0.5212392807006836,0.5137209892272949,74.65602111816406,3.18485135913675,9.774877548217773,3.732421875,0.21098871979899828
03908,0.7858048110477801,0.32393967287403524,0.2785112261772156,0.48470044136047363,0.6144018173217773,66.59930419921875,7.142987752174484,14.863935470581055,3.224609375,0.5077705638481395
03909,0.7501312063625303,0.3270242202941275,0.42618507146835327,0.7201439738273621,0.49886825680732727,71.43011474609375,6.256451096483883,13.444050788879395,2.744140625,0.4246096296825834
03910,0.8475569785142688,0.3450120597615482,0.357873797416687,0.5722593069076538,0.518997311592102,67.72005462646484,5.725847682237529,10.577966690063477,3.15625,0.17769627474859684
03911,0.7147607628238829,0.35240847784200385,0.3959852457046509,0.8201214075088501,0.41808807849884033,62.23872756958008,8.056894240465628,13.817718505859375,3.037109375,0.5010813700406165
03912,0.7632825382819375,0.3414298611409656,0.2967842221260071,0.5047488808631897,0.6387656927108765,69.25605010986328,5.649384353056709,18.1608943939209,4.6171875,0.5012130467992162
03913,0.886897157870666,0.4908328746242114,0.2557234764099121,0.5496252775192261,0.6243892908096313,72.96400451660156,4.747559838157676,11.527711868286133,4.015625,0.6071824589355992
03914,0.9012447718121739,0.38700298164712854,0.21363139152526855,0.4212452173233032,0.5908998847007751,75.61473083496094,3.7832651153820005,12.969860076904297,3.7734375,0.32461398998033675
03915,0.8592693263406678,0.35843310542501416,0.21982383728027344,0.4043847620487213,0.40836021304130554,65.2486572265625,4.87315059121429,15.500687599182129,3.79296875,0.4934555891668547
03916,0.8532378379447583,0.47962297211564603,0.21877294778823853,0.4542332589626312,0.6950793862342834,74.65099334716797,3.8005454457059744,10.175281524658203,4.1171875,0.5301972218432156
03917,0.9548988469283483,0.4648282308950689,0.2610209584236145,0.4355698227882385,0.7337461709976196,74.18057250976562,5.856359986812181,9.165388107299805,4.96875,0.6465540766965171
03918,0.8136335353451153,0.3357883837693164,0.2955794334411621,0.5382947325706482,0.6264613270759583,72.92707061767578,5.343154071786054,13.491148948669434,3.544921875,0.39146892401314015
03919,0.8584240862007969,0.37430971585394424,0.2562888264656067,0.5612095594406128,0.7391080856323242,75.42221069335938,5.476121154294299,13.121537208557129,4.95703125,0.46046232683801175
03920,0.8527532109725722,0.3444168342996884,0.3374149799346924,0.6416075229644775,0.597146213054657,71.40076446533203,4.610833555522585,7.2459211349487305,4.54296875,0.3293270195417111
03921,0.854020818410741,0.3780771185825285,0.2700587511062622,0.5367519855499268,0.439721018075943,72.34669494628906,3.8497931252265074,11.694169998168945,3.708984375,0.47598839808549465
03922,0.765962900227973,0.28435472745846174,0.3271667957305908,0.35894814133644104,0.6202360391616821,69.2905044555664,6.0216371574845695,10.389404296875,4.609375,0.14325984917510243
03923,0.6746656320969825,0.29620406275570105,0.2920117974281311,0.5625146627426147,0.6844346523284912,72.11333465576172,4.05974531723623,12.731609344482422,4.50390625,0.3959409780472433
03924,0.740176894646935,0.39037983885624283,0.28675931692123413,0.6634789705276489,0.6288498044013977,75.18922424316406,3.936887576224138,10.726255416870117,4.12890625,0.5289612337445341
03925,0.6668006115481444,0.2383573549648729,0.41042232513427734,0.7104917168617249,0.5708925724029541,66.65580749511719,5.376193142651348,14.707961082458496,4.5703125,0.14837868584570832
03926,0.7674840038174854,0.3340222309110205,0.22867852449417114,0.5408593416213989,0.6609721183776855,73.02371215820312,5.045784563878789,6.889243125915527,4.765625,0.4125044971793449
03927,0.8365230499501884,0.4597010851020269,0.2778457999229431,0.5139532685279846,0.5655756592750549,67.96487426757812,4.456430856480207,14.181385040283203,4.28125,0.4643183986574939
03928,0.7687485827170967,0.36313747011093256,0.238572359085083,0.5444110035896301,0.56803297996521,72.00051879882812,4.608335984136853,11.85242748260498,4.82421875,0.44598664876828253
03929,0.80242731595017,0.42228407000330204,0.32323944568634033,0.5644644498825073,0.5853155255317688,74.6951675415039,4.416578108699695,11.312015533447266,4.54296875,0.6697877370420725
03930,0.8530100452282978,0.33794466403162055,0.3160989284515381,0.4259611666202545,0.6363943815231323,71.65926361083984,6.750243483021353,14.678912162780762,3.94140625,0.675605228582131
03931,0.8529526503639187,0.3213034378288371,0.23820900917053223,0.5207264423370361,0.717273473739624,74.39886474609375,7.381633771696393,12.92243766784668,4.4140625,0.34690756805798567
03932,0.6881920400614483,0.3080380952380952,0.3075977563858032,0.4817516505718231,0.7060506939888,72.15184020996094,4.779383591785119,10.697431564331055,4.65234375,0.5307395150335621
03933,0.818805563291831,0.32284188357399674,0.361583411693573,0.6425410509109497,0.6901451945304871,72.83200073242188,4.884173536206794,9.790538787841797,4.53125,0.23153490921005979
03934,0.7558537936792505,0.3041512277837091,0.37450116872787476,0.6866029500961304,0.5929602384567261,68.24593353271484,4.9458165199761375,15.643387794494629,4.203125,0.5103765372603069
03935,0.7594808547154022,0.3384924934220709,0.20612722635269165,0.4539494216442108,0.6317093372344971,76.50316619873047,4.475734535195918,12.557870864868164,4.95703125,0.5642541613857194
03936,0.8086087407165706,0.33461275064103585,0.3281579613685608,0.5992822647094727,0.5734309554100037,70.20826721191406,6.141648553462632,11.528079986572266,3.21875,0.2860458319978868
03937,0.7960905345482524,0.36328679602460956,0.2576669454574585,0.43555495142936707,0.6819287538528442,71.23245239257812,5.047567684277503,7.835292816162109,4.85546875,0.3615953049361477
03938,0.7498950195553314,0.3117067589073166,0.23871588706970215,0.45711758732795715,0.6912860870361328,74.3531494140625,3.7378361482195563,11.465421676635742,4.97265625,0.3416033034046954
03939,0.8782704687063515,0.4222965020479262,0.355660617351532,0.6251198053359985,0.43496087193489075,66.6284408569336,7.008221520621309,12.093372344970703,2.416015625,0.3437919228244456
03940,0.6579340881378657,0.29466425106656535,0.3267597556114197,0.559604823589325,0.5437591075897217,69.02671813964844,5.574700415689153,12.559473037719727,3.87109375,0.5202669780934884
03941,0.8563420036413913,0.36078223830782497,0.22774213552474976,0.3635595440864563,0.7603486180305481,73.41802978515625,4.1303829863981765,13.9693603515625,4.9453125,0.2992380856842801
03942,0.8251105004978998,0.4157083348168192,0.21105247735977173,0.4394882023334503,0.5423210859298706,62.97358322143555,5.02499483765097,17.992448806762695,3.87890625,0.5032311944183675
03943,0.8037815618972711,0.4142820967333502,0.2604103684425354,0.4450928270816803,0.6028572916984558,70.8296890258789,4.181571853244828,11.08687973022461,4.59375,0.4345502737989003
03944,0.6672837766567944,0.295204137355048,0.24551868438720703,0.5650581121444702,0.7032012939453125,76.12922668457031,4.398453249228462,13.3934965133667,4.82421875,0.45163361522782
03945,0.6390349871340065,0.29575436373062963,0.25711727142333984,0.49353083968162537,0.5503155589103699,71.52594757080078,4.117505418356823,12.521039962768555,4.67578125,0.39795383788219696
03946,0.7635564263154148,0.3283646420746381,0.2674564719200134,0.49735820293426514,0.7821677923202515,75.29466247558594,3.2847449877728274,8.073573112487793,4.48046875,0.24904646496529728
03947,0.8190766511134305,0.4457060897627443,0.27493715286254883,0.5446004271507263,0.6263981461524963,70.61398315429688,4.771504936038051,9.271628379821777,4.51171875,0.5616822098858317
03948,0.8722645814613882,0.37594168363182634,0.17553961277008057,0.3751630485057831,0.6602898240089417,74.1294937133789,2.991340280009504,12.478288650512695,4.546875,0.2812652170888257
03949,0.7879181629505438,0.3597512719050311,0.22959303855895996,0.41027548909187317,0.6740469336509705,74.38589477539062,5.3386207020820065,11.278372764587402,4.7734375,0.5353168573926299
03950,0.9266265169911821,0.3790233497124138,0.2163846492767334,0.4129633903503418,0.7351863384246826,74.7220458984375,4.909253370547341,13.29415225982666,4.890625,0.3900303498550221
03951,0.856388603663566,0.36154913294797686,0.233667254447937,0.4640173316001892,0.7906240224838257,74.95403289794922,3.7730862851620435,11.588530540466309,4.90625,0.29259399384656104
03952,0.7810312302923282,0.3431418169873813,0.13898569345474243,0.2931431531906128,0.556392252445221,72.18903350830078,2.9459544657252645,15.453655242919922,4.85546875,0.5403855286788276
03953,0.8865620407695268,0.4734528968186655,0.2853105664253235,0.3992672562599182,0.6260119080543518,77.02608489990234,4.541347390781725,11.041601181030273,4.4765625,0.5523141218391068
03954,0.8994399453207133,0.3985515710781451,0.2747877836227417,0.4579828381538391,0.7785438895225525,77.26644897460938,4.2504596567474175,11.604715347290039,4.94921875,0.4620839718867525
03955,0.7905958505477183,0.47955830156434864,0.25804561376571655,0.5164456367492676,0.5060407519340515,62.16411209106445,5.956038206963246,13.585203170776367,3.693359375,0.6956525571438829
03956,0.6455889169273669,0.311235823687595,0.27331364154815674,0.5657569766044617,0.7204145789146423,73.3103256225586,4.5920656812406815,11.667555809020996,4.91796875,0.4937299899232451
03957,0.7385323238127848,0.32656684161778327,0.19515812397003174,0.4375223219394684,0.6516910195350647,74.39213562011719,2.2728856769833716,12.257452964782715,4.734375,0.34231694703326004
03958,0.8807632549029396,0.35089298075591857,0.3628917932510376,0.6943451762199402,0.5567947030067444,71.95215606689453,4.654233137460265,11.22118854522705,3.275390625,0.18125785790694104
03959,0.7976548934151727,0.35093951575208004,0.3539007306098938,0.5942502021789551,0.5319056510925293,68.39330291748047,7.184460214352675,11.641316413879395,4.30859375,0.5261925375726473
03960,0.7771710414944539,0.2880116959064328,0.34679943323135376,0.5856515169143677,0.6887794733047485,70.95130920410156,7.946377249450589,10.13139820098877,2.642578125,0.44733236785494346
03961,0.8402580827308443,0.436550623559312,0.2643088102340698,0.5746049284934998,0.4365847408771515,73.01429748535156,4.249288036717894,9.266697883605957,3.98046875,0.49009995050491667
03962,0.8009066315630731,0.3708502790125792,0.3049952983856201,0.5470972657203674,0.692426323890686,70.85771942138672,5.382172028838809,14.555233001708984,3.962890625,0.5482806291628256
03963,0.7607252613183274,0.3359641985353946,0.24298393726348877,0.46882927417755127,0.7590256929397583,76.41744232177734,6.577449540266652,8.943307876586914,4.984375,0.6515415355878905
03964,0.7602755503924956,0.28843016405329464,0.357053279876709,0.5349352359771729,0.7180841565132141,74.22430419921875,5.357805536416162,12.437605857849121,4.75,0.275816110554445
03965,0.8049365774087074,0.381505054286784,0.30837851762771606,0.6560941934585571,0.6213362812995911,70.67283630371094,5.5710246984235265,10.558565139770508,4.0078125,0.6336537047919587
03966,0.8089882781790313,0.3203729704431724,0.3454780578613281,0.5193690657615662,0.717163622379303,72.0196762084961,5.269848076266768,10.683417320251465,4.19921875,0.3393285160996754
03967,0.7942892800659189,0.38087552341073466,0.24632632732391357,0.3706273138523102,0.7621572017669678,75.45773315429688,3.9138877517194604,11.653270721435547,4.953125,0.38071172332711267
03968,0.8080378926429898,0.40884476534296027,0.21053475141525269,0.4017081558704376,0.6132189035415649,77.32952117919922,4.954000796851237,10.54452896118164,4.3125,0.39006196792198605
03969,0.761571302314447,0.3109300138808042,0.31978094577789307,0.6998998522758484,0.5972542762756348,67.96290588378906,5.8339933878721295,12.256246566772461,4.53125,0.5152255816675395
03970,0.9127367489126678,0.37041521618485446,0.17993420362472534,0.3556531071662903,0.6625246405601501,74.86360931396484,3.7845834921800052,11.576648712158203,4.9296875,0.3634923966983556
03971,0.8018969876926628,0.39394718241984195,0.21685940027236938,0.4843396246433258,0.6865865588188171,74.33132934570312,3.8473848763889142,11.21435546875,4.48046875,0.43468224022563934
03972,0.8127484764540307,0.3656186612576065,0.3524904251098633,0.7013946175575256,0.4363241493701935,75.00209045410156,4.241462603384867,6.803929805755615,4.62109375,0.4136269013616632
03973,0.8403736418561828,0.35971415351395813,0.23345601558685303,0.5288876295089722,0.6769878268241882,70.99190521240234,4.370150503211631,11.642906188964844,4.6015625,0.23199662286874598
03974,0.8026126691599105,0.33222471549927873,0.2988569140434265,0.5086342692375183,0.568010151386261,74.26039123535156,5.817183497091815,13.480452537536621,3.529296875,0.42383988583072535
03975,0.7978686008062734,0.33180026281208935,0.2737594246864319,0.5105064511299133,0.6037192940711975,71.02452850341797,5.160185085562378,16.629945755004883,4.9375,0.4635430906364898
03976,0.8404790084305591,0.387019190620146,0.27068036794662476,0.5641433000564575,0.6207703351974487,72.43148040771484,4.241497276505209,7.9324235916137695,4.609375,0.3975521448709258
03977,0.9166717243403182,0.37056663895816017,0.21403157711029053,0.43096470832824707,0.6930723190307617,73.4978256225586,5.446008481659239,15.282691955566406,4.6953125,0.5076993145090091
03978,0.7683266112110849,0.3628245550923673,0.25280749797821045,0.4253043532371521,0.704842746257782,73.4631118774414,4.117227420337035,9.297595024108887,4.92578125,0.37052368390678336
03979,0.6438219292511097,0.235372879265693,0.5360239744186401,0.8221716284751892,0.5288299322128296,67.29783630371094,5.453540813187128,11.23435115814209,1.408203125,0.2503088708573312
03980,0.9093696358719312,0.34619539164616026,0.4488356113433838,0.7824859619140625,0.6596687436103821,73.08460235595703,5.785880140930779,10.175325393676758,4.01171875,0.11919746438939019
03981,0.8506550613657984,0.4195078892199051,0.22513794898986816,0.47889891266822815,0.6871689558029175,75.30320739746094,3.689032002108851,14.255607604980469,4.546875,0.49322944366440014
03982,0.825851859405099,0.37169517884914466,0.28218740224838257,0.6856516003608704,0.4864131510257721,68.09722900390625,7.16773277999215,10.853815078735352,2.888671875,0.49085718164499625
03983,0.8237188714666065,0.3976332827359747,0.3551086187362671,0.528197705745697,0.6996319890022278,72.58129119873047,4.3697355355174485,6.715765476226807,4.6796875,0.33158357100259345
03984,0.7368266763650049,0.28068420782684517,0.2489205002784729,0.4572644531726837,0.596193253993988,74.60652160644531,3.8886648365994505,13.355623245239258,4.73828125,0.3390867831366274
03985,0.8122840054667015,0.43761022927689597,0.2483089566230774,0.39436018466949463,0.5146066546440125,69.08335876464844,6.634907881523683,11.714873313903809,4.609375,0.6134419498263527
03986,0.8726934036053731,0.3999278499278499,0.2041260004043579,0.34873008728027344,0.6997368931770325,74.9637222290039,3.972251557318708,10.504114151000977,4.91796875,0.4076029651752642
03987,0.8443165956905558,0.41374349136749794,0.3031262755393982,0.44408750534057617,0.6757975816726685,74.57827758789062,4.821022586972881,6.780726909637451,4.42578125,0.4719863641021398
03988,0.8552620882259714,0.4037672912783283,0.15631020069122314,0.4536598026752472,0.7224740386009216,74.8480453491211,3.832376347890425,9.907882690429688,4.984375,0.52363731312163
03989,0.8421045401327228,0.33418028301149244,0.28749704360961914,0.638710618019104,0.6402835249900818,69.42562866210938,5.0424542320058725,11.928058624267578,4.42578125,0.39293104973449755
03990,0.8249955269780415,0.33598380415817586,0.3620319366455078,0.5656492710113525,0.5272411704063416,73.27421569824219,5.300554018810589,10.232992172241211,4.375,0.2407156057073507
03991,0.6300847480411732,0.327919073299933,0.25291872024536133,0.5181981921195984,0.35572144389152527,69.20509338378906,4.395055438358042,12.951592445373535,3.796875,0.47359585577350233
03992,0.9035174944282659,0.5104329229524305,0.22046416997909546,0.5668796896934509,0.5746360421180725,75.15939331054688,4.890025351982849,8.62282657623291,3.95703125,0.577251513706332
03993,0.8288981489211351,0.3392263179477833,0.29181379079818726,0.5944441556930542,0.7713350653648376,72.04917907714844,5.0560081880883,12.064471244812012,4.1640625,0.43443131558860143
03994,0.8227232408599806,0.36881070434014807,0.24947595596313477,0.319791704416275,0.5925229787826538,68.35508728027344,7.091030985553158,16.795652389526367,4.03515625,0.7889962737153742
03995,0.8237151933958491,0.38401962343001206,0.3060639500617981,0.5419048070907593,0.4985348582267761,74.7869644165039,4.88570702724817,11.372350692749023,3.7890625,0.43203082517333935
03996,0.841088854790447,0.35863172101237983,0.2440895438194275,0.48212721943855286,0.6657530069351196,72.60513305664062,3.319697971554739,11.396180152893066,4.6328125,0.23138555581948472
03997,0.5857144423860395,0.23471088693092027,0.34032905101776123,0.554297924041748,0.5988964438438416,72.02740478515625,3.8190616779837248,11.154631614685059,3.8515625,0.2950280146784064
03998,0.761645711162078,0.3479685241689417,0.3751782178878784,0.6721680164337158,0.35212329030036926,64.99976348876953,6.800700522014048,8.206470489501953,1.828125,0.35184051531946997
03999,0.7923364961783228,0.33097270300980364,0.24100124835968018,0.5136588215827942,0.6387498378753662,74.49974060058594,2.1691132850693107,10.013448715209961,4.91796875,0.23015944920588693
04000,0.8321028867956892,0.4129096604279325,0.2259160280227661,0.413132905960083,0.6265237927436829,75.79924011230469,3.141623228404684,10.857669830322266,4.671875,0.43475115581656265
04001,0.15722676912141406,0.07284693067060025,0.46089059114456177,0.751395583152771,0.5712761282920837,70.15276336669922,6.00405544362785,10.365768432617188,2.09375,0.498422881497918
04002,0.8050865407761418,0.4467699406723797,0.2668831944465637,0.6197352409362793,0.49641531705856323,67.20358276367188,4.327348312688774,9.800333023071289,4.34765625,0.5968019994580808
04003,0.8664124193133395,0.3322620350109409,0.2698493003845215,0.5763665437698364,0.6741657257080078,73.10428619384766,5.971038726917518,11.77050495147705,4.828125,0.320932709733922
04004,0.7884266461376805,0.3467719560345747,0.17167216539382935,0.42578598856925964,0.7381603717803955,74.80940246582031,3.549412265589952,14.02945613861084,4.9765625,0.3769575189232923
04005,0.777573066721514,0.35071120142240286,0.31335800886154175,0.5956325531005859,0.5851035118103027,73.07994079589844,6.109595729733463,11.656177520751953,4.37109375,0.41857457563681716
04006,0.8829061667754667,0.33608278917019896,0.18898522853851318,0.4861566424369812,0.7107405662536621,73.50840759277344,5.324644293729563,14.186049461364746,4.69140625,0.32513330020983755
04007,0.8241249803663734,0.42162358937022204,0.21921324729919434,0.5243437886238098,0.7667636275291443,75.13019561767578,5.536776191260438,7.2905707359313965,4.9609375,0.5564179470854465
04008,0.8423985219657928,0.4091626225710463,0.1912592053413391,0.357480525970459,0.7823066711425781,74.86466217041016,4.108723690685991,12.820024490356445,4.94921875,0.485499558570235
04009,0.8229023321019688,0.34954193093727975,0.3822818994522095,0.635027289390564,0.5010064244270325,66.86085510253906,5.925038306186143,12.077020645141602,2.13671875,0.36965227676358464
04010,0.8908337027249118,0.4329971836104297,0.23014068603515625,0.4617161154747009,0.6955682635307312,73.142578125,4.7251039688672645,11.60860824584961,4.95703125,0.608554268217406
04011,0.8011866305502097,0.33030770109036933,0.331082284450531,0.5942605137825012,0.5561193823814392,72.25666046142578,8.007156258634136,10.300159454345703,2.947265625,0.44134923353288386
04012,0.7675245980334591,0.3968405766301845,0.24177682399749756,0.36363425850868225,0.6333910226821899,73.6842269897461,5.2187087643098105,13.17928409576416,3.9296875,0.6814885079278469
04013,0.7990877922337932,0.33763937992929016,0.20960932970046997,0.4505287706851959,0.649904191493988,73.75756072998047,3.4082912331221675,11.279753684997559,4.890625,0.3595527503134585
04014,0.8545329614164544,0.38876333961079723,0.2646445035934448,0.5966342687606812,0.6059813499450684,71.44873046875,3.9243098795419993,12.147568702697754,4.51953125,0.4620990245283417
04015,0.8195506981801443,0.32949831518747735,0.24494826793670654,0.5353870987892151,0.6809633374214172,70.04135131835938,4.224708216110162,12.562970161437988,4.64453125,0.3476676568402217
04016,0.8683464912161337,0.440463645943098,0.2524733543395996,0.5327341556549072,0.6877113580703735,72.31632232666016,4.018683522032543,8.16800308227539,4.44140625,0.4612752656180648
04017,0.7058905138616777,0.3741128128502055,0.3465050458908081,0.5871939063072205,0.35246315598487854,69.47420501708984,5.908132237591451,14.361837387084961,2.1875,0.5227681188414117
04018,0.7120113302492792,0.3562413829674409,0.32091623544692993,0.6291989088058472,0.6925196647644043,74.96172332763672,5.6317097995958605,9.475598335266113,4.6484375,0.4661330828425099
04019,0.7779215433839011,0.36122937732836613,0.17547380924224854,0.3550047278404236,0.6078585386276245,75.11407470703125,3.18266084359366,13.447188377380371,4.7578125,0.38133298714336056
04020,0.8299717819401287,0.4332440487418418,0.23866742849349976,0.4003612995147705,0.7021074295043945,72.2134017944336,5.040378229807225,13.77998161315918,4.93359375,0.5853487945836016
04021,0.8317202722729798,0.34852637146016635,0.25321829319000244,0.5521994829177856,0.6000630855560303,71.9057846069336,6.35661950697009,14.548479080200195,4.07421875,0.5000216634046847
04022,0.8311536204216265,0.398195246716671,0.31198835372924805,0.6404072046279907,0.5969440937042236,75.7093505859375,6.130923970319278,7.8405961990356445,4.90234375,0.3578252346003924
04023,0.8392390767051557,0.3814729574223245,0.23975145816802979,0.46070894598960876,0.6696378588676453,72.06879425048828,8.087649493788458,15.51865005493164,3.892578125,0.5596763797672674
04024,0.8117405472074539,0.3981138962051039,0.2925426959991455,0.3631467819213867,0.6903738975524902,71.1937484741211,4.333121609418239,10.407867431640625,4.39453125,0.3206420902872659
04025,0.7385993322226401,0.4128269672759111,0.2781810164451599,0.5150378942489624,0.5315294861793518,70.11566925048828,9.306495394582612,15.746859550476074,3.787109375,0.5862715462345055
04026,0.8219795385160397,0.3891589804171021,0.22686195373535156,0.3925268054008484,0.753541886806488,73.2475814819336,4.042085657831413,10.679415702819824,4.88671875,0.4349622160715911
04027,0.8601679596650675,0.3666466129226327,0.3019378185272217,0.6002293825149536,0.6682120561599731,75.87256622314453,3.1663439182555937,7.180680274963379,4.9765625,0.2548821166492453
04028,0.755893957384362,0.324990043197206,0.22081685066223145,0.4799693822860718,0.6649987101554871,72.97962188720703,4.112379358047702,8.558883666992188,4.93359375,0.42615593966610016
04029,0.9159389085182422,0.36906417967959143,0.27785438299179077,0.5668622255325317,0.6593514084815979,73.52779388427734,4.404563348671652,11.762351989746094,4.78515625,0.17714649222943987
04030,0.9625556069657843,0.6364653243847874,0.32356321811676025,0.5098549127578735,0.7034928798675537,75.07575225830078,6.406786654762178,9.46092700958252,4.84765625,0.861303959161155
04031,0.8284867394206452,0.3142335051882791,0.30957019329071045,0.554108202457428,0.7407774329185486,75.38911437988281,5.164204454119633,11.313685417175293,4.75390625,0.29503928620041653
04032,0.8596403995733667,0.45218089806410156,0.2485392689704895,0.407709538936615,0.6807126402854919,76.1568603515625,4.17416318681526,9.90169906616211,4.609375,0.47802818604356134
04033,0.9181821509856319,0.3460085069095821,0.3230202794075012,0.6132436990737915,0.7278192639350891,72.60609436035156,4.283264803197402,11.495660781860352,4.79296875,0.24425451413992968
04034,0.8687023497916889,0.42899702085402186,0.256030797958374,0.320587694644928,0.5787321329116821,73.20767211914062,4.51204194266009,12.889843940734863,4.015625,0.6607517624068522
04035,0.6042274530984844,0.2145617726628591,0.3896983861923218,0.6889610290527344,0.4288783669471741,68.65166473388672,3.908364790311718,12.182097434997559,2.359375,0.15228645230999444
04036,0.8475027532452222,0.43902644433215426,0.2937578558921814,0.4483660161495209,0.6547247767448425,73.97515869140625,5.325577012575746,8.487500190734863,4.8828125,0.3290496176842039
04037,0.7798865024417821,0.3425864791158318,0.24456864595413208,0.49784281849861145,0.5340091586112976,67.44624328613281,5.890665967285727,16.428468704223633,4.671875,0.3853452753735453
04038,0.8380810653003038,0.4511720698254364,0.21544015407562256,0.40488338470458984,0.6167206168174744,71.79964447021484,5.929035140738665,16.500926971435547,4.625,0.6999937028876142
04039,0.6295716116670766,0.34536032071966366,0.28919047117233276,0.558734655380249,0.630952775478363,73.18573760986328,5.624533130936626,9.345239639282227,4.703125,0.6147139831985219
04040,0.831790983925728,0.38379669211946105,0.186475932598114,0.35315364599227905,0.688334047794342,73.30845642089844,3.167084301584326,11.942032814025879,4.875,0.49835137669210977
04041,0.7423776562461818,0.3113361866134851,0.3667682409286499,0.5534800291061401,0.6467225551605225,70.3073959350586,4.625202229866873,7.263672351837158,2.7421875,0.33013702231783554
04042,0.8889256503536942,0.3425664308081174,0.2585042119026184,0.5216018557548523,0.6828153729438782,75.79049682617188,5.021385377977444,11.522977828979492,4.875,0.22572582082334264
04043,0.6808948641631688,0.25196850393700787,0.3441675305366516,0.6641147136688232,0.6136413216590881,73.40631103515625,4.664138672865569,9.253915786743164,4.8828125,0.5038265423293401
04044,0.6938417836570643,0.27383271353521044,0.35529375076293945,0.5603157877922058,0.6328122019767761,71.12171936035156,6.195430286136715,4.022601127624512,4.859375,0.47008881488880616
04045,0.7713094844851683,0.3979940564635958,0.20942842960357666,0.4156376123428345,0.6374487280845642,73.01646423339844,4.439848620548088,13.809657096862793,4.1953125,0.5026980371060712
04046,0.8487001808116214,0.5058631921824104,0.12786263227462769,0.3377194404602051,0.7202264666557312,73.15779876708984,4.888425667698335,13.974343299865723,4.98828125,0.6730150638968396
04047,0.8680794884055261,0.38691167925624637,0.25591516494750977,0.5286595225334167,0.7331222891807556,74.24459075927734,4.231426842369366,12.187013626098633,4.93359375,0.42586825104342163
04048,0.8915112271984548,0.33926159546859197,0.42225712537765503,0.46170318126678467,0.72762131690979,72.2769775390625,5.46757137172959,12.113532066345215,4.63671875,0.17775345248994093
04049,0.8293427049721722,0.40310912728951825,0.2614648938179016,0.6108970642089844,0.6185386776924133,76.28202056884766,4.583211281138359,6.332642555236816,4.96484375,0.30487702316601567
04050,0.4438293719627418,0.15519292877783444,0.30817025899887085,0.5664370059967041,0.6076411008834839,70.05073547363281,4.714803060406231,10.391551971435547,4.77734375,0.19602074079981147
04051,0.7532468584055528,0.30858518704855,0.3156275749206543,0.5916718244552612,0.6959631443023682,72.6432876586914,3.394518988903156,6.873923301696777,4.703125,0.243180590161124
04052,0.7539976472347557,0.38219871823600593,0.2803223729133606,0.4494951367378235,0.5751720666885376,71.15652465820312,5.135538154908724,12.346628189086914,4.39453125,0.5162047874174196
04053,0.7579697306842899,0.29566915016534523,0.3176919221878052,0.5735435485839844,0.6563220024108887,74.30545806884766,6.087243063766925,12.480320930480957,4.14453125,0.34393201451138933
04054,0.9212577656448981,0.5065517860348232,0.2592731714248657,0.46582239866256714,0.7513601183891296,75.26441192626953,4.22443330331569,8.395675659179688,4.96484375,0.5061558029026817
04055,0.8139203796467177,0.3891027331048423,0.19052058458328247,0.42000848054885864,0.7057797312736511,74.47462463378906,3.4886837831764583,9.159285545349121,4.94921875,0.41068865133179955
04056,0.8899952991872179,0.3347763347763348,0.23599356412887573,0.4372846484184265,0.721662700176239,75.90841674804688,5.487445201201531,13.292927742004395,4.93359375,0.3501863906424065
04057,0.8551598175522568,0.37216011539848537,0.32031482458114624,0.5161101222038269,0.4894835650920868,70.89096069335938,3.7842866158671273,11.070363998413086,2.720703125,0.38596625706969684
04058,0.8498047869589911,0.3963302752293578,0.24113953113555908,0.3836497962474823,0.6742985248565674,73.96815490722656,4.927454413852898,15.896882057189941,4.55078125,0.5880877538597928
04059,0.8627035580372029,0.34558286687758577,0.23757386207580566,0.5136598348617554,0.6044579744338989,72.32022094726562,2.6819916705306084,10.433436393737793,4.88671875,0.28774493939054735
04060,0.8743478919420504,0.5028731169436248,0.1665845513343811,0.3138711452484131,0.7386147379875183,75.08544921875,3.564813075915574,11.9523344039917,4.93359375,0.5396712248477762
04061,0.7368722987889992,0.3497996370105483,0.2678758502006531,0.40568920969963074,0.6976433396339417,74.19725799560547,3.430279321708421,9.971611022949219,4.734375,0.41027763174093024
04062,0.7114182082041269,0.2939753348675282,0.3037082552909851,0.5529063940048218,0.5088019371032715,63.64980697631836,4.334024587777629,10.967962265014648,3.951171875,0.7181292977238868
04063,0.59137629272874,0.22170121312232466,0.28214889764785767,0.4340439736843109,0.631510317325592,75.0692138671875,5.106069972910122,12.643478393554688,4.67578125,0.3433573287998798
04064,0.7999553269326865,0.32788038203479947,0.225083589553833,0.44220441579818726,0.6025351285934448,68.79411315917969,3.382735898250718,14.739023208618164,4.5546875,0.2934562565449591
04065,0.6972031878904877,0.3253493013972056,0.17320215702056885,0.341091513633728,0.6419717669487,73.87299346923828,4.8703016380897015,16.384044647216797,4.92578125,0.5738283887657363
04066,0.6180148254879744,0.32577451293516446,0.2525002956390381,0.49858662486076355,0.6899349093437195,70.08930206298828,4.944633197253619,15.05794620513916,4.6953125,0.5389321881688437
04067,0.8035271826015481,0.46661727663357533,0.27065330743789673,0.4665760397911072,0.6853960752487183,74.7865982055664,3.969219718893591,11.541838645935059,4.7578125,0.4976770072819395
04068,0.732373093127165,0.39466518133432354,0.20060497522354126,0.45028913021087646,0.5226365923881531,71.27142333984375,2.6109419948253563,11.53493881225586,4.9296875,0.3528006528067555
04069,0.8361057556533716,0.43859332732191164,0.1875794529914856,0.38273417949676514,0.6104912161827087,74.61734771728516,3.250302039543042,10.200477600097656,4.76953125,0.46731385530078917
04070,0.7715915701853855,0.4145519429024584,0.24071389436721802,0.3974524438381195,0.6687135100364685,76.57096099853516,5.441080167567731,14.225818634033203,4.87109375,0.8160948371456952
04071,0.39082595944659926,0.15737606258933273,0.3458210229873657,0.609290361404419,0.4403352737426758,71.0314712524414,7.505124121172115,11.2791166305542,4.21875,0.46115351413946837
04072,0.7729555730311795,0.38200618108283413,0.20940399169921875,0.43802815675735474,0.6429646015167236,74.4291763305664,3.3797539130303877,11.0611572265625,4.9765625,0.589843862934884
04073,0.7937005864913738,0.3701138569704602,0.23986858129501343,0.46362584829330444,0.6569356322288513,75.88628387451172,3.5835640815280323,8.284403800964355,4.8203125,0.3949387966451331
04074,0.4260009824336443,0.17175438888981512,0.38085877895355225,0.6155506372451782,0.6097617149353027,71.88653564453125,3.568495915195631,7.935974597930908,2.40625,0.20782159524769453
04075,0.8913725469068998,0.3348292598930251,0.29251110553741455,0.5495814085006714,0.7572437524795532,75.3832778930664,6.56669948463603,10.962367057800293,4.3828125,0.3129353886268501
04076,0.8496081449966022,0.37935225132162603,0.3006367087364197,0.41049569845199585,0.5219076871871948,68.99071502685547,5.843513452749374,11.804776191711426,4.4296875,0.26837984377309265
04077,0.8570771228182152,0.39587861925049994,0.3007746934890747,0.4320499300956726,0.43793654441833496,71.67119598388672,11.24893903371701,15.994794845581055,3.05078125,0.5473435460129522
04078,0.5446394471400778,0.30510134142759227,0.432816743850708,0.6386022567749023,0.672779381275177,73.84039306640625,4.770652028047438,6.229320526123047,4.8515625,0.42711216443626476
04079,0.862660087104521,0.45857598066146577,0.23290103673934937,0.5716415643692017,0.7250430583953857,73.45429992675781,4.083751036715903,8.142973899841309,4.51171875,0.4699963708191743
04080,0.7854643081901447,0.4047657153018583,0.16111689805984497,0.21960996091365814,0.7510854005813599,75.59406280517578,3.9072688642846645,16.410316467285156,4.7890625,0.5962582816504733
04081,0.8490314186111546,0.4484586527483282,0.2125622034072876,0.38090598583221436,0.6773947477340698,76.16960906982422,4.815338171570505,8.58019733428955,4.96484375,0.534661818297419
04082,0.7484429417979236,0.3089616384570489,0.20621943473815918,0.33818838000297546,0.7401863932609558,77.19147491455078,4.734979849147139,15.230196952819824,4.9921875,0.570842609288451
04083,0.6614775997306345,0.24096292581304735,0.42953968048095703,0.7244780659675598,0.5789914131164551,63.94971466064453,8.186154447428407,14.555878639221191,1.9873046875,0.35075842306673227
04084,0.9217511017422051,0.35341922314017754,0.2974053621292114,0.5536699295043945,0.5226075053215027,72.58203887939453,3.746056622004139,13.375226974487305,4.44140625,0.38912459793222753
04085,0.8651438903484711,0.4687473990844777,0.2027847170829773,0.4459884464740753,0.7013546228408813,73.34744262695312,5.038079870810775,10.443439483642578,4.9765625,0.7117046746379482
04086,0.8669934266802157,0.37603555555555557,0.2930251359939575,0.440756231546402,0.6653510928153992,65.15737915039062,5.098557307331639,15.328847885131836,4.55859375,0.605734798851225
04087,0.798172662243331,0.3427025955452344,0.3476529121398926,0.566023588180542,0.5542399883270264,75.11446380615234,4.989213497110042,9.937017440795898,4.27734375,0.27118732744551155
04088,0.8599502738607484,0.5402091597547782,0.254749059677124,0.5610557198524475,0.570613443851471,73.54708099365234,5.373371927873869,9.996503829956055,4.29296875,0.7346713059746731
04089,0.6836917540688968,0.3427082637450731,0.2891605496406555,0.7482971549034119,0.6024546027183533,73.0438003540039,6.942128544130568,9.483490943908691,4.484375,0.3837232720267705
04090,0.8244474415920912,0.44307854414540987,0.29899150133132935,0.48035624623298645,0.6057858467102051,75.0157699584961,4.926597253351324,8.490659713745117,4.20703125,0.4862457900865893
04091,0.8207157607696014,0.4160054086752304,0.19101518392562866,0.40749478340148926,0.6497516632080078,72.23633575439453,3.537021410855598,10.884565353393555,4.77734375,0.42640306327312383
04092,0.7875477924010709,0.38189851385727674,0.2432224154472351,0.4452919661998749,0.54612797498703,69.62974548339844,4.251760695806837,10.4805326461792,3.95703125,0.4355267782150285
04093,0.7186645835454936,0.297450823904981,0.3031446933746338,0.5603228211402893,0.5703362822532654,69.71248626708984,7.142634706322581,18.402231216430664,3.0859375,0.48940914738931374
04094,0.640617361126825,0.3175191110410592,0.28649288415908813,0.463313490152359,0.696230411529541,77.60662078857422,4.540891267712534,14.073436737060547,4.41015625,0.4873383535912889
04095,0.7980660454912464,0.299182972579816,0.33019644021987915,0.5184006094932556,0.6292698383331299,75.0854263305664,5.240787360550222,12.973217010498047,4.3515625,0.31301840656623764
04096,0.8151197202056598,0.38564141558153536,0.25218868255615234,0.5279042720794678,0.48581433296203613,63.32710266113281,5.051022163767427,11.262063980102539,3.724609375,0.4543978663038693
04097,0.8137085196673668,0.3616652211621856,0.2195988893508911,0.5565451383590698,0.6550059914588928,72.72024536132812,4.219864382612381,15.003609657287598,4.75,0.6049453197067143
04098,0.9006550819889058,0.3532496205326342,0.34422409534454346,0.6585925817489624,0.7083730697631836,69.40929412841797,7.585384046899011,9.56847095489502,2.798828125,0.4879410070295111
04099,0.7782377000178418,0.29376176550678995,0.32754963636398315,0.5797421932220459,0.4361182749271393,71.96622467041016,5.569490427183696,13.159891128540039,4.1640625,0.20668947398914056
04100,0.8213077494153401,0.411261826057221,0.31640344858169556,0.5439639091491699,0.6862213611602783,75.37884521484375,3.855712735128025,6.601574897766113,4.23828125,0.20731652499459113
04101,0.8072894504933569,0.35275481029286765,0.2650238871574402,0.536873459815979,0.6476312875747681,74.20364379882812,5.680841413615778,10.284029006958008,4.1953125,0.4367005239959395
04102,0.8899480090430427,0.36602926981973755,0.1817818284034729,0.3721751570701599,0.6006544828414917,72.3719253540039,4.056887364442376,12.273179054260254,4.94140625,0.3624555371330713
04103,0.8235622012352263,0.4471271671053826,0.26091378927230835,0.5408670902252197,0.6310500502586365,75.36250305175781,3.965600916748364,8.928633689880371,4.51171875,0.40863674676956235
04104,0.8167096046879853,0.35538580138762355,0.22113025188446045,0.49214744567871094,0.6884275674819946,73.09294891357422,3.7013071454605107,11.280130386352539,4.7265625,0.43939934026380856
04105,0.8680797689334154,0.4162000838615791,0.17736250162124634,0.343203067779541,0.7283096313476562,76.28807830810547,4.390865864531512,12.84030818939209,4.984375,0.5058671455877914
04106,0.8658128079179119,0.45433939951382957,0.21844494342803955,0.29788023233413696,0.7719386219978333,74.84051513671875,5.0245638936217905,14.625839233398438,4.9140625,0.553297313390291
04107,0.8129336943305481,0.35810525043804,0.3111804723739624,0.5526210069656372,0.620560884475708,72.25172424316406,3.3927190018980222,8.90316104888916,4.609375,0.3645036328371907
04108,0.7966549711086907,0.3473156153271427,0.28221559524536133,0.6211104393005371,0.5122670531272888,72.97183227539062,4.951937975363942,9.419290542602539,3.134765625,0.44470020900473783
04109,0.7761598161706721,0.3989735694123685,0.27799874544143677,0.5368767380714417,0.6027539968490601,70.42736053466797,6.2894532853618355,11.335638999938965,3.318359375,0.4799659975870299
04110,0.8222615505763365,0.41208962619051986,0.2472618818283081,0.46734619140625,0.7318688035011292,74.85757446289062,4.967200472612422,7.70712947845459,4.8046875,0.3106220391711384
04111,0.8367045104991762,0.36342899190581307,0.2858888506889343,0.5539193153381348,0.7154748439788818,72.79143524169922,5.31448589716611,11.326801300048828,4.6796875,0.5222531658108325
04112,0.7341397072434956,0.3385910366269811,0.17370927333831787,0.32765719294548035,0.6937488317489624,76.04304504394531,3.906292589666715,16.255447387695312,4.98046875,0.568177667122208
04113,0.8652090243607242,0.3464776620386424,0.23439747095108032,0.4447050988674164,0.7588676810264587,74.05925750732422,4.638728282058728,12.415728569030762,4.4765625,0.4809944606392447
04114,0.623418843263941,0.27704294256205836,0.3301234245300293,0.639058530330658,0.3938787579536438,59.64763641357422,6.646671208010204,10.657092094421387,2.388671875,0.4648273211903761
04115,0.7823453824168345,0.3493552168815944,0.17808109521865845,0.4562304615974426,0.6314728260040283,75.0408706665039,2.507816474458971,9.61590576171875,4.234375,0.4240043441491493
04116,0.7851558946297781,0.31278979634979914,0.24385851621627808,0.47534939646720886,0.6572667956352234,72.0960693359375,5.305886835416477,13.630552291870117,4.1875,0.28933970870913345
04117,0.853041638628514,0.47772872474067696,0.3479697108268738,0.5210449695587158,0.41920149326324463,65.12614440917969,5.533143110046092,13.320892333984375,2.412109375,0.4639586726399096
04118,0.922651210320079,0.5271698218418045,0.22887933254241943,0.35899487137794495,0.6787753105163574,76.3625717163086,4.677519941017674,10.475530624389648,4.98046875,0.7344889224517795
04119,0.9082249300616445,0.4442121346146114,0.23598939180374146,0.41417306661605835,0.7478659152984619,73.70935821533203,6.335038446365207,13.834968566894531,4.94140625,0.6950997188251776
04120,0.8500864847732628,0.3439989094237473,0.2970070242881775,0.5016642808914185,0.5133864283561707,70.6841049194336,2.9463535895077566,13.621665954589844,3.34375,0.5271544723507169
04121,0.873472784253699,0.33053191375756863,0.33353739976882935,0.5974396467208862,0.6608944535255432,72.86182403564453,5.438651760938756,13.072574615478516,3.92578125,0.3612352218279113
04122,0.6056610551705147,0.2979148624342149,0.2216707468032837,0.4032069146633148,0.6687782406806946,73.0869369506836,7.8230771612107235,14.238614082336426,4.14453125,0.4841149744530096
04123,0.8081113698834629,0.3162806774974075,0.22459709644317627,0.5923110842704773,0.6441987156867981,73.77175903320312,3.593930990354925,10.486326217651367,4.93359375,0.4353988697363223
04124,0.7768029668330826,0.294347808179684,0.27337878942489624,0.5917943120002747,0.7286104559898376,73.60187530517578,4.447952064363037,12.44540023803711,4.84375,0.39022239346093307
04125,0.7980694231265081,0.3254799590258732,0.2692822813987732,0.5289585590362549,0.5772081613540649,72.63155364990234,5.841573344832061,14.287853240966797,3.8671875,0.5661261225004351
04126,0.8332201577206692,0.4137527622513974,0.22616738080978394,0.46977394819259644,0.7171080112457275,74.5005111694336,4.7141607258923575,10.259695053100586,4.90234375,0.5474114679958304
04127,0.6404332711592955,0.3044245704871735,0.2739343047142029,0.5664064288139343,0.7205051779747009,73.29601287841797,4.589603137848683,11.673232078552246,4.91015625,0.4935155592694289
04128,0.7997567953382169,0.32695756126718467,0.3140532970428467,0.5057764053344727,0.5956261157989502,74.67464447021484,2.949015082597514,10.826074600219727,4.7421875,0.4049375661163943
04129,0.3852118555978682,0.17178413584554547,0.27532923221588135,0.4878515899181366,0.633147120475769,73.4207992553711,4.4849859312295255,13.744296073913574,4.80859375,0.5600480097382273
04130,0.8332936011590782,0.5115389867540625,0.2588866353034973,0.2868558168411255,0.522447943687439,60.91600036621094,8.896115526695201,22.287710189819336,4.2890625,0.739662064885917
04131,0.7960280067968436,0.3560557538048617,0.2502211332321167,0.47213923931121826,0.6940335631370544,74.43476867675781,4.741606408284158,12.304459571838379,4.21875,0.5593993758771164
04132,0.7111487241224828,0.4224985540775014,0.21920901536941528,0.5700993537902832,0.5813146233558655,74.0689468383789,3.9324951107367765,14.162172317504883,4.94140625,0.6244919260688927
04133,0.7907462269000826,0.43434746857746975,0.2218274474143982,0.37101948261260986,0.7120329737663269,74.46070098876953,2.903677779645665,10.917732238769531,4.796875,0.4427660038801065
04134,0.8701992343308694,0.38064607137819156,0.18280518054962158,0.2970871031284332,0.7395098805427551,74.8905258178711,3.4423201239637136,13.720749855041504,4.8046875,0.6703911036594928
04135,0.9207380669304501,0.37309131267565293,0.20384252071380615,0.3865024447441101,0.7515331506729126,75.93158721923828,6.078495892428824,14.504646301269531,4.890625,0.6074158743574457
04136,0.8219092139628918,0.3902239416710066,0.17704761028289795,0.44351962208747864,0.7126357555389404,73.02598571777344,4.7894392683441005,13.596309661865234,4.79296875,0.5926212615568588
04137,0.8112381882067506,0.4526112185686654,0.26585716009140015,0.5212157964706421,0.6636487245559692,76.37995910644531,5.172568100568075,11.565862655639648,4.421875,0.6624657150906458
04138,0.8254194890629871,0.40105627390274995,0.15535461902618408,0.32568058371543884,0.6628166437149048,71.05127716064453,3.3280301095183553,13.812129974365234,4.921875,0.41209223716829785
04139,0.7530339122367607,0.357944169058179,0.23946869373321533,0.4391264319419861,0.6796523928642273,72.57084655761719,4.424534361005546,16.11824607849121,4.44921875,0.6850592187955531
04140,0.7728503067410222,0.37264423240177935,0.30374717712402344,0.4975362718105316,0.4304545521736145,68.02531433105469,6.762891177049415,13.401449203491211,3.697265625,0.4400825445428031
04141,0.7463529642043473,0.28452990779415244,0.32249993085861206,0.6472474932670593,0.7148709893226624,74.83393096923828,6.283180450444453,11.618409156799316,4.453125,0.3148508097391172
04142,0.7634045049966232,0.3316518066635382,0.23201000690460205,0.5418351292610168,0.7205508947372437,75.51944732666016,3.8446950644595,11.112398147583008,4.93359375,0.38956308010551394
04143,0.7539113637991376,0.30025956840390877,0.27229440212249756,0.44310030341148376,0.4502120614051819,69.99299621582031,3.430329690339416,11.93968391418457,3.72265625,0.3217407974252402
04144,0.8167813813155332,0.41127510133358086,0.2681148052215576,0.4996180534362793,0.45719605684280396,66.47260284423828,6.13108759994629,15.030268669128418,4.28515625,0.5107204509095737
04145,0.6805822920421807,0.2711092276724229,0.3882244825363159,0.633478581905365,0.543259859085083,73.02696990966797,5.343064201234475,10.334314346313477,4.3203125,0.22364499512203287
04146,0.8127799205389657,0.3756133629091887,0.15803635120391846,0.23071682453155518,0.6897922158241272,75.60841369628906,4.749199050318353,17.625408172607422,4.74609375,0.6705588954828166
04147,0.9191738971428228,0.39463459047716754,0.18656277656555176,0.3585689067840576,0.6243410110473633,69.72291564941406,3.1631412058681194,12.589911460876465,4.08984375,0.4333009460831748
04148,0.8821882121571535,0.36070697045843275,0.2664044499397278,0.6310915946960449,0.4637514054775238,73.83322143554688,4.1329134543891834,8.628494262695312,4.90625,0.24378127449011022
04149,0.8872981266732551,0.3443580908305876,0.3399924635887146,0.728993833065033,0.7060871720314026,70.44882202148438,3.8795262239475092,7.740190505981445,3.87109375,0.1828642424658297
04150,0.7964184198129874,0.43187288113661654,0.25924092531204224,0.36185500025749207,0.6097323298454285,71.18409729003906,4.209116445446473,9.590683937072754,4.6015625,0.34756729448238105
04151,0.8058282178793901,0.4204625087596356,0.3033550977706909,0.5583148002624512,0.48123693466186523,69.15081024169922,8.433133902377287,15.624628067016602,3.7109375,0.6166660289393101
04152,0.8058337967913926,0.41552387242142885,0.3487704396247864,0.63863205909729,0.5411100387573242,71.49169158935547,4.346846987708195,7.614448547363281,3.58984375,0.3983277319423357
04153,0.8916452525220169,0.3314516650966123,0.35234445333480835,0.6423618197441101,0.5224122405052185,67.53181457519531,9.761207590132061,9.963908195495605,2.212890625,0.11349521069767728
04154,0.8021523667497158,0.3393630096724202,0.2155267596244812,0.3954024016857147,0.6890820264816284,73.14848327636719,3.652969886290098,13.231599807739258,4.67578125,0.32398367762606906
04155,0.8139070068507218,0.4932341757995974,0.1741863489151001,0.3184812664985657,0.6804447770118713,75.84971618652344,4.252469385944652,13.754081726074219,4.9453125,0.6754513798690523
04156,0.7099934831900322,0.32142146127812066,0.25645458698272705,0.610686719417572,0.6317787170410156,74.24767303466797,4.795460678605538,10.981849670410156,4.6640625,0.5539056087795093
04157,0.3737604666180029,0.17667920472864052,0.3797948360443115,0.6940261125564575,0.5758333802223206,76.23564147949219,4.353158782994757,6.8356804847717285,3.5390625,0.2746936475796166
04158,0.7835844792083004,0.3184640522875817,0.2626379728317261,0.49271953105926514,0.6340450048446655,70.55265045166016,5.3311061283728085,11.978301048278809,3.94921875,0.3844610013061466
04159,0.7846460662095238,0.39276534983341266,0.22134214639663696,0.42553478479385376,0.6312582492828369,75.95317077636719,3.280092947493632,11.923247337341309,4.9140625,0.5878894408174992
04160,0.8598342101540447,0.37964223448209977,0.28098952770233154,0.42580336332321167,0.750417172908783,74.73416900634766,3.223131523566572,11.433259963989258,4.9296875,0.36214253076523073
04161,0.8296195275785153,0.4625259580894846,0.16622263193130493,0.3350498676300049,0.6185252070426941,72.38323974609375,4.938378893213163,13.457436561584473,4.4453125,0.6416717845177996
04162,0.7438402127383028,0.3359985337579326,0.2861475348472595,0.4399712383747101,0.6311349868774414,71.36528778076172,4.891623166499467,13.45737361907959,4.41015625,0.4333518239653183
04163,0.7178572557055074,0.3942124301216705,0.24725520610809326,0.49197280406951904,0.6823278069496155,75.66864013671875,6.006142793399494,13.801279067993164,4.953125,0.5400560992749384
04164,0.7056126621268538,0.29773719730051607,0.3369753956794739,0.4633719027042389,0.6725078225135803,73.08959197998047,3.544738080213641,9.51697063446045,4.7265625,0.24732574667587331
04165,0.8009686902190886,0.3852219087049392,0.21165478229522705,0.34956133365631104,0.6614323854446411,73.61427307128906,4.630096220807297,11.953264236450195,4.734375,0.5665421668383667
04166,0.8043305397591445,0.34807902072476066,0.22720259428024292,0.45615366101264954,0.5934242606163025,70.82778930664062,4.866614435714424,13.626531600952148,4.57421875,0.5499328123092166
04167,0.7541133670482932,0.43524488180070126,0.28219062089920044,0.5185985565185547,0.5473724603652954,70.35228729248047,7.393904469593445,13.481700897216797,3.99609375,0.5166029325204818
04168,0.9471579158624512,0.4053698962403989,0.3304973840713501,0.536450207233429,0.6646265983581543,73.9515380859375,4.661953498315098,6.366144180297852,4.8984375,0.2662429442036508
04169,0.44887762455479846,0.16636449343679743,0.27903616428375244,0.3521667718887329,0.4731345474720001,65.28369903564453,5.309438986394443,14.207266807556152,4.04296875,0.25101821302915195
04170,0.6018272997991793,0.2257576316857997,0.39603060483932495,0.6026757955551147,0.7225421071052551,73.59037017822266,5.784607433363553,10.111884117126465,4.625,0.3744240686201776
04171,0.8256887844316031,0.41008289129567516,0.15923428535461426,0.3304392397403717,0.5138465762138367,69.52901458740234,2.9613027564787555,10.199363708496094,3.859375,0.3885432353765929
04172,0.8615520084345639,0.452114471913296,0.19550269842147827,0.3496743142604828,0.7377732396125793,75.49901580810547,3.5152836700502,12.698336601257324,4.9296875,0.4939199485060566
04173,0.7562129518948981,0.3641039216427788,0.26958948373794556,0.446468323469162,0.6725402474403381,75.64669036865234,4.55905308230829,14.636957168579102,4.22265625,0.625738499920858
04174,0.8696812868896235,0.3345922585494175,0.43290090560913086,0.6284465193748474,0.6482118964195251,71.76226043701172,6.068684757538936,13.687080383300781,3.98828125,0.18228264474164937
04175,0.7983865392336645,0.38098688978193557,0.17389917373657227,0.26233628392219543,0.6070171594619751,72.01720428466797,7.736139505197301,16.1463565826416,3.96875,0.7333591965285529
04176,0.7559684246726491,0.34198862310908534,0.19707775115966797,0.37229326367378235,0.7612470984458923,72.45578002929688,3.400275112985593,11.213397979736328,4.578125,0.40293783724931453
04177,0.4199684915495386,0.20483536042717296,0.2394154667854309,0.4342714846134186,0.6036636233329773,72.1856918334961,6.275718844202512,19.408586502075195,4.8671875,0.5875627431905845
04178,0.8860061413449157,0.346731750751276,0.28780317306518555,0.6771215796470642,0.6323935389518738,73.46244049072266,4.691985373916604,11.48611831665039,3.244140625,0.2091573693694991
04179,0.7767257528195936,0.42621498948300673,0.2400394082069397,0.5145710110664368,0.739359438419342,74.07080078125,3.621926249222177,10.53501033782959,4.73046875,0.4521226609876855
04180,0.7053116422262211,0.29775060874895704,0.3563113212585449,0.5953342914581299,0.5283921360969543,70.36512756347656,4.531674342286584,9.010309219360352,3.369140625,0.276339112308931
04181,0.8605281502057999,0.35396433646377556,0.1970229148864746,0.4032829999923706,0.7679299712181091,74.74552917480469,4.421363358773699,12.05992317199707,4.94140625,0.40838927538313263
04182,0.8521375791050095,0.4369887892070515,0.2261689305305481,0.41509509086608887,0.5012242197990417,72.85081481933594,3.3656899666077127,8.918420791625977,4.4453125,0.27091105317243036
04183,0.7138534365413892,0.29660484124489156,0.3066112995147705,0.542312502861023,0.5829951167106628,75.77727508544922,3.625121949462384,12.207839965820312,4.48828125,0.444937452511466
04184,0.8199519667128712,0.40321020228671944,0.26327306032180786,0.3989270329475403,0.7148163914680481,73.07176971435547,4.549400978195951,13.097349166870117,4.67578125,0.5446404154447795
04185,0.8287859741507709,0.43348731969454135,0.21936732530593872,0.4454067349433899,0.6886171698570251,72.20707702636719,3.1239771762378585,10.507702827453613,4.83984375,0.410802890334156
04186,0.8726604095119951,0.3439634753355532,0.25273215770721436,0.417730450630188,0.706292986869812,74.80908203125,3.925772513194819,11.053248405456543,4.8671875,0.399159071802347
04187,0.9115169631513372,0.36005239152446333,0.2186901569366455,0.5015478134155273,0.7411176562309265,77.666259765625,4.030509510122057,11.790848731994629,4.984375,0.31011904812077484
04188,0.8226301289530902,0.40752242260584437,0.24617022275924683,0.5492985248565674,0.6085715889930725,70.55917358398438,2.9766592118967203,8.347386360168457,4.19921875,0.3602807718328426
04189,0.8939193662836572,0.5526307205532178,0.27651482820510864,0.5225613713264465,0.5545778274536133,76.40873718261719,5.269866423713652,10.121697425842285,4.0390625,0.44660573829795863
04190,0.6938765330104201,0.31617616364015866,0.21963715553283691,0.43416208028793335,0.6163901090621948,72.53548431396484,3.967644860368079,14.366875648498535,4.6015625,0.4277367936379515
04191,0.8848485553635945,0.4644808743169399,0.27627646923065186,0.43892407417297363,0.5796347856521606,73.04299926757812,4.353302324008756,12.537986755371094,4.2890625,0.5753717871120103
04192,0.7429497513567576,0.3194101918434101,0.29969412088394165,0.5576764345169067,0.615523636341095,70.35626220703125,3.847138046119543,8.708881378173828,4.65625,0.38626595265439234
04193,0.6793260999903441,0.3205233033524121,0.19516247510910034,0.4970496594905853,0.699581503868103,74.91588592529297,4.970579581444735,9.147187232971191,4.95703125,0.5586835335249996
04194,0.8712245654088515,0.337178149411997,0.25898832082748413,0.541059672832489,0.5901183485984802,69.06751251220703,3.996174992932291,13.109521865844727,3.32421875,0.24503440280784144
04195,0.7767314043934184,0.39378359429773313,0.33606433868408203,0.41040268540382385,0.6082113981246948,72.51494598388672,6.685664843293199,7.7672247886657715,3.044921875,0.540245639056028
04196,0.6753117432729083,0.3140280085449798,0.2779635787010193,0.534108579158783,0.630075991153717,72.61255645751953,5.673244489741971,8.524203300476074,4.91796875,0.3389742043003869
04197,0.6303488473463028,0.2669604427136708,0.3265562653541565,0.5126594305038452,0.4859987795352936,71.69392395019531,6.116258940494532,12.617311477661133,3.994140625,0.6545209430448489
04198,0.8118987101854909,0.4173556249617245,0.24154692888259888,0.4582313299179077,0.6459088325500488,73.71917724609375,4.677183690171863,11.64759635925293,4.296875,0.46620532662165126
04199,0.8403470494340224,0.3544873960394447,0.25719815492630005,0.5510199069976807,0.5936962962150574,70.75215911865234,4.81312600201014,11.453286170959473,4.015625,0.3233341672579746
04200,0.8721002344165565,0.39382474285605645,0.2914917469024658,0.4703635275363922,0.6178234815597534,74.17815399169922,7.017698327364926,10.835086822509766,4.2578125,0.45477253636590736
04201,0.8168483348634612,0.4399374348279458,0.2062644362449646,0.45556938648223877,0.7452686429023743,74.86820220947266,4.935247304413809,12.254865646362305,4.9140625,0.5922095742683183
04202,0.8329067507873806,0.32612875710217004,0.38769465684890747,0.5986212491989136,0.534671425819397,68.29934692382812,5.196540517386165,9.917404174804688,2.51171875,0.4066655899245199
04203,0.9260566989108221,0.3650359535369676,0.2595164179801941,0.5261781215667725,0.7768869400024414,75.4033432006836,5.6169741583523125,13.041462898254395,4.95703125,0.4938130302795467
04204,0.8545817541207492,0.3627449026368764,0.24233728647232056,0.35405153036117554,0.6595796942710876,73.7058334350586,5.281401794010184,10.8512544631958,4.9296875,0.6155220159804053
04205,0.817586663846348,0.32637757608667545,0.2803131937980652,0.604987382888794,0.5386670827865601,68.7428207397461,3.37593641104247,8.49366283416748,3.03125,0.3216147244686255
04206,0.8451537305545447,0.4053578788295095,0.26810550689697266,0.48050758242607117,0.5790078639984131,74.34571075439453,2.657660202862225,8.663238525390625,4.0625,0.33733972112131483
04207,0.8760589599173729,0.3494418588375267,0.2869151830673218,0.5871583223342896,0.3962414562702179,66.9052963256836,3.3227500789961373,12.23764419555664,3.625,0.21674081757239935
04208,0.9126532665577476,0.37596225035011194,0.21350663900375366,0.3701387941837311,0.4849310517311096,73.66954040527344,2.687824448090185,11.743471145629883,4.109375,0.3407897056292106
04209,0.6160207534916888,0.25869662921348313,0.21534454822540283,0.4050496220588684,0.6596220135688782,75.69937133789062,3.757164580421934,11.88933277130127,4.9765625,0.4174517905992859
04210,0.8601389755654342,0.3252614281446071,0.30232882499694824,0.6096329689025879,0.552428662776947,73.28598022460938,4.390416373143737,12.048964500427246,3.732421875,0.17638919476700085
04211,0.2649946200040429,0.09860629457567231,0.35984665155410767,0.6874769926071167,0.35901588201522827,61.83515930175781,2.7351010581312956,12.714086532592773,3.203125,0.33089669931872717
04212,0.8023175334012593,0.39283367343409537,0.2801397442817688,0.6099606156349182,0.6745848059654236,74.84663391113281,3.5931616219739753,12.705352783203125,4.90234375,0.5417274680552462
04213,0.8562231048374576,0.36201662552841374,0.29942911863327026,0.5891006588935852,0.6172131896018982,72.29570770263672,3.502131506846436,10.505026817321777,4.71484375,0.26176290994377216
04214,0.8076086600456169,0.42343062774890045,0.21835321187973022,0.32368603348731995,0.6106092929840088,71.68190002441406,4.555666569768877,14.237223625183105,4.4140625,0.7245898478650774
04215,0.6997690189946661,0.36121632996632996,0.3121861219406128,0.4928521513938904,0.6381116509437561,73.8441390991211,3.4449450872858964,7.2784624099731445,4.89453125,0.27083257978904546
04216,0.7958686913635891,0.3372842456063131,0.29918742179870605,0.595382809638977,0.5844135284423828,72.26110076904297,3.9563051773458184,8.905592918395996,4.95703125,0.4346192459687787
04217,0.645686895947187,0.2329347918256593,0.39109551906585693,0.6407302618026733,0.47670993208885193,68.70591735839844,4.982357854997449,10.51596450805664,3.236328125,0.14588170091429187
04218,0.791333427367319,0.29344380722110014,0.3569642901420593,0.6521103978157043,0.7211176156997681,72.80693054199219,6.834443601908401,11.357375144958496,4.30859375,0.375818595741263
04219,0.6687560456434852,0.2961146288534142,0.31250178813934326,0.5522466897964478,0.5369876623153687,73.53269958496094,3.0301793480419787,12.3089599609375,3.7109375,0.2976056746566842
04220,0.8381358372864622,0.39457150037697913,0.26811671257019043,0.4898654520511627,0.6988357901573181,76.60688018798828,4.100237122348998,10.092065811157227,4.9375,0.531221643351818
04221,0.8550754735363294,0.35109197343239895,0.3986707925796509,0.6370503306388855,0.5700446367263794,72.12358856201172,4.470822694632936,4.465362071990967,4.04296875,0.1178924126644235
04222,0.8032933051039793,0.34308131241084167,0.2671120762825012,0.4808730483055115,0.46013346314430237,66.75019073486328,5.2814112384039165,17.88892364501953,3.673828125,0.3656214387630411
04223,0.8469117612262266,0.41923574221488324,0.21451115608215332,0.41179248690605164,0.763991117477417,74.0594253540039,4.265592354620913,12.840400695800781,4.66015625,0.43746609192321817
04224,0.8399431142696648,0.3269179686556712,0.32978588342666626,0.658980667591095,0.7048199772834778,75.15046691894531,4.805980949478004,10.118181228637695,3.779296875,0.48581168168346567
04225,0.8386402601042271,0.3975797626965906,0.17684906721115112,0.39001786708831787,0.5610299706459045,68.48359680175781,4.127121756300283,11.95299243927002,3.703125,0.44681617223734094
04226,0.720556542811418,0.3134014729583614,0.2814292311668396,0.4452058672904968,0.557309627532959,71.49520874023438,4.290399109164451,13.871506690979004,4.2109375,0.4929570395215755
04227,0.8409895989209432,0.3524173027989822,0.3705090880393982,0.72623610496521,0.5356401205062866,68.21692657470703,4.834898646496004,7.564284324645996,3.873046875,0.2640466586716426
04228,0.7560539386024228,0.33749866495781267,0.17487382888793945,0.35453927516937256,0.631242036819458,74.61753845214844,4.85512619906728,18.378963470458984,4.97265625,0.7252363005223568
04229,0.6864519823528877,0.28292760288636903,0.2464483380317688,0.6065196394920349,0.6535571813583374,73.0856704711914,3.7037614924118674,12.402267456054688,4.84765625,0.39960055881865314
04230,0.71583353756263,0.3161141481518632,0.24864691495895386,0.46959882974624634,0.5561264753341675,76.5123291015625,3.341718661862565,12.10428237915039,4.61328125,0.37640406071884425
04231,0.810664675632392,0.32534876366064214,0.36434435844421387,0.47826021909713745,0.5208531022071838,70.49071502685547,3.6447332684311022,9.385951042175293,4.19921875,0.25537726841647135
04232,0.7481641630209852,0.3424200278164117,0.24278295040130615,0.48096030950546265,0.7426807284355164,74.1308822631836,4.445069982067193,15.877988815307617,4.984375,0.5259546715841585
04233,0.5157002013874731,0.19452732866097658,0.2590491771697998,0.5621605515480042,0.706268310546875,72.43009948730469,4.102846172341363,11.852398872375488,4.9296875,0.44565645561809425
04234,0.8115325406355093,0.37357315807679004,0.19948208332061768,0.39930135011672974,0.5669066905975342,71.55087280273438,3.1768197267488048,15.409357070922852,3.990234375,0.42304002570403093
04235,0.8622181894187526,0.4292400267439269,0.2598552107810974,0.4284061789512634,0.6002755165100098,75.60282897949219,5.993746511474023,9.212414741516113,4.06640625,0.5876707786022809
04236,0.8352971048071247,0.390714610832954,0.24012184143066406,0.5835443735122681,0.5302031636238098,70.7565689086914,3.336966869862086,12.665485382080078,4.25390625,0.3479121339301558
04237,0.7906915645430065,0.2979874898014686,0.296663761138916,0.5042065978050232,0.6950668692588806,73.9107894897461,6.846492743502332,14.575040817260742,4.33984375,0.34773063457254
04238,0.7987764590435545,0.4674335709656513,0.296516478061676,0.7291800379753113,0.4513852894306183,73.14910888671875,4.402030336560248,8.825056076049805,4.8671875,0.4792540628438553
04239,0.8305663276465868,0.43820041566486,0.17484915256500244,0.3359188139438629,0.6998288035392761,74.11549377441406,4.21152989086172,12.411100387573242,4.9765625,0.5646658176118636
04240,0.349518238416578,0.19269976981256165,0.31077754497528076,0.71552973985672,0.6400182247161865,69.50450134277344,5.3875043322000735,10.738473892211914,4.2421875,0.6956235783010369
04241,0.8136772315794358,0.32069635608909125,0.23544126749038696,0.49655407667160034,0.6397746205329895,72.86636352539062,5.698567082591541,15.173331260681152,3.943359375,0.3205776590731162
04242,0.8162382943793964,0.3069788810245072,0.29423362016677856,0.6228626370429993,0.6922248601913452,72.081787109375,5.656373800447044,10.502021789550781,4.1484375,0.3533284670963417
04243,0.8217037923195243,0.4240098472232279,0.2189631462097168,0.4961002469062805,0.5864547491073608,70.02643585205078,5.279164668873753,14.75179672241211,4.84375,0.6798985667235686
04244,0.8004746191092371,0.3174673510333198,0.24406737089157104,0.4755092263221741,0.6805383563041687,73.640380859375,4.588005726259836,12.250858306884766,4.921875,0.34046816504228977
04245,0.7950695685656483,0.43419083588683816,0.2094443440437317,0.3691433370113373,0.7490241527557373,73.6115493774414,5.3326554321637305,13.05282974243164,4.95703125,0.6039060517545456
04246,0.826020657278999,0.4233150141990316,0.250892698764801,0.4036198854446411,0.7250389456748962,74.33692169189453,4.093117688220988,9.628914833068848,4.94140625,0.4051644475093151
04247,0.8120307030037117,0.32147134049882464,0.2704278230667114,0.5310525894165039,0.6718376874923706,75.6955337524414,5.214534995174878,11.018218040466309,4.6328125,0.5129500903311428
04248,0.8370682639628441,0.3349907603208169,0.2011713981628418,0.45757371187210083,0.7202648520469666,72.30259704589844,4.057628926350149,15.691959381103516,4.890625,0.5169684275407959
04249,0.8504488091757488,0.3279157082938709,0.3358202576637268,0.7720940113067627,0.698163628578186,76.8920669555664,4.8617473529384085,11.999685287475586,4.94140625,0.18531658005458895
04250,0.8626822298860484,0.3387379130195683,0.23942095041275024,0.5533929467201233,0.67305988073349,73.78076934814453,4.370483708619632,12.680713653564453,4.671875,0.2584947066526854
04251,0.7995488689855464,0.46712425428186544,0.1434972882270813,0.2760383188724518,0.7731865048408508,74.02952575683594,4.439507770282437,15.467673301696777,4.94921875,0.6509756547817047
04252,0.729975284953805,0.2690316742081448,0.3422788977622986,0.665736734867096,0.6015680432319641,70.32831573486328,5.684118389704146,9.762850761413574,4.15625,0.2531595434131552
04253,0.8202205015416194,0.49433384379785605,0.1445353627204895,0.1294475644826889,0.6977726817131042,75.16292572021484,6.286293049686509,20.9066162109375,4.82421875,0.84132442668908
04254,0.6318015851083534,0.2617893503919272,0.2160651683807373,0.3847518265247345,0.48071998357772827,66.34031677246094,4.313927454386728,17.477548599243164,4.08203125,0.31746634393542544
04255,0.8522084262749543,0.34684336761656975,0.22285956144332886,0.45297253131866455,0.6950077414512634,74.4565658569336,4.033171612137754,11.523077011108398,4.765625,0.5154225023940077
04256,0.9112423897151357,0.6009301828290388,0.27301687002182007,0.3480673134326935,0.7229259610176086,75.7381820678711,4.900363965472413,11.550086975097656,4.8046875,0.4841211203263365
04257,0.7953750561245199,0.45723123289844153,0.2541005611419678,0.5368303656578064,0.46282950043678284,73.33384704589844,5.118995109677501,14.101534843444824,4.16796875,0.5126847377423951
04258,0.7519641651356617,0.40795080795080796,0.17507880926132202,0.3442319631576538,0.6729061603546143,73.43988800048828,3.478908497899447,9.622320175170898,4.90234375,0.45451209221301775
04259,0.85150001867666,0.39029705332644055,0.295463502407074,0.3780660629272461,0.7150790691375732,71.87982940673828,4.092228259619261,8.171745300292969,4.921875,0.22624960411865433
04260,0.6307599663302406,0.26028981563371656,0.29785454273223877,0.634557843208313,0.47835859656333923,67.81842041015625,4.774880573171022,12.834977149963379,4.515625,0.36349555993754074
04261,0.8462231916674411,0.3625740969764169,0.15599077939987183,0.31963759660720825,0.7359825968742371,72.89779663085938,3.9460387658309193,14.716480255126953,4.625,0.4828469603284736
04262,0.8178577524994052,0.3342319491109016,0.26560860872268677,0.44843167066574097,0.6797754764556885,75.00144958496094,4.091850104275285,13.435476303100586,4.84375,0.35997057831442764
04263,0.7028385571979363,0.3303624480095068,0.26865893602371216,0.5053519010543823,0.7115272283554077,72.6196060180664,6.421177145280122,8.725870132446289,4.9765625,0.5853432474965475
04264,0.870518665475642,0.5261859922876873,0.20888280868530273,0.3359946310520172,0.7503077983856201,74.4975357055664,3.9412042466409747,12.093037605285645,4.95703125,0.5277517399271179
04265,0.8619862569542606,0.3416183553047812,0.23842287063598633,0.4471336901187897,0.7132411599159241,76.55268859863281,4.102251580420464,13.018985748291016,4.86328125,0.4348467700645984
04266,0.8764145537099937,0.3386654990886782,0.20114195346832275,0.41069379448890686,0.5696219205856323,74.19757080078125,4.261048364748688,12.566251754760742,4.6015625,0.353436349844497
04267,0.8650163649937844,0.3875893536121673,0.4005173444747925,0.7146077752113342,0.5928356051445007,73.53787994384766,7.999233822300349,6.889219284057617,3.767578125,0.07078185722435507
04268,0.757233164619775,0.36631916599839615,0.2610313892364502,0.5608066916465759,0.5958682298660278,70.7376708984375,4.770418295679109,11.326065063476562,4.41015625,0.44635423473029495
04269,0.8741603888545816,0.340634778721502,0.28158891201019287,0.46766385436058044,0.5492115616798401,61.14373779296875,7.758551337071022,7.817889213562012,3.826171875,0.6267795584676078
04270,0.865705507719019,0.38001540923368693,0.2161349058151245,0.39951154589653015,0.6588424444198608,75.43832397460938,5.876152515982075,18.04608154296875,4.91015625,0.6564813434314519
04271,0.6905751301252542,0.25112502678635207,0.3017127513885498,0.5279117226600647,0.4552007019519806,68.5858383178711,7.206637156903254,7.764367580413818,3.7890625,0.21561960845854142
04272,0.8385468165480522,0.41153283861058165,0.23369503021240234,0.449550986289978,0.5129212737083435,71.30403137207031,4.1454476284515,13.185640335083008,4.37109375,0.5076342870033381
04273,0.7808231016030588,0.3010026837018621,0.36933034658432007,0.6134642362594604,0.4669783115386963,64.76876831054688,5.069236494353221,10.055353164672852,3.966796875,0.22008784689424987
04274,0.8767775277349962,0.34514575820456517,0.3030756711959839,0.6798366904258728,0.6157513856887817,75.8320083618164,5.465537320900451,11.167598724365234,4.08984375,0.5349428814179579
04275,0.8174190196008934,0.5109471958787027,0.22982573509216309,0.397600919008255,0.5169005990028381,70.61691284179688,4.250491220611782,11.78311538696289,4.125,0.5933779865712342
04276,0.7824094615178012,0.3525816911948117,0.3197542428970337,0.6695308089256287,0.62019944190979,70.31227111816406,4.036497343227076,9.104117393493652,4.57421875,0.3235874099474298
04277,0.7733542867724111,0.3610672621568552,0.20923131704330444,0.4481942057609558,0.5550260543823242,75.75920867919922,3.9752003843039705,12.56155776977539,4.859375,0.5114499556038307
04278,0.8777454820408955,0.4171384457025219,0.17916220426559448,0.07942873984575272,0.5202503204345703,68.96273803710938,8.228913432734267,19.316913604736328,4.0390625,0.9408609638977538
04279,0.8567981567542282,0.31990762124711314,0.25093328952789307,0.5142001509666443,0.7145917415618896,74.78131866455078,5.422361353729405,10.994848251342773,4.671875,0.25863272080037447
04280,0.7630090246456395,0.33207618776536446,0.21704846620559692,0.4168448746204376,0.7174510359764099,75.1973648071289,3.8444236416960407,11.960658073425293,4.98828125,0.4965624133403046
04281,0.8513345787579468,0.42431718619031805,0.2548544406890869,0.4195917248725891,0.8294833898544312,75.42662811279297,3.9288997773047734,10.976859092712402,4.94140625,0.39681064610306155
04282,0.7979010571646664,0.3232589881657692,0.21112757921218872,0.48905476927757263,0.6371865272521973,72.38661193847656,2.8332064885062236,12.294754028320312,4.9609375,0.3615455154902472
04283,0.7655301509235721,0.2920611144397843,0.335751473903656,0.5321123003959656,0.7200943231582642,73.7201919555664,5.139920610714957,12.552310943603516,4.84375,0.2752951318981446
04284,0.5114251563659307,0.17791910359055893,0.2484515905380249,0.6007821559906006,0.5546194911003113,69.27845764160156,4.850984752384862,14.18496322631836,4.78125,0.4633712000874056
04285,0.8664525946532513,0.36234740979270996,0.22510206699371338,0.4868956506252289,0.7225796580314636,75.65823364257812,4.100238696940143,13.087316513061523,4.8125,0.37086355348296307
04286,0.29111228291929625,0.13528949436730417,0.3305699825286865,0.5000645518302917,0.6045580506324768,68.69044494628906,5.63932781671107,13.133441925048828,4.13671875,0.16965924457294182
04287,0.7809885269309073,0.2921511627906977,0.2946050763130188,0.5434979200363159,0.5874946117401123,74.2690200805664,4.829483397489657,12.290892601013184,4.42578125,0.2799954352109848
04288,0.808615482475004,0.3304150973635708,0.22420185804367065,0.461153507232666,0.7241774797439575,75.52647399902344,3.129042822105777,11.800698280334473,4.86328125,0.25194790428827446
04289,0.7678590858427015,0.3579988177763448,0.3347551226615906,0.542432427406311,0.6711716651916504,71.3685073852539,4.046464359445878,10.386970520019531,4.75390625,0.20353997902002735
04290,0.7342009484888663,0.3050423113514596,0.258611261844635,0.5350052714347839,0.7188729047775269,70.46095275878906,5.046734632786308,11.878704071044922,4.13671875,0.39799935951362814
04291,0.7481157725486314,0.37668161434977576,0.18949085474014282,0.5137575268745422,0.6822161078453064,73.95597076416016,3.354816686433481,11.378955841064453,4.66796875,0.4775924256100887
04292,0.8656809272381739,0.3395127213881147,0.2859533429145813,0.6209028959274292,0.6750918626785278,74.70266723632812,4.098538393868156,10.355186462402344,4.48046875,0.2819369443573615
04293,0.8451582766828557,0.4316456729330468,0.27672040462493896,0.454969197511673,0.5835387110710144,72.01917266845703,4.454891877316603,10.259538650512695,4.1796875,0.3358020344408987
04294,0.7478997510071868,0.36797090713179337,0.2654801607131958,0.5488716959953308,0.7036694884300232,72.65245056152344,5.2840566978605805,8.797654151916504,4.8984375,0.428275678734125
04295,0.8754145374181884,0.3287861975937167,0.28319793939590454,0.6950087547302246,0.6393610239028931,71.75020599365234,5.273438860452407,13.824853897094727,4.265625,0.17173615545681625
04296,0.842184288770834,0.3720631910651292,0.2558788061141968,0.46503007411956787,0.5902376174926758,72.08939361572266,3.276948271833458,11.324319839477539,4.8671875,0.28378909728065016
04297,0.7585661262469615,0.3807328877621572,0.3279821276664734,0.6537478566169739,0.534057080745697,72.9677734375,4.6093862683920985,6.577973365783691,3.400390625,0.3577708462210038
04298,0.8320958482175254,0.42038815918447364,0.17769020795822144,0.3309693932533264,0.39963728189468384,64.47748565673828,2.881358314414684,13.003562927246094,3.96875,0.39847368483783185
04299,0.8101500746847888,0.3442772762732642,0.21343326568603516,0.49723106622695923,0.6684986352920532,73.39823913574219,4.542902711300016,14.539653778076172,4.89453125,0.5257636129872214
04300,0.8140049293257677,0.32885140163731086,0.30576902627944946,0.5902307033538818,0.5889662504196167,68.67816925048828,4.658324460298813,14.794684410095215,4.09765625,0.431422072127946
04301,0.7926853730114106,0.28718030946845186,0.40345293283462524,0.6974629163742065,0.48838698863983154,69.86717987060547,4.421094007581829,11.495089530944824,2.2265625,0.15138949779182226
04302,0.7770681258134654,0.36242907911964584,0.218120276927948,0.27520471811294556,0.5848121643066406,71.89960479736328,5.927583816821863,11.286142349243164,4.51953125,0.49664308809593033
04303,0.7786324442002422,0.3637663544720097,0.2772004008293152,0.5766921043395996,0.6385387778282166,75.01360321044922,3.6116671508156477,10.509234428405762,4.94140625,0.36417313260261375
04304,0.8340170656173788,0.3721835883171071,0.268454909324646,0.48648837208747864,0.430073082447052,66.56773376464844,5.255415022410697,15.552621841430664,4.95703125,0.64084155909419
04305,0.7889660568687362,0.295622848798804,0.18822091817855835,0.4763416647911072,0.7602218389511108,75.64018249511719,4.710964723335819,15.803510665893555,4.9296875,0.36411861779584004
04306,0.7892099084306673,0.3545907189802828,0.2426832914352417,0.42454755306243896,0.6734748482704163,74.94303894042969,5.480564290827293,16.10430908203125,3.576171875,0.5719775431089674
04307,0.8163915104406768,0.4519074974223008,0.23322629928588867,0.5325444340705872,0.6830023527145386,70.50640106201172,5.117151630152912,10.034204483032227,4.9765625,0.46270896824227403
04308,0.8172921747152521,0.4373137167860993,0.31870073080062866,0.6510706543922424,0.7055054903030396,74.58087158203125,5.369982782503883,7.939455509185791,4.96875,0.3768290785484622
04309,0.7438134636101248,0.2788348035793616,0.22764074802398682,0.5049287676811218,0.7345519661903381,74.64388275146484,4.380067382671261,14.644917488098145,4.44140625,0.27668252418018907
04310,0.8939553325208948,0.3458640806707105,0.33641737699508667,0.6048100590705872,0.5806187391281128,72.17724609375,6.1933625515671755,13.280265808105469,3.298828125,0.3872562997009475
04311,0.5757185542259936,0.21136987411842365,0.4081750512123108,0.6947646737098694,0.6256677508354187,71.82239532470703,6.038785356111084,11.176527976989746,3.966796875,0.17897571846816934
04312,0.7827587575684234,0.3268978065298696,0.34662890434265137,0.7128057479858398,0.4673345983028412,68.15022277832031,6.426500648770817,13.833327293395996,2.810546875,0.33246350526855095
04313,0.7223404599000718,0.34210253754531333,0.2399425506591797,0.4712423086166382,0.5597646832466125,71.4573745727539,2.869759497687698,11.656940460205078,4.31640625,0.38123775240728514
04314,0.8004240473754104,0.3857547012814112,0.2099381685256958,0.4720982015132904,0.5840594172477722,68.72219848632812,5.937872348734963,20.669822692871094,4.3828125,0.7046253771500577
04315,0.8184052995208134,0.3776277477362173,0.25156933069229126,0.5609487295150757,0.6544660329818726,72.62089538574219,4.598408011033016,10.780830383300781,4.57421875,0.4692450735155512
04316,0.5270225365557415,0.26354772173260826,0.30524444580078125,0.5492430329322815,0.5367472767829895,73.86148834228516,5.291020296725427,10.88160514831543,3.9921875,0.52297281785551
04317,0.7619600833363711,0.34590780444306596,0.29661309719085693,0.578698992729187,0.682982325553894,75.33094024658203,5.176376107887653,8.626016616821289,4.62890625,0.33099199089395337
04318,0.9800364911933377,0.5940033121241175,0.213478684425354,0.20402604341506958,0.5687593817710876,71.2630615234375,10.910961032153462,17.510242462158203,4.10546875,0.8731919642154241
04319,0.9117062387784215,0.3541379217054893,0.24585890769958496,0.5273094773292542,0.6794028878211975,75.04376983642578,4.662381849983333,11.757381439208984,4.59375,0.36317731574223044
04320,0.8456758080377009,0.39813127773884605,0.24941164255142212,0.32846498489379883,0.6418181657791138,74.35903930664062,3.887033663889594,14.076590538024902,4.7578125,0.6404367565625891
04321,0.8516777584006927,0.37155053611643307,0.2375173568725586,0.5527104735374451,0.5565293431282043,73.3620834350586,3.2271795465935442,10.002275466918945,4.90234375,0.2964841699022636
04322,0.7989566124165695,0.32000230341769603,0.30870115756988525,0.6086274981498718,0.7530459761619568,75.59319305419922,5.463978920941659,9.964235305786133,4.5078125,0.44741043675663056
04323,0.7779889797623175,0.39401866239800104,0.3353436589241028,0.4106239676475525,0.6073224544525146,72.60664367675781,6.750647165229532,7.773780822753906,3.05859375,0.5401829687361771
04324,0.7789907107653399,0.30304004113374894,0.3097286820411682,0.7213922142982483,0.48064714670181274,70.46753692626953,9.140800330962739,13.349849700927734,3.50390625,0.21860615860633553
04325,0.785844485871008,0.32225690696385334,0.28830790519714355,0.5679195523262024,0.5748127102851868,74.38185119628906,5.6192972860947785,13.587203979492188,3.890625,0.6001761286149359
04326,0.8308232045549442,0.513550135501355,0.17254334688186646,0.21714548766613007,0.7167907357215881,74.31884002685547,6.725947146402148,15.7329740524292,4.98828125,0.7539301978721876
04327,0.820988431575786,0.40797389218731567,0.1901722550392151,0.3694310188293457,0.7245204448699951,73.7677993774414,3.0952739879617774,12.588871955871582,4.80078125,0.4446618450506781
04328,0.829857941624235,0.4457715540911587,0.25638365745544434,0.46802210807800293,0.5605864524841309,74.28244018554688,4.315786936561462,15.784906387329102,4.58984375,0.6852619882242587
04329,0.9003725692585471,0.3565989039000765,0.2153710126876831,0.4785987138748169,0.6223447918891907,75.14999389648438,4.133759235941442,11.61851692199707,4.30859375,0.26690494279235216
04330,0.6579812239806724,0.2514757969303424,0.3304709196090698,0.7293022274971008,0.7467909455299377,72.1556167602539,3.0270527154371827,10.845071792602539,4.8828125,0.2453456757714642
04331,0.752075077089248,0.3919506889050036,0.21274709701538086,0.38064712285995483,0.7348273396492004,75.17694854736328,5.378591732538067,13.216166496276855,4.9921875,0.6507981030584273
04332,0.5042956857995552,0.18285152960987933,0.2844793200492859,0.43297839164733887,0.6751754283905029,75.69955444335938,4.5426189590194515,12.791221618652344,4.97265625,0.3278756700465046
04333,0.5311276683789135,0.2270512519867636,0.3021056652069092,0.48822200298309326,0.6617141366004944,74.72737121582031,4.130306377291296,10.328396797180176,4.9765625,0.3044852471926773
04334,0.8344557183959486,0.3469787222057933,0.1800328493118286,0.3522314429283142,0.7142523527145386,73.01774597167969,4.8145155416654415,15.222146987915039,4.86328125,0.48597587101326095
04335,0.8158614739955633,0.5627809409649386,0.252235472202301,0.48606425523757935,0.35083070397377014,58.9540901184082,6.875304186153462,17.76561737060547,4.078125,0.7006471073718599
04336,0.8669726087080425,0.3538853600091286,0.35750317573547363,0.6685507893562317,0.7202230095863342,72.56071472167969,6.037374034466834,11.139608383178711,4.4609375,0.6775726204940232
04337,0.9016118683253989,0.4395103743550335,0.1967548131942749,0.39082634449005127,0.6489404439926147,77.3471450805664,4.67016167415784,10.820965766906738,4.390625,0.6192086428318396
04338,0.8557210422297048,0.3558336450504982,0.2782881259918213,0.5402776002883911,0.5465749502182007,74.56795501708984,3.8183430745480336,13.428840637207031,4.3203125,0.23908797744825822
04339,0.8834952204969485,0.3565842374841659,0.3433735966682434,0.4500281810760498,0.53267902135849,68.71155548095703,6.43495871276194,13.75632381439209,2.46875,0.5231305975027737
04340,0.8727837877041387,0.34823010328575726,0.24167388677597046,0.4699938893318176,0.6224323511123657,75.8494644165039,4.663920698316041,12.640076637268066,3.5625,0.3165187213925047
04341,0.8947103815942815,0.4271282865576262,0.397518515586853,0.514208197593689,0.5830437541007996,69.62030792236328,6.110701380699513,9.210611343383789,3.76953125,0.2682742554521847
04342,0.8839257710954028,0.4876482974680294,0.17185193300247192,0.3354032337665558,0.633051872253418,74.86225891113281,3.9628782397687816,11.12503433227539,4.1484375,0.5841866545864766
04343,0.8183913558909964,0.40373606507984333,0.20348525047302246,0.3972117304801941,0.7238254547119141,74.20279693603516,3.6675166389086016,10.923877716064453,4.87109375,0.4701378195997047
04344,0.8627235847011098,0.32815229449041783,0.3042319416999817,0.600193440914154,0.7349925637245178,73.86864471435547,5.903713470426409,9.412715911865234,4.375,0.28375447480298055
04345,0.8895833333947674,0.4228193848165227,0.2084968090057373,0.4037345349788666,0.7086808085441589,74.62336730957031,5.121697196463307,12.684797286987305,4.84375,0.5008225167196896
04346,0.8896303570876282,0.3647126944702638,0.26592642068862915,0.500924825668335,0.7310104966163635,73.1541976928711,4.077391843832454,12.585224151611328,4.3203125,0.2468094499289882
04347,0.7003593940262767,0.26253045034169054,0.26305073499679565,0.5342512130737305,0.6959748268127441,70.14562225341797,3.391639110602349,16.298601150512695,4.91015625,0.35714288077303386
04348,0.7567282792900408,0.33257807112599747,0.28843361139297485,0.44857072830200195,0.7438277006149292,74.93701934814453,5.215563528861137,10.714693069458008,4.59375,0.3715974924393093
04349,0.6889893455686139,0.3416019473745219,0.2187919020652771,0.5159937143325806,0.28067177534103394,72.23998260498047,4.355109538408271,13.010478973388672,3.9921875,0.49612707377957777
04350,0.8836410511563194,0.35019851005932995,0.209283709526062,0.4506765305995941,0.6568430066108704,74.19538116455078,3.8065750841791233,13.790670394897461,4.86328125,0.28448827688777567
04351,0.4565738343350567,0.17736524267501677,0.3022846579551697,0.5827949643135071,0.42251408100128174,60.07487869262695,6.202788868660021,14.538129806518555,3.21875,0.31281591383637036
04352,0.7846282640859306,0.30812805208898536,0.23244225978851318,0.42544659972190857,0.6737298965454102,74.79704284667969,3.2376852572497685,13.079394340515137,4.6015625,0.26167715132443214
04353,0.8291581458353938,0.3039347324790566,0.42238563299179077,0.6457315683364868,0.6037864685058594,68.90182495117188,6.598271529879038,12.761731147766113,3.970703125,0.13354918279226946
04354,0.6158528734914009,0.2753033844577503,0.3264133930206299,0.555971622467041,0.6321578025817871,68.5434341430664,3.660280569178956,10.113502502441406,4.08984375,0.24227967529802125
04355,0.8028361344212608,0.34641056905459255,0.23786300420761108,0.398958683013916,0.7625420093536377,74.18803405761719,3.216858179034566,11.112686157226562,4.9609375,0.3083394399359414
04356,0.8953399940091048,0.47313328681088623,0.21397584676742554,0.3974047303199768,0.5165573358535767,72.20471954345703,4.377593529833168,12.48150634765625,3.505859375,0.5217879377217077
04357,0.7822602986437799,0.2887446389243074,0.24371975660324097,0.5191584825515747,0.7416123747825623,76.09076690673828,2.997584625080688,10.661636352539062,4.91796875,0.30474877810247997
04358,0.36362884306489796,0.1613330808558985,0.3736701011657715,0.5738681554794312,0.3796326518058777,62.07143020629883,8.983297667378517,9.92337417602539,3.365234375,0.5271990202770179
04359,0.8549883709886519,0.35555250137438155,0.32928746938705444,0.5476764440536499,0.5077467560768127,71.2814712524414,5.1216092657119905,12.543984413146973,3.08984375,0.32707657040920135
04360,0.7459214707923842,0.2969142259414226,0.3419893980026245,0.5617901682853699,0.6369956135749817,73.20219421386719,5.4507595529589326,11.088815689086914,4.53125,0.5044806726295258
04361,0.6499388027539241,0.28285570638511814,0.1760227084159851,0.36151832342147827,0.6435739994049072,76.28065490722656,4.071240131259362,14.136428833007812,4.984375,0.5962451799340273
04362,0.6880941028487927,0.2987443495730789,0.29857152700424194,0.5685839653015137,0.5727854371070862,75.5850601196289,4.141275731241378,12.574390411376953,4.8828125,0.4700820809385095
04363,0.40746395988816797,0.15827853084597146,0.3423234224319458,0.6302993893623352,0.5934568047523499,65.95518493652344,6.2825040252463085,12.212409973144531,4.15625,0.2581274153872125
04364,0.7691110435894459,0.2939300795725489,0.2309054136276245,0.474162220954895,0.6849626302719116,76.15105438232422,5.455222303379341,13.70095443725586,4.70703125,0.43945625740546757
04365,0.8323334934934343,0.336811359597417,0.24014770984649658,0.2633756995201111,0.5263890624046326,70.21621704101562,4.3163204025533,15.237421989440918,4.25,0.5868179418466207
04366,0.7584658592576834,0.37626112759643915,0.15224528312683105,0.23363396525382996,0.7496181130409241,75.41602325439453,4.578997459471016,16.311494827270508,4.96875,0.8132996724662627
04367,0.7821022977542169,0.40393547420466464,0.22335129976272583,0.48076796531677246,0.6207002401351929,71.85803985595703,3.9785590489313147,12.219156265258789,4.08984375,0.4051160521651011
04368,0.7963509443281185,0.31833210874357093,0.17903566360473633,0.31853917241096497,0.5768985748291016,72.2107925415039,4.311098499915728,15.592111587524414,4.00390625,0.46957106244595026
04369,0.8193591500492139,0.4250289304017193,0.2043134570121765,0.3932305574417114,0.6501969695091248,73.2693862915039,3.8340343008829816,13.39002513885498,4.9765625,0.670524547951081
04370,0.7979798192936242,0.39889311085412194,0.2344542145729065,0.4707539975643158,0.5785104036331177,67.6014175415039,3.543339679186556,7.985315799713135,3.7890625,0.47486303707095295
04371,0.8506447127860047,0.4058772478656629,0.23511570692062378,0.46336448192596436,0.7088013291358948,74.61880493164062,4.109219293257931,7.9098896980285645,4.9609375,0.4276138303276617
04372,0.8240951173443641,0.37033308931185943,0.40618616342544556,0.5387803912162781,0.4055548310279846,60.5711784362793,4.230381080204983,12.896870613098145,2.783203125,0.3398229205462932
04373,0.8290722945014057,0.3665417092657806,0.2864750623703003,0.49961474537849426,0.6494002938270569,69.13225555419922,4.92261550983038,10.684958457946777,4.24609375,0.3413472347557906
04374,0.8697927445702456,0.4084136722173532,0.1901460886001587,0.39868849515914917,0.6958945989608765,74.88119506835938,3.6850992405100738,14.440567016601562,4.87109375,0.5289342654085425
04375,0.7432494987419149,0.40051500445676935,0.19667696952819824,0.3499164283275604,0.6905218958854675,75.76012420654297,4.980455752901284,12.65388011932373,4.984375,0.6663283217523691
04376,0.8195205190514865,0.30141843971631205,0.2411779761314392,0.4472523331642151,0.6752492189407349,73.7432861328125,6.254263840897084,15.752887725830078,4.5,0.4120613251206086
04377,0.7752260433427925,0.388686627180351,0.25232213735580444,0.45426931977272034,0.7664903998374939,76.69583129882812,4.6610455742560655,10.643019676208496,4.6171875,0.4546057194728582
04378,0.7998613766520721,0.44795912509328895,0.2154676914215088,0.34896084666252136,0.7529084086418152,73.91650390625,4.506236047742728,13.885369300842285,4.97265625,0.6283447690437876
04379,0.8640289550056646,0.3907750516267853,0.31539225578308105,0.39074140787124634,0.6734448075294495,76.57306671142578,4.607876348775954,11.271652221679688,3.80859375,0.4154211576450321
04380,0.9612307508722908,0.6420345734494293,0.2618488073348999,0.39888086915016174,0.5406224131584167,74.38396453857422,6.050907937492084,10.37337875366211,3.818359375,0.6907534662741605
04381,0.8352011889411906,0.38726394502260214,0.20725733041763306,0.4027201533317566,0.5013142824172974,71.78047943115234,3.4427765099091503,13.051206588745117,3.947265625,0.3274614843182234
04382,0.6500179298782095,0.3091033087975919,0.25530654191970825,0.43167373538017273,0.5327426791191101,68.47885131835938,3.767269898992619,10.658039093017578,4.1171875,0.35710280051018095
04383,0.8588947612403924,0.3727551727551728,0.4033924341201782,0.5796440839767456,0.49910449981689453,66.0289077758789,6.449510857369933,12.417305946350098,2.37890625,0.41808071310926037
04384,0.8015052452138844,0.3668797652896753,0.26175493001937866,0.4395288825035095,0.554440975189209,69.40373992919922,3.581383050907599,11.544395446777344,4.1484375,0.30615408691923257
04385,0.7641358621913589,0.4203465623253214,0.2913743853569031,0.45259514451026917,0.6412233710289001,72.99639129638672,5.046805268123287,12.216503143310547,4.5703125,0.4851535977805515
04386,0.7025012256507731,0.3067200986436498,0.41787636280059814,0.7633744478225708,0.5776455402374268,72.9932861328125,5.58297857344189,6.164921760559082,4.9765625,0.0832530238298559
04387,0.8944628221168182,0.35348443002644925,0.4209071397781372,0.6413772106170654,0.6181174516677856,70.88228607177734,5.8967438806916155,9.929931640625,3.244140625,0.3192211997574242
04388,0.7675081583611341,0.3884971759754882,0.261945903301239,0.527545154094696,0.7207158207893372,73.63301086425781,5.928041446392518,13.559292793273926,4.90234375,0.5287135167974624
04389,0.8616224580776358,0.421019509125236,0.31685447692871094,0.5714212656021118,0.7196012139320374,76.0327377319336,6.240065343140856,9.144607543945312,4.96875,0.4778911903138124
04390,0.8097129908255013,0.41803193154544505,0.2340850830078125,0.3281502425670624,0.6369932293891907,69.61595153808594,6.611233233569695,11.112561225891113,4.14453125,0.6774661415617081
04391,0.8700497825878545,0.44308069960110463,0.2516958713531494,0.4427737891674042,0.4932844638824463,70.83262634277344,5.625477866016318,11.890249252319336,4.5859375,0.3844076674333213
04392,0.7563667468636042,0.2949419200216471,0.4002254605293274,0.7032514214515686,0.5557462573051453,68.56415557861328,7.565737448069655,10.94876766204834,2.4375,0.21147463801661662
04393,0.8935577937594583,0.48891440051661045,0.2146102786064148,0.43256449699401855,0.612535834312439,75.90122985839844,4.677355698243503,11.057981491088867,4.64453125,0.567294142053125
04394,0.7976737204514702,0.36768554089415956,0.2654057741165161,0.4620341658592224,0.5954303741455078,73.1219482421875,5.716412130264767,13.469586372375488,4.36328125,0.4596417784803588
04395,0.6584115757071298,0.275045759609518,0.41574567556381226,0.7536558508872986,0.4282752573490143,64.00836181640625,6.314974724261846,12.740970611572266,2.228515625,0.3397028421504388
04396,0.9086960749708011,0.393029943006698,0.2435106635093689,0.4828398823738098,0.6693605184555054,74.30036163330078,3.4299223128258323,8.918510437011719,4.96484375,0.4261244947722442
04397,0.8542778034394611,0.39208284011048194,0.2155834436416626,0.44082629680633545,0.5910709500312805,72.0578842163086,3.4116603593089208,10.912187576293945,3.939453125,0.2766965996020597
04398,0.4651016359794251,0.22213028088079806,0.308280348777771,0.6136665344238281,0.5943379402160645,72.53614807128906,4.397789266220337,9.742877960205078,4.83984375,0.2879336493446
04399,0.839288057140812,0.45297904804436007,0.15520507097244263,0.30861979722976685,0.7597718834877014,74.9146499633789,3.8090491891379,13.368454933166504,4.95703125,0.5336282700280242
04400,0.9060133396740268,0.47984428622650205,0.2591601610183716,0.4454543888568878,0.6878646612167358,74.19840240478516,6.860084477648889,11.991643905639648,4.67578125,0.5095456810379763
04401,0.8680997580723379,0.3249326178475168,0.24956250190734863,0.5983819365501404,0.7352679371833801,74.77236938476562,5.908311589871926,13.181862831115723,4.63671875,0.21495330875935217
04402,0.9404372875911011,0.48858611210708736,0.265017569065094,0.3717515468597412,0.5072844624519348,75.20506286621094,8.994890967715,11.56638240814209,3.509765625,0.49728914139196806
04403,0.8013555874264794,0.3687671790695307,0.2550879120826721,0.36003801226615906,0.6479847431182861,75.58900451660156,3.528283805972247,14.650965690612793,4.703125,0.545622660350294
04404,0.7168279244596035,0.33453046022878424,0.32244884967803955,0.7006075382232666,0.5760107636451721,70.12811279296875,3.5934229272873432,11.171035766601562,3.859375,0.35564421694262743
04405,0.8208586205560134,0.34172221466467145,0.2895275354385376,0.5776385068893433,0.49361810088157654,70.74118041992188,7.4155427694443485,16.197513580322266,3.51953125,0.4362605620690653
04406,0.34158787129934437,0.12942950490072883,0.48493480682373047,0.7052232623100281,0.4618797302246094,65.86577606201172,7.075212838985059,12.416156768798828,2.5703125,0.24324569408376176
04407,0.8907523879518737,0.37047978322087033,0.22071248292922974,0.5549919605255127,0.7212145924568176,73.52285766601562,4.2673634097776505,11.503963470458984,4.08203125,0.28829760845972735
04408,0.7014581542215207,0.3084973713167869,0.22035276889801025,0.3225540816783905,0.7243157029151917,75.23207092285156,4.212079637142741,14.215709686279297,4.9140625,0.5450835448356429
04409,0.6840823547287825,0.36127891557389125,0.2048933506011963,0.37747687101364136,0.7145465612411499,76.16819763183594,6.308368602730736,13.14329719543457,4.9921875,0.5882597978067601
04410,0.564019078916977,0.2251940083017506,0.3347567915916443,0.5679102540016174,0.6995687484741211,73.58572387695312,6.649184333436868,12.442313194274902,4.52734375,0.27809598668427987
04411,0.7413581368979042,0.34636553425697475,0.1780804991722107,0.3318774104118347,0.6048162579536438,73.73307800292969,3.3720896267383544,14.589485168457031,4.37109375,0.42945141752292026
04412,0.9030388135770724,0.3902314517034723,0.33951908349990845,0.5892543792724609,0.6710364818572998,76.18449401855469,3.528524436302955,4.914012432098389,4.7421875,0.1196793269861517
04413,0.8658838102434107,0.37527608821230757,0.2263006567955017,0.47146743535995483,0.6088111996650696,69.94658660888672,5.304742837530992,9.078656196594238,4.24609375,0.38329388347174725
04414,0.8970039306626078,0.40403204737437953,0.3422749638557434,0.4858660399913788,0.6725978255271912,72.39701080322266,4.596127435179861,8.271681785583496,4.38671875,0.22549186219864303
04415,0.9018511038299465,0.5044404243072116,0.2287653088569641,0.5251247882843018,0.7123945355415344,75.44487762451172,4.351332977937936,10.824538230895996,4.9765625,0.571315361415594
04416,0.7877652787790155,0.3521806252412196,0.24418151378631592,0.568623423576355,0.6206004619598389,73.2879867553711,4.375129639129146,9.638644218444824,4.6171875,0.3341600925338971
04417,0.7852087724282562,0.35514882897820577,0.21462786197662354,0.3596529960632324,0.7026349902153015,74.73358917236328,3.4462071539984334,13.120109558105469,4.71875,0.49687259700310804
04418,0.8617865889494302,0.4022491094821749,0.23602646589279175,0.3527545928955078,0.5488471388816833,71.52489471435547,5.05957823740291,12.854805946350098,4.00390625,0.2917317301184832
04419,0.926518262308393,0.5798246947357755,0.2177656888961792,0.18470536172389984,0.5752934217453003,73.37486267089844,5.697534893470503,17.102201461791992,4.14453125,0.850345778000244
04420,0.8921363518569798,0.5965761715372644,0.18709123134613037,0.21119919419288635,0.5341545939445496,69.29352569580078,7.588500440804987,19.29376983642578,4.58203125,0.8212660309084864
04421,0.8798771467701727,0.376659668830898,0.25440698862075806,0.5023297667503357,0.7255045771598816,74.1152572631836,3.494235777701644,10.943849563598633,4.9609375,0.38232668895347954
04422,0.744725905731325,0.3440481432555409,0.39438003301620483,0.824718713760376,0.2920490503311157,68.11502838134766,6.369983642578924,9.32766056060791,1.990234375,0.3051697310920738
04423,0.8422050295458446,0.42945995386940267,0.2736281752586365,0.5207580327987671,0.6580595374107361,76.10993194580078,4.338231492233797,8.966906547546387,4.390625,0.3275992586787999
04424,0.7607578900503457,0.28503375715411766,0.30188095569610596,0.6626718640327454,0.5612024664878845,75.7234878540039,3.097885318501993,6.777460098266602,4.58203125,0.2660238958648481
04425,0.8269017174439025,0.35449389749888927,0.24788081645965576,0.6218786835670471,0.6231113076210022,75.22933959960938,2.916111388138505,9.029913902282715,4.91015625,0.35236184046672286
04426,0.8449324277266598,0.4487946212993574,0.15552061796188354,0.2979544997215271,0.7050367593765259,74.44190979003906,3.158436390620318,14.158387184143066,4.9453125,0.5158723993153828
04427,0.8004693857287701,0.3488210955595589,0.1975446343421936,0.3970700800418854,0.6449077129364014,74.34132385253906,2.8296024079238644,11.699962615966797,4.94140625,0.4009597078508942
04428,0.8752546918887507,0.507150153217569,0.22951185703277588,0.30609098076820374,0.6819761991500854,74.13018035888672,6.579070231349117,10.295522689819336,4.9765625,0.8312295792667023
04429,0.7137798485369806,0.3657021297169241,0.2683626413345337,0.46191492676734924,0.6662072539329529,69.06991577148438,4.024844896430112,10.801678657531738,4.47265625,0.33233972246364013
04430,0.8241882961564053,0.3197669806081625,0.29056668281555176,0.47234421968460083,0.6545670628547668,73.81786346435547,4.4095177269017904,13.108352661132812,4.78515625,0.3219651487565667
04431,0.6574286492058877,0.29906771344455346,0.31071335077285767,0.6375301480293274,0.4581308662891388,60.4498176574707,6.599968585433204,16.9930419921875,4.16796875,0.5564148270533306
04432,0.847061194702864,0.3379834458815809,0.2569925785064697,0.5471538305282593,0.6253675818443298,74.46668243408203,3.623117866125357,11.556290626525879,4.1875,0.4506195297772017
04433,0.7456180660949182,0.3209846844679657,0.2874563932418823,0.4997396469116211,0.7219848036766052,73.50273895263672,6.671581720877927,12.83823013305664,3.958984375,0.5118419205175241
04434,0.7165689012476283,0.37434159061277705,0.23921704292297363,0.4593784511089325,0.6574033498764038,71.93111419677734,3.672260720494161,9.423332214355469,4.71484375,0.472570932314296
04435,0.7697157399119606,0.396874165108202,0.3149488568305969,0.5958805680274963,0.6099765300750732,73.20816040039062,6.5865178368060135,12.144876480102539,4.7734375,0.5014981506255539
04436,0.8154986274342808,0.41019902485812487,0.21457147598266602,0.3863932192325592,0.6829606890678406,75.27168273925781,6.2269932411732825,14.052831649780273,4.87109375,0.7760143973546993
04437,0.8073272033957117,0.3306958402238901,0.22204864025115967,0.5989029407501221,0.5217790007591248,76.59881591796875,2.9140295922450004,9.588912963867188,4.8359375,0.46889241448622154
04438,0.8352508580544987,0.3299751193049721,0.3634619116783142,0.7648046016693115,0.6764747500419617,72.70124053955078,8.124914598421663,9.312164306640625,3.9296875,0.26389752290647184
04439,0.8260334963632068,0.3317976420023845,0.27767622470855713,0.4822961091995239,0.5679928660392761,65.8406982421875,4.717829583652124,17.012027740478516,4.05078125,0.34000748554956944
04440,0.5792364648854351,0.24534656975713526,0.33242398500442505,0.6271973848342896,0.5668929815292358,75.84402465820312,5.2349903508670925,12.267836570739746,4.91796875,0.5801742084023913
04441,0.8285311140381117,0.36011764834516014,0.2016221284866333,0.4415071904659271,0.6894538402557373,74.75482940673828,3.936270495286183,12.372514724731445,4.28515625,0.30197824199594364
04442,0.8411842341907244,0.3527657671089906,0.2643665671348572,0.5691686272621155,0.6518353819847107,74.64848327636719,4.025410197396546,8.720634460449219,4.8984375,0.38215736953007134
04443,0.5434140608465007,0.2097600347685717,0.33147597312927246,0.6353142261505127,0.6432468891143799,74.00281524658203,2.7966633602899806,11.48558521270752,4.48828125,0.26545932338555545
04444,0.8248962646743371,0.3057229796945403,0.30322444438934326,0.6349072456359863,0.7251631021499634,74.05802154541016,5.178208827778675,13.293024063110352,4.23046875,0.379508517240853
04445,0.8105114490683787,0.31490133817192106,0.18018698692321777,0.421241819858551,0.6078743934631348,72.51103973388672,2.962820156575481,14.271832466125488,4.86328125,0.31856845893029423
04446,0.8458956767021455,0.33570712806466696,0.2471332550048828,0.5409338474273682,0.6157945394515991,73.75494384765625,3.3254018025081735,12.450132369995117,4.7578125,0.42246006770175254
04447,0.6454183836102823,0.37732919254658387,0.36652976274490356,0.5571979880332947,0.6032109260559082,73.78401947021484,5.147122048954473,10.497694969177246,3.87890625,0.4207656730480527
04448,0.7779363222455098,0.3507367767954087,0.2247837781906128,0.3926829397678375,0.7108365893363953,76.57374572753906,5.157307139849344,12.782407760620117,4.87890625,0.5215565011607315
04449,0.7702001523410317,0.45751045930991047,0.2680321931838989,0.4246789515018463,0.6565583348274231,70.60274505615234,4.1092523539756485,11.924141883850098,4.1015625,0.5080583041542289
04450,0.7557558638352473,0.36751568142938607,0.19282352924346924,0.35317105054855347,0.8093522191047668,78.233154296875,5.14870272629707,16.927913665771484,4.984375,0.636751544990008
04451,0.30646329427260355,0.1311210036422501,0.453888475894928,0.502568244934082,0.6079245805740356,73.22130584716797,6.715188372647893,11.345602035522461,4.96875,0.7417131716947816
04452,0.7194451909026081,0.32157838400786876,0.24920761585235596,0.431782990694046,0.532495379447937,73.99079895019531,3.1981704319302398,12.300640106201172,4.18359375,0.594559046548449
04453,0.8164238599342755,0.37296683003054193,0.20564502477645874,0.3447214961051941,0.5313518047332764,72.32992553710938,7.017903800731251,11.162389755249023,4.51171875,0.3497213812463198
04454,0.8211577573571094,0.347854758273915,0.1950974464416504,0.3265252411365509,0.7569116353988647,74.13257598876953,6.057563509366185,15.604643821716309,4.7734375,0.5038714881018806
04455,0.7761197835052397,0.3012701973504714,0.2857396602630615,0.49720051884651184,0.6966935396194458,69.8935546875,4.100814239835557,12.047505378723145,4.14453125,0.3742769532004301
04456,0.7738791507517699,0.33889146209664966,0.30403536558151245,0.6835856437683105,0.5014963746070862,70.78217315673828,4.5750175417306735,8.557113647460938,4.80078125,0.4382615353962062
04457,0.7157288767796185,0.28667997167321185,0.3310258984565735,0.5735906362533569,0.6663925647735596,70.8520278930664,5.616560049057892,10.700559616088867,3.103515625,0.4619822781694587
04458,0.8103027989507746,0.4276355451951288,0.2459682822227478,0.5086984038352966,0.6649385094642639,75.2822265625,3.85476178544267,9.131577491760254,4.7734375,0.45929533377985615
04459,0.6875761898880318,0.26496209305782664,0.33352118730545044,0.7408353090286255,0.38061246275901794,74.4704818725586,3.51540423543043,8.505888938903809,4.37109375,0.3507674411825402
04460,0.8835546490950645,0.3568496555642355,0.25969427824020386,0.5874190330505371,0.6153538227081299,74.1715087890625,5.348122549288871,11.70329475402832,3.521484375,0.40009507987358595
04461,0.8396098269478939,0.35107550317916036,0.23174285888671875,0.5432708263397217,0.6926570534706116,74.98694610595703,3.2527380477722803,12.261837005615234,4.984375,0.4466551149954363
04462,0.8211528493819471,0.3607018224117875,0.3223170042037964,0.6005828976631165,0.6357026100158691,72.13912200927734,4.703958146123464,13.467058181762695,3.400390625,0.5740652720467609
04463,0.8685363905838347,0.334657357825527,0.21370601654052734,0.47299471497535706,0.6181389093399048,73.57662963867188,4.016055451663497,13.837075233459473,4.7890625,0.42735129480610745
04464,0.8779271415980295,0.3701612108874807,0.23694127798080444,0.47999152541160583,0.7092853784561157,72.30025482177734,5.001409535180257,17.80180549621582,4.60546875,0.6216592830689605
04465,0.881344752116706,0.365980373292284,0.22193682193756104,0.32102006673812866,0.7497291564941406,75.55171966552734,5.279657350908736,15.471370697021484,4.5234375,0.6829464274191822
04466,0.8132313592526118,0.3773926267764434,0.22385942935943604,0.4186204671859741,0.7488911151885986,74.91830444335938,2.9053804553121223,10.908504486083984,4.953125,0.3249856724575153
04467,0.856742543668195,0.34571339065056217,0.29840826988220215,0.4851725101470947,0.5387789011001587,71.84182739257812,4.133583092525385,12.160140991210938,3.888671875,0.4948357460239233
04468,0.8688041010488151,0.4211409395973154,0.23971086740493774,0.474881649017334,0.5880603194236755,74.73145294189453,4.158576282026571,7.8927130699157715,4.21484375,0.40462285275562565
04469,0.7708843100092012,0.3378834109523045,0.26003843545913696,0.5107828378677368,0.5946778059005737,76.83283996582031,3.138793033940894,8.744297981262207,4.86328125,0.3145865617001429
04470,0.863598050962575,0.38886851050302007,0.2828325629234314,0.5386967062950134,0.5724886059761047,73.1555404663086,2.6263591785535816,8.381566047668457,3.8984375,0.26672723712655255
04471,0.8576152621641215,0.33980430664418915,0.21814578771591187,0.49967196583747864,0.5726482272148132,72.56166076660156,3.7761305721252265,11.965188980102539,4.12890625,0.2238878212952368
04472,0.7439774792389485,0.34154836666842575,0.2814245820045471,0.4155491292476654,0.5994973182678223,70.86226654052734,5.298698777936533,15.362281799316406,4.515625,0.6656900994857242
04473,0.9277066596413989,0.41208755223137683,0.25673460960388184,0.3910524249076843,0.6330142021179199,71.39480590820312,4.678562843579028,13.523796081542969,4.7265625,0.47471975407474293
04474,0.8654286699275716,0.3323131762291393,0.21563798189163208,0.40667495131492615,0.6857990026473999,74.9268569946289,4.405425482152007,10.711038589477539,4.703125,0.2446733017486579
04475,0.8448272343365982,0.34338898260717815,0.2070123553276062,0.48140591382980347,0.6641250848770142,74.80056762695312,3.164213588031259,11.756409645080566,4.8671875,0.32848573658608576
04476,0.8789688895233283,0.3545146850092805,0.24350464344024658,0.5662509799003601,0.6659148335456848,74.4267578125,3.053408293714329,10.679570198059082,4.96484375,0.39590928538344283
04477,0.8059235074267551,0.39907298009633735,0.20725321769714355,0.38036268949508667,0.4732358157634735,68.76512145996094,3.5228923512693027,13.529129981994629,4.02734375,0.44649428081621134
04478,0.7726637746058682,0.3148659215307484,0.2656961679458618,0.42948809266090393,0.5486229062080383,68.40132141113281,3.0021735273886287,12.285786628723145,4.23828125,0.34397380305195846
04479,0.7935504383640742,0.36656716417910445,0.246789813041687,0.4691576659679413,0.4520837068557739,71.35330963134766,3.290618119426441,8.37494945526123,4.921875,0.358834743544554
04480,0.5869858670177023,0.2478040244969379,0.28052324056625366,0.41637247800827026,0.6331110000610352,71.30426788330078,3.3311507081799037,12.764416694641113,4.2734375,0.31658033669674146
04481,0.7554798707129076,0.2830398930242924,0.36015117168426514,0.7557634711265564,0.6435738205909729,70.40171813964844,5.709082717287375,10.551209449768066,4.58203125,0.18169111609226812
04482,0.8561543289450574,0.4730947429863923,0.250507116317749,0.4601481258869171,0.7053223252296448,73.7414779663086,4.036272611362243,11.183488845825195,4.86328125,0.6189473326461692
04483,0.7948798271787318,0.345777455599855,0.3939927816390991,0.5166085958480835,0.6975204944610596,73.13333129882812,4.046930458546026,4.604506969451904,4.41015625,0.15657896471165425
04484,0.8921428387371877,0.36578550977934665,0.2755204439163208,0.47106724977493286,0.6616901159286499,75.10392761230469,4.851094320099369,10.79184341430664,4.70703125,0.4137839077814035
04485,0.8736265188522726,0.4711020937244625,0.18639612197875977,0.35888946056365967,0.7008492350578308,73.64945220947266,3.6632258729805858,13.304754257202148,4.8984375,0.592052704292046
04486,0.7458468981914604,0.36092373621141177,0.20647704601287842,0.4282006621360779,0.5302892327308655,70.38716888427734,4.020845069367872,13.919698715209961,4.796875,0.7161404425757952
04487,0.8940591642942076,0.3371780593609084,0.30136018991470337,0.634469211101532,0.7087427973747253,74.67073822021484,5.270918936046048,11.10810661315918,4.70703125,0.23589277030385872
04488,0.8445683383773699,0.4638424909328662,0.2577817440032959,0.43771106004714966,0.7920461893081665,74.77446746826172,4.8840167254247815,10.67275619506836,4.70703125,0.47184441572505575
04489,0.8321100970298702,0.3323960422644696,0.2866572141647339,0.510156512260437,0.6431605815887451,76.45093536376953,2.8844823486638296,11.366657257080078,4.6640625,0.32256323497926465
04490,0.7242927262490426,0.337665583604099,0.24113315343856812,0.5430664420127869,0.6057300567626953,71.58763122558594,5.407548073351696,15.580060958862305,4.3359375,0.40711310804772977
04491,0.7504513059175858,0.33050657333871764,0.25344663858413696,0.4893154501914978,0.7002643346786499,77.49554443359375,4.603464435133766,11.348899841308594,4.96484375,0.46626633332955214
04492,0.8928068200863436,0.39323633503735744,0.21449404954910278,0.37638792395591736,0.71604984998703,75.07161712646484,3.790723608374228,11.62860107421875,4.859375,0.4914193461796762
04493,0.8200288033903529,0.3401464056588255,0.27912646532058716,0.5019062757492065,0.7302185297012329,74.43450164794922,6.794474941112894,12.143582344055176,4.83984375,0.3893396315913583
04494,0.8568660471983688,0.32131056792429985,0.28907155990600586,0.632017970085144,0.7720237374305725,75.95394897460938,5.406822715788636,12.034016609191895,4.796875,0.2496419651932606
04495,0.635003132257371,0.24888139810188808,0.23247861862182617,0.417959600687027,0.6061771512031555,73.83673095703125,6.571126889973295,12.129764556884766,3.984375,0.2661159393222223
04496,0.9282935014023019,0.4064753247481974,0.2773786783218384,0.4647195041179657,0.719868540763855,75.86530303955078,4.361269604571056,6.667576313018799,4.99609375,0.24363869411675945
04497,0.8879443715154621,0.4108325487129566,0.22933709621429443,0.40061309933662415,0.6539539694786072,74.21697235107422,4.704187939136979,9.78305435180664,4.78515625,0.47489940710906203
04498,0.7842816966399415,0.3435674067778604,0.24854928255081177,0.3895503580570221,0.7153917551040649,74.69198608398438,6.36317140841721,15.370277404785156,4.83984375,0.6746374851960885
04499,0.7720875495726741,0.4266451641804417,0.2280482053756714,0.45348772406578064,0.5634269714355469,74.4272232055664,3.6069274765914265,9.211539268493652,4.578125,0.5690106637913193
04500,0.7914878710863197,0.4324975891996143,0.2995542883872986,0.5317208766937256,0.619407057762146,69.61547088623047,8.467345427074628,15.690902709960938,4.69140625,0.6030817433601489
04501,0.7999170406120512,0.3615541431826358,0.27071285247802734,0.6667035818099976,0.7184534668922424,75.31494903564453,5.540521432000158,11.035237312316895,4.9609375,0.5804372201251359
04502,0.8774531612356115,0.4087160343779842,0.2559027075767517,0.43204909563064575,0.6108553409576416,72.7076416015625,2.436997961087825,9.000604629516602,4.7421875,0.24514193371565435
04503,0.34840777011815366,0.17531353135313532,0.3541995882987976,0.629604160785675,0.5176668167114258,71.85321807861328,4.86311186290926,8.284273147583008,4.2109375,0.5969812078667255
04504,0.8474764816221975,0.42427529354340104,0.2131638526916504,0.4801322817802429,0.7598006725311279,75.05697631835938,4.774377168094459,10.55336856842041,4.875,0.474846957182429
04505,0.8463242687683403,0.37448033258714425,0.19781363010406494,0.37353160977363586,0.7154932022094727,75.04589080810547,3.711689575481654,13.68720817565918,4.91015625,0.3982644916366344
04506,0.8002298254068281,0.3493719156572454,0.2612936496734619,0.535176157951355,0.6220079660415649,72.91049194335938,4.330226427544241,9.6536283493042,4.9296875,0.4121198225446855
04507,0.8391104043869386,0.4881770529994176,0.19762039184570312,0.28252536058425903,0.6927081942558289,74.93192291259766,5.916177330976319,12.438015937805176,4.8984375,0.7759481071026523
04508,0.7646796412411275,0.32470059579931393,0.24411535263061523,0.47785258293151855,0.655929446220398,72.92183685302734,4.078333979262465,16.57423973083496,4.59375,0.5351525869300352
04509,0.7090763075157989,0.315609194787123,0.38814854621887207,0.8137598037719727,0.6444339156150818,74.63716125488281,4.532594600672318,7.544138431549072,4.1171875,0.22463761297589444
04510,0.7811010293659004,0.3090382582315718,0.3769593834877014,0.7065154314041138,0.6361545324325562,71.94534301757812,5.162656367320876,12.327364921569824,3.65625,0.35127910818556474
04511,0.8306867747204676,0.4984021119911074,0.18680739402770996,0.3480072617530823,0.6682103872299194,74.08546447753906,4.441599313013796,12.383593559265137,4.90625,0.5866245118144209
04512,0.8184551077600971,0.3507765756269957,0.31523358821868896,0.6472525596618652,0.5518932342529297,69.92618560791016,5.587331862005194,9.836280822753906,4.09765625,0.26098741148395244
04513,0.8122639951580347,0.39559552634613165,0.29906970262527466,0.5183143615722656,0.7411689758300781,72.25719451904297,6.180484698367662,8.216048240661621,4.98046875,0.6387946662289231
04514,0.8211954069080165,0.47768738646236475,0.25307995080947876,0.6397151947021484,0.5133475065231323,76.70249938964844,6.939348719014987,8.899104118347168,3.84765625,0.6004852062475874
04515,0.7995173277060569,0.41647180056279975,0.2079613208770752,0.40157997608184814,0.5469858050346375,69.58941650390625,4.140638613729908,11.982611656188965,4.7109375,0.5178241905706913
04516,0.8934628504016761,0.36483472917389365,0.22841960191726685,0.1793532371520996,0.6319208741188049,71.6234130859375,5.357586847455412,18.083459854125977,4.640625,0.7624660605451556
04517,0.7490870201407132,0.40106451844925556,0.25983893871307373,0.34541550278663635,0.688632071018219,72.59053039550781,4.48346705679984,16.540990829467773,4.7734375,0.7032835857957092
04518,0.699260066111488,0.27171287242608994,0.36932605504989624,0.6861463785171509,0.6694999933242798,74.2862548828125,3.2676473101472427,11.001391410827637,4.87890625,0.2596896943650481
04519,0.6689884601036457,0.3689915441802395,0.1677558422088623,0.3800170421600342,0.70101398229599,73.14139556884766,5.541668551606064,14.000605583190918,4.98828125,0.5596184748896698
04520,0.8880138531386648,0.459496717213019,0.29106849431991577,0.46416619420051575,0.6744403839111328,72.36786651611328,4.495256581123157,13.14260482788086,4.08984375,0.4325441915973798
04521,0.8054937354698058,0.4108154020385051,0.32771217823028564,0.49951601028442383,0.5190807580947876,67.46946716308594,5.296624912454061,13.709272384643555,1.8662109375,0.4249031409211003
04522,0.8602848856096995,0.3902253287460734,0.24280846118927002,0.38611119985580444,0.7888979315757751,73.55146026611328,3.9121287085160144,12.910161972045898,4.97265625,0.43450836678867916
04523,0.8190145041591722,0.39688323901324957,0.25544947385787964,0.4113391637802124,0.72975754737854,72.86040496826172,4.204670524298058,10.882596015930176,4.8984375,0.4183418894858824
04524,0.8357744006689822,0.3983642447023834,0.34862643480300903,0.5819713473320007,0.5767196416854858,72.21347045898438,4.666454753878942,9.52337646484375,3.970703125,0.2851211793777311
04525,0.7437315825799081,0.37369583895912606,0.3752787709236145,0.5608806610107422,0.625049352645874,72.32918548583984,5.054073826559212,11.591920852661133,4.2578125,0.46209899814244576
04526,0.8423296364388703,0.4511006013896187,0.20691591501235962,0.447540819644928,0.6666746139526367,76.21918487548828,4.0722505618234655,11.249998092651367,4.98828125,0.49167652448633153
04527,0.8753977471181074,0.4001541579833852,0.3517109751701355,0.6106867790222168,0.5427563786506653,66.9322509765625,5.2881661314988,10.74894905090332,3.103515625,0.3538957212626595
04528,0.5553869549107681,0.24466436643870995,0.26039910316467285,0.46762898564338684,0.7075227499008179,73.88175201416016,3.2042380619695905,11.050804138183594,4.89453125,0.3613349975748291
04529,0.8200032870788212,0.42044730977395733,0.22977250814437866,0.39728835225105286,0.5728803873062134,70.11199951171875,4.8056061110866946,12.15103530883789,4.2421875,0.4445691143803901
04530,0.7495260305989249,0.3027509885920742,0.23305463790893555,0.469344824552536,0.3218289315700531,69.26110076904297,3.9967558896906983,12.00124740600586,4.04296875,0.4402253067041194
04531,0.82855483630167,0.3892213909670269,0.21971583366394043,0.4505842328071594,0.648105263710022,73.06173706054688,3.309597306332889,11.365790367126465,4.11328125,0.2638510198491046
04532,0.8786542442906163,0.4498103996861788,0.2508143186569214,0.46536609530448914,0.6054532527923584,74.75084686279297,4.40527681327721,10.265793800354004,4.96875,0.5458435826149897
04533,0.745582671928493,0.3484799257368299,0.3079618811607361,0.5109984278678894,0.6419752836227417,67.63904571533203,5.420071943685821,14.6813383102417,4.71875,0.44155162703043493
04534,0.7614763703984586,0.2993361496680748,0.386779248714447,0.6184466481208801,0.43131887912750244,64.52533721923828,6.942665606280653,7.33792781829834,2.431640625,0.5026053299305685
04535,0.7911563307621996,0.30758106680015573,0.26390427350997925,0.4541867971420288,0.7363235354423523,76.5872802734375,5.2882843260627155,5.569931983947754,4.984375,0.17330076773698924
04536,0.8830302380706851,0.3385853111880509,0.2115810513496399,0.5224683880805969,0.7322176694869995,75.43260192871094,5.939378524094033,12.169938087463379,4.8984375,0.21482515633752508
04537,0.77985400311707,0.35539403213465953,0.33764684200286865,0.5727484226226807,0.6709956526756287,74.92621612548828,3.113431865145278,5.276561260223389,4.84765625,0.14894159326882359
04538,0.7655293543821936,0.4441894177337521,0.28093093633651733,0.5590276122093201,0.5142726898193359,69.60514831542969,4.466601036384938,12.23534107208252,3.578125,0.44646485615001114
04539,0.8324932959011797,0.3392520075503087,0.18476641178131104,0.4019087851047516,0.7392002940177917,75.83954620361328,4.593085286222977,13.121041297912598,4.94140625,0.4617392429509564
04540,0.8404082008011358,0.5045664164933539,0.17354220151901245,0.3589676320552826,0.6523185968399048,71.87353515625,4.386893060629971,18.508014678955078,4.83203125,0.790174804119987
04541,0.8606734143512719,0.33022490400438836,0.3829662799835205,0.6334406137466431,0.6963801383972168,74.54742431640625,5.972367150478586,11.253775596618652,3.72265625,0.47216533762482144
04542,0.8055630766464931,0.3950759392486011,0.2525342106819153,0.47570034861564636,0.5824926495552063,70.28021240234375,3.232042948899761,9.567984580993652,4.73046875,0.38492675048153774
04543,0.8174922338720291,0.3388171196288335,0.3259091377258301,0.6665615439414978,0.6127719283103943,72.58822631835938,5.170870170240006,9.699274063110352,3.5625,0.32353213253373353
04544,0.6966321286660075,0.33952584220124654,0.25853079557418823,0.4484572410583496,0.47289490699768066,69.51791381835938,3.6899959519769943,11.738000869750977,3.859375,0.3121977573457027
04545,0.8379293754967346,0.4171323978035387,0.1633617877960205,0.2600007653236389,0.6386004686355591,74.20858001708984,4.153078330076778,12.833910942077637,4.82421875,0.4415565465688213
04546,0.6474976775683455,0.24718735774208234,0.3638049364089966,0.636832594871521,0.46716490387916565,67.75580596923828,6.294875755765608,8.686083793640137,3.63671875,0.15384585825291797
04547,0.7534976949459281,0.3286309283890904,0.3087521195411682,0.514391303062439,0.649357259273529,75.8372573852539,5.182820828530045,13.296618461608887,4.96875,0.7126831524485392
04548,0.8209699906240899,0.303588088454071,0.3310520648956299,0.7205962538719177,0.6698503494262695,75.13941955566406,4.861689052775591,11.255908966064453,4.86328125,0.18432999355609397
04549,0.8457698864491697,0.44901888868512746,0.23953700065612793,0.5682272911071777,0.5615229606628418,68.84841918945312,5.289568471320349,14.461362838745117,4.5546875,0.6004176990411059
04550,0.8244825773903892,0.3303930562416202,0.32770758867263794,0.5581868290901184,0.6818699240684509,71.1482925415039,4.920557968910753,8.830079078674316,3.693359375,0.36498409663353704
04551,0.8704318801098697,0.3642817679558011,0.252156138420105,0.42013153433799744,0.6577966213226318,75.78046417236328,4.305412381778298,13.975160598754883,4.7109375,0.4584817114223442
04552,0.8843833599216961,0.40066007389957786,0.26446545124053955,0.492778480052948,0.6863228678703308,73.9246826171875,3.58503217937208,10.170562744140625,4.703125,0.2820055108983307
04553,0.8866976156770253,0.40487112879750914,0.3496439456939697,0.44225260615348816,0.5127589702606201,68.36486053466797,5.1211446227124116,12.416912078857422,3.96875,0.28831541544999395
04554,0.8402838506988856,0.3649474363353448,0.21494096517562866,0.49936166405677795,0.6283559799194336,71.3824462890625,3.90294536269314,13.534621238708496,4.94140625,0.4212485046393791
04555,0.8217953114413395,0.4019232812666029,0.1544806957244873,0.2659153342247009,0.7755153179168701,76.753662109375,3.56981835643945,17.74799346923828,4.953125,0.6316743137991055
04556,0.7478249854615175,0.4246305418719212,0.33206063508987427,0.6218522787094116,0.6442859172821045,75.19015502929688,5.9673504023143815,7.286717891693115,4.07421875,0.3526453906572311
04557,0.8457968620320141,0.31237558867796283,0.25499391555786133,0.5074909329414368,0.7029738426208496,72.97347259521484,4.741286373264189,13.814009666442871,4.6484375,0.38500339805888995
04558,0.8253870608511611,0.40557094370537977,0.24523723125457764,0.4917583465576172,0.637450098991394,70.56633758544922,5.469441286165733,15.7517671585083,4.84375,0.5652028248313545
04559,0.8854311262390058,0.35723768540560336,0.24950319528579712,0.46494752168655396,0.7294573187828064,75.40105438232422,4.342356393739097,9.8125,4.921875,0.3806946343993569
04560,0.24627825160714423,0.10821785368997744,0.2502237558364868,0.48496103286743164,0.5724550485610962,65.95797729492188,4.643250577170188,16.54217529296875,4.15625,0.5128950754300483
04561,0.8633625725287566,0.47680818779566214,0.17192214727401733,0.3214647173881531,0.7250911593437195,74.47888946533203,3.257980828284486,13.383618354797363,4.9609375,0.4584377082952975
04562,0.8419901944493193,0.41665246131408984,0.21349561214447021,0.40164056420326233,0.6292673945426941,68.7537841796875,4.485640910866826,12.375017166137695,3.73828125,0.429269809563817
04563,0.7600956935429685,0.3762003762003762,0.28906476497650146,0.5014155507087708,0.730627179145813,76.89330291748047,5.790428449324063,9.986849784851074,4.9921875,0.3885271300624023
04564,0.8688707880318939,0.34090366309947573,0.31649839878082275,0.49718716740608215,0.7299516797065735,74.57618713378906,5.336228768380802,10.822967529296875,4.91796875,0.3240084456996541
04565,0.7589083945817974,0.3013774191514846,0.464264452457428,0.48227137327194214,0.6769917607307434,68.39935302734375,9.64312151367173,8.986796379089355,4.41796875,0.08346670208126591
04566,0.7987770040932203,0.352822372895328,0.20628076791763306,0.44314175844192505,0.6863211989402771,76.72640228271484,3.616282298402691,10.45665168762207,4.8359375,0.41714795091813517
04567,0.7614072361144271,0.4406505816458423,0.31383490562438965,0.5804877281188965,0.5185127258300781,72.09998321533203,4.686925971203807,8.783002853393555,3.861328125,0.3023921462403262
04568,0.7809611075706047,0.3263568868407578,0.24688243865966797,0.4639328122138977,0.5961921215057373,66.52424621582031,5.81869895980448,10.79513168334961,3.279296875,0.5411667309493953
04569,0.7816245106706974,0.4308821842376965,0.2133713960647583,0.5273910164833069,0.5195806622505188,63.48310470581055,5.3808225977842215,21.031898498535156,3.2578125,0.6453901901916139
04570,0.7946409164004918,0.29741286908643705,0.3155915141105652,0.7552798986434937,0.4951014518737793,72.0041275024414,5.0216288724261835,14.280765533447266,2.740234375,0.2584276777053482
04571,0.8748224657693965,0.3493121900652789,0.19227218627929688,0.38501089811325073,0.7205427885055542,74.92721557617188,3.7694680544625627,13.191732406616211,4.93359375,0.4912382131648771
04572,0.7473265532635773,0.29170070642510454,0.25180941820144653,0.42134368419647217,0.5899202823638916,64.22516632080078,5.490416067472186,18.247066497802734,4.296875,0.47535710335243503
04573,0.7812088803918744,0.3044990548204159,0.22435730695724487,0.5158140659332275,0.7020998597145081,72.5000228881836,5.1158379224702495,15.539329528808594,4.59765625,0.3737999578590814
04574,0.8257140535075876,0.3520952437083751,0.20771610736846924,0.516285240650177,0.6827149987220764,75.17962646484375,4.036733040314131,9.87164306640625,4.91015625,0.44613094653359575
04575,0.8217193666494522,0.3824928639391056,0.2217126488685608,0.37831825017929077,0.5466708540916443,70.94793701171875,4.310236145284095,11.658963203430176,3.84375,0.494181053850118
04576,0.8262741612791673,0.35659136402630826,0.1798170804977417,0.37247198820114136,0.6973950266838074,72.81909942626953,3.698553459457907,12.025196075439453,4.91015625,0.4778573804840551
04577,0.7438517885751542,0.30096008084891357,0.26115715503692627,0.4640509784221649,0.6206186413764954,66.48599243164062,7.015981598047135,14.705690383911133,3.830078125,0.6366915865240984
04578,0.6320888765840086,0.26040708889970615,0.21632814407348633,0.3844999670982361,0.483736515045166,66.36347198486328,4.348860191417544,17.481197357177734,4.0703125,0.3174862582751343
04579,0.8398032670647607,0.3619599762511787,0.31182122230529785,0.5907477140426636,0.6595497131347656,73.94712829589844,5.280653097369612,12.201715469360352,4.0859375,0.4730399611175352
04580,0.7389464157867344,0.32047775346462437,0.2446197271347046,0.4888520836830139,0.6939659118652344,75.55307006835938,5.060457031173159,8.548130989074707,4.95703125,0.44037986569756465
04581,0.9005409601155004,0.37663164018470713,0.2636493444442749,0.39116719365119934,0.5129448771476746,67.5977554321289,3.7798901081515126,11.926761627197266,3.458984375,0.2713427095533123
04582,0.8721217572427676,0.44753245012399184,0.1858091950416565,0.32321545481681824,0.6986961364746094,74.89725494384766,3.64046305503588,14.273160934448242,4.9453125,0.5929734426912986
04583,0.870173539370127,0.3646631182656108,0.27660608291625977,0.4432111382484436,0.5897449851036072,76.04493713378906,5.44306470824774,14.37969970703125,4.875,0.7417955703191957
04584,0.8242131835425881,0.39513904421084023,0.20741301774978638,0.29447320103645325,0.6835697293281555,75.22889709472656,3.978753906920632,11.491670608520508,4.71484375,0.59955725218584
04585,0.852088584803745,0.5441810344827587,0.17041093111038208,0.3474459648132324,0.6012356877326965,74.505859375,4.300640706575064,12.283185958862305,4.6015625,0.6990690991758177
04586,0.8450916365752984,0.3758965990866722,0.22642534971237183,0.3769795596599579,0.7074117660522461,73.11115264892578,3.857454921375818,14.334349632263184,4.96484375,0.3084306551500752
04587,0.8293319711870106,0.3587218185615512,0.3764911890029907,0.6155497431755066,0.4545568823814392,65.2154541015625,5.609955845821006,8.430294036865234,2.109375,0.2594386048867789
04588,0.8160408651131434,0.34856749592169656,0.18365144729614258,0.37678128480911255,0.7724893093109131,74.86810302734375,3.606703204094111,12.435980796813965,4.9296875,0.3751759767763408
04589,0.9013199731391042,0.35424260270265967,0.30555421113967896,0.5070440769195557,0.7452229261398315,74.5985107421875,5.285254260020916,7.991786479949951,4.90625,0.29614399044026746
04590,0.8487329385505579,0.492895061397394,0.3286076784133911,0.5751568675041199,0.4937579333782196,68.88057708740234,5.306499894790024,13.1083345413208,3.755859375,0.5587423426270303
04591,0.8096258212439311,0.3989919168946123,0.15060007572174072,0.24830728769302368,0.7170944809913635,75.48812866210938,4.427067667137625,16.457609176635742,4.98046875,0.5592897909894015
04592,0.9004653999011604,0.4318030757947331,0.2232668399810791,0.4289722442626953,0.6295375227928162,68.27178955078125,4.487300206154137,16.414430618286133,4.453125,0.5466630730878242
04593,0.7478748417318147,0.3557996648668777,0.2881253957748413,0.5456310510635376,0.6223715543746948,73.16885375976562,4.110323850354271,10.365878105163574,4.4375,0.37025153779072695
04594,0.8052049619747028,0.3070629797859059,0.2712324857711792,0.4838474690914154,0.6195850372314453,75.75826263427734,4.088333623536576,10.477666854858398,4.91015625,0.5323381308132362
04595,0.8969636265809412,0.5587646109263473,0.15943551063537598,0.31315094232559204,0.7516040802001953,76.91912841796875,4.386849686123564,10.988819122314453,4.91796875,0.5188271847415115
04596,0.809101447331748,0.3889546351084813,0.35640645027160645,0.5093380808830261,0.5914211273193359,72.75901794433594,6.275760116272829,11.412205696105957,3.966796875,0.3528777775225676
04597,0.6097230609361171,0.22809123649459784,0.2889125347137451,0.5832335948944092,0.6246896386146545,73.16071319580078,5.601550500834581,10.757659912109375,4.82421875,0.27501469866175077
04598,0.7555267023649895,0.2917298187808896,0.260376513004303,0.5301132202148438,0.7598338723182678,74.86595153808594,5.048706840898635,13.29746150970459,4.8828125,0.31813989116560776
04599,0.7506070028031412,0.4292094146047073,0.3054695129394531,0.5436652898788452,0.638283371925354,70.7383041381836,6.902153765878014,9.598308563232422,4.52734375,0.48078273185618203
04600,0.8672640994266666,0.33586086218781486,0.2876361012458801,0.5520920753479004,0.6814418435096741,74.82064819335938,4.8182936206617955,12.244844436645508,4.45703125,0.3150083020479494
04601,0.8105538056890328,0.306641684335092,0.3965851664543152,0.7574129700660706,0.6107383370399475,70.00457000732422,5.597173835911548,7.9420061111450195,4.1640625,0.35507405579512985
04602,0.7871547807745103,0.3674082313681869,0.3343283534049988,0.7043766975402832,0.5463718771934509,70.9290771484375,5.832080383943354,11.814661979675293,3.958984375,0.40611073056828995
04603,0.8174989209775656,0.36215757060947124,0.2666811943054199,0.5920592546463013,0.6578954458236694,74.65995788574219,4.422840893998178,9.879694938659668,4.87109375,0.3210118677362757
04604,0.8465298895335219,0.4118649318463445,0.1987135410308838,0.33939671516418457,0.6687951683998108,72.95445251464844,5.229903504108218,13.337303161621094,4.7421875,0.6875537269112308
04605,0.8028753532472261,0.3985756916112849,0.20004409551620483,0.43419596552848816,0.6253724098205566,74.8104248046875,2.871479721325199,10.600146293640137,4.9609375,0.36615340245967315
04606,0.8467415796628566,0.4085420711207917,0.2224971055984497,0.34782394766807556,0.7384560704231262,74.62554931640625,3.2908197913422663,11.454371452331543,4.90234375,0.47597495221519176
04607,0.7028197147657388,0.3934864503584883,0.2854519486427307,0.37593722343444824,0.6448169946670532,72.38800811767578,5.718187824442716,10.296573638916016,4.6484375,0.7520500861130639
04608,0.7886565232310293,0.35225920273316624,0.2915547490119934,0.42708390951156616,0.5845403075218201,72.92131042480469,3.8210566606974785,11.631484985351562,4.08203125,0.31398036093916154
04609,0.7680535539699528,0.3078870580157913,0.17278945446014404,0.36920273303985596,0.7064180970191956,76.09152221679688,5.211746283376285,13.73421573638916,4.984375,0.5115962461627479
04610,0.8514020777073849,0.3589530898692454,0.17258554697036743,0.3591154217720032,0.7001628875732422,75.62773132324219,4.310133078808381,13.1730375289917,4.7109375,0.4835210967077615
04611,0.9464574865693696,0.3848031909608369,0.26543617248535156,0.5249277949333191,0.6369481682777405,73.2197265625,4.405394171624606,9.226171493530273,4.40625,0.2104043845780757
04612,0.7728223429123909,0.38686854393660675,0.23491203784942627,0.5586072206497192,0.6342954039573669,75.04280853271484,2.9990490421171128,11.133360862731934,4.109375,0.4974043108076087
04613,0.8176858788482645,0.4230909588541191,0.2220386266708374,0.4536643624305725,0.7158461213111877,74.3619613647461,4.365581236628668,10.62116527557373,4.97265625,0.5298431075061487
04614,0.7951963170210953,0.342409652995585,0.25689005851745605,0.5646193623542786,0.5361916422843933,73.1216049194336,5.2111721312336305,14.168134689331055,3.771484375,0.3538397639285893
04615,0.7248093053581339,0.4328865058087578,0.2731512188911438,0.5290049910545349,0.6740937232971191,72.1683120727539,4.8162034440688055,10.112933158874512,4.875,0.41121082130073144
04616,0.8692151660278324,0.36523708012669964,0.2863854169845581,0.6528152227401733,0.7428349852561951,74.91539764404297,5.672235889444968,9.56889533996582,4.453125,0.13419164544671616
04617,0.8895302127762951,0.5236810272634224,0.2552112936973572,0.4080893099308014,0.8200293779373169,78.1128158569336,7.801937634548617,16.808202743530273,4.984375,0.7928188527300875
04618,0.8412416066569287,0.497449599222735,0.15052485466003418,0.25664177536964417,0.6690433025360107,75.95091247558594,5.104810515421112,14.25976848602295,4.9921875,0.7255010030096815
04619,0.8207683721149235,0.3251880795474427,0.2741079330444336,0.5282180905342102,0.6599360108375549,75.41312408447266,2.739365358346094,10.635032653808594,4.7890625,0.27626328922746557
04620,0.8318309545378925,0.3497296468991484,0.23534351587295532,0.4944571256637573,0.6792338490486145,72.93366241455078,3.04908642329338,10.966165542602539,4.5703125,0.2714912817647062
04621,0.8834950103048147,0.4290855060014394,0.3058072328567505,0.463760107755661,0.4436255097389221,69.59159851074219,5.226254828237611,15.705355644226074,3.7734375,0.42231902988108544
04622,0.7527473722544066,0.3309359704325242,0.28462016582489014,0.5716203451156616,0.6001702547073364,70.83984375,4.425793520395338,13.282041549682617,3.998046875,0.5763166434375007
04623,0.7863147838740602,0.3882641131277141,0.18213725090026855,0.4571891129016876,0.6824320554733276,70.76463317871094,5.168342281125662,15.421442985534668,4.4765625,0.6292657434839515
04624,0.7896632357662606,0.38462100189864173,0.26967889070510864,0.5583322644233704,0.3852425515651703,67.20845794677734,3.308986518373992,10.473179817199707,3.92578125,0.3147366525872649
04625,0.9673853520600486,0.36333055663145386,0.3750343322753906,0.5225820541381836,0.6635622978210449,71.66748809814453,13.444404084823985,10.4635009765625,3.994140625,0.08863808251216312
04626,0.8711858100626608,0.35999758997429304,0.25032705068588257,0.39579805731773376,0.5173195004463196,74.87953186035156,4.176672225711942,11.68636703491211,3.47265625,0.2956306342907268
04627,0.7774351451960576,0.32706378088488797,0.2984694242477417,0.6205928325653076,0.6911901831626892,73.304443359375,4.6311013092771285,12.011018753051758,4.75390625,0.4093248008863458
04628,0.7212660871140405,0.3487597186227323,0.2156440019607544,0.44710421562194824,0.6182850003242493,74.53462982177734,4.672830174990671,13.052033424377441,4.98828125,0.49745340851725905
04629,0.8418660389376541,0.418622634643377,0.16874855756759644,0.39580515027046204,0.7761837840080261,75.26688385009766,3.5562584821339827,9.911090850830078,4.89453125,0.5045560110692013
04630,0.8579035582399055,0.36454210454483416,0.34728753566741943,0.5948649644851685,0.579034149646759,67.71350860595703,5.292356142784622,8.357423782348633,4.16015625,0.3489202050827656
04631,0.8012583167546578,0.31904695525364846,0.31918221712112427,0.6508214473724365,0.6843021512031555,73.732177734375,3.3914054025697387,10.616988182067871,4.98046875,0.21616538291813533
04632,0.8319173374201523,0.4522993430448443,0.20487046241760254,0.3655717968940735,0.6992888450622559,75.53473663330078,3.2227365648369894,11.237165451049805,4.96484375,0.5137167298871078
04633,0.7704812663941925,0.31954419228191133,0.2874683737754822,0.6032677888870239,0.7468782663345337,73.7036361694336,5.72449997563314,14.725044250488281,4.171875,0.4367413886706529
04634,0.822052432664457,0.34660633484162895,0.2345619797706604,0.4184688925743103,0.6079468131065369,73.49906158447266,4.298812326945507,15.700874328613281,4.56640625,0.6020808893795371
04635,0.851852441810096,0.32562246716180204,0.21546673774719238,0.5072893500328064,0.6815115809440613,74.22759246826172,4.24857588276604,11.56777286529541,4.56640625,0.20479510124709527
04636,0.8610031874684467,0.33183498152032764,0.2555907368659973,0.4831434488296509,0.5883851051330566,73.64093017578125,4.204442604475541,14.110709190368652,4.42578125,0.49385196714112706
04637,0.834514202313433,0.4496841393589825,0.19707852602005005,0.40714579820632935,0.46539682149887085,75.65481567382812,3.212616944979367,9.409576416015625,4.48828125,0.4433450092968468
04638,0.844136010147253,0.48630659363516604,0.22711843252182007,0.4710409939289093,0.5506964921951294,71.60903930664062,5.251129573266761,14.010604858398438,4.3125,0.6748125865653514
04639,0.8135843145183062,0.3817191569973952,0.3717561960220337,0.6148972511291504,0.5118128657341003,60.99386215209961,4.202229379219423,15.555310249328613,4.18359375,0.2270815342316053
04640,0.720490222676061,0.37838398506379006,0.3224033713340759,0.6467024087905884,0.5262945890426636,69.92430877685547,7.611311610184351,9.836176872253418,4.06640625,0.4461102101457775
04641,0.8178808770983746,0.36508148289335746,0.3052176237106323,0.601311206817627,0.5401170253753662,68.6355209350586,3.2232477718981176,11.049128532409668,3.505859375,0.41565423354958037
04642,0.764256197068837,0.3944871666833117,0.3806295394897461,0.5418193340301514,0.5368796586990356,72.1119384765625,6.282065348394441,6.933159828186035,4.19921875,0.2963814036972041
04643,0.7643835582087107,0.31905270574331235,0.23095732927322388,0.4516192674636841,0.46314284205436707,71.42578887939453,3.263522099440341,8.506439208984375,3.759765625,0.37617890343848087
04644,0.8672233442187675,0.3648133129073924,0.19821643829345703,0.4370616376399994,0.687493085861206,73.91727447509766,3.6154193510680086,11.046545028686523,4.96484375,0.3556133302065183
04645,0.8953036807291728,0.6277777777777778,0.2167121171951294,0.18492895364761353,0.7311261892318726,73.90396881103516,5.961417971852248,11.665388107299805,4.765625,0.7321193641302095
04646,0.6698575848973269,0.28862672416865665,0.23049134016036987,0.5023516416549683,0.682689905166626,74.07662200927734,2.7660878916045206,13.943075180053711,4.97265625,0.3856628499242911
04647,0.8940851919511175,0.4175745084568325,0.2453363537788391,0.43578511476516724,0.6544360518455505,71.8502197265625,5.681358654852186,9.650022506713867,4.39453125,0.7081169248950755
04648,0.8330864962150171,0.32259825327510916,0.23228228092193604,0.47401151061058044,0.6929454803466797,72.53121948242188,4.750648627108864,13.221067428588867,4.2421875,0.29303733664232134
04649,0.7426967663083659,0.3359413202933985,0.20105671882629395,0.41552022099494934,0.6148038506507874,72.66218566894531,4.070617220164607,13.442601203918457,4.43359375,0.31799129960889494
04650,0.638567579806624,0.33357852151526296,0.24896186590194702,0.4872003197669983,0.6373925805091858,74.33956909179688,5.023693146433825,8.048619270324707,4.97265625,0.38614570586641783
04651,0.808731980460776,0.34086253086095497,0.3543434739112854,0.46508121490478516,0.5994340777397156,69.23346710205078,4.272408983362485,9.285688400268555,4.28515625,0.22969902622691624
04652,0.8148651676447486,0.3130371388113898,0.24105632305145264,0.3911185562610626,0.7286121845245361,76.11666870117188,4.666972575541949,12.530344009399414,4.828125,0.42078347130884947
04653,0.7559159407796742,0.44494707319279836,0.4494044780731201,0.7059628367424011,0.5074220895767212,66.35746002197266,5.434896290269733,5.174259662628174,3.47265625,0.12616050871929993
04654,0.8259251197500541,0.46520466334548816,0.23490041494369507,0.41413241624832153,0.7219793796539307,74.85857391357422,4.531992022201599,10.197919845581055,4.9375,0.5771424398681945
04655,0.8486908594241218,0.35234229009601137,0.197340190410614,0.30915695428848267,0.5801170468330383,69.08098602294922,5.131596778020215,14.794007301330566,4.1171875,0.514382646515617
04656,0.664110272054264,0.32453424583129653,0.21883374452590942,0.35806718468666077,0.6372106075286865,73.13998413085938,4.252964437079379,12.607636451721191,4.79296875,0.37171267638884686
04657,0.813799884539989,0.5034522918226437,0.1956794261932373,0.40537843108177185,0.5194578170776367,70.46788787841797,5.008571510112984,18.38938331604004,4.17578125,0.692649490129908
04658,0.7446704318002826,0.3038235863047263,0.23938202857971191,0.6050866842269897,0.6830015182495117,71.30553436279297,4.114812172964375,13.730143547058105,4.1953125,0.4784119210840021
04659,0.8936327848832003,0.3431368549867428,0.34307944774627686,0.5548346042633057,0.7121104001998901,73.278076171875,4.5659508088664404,11.13984489440918,4.79296875,0.35681496316696937
04660,0.896504031830776,0.4637433380824231,0.21117377281188965,0.3266863226890564,0.661152720451355,72.3654556274414,3.797829682719451,10.908390045166016,4.1484375,0.29839536477813183
04661,0.8143474048230834,0.33943525980807504,0.28228068351745605,0.5362669825553894,0.7083026170730591,74.11715698242188,5.295119357472216,13.280893325805664,4.83984375,0.4658393841177761
04662,0.812206966583941,0.36788877404187187,0.2730715274810791,0.5860131978988647,0.5312997698783875,72.7510757446289,3.3878468206898438,7.586931228637695,4.4140625,0.26723260341080335
04663,0.7583967843188887,0.3972197469256817,0.2718644142150879,0.5202956795692444,0.719304084777832,73.65343475341797,4.4209849304790225,10.864091873168945,4.5234375,0.35642261315225343
04664,0.8633195927014586,0.4297864676099182,0.24382036924362183,0.4506337642669678,0.6477430462837219,74.59346771240234,4.251970077017786,10.986231803894043,4.88671875,0.48563267650249997
04665,0.8272463790529988,0.4091619255372461,0.26447904109954834,0.6032459139823914,0.6134821772575378,73.24446868896484,3.6918012674459324,12.167495727539062,4.4140625,0.4360209200398762
04666,0.7923144489544567,0.3236984519864077,0.21860665082931519,0.4022243916988373,0.7605795860290527,76.30211639404297,5.562177067251971,12.333268165588379,4.97265625,0.43555450483746444
04667,0.8332011415792409,0.4144902196481259,0.23829585313796997,0.5081958770751953,0.6388764977455139,68.98439025878906,3.8219181097370627,12.392135620117188,4.1875,0.30615412228372335
04668,0.807543288862059,0.5245185084004917,0.18363744020462036,0.22403806447982788,0.6512974500656128,68.80545806884766,6.182235521107278,20.21346664428711,4.66015625,0.8361977279879219
04669,0.8004996337514425,0.4203341855368882,0.22073650360107422,0.36467328667640686,0.4109446704387665,68.52125549316406,2.967448353598598,16.537906646728516,3.6953125,0.5925542909714377
04670,0.747046375324417,0.40687019764145127,0.24153482913970947,0.5355358719825745,0.6774213910102844,77.4515609741211,3.3895962359552665,11.440802574157715,4.25390625,0.5256535084224717
04671,0.3989525145797311,0.15897951106645963,0.3394696116447449,0.7236780524253845,0.5505133867263794,72.03646087646484,3.708299696272175,10.723443031311035,3.9375,0.4013153641261088
04672,0.6817304204570576,0.34825592240253683,0.2731461524963379,0.6374367475509644,0.5925736427307129,68.80843353271484,5.364221460281465,16.062536239624023,4.51953125,0.5499925065550024
04673,0.5319505704050262,0.1995710576814539,0.21734869480133057,0.3706361949443817,0.666877806186676,74.92906951904297,4.493548282124349,13.92508602142334,4.98046875,0.6478524464668635
04674,0.6631094954243398,0.3040281182074643,0.2823607921600342,0.6638801693916321,0.5505459904670715,72.3259048461914,7.906271925743589,14.176864624023438,4.27734375,0.47546653815683243
04675,0.8215743903905732,0.3815742609521548,0.2964927554130554,0.4950440526008606,0.569105863571167,69.212890625,4.214287880145504,11.661706924438477,4.01171875,0.3848392239544721
04676,0.7651026181471794,0.4236051026067665,0.21148228645324707,0.4964911639690399,0.7036986947059631,75.31780242919922,4.049242940660838,12.065959930419922,4.94140625,0.5486651524759808
04677,0.8625651413867639,0.37703773956301556,0.19996583461761475,0.40271642804145813,0.7366208434104919,74.49911499023438,4.515444425115676,12.873835563659668,4.9140625,0.2938246849806211
04678,0.840980836216906,0.3931702814951546,0.32816624641418457,0.6344528198242188,0.49868690967559814,68.52629852294922,5.864035649090246,13.384664535522461,4.94140625,0.6269626400552479
04679,0.7130215503857164,0.3333333333333333,0.24125105142593384,0.434276282787323,0.5586587190628052,69.82302856445312,5.694593168701497,13.083199501037598,3.91015625,0.5237859945493993
04680,0.7764395757794201,0.3260773966578716,0.2675170302391052,0.464900404214859,0.46459537744522095,69.07434844970703,3.9709490004773924,12.176636695861816,3.63671875,0.2698685174174033
04681,0.8431920429305267,0.35037849891438294,0.23557722568511963,0.5218213796615601,0.5792234539985657,70.66474914550781,4.1070844280790855,10.951608657836914,4.53515625,0.2171513034671679
04682,0.8150285145356359,0.3299010748596975,0.23439747095108032,0.530419647693634,0.7032973170280457,74.46544647216797,4.44599719606156,12.309953689575195,4.78515625,0.302919152752798
04683,0.8949696503742001,0.41678981292249645,0.2929118871688843,0.4539850354194641,0.5606540441513062,73.23160552978516,4.50474704532459,5.702462673187256,3.99609375,0.3052760002079259
04684,0.8712068786623671,0.4191058170600304,0.17375200986862183,0.37805411219596863,0.6111771464347839,71.79691314697266,3.484093707620654,8.238855361938477,4.1328125,0.3382606001074988
04685,0.706648357719189,0.34925864909390447,0.18053114414215088,0.38125866651535034,0.560830295085907,73.55787658691406,4.7924689352154415,11.127189636230469,4.92578125,0.5214556765292779
04686,0.8710489776472792,0.3584445900565157,0.1792231798171997,0.3711392283439636,0.5947638154029846,72.75530242919922,3.1070807216926783,14.317826271057129,4.68359375,0.3382388884357718
04687,0.6662654434578285,0.40636888826264617,0.22182875871658325,0.4931698441505432,0.6153939962387085,73.3117446899414,5.5085365786725395,8.406508445739746,4.75390625,0.7109077134013838
04688,0.6964024745670871,0.38871211954971363,0.1957399845123291,0.3597549796104431,0.7127569913864136,74.96399688720703,4.760491155273362,11.68491268157959,4.9453125,0.5158726201764309
04689,0.8829354347153786,0.5227097587744903,0.18487733602523804,0.44606131315231323,0.684490978717804,76.3440933227539,3.7552723565299395,9.928251266479492,4.3828125,0.5653711457530601
04690,0.8066348868520009,0.4446221375344517,0.23717796802520752,0.37946680188179016,0.7035254836082458,74.41111755371094,3.700691929744384,13.20197868347168,4.94921875,0.44010515305587916
04691,0.8367211166821131,0.3736343625679032,0.21369141340255737,0.4656938910484314,0.6423515677452087,74.71125793457031,3.452629687813767,12.811918258666992,4.83984375,0.45129786301846403
04692,0.8259747585298389,0.3224894362325443,0.2913523316383362,0.5967850089073181,0.5255658030509949,70.37183380126953,5.53092354327701,13.723101615905762,2.787109375,0.46193425362995316
04693,0.8629100316726079,0.350186331758561,0.32343989610671997,0.43841466307640076,0.625231921672821,75.97947692871094,4.824815290222762,10.502174377441406,3.68359375,0.26476337234539354
04694,0.8159654794843272,0.45785549805066006,0.23447811603546143,0.4363221824169159,0.5938981175422668,69.9282455444336,3.171042818590474,8.695343017578125,4.44921875,0.3984133087168818
04695,0.8368613697501115,0.47587467584916887,0.16352105140686035,0.23959721624851227,0.7337340116500854,74.84626007080078,4.381062365886021,14.446393966674805,4.95703125,0.597665042055339
04696,0.8427167023704815,0.3307829115565601,0.2564588785171509,0.5341205596923828,0.6836997866630554,73.54816436767578,4.275696714658027,12.513724327087402,4.33984375,0.20579597692214788
04697,0.7103596209588633,0.33362472681860755,0.1928606629371643,0.4103626012802124,0.6520703434944153,74.48970031738281,2.965276526383189,12.333724975585938,4.9921875,0.5357965339690071
04698,0.45241640905500075,0.17149506460155686,0.43921202421188354,0.6472417712211609,0.46382609009742737,69.24325561523438,5.2287662715456,11.648884773254395,1.876953125,0.40581129124625803
04699,0.9183466044355685,0.3500837520938023,0.3321174383163452,0.6475012302398682,0.5773428082466125,72.5682601928711,4.605648824282802,9.529870986938477,4.22265625,0.14012445997321743
04700,0.8536300995178201,0.3350696803611602,0.3356555104255676,0.521048903465271,0.6513570547103882,72.13938903808594,4.967129316261417,11.473469734191895,3.3359375,0.4240025763690231
04701,0.7404979203777624,0.3071827956989247,0.21182036399841309,0.6050093173980713,0.4081500470638275,70.3949966430664,6.170895522851598,13.652833938598633,2.966796875,0.31659501883919755
04702,0.850956416901606,0.44701348747591524,0.291766881942749,0.6699719429016113,0.5637007355690002,73.58185577392578,5.749594279968,7.464663982391357,4.14453125,0.32352629741486494
04703,0.7979239336696303,0.33288688261653193,0.18205678462982178,0.3540716767311096,0.6537075638771057,71.8594741821289,3.824246045011221,15.773783683776855,4.796875,0.4353895862950196
04704,0.8797395517292077,0.48914967295113504,0.23082059621810913,0.38033512234687805,0.7446523904800415,74.48750305175781,4.5215004110576675,10.539405822753906,4.9296875,0.5023553331149273
04705,0.8846804585614069,0.4510959766496881,0.2127448320388794,0.2707993686199188,0.7037066221237183,73.6446762084961,5.723409251940583,15.872076988220215,4.79296875,0.8259201043875082
04706,0.7860899516582218,0.3488037651980651,0.34304654598236084,0.545784056186676,0.5129486322402954,67.06290435791016,5.3870726009978265,12.636608123779297,3.873046875,0.2919649881541733
04707,0.7908305580792062,0.3109089626965658,0.20578765869140625,0.2757698595523834,0.628181517124176,74.08138275146484,6.344297029718099,17.630741119384766,4.5390625,0.5521469523259874
04708,0.7557756386916576,0.30819329923807537,0.32824695110321045,0.5611283779144287,0.5609145760536194,72.16674041748047,5.732706016901801,13.793831825256348,2.720703125,0.43370324308332564
04709,0.8340470308487362,0.4234654776005016,0.23002856969833374,0.3644605875015259,0.7016520500183105,75.39424133300781,5.287420866036456,7.434089183807373,4.87890625,0.604784053514756
04710,0.7551899575986197,0.2882013671318713,0.31182175874710083,0.6391528248786926,0.663536548614502,72.37651824951172,4.981491433812872,12.794600486755371,4.55859375,0.33268284969733897
04711,0.7826686433285456,0.3125863998420117,0.3496069312095642,0.6001834869384766,0.5062999129295349,72.53683471679688,4.669995037082334,13.08609390258789,3.1015625,0.2802811572125753
04712,0.8125500923563856,0.37370928605586157,0.23051005601882935,0.5506317019462585,0.6905238628387451,73.51773834228516,3.2858162831413673,10.391267776489258,4.390625,0.33700454991537765
04713,0.8468501872836083,0.44389038736145425,0.18318289518356323,0.3055092692375183,0.7331566214561462,74.56632232666016,4.79586471255403,14.167838096618652,4.953125,0.5904696113848862
04714,0.8461641787973833,0.33011180595035056,0.29329633712768555,0.5553956031799316,0.5690440535545349,70.63096618652344,4.251577810081009,12.801847457885742,3.76953125,0.1648830454731825
04715,0.8647567863542112,0.36710297784807056,0.2127668261528015,0.48599860072135925,0.7127936482429504,75.04862976074219,3.223614474306568,10.973602294921875,4.95703125,0.3026454891876179
04716,0.8873161836690722,0.3524238657551274,0.4300914406776428,0.665095329284668,0.6018024682998657,71.66950225830078,5.9292883469655635,9.804410934448242,3.65625,0.329059991348629
04717,0.8049130480071457,0.32038556142388036,0.38935184478759766,0.5605618357658386,0.7007664442062378,74.33744049072266,5.0706019931483235,10.342363357543945,4.7578125,0.2615651793682329
04718,0.8084884394234869,0.32152205246468724,0.3293187618255615,0.5222493410110474,0.6725374460220337,72.92860412597656,5.318388661817768,10.52944564819336,4.35546875,0.25498446203280184
04719,0.7813699791598764,0.37780133806163857,0.23120540380477905,0.6573893427848816,0.5923300385475159,77.22996520996094,3.444929336530553,11.367267608642578,4.73046875,0.4284507382353392
04720,0.8163116814191176,0.3334553842773974,0.24853652715682983,0.5521754026412964,0.36875006556510925,68.07312774658203,7.372104310771888,15.033842086791992,2.482421875,0.31104250359047464
04721,0.8456090020689184,0.4168081607551105,0.25175929069519043,0.5277493000030518,0.599441647529602,75.80592346191406,3.797581010055546,9.66790771484375,4.19140625,0.2668747346995243
04722,0.8724258259229051,0.4163874764034625,0.18899524211883545,0.3802906572818756,0.7498693466186523,74.64608764648438,4.399911801966867,10.435443878173828,4.91796875,0.48218093485739
04723,0.6955182779175368,0.29056784347086345,0.28794652223587036,0.530394971370697,0.6264920234680176,69.02410125732422,4.677317797459043,13.013409614562988,4.32421875,0.47970216635659196
04724,0.7075798017951406,0.3913244828650818,0.23277229070663452,0.44959506392478943,0.6708155870437622,75.23571014404297,7.388816701150668,14.213504791259766,4.91015625,0.7249574180877545
04725,0.6597239372314964,0.272797420018598,0.3017635941505432,0.37396734952926636,0.7184994220733643,75.27312469482422,4.774882519107126,9.16683578491211,4.98828125,0.32887288972095235
04726,0.8020122641956181,0.37929505259610097,0.2419326901435852,0.5162791609764099,0.6903992295265198,74.81393432617188,3.489405323651366,9.77407169342041,4.8828125,0.40314937102367165
04727,0.8826796923817894,0.39098657575111867,0.15316516160964966,0.3632567226886749,0.49098140001296997,68.95333099365234,3.585574889224531,14.274092674255371,3.896484375,0.40024030343064404
04728,0.8388601499541066,0.3180619111709287,0.346290647983551,0.5957695245742798,0.7178559303283691,73.26851654052734,6.680669811755567,14.118056297302246,4.3125,0.3754121438536691
04729,0.7217055696510759,0.31568303975307327,0.2583826780319214,0.6522141098976135,0.6924839615821838,67.053955078125,7.035121025411679,14.301319122314453,4.1640625,0.4669862419937768
04730,0.7612839855776379,0.33696294420528405,0.3047260046005249,0.5256712436676025,0.6860304474830627,70.75265502929688,5.403739139082133,4.062597751617432,4.9609375,0.45971379381985084
04731,0.8981233990002262,0.36868148599269185,0.2672231197357178,0.5678933262825012,0.6379033923149109,74.13399505615234,5.471039036452568,9.06037712097168,4.26953125,0.46432749846045
04732,0.8362994748657654,0.39407183143296626,0.3262670636177063,0.5235924124717712,0.7229756712913513,72.21836853027344,3.6646622838655656,8.240478515625,4.26953125,0.2835475812168185
04733,0.8854063562537258,0.37416644275629596,0.2689734101295471,0.3843492865562439,0.63587486743927,75.5384292602539,4.514844207583168,9.899438858032227,4.07421875,0.48028085327484343
04734,0.8079865751688154,0.4082737871380218,0.2420307993888855,0.5802335143089294,0.6685727834701538,76.77804565429688,4.737002876127045,9.788416862487793,4.55078125,0.3521539018655459
04735,0.8102416228909884,0.2927064920235834,0.22178369760513306,0.3584696054458618,0.6276323795318604,75.64765930175781,5.193810654448415,13.13459587097168,4.921875,0.32986193763887867
04736,0.7134984517773242,0.4190206454498025,0.21940195560455322,0.43689727783203125,0.5908998847007751,75.3549575805664,6.1247054986365645,10.493393898010254,4.9296875,0.5476464245539632
04737,0.8192005279338278,0.39890084093953243,0.3036500811576843,0.535676121711731,0.4459027051925659,69.04376983642578,3.0008912600794364,10.052722930908203,3.46484375,0.2738552757090297
04738,0.9146283015752942,0.4405846588038536,0.20264798402786255,0.3175630271434784,0.7701992392539978,77.21708679199219,4.7208408817365175,14.01093864440918,4.703125,0.5935508134415406
04739,0.807677445753408,0.3598255061004703,0.31439805030822754,0.5607249140739441,0.5689256191253662,71.45140075683594,5.456930727390304,14.625645637512207,4.6953125,0.43956546675751246
04740,0.7518597823469276,0.3204394031165685,0.29653412103652954,0.48883354663848877,0.4574117958545685,68.40660095214844,3.2559940304428623,12.964958190917969,4.22265625,0.2287422756127083
04741,0.5306722187634096,0.2067171283946195,0.45948392152786255,0.6503087878227234,0.6575343608856201,73.87389373779297,7.858385885985798,7.864606857299805,4.1484375,0.1145801613749788
04742,0.8918308523676752,0.3346379807653024,0.3450337052345276,0.6277523040771484,0.679141104221344,72.74080657958984,5.8261592929103045,10.892809867858887,4.640625,0.15522350181321656
04743,0.8748167210701496,0.3820099344899575,0.2723015546798706,0.4885871410369873,0.4459558129310608,65.7718734741211,6.97401113389221,12.500176429748535,2.60546875,0.13718021740616612
04744,0.8960892194400304,0.3562048588312541,0.30669158697128296,0.5760855078697205,0.5313031673431396,75.74593353271484,4.169824525849333,9.829177856445312,4.51171875,0.48360140632206744
04745,0.7672045604685854,0.3136683805391268,0.24853622913360596,0.598842203617096,0.7013249397277832,76.1747055053711,4.830168908792694,11.449042320251465,4.98046875,0.5929787870956762
04746,0.8273128985698379,0.35057002250414226,0.3382934331893921,0.6257414817810059,0.627225399017334,73.21265411376953,6.681234501896935,9.704133987426758,3.927734375,0.2838553622033097
04747,0.8362056756741869,0.40769068625974886,0.21661919355392456,0.3723479211330414,0.6623914837837219,75.28947448730469,4.015132107811306,11.532829284667969,4.96484375,0.43591585665287563
04748,0.8254210298182878,0.42213894068344193,0.2626758813858032,0.4515492618083954,0.7676379084587097,73.67179107666016,3.859333342719698,10.396499633789062,4.75,0.32425001934759334
04749,0.8495670306801595,0.3341859824485459,0.2873755693435669,0.6033549308776855,0.7178458571434021,75.50341033935547,4.26036575682787,10.156047821044922,4.96875,0.44247139251895895
04750,0.8922927637078325,0.3747767104293406,0.16953319311141968,0.3297973871231079,0.6595720648765564,75.36978912353516,3.77071466873644,13.793327331542969,4.87890625,0.5038242320560395
04751,0.7943476214598617,0.3557688009417234,0.18189740180969238,0.33323726058006287,0.7681570053100586,74.6644287109375,3.559838847537046,13.249496459960938,4.95703125,0.4370877780147489
04752,0.9395101012989602,0.44047970697701894,0.22974729537963867,0.19476696848869324,0.697205662727356,74.76536560058594,6.066828841750589,9.965974807739258,4.96484375,0.6658118149187106
04753,0.8225707768907438,0.406080179465857,0.20810091495513916,0.34508347511291504,0.7313593626022339,74.81419372558594,3.8195995589609404,10.985662460327148,4.9375,0.467545479802706
04754,0.793907930561292,0.28911484659692016,0.3532278537750244,0.7416105270385742,0.4844924807548523,70.40789031982422,4.892013742692139,11.653654098510742,3.708984375,0.5317658584346608
04755,0.7372803984455686,0.34143042326551315,0.30754154920578003,0.5056065917015076,0.6611871719360352,74.43360137939453,4.784512778864256,5.398506164550781,4.97265625,0.3510344059846314
04756,0.8289428577019906,0.37409643339423304,0.19892853498458862,0.4298708736896515,0.6609380841255188,72.15373992919922,3.5168420415843116,15.962263107299805,4.8046875,0.4720907656106328
04757,0.756150589573279,0.3075600576181404,0.23051363229751587,0.45515871047973633,0.7510592937469482,75.63387298583984,4.176485463747873,13.47757339477539,4.91796875,0.43647934786586795
04758,0.760593871062261,0.33473110148713364,0.2569580078125,0.49481624364852905,0.5745232105255127,74.95508575439453,3.3986401781162394,9.676965713500977,4.8046875,0.3543910947205846
04759,0.8550008501313358,0.4086630907802854,0.2276151180267334,0.43140384554862976,0.5124790072441101,68.1711654663086,4.340964119910932,13.632303237915039,3.763671875,0.5264313534611671
04760,0.8617801697271524,0.3370659614616476,0.20608580112457275,0.4040234684944153,0.6060845851898193,73.21649932861328,3.369278724703916,13.496749877929688,4.9453125,0.4096555227961863
04761,0.9583535568130803,0.4619975915810049,0.28608644008636475,0.5039018988609314,0.6349882483482361,74.0871353149414,4.406822477692979,6.933041095733643,4.45703125,0.4345483491001453
04762,0.629954378426187,0.30752470624854095,0.23528188467025757,0.607195258140564,0.5302501916885376,74.84390258789062,3.6381534510500178,7.765684127807617,4.98046875,0.39197104479121686
04763,0.8484084426150353,0.4087473002159827,0.3019329905509949,0.6463524103164673,0.6199633479118347,75.34537506103516,5.587361632262066,9.255646705627441,3.826171875,0.44607976835151847
04764,0.706439587612409,0.27738826855939297,0.2541062831878662,0.3409562110900879,0.5866973996162415,70.79500579833984,8.281115336444847,13.222808837890625,4.2109375,0.6657269497414312
04765,0.8267371767918811,0.3068168294873043,0.28277844190597534,0.5691763758659363,0.6548037528991699,74.19035339355469,5.159549127219865,11.03696346282959,4.7421875,0.2891748782960853
04766,0.7315647005019413,0.31752705754107297,0.29243773221969604,0.5234343409538269,0.4847170412540436,67.69583892822266,4.506945349070073,15.62539005279541,3.837890625,0.39082708478029854
04767,0.879871932230401,0.35360688745400265,0.2918049693107605,0.5249712467193604,0.6091094017028809,69.81056213378906,5.501574432376414,12.055231094360352,3.607421875,0.376155555990614
04768,0.7796139546228581,0.31667326471364476,0.21980911493301392,0.4724651277065277,0.644263505935669,77.27254486083984,2.7582527468744202,11.324009895324707,4.92578125,0.34273906600415066
04769,0.8983971831312362,0.36594954262668417,0.1988317370414734,0.4382285177707672,0.6593631505966187,74.09021759033203,4.285283012321314,15.037103652954102,4.6640625,0.4415793267525445
04770,0.6849417354105949,0.35177575579688874,0.3742440342903137,0.5921316146850586,0.4344840943813324,72.31321716308594,7.641255677266423,10.876472473144531,2.951171875,0.41953167028242977
04771,0.887819128052278,0.5148472807789135,0.27090394496917725,0.455667108297348,0.4082367420196533,67.93128967285156,6.557845172285629,11.688680648803711,3.43359375,0.4697178097875335
04772,0.8222526576269157,0.3125092869727653,0.32121288776397705,0.5876644849777222,0.7124823927879333,72.6954345703125,3.3547545283226903,11.98415756225586,4.98046875,0.08530822824599726
04773,0.8366474665877452,0.39893056183160114,0.19316506385803223,0.42924824357032776,0.6092907190322876,74.52069854736328,2.861578664646802,11.842893600463867,4.91796875,0.3501533972629615
04774,0.807934333612243,0.39489665459194545,0.262542724609375,0.391372948884964,0.5450918674468994,68.20914459228516,4.890106451420328,12.441734313964844,4.1484375,0.4997210545276896
04775,0.8021056835028241,0.3302431757531589,0.19330334663391113,0.4572957456111908,0.5550883412361145,75.42572021484375,2.765302122544774,11.495058059692383,4.9453125,0.3305853975480021
04776,0.839640817328861,0.45584661085606265,0.2516108751296997,0.5686684250831604,0.686720073223114,73.80972290039062,4.979983823456729,5.733319282531738,4.89453125,0.5005283812860479
04777,0.9819475790724144,0.7211518723791092,0.21663188934326172,0.2370079755783081,0.6578786969184875,74.0124740600586,7.765275779043163,17.686044692993164,4.23828125,0.8356475435741215
04778,0.8873713759096906,0.3722759354982741,0.24921774864196777,0.5013191103935242,0.6552941799163818,71.23658752441406,4.299019977070021,15.311423301696777,4.95703125,0.4307437034511445
04779,0.7452690223919586,0.3111669458403127,0.3523545265197754,0.6350669860839844,0.51387619972229,69.13836669921875,6.068063319016654,14.171990394592285,3.892578125,0.40118699235681793
04780,0.7402493747791162,0.34424975664024476,0.2153712511062622,0.41154685616493225,0.7766093611717224,74.04612731933594,5.346971838883462,10.559687614440918,4.96875,0.5097091263493808
04781,0.840025854520058,0.3196712413739629,0.35438627004623413,0.6092786192893982,0.5972929000854492,73.8026351928711,5.512721607113547,13.060783386230469,3.96484375,0.4522004997561035
04782,0.7959301282738628,0.3815329269511342,0.23400866985321045,0.384825199842453,0.7478072643280029,73.76778411865234,4.422517907458114,12.024368286132812,4.96875,0.4088967204440002
04783,0.883279377184276,0.39686212540211074,0.20176732540130615,0.40413668751716614,0.6867246627807617,72.8160400390625,4.082989346262097,10.095947265625,4.9296875,0.5327853614776444
04784,0.7783787800802542,0.345131233147889,0.20107817649841309,0.39152076840400696,0.6972562074661255,75.61219787597656,5.549377678617207,11.726164817810059,4.953125,0.6984631005775099
04785,0.7986876946028849,0.34853260763161503,0.3406079411506653,0.5874185562133789,0.5986027121543884,73.37106323242188,7.783566186872548,8.204375267028809,3.546875,0.31590289748869604
04786,0.8042541092174632,0.38132440476190477,0.21010303497314453,0.5115485787391663,0.6317188143730164,76.85078430175781,4.60353001786341,11.951676368713379,4.98046875,0.5963737480044999
04787,0.8536253352760693,0.44787168414558914,0.2441423535346985,0.454388827085495,0.6210134029388428,73.0307388305664,5.3513574649316755,11.773977279663086,4.01171875,0.5774470402956658
04788,0.5232245780954707,0.24381033302650523,0.28945934772491455,0.41895008087158203,0.5425347685813904,73.00519561767578,4.754341567897736,13.257731437683105,4.3359375,0.33481016837854677
04789,0.8191921122269348,0.33042529989094876,0.3406323194503784,0.6350594162940979,0.604668140411377,73.74996948242188,8.069934473325425,7.958087921142578,3.068359375,0.5256058820438402
04790,0.6840635917367398,0.3276707234617985,0.33542901277542114,0.5872359871864319,0.4698319435119629,63.103759765625,4.923873660243925,8.996716499328613,2.83984375,0.37237827889312725
04791,0.8480846972055922,0.40439774792747263,0.17247915267944336,0.30302420258522034,0.7907100915908813,74.68230438232422,5.062742451351091,13.616471290588379,4.890625,0.6573169481018913
04792,0.8449863074047386,0.4084025018685339,0.1402788758277893,0.2563903033733368,0.702517569065094,75.68992614746094,3.9338287637329596,14.204941749572754,4.94921875,0.7085740067388143
04793,0.9107298386975705,0.4371842947894728,0.27111202478408813,0.3803696632385254,0.6567573547363281,73.81268310546875,5.6399761030687054,13.369978904724121,4.23046875,0.5742350683812557
04794,0.9050025768734192,0.3955561892019346,0.2541256546974182,0.3944995105266571,0.5763413906097412,73.80874633789062,5.109428688705791,13.52759838104248,3.861328125,0.4764997766082996
04795,0.7650509960705292,0.33376978536504515,0.19967103004455566,0.42564523220062256,0.7234002351760864,74.6977767944336,3.072475469590028,13.136855125427246,4.98046875,0.3206449344092562
04796,0.7203936684746743,0.35715005542678624,0.3647416830062866,0.7471784949302673,0.6437559723854065,66.02525329589844,5.642383923747297,13.280054092407227,4.19921875,0.4717713827061137
04797,0.7691910203952963,0.39021715288440445,0.2428639531135559,0.49379318952560425,0.7292501926422119,75.7796630859375,7.122155861808265,10.678293228149414,4.984375,0.7727582152065571
04798,0.7524417847910578,0.34536383075228405,0.3295796513557434,0.5383871793746948,0.5438265800476074,68.19766998291016,4.774173819464667,12.67088794708252,3.603515625,0.34824677637701296
04799,0.8834973253851626,0.4424076128203631,0.17904776334762573,0.3360508382320404,0.6921737790107727,75.59899139404297,3.1973580216480486,12.070783615112305,4.91796875,0.482869966096583
04800,0.7933090686127283,0.4177162629757786,0.32064342498779297,0.6137138605117798,0.5253482460975647,72.44015502929688,10.04327828332827,9.897405624389648,4.14453125,0.562966824253428
04801,0.8672788934747508,0.38493360912791086,0.2169557809829712,0.4393804371356964,0.7420387864112854,75.52677154541016,3.396204220770831,12.962787628173828,4.9453125,0.5085886603628343
04802,0.7039017723753743,0.30248215444516546,0.21555638313293457,0.2767506241798401,0.7234035730361938,77.03372192382812,5.997973608651182,13.07364273071289,4.9921875,0.7583724793180726
04803,0.8280057665849127,0.4353802564030634,0.1879138946533203,0.42266300320625305,0.7390970587730408,73.15569305419922,4.348264067984175,12.440103530883789,4.95703125,0.5433103695422431
04804,0.7923826441009311,0.3317477544045997,0.1638147234916687,0.26337218284606934,0.6901188492774963,76.63488006591797,3.470031803519309,12.519198417663574,4.94140625,0.3764493187639716
04805,0.8565133982526651,0.3945164292361658,0.19694602489471436,0.42604756355285645,0.6046366095542908,73.58458709716797,3.188985098132172,12.724102973937988,4.453125,0.47345629769217507
04806,0.7158020575836438,0.37432755528989836,0.29207831621170044,0.5075051784515381,0.510877251625061,65.80906677246094,5.143554529021724,17.59005355834961,3.63671875,0.5983075955549465
04807,0.8135744896055007,0.4169048288933971,0.21781957149505615,0.5049067139625549,0.7643588185310364,75.67969512939453,4.896721221788653,10.663958549499512,4.953125,0.3581142544015472
04808,0.8585607277776124,0.4463387251029149,0.24903875589370728,0.48581069707870483,0.5366914868354797,72.74288940429688,4.654018034968092,14.557543754577637,3.75,0.6403592376030446
04809,0.6879985300778593,0.35221849454236165,0.24547427892684937,0.6225293874740601,0.5856321454048157,75.34417724609375,3.302831719121135,7.664854049682617,4.8046875,0.43559460065869987
04810,0.7792601606798721,0.487464631177206,0.19529497623443604,0.44242554903030396,0.6134675145149231,73.00101470947266,4.724576787643252,10.491681098937988,4.96484375,0.6149146403542682
04811,0.8266877211403422,0.3722769055560075,0.2565532922744751,0.5216526389122009,0.6751157641410828,74.74351501464844,4.508263119389711,9.927325248718262,4.2578125,0.3837260515713714
04812,0.7820514730238933,0.2976167346674438,0.33880311250686646,0.6553621292114258,0.5809454321861267,69.1430435180664,6.585876164185424,13.684617042541504,4.77734375,0.2600094414417939
04813,0.49502420692930493,0.24803603226144338,0.337205708026886,0.7794725894927979,0.2317010462284088,64.93106079101562,6.399883128619147,13.810174942016602,2.17578125,0.508777045668536
04814,0.7741445693751627,0.38068001271051793,0.2892342209815979,0.4700263440608978,0.7430040240287781,76.17442321777344,5.256357659392389,6.685186386108398,4.9765625,0.3808439561087368
04815,0.7937991036476506,0.36975596380586784,0.22055047750473022,0.4979896545410156,0.4932425916194916,71.402587890625,3.558672127477731,9.198019981384277,4.390625,0.44146966316785324
04816,0.8399801517925695,0.356667339116401,0.3928830623626709,0.6109747886657715,0.543196439743042,70.72095489501953,5.642058648812016,8.173731803894043,3.041015625,0.2353138670165237
04817,0.7775905718029892,0.36602483354327875,0.18287897109985352,0.395408570766449,0.6399673819541931,73.61200714111328,3.429320525951652,10.227287292480469,4.921875,0.414187321831754
04818,0.8415174039295256,0.4090241623281271,0.3186275362968445,0.5881369709968567,0.4811667501926422,62.142677307128906,4.451678133266697,13.974691390991211,4.09765625,0.490834165852772
04819,0.8231900496885979,0.30893068740551066,0.3032102584838867,0.6528190970420837,0.5069229602813721,66.55846405029297,5.268463121706329,8.89185905456543,3.091796875,0.33024649266842954
04820,0.7262375725711546,0.33526610064195483,0.23586905002593994,0.5490902066230774,0.4396645426750183,64.82164001464844,4.993276364676901,17.70476531982422,4.3515625,0.5322481659048299
04821,0.866164513832619,0.4328403751093391,0.26041632890701294,0.4767187833786011,0.6123171448707581,77.86168670654297,4.404707858833889,9.68791389465332,3.990234375,0.45841455215395516
04822,0.5938223885245879,0.23924463062703638,0.28328895568847656,0.6234888434410095,0.6992449760437012,74.16625213623047,4.555323747119976,12.146782875061035,4.9765625,0.4797010169413924
04823,0.8024410142753404,0.39736213153934674,0.22259986400604248,0.3828692138195038,0.7509496808052063,74.70474243164062,3.98393654858296,10.909814834594727,4.95703125,0.4403570856564073
04824,0.7716590671109869,0.4226278199750595,0.2966105341911316,0.6629025340080261,0.6649627685546875,74.94771575927734,5.8863990731412414,13.372962951660156,4.89453125,0.6768585503104133
04825,0.8572888289102506,0.34898399014778325,0.34015214443206787,0.5507016777992249,0.6514624953269958,71.65314483642578,3.746569938669245,12.740402221679688,3.947265625,0.27276691579756424
04826,0.526122688728842,0.2472054191174421,0.26355618238449097,0.6339770555496216,0.6900505423545837,76.8127670288086,3.611251545941041,10.680862426757812,4.98046875,0.4126483292471369
04827,0.8846723099680136,0.42583417895302333,0.23513489961624146,0.301603227853775,0.7105126976966858,72.09686279296875,4.921433177606589,14.0541410446167,4.3984375,0.5642731767759095
04828,0.7330013954433057,0.32100504872607727,0.2418278455734253,0.5235544443130493,0.5845944285392761,72.697509765625,4.432884242477725,11.49062728881836,4.84375,0.47315809558090316
04829,0.8750202230002253,0.4084624640848702,0.19141161441802979,0.35890820622444153,0.6550357937812805,76.71250915527344,4.529635021474117,10.6712007522583,4.109375,0.4079708870450827
04830,0.8596991315183118,0.5928705440900562,0.2832513451576233,0.5920754671096802,0.6043225526809692,71.95172119140625,9.835618704915285,8.92065143585205,3.927734375,0.6888563012582688
04831,0.7895872564857294,0.4150201943019321,0.26059669256210327,0.38073599338531494,0.5418195128440857,66.29263305664062,3.5244759702573996,15.412221908569336,3.9375,0.4665980824062655
04832,0.8456267540638231,0.3713145290047898,0.23031949996948242,0.385850191116333,0.5485759973526001,66.92337036132812,5.434301054209083,14.896743774414062,3.892578125,0.39721348647847093
04833,0.7450097824377779,0.4353168733644328,0.3404145836830139,0.6352819800376892,0.5290167331695557,70.21464538574219,4.805989983104284,10.908504486083984,4.54296875,0.6652829273288762
04834,0.7537660035638585,0.30627099664053753,0.2703096270561218,0.5791729688644409,0.653378963470459,72.34686279296875,5.061637799163972,12.721880912780762,4.359375,0.489382975789819
04835,0.769254504803533,0.3458248786376596,0.25900352001190186,0.4776437282562256,0.5221487879753113,71.47813415527344,3.7855304282747024,12.9109468460083,4.43359375,0.4193957435805078
04836,0.7687574465937549,0.371498484350462,0.21974468231201172,0.5241962671279907,0.6368762254714966,75.9608154296875,2.6872413470421304,10.157729148864746,4.953125,0.5221054633415878
04837,0.8310540481770787,0.40701454929691944,0.18318694829940796,0.4410542845726013,0.5546144247055054,70.9135971069336,3.5529090401491112,12.421683311462402,4.25390625,0.4040040660664681
04838,0.8786100779526337,0.38398516773983415,0.28641748428344727,0.5764201879501343,0.572377622127533,74.41739654541016,7.292457855856745,11.480578422546387,3.212890625,0.5710924511888481
04839,0.791895779749337,0.3360621944755286,0.2342822551727295,0.4129670560359955,0.7122736573219299,76.30184936523438,7.647917770674022,15.305853843688965,4.421875,0.663634229660346
04840,0.8751161510167631,0.34022605448595694,0.29022324085235596,0.5942651629447937,0.5432934761047363,73.78394317626953,4.785785172463061,13.385417938232422,3.939453125,0.24412616052995476
04841,0.8743673711774312,0.3408906536868622,0.21366578340530396,0.462686687707901,0.6516715288162231,73.56778717041016,3.120790175185669,12.366840362548828,4.54296875,0.4065003172106684
04842,0.8850151333469289,0.37095984329089127,0.25448429584503174,0.46696293354034424,0.556973397731781,72.98898315429688,3.47364267670135,9.36996841430664,3.927734375,0.28195610775447744
04843,0.8542537491371394,0.32428830500611533,0.4866197109222412,0.8113860487937927,0.5098201036453247,69.37194061279297,5.366753877815419,10.0935697555542,2.609375,0.16466642125334072
04844,0.858987096814228,0.3706118616660581,0.25098901987075806,0.47194984555244446,0.5947546362876892,72.09103393554688,3.0763436150631716,11.39636516571045,4.015625,0.2986291667034204
04845,0.7201878993916306,0.4079155339192009,0.35485899448394775,0.6254448890686035,0.5188223719596863,72.84719848632812,4.375244861043727,10.360116004943848,2.771484375,0.4870565149146746
04846,0.8579298712967269,0.4186994727592267,0.23246437311172485,0.44225364923477173,0.6323179006576538,74.02767944335938,3.69958053356749,15.273788452148438,4.84765625,0.5966884771645939
04847,0.6844881803712471,0.30635618932038833,0.3323554992675781,0.5718722939491272,0.7734792828559875,74.73703002929688,6.985725822857595,11.45605182647705,4.80078125,0.6148001740685015
04848,0.8008037132196163,0.3123886319048219,0.25850480794906616,0.40319064259529114,0.7063153386116028,76.09639739990234,5.110139646118032,15.630504608154297,4.98828125,0.5708881874507011
04849,0.7333637568059099,0.2708804004031838,0.2965257167816162,0.6604474782943726,0.4008975028991699,67.85875701904297,4.062552727518586,10.440393447875977,3.8984375,0.13666197042788958
04850,0.7618690676320196,0.35201310222464854,0.24101316928863525,0.34269413352012634,0.5899026393890381,73.93672180175781,4.588786243781186,17.16606330871582,4.3046875,0.5596729832956366
04851,0.7297746477117656,0.4260639803718033,0.24238401651382446,0.4798361659049988,0.6456476449966431,68.57154846191406,3.9522783346009995,13.435739517211914,4.546875,0.2977120554025096
04852,0.8408077934825463,0.4066147859922179,0.2741757035255432,0.5568791627883911,0.5506811141967773,64.96875,7.069560559592675,16.588130950927734,3.208984375,0.47402572096375895
04853,0.6174937083496547,0.23254432849749723,0.3383246064186096,0.5227281451225281,0.7539801597595215,72.31558990478516,4.505748105253094,10.570629119873047,4.7109375,0.15219512894955176
04854,0.7655082052317947,0.33597420859484856,0.20863014459609985,0.38716208934783936,0.6296507716178894,70.04084014892578,4.480036792456347,16.052907943725586,4.421875,0.39969431619213036
04855,0.8520173972381887,0.37528346728107254,0.3319496512413025,0.5320081114768982,0.5567352771759033,70.7709732055664,4.824306214466861,8.245221138000488,3.046875,0.3800044111740578
04856,0.8860463162338873,0.4485417365068723,0.24021708965301514,0.47764852643013,0.566662073135376,73.3582534790039,5.912380915717298,12.745356559753418,4.23046875,0.7003622212259034
04857,0.7430360491246464,0.3485563464768456,0.2124544382095337,0.4365502893924713,0.6446765661239624,75.50878143310547,4.341221999230154,12.588709831237793,4.83984375,0.6342680600871352
04858,0.8055009005336896,0.3294999665305576,0.3268253803253174,0.5723761320114136,0.6033739447593689,71.40728759765625,4.561924624096661,11.301117897033691,3.794921875,0.3031988858351393
04859,0.826201033114854,0.32364870457743566,0.23406386375427246,0.391765832901001,0.7242786884307861,72.80561828613281,5.834668835772761,16.090333938598633,4.47265625,0.3656706694343423
04860,0.8922938655558795,0.4469074171609151,0.17970585823059082,0.2552429139614105,0.6927970051765442,73.84870147705078,4.355071442330343,13.730009078979492,4.9609375,0.6335530924631839
04861,0.8052013011725759,0.3636700477050623,0.2831287980079651,0.507317841053009,0.5926828384399414,76.2239761352539,5.821203971693072,12.042808532714844,4.69140625,0.3735855315598858
04862,0.8413914936758724,0.34154685781778193,0.1957106590270996,0.3900436758995056,0.6048268675804138,74.46491241455078,2.248756948453486,15.702881813049316,4.85546875,0.40980645082921835
04863,0.7710276004688408,0.35843782445491573,0.1327795386314392,0.25721192359924316,0.407534122467041,73.58906555175781,3.2475520011053107,17.09151840209961,4.8359375,0.5330322930393329
04864,0.7555055746553996,0.35220618987871183,0.23401117324829102,0.4998900294303894,0.6508939862251282,71.90777587890625,4.39901935130252,8.869068145751953,4.5859375,0.43307513350945787
04865,0.7576738768030209,0.30330573727783244,0.17765122652053833,0.3857888877391815,0.6828068494796753,69.11156463623047,3.9279522763516654,15.68528938293457,4.953125,0.40292213327720033
04866,0.8621166018394628,0.3506748212949343,0.25136739015579224,0.3574564456939697,0.5462903380393982,70.34761810302734,4.112991818145613,14.878129005432129,4.80078125,0.388500752996466
04867,0.8276068443082484,0.3077347597215147,0.30348318815231323,0.5528567433357239,0.6493697166442871,73.6510009765625,5.561075738546446,9.598771095275879,4.51171875,0.23855805463137006
04868,0.7549226070884456,0.29438233057871843,0.21460586786270142,0.472798228263855,0.5719281435012817,74.19459533691406,2.25004602350221,12.051118850708008,4.87890625,0.29266209205014443
04869,0.7745324466116392,0.3021964385431532,0.2935636043548584,0.5684703588485718,0.6456401348114014,73.44652557373047,4.329148945097689,11.011953353881836,4.921875,0.3077796333688712
04870,0.8329448933461324,0.3593608154961774,0.24775433540344238,0.42903560400009155,0.6300001740455627,72.77043151855469,3.724471595909839,9.86617660522461,4.9296875,0.2283957566810342
04871,0.761776403828116,0.41456270868724737,0.19108468294143677,0.4630644619464874,0.6778885126113892,77.10029602050781,3.3904714872247355,10.843281745910645,4.53515625,0.5603057616526457
04872,0.7941893671854741,0.4123720636638261,0.15123414993286133,0.28562378883361816,0.6504037380218506,76.10905456542969,3.2475780409005015,15.986837387084961,4.984375,0.5697947610207543
04873,0.7245351236341915,0.3020546056260342,0.20517510175704956,0.4915921688079834,0.6811017394065857,71.48970794677734,6.127109843208403,14.647005081176758,3.92578125,0.4241669496237536
04874,0.7980537095474605,0.37659424469653274,0.3188573718070984,0.5882691740989685,0.656504213809967,74.26007843017578,5.132228464754721,7.199113845825195,4.1875,0.3962091407085275
04875,0.6784226901342248,0.27122440750862414,0.28661537170410156,0.8531360030174255,0.5964388847351074,73.20767974853516,6.148655446509886,16.53847885131836,3.94140625,0.37284695234961035
04876,0.4607916645623467,0.1944937083016637,0.3436323404312134,0.7157401442527771,0.6993920207023621,71.38589477539062,5.9379836818290155,12.843658447265625,4.16015625,0.4201080606868861
04877,0.8828953543937869,0.39709165125326873,0.3119560480117798,0.5490074157714844,0.5442497134208679,63.79291534423828,4.279003957397333,13.538068771362305,2.365234375,0.34468318992528
04878,0.800425699247801,0.3281190798376184,0.2189139723777771,0.43814587593078613,0.631330668926239,74.32760620117188,3.5375901212587304,13.631649017333984,4.8515625,0.44954668921357643
04879,0.7955775271363228,0.3083522881286019,0.21784496307373047,0.4531029462814331,0.49263614416122437,71.59661102294922,4.121908446145134,15.238324165344238,4.23828125,0.33709641944012253
04880,0.6605976941573218,0.33554638435313117,0.22131067514419556,0.3853659927845001,0.6278083920478821,70.67745208740234,3.725416134037228,13.855497360229492,3.865234375,0.4850030069779287
04881,0.9047236639899926,0.37849190362424073,0.40477412939071655,0.6398379802703857,0.5463721752166748,70.89253997802734,5.435728460802727,9.42353343963623,3.671875,0.163304987950706
04882,0.7125611604843924,0.3503911952981694,0.24898135662078857,0.5809974074363708,0.5013793706893921,73.2120132446289,6.021824139982798,11.687191009521484,4.19921875,0.5311341843144106
04883,0.8552351585790706,0.3617340860827679,0.22620022296905518,0.36607423424720764,0.7031264305114746,74.6960678100586,6.9831105962939795,14.559134483337402,4.93359375,0.782391278895708
04884,0.8090624554739237,0.3650109569028488,0.2248523235321045,0.48609644174575806,0.6151136755943298,76.92066955566406,4.203180963177847,10.532760620117188,4.76171875,0.34847812542981804
04885,0.8508895306167946,0.4904071626518866,0.35758280754089355,0.4383810758590698,0.5497406721115112,74.07676696777344,4.94474219554769,9.091251373291016,3.2109375,0.3520314540513472
04886,0.8220760537768215,0.3445779167352312,0.2819077968597412,0.5078815817832947,0.6796584725379944,76.67864227294922,3.7266396562007817,14.87256145477295,4.96484375,0.7012707592384062
04887,0.7964169219242655,0.37250496846107317,0.22067201137542725,0.4058573246002197,0.6681042313575745,69.44839477539062,6.274661047653711,12.204286575317383,4.6640625,0.5951747830060613
04888,0.7740179304094601,0.4264474374672031,0.17926651239395142,0.3326130211353302,0.7248745560646057,72.91287994384766,3.8912128174993934,15.216829299926758,4.93359375,0.523565791916271
04889,0.8802691493506576,0.4064245810055866,0.16217011213302612,0.29948151111602783,0.7118392586708069,74.3530502319336,5.256412361298751,13.962668418884277,4.9296875,0.7308011282757662
04890,0.7969726491305035,0.3110605928128006,0.2666788697242737,0.5776652693748474,0.6687472462654114,68.72445678710938,4.34608011787117,12.864879608154297,4.62109375,0.3979182101055561
04891,0.6738040134090084,0.28804107285119945,0.2581357955932617,0.5220608711242676,0.6201596260070801,74.62568664550781,4.921059525375722,12.84101390838623,4.27734375,0.4234458800261133
04892,0.7590269909602405,0.2999881263357872,0.38327890634536743,0.5416451692581177,0.5754457712173462,72.0618667602539,4.087490577073772,3.491210460662842,4.8671875,0.2291723811043173
04893,0.8776546791564399,0.4246755950315731,0.2691589593887329,0.3941773772239685,0.6833495497703552,71.55657196044922,5.894482105852894,10.56414794921875,4.87109375,0.5948232291981043
04894,0.8221749703678329,0.45162569389373514,0.266601026058197,0.5069653987884521,0.7353504300117493,75.12921142578125,3.568850227632236,9.57149600982666,4.9609375,0.36065878050922656
04895,0.7973068474154316,0.45944309927360777,0.21865737438201904,0.3758927583694458,0.6929222941398621,74.80792236328125,4.833712457090198,10.197505950927734,4.8984375,0.5814199972775226
04896,0.8888338304329345,0.6386532106814325,0.3500797748565674,0.48539432883262634,0.6344155073165894,76.04208374023438,6.3220899064575535,12.148948669433594,4.03125,0.546032487652608
04897,0.7146121722260205,0.34204564830828443,0.19934356212615967,0.3322908580303192,0.7128660082817078,74.36331176757812,3.4858135005875805,11.315645217895508,4.90234375,0.5162538684611374
04898,0.8245566241090954,0.3592559970985959,0.2482045292854309,0.596412181854248,0.6598179936408997,76.6226577758789,5.3575321586030045,14.242910385131836,4.91015625,0.735814596631175
04899,0.893970857773861,0.4400212765957447,0.2474231719970703,0.3742581009864807,0.7087611556053162,74.45772552490234,3.370697357605849,10.286949157714844,4.80859375,0.37189238219410353
04900,0.7248690081624081,0.3384809139704339,0.27958476543426514,0.4952850639820099,0.5253555178642273,67.59165954589844,4.026943304428711,14.894006729125977,4.57421875,0.44535698247250083
04901,0.8573957585504635,0.3368194333422151,0.22465312480926514,0.4341984689235687,0.7110230326652527,75.68656921386719,3.8772632911825937,11.698291778564453,4.6328125,0.34651215675207314
04902,0.6993975317174901,0.3777959629023459,0.2813766598701477,0.6166252493858337,0.5886606574058533,73.63741302490234,6.437024938457977,11.59709358215332,4.203125,0.560034605510385
04903,0.8831860117392296,0.4374180987682055,0.16474735736846924,0.27343034744262695,0.7679069638252258,75.87776947021484,4.6397939559998145,14.150262832641602,4.953125,0.6142121712153005
04904,0.7314758007237312,0.39250669045495096,0.18520867824554443,0.3961049020290375,0.5802682042121887,75.70120239257812,3.595794469019365,12.353750228881836,4.9453125,0.47486551621956985
04905,0.640334765585121,0.25245419707071237,0.2557440400123596,0.4408336281776428,0.5460468530654907,65.20504760742188,5.187987185368341,14.302376747131348,4.87109375,0.34261649919607173
04906,0.6694337624348016,0.2922859509770479,0.2326170802116394,0.45067083835601807,0.5827705264091492,67.28718566894531,5.418900871309823,11.722613334655762,4.3671875,0.5618280306465439
04907,0.8154767433370942,0.42910739409098014,0.3389750123023987,0.5579373836517334,0.6439237594604492,68.51632690429688,6.961721793737337,7.12171745300293,4.296875,0.45639887357003006
04908,0.7357559005316748,0.36325313592432656,0.3218083381652832,0.5520173907279968,0.5597062706947327,67.65849304199219,4.6871971353064845,9.832137107849121,3.90234375,0.39318961999261376
04909,0.7328190185497693,0.3601144411612964,0.1893254518508911,0.35916849970817566,0.7301413416862488,73.10612487792969,4.208778874339491,11.948305130004883,4.91015625,0.525343729490381
04910,0.3412080687577054,0.12755312689738918,0.3764192461967468,0.6226016879081726,0.6027200222015381,69.14532470703125,4.670963825458038,9.994791030883789,3.923828125,0.26185849579710513
04911,0.5615191871610528,0.20315205327413985,0.36708009243011475,0.6836864948272705,0.5106521248817444,64.06578826904297,5.510373339631343,6.795078277587891,3.814453125,0.3831671592679157
04912,0.7717649539103882,0.32221786321433243,0.3684518337249756,0.6130684018135071,0.41942816972732544,74.32686614990234,6.618063175131459,11.729012489318848,2.81640625,0.29986851844240214
04913,0.8776144558325923,0.4425248672500187,0.2595723867416382,0.5127452611923218,0.5656172633171082,75.47370910644531,3.5780329854949784,10.270323753356934,3.998046875,0.44244344224755416
04914,0.8635473647564436,0.3788060047080616,0.2901614308357239,0.55087810754776,0.6329747438430786,71.53764343261719,4.45566297453032,11.298304557800293,4.19140625,0.3742152502980398
04915,0.7962009606545202,0.3101225758186108,0.3359084129333496,0.7409763336181641,0.5430144667625427,71.87567138671875,5.127047291366215,8.494162559509277,3.81640625,0.3734787377207001
04916,0.5262222783984483,0.29905497881849075,0.2151186466217041,0.4197724461555481,0.6400363445281982,71.5695571899414,4.660393200041755,16.921756744384766,4.50390625,0.6167630604613078
04917,0.8294663346358064,0.363248049514013,0.33624106645584106,0.5549659729003906,0.633257269859314,73.47901153564453,5.658299569269385,12.996659278869629,2.896484375,0.6536714286084087
04918,0.8099409221232738,0.3463717474641246,0.21637481451034546,0.522217869758606,0.6164343357086182,75.7866439819336,3.7813397207225874,11.985357284545898,4.69921875,0.4926850086854611
04919,0.8424073687057773,0.39080057496406473,0.1860339641571045,0.357702374458313,0.7501721382141113,74.34527587890625,3.4747704570284523,11.954708099365234,4.9765625,0.4020202380204831
04920,0.8689297197476581,0.4332594110546557,0.33797144889831543,0.6618543863296509,0.48963573575019836,68.93673706054688,6.783089851584666,5.4858198165893555,4.03125,0.38725473303288604
04921,0.9080932236862311,0.34607009539610123,0.28622353076934814,0.5974135398864746,0.7169803380966187,73.8646240234375,7.125356042320613,12.643308639526367,4.31640625,0.434053912775474
04922,0.7228425183366568,0.32275237376345794,0.2621573209762573,0.476093053817749,0.6239061951637268,71.17445373535156,3.96695686943576,11.731280326843262,4.3984375,0.49790303283909704
04923,0.8683616073141126,0.487251402345742,0.19894975423812866,0.35196492075920105,0.6840350031852722,73.68470764160156,6.218820822127252,11.271634101867676,4.96875,0.6835519955956253
04924,0.8306603199294509,0.39008682183181836,0.19845181703567505,0.3796813189983368,0.7441152930259705,74.62833404541016,3.3678913711947036,12.623449325561523,4.9609375,0.3522925014833861
04925,0.8588199667589607,0.32567304948153786,0.2222326397895813,0.4236060082912445,0.6932951211929321,74.47166442871094,4.149784083052442,12.793087005615234,4.859375,0.4616114287885874
04926,0.732295566352889,0.2990390272602471,0.28712308406829834,0.46497219800949097,0.5551296472549438,72.7083511352539,3.6455909723920885,14.333392143249512,4.0546875,0.5966748951541221
04927,0.6679421095901448,0.2970572402655661,0.289539098739624,0.5852199792861938,0.6135208010673523,76.24315643310547,3.7276078371535784,8.592127799987793,4.91015625,0.5402829380883514
04928,0.773044455913672,0.36123489932885905,0.2665613889694214,0.5825303792953491,0.4523167610168457,66.42352294921875,4.734126624010397,12.99803638458252,4.3515625,0.4760656559574447
04929,0.8316781581040393,0.430416068866571,0.2830326557159424,0.32358813285827637,0.5713594555854797,68.02580261230469,8.837047886192744,16.469175338745117,4.77734375,0.802421630358522
04930,0.6303504767249508,0.23276501111934766,0.26377934217453003,0.5380376577377319,0.6436733603477478,70.04945373535156,5.9998097915078885,12.746400833129883,3.9375,0.3183488065775784
04931,0.7416405829725258,0.37439719421306444,0.2644440531730652,0.4629472494125366,0.6409879326820374,76.7150650024414,5.400472253168109,11.267523765563965,4.1796875,0.5492662708604029
04932,0.7569135544069974,0.31760600551287316,0.37349933385849,0.5990477800369263,0.6093522310256958,70.64835357666016,5.03362345843619,7.6146321296691895,3.412109375,0.15229133815632123
04933,0.8655348274261345,0.5939663699307616,0.370741605758667,0.5856471657752991,0.4707731306552887,71.93828582763672,5.99158635239906,13.103683471679688,4.1171875,0.6757312172950865
04934,0.8115915309812959,0.2970536145548221,0.33544933795928955,0.6006935238838196,0.5356941819190979,69.90869903564453,5.019432290731441,15.75830078125,2.365234375,0.3596150793795709
04935,0.8242565445671445,0.45161828495161827,0.27535927295684814,0.5223848223686218,0.590473473072052,75.60777282714844,5.407483994482555,13.567153930664062,4.0234375,0.5586197691623057
04936,0.9323096508883676,0.35733044365119837,0.426238477230072,0.7391577363014221,0.6304486989974976,76.05278015136719,7.165339721316907,11.348262786865234,4.11328125,0.12182820497255212
04937,0.8051251044470479,0.36820121266561867,0.22726863622665405,0.4741779565811157,0.5665653347969055,75.61180114746094,2.9212562637921224,9.058638572692871,4.84375,0.3063806893988972
04938,0.7587544416751901,0.3675700691290892,0.2752772569656372,0.5739546418190002,0.6040741205215454,70.5088882446289,3.1177022850886402,10.39933967590332,4.62109375,0.37347403373941923
04939,0.8876925640038128,0.3616331334276521,0.20735609531402588,0.3919302523136139,0.6842338442802429,75.63318634033203,4.290179926051732,12.6301908493042,4.94140625,0.4274665083303987
04940,0.9020414402492246,0.34081708912000996,0.26545971632003784,0.4640912711620331,0.661165714263916,73.7498550415039,4.814360263729492,14.698105812072754,4.6640625,0.5408781801359829
04941,0.6450573054718772,0.2722537282083596,0.2617108225822449,0.5003795027732849,0.6460625529289246,72.96460723876953,3.5602892209744397,9.937332153320312,4.76953125,0.36572269148334285
04942,0.7911532730601937,0.3872182892771319,0.18314212560653687,0.36343109607696533,0.7380120158195496,74.47978210449219,3.2908932645312534,11.892251014709473,4.9453125,0.3846887917043361
04943,0.8168707321597768,0.43113623656581973,0.18797814846038818,0.4788829982280731,0.6057581305503845,70.47991943359375,5.215607481727611,14.343429565429688,3.986328125,0.6019465518600612
04944,0.7809366090316558,0.44888755261575464,0.3099350333213806,0.6320667862892151,0.4219534695148468,68.18206787109375,6.9723988662757295,9.595474243164062,4.11328125,0.46083309712003195
04945,0.803551079905584,0.3804696118085833,0.27814048528671265,0.5104400515556335,0.5436358451843262,69.73421478271484,3.388921872308766,14.854766845703125,4.08203125,0.41216423607263264
04946,0.8151855717534586,0.3163453674494684,0.3128945231437683,0.5349658131599426,0.7358928322792053,73.65257263183594,5.644939255745329,10.608119010925293,4.66015625,0.5064484047155372
04947,0.8237257114672304,0.3968158606188045,0.19902914762496948,0.4868898093700409,0.7899153232574463,74.64117431640625,4.441185784572715,7.688559532165527,4.9765625,0.4694019457201255
04948,0.8392401977554184,0.32283589489340603,0.26113414764404297,0.6417003870010376,0.6481649279594421,74.46688079833984,6.030490595251503,13.74280071258545,4.1015625,0.2572208334884217
04949,0.8769268714808167,0.45130310188591566,0.23442596197128296,0.4525569975376129,0.4936760663986206,72.99649810791016,7.185609362523146,12.34674072265625,3.849609375,0.48944632692502127
04950,0.7825257505873052,0.3411198311679747,0.20928025245666504,0.38888970017433167,0.5446638464927673,72.31771850585938,3.513247402698748,12.292085647583008,4.74609375,0.3440022471213155
04951,0.7814096036685093,0.41839167660127885,0.18042516708374023,0.3676602840423584,0.6993340849876404,74.04071807861328,3.5595731396116332,11.895150184631348,4.92578125,0.5086308638506508
04952,0.8150793834266454,0.3409291547119841,0.2517642378807068,0.493803471326828,0.6876220107078552,72.51918029785156,3.408079256170857,10.191937446594238,4.94140625,0.3171092253325874
04953,0.7797291033108056,0.34724052115356463,0.19798040390014648,0.48313677310943604,0.7181740403175354,75.38431549072266,3.2190211094866985,13.925566673278809,4.94140625,0.45377829969895134
04954,0.8767216661092545,0.3870114006514658,0.20816552639007568,0.4721749424934387,0.5699209570884705,71.10973358154297,3.2433001632579557,12.443985939025879,4.02734375,0.33768608242702336
04955,0.8299548371513615,0.33393682344749004,0.34499698877334595,0.6189054250717163,0.6190733909606934,71.31684875488281,6.151902439148062,15.742952346801758,3.66796875,0.24676142403670825
04956,0.6894570722026143,0.2622402557481864,0.3012925982475281,0.4562784433364868,0.7249941229820251,76.28662109375,6.703629273181783,11.045087814331055,4.98828125,0.4222864792938094
04957,0.9171204119278296,0.45303186655782646,0.2203385829925537,0.33568549156188965,0.6026729941368103,75.40518188476562,4.760656475837583,10.461164474487305,3.86328125,0.4861547850061926
04958,0.7045608201357926,0.29474518611487266,0.3526450991630554,0.6432995200157166,0.746607780456543,74.04344177246094,4.697457171698874,9.032648086547852,4.61328125,0.2740430369315076
04959,0.6487317922027561,0.3115166403462596,0.27373969554901123,0.5656718015670776,0.7205527424812317,73.29036712646484,4.541519420975227,11.664398193359375,4.91015625,0.49307069293978295
04960,0.7223609877495292,0.33623228103814284,0.3500310778617859,0.5735041499137878,0.7219940423965454,74.95636749267578,6.36643442478804,10.097196578979492,4.96484375,0.5444685027546247
04961,0.8623087174825964,0.4486508622650953,0.31449633836746216,0.4965209364891052,0.5448744893074036,69.54235076904297,4.423473406472947,10.151374816894531,4.33203125,0.44286441130695736
04962,0.8182072462855959,0.3342832872057655,0.24640649557113647,0.5103451609611511,0.5887356996536255,74.67141723632812,2.605771932898156,9.581367492675781,4.91015625,0.30301041471895773
04963,0.7979968656319473,0.28330353376057216,0.33210504055023193,0.48622819781303406,0.6098182201385498,72.21005249023438,8.158293399444666,12.085066795349121,3.66796875,0.30059709864027834
04964,0.7918194065077303,0.28293661173598394,0.3278098702430725,0.6643551588058472,0.5336852073669434,73.54306030273438,4.194650196443966,10.950822830200195,4.1328125,0.11321835517059077
04965,0.7167076002630269,0.28812335857228427,0.35158592462539673,0.6550179719924927,0.5276315808296204,73.07027435302734,5.817479463269818,9.184240341186523,3.083984375,0.22003886072385181
04966,0.8082282870473153,0.4485030520298421,0.17764657735824585,0.33101189136505127,0.597614586353302,70.89614868164062,4.57165433303754,15.850122451782227,4.08984375,0.6640388686271838
04967,0.7584214830553406,0.2901204046451337,0.28771424293518066,0.6317957639694214,0.6797135472297668,73.17916870117188,5.578654339988248,13.665214538574219,4.515625,0.22311077620341643
04968,0.6044116475900139,0.31394298177286184,0.32415568828582764,0.5323013067245483,0.5511264204978943,69.30776977539062,3.6728130446736746,10.133334159851074,3.724609375,0.2505547794106505
04969,0.7043427088397304,0.31152062679884873,0.2737807631492615,0.5312426090240479,0.7434729933738708,74.0367431640625,5.412223911873136,7.363923072814941,4.58203125,0.2495863964472157
04970,0.8354077934195325,0.416083180575172,0.3693443536758423,0.5860568284988403,0.4973495304584503,70.5646743774414,5.832288304014215,12.78629207611084,4.03125,0.3369284379881075
04971,0.7522716532442655,0.32401839405730454,0.259360671043396,0.45382848381996155,0.6774137020111084,75.59054565429688,3.0481103062273416,12.556280136108398,4.8125,0.5052581878775375
04972,0.8132699953239784,0.3591405021678022,0.224321186542511,0.39715802669525146,0.7242763042449951,71.4031753540039,6.454260455479178,15.285760879516602,4.58203125,0.7602010095451669
04973,0.7660687814331688,0.37756516001319695,0.2950299382209778,0.3858768939971924,0.6914225220680237,75.84294128417969,5.582958113802553,9.60882568359375,4.96875,0.5909320472221852
04974,0.6586656842736704,0.29069140975755764,0.24263381958007812,0.5005398392677307,0.6825866103172302,73.47986602783203,5.078793925772054,15.903696060180664,4.77734375,0.5210897355605981
04975,0.7111216727862175,0.2826735885788449,0.23115891218185425,0.440155029296875,0.7087040543556213,73.95845794677734,4.592607207302324,11.737590789794922,4.71875,0.46855615697234104
04976,0.8318683880433022,0.3742021720969089,0.18749845027923584,0.3616704046726227,0.7441455721855164,75.82879638671875,3.4199130877705266,13.730134010314941,4.91015625,0.4995523095119467
04977,0.8241493777898065,0.4844758064516129,0.34904301166534424,0.549830436706543,0.5260182023048401,67.10676574707031,7.2576813071825015,15.837287902832031,4.72265625,0.607127768180439
04978,0.8630855766667512,0.4777701234698744,0.23793452978134155,0.36646121740341187,0.6639511585235596,73.59728240966797,3.63238222661686,10.65108871459961,4.71875,0.5793927922820059
04979,0.7659808728827664,0.30851930281804857,0.28078973293304443,0.5423104166984558,0.3773275911808014,67.60974884033203,5.644337166376141,12.197356224060059,2.474609375,0.3137837894250858
04980,0.7268864899805647,0.3518775526388834,0.26885002851486206,0.4697483777999878,0.5839436650276184,70.09101867675781,4.587619039157502,11.933874130249023,3.8515625,0.29106505624038437
04981,0.5975389837986722,0.21321595362069892,0.34949833154678345,0.47748658061027527,0.6563488245010376,75.88973999023438,5.741714632634236,14.000886917114258,4.65625,0.5705922914549395
04982,0.868109483026178,0.3441773918436967,0.2681291103363037,0.5152652859687805,0.5805721282958984,74.23625183105469,5.940484222820403,6.89530611038208,3.8984375,0.3396298591691632
04983,0.8890453296407643,0.3423023009333652,0.27947449684143066,0.3718276917934418,0.6416006684303284,72.51065063476562,5.413657931299364,13.668033599853516,4.1796875,0.7254621280075259
04984,0.8326454895524142,0.45724287732765345,0.13827037811279297,0.2805821895599365,0.729011058807373,74.97272491455078,3.5550610956858524,13.965020179748535,4.9296875,0.4987153285253422
04985,0.7959280135819686,0.359539200462244,0.27688348293304443,0.4678693413734436,0.6535072326660156,74.45240020751953,5.400658538438897,12.95602035522461,4.56640625,0.6236279890948693
04986,0.781814140292121,0.394772562265223,0.1662495732307434,0.3782278597354889,0.7247833609580994,76.83321380615234,3.2117248978422888,12.129979133605957,4.98046875,0.5917027836724548
04987,0.7373089783155314,0.4311302307391474,0.17226159572601318,0.3791259825229645,0.6670777201652527,73.48001861572266,5.888956146533157,13.204145431518555,4.8046875,0.6018470072699501
04988,0.7062440429826372,0.33289361371925197,0.3342708349227905,0.818466067314148,0.46733564138412476,65.16517639160156,5.065041816205872,9.722176551818848,4.43359375,0.41882118424141684
04989,0.8448728752373642,0.37550407302559363,0.18555676937103271,0.4853231608867645,0.5876009464263916,71.29767608642578,4.233057111645229,13.17232894897461,4.47265625,0.37797000423567406
04990,0.9132227451611993,0.4063390910615462,0.222040593624115,0.38978075981140137,0.6812604069709778,74.5638656616211,4.236861042180949,10.815290451049805,4.953125,0.32700265517633936
04991,0.8853669419563991,0.372136977443983,0.23810434341430664,0.5749400854110718,0.4102179706096649,67.12208557128906,6.4814855180441615,15.611834526062012,3.478515625,0.4443397829477202
04992,0.7767692463900202,0.394823023919935,0.20450007915496826,0.3828086853027344,0.6752151250839233,72.6891860961914,4.130267411916449,10.397505760192871,4.87890625,0.47015750466092804
04993,0.7258515515386714,0.28958917296639203,0.2924148440361023,0.5130777955055237,0.6366004943847656,72.60547637939453,6.618410112572155,14.745012283325195,4.21875,0.4014608530433709
04994,0.7681098919791003,0.3211602942323188,0.34299999475479126,0.6766790747642517,0.7045425176620483,76.5636978149414,5.0836592292295215,9.175442695617676,4.9453125,0.4543604796344267
04995,0.7750306856040682,0.384340238198184,0.22552311420440674,0.5146982669830322,0.6838810443878174,72.28526306152344,4.097228621951266,11.592961311340332,4.3515625,0.418988514751989
04996,0.8814861039528445,0.520940484937546,0.15709221363067627,0.3318856358528137,0.665081799030304,75.34819793701172,3.9761300647017506,14.628583908081055,4.75,0.6040393464020083
04997,0.7651612669103962,0.35332230493520816,0.33790332078933716,0.4008498191833496,0.597329318523407,71.26094055175781,5.100029586990858,11.20281982421875,4.06640625,0.5952224029099126
04998,0.7933402595791098,0.40656964656964656,0.17381417751312256,0.40520817041397095,0.7136154770851135,73.61253356933594,4.569145282999431,14.007606506347656,4.93359375,0.5619368232644256
04999,0.839467005949942,0.3726930657588246,0.2273971438407898,0.2590497136116028,0.6764714121818542,75.54645538330078,6.185986810194886,11.746350288391113,4.96875,0.7178596285752357
