sample_id,canny_edge_density,canny_f1,canny_f1_strict,canny_precision,canny_recall,canny_tol_px,depth_mse,depth_rmse,maniqa,musiq,niqe,qalign
00022,0.1369636058807373,0.8621709170212488,0.28183842673806664,0.8453993005690492,0.87962145628477,4,217.7897395161934,14.757701024082085,0.37376755475997925,76.8238525390625,3.0210454806926057,4.72265625
00027,0.019860029220581055,0.8465058702080047,0.2546159785946451,0.8133350940587522,0.8824973351918662,4,34.29799272204395,5.856448814942716,0.386152058839798,72.3973159790039,3.6768279274130355,4.93359375
00057,0.0022537708282470703,0.6023918807131475,0.16674713113232073,0.9444620755315772,0.4422246523104531,4,42.20905832924119,6.496849877382206,0.2533852756023407,56.44118881225586,7.449074742531393,4.38671875
00064,0.021824359893798828,0.7292372286838116,0.22519370730840038,0.9621687168170596,0.5871049520965534,4,20.62754404028538,4.541755612126811,0.28751033544540405,72.70274353027344,5.594686767279869,4.9453125
00072,0.050238609313964844,0.9169139718790582,0.29274973302161805,0.9434262229731012,0.8918510899498988,4,15.6824144549529,3.960102833886123,0.3437938392162323,73.09355926513672,4.298028961903936,4.953125
00078,0.15604472160339355,0.8826694605856233,0.2968477807880511,0.8216926229069869,0.9534217618617994,4,2.7420922018352654,1.6559263878069175,0.3829469382762909,76.94728088378906,3.5921587736384653,4.93359375
00080,0.02064371109008789,0.8339766994755942,0.2431914040419169,0.9532372438962419,0.7412394311128488,4,93.29850032963797,9.65911488334402,0.2375200390815735,72.0223159790039,5.028423413743592,4.28515625
00101,0.0368804931640625,0.7846542630386912,0.20072189480433014,0.8834557302441043,0.705728913712158,4,34.59589921372097,5.881827880320961,0.23271532356739044,61.351593017578125,5.297046302639028,4.2109375
00106,0.08644247055053711,0.8905803705156268,0.26513854874659476,0.8908722825637263,0.8902886497064579,4,30.80330291818355,5.550072334500115,0.336441308259964,75.71240234375,4.648899496671102,4.9453125
00115,0.0220489501953125,0.7537990296263319,0.20211948932774784,0.919939446366782,0.6384884625356495,4,45.43643441714463,6.740655340331876,0.28026145696640015,73.30323791503906,4.419943731872517,4.9296875
00155,0.08077478408813477,0.8754407908020498,0.26630616785794264,0.8806088655643253,0.8703330224115764,4,19.4675177962883,4.412201014945749,0.27446818351745605,75.06857299804688,3.0594944818072722,4.78125
00160,0.0061016082763671875,0.4898168746758774,0.10886444945011263,0.976789621756799,0.32686182534167246,4,9.919343163309355,3.1494988749496886,0.1653600037097931,61.462059020996094,7.021752502429197,3.189453125
00166,0.014671564102172852,0.805337403119246,0.23088399067050494,0.9643954043908542,0.6913181148748159,4,58.6984951598039,7.661494316372225,0.3042899966239929,71.39714813232422,6.4639205125824475,4.265625
00169,0.030918359756469727,0.9493971791695579,0.319157343286517,0.9224018938780546,0.9780202063628547,4,221.64245298714343,14.887661098612616,0.30410468578338623,72.28731536865234,6.612124605027199,4.4453125
00174,0.002524852752685547,0.38107480652737136,0.08721416853594027,0.9711992445703493,0.2370421766771041,4,12.969353348924374,3.601298841935278,0.18230880796909332,55.17705535888672,7.41926811945361,3.71484375
00176,0.010721206665039062,0.7377262406596655,0.21788478520596333,0.7172878491371643,0.7593635363169479,4,11.966178264249278,3.4592164234475526,0.35338106751441956,68.38177490234375,4.914597374449193,4.98828125
00181,0.10663509368896484,0.9060106814363693,0.2680440763012708,0.912847113535751,0.8992758860446819,4,268.6486154152023,16.390503818223596,0.29689279198646545,76.15757751464844,4.58130752121289,4.62890625
00199,0.012224674224853516,0.566489842870085,0.1368996564938714,0.989994929203885,0.3967612774829416,4,18.6186636038045,4.314934947806803,0.19257007539272308,59.11573791503906,6.152821677323595,4.06640625
00206,0.1164393424987793,0.7018321741896427,0.2252405243815479,0.5673345864507701,0.9199159671808832,4,491.82759325106497,22.177186324037255,0.31091269850730896,69.44283294677734,4.430914619818586,4.19140625
00210,0.11879301071166992,0.8872359471241826,0.2892650785943942,0.8388733457232657,0.9415160929255089,4,9.81714381073747,3.1332321667468994,0.36444753408432007,72.61865997314453,3.3782225060542475,4.93359375
00214,0.04469132423400879,0.7973091551239553,0.2500492818250543,0.7067842453147256,0.9144292297407001,4,4.475936230350615,2.1156408557103012,0.42100265622138977,74.30200958251953,4.125377017264147,4.93359375
00228,0.13554763793945312,0.9205693224964677,0.3134607804493496,0.907042397208229,0.9345058158638365,4,426.50630385371636,20.65202904931417,0.3263293206691742,74.09529113769531,3.8214193837859094,4.640625
00230,0.05360007286071777,0.862170775293884,0.269487780622691,0.8299668616417943,0.8969746895028424,4,7.4381946553459475,2.7273053835876078,0.4412671625614166,75.17239379882812,3.921685828323122,4.97265625
00237,0.047585487365722656,0.8367847955166615,0.27144095671107404,0.7574703890013428,0.934651792419272,4,90.7018568543417,9.523752246585465,0.4249424338340759,73.36856079101562,3.637597161152964,4.21875
00243,0.013472795486450195,0.7472821942300246,0.19854331919339144,0.8183652161602577,0.6875608137992039,4,24.951859625775647,4.995183642847943,0.24290046095848083,66.27747344970703,5.520601658582668,3.49609375
00245,0.013185501098632812,0.8402873568464738,0.2288375473358069,0.8974757702878634,0.789950598023921,4,1.7256598710411806,1.3136437382491422,0.4055064916610718,68.83455657958984,5.682317050019396,4.66015625
00260,0.020819902420043945,0.7265876133340894,0.21247270696728848,0.7093043229315774,0.7447342073447182,4,12.239541850531099,3.4985056596397124,0.29182061553001404,73.99230194091797,4.766853265577324,4.22265625
00264,0.002821207046508789,0.5220557140510784,0.12666671790103057,0.9725344375897913,0.35679020695252267,4,265.9606965495527,16.308301461205357,0.24849717319011688,65.08419799804688,5.798137211419224,3.416015625
00294,0.032750606536865234,0.9410777175362819,0.23891226215175196,0.9351877466039631,0.9470423507748964,4,77.12671007618499,8.782181396224118,0.30743148922920227,71.82662963867188,6.901813929692595,4.53515625
00315,0.06785178184509277,0.8874378045676539,0.2560384456074336,0.90892544036881,0.8669426709231178,4,22.53285587960158,4.746878540641374,0.25982335209846497,74.0993423461914,5.261387763427511,4.51171875
00324,0.003331899642944336,0.4626109308436799,0.10595755351869764,0.993345259391771,0.3015146838345533,4,5.002974327038851,2.236732958365583,0.2639893591403961,69.25347137451172,8.46137910488592,4.34765625
00330,0.035668134689331055,0.6744488754986332,0.1830714847432612,0.876406221800365,0.548137203683145,4,11.7793362721704,3.432103767686869,0.31249573826789856,67.80895233154297,3.9260375652091617,4.80078125
00391,0.03661489486694336,0.7627847337071028,0.20182291119506157,0.7413299126154167,0.7855184137383363,4,16.168863012311917,4.021052475697366,0.2459423542022705,69.8961410522461,4.3192088418016805,4.1328125
00395,0.03235316276550293,0.8941750811967657,0.28425197915961836,0.8633888237938379,0.9272380398330026,4,10.780878100870645,3.283424751820977,0.28225618600845337,67.14945983886719,4.899904905740437,4.85546875
00399,0.02959918975830078,0.7815471791503945,0.21936491996571814,0.9189837935367464,0.679870614138927,4,55.825222861482956,7.47162785887272,0.2097104787826538,54.45667266845703,5.433919046062198,4.671875
00405,0.12018084526062012,0.9224515131392593,0.3028879225578813,0.9128324158111392,0.9322754945883606,4,8.466620053703073,2.9097457025834874,0.2934437692165375,63.90097427368164,4.161323761416313,4.92578125
00423,0.061036109924316406,0.8106209779494243,0.24507959667543835,0.7761792784487742,0.8482611958969227,4,259.62155417030846,16.112776116185206,0.23463763296604156,68.31980895996094,4.338520501610368,3.859375
00432,0.0279390811920166,0.8198133559762524,0.23190672147758115,0.9180867858514316,0.7405443437671609,4,56.79155085180026,7.536016908938054,0.27708643674850464,72.97148895263672,4.21566161474698,4.87109375
00434,0.04057741165161133,0.8490875630510101,0.2570587327226245,0.840781696182004,0.8575591702863221,4,9.893525984573712,3.1453975876784974,0.32964643836021423,66.8212661743164,3.419202962648514,4.90625
00443,0.05808687210083008,0.7223763732441107,0.204271114445213,0.6167735209371434,0.8716122549862448,4,26.762996245349683,5.173296458289403,0.26229119300842285,71.43767547607422,4.002937336270441,4.80859375
00464,0.008524894714355469,0.5876535671769502,0.14992778670301674,0.8652533840474326,0.4449121175309392,4,18.357652170562343,4.284583080133042,0.23814399540424347,62.84850311279297,5.8196328308012975,3.876953125
00471,0.024325847625732422,0.7383481227183506,0.21050048005082042,0.717083210820347,0.7609127891032087,4,15.7092170399154,3.963485466091102,0.3855709433555603,64.75450134277344,3.8980612145342826,4.71875
00476,0.012218475341796875,0.6577767292061911,0.1730906803493019,0.9604667499219481,0.5001538146021329,4,14.925253404729222,3.8633215507810403,0.21288925409317017,69.39678955078125,5.9553889317865405,4.77734375
00500,0.05507373809814453,0.7834860265832257,0.19011692881917444,0.9559299728133821,0.663749634275683,4,168.87568185940546,12.995217653406405,0.18810150027275085,62.13254165649414,5.885892133271015,4.19140625
00510,0.0060651302337646484,0.6076255375127081,0.1494792806297981,0.9258618656393727,0.4521968736797634,4,2.9119165959236954,1.7064338826698489,0.2044929563999176,46.64823532104492,6.308241612255814,4.171875
00511,0.21747303009033203,0.9639108789873619,0.3364303656426847,0.9448696921990729,0.9837352924578877,4,39.317045547861824,6.2703305772392754,0.3299216628074646,74.00860595703125,3.840653810314965,3.671875
00536,0.0030508041381835938,0.4663348804431864,0.10813194813922881,0.978743357299156,0.30608698326771655,4,45.73234961260459,6.762569749185925,0.18899010121822357,62.11033630371094,6.680538375885696,3.580078125
00548,0.02212667465209961,0.6657231011808491,0.17230734273816006,0.9537206646122018,0.5113188033860651,4,4.384965353627411,2.0940308865027304,0.23901164531707764,67.01996612548828,4.437013963849347,4.92578125
00564,0.010978937149047852,0.47153089367890677,0.10928313747901561,0.4005733023518426,0.573039090444558,4,42.27895374965843,6.502226830068175,0.21362373232841492,67.4664535522461,5.540810413729847,3.078125
00569,0.0028688907623291016,0.4906967328072866,0.1112235338204984,0.9867032327765312,0.326545406616581,4,8.836792955056204,2.9726743775691618,0.3128562569618225,53.29314422607422,7.446204730487808,4.05078125
00577,0.060324907302856445,0.8511785409993038,0.24947035117388594,0.8987554392718391,0.8083855038703259,4,35.33551475208257,5.944368322377287,0.26924097537994385,72.45455169677734,3.6752289011316694,4.63671875
00587,0.08573532104492188,0.9315087977158528,0.2787414199290326,0.9183064516129033,0.945096297176435,4,58.698515546903295,7.66149564686317,0.33393311500549316,71.0099868774414,4.103973233755292,4.078125
00606,0.022307634353637695,0.7400744648266352,0.1925969711803407,0.7443381606369903,0.7358593371618349,4,15.62530449184619,3.95288559053335,0.27099770307540894,65.66642761230469,4.840620312974982,4.41015625
00635,0.035059452056884766,0.5378173008636687,0.1636764158023465,0.47902754165249917,0.6130560131795717,4,45.23183675652454,6.725461824776388,0.30443042516708374,70.49999237060547,4.28605604153728,4.94921875
00641,0.05420112609863281,0.8505056203273358,0.2865327553908632,0.7733838899250449,0.9447121835584579,4,43.14718757472359,6.568651884117744,0.3731650412082672,73.39714050292969,4.254163967746962,4.6640625
00645,0.052640676498413086,0.6434085274133654,0.19406538710973176,0.506900190678062,0.8805374679760888,4,32.834269458362904,5.730119497738499,0.28131723403930664,71.88396453857422,4.424681846683352,4.15234375
00651,0.29911208152770996,0.9019288278825741,0.3197676492109789,0.8230951395979649,0.9974629657137456,4,1.2737910724881325,1.1286235300081833,0.48268216848373413,75.37345886230469,6.0460678436598245,4.58984375
00656,0.006049394607543945,0.5277076869336,0.13279930576416007,0.7880424072833326,0.3966664523595217,4,65.45833004419447,8.090632240078303,0.34494611620903015,65.65214538574219,5.221340119391724,4.9765625
00658,0.10785984992980957,0.9118210208893468,0.2697572026800067,0.9441596650729337,0.8816242911314567,4,10.523218917579678,3.243951127495554,0.24520309269428253,62.756248474121094,5.036028674827387,3.771484375
00666,0.05802798271179199,0.82789290326642,0.23432023515090727,0.918759013423067,0.7533826657642196,4,216.76377866904141,14.722899805033023,0.22117476165294647,61.322330474853516,4.159030336966012,4.3515625
00687,0.08702635765075684,0.9328878736805594,0.2958513238111235,0.9216415763735737,0.9444120265652822,4,8.706549997413855,2.9506863603937736,0.29434826970100403,73.63277435302734,4.198049364710729,4.55078125
00690,0.04253220558166504,0.7277535415935537,0.1831835864299844,0.633186279730707,0.8555278263039681,4,110.03014231193825,10.489525361613758,0.23378416895866394,62.10438537597656,4.372288273332142,4.30078125
00694,0.042131900787353516,0.8507362024438977,0.24571689232912655,0.8802019081680003,0.8231793869574162,4,0.9214291317881778,0.9599110020143419,0.24650974571704865,57.74961853027344,4.756283301877713,4.36328125
00699,0.010132789611816406,0.5370859802372512,0.11900952076166094,0.9613647058823529,0.3726323047301868,4,34.162931346585225,5.844906444639232,0.21430343389511108,65.80064392089844,5.602306973069623,4.375
00708,0.009946346282958984,0.7227683185917881,0.210218290320892,0.8918931875928856,0.6075600085726532,4,8.258378836450532,2.8737395213294006,0.2230987548828125,67.8554916381836,5.6993194995272205,4.6015625
00711,0.030758142471313477,0.8223386671554572,0.231121582825112,0.8414374190947919,0.8040876711569378,4,15.654589349157483,3.9565880944517695,0.224866583943367,66.98340606689453,4.7050124490330925,4.69921875
00728,0.016728878021240234,0.8506087621220901,0.22971345740097132,0.9707408146395691,0.7569357232560795,4,203.00682590755108,14.248046389156341,0.28565335273742676,75.98400115966797,5.942387105687299,4.3359375
00732,0.04389357566833496,0.8836483899969868,0.27217159067721475,0.8680086690602543,0.8998620428478684,4,4.685045171599518,2.164496516883203,0.41177618503570557,72.80022430419922,4.208572238396863,4.84765625
00734,0.01764369010925293,0.8722557283601622,0.250577443155219,0.9351377646852155,0.8172976841009628,4,53.70806970915057,7.328578969292107,0.27161112427711487,68.64798736572266,5.771264422839732,3.99609375
00737,0.03582620620727539,0.8788485705287467,0.26678884730300645,0.8758069024263639,0.8819114396242056,4,11.041384060242493,3.322857815231114,0.25838208198547363,71.16063690185547,5.25078382881539,4.42578125
00741,0.1085672378540039,0.9117640701221393,0.2850242372043419,0.9506592528175262,0.8759264963517702,4,21.435032589374064,4.629798331393503,0.28970396518707275,75.32416534423828,3.3349514662900326,4.9609375
00780,0.02872633934020996,0.9616922620233695,0.2818417905088466,0.9810435980645215,0.9430895787268707,4,157.06504653256974,12.532559456574292,0.3405742645263672,72.35897064208984,5.917352361670316,4.828125
00784,0.004987001419067383,0.440312012783134,0.10211955605367823,0.9926853755318641,0.28289623231232597,4,32.838432510801276,5.730482746750162,0.19472965598106384,56.08462142944336,8.091939157730547,4.515625
00786,0.020674943923950195,0.7219079913697043,0.24509430666350146,0.6060634016398169,0.8925035153503632,4,79.90196419528993,8.938789861904683,0.3978203237056732,72.94552612304688,4.299510737252445,4.94921875
00791,0.05216622352600098,0.5845930832684268,0.17322218290136376,0.4442941302827684,0.8543927499422767,4,16.926363024264393,4.114166139604038,0.25371304154396057,62.91868209838867,5.613373636020654,3.8359375
00867,0.007649898529052734,0.48212056341410053,0.11112266751133447,0.9910241226703235,0.3185440965827706,4,6.69719790246088,2.5878944921423828,0.172490194439888,55.15351867675781,7.545814347939207,3.220703125
00872,0.004014253616333008,0.7693878293944981,0.21853917076133164,0.9499910910494743,0.646484375,4,6.127346527509418,2.4753477589036694,0.355726957321167,71.86752319335938,6.514829589616226,4.1796875
00880,0.012751579284667969,0.7275815857650174,0.1868931710157488,0.9602684915114801,0.5856662146967392,4,273.8852357712893,16.549478413874237,0.23814542591571808,68.11107635498047,5.299823184707773,3.763671875
00884,0.020498037338256836,0.8181817215654384,0.253891938912892,0.7568013957545798,0.890397337129459,4,20.328949121329213,4.508763591199833,0.4160548150539398,72.40977478027344,4.158401428956492,4.8828125
00885,0.0221097469329834,0.7791994391509539,0.22959231664952984,0.8597724699412304,0.7124341275142878,4,38.815386676675466,6.230199569570422,0.24680352210998535,58.499149322509766,5.1016938715063604,4.3359375
00886,0.024767637252807617,0.8007927102912231,0.22029775957981979,0.9523309877458295,0.6908605364900953,4,29.926964372161454,5.470554302094208,0.2441847324371338,65.7663803100586,5.344847690136614,4.55078125
00896,0.0006036758422851562,0.24781883194278903,0.05302751328318165,1.0,0.14143447975620374,4,8.568424491265853,2.927187129526545,0.18110063672065735,57.03059387207031,9.869950253608385,4.19921875
00921,0.02434563636779785,0.7486471685290621,0.23994918579812666,0.6786011575411554,0.8348180736472945,4,217.02691515144633,14.731833394097503,0.2915402352809906,57.16293716430664,4.236216542027585,4.2890625
00929,0.1192312240600586,0.40923621515651426,0.13612870633039287,0.2643493597178119,0.9055672497640996,4,78.06276578632006,8.835313564685752,0.38617879152297974,71.71138000488281,4.182663381109919,4.92578125
00931,0.022899866104125977,0.8027773031965735,0.23559359277660616,0.8500557007360826,0.7604808780978739,4,95.76931532872511,9.78617981281384,0.18936941027641296,59.02520751953125,4.508576649266171,4.27734375
00933,0.05474209785461426,0.8440655608451602,0.22430610639289408,0.9501099714727467,0.7593161752933373,4,16.295973305054325,4.036827133412369,0.35786277055740356,76.52861785888672,3.4978863511854064,4.72265625
00948,0.011497020721435547,0.6202545244381599,0.17183018026733066,0.7556509477002198,0.5260056137092689,4,26.34040715570621,5.132290634376254,0.26276087760925293,69.1074447631836,5.123747203497027,4.8046875
00952,0.11804056167602539,0.9138254589784058,0.29945560990539893,0.8532532953071917,0.9836547800749271,4,18.232339147621737,4.269934325914362,0.35357433557510376,69.43804168701172,3.974917175387025,4.265625
00997,0.08771753311157227,0.8630800970257783,0.2893783784476506,0.7842946993047288,0.9594616876818622,4,12.416884076466046,3.5237599345679107,0.38328567147254944,77.21404266357422,3.7589340846436246,4.57421875
01001,0.024205923080444336,0.8777015005664665,0.28787353342100475,0.9135697893171275,0.8445433077506957,4,26.99756461836259,5.195918072714637,0.38495659828186035,59.44230270385742,4.3523332376142125,4.14453125
01014,0.008851766586303711,0.49089934772999555,0.1141117046312471,0.9406361946831148,0.3321106498711709,4,8.703394150318175,2.950151547008759,0.16156336665153503,66.20008087158203,5.643605368930905,3.939453125
01018,0.008877038955688477,0.6421554232514767,0.16367775616359256,0.9477882523567803,0.48557294539437396,4,53.96683539338149,7.346212316111037,0.24510569870471954,59.767723083496094,5.326637326673861,3.81640625
01027,0.02206563949584961,0.7297998489942377,0.1823853403507545,0.9759805510534846,0.582795811081442,4,27.54528774100665,5.248360481236655,0.15958699584007263,58.3314208984375,6.043799368858687,3.96484375
01029,0.0049970149993896484,0.5492854018054428,0.12921942249590396,0.9402166133880433,0.38797138122536723,4,29.533849410207132,5.4345054430193676,0.26320549845695496,66.23968505859375,4.797571586353901,3.45703125
01071,0.056793212890625,0.8901040099589276,0.24334622151303137,0.9364966751746373,0.8480908395599224,4,240.62550948281861,15.512108479598078,0.333478718996048,73.59796142578125,4.7802481532136305,4.53515625
01080,0.0009629726409912109,0.6188613564759595,0.17214999057848124,0.9044317900470413,0.47035028449502136,4,0.8899122438269337,0.9433516013803833,0.39488014578819275,71.03236389160156,6.802257799305425,4.23828125
01091,0.012544870376586914,0.7149752888346459,0.1879896845424898,0.9221544367789878,0.5838112349662657,4,46.94564982156396,6.851689559631549,0.2797957956790924,66.6856918334961,5.599293753302234,4.76953125
01093,0.041661977767944336,0.7252832995820758,0.19665968078993915,0.8917095391517829,0.6112089297332466,4,4.590932887220836,2.1426462347342445,0.25132566690444946,73.07733917236328,3.9731832522902315,4.95703125
01118,0.10687708854675293,0.923973381477858,0.292893147568457,0.9138497574033796,0.9343238171064604,4,52.43643500860138,7.241300643434257,0.35086575150489807,74.65233612060547,2.828511632998528,4.94140625
01119,0.028714656829833984,0.6703008120442975,0.17177416934297807,0.80961988741095,0.5718901734104046,4,4.288244392845222,2.070807666792168,0.3272014558315277,71.63238525390625,4.477204064503629,4.98828125
01136,0.09232306480407715,0.7669359891639688,0.23768742900930964,0.6641229653617609,0.9074127601429473,4,53.95018238493095,7.345078786842994,0.24599872529506683,69.48455810546875,4.586003005835755,4.6484375
01168,0.014119386672973633,0.48736117479240565,0.16554532093006272,0.34298644062072575,0.8416335453100159,4,187.75299533451124,13.702298906917454,0.2263808250427246,62.930362701416016,4.4638875648050425,3.958984375
01175,0.012201786041259766,0.8438938377799203,0.247067380048823,0.9668021415451952,0.7487111581920904,4,25.554421880323133,5.0551381662940855,0.244085431098938,66.04438781738281,5.752466759877703,4.84765625
01207,0.03307032585144043,0.6745298111487722,0.19527900992786268,0.6658423871902643,0.6834469262433363,4,6.410726112070876,2.5319411746861094,0.34363284707069397,69.11336517333984,4.197905658454676,4.828125
01209,0.018221616744995117,0.7456165833066704,0.18672428473508576,0.9514307770813979,0.6130098493626883,4,13.763387122740667,3.709903923653639,0.21181443333625793,71.44136047363281,5.749860347183839,3.443359375
01217,0.18647432327270508,0.9390832030503795,0.30532662827381224,0.917834631071561,0.9613389328063241,4,7.843193312767724,2.8005701763690416,0.3831000328063965,73.25348663330078,3.0224593911380304,4.3515625
01227,0.0022726058959960938,0.828076221787609,0.26255221880665247,0.9521611414183802,0.7326038431677019,4,208.13171093869124,14.426770634438299,0.2322351187467575,55.75408935546875,9.164584385685082,3.798828125
01236,0.07255721092224121,0.8317967494941292,0.262807667440883,0.7712460609804586,0.9026651803810296,4,15.213580154278619,3.900458967131768,0.4425339102745056,73.88557434082031,3.537739037538885,4.875
01248,0.010187625885009766,0.8306940317889148,0.2505754748259366,0.9398549028785397,0.7442517814726841,4,205.08544026314445,14.320804455865755,0.3187773525714874,71.7114028930664,5.131023061890015,4.8515625
01250,0.12201738357543945,0.8576124066504569,0.2831280170981092,0.7940356951647003,0.9322561276019214,4,123.75617693894574,11.124575359938273,0.21822905540466309,61.48097610473633,6.398491844996836,3.939453125
01262,0.2089402675628662,0.9350376288242871,0.3038310080585604,0.8972179209661794,0.9761860154733356,4,52.877126116756195,7.271665979454515,0.31527459621429443,67.49834442138672,6.539950847947265,3.89453125
01273,0.09961104393005371,0.8765027648346547,0.26433528184482713,0.8327999827668329,0.9250463527215206,4,24.861998022149823,4.986180704923341,0.3087534010410309,74.8131332397461,3.602352656583731,4.890625
01274,0.0263674259185791,0.7980158577063889,0.21809505704469626,0.810006058249618,0.7863754517212959,4,25.195781390991506,5.019539958102884,0.3890913724899292,72.9018325805664,4.834230073986665,4.75390625
01311,0.029336929321289062,0.8445848711008814,0.27828351972689935,0.8416877966322086,0.8475019578092114,4,43.299717292346905,6.580252069058366,0.30809149146080017,58.91734313964844,6.293993602403028,3.50390625
01318,0.08585286140441895,0.8858155963755271,0.2587439897612861,0.9274020877939866,0.8477986749305407,4,26.311931589672312,5.129515726622964,0.2713921368122101,71.91778564453125,4.516535309170987,4.32421875
01324,0.02768993377685547,0.763756305158715,0.18498686744878304,0.9256156363010161,0.6500791278354141,4,40.23866224829495,6.343395167281868,0.2134135365486145,59.89903259277344,4.913788289873733,3.75390625
01327,0.3364372253417969,0.6608203688966723,0.2236057666765333,0.4938013776291173,0.9985666980395758,4,64.40158628056611,8.025059892646665,0.34810757637023926,68.95904541015625,7.777687313898391,3.880859375
01329,0.05408954620361328,0.8158220202867856,0.23188027797580751,0.813371652238306,0.8182871969330663,4,35.11666241623259,5.9259313543301015,0.31846773624420166,73.296630859375,4.324006999410799,4.34765625
01340,0.13119745254516602,0.9288566675736224,0.31287000951699345,0.9009471507336239,0.9585506232510812,4,7.682318142412509,2.7716995043497246,0.33834004402160645,72.0475845336914,3.081605704594208,4.94140625
01381,0.034482717514038086,0.7794735528498825,0.1998746787405072,0.9433523933319966,0.664105400176402,4,26.589483402537258,5.1564991421057425,0.25335532426834106,71.91238403320312,4.207856388119269,4.3984375
01384,0.11397480964660645,0.8671888253906971,0.2885624334783196,0.7924149400161072,0.9575446898002103,4,14.973942245330184,3.8696178422849696,0.2540391683578491,72.3675765991211,4.520378696407544,4.75
01386,0.12133550643920898,0.8575508688883398,0.27686697696480983,0.7857650937872113,0.9437717890195881,4,7.747922101190708,2.7835089547531022,0.44637566804885864,77.1341323852539,3.627100381418304,4.91796875
01387,0.07753157615661621,0.90457089192529,0.27574790282718686,0.9211294285512207,0.8885971663353857,4,18.57480261726677,4.309849488934245,0.3067667782306671,65.57301330566406,4.081039022735193,3.931640625
01391,0.048259735107421875,0.895653010918623,0.30178026609631053,0.9081495533949885,0.8834957162260997,4,8.704605681138215,2.95035687352195,0.3601078689098358,71.70867156982422,4.606468091805574,4.97265625
01401,0.07599425315856934,0.7526718230139345,0.26806030082926297,0.6077341306318884,0.988392127087957,4,78.88287500669703,8.881603177731881,0.36193230748176575,75.03994750976562,4.869236289542011,4.73828125
01408,0.24467706680297852,0.9506406040553753,0.32695162454612064,0.9136438489646772,0.9907600749956005,4,10.584140182536062,3.2533275553709715,0.352669894695282,75.96493530273438,3.5740552115690476,4.609375
01410,0.013478994369506836,0.8315174550395585,0.2405600466705559,0.9759971698947555,0.7242975681892869,4,176.90483816865398,13.300557814191627,0.22591042518615723,58.803958892822266,6.85000489285375,3.654296875
01454,0.13300442695617676,0.8568649750063934,0.278653471685998,0.7592769525025052,0.9832381915930641,4,14.106257314542974,3.755829777098927,0.3264267146587372,75.81398010253906,3.81329251357007,4.015625
01455,0.011608362197875977,0.7462127193142266,0.21350237717908083,0.9511388609336812,0.6139377234803337,4,13.455546428800464,3.668180261219514,0.27869540452957153,71.28292846679688,6.5282297014317505,4.890625
01463,0.003961324691772461,0.6635549849092774,0.1860653770062993,0.9199518507372856,0.518926597051597,4,41.7924674100454,6.464709383262746,0.20159725844860077,64.26189422607422,8.191058251708604,4.06640625
01465,0.005160808563232422,0.6121208813413921,0.15247534565637544,0.9831839600850042,0.44440003552713386,4,22.27302288950709,4.719430356463277,0.17008444666862488,49.00655746459961,6.959780733091504,2.9765625
01466,0.04192996025085449,0.8619150075293533,0.277396812638635,0.89807070115485,0.8285578522214303,4,50.903940288271436,7.134699733574738,0.27637043595314026,74.89862823486328,4.151666855151362,4.76953125
01474,0.08551955223083496,0.8731603478931366,0.27175050014720553,0.9014733966182968,0.8465716278719019,4,4.76552155858286,2.1830074572897957,0.331773966550827,75.16673278808594,3.2269865109221523,4.8984375
01475,0.05771636962890625,0.7806274578916448,0.24334745043094297,0.7611409451421017,0.8011379628471353,4,12.293634869716449,3.5062280116553244,0.32093679904937744,71.38121795654297,3.27275006670658,4.91796875
01476,0.015419960021972656,0.6255854749657284,0.13343126948614967,0.9369317830416228,0.46955155159364226,4,13.110791413328844,3.6208826842813955,0.23944920301437378,57.2042236328125,5.621820943027855,4.3203125
01483,0.021586179733276367,0.7986441182571699,0.21079152970598458,0.9314218182219817,0.6989991482112436,4,17.345253307933785,4.164763295546793,0.18669168651103973,67.35089111328125,5.152780365159412,4.8203125
01490,0.24155640602111816,0.9493788481088465,0.3267331555479101,0.9394360817283729,0.9595343295280717,4,54.35400877504492,7.37251712612761,0.2792019248008728,64.99010467529297,3.6085460885719667,4.8828125
01515,0.014677047729492188,0.8180100442230597,0.22285829989323713,0.8715074723846654,0.7707006369426752,4,17.183540924157544,4.14530347793229,0.23926542699337006,65.60948181152344,5.715369859338643,3.96484375
01518,0.06175732612609863,0.9083536963974398,0.29896804448547415,0.8705241498056202,0.9496204565602837,4,36.43781843166997,6.036374609951736,0.3433355391025543,75.42869567871094,4.011762227490691,3.986328125
01525,0.029353618621826172,0.8092532179474922,0.24473193082607717,0.8471060283630338,0.7746386039170672,4,7.108519270205868,2.666180652207548,0.32456523180007935,71.1187515258789,4.213661185706627,4.97265625
01532,0.08909273147583008,0.8955564729029346,0.2653833213924,0.8882980716223955,0.9029344701356717,4,25.816236671226793,5.08096808405906,0.3342505097389221,72.4217529296875,4.1278447761330295,4.9609375
01535,0.05048823356628418,0.897741048840785,0.27017783763631537,0.8934091413514165,0.902115169586284,4,51.85685807931661,7.201170604791738,0.37124955654144287,75.93841552734375,5.241566355777502,4.58984375
01537,0.038954973220825195,0.8670534883046174,0.2538612453421465,0.9096512005092142,0.8282668911579405,4,1.7650787565002968,1.3285626656278946,0.30367106199264526,72.83916473388672,3.8997991954610147,4.9140625
01539,0.05579090118408203,0.8681056243132652,0.2622456409932974,0.9045742807815251,0.8344635400490044,4,35.76594876428196,5.980463925506278,0.3326488435268402,73.85978698730469,4.179140081602628,4.984375
01546,0.00883030891418457,0.8397669679326726,0.25710816737038583,0.9396819396819397,0.7590575199203188,4,45.446248344114316,6.741383266371548,0.3600023686885834,65.71550750732422,6.079109409365314,4.625
01548,0.007791042327880859,0.6270254161050366,0.18454317246706178,0.6670542872880837,0.5915287148909462,4,24.416917642472697,4.941347755670784,0.34836697578430176,68.59053039550781,5.440217003717433,4.625
01552,0.2528800964355469,0.9429128533249617,0.3243953314607519,0.9023934244467575,0.9872421758188393,4,12.69855042576785,3.563502550268184,0.28597548604011536,74.92035675048828,4.342670665631148,4.76171875
01554,0.04204893112182617,0.6108976109824517,0.14207670429726554,0.8852499914949593,0.4663642624241061,4,36.55040239967392,6.045692880032356,0.27503836154937744,75.78363037109375,3.570848795228202,4.94140625
01561,0.06059432029724121,0.8226939557043121,0.2607125931060826,0.8775963895479459,0.7742564678023609,4,0.9038507228976628,0.9507106409931798,0.2911388576030731,73.12401580810547,4.4678839943606246,4.8203125
01578,0.12880802154541016,0.9023872529045055,0.2497115788211309,0.9422426239218155,0.8657666926843114,4,13.819958957882372,3.7175205389993975,0.2701905369758606,74.29214477539062,5.951891287928476,4.41015625
01582,0.17437338829040527,0.9318601798660872,0.2835901399947152,0.9119644505212784,0.9526433745748641,4,77.40048027264848,8.797754274395738,0.322424978017807,76.14430236816406,5.010217846188569,3.55078125
01588,0.05576014518737793,0.8961328534379441,0.280109234799086,0.9502383752004275,0.8478568239321328,4,54.622457526539065,7.3907007466504195,0.2989005744457245,70.28568267822266,3.502340558493488,4.94921875
01594,0.06895256042480469,0.9024412648795892,0.30083909746836895,0.9056181018505712,0.899286638184455,4,187.95221747049723,13.709566640506813,0.2983221709728241,69.19490814208984,4.300438089064325,3.884765625
01596,0.1062173843383789,0.8465931415469232,0.27500928661135976,0.8637465544950932,0.8301077717061324,4,30.705084473824773,5.541216876627802,0.3145580589771271,68.39911651611328,3.5897929760214264,4.6484375
01628,0.222670316696167,0.9166320827842686,0.30039242442174835,0.8911640596307927,0.9435986000419463,4,23.745864085615885,4.872972818066594,0.3379117548465729,75.4285888671875,3.1534583895722403,4.28125
01650,0.03479170799255371,0.91772052163153,0.27708653430944274,0.9364887923413762,0.8996897445222293,4,40.90868111634775,6.395989455615742,0.3635350167751312,73.39299774169922,4.371956037686769,4.55078125
01666,0.04410862922668457,0.7862048821827575,0.2517823425072953,0.7314613118564363,0.849805493807558,4,32.95006294350879,5.740214538108205,0.3311057984828949,70.77034759521484,3.9535280984230243,4.6171875
01667,0.14425444602966309,0.9456329549083535,0.32445390976423216,0.9147157162997255,0.9787133012102196,4,6.643196003861462,2.5774398157593246,0.36186057329177856,76.15327453613281,4.262675128023184,4.73828125
01669,0.06802201271057129,0.8254945520999541,0.21679312903664336,0.9378139184381626,0.7372019264383889,4,15.917407781331681,3.9896626149753165,0.18674010038375854,62.9443244934082,4.113083938811412,4.7421875
01677,0.07294034957885742,0.8132721681786305,0.2668715960671829,0.7096432563886328,0.9523423247328642,4,4.045291773066723,2.011291071194501,0.3673844635486603,74.67341613769531,3.539834584764874,4.8828125
01738,0.034066200256347656,0.6547853179402706,0.19832519048153324,0.593915343915344,0.7295571245186137,4,12.506063467686843,3.536391305792791,0.37663862109184265,74.36820220947266,4.178253452252546,4.953125
01746,0.12212753295898438,0.8158925475788252,0.25285153433669794,0.879249960955802,0.7610522791746692,4,29.59739712911726,5.440348989643703,0.3062118887901306,75.9167251586914,3.1595614446552713,4.953125
01751,0.02235245704650879,0.5989873424142398,0.1271091327107108,0.9777820443079155,0.4317330883197427,4,12.037542079446714,3.4695161160378998,0.19531455636024475,71.68138885498047,6.559483767345432,4.4609375
01755,0.07254648208618164,0.8619343433222901,0.2485469879938641,0.889020711050933,0.8364496907942517,4,21.56820511957103,4.644158171248157,0.27836719155311584,72.9594955444336,4.018096919370727,4.85546875
01758,0.12024068832397461,0.8873337840531256,0.27697017908189886,0.8474558123118776,0.9311500823563608,4,9.531348432483162,3.0872882004249558,0.40421026945114136,75.2946548461914,3.4877620602268227,4.9609375
01768,0.2680082321166992,0.9840220409594478,0.3602672926085411,0.975423179979148,0.9927738571534415,4,29.91764391423122,5.469702360661978,0.3751610815525055,76.2372817993164,4.652513939452712,4.74609375
01771,0.025748729705810547,0.6919752022410524,0.19694445143590647,0.7973666179003315,0.6111913781661321,4,4.843924666479507,2.2008917889072843,0.3912266194820404,73.04975128173828,4.6707163180840165,4.9375
01776,0.004162788391113281,0.5933631287783805,0.1349506903353057,0.9962772050400917,0.4224970291146762,4,164.01937446961907,12.807004898477203,0.21480952203273773,61.390045166015625,7.625624586208119,3.509765625
01791,0.08411335945129395,0.91379625265005,0.3103924363904345,0.8795057781103581,0.9508690635700462,4,12.83434065292806,3.5825048015219827,0.3842688798904419,72.9194107055664,3.7753146733347798,4.9296875
01792,0.03888082504272461,0.8472629549004806,0.2287275170879972,0.9443211224076822,0.7682967313585292,4,84.41885023611574,9.18797312991912,0.21561461687088013,63.153343200683594,5.26441252882015,4.15234375
01802,0.021813631057739258,0.641698184256838,0.15656083027845713,0.9387384827254545,0.4874551894109131,4,7.593697343932509,2.7556664065036083,0.31145191192626953,73.66161346435547,4.167338160572396,4.8984375
01810,0.11784958839416504,0.9152646520809584,0.277325753435901,0.9174585320161766,0.9130812393812036,4,62.027780093125685,7.875771714132253,0.27156203985214233,63.978851318359375,4.187744251867669,3.8515625
01832,0.005120277404785156,0.6579651492228389,0.16235659333243352,0.9495250512199664,0.5033937365829019,4,16.341635339356497,4.042478860718568,0.356555700302124,68.08074951171875,5.86614345775092,4.828125
01835,0.034204959869384766,0.7268331785712752,0.16831847408151998,0.9441400750003485,0.5908425856795356,4,68.56681558704979,8.280508172029649,0.2299710065126419,68.10150909423828,5.671053700769266,4.76171875
01843,0.08282804489135742,0.9154917701986084,0.2818190527895762,0.9181447643391306,0.9128540636233412,4,22.666478428646563,4.760932516707895,0.4072805643081665,76.87525177001953,4.121685187153847,4.96484375
01848,0.022998571395874023,0.7184070634374705,0.19255325548022306,0.7932264184194976,0.6564854980685201,4,10.000031580324622,3.16228265345219,0.4087773561477661,74.76771545410156,3.343348112039921,4.43359375
01851,0.009371042251586914,0.6301541290277621,0.15767823163872943,0.9587329856252386,0.4693109545886828,4,17.16352856367536,4.142888915198591,0.16805438697338104,63.873291015625,6.940928528799856,2.99609375
01853,0.03123927116394043,0.8271464433088882,0.2242087013352456,0.944042067665443,0.7360102713621465,4,17.26600578380506,4.155238354632025,0.2754335105419159,71.2237548828125,4.849073105651126,4.96875
01873,0.014729499816894531,0.8705730375794546,0.2632062471290767,0.8263191971511816,0.919835161205074,4,11.785680769725118,3.433027930227938,0.44200950860977173,74.13455200195312,6.052742749429617,4.9296875
01909,0.003367185592651367,0.425690218892321,0.09684649166821976,0.9747220845429442,0.2723075188586422,4,13.283599231059407,3.644667231868968,0.17029021680355072,52.061195373535156,7.1910260029351285,3.9375
01915,0.029252052307128906,0.8048032297649026,0.24160252455269093,0.7823574479183647,0.8285749897354684,4,19.103883012500905,4.370798898656961,0.3538326323032379,74.2523193359375,3.6719409038363136,4.9609375
01940,0.0568995475769043,0.8629908318692202,0.25729047040712066,0.8516974364561247,0.8745877498113084,4,111.99425584534401,10.582733854980196,0.27335911989212036,70.88182830810547,4.58601843918131,4.8671875
01944,0.03578543663024902,0.8984393072201029,0.279357085475105,0.9047270062293881,0.8922384018895673,4,14.105892803212761,3.755781250713726,0.2643700838088989,72.85979461669922,5.105621882712777,4.97265625
01946,0.036238670349121094,0.7472203286364335,0.2206625205068078,0.7226703334298271,0.773496966748698,4,9.307835622801152,3.0508745668744153,0.3371909260749817,73.58690643310547,4.367521752938664,4.98046875
01956,0.02256155014038086,0.8641582692182369,0.25980791967780076,0.9605199196872027,0.7853682520207852,4,32.00728279171093,5.657497926796874,0.3326835036277771,68.9668197631836,5.626810083770208,4.9609375
01958,0.011672019958496094,0.6725926406542984,0.2152481559617487,0.7329847209739357,0.6213946869070208,4,16.30019466835544,4.037349956141459,0.27453726530075073,69.3245620727539,5.598112304625286,4.9453125
01960,0.014929056167602539,0.7940418776993402,0.22492561164830657,0.9109826404969896,0.703708432061443,4,17.70769702072296,4.208051451767547,0.2375410944223404,64.94546508789062,6.40383268655531,4.94921875
01967,0.0088653564453125,0.6447784548590069,0.1946576348104645,0.6744029690189329,0.6176470588235294,4,169.9690525266008,13.037217974959258,0.2725259065628052,62.006736755371094,6.261959402960236,3.91796875
01998,0.023047685623168945,0.8181405935951953,0.2207663007700025,0.9408083253162854,0.7237713314184337,4,74.55723366885499,8.634653071713709,0.22586552798748016,66.14458465576172,6.078185899827104,4.78515625
01999,0.007347822189331055,0.7059758272475698,0.18627019271206985,0.9325416139394529,0.5679817392116571,4,140.39041459079414,11.8486461079228,0.2031475305557251,45.87830352783203,5.834636864009783,3.767578125
02042,0.021816015243530273,0.8496852930068861,0.23479658411534327,0.9721102040370261,0.75464709371293,4,8.445807831074887,2.9061672063174355,0.2792781591415405,73.12529754638672,4.916659215215048,4.83203125
02043,0.0244138240814209,0.7418056906854247,0.2112096534766902,0.929940722077364,0.6169844194336525,4,9.486042641540982,3.079941986716792,0.25676602125167847,70.55296325683594,5.074482347645938,4.8671875
02049,0.0063779354095458984,0.6339280795182587,0.14768993749963527,0.9483383798736496,0.47608707678689977,4,29.579192210437352,5.438675593417698,0.18076404929161072,61.725040435791016,6.688016891798339,4.34765625
02051,0.03503990173339844,0.8104821456029475,0.261209911080028,0.7158020793642154,0.9340271200353603,4,4.204915255559239,2.0505890021062823,0.48649537563323975,71.40950775146484,4.366462896314756,4.95703125
02061,0.08779597282409668,0.8880100987780816,0.270625505178304,0.8310436315150593,0.9533612040133779,4,20.032391154961616,4.475755931120643,0.414772629737854,71.98763275146484,4.0473598462313065,4.95703125
02087,0.03927135467529297,0.8231049589589554,0.21566950709102406,0.9640957769737002,0.7180903456228579,4,17.095632353043325,4.134686487878292,0.330234557390213,74.26525115966797,4.536241537248976,4.8671875
02104,0.1183934211730957,0.8015452679237223,0.26669056068281316,0.6807470326917423,0.9744633173292805,4,93.4087839185749,9.66482198069757,0.33785006403923035,74.35098266601562,4.790504730176219,4.34375
02108,0.15106678009033203,0.9096463729139775,0.2967607569169376,0.8613632776743159,0.963663852870634,4,25.16984246449403,5.016955497559653,0.314770370721817,64.97183227539062,3.7520204746315042,4.30078125
02110,0.055014610290527344,0.8904611451683773,0.2696594447626383,0.8725016034808536,0.9091755827283149,4,11.951147192855714,3.4570431285790626,0.3332952857017517,74.97099304199219,4.994781114079976,4.98828125
02111,0.0024580955505371094,0.3798756136422695,0.09204961758467768,0.924733268671193,0.23903496696035242,4,5.867974974978391,2.4223903432309153,0.31304869055747986,66.09081268310547,7.777822647428121,4.9140625
02130,0.015652894973754883,0.8231553626433151,0.268203445538178,0.7579090064429653,0.9006936678781101,4,24.325378904201187,4.932076530651282,0.23922812938690186,59.752357482910156,5.245508387532339,3.5
02147,0.11480903625488281,0.9324542519428741,0.28465575059414966,0.9511342681042646,0.9144938436681709,4,38.40688001588721,6.197328457963739,0.31709277629852295,75.56262969970703,3.750738888244203,4.86328125
02157,0.03421926498413086,0.8178426410448553,0.2609260401831483,0.9078982205314716,0.7440403337969402,4,14.672085489563175,3.830415837681749,0.3038446307182312,71.11307525634766,4.5331119662473585,4.83203125
02176,0.0017879009246826172,0.48105778034148255,0.13066466219056963,0.9631950926790239,0.3205854180752761,4,24.878890130864495,4.987874309850289,0.2806755602359772,50.93445587158203,6.539170144363969,3.396484375
02185,0.010251998901367188,0.47491033525837967,0.12103351032748151,0.7592558139534884,0.34551359383275465,4,8.126558161019666,2.8507118691687636,0.25853803753852844,60.443382263183594,5.422110358479238,4.91796875
02186,0.023007631301879883,0.8827480834682376,0.2563255947868488,0.9385394970000311,0.8332175269427113,4,23.18925980741456,4.815522796894909,0.30900877714157104,73.30217742919922,4.571377427989423,4.65234375
02191,0.1522374153137207,0.9200310556442363,0.2857287604505334,0.9142405211971246,0.9258954087707958,4,0.774993069070761,0.8803369065708656,0.27408888936042786,73.7215576171875,3.866985337818692,4.375
02207,0.019506216049194336,0.7972696375693915,0.2302637114038122,0.8915968954348225,0.7209917023554604,4,3.2549252237145145,1.8041411318725913,0.3803553879261017,70.4811782836914,4.797571552398666,4.8203125
02208,0.005935192108154297,0.6509571019598176,0.1605126142675464,0.9507511850245038,0.49490270514883344,4,6.595259266033687,2.568123685890866,0.28524717688560486,73.15616607666016,6.358346690832137,4.9375
02215,0.0008320808410644531,0.22404335561412056,0.04494795805632547,0.9461318051575931,0.12706628149574706,4,484.36787653995634,22.00835924234145,0.2871584892272949,66.1963882446289,7.104347957017902,4.921875
02223,0.061415910720825195,0.8833249023481134,0.28215274158144726,0.8976036211601843,0.869493350460934,4,18.707783219074038,4.325249497898825,0.27267682552337646,76.45524597167969,4.304322264803252,4.98046875
02232,0.008286237716674805,0.6688221405031262,0.17782371908604225,0.8164868364264135,0.5663886384129847,4,12.099052291320469,3.4783691999729514,0.22270044684410095,64.85083770751953,4.940881038889525,4.30078125
02236,0.00910329818725586,0.5817458291679218,0.14600967045443025,0.8281912943271699,0.44833459024635497,4,18.974269866182684,4.355946494871429,0.3488958179950714,57.67717361450195,5.433450541437906,4.3046875
02237,0.09067893028259277,0.8315321898374567,0.2773099970614747,0.7336874071542193,0.9594900889739836,4,7.108034007578731,2.666089647325973,0.3667120635509491,74.95713806152344,3.544483944356312,4.96484375
02238,0.08571028709411621,0.852977510853408,0.29571720494840464,0.7539492899762167,0.9819531223179649,4,6.368233080900076,2.523535829129453,0.47769695520401,75.75676727294922,3.979813502184932,4.96875
02241,0.1055757999420166,0.8202893031864362,0.2721640079318838,0.7198504122470456,0.9533009521908943,4,8.428383399708254,2.903167821485395,0.3552253544330597,71.679443359375,3.4099239773531544,4.91796875
02245,0.1428990364074707,0.8976984203310342,0.30979217833334693,0.8233238009750368,0.9868446267055037,4,83.42548160667447,9.133755066054404,0.37937456369400024,76.07662200927734,4.323129900038058,4.9765625
02252,0.03382277488708496,0.832292711923502,0.24652024639173648,0.8944333617645193,0.7782255834531578,4,9.26311943268948,3.043537322374983,0.37721362709999084,70.39249420166016,4.384793539461449,4.94140625
02266,0.07648944854736328,0.8867832876613719,0.2850473903255625,0.8660775512748582,0.9085033174315951,4,6.64315939579968,2.5774327141168363,0.38578641414642334,75.37260437011719,3.1470925116795985,4.9453125
02269,0.02074289321899414,0.8031264183384197,0.2285623752018147,0.8865083561297441,0.7340812516095803,4,7.576782228520454,2.7525955439403833,0.34152042865753174,64.94176483154297,5.054399108109885,4.98046875
02271,0.06444621086120605,0.8717045936631327,0.23731151910145074,0.9131469033358367,0.8338606171951283,4,23.800022653767087,4.878526688844398,0.24423784017562866,54.20588684082031,4.502019857718674,4.80078125
02279,0.013433456420898438,0.686566585800823,0.18615285299286302,0.8094029532869516,0.5961012476007678,4,11.859840800795366,3.4438119578158397,0.2516014575958252,64.1127700805664,4.432198013906876,4.97265625
02298,0.058344364166259766,0.8343060329189127,0.2555019533150746,0.8034930572014678,0.8675765314723037,4,23.99108183428839,4.898069194518222,0.24405379593372345,72.04857635498047,4.556452621358493,4.41015625
02303,0.13148927688598633,0.9414637787149813,0.29371459209701517,0.9254350813953067,0.9580575020610058,4,35.08626153931851,5.923365727297151,0.31347179412841797,73.41146087646484,3.4367354821778973,4.77734375
02304,0.06772589683532715,0.7801226763299153,0.2592311208794069,0.694976114453484,0.8890461672473867,4,81.84823717704145,9.047001557258707,0.3648620545864105,77.78592681884766,4.276083514335496,4.91796875
02309,0.021569252014160156,0.7349523137533815,0.20387801922241447,0.9603064066852368,0.5952626537979813,4,2.7267906882181143,1.6512996966686921,0.3368671238422394,74.16447448730469,4.443356525617764,4.82421875
02313,0.014894723892211914,0.8319853205377786,0.2634786164696854,0.8848782674115218,0.7850589970501475,4,79.95459189090613,8.941733159231834,0.33700981736183167,75.3036117553711,4.815783876312578,4.96875
02315,0.015242815017700195,0.8739612184629203,0.26983142212671896,0.9414543350069604,0.8154979493580599,4,113.77055278622673,10.666327989811055,0.35894086956977844,70.81139373779297,5.895353129201285,4.80859375
02318,0.04090380668640137,0.432407264852827,0.14079876267901395,0.360712974242698,0.5396706836693818,4,59.22147330159151,7.695548927892767,0.19714093208312988,64.46770477294922,4.879277205934984,4.85546875
02325,0.2579352855682373,0.7206602516216964,0.2425568725466925,0.5650320420683287,0.9946075275111215,4,155.89960801790576,12.485976454322897,0.33041873574256897,60.72894287109375,8.350435691426265,2.9609375
02331,0.08998703956604004,0.9046275111667703,0.2805291098422814,0.9019481603357417,0.9073228281267248,4,24.617369634881722,4.961589426270751,0.29639723896980286,72.08330535888672,3.4962603208509537,4.9765625
02338,0.033412933349609375,0.8532273723500208,0.25392657204252433,0.9019508505537162,0.8094981960990643,4,14.472838998418007,3.8043184670079877,0.3539178967475891,70.97422790527344,4.1348850378607285,4.921875
02343,0.0529170036315918,0.9409779092173964,0.3092679701692612,0.9341518359990989,0.947904476301931,4,27.52827851239253,5.246739798426498,0.37229272723197937,68.78893280029297,5.447485203839951,4.2421875
02344,0.012224435806274414,0.9348654541451574,0.2936678513398982,0.8983480584323134,0.9744774721482796,4,52.77793958879895,7.264842709157505,0.39780089259147644,74.12618255615234,11.771238693088762,4.55078125
02350,0.14049482345581055,0.9148292558873067,0.2923932492023869,0.9442690886135237,0.88716963433499,4,47.71052264383501,6.907280408658317,0.2679222822189331,74.9174575805664,2.873507015633478,4.41015625
02353,0.021476030349731445,0.6861851925607327,0.18435720308559736,0.8746294836639764,0.5645495307215868,4,22.763073373198495,4.7710662721448855,0.22839295864105225,62.657676696777344,4.9890402419872055,4.87890625
02356,0.05521416664123535,0.9127858409383388,0.22922315452808967,0.8861109311915711,0.9411166059023501,4,20.806625128153183,4.561427970291012,0.4040130078792572,72.20315551757812,4.431404016657634,4.9453125
02364,0.018868684768676758,0.8431557705454928,0.23896424885719925,0.8339672230575808,0.8525490503026508,4,10.604656922425953,3.2564792218630774,0.3713740408420563,72.07733154296875,4.9426199246434175,4.97265625
02372,0.00863194465637207,0.6147895981367439,0.15367615175519986,0.8501035768540257,0.481505788906839,4,68.97985785413147,8.30541135971792,0.27466389536857605,71.94506072998047,4.523380820664536,4.87109375
02374,0.16623473167419434,0.8937321929115054,0.2985154146047425,0.8367919752050588,0.9589872944693573,4,34.58889038342449,5.881232046384881,0.244597926735878,69.21961212158203,4.25536705637029,4.16015625
02380,0.1638469696044922,0.9079960842909627,0.2987392117993029,0.8555449169412012,0.9672985687073861,4,11.491815975817934,3.3899581082688814,0.2906877100467682,76.24861907958984,3.926966046711319,4.890625
02385,0.040418148040771484,0.753481808512513,0.2311797966988647,0.6664051531918408,0.8667347832433221,4,13.755906078760281,3.708895533546379,0.4402936100959778,72.08213806152344,4.192873197246417,4.94140625
02393,0.026914358139038086,0.7092863273905986,0.22012344939174208,0.8095263404997918,0.6311356346618993,4,9.719021437149866,3.1175345125836005,0.2847350835800171,70.48332977294922,4.566248452102078,4.828125
02396,0.015693187713623047,0.8460878846853199,0.26044294086387687,0.937969068092735,0.7706016127750854,4,13.988225092818936,3.740083567625052,0.36028462648391724,74.26046752929688,5.3595713462763985,4.8984375
02437,0.11253666877746582,0.9019027306134024,0.2981995557716921,0.8474618283818454,0.9638183708702818,4,7.114146172617035,2.6672356799909966,0.28367456793785095,68.2131118774414,4.414192484282352,3.580078125
02439,0.08413529396057129,0.832483314995074,0.2664344215076196,0.7692475537633647,0.9070468232725224,4,72.37919611612197,8.50759637712803,0.25745558738708496,73.11270141601562,3.300153342046923,4.4296875
02447,0.05713939666748047,0.8080231740585385,0.26475209060850813,0.7054911124092464,0.9454260072894304,4,24.246536338926024,4.924077206840488,0.3855642080307007,72.25643157958984,4.30059354072347,4.45703125
02456,0.01757192611694336,0.769609156184028,0.21542144479615014,0.8319991316382188,0.7159234661606578,4,5.960011503148706,2.4413134790822557,0.278031587600708,75.72932434082031,4.754275896937139,4.9375
02459,0.03154349327087402,0.7086762317174509,0.21127909767218622,0.687127276025487,0.731620537820412,4,38.527964135538525,6.207089828215677,0.19821923971176147,72.57493591308594,4.557784257810752,4.04296875
02482,0.07558441162109375,0.6544475907365166,0.21572353796756222,0.5040470122135864,0.9327744360902256,4,15.275673158395394,3.9084105667643714,0.35190868377685547,75.58383178710938,4.8073517520437425,4.7578125
02492,0.018320798873901367,0.7714349907163914,0.24971022976163249,0.7090561274286532,0.8458480565371025,4,12.176657597104505,3.4895067842181513,0.4086124300956726,72.54989624023438,4.464076195301718,4.90625
02493,0.06439423561096191,0.8128555374950829,0.2396353075254586,0.7794689898514934,0.8492301237266305,4,28.51644066338942,5.340078713220379,0.33178436756134033,75.34090423583984,3.75967256967594,4.984375
02498,0.018101930618286133,0.5919892388180679,0.1622423888233413,0.9013631873559433,0.4407210214028396,4,17.608527739728345,4.196251629696239,0.22437721490859985,70.96248626708984,4.998899420118757,4.0546875
02512,0.0028259754180908203,0.36731674671643383,0.08057815687913276,0.9808487302792542,0.22596997160040094,4,47.28296009121971,6.8762606183317185,0.27214542031288147,59.74003601074219,7.95883143752748,4.15234375
02519,0.04346179962158203,0.8397650610791174,0.21092074557646295,0.9288833300419108,0.7662500404229862,4,42.71532220847194,6.535696000310291,0.28219783306121826,70.97760009765625,5.497114070184545,3.61328125
02521,0.03136444091796875,0.7680996267178729,0.24258012933155268,0.9106284967161274,0.6641489966389877,4,3.4286707564555767,1.8516670209450663,0.3318820297718048,76.0240707397461,4.1899507912220235,4.9296875
02529,0.08277559280395508,0.8729532061813526,0.2640512972739673,0.8550229559947694,0.8916515764806136,4,6.324779076711688,2.514911345696243,0.2702033221721649,70.91619110107422,3.595724012883031,4.77734375
02551,0.02015852928161621,0.77743354748772,0.24256993486020334,0.7797069224491727,0.7751733908483465,4,5.046310070815367,2.2463993569299663,0.34365254640579224,71.68794250488281,4.309410566007143,4.97265625
02559,0.06608223915100098,0.44772338956685104,0.16548309883822757,0.29667819994299505,0.9120855841542209,4,230.12803533911514,15.16997150093286,0.3404507040977478,65.82821655273438,5.401167746999016,4.12109375
02578,0.1485748291015625,0.8973776456743021,0.2803662651609331,0.8644105602341584,0.9329590488771466,4,14.527892917582898,3.8115473127829462,0.2977610230445862,73.03299713134766,4.125926172894758,4.8046875
02597,0.004845380783081055,0.7994735942490817,0.24343386440917392,0.8567632731388083,0.7493653533712429,4,8.61163912883759,2.934559443738973,0.3213558793067932,68.66529846191406,6.23746668257461,4.546875
02607,0.08022356033325195,0.42146669350603333,0.14811549700361548,0.29908286327351835,0.7133794865700024,4,18.64493281652303,4.31797786197695,0.392711877822876,74.70767974853516,3.900708392721199,4.9296875
02625,0.03300952911376953,0.7980588206864572,0.2608486200732749,0.6917126513159796,0.9430457666937743,4,12.667207999179944,3.559102133850607,0.3395586907863617,74.3275375366211,4.152489089190634,4.01953125
02627,0.026612043380737305,0.8042296260460692,0.24108645655330138,0.7831910337845708,0.8264297244321457,4,39.16310060476419,6.258042873356189,0.27579909563064575,71.66435241699219,4.792270461640457,4.49609375
02647,0.012399435043334961,0.6392171206006751,0.16892144010513838,0.8728055838637107,0.5042618166741085,4,63.277453565546594,7.954712663921092,0.22338682413101196,73.25507354736328,5.042104707573256,4.78125
02660,0.023669958114624023,0.8046342681371051,0.23755071698749683,0.8076934699181095,0.8015981528431728,4,256.5938348889517,16.018546591028528,0.2674458920955658,74.54579162597656,4.854522938715992,4.9296875
02672,0.03169965744018555,0.7287513691167088,0.18174819678815043,0.9293611516418718,0.5993722415188948,4,32.617734040238865,5.711193749142018,0.2740735113620758,66.5423355102539,4.12078163197397,4.00390625
02679,0.06975746154785156,0.8408660302191903,0.26443855387082493,0.7611489350066989,0.9392344854005278,4,174.53120867860335,13.211026026717356,0.308613657951355,71.21147918701172,4.437043424814394,4.9296875
02680,0.23317861557006836,0.9568836614669185,0.3325692840918176,0.9275098106177571,0.9881788764577208,4,7.374579430164394,2.7156176885129457,0.2964029908180237,75.93765258789062,4.607155378482676,4.1953125
02720,0.020912647247314453,0.6843737807095631,0.17835069545481,0.919784754999202,0.5449090178037104,4,29.984513428742396,5.475811668487366,0.2319592535495758,63.964168548583984,5.444708383600121,4.96875
02730,0.14678144454956055,0.8609767255300543,0.2730488724257667,0.7807457532413108,0.9595856366986714,4,68.19119123762856,8.257795785657851,0.33134332299232483,70.91493225097656,4.735455960600828,4.2265625
02744,0.009949684143066406,0.5946938071137697,0.14730404725276813,0.7319083676794785,0.500805305542397,4,16.414200511831492,4.0514442501201335,0.19498823583126068,64.55916595458984,4.750361857156837,3.763671875
02756,0.0026979446411132812,0.76090622700754,0.20679034453119405,0.9741958289148109,0.6242364355012576,4,26.147367311111232,5.113449648829177,0.3261842429637909,53.594181060791016,8.862447546408948,4.95703125
02759,0.008142471313476562,0.5425418425541356,0.12397672411782541,0.9524185992035605,0.37930610236220474,4,21.232823565132232,4.607908806078115,0.23261357843875885,63.36066818237305,5.725788019490947,4.0546875
02762,0.0171358585357666,0.7953740135535415,0.2610346823623606,0.6997620803361485,0.9212487607987537,4,25.723276812257133,5.071811985105238,0.3429543673992157,67.74169158935547,5.984810518779273,4.671875
02765,0.010662317276000977,0.6688295036357622,0.18877563797550775,0.577223228460902,0.7949968030690537,4,51.421219673289734,7.170859061039321,0.2916187047958374,68.9405746459961,4.873248339085324,4.09765625
02771,0.011448144912719727,0.641192853220392,0.15427499927063634,0.9719266093258637,0.47839975199377555,4,21.61705833631097,4.649414838053383,0.17772173881530762,57.20620346069336,5.5364799623731535,4.4921875
02794,0.10843491554260254,0.898240128567033,0.25886911161492676,0.9230600098063143,0.874720045984842,4,12.305336052548789,3.5078962431276084,0.20434795320034027,64.5667953491211,5.069491088258978,4.63671875
02821,0.008538484573364258,0.6826998123272674,0.17766686318392297,0.8257615949515539,0.581888607303306,4,17.702669661345976,4.207454059326849,0.20880505442619324,56.739051818847656,6.838028087457279,4.62890625
02825,0.008046627044677734,0.5525806302755292,0.12658006187292054,0.9324740740740741,0.3926240969470986,4,6.235347207113273,2.4970677217715327,0.15775223076343536,58.496849060058594,6.466357495779355,4.80078125
02830,0.0279390811920166,0.7662246488784321,0.19196066950623852,0.9972095404701967,0.6221217993328694,4,39.71958092416756,6.302347255123884,0.20551824569702148,61.90583419799805,7.425468869651744,3.845703125
02851,0.08940744400024414,0.88076880680803,0.2812991478000073,0.8761606604764774,0.885425682303387,4,33.8334495188996,5.8166527762021,0.358906626701355,68.95211029052734,3.3372851435890407,4.6875
02852,0.06270027160644531,0.8141182669636455,0.27355218539096243,0.705396526024397,0.9624609781477628,4,9.719917309946265,3.1176781921722236,0.45850759744644165,75.24369812011719,4.544064508015676,4.91015625
02859,0.030290842056274414,0.5759020183669291,0.18329938900203666,0.46493872442915724,0.7564342797577683,4,10.9829388277228,3.314051723754896,0.3059341013431549,73.90040588378906,4.688420968426017,4.9921875
02870,0.018959522247314453,0.7592548760237103,0.2006327077096831,0.8741354593697341,0.6710625320184426,4,19.50275324452647,4.416192165715445,0.2743934094905853,66.97882080078125,4.816076581997708,4.9609375
02881,0.09976744651794434,0.8757002308898348,0.2740836604005614,0.8266432471830901,0.9309471069942274,4,24.693326138933376,4.9692379837288305,0.349300742149353,70.88933563232422,3.741357270680214,4.9453125
02903,0.03726077079772949,0.9090586550306323,0.25851254864497275,0.929474095071121,0.8895207700671091,4,22.99005811105491,4.794794897704688,0.3670726716518402,76.5064468383789,5.802995408265105,4.74609375
02907,0.05215311050415039,0.8288825293025246,0.21399466889667068,0.9402823365912977,0.7410828508857521,4,19.446719278963403,4.409843452886213,0.19980543851852417,61.411109924316406,5.630715416378386,4.66015625
02910,0.1216435432434082,0.8991505132448208,0.311654600576074,0.8632288665451481,0.9381915928967577,4,12.360219051881636,3.5157103196767556,0.337850421667099,76.02884674072266,4.285359738365321,4.5625
02915,0.034897565841674805,0.6768097379959432,0.22111990995698838,0.6163037760212063,0.7504894525186963,4,12.638693033872896,3.5550939557025627,0.3329406678676605,72.70624542236328,5.020181281689372,4.953125
02949,0.027537822723388672,0.8292331917773822,0.2224369917838885,0.8467472424719918,0.8124289772727272,4,884.3005707744899,29.737191709616592,0.3413102328777313,74.55500793457031,5.823025742383184,4.27734375
02960,0.04516339302062988,0.873016238870444,0.2680464990817449,0.8631254982077717,0.8831362874697449,4,12.342699140786742,3.5132177758839176,0.2475011646747589,71.7607421875,5.030212932379529,4.5625
02962,0.0006897449493408203,0.23409448320520737,0.04950460548476647,0.9834082267542343,0.13286057692307693,4,5.4089750139322526,2.3257203215202495,0.24635854363441467,50.893733978271484,9.748156481542829,4.62109375
02969,0.0054285526275634766,0.6265121003176655,0.16006595304091556,0.9189248539681145,0.47527422303473493,4,1852.866777388385,43.0449390450072,0.21681198477745056,60.813114166259766,6.770951958821641,4.4296875
02974,0.00026416778564453125,0.5103453567081783,0.15646059185467331,0.9747292418772563,0.34566326530612246,4,194.96353289903175,13.962934251045937,0.2806713581085205,51.599552154541016,10.474357623647146,3.3984375
02976,0.07273459434509277,0.8277718962875291,0.21818530361645308,0.8978532866119691,0.7678387140743048,4,9.201752826335294,3.0334391087238415,0.27270999550819397,74.33236694335938,5.22507962074618,4.9296875
02982,0.014102697372436523,0.7957350959549702,0.2426699460432713,0.7840273199100607,0.807797833935018,4,165.25234149510933,12.855051205464306,0.3613462746143341,69.4306869506836,4.526643707225423,4.22265625
02994,0.033364057540893555,0.6889961889029906,0.21214695089267308,0.6031985365051915,0.8032485169037238,4,10.322134890680234,3.212807944879406,0.23944291472434998,63.89787292480469,3.4988011354636304,4.97265625
03013,0.0019664764404296875,0.44921899230227064,0.10534440932147321,0.9619301648884578,0.29303213490295893,4,49.49045003881011,7.034944920808557,0.23568028211593628,60.43348693847656,6.619547149253665,4.1875
03045,0.013346433639526367,0.6592112070557995,0.15523204601802784,0.9524107254506154,0.5040419561731694,4,10.143031558152629,3.18481264098104,0.27619099617004395,68.9806137084961,5.121787996819867,4.97265625
03046,0.05056405067443848,0.8547442201688028,0.2600803314681527,0.858563473389884,0.8509587957680739,4,15.107454785394108,3.886830943763069,0.323294997215271,75.10321807861328,6.097152563258015,4.984375
03063,0.01770162582397461,0.7197593366775792,0.19077438932035284,0.8699458556689923,0.6137945109625252,4,27.15240412764445,5.210796880290427,0.250723659992218,61.420623779296875,5.073133333464234,4.3515625
03079,0.030496597290039062,0.8435911105399977,0.22798872031138295,0.9152386015385577,0.7823467714456086,4,4.86820770188236,2.206401527800949,0.23592422902584076,70.39507293701172,4.602298262063297,4.04296875
03088,0.011142253875732422,0.6720544878424621,0.1835285642045179,0.8921983994522189,0.5390480362338006,4,12.267103444567963,3.502442496968075,0.2525967061519623,60.78225326538086,4.773955415925229,4.48046875
03108,0.05606842041015625,0.7964209910804071,0.19026330501762614,0.8909205334059056,0.7200460307878056,4,22.378036753358476,4.730542966019701,0.2738626301288605,74.18577575683594,4.6225661131297375,4.89453125
03114,0.010732412338256836,0.553496886292418,0.19075265761285126,0.5069199155836943,0.6094990658570761,4,4.808442295507395,2.192816065133461,0.36299341917037964,73.05735778808594,5.249728082532053,4.84765625
03119,0.000804901123046875,0.27224554895030884,0.05417211736124089,0.9606042654028436,0.15859678988326847,4,57.66028418810148,7.593436915396182,0.16512300074100494,46.08647537231445,7.197121292044357,3.662109375
03125,0.010674476623535156,0.5664458354998113,0.12083328978038863,0.9219378182792817,0.40881137837965814,4,33.5256942454351,5.790137670680646,0.14411164820194244,53.64069366455078,6.147536772923899,4.81640625
03141,0.022290468215942383,0.7860605140464717,0.22026919037592657,0.9830575551110778,0.6548364199522488,4,51.514057146921914,7.177329388214109,0.24020962417125702,66.23944091796875,6.326908460310825,4.2421875
03165,0.013221502304077148,0.7423579106729514,0.22948327411753444,0.7394463979803444,0.7452924417081478,4,589.17927695872,24.27301540721136,0.3750113248825073,72.67809295654297,5.03090484987608,4.96875
03178,0.04572868347167969,0.8382730491729161,0.23283672176604875,0.9113086548488009,0.7760755210078403,4,46.45609454338675,6.815870783941458,0.2545957565307617,56.64857864379883,4.5911128416330405,4.703125
03192,0.03430652618408203,0.9119880732534486,0.305287094940307,0.9149917994051094,0.9090040037788475,4,13.339213877296762,3.6522888545810233,0.37048059701919556,73.6522445678711,4.421702112441545,4.96484375
03194,0.10879135131835938,0.8705255645539901,0.2891378268097325,0.8540117991514429,0.8876905659876232,4,1.328946837338338,1.1527995651189056,0.3509393632411957,75.65718078613281,3.7660755530401837,4.89453125
03196,0.1028285026550293,0.8781178694348994,0.27618313842690967,0.9367276150375382,0.8264105117369943,4,11.145067208284093,3.338422862413342,0.3075117766857147,61.26961898803711,3.44728342907114,4.9140625
03235,0.045316457748413086,0.5592361983489116,0.1588876753067025,0.5954248675494946,0.5271944313355357,4,26.691300524543962,5.166362407394971,0.21226006746292114,65.61970520019531,4.575732413936117,4.796875
03239,0.05127429962158203,0.8317068787284911,0.2592438970543963,0.7770343160048359,0.8946553201270478,4,7.466329472204255,2.7324585032904443,0.33332809805870056,72.89662170410156,4.776587011897135,4.5546875
03242,0.00460505485534668,0.5074951271626121,0.10824289322469785,0.9621537665027181,0.3446386734529003,4,56.908811849225714,7.543792935203466,0.2039807140827179,48.84586715698242,7.356845513444445,3.251953125
03247,0.06172657012939453,0.8362868238360495,0.2765976719960143,0.7547856315179606,0.9375194816760921,4,3.690523793209687,1.9210736043186079,0.4093666672706604,74.38056945800781,3.4855952231158027,4.953125
03254,0.0070226192474365234,0.7396893565330263,0.20732638967679473,0.8580886097436768,0.6500019464341327,4,43.355718365295736,6.584505931753402,0.3335091769695282,66.35340881347656,4.911853027325455,4.203125
03256,0.005242347717285156,0.7523427871318656,0.2047739831506477,0.9755775877751501,0.6122465604634323,4,489.952479718916,22.13487022141571,0.3252342939376831,69.28504180908203,7.632758231818799,3.888671875
03259,0.02255392074584961,0.7154781089295729,0.18172453327401222,0.9632867502484196,0.5690803443094211,4,82.0668125327141,9.059073491958992,0.2339537888765335,67.87324523925781,5.503668755392595,4.9375
03260,0.019752979278564453,0.6655977347808439,0.2532443784424767,0.5051659625829813,0.9753524012456974,4,27.042706068580433,5.200260192392341,0.416622519493103,58.28677749633789,7.132399234457434,4.671875
03261,0.12234783172607422,0.8587319979251117,0.2805032546262541,0.799492949622343,0.9274522926963207,4,30.440375569411835,5.517279725499862,0.3232214152812958,76.578369140625,3.297944947208688,4.96484375
03265,0.16565775871276855,0.8879186540411685,0.28134623301522127,0.8603924187450257,0.9172643740147681,4,38.66486894046041,6.21810814801901,0.27237576246261597,75.43275451660156,3.7737902244638377,4.7265625
03268,0.11494183540344238,0.9479642657216084,0.3253899938467685,0.9612757492724554,0.9350164142569546,4,22.003979569066463,4.6908399641286485,0.3479946553707123,76.19587707519531,4.075025336498106,4.94921875
03273,0.14336347579956055,0.9398797278434963,0.309314741243474,0.9219171475611582,0.9585561809289128,4,21.964357105022305,4.686614674263535,0.2988007664680481,75.45018005371094,4.830930530845758,4.76953125
03279,0.26842164993286133,0.772221588726273,0.2707560778508689,0.6306186836163511,0.995831593062364,4,104.0892119839053,10.202412066952858,0.3624870181083679,60.28868103027344,5.9201867115957825,3.1640625
03284,0.07373547554016113,0.3418364846044875,0.12290201685009626,0.211411425005416,0.8923494463108125,4,36.96854850942965,6.080176684063519,0.27344149351119995,70.7910385131836,5.378303699844065,4.0
03288,0.003246307373046875,0.7415138133347516,0.21899192884203592,0.9904524089306698,0.5925766283524905,4,2.962765997748219,1.7212687174721497,0.2943273186683655,68.91769409179688,9.586270024251316,4.76171875
03294,0.04271245002746582,0.7766915378509099,0.22225518407546946,0.7633645736230735,0.7904920995978716,4,42.136324311112936,6.491249826582932,0.3070167005062103,66.49195098876953,3.5731411191478775,4.90625
03297,0.0855557918548584,0.9478507305367021,0.3093668814782151,0.931098769113299,0.9652165251559366,4,23.072450972726816,4.803379120236796,0.3874512314796448,69.44349670410156,3.5878545006224454,4.37890625
03305,0.018363237380981445,0.6913620090243139,0.19397630185474216,0.9622570467794498,0.539485740163451,4,11.844742369696585,3.4416191494261223,0.28798869252204895,68.14679718017578,5.040130072081685,4.94921875
03316,0.10946989059448242,0.8824346495904434,0.28341551993856545,0.8995949036262659,0.865916822959829,4,134.56635192159226,11.600273786492812,0.3204137980937958,71.07899475097656,3.285221814687986,4.9921875
03331,0.021442651748657227,0.6709283093841295,0.15234699367066148,0.9912716679453395,0.5070635902108825,4,2.3900183352318396,1.545968413400429,0.24216635525226593,68.0777816772461,7.685561130079272,3.8984375
03341,0.030753135681152344,0.7051152050233236,0.1737675432620248,0.9244968524203802,0.5698828920570265,4,34.15904540905803,5.844574014336548,0.18169760704040527,68.1894302368164,4.418077723630659,4.6953125
03353,0.024427175521850586,0.6962043482644016,0.17846748485261787,0.8588843882680202,0.5853365967140018,4,1.8116906890365,1.345990597677599,0.29111799597740173,55.75355911254883,4.3993122025977565,4.953125
03373,0.11480188369750977,0.8475038911466072,0.27478443375012,0.7695207200621373,0.9430750442036542,4,8.960787803443889,2.993457499855959,0.37701061367988586,74.23189544677734,3.426185354179872,4.921875
03391,0.03883647918701172,0.7734930257458814,0.23427395938936407,0.6928394273506372,0.8753983507457783,4,7.939052274441316,2.8176323880948906,0.3438040316104889,71.59264373779297,3.743840199058364,4.82421875
03399,0.10169005393981934,0.8313545658909803,0.2633074409177746,0.7302863412884303,0.964890978403037,4,116.21899509216624,10.780491412369209,0.33533212542533875,76.66448211669922,5.54040106539497,4.55859375
03412,0.013558626174926758,0.6580321667855982,0.15838179997577898,0.8650055390458774,0.5309819653507526,4,29.865121937882957,5.464899078471894,0.18808898329734802,55.605167388916016,4.969064520064757,3.373046875
03449,0.04890727996826172,0.8565911413352703,0.24851594860565127,0.9019363141781876,0.8155872012269229,4,15.888479093496569,3.9860355108173042,0.23207350075244904,67.47278594970703,3.98526882665482,3.96484375
03463,0.05817556381225586,0.8586016992729348,0.2411504256371871,0.8599706564592674,0.8572370935497148,4,2.431672663816805,1.5593821416884333,0.333712100982666,73.7784194946289,4.487233862188487,4.91796875
03469,0.003384113311767578,0.6781607620827519,0.23675030471146977,0.603776243483162,0.7734487302347868,4,12.1588303671689,3.4869514431905846,0.3271593451499939,66.43827819824219,8.307929577730809,4.7421875
03477,0.10011863708496094,0.8647519317303348,0.29394604849398376,0.7908665295002952,0.9538652178057383,4,1.4264529889531863,1.1943420736762087,0.37805649638175964,73.77477264404297,3.173297103357971,4.85546875
03478,0.045607566833496094,0.8437409624754258,0.281550971960476,0.7382535600025093,0.9843996267109083,4,42.51991766496593,6.520729841433851,0.3936794102191925,74.88390350341797,4.699930024343518,4.98828125
03485,0.020945072174072266,0.7593076203589476,0.19256735224180618,0.8887877063175867,0.6627561859535116,4,69.56700553755368,8.34068375719603,0.2379886955022812,63.640323638916016,4.960575544779032,4.8046875
03493,0.004296779632568359,0.7439615489610499,0.22039705007302693,0.9437909222061924,0.613966155700999,4,55.18236889448608,7.42848362012639,0.342160165309906,72.04055786132812,7.0532308422593,4.9375
03502,0.049242496490478516,0.817684796449008,0.24413125565069405,0.7537208649255827,0.8935119926612073,4,2.502515348229338,1.5819340530595256,0.25127288699150085,73.54084014892578,4.421360542042979,4.125
03512,0.10161662101745605,0.8900896439733836,0.28495809522207993,0.8485843866066338,0.9358638418359744,4,5.790904976944658,2.406429923547465,0.33109867572784424,72.03282928466797,3.7513959935494148,4.90625
03513,0.041500091552734375,0.5690841067035474,0.1883824712853903,0.47790467873885467,0.7032588553375053,4,36.381799223943645,6.031732688369375,0.23281395435333252,73.08955383300781,4.198858410654081,4.171875
03516,0.08213663101196289,0.8811152583590565,0.27276371322766857,0.8388881470859724,0.9278188755645538,4,40.86680106482704,6.392714686643464,0.2896564304828644,74.39457702636719,4.5230576741446145,4.8828125
03529,0.010041236877441406,0.8969674722862075,0.2759288167343116,0.9680406496343432,0.8356168034971745,4,164.76598562818901,12.836120349552235,0.4206106662750244,60.557010650634766,6.063173928392815,4.8671875
03532,0.027385234832763672,0.7944081389168232,0.23799709850753703,0.7834183629050513,0.8057106303791579,4,18.789747587553776,4.334714245201612,0.25720876455307007,69.52235412597656,4.144591385738373,4.90625
03539,0.12926459312438965,0.7855200456536408,0.253110905628984,0.6715377876147001,0.9461055726352864,4,48.19679505069032,6.942391162322267,0.3164594769477844,74.47654724121094,4.636179990712131,4.21875
03550,0.0036814212799072266,0.3853685193127047,0.07509055729751875,0.9624376659542776,0.24091688014955343,4,106.78706266375684,10.3337825922436,0.233498677611351,59.28298568725586,5.339825746276281,4.0625
03565,0.03253602981567383,0.9301480735141582,0.2856829396486179,0.9332800844166312,0.9270370138410472,4,8.4759610024607,2.911350374389984,0.3900960683822632,69.87728881835938,5.492312205911207,4.43359375
03567,0.19264578819274902,0.8622674592486811,0.27844256680898816,0.7867056923448204,0.9538866806659667,4,55.10043026756961,7.422966406199722,0.33169275522232056,72.61825561523438,4.1973537024121566,4.69921875
03652,0.055402517318725586,0.8706996897852677,0.28851646086554045,0.8352232383001614,0.909323584012813,4,18.91107581234394,4.348686676727118,0.41417619585990906,73.10003662109375,4.090217969479661,4.97265625
03655,0.22043323516845703,0.9456366286157752,0.32499757383945355,0.9152530273729023,0.9781067822859898,4,16.714343099486662,4.0883178814136585,0.4171217381954193,72.4351577758789,3.5365774524005014,4.6015625
03658,0.04180455207824707,0.7338189048686488,0.2053305823233309,0.6907454617003439,0.7826215487845122,4,60.625147656588204,7.786215233127595,0.27553433179855347,73.30577087402344,2.818172476715369,4.98828125
03669,0.05285286903381348,0.80490771238231,0.2353145771436626,0.7237065873935971,0.9066335584364371,4,7.080566803043132,2.660933445812415,0.31143370270729065,67.06405639648438,5.487779558822591,4.34765625
03703,0.0275115966796875,0.7814985255850735,0.2056791895133653,0.8059657515252358,0.7584730659558642,4,8.102418283131499,2.846474711486385,0.2575552761554718,68.48607635498047,5.087999580868711,4.63671875
03705,0.006646394729614258,0.640715085937948,0.16540864847075898,0.9812031423754349,0.47565698875372964,4,25.692412450829078,5.068768336670071,0.1687326431274414,49.214168548583984,6.244333075175092,4.1328125
03726,0.009455442428588867,0.5252383410678496,0.11909626326822613,0.9872916614135505,0.35779158234744707,4,71.667181695934,8.465647151631941,0.15152114629745483,55.602516174316406,7.153372719748294,3.775390625
03744,0.052536964416503906,0.8451756571507242,0.22714594599578625,0.9276625097569388,0.7761602397725869,4,32.52835010338203,5.703363052040614,0.24253708124160767,70.60816192626953,4.50912601481079,4.4609375
03749,0.015329599380493164,0.7920041430387177,0.22364244189722987,0.8401169572452836,0.7491035902655686,4,74.03410042782683,8.604307085862686,0.3157196044921875,68.23858642578125,5.4829124398000495,4.73046875
03753,0.011673450469970703,0.6797382812531713,0.16562305368970204,0.9230832073853192,0.5379285485421339,4,152.25620498258564,12.339214115274345,0.1905289888381958,70.53204345703125,5.985588621089903,4.7734375
03772,0.057679176330566406,0.9015311751722005,0.28813166858612266,0.8380524462227807,0.9754144632724746,4,39.62914783140978,6.295168610244668,0.3927890360355377,68.60304260253906,4.259946569040235,3.79296875
03782,0.020443201065063477,0.7871677936327403,0.20688361624308357,0.9043559391218147,0.6968665180302442,4,9.797349429179599,3.1300717929752984,0.2118673026561737,58.48810577392578,4.874366134427946,3.34375
03785,0.01950979232788086,0.7872755000689635,0.2250638601443661,0.818819503849444,0.7580717288256864,4,11.362729573297239,3.3708648108901134,0.30285876989364624,70.5725326538086,5.238816790588027,4.87890625
03786,0.015143394470214844,0.9017269319511418,0.2924402692506842,0.9690786573461805,0.843128818934179,4,8.999704538981575,2.999950756092769,0.3187003433704376,69.13726806640625,5.927703540165312,4.9765625
03820,0.09495282173156738,0.917329855878876,0.2863517714991631,0.9488903005817793,0.8878012555590494,4,44.444474056639265,6.666668887580908,0.2427794337272644,70.96854400634766,3.8014089102905686,4.8203125
03835,0.06476163864135742,0.8414488174783241,0.22359686125096384,0.9483746272503037,0.7561910150231125,4,125.38863547984421,11.197706706278934,0.2510547935962677,68.73793029785156,4.057486449721421,4.35546875
03846,0.12814831733703613,0.8836142040963907,0.31010806656796386,0.7996866935941491,0.98722382887812,4,10.659421172020844,3.2648768999796673,0.4188987612724304,76.75335693359375,3.556688253683715,4.80078125
03856,0.018094301223754883,0.8534249667185532,0.27543124256169316,0.9201112092024297,0.7957518300732029,4,57.71498087675107,7.597037638234463,0.2787777781486511,67.03488159179688,4.654149750324063,4.95703125
03859,0.015370607376098633,0.7834292711462019,0.23030811430777282,0.9407001814825731,0.6712126239362948,4,15.385749301271938,3.9224672466793065,0.28585752844810486,71.37094116210938,5.415964579684827,4.95703125
03860,0.16898536682128906,0.8216200669421395,0.2675538219808694,0.7127964265155705,0.9696593309479674,4,59.80107488093613,7.733115470554939,0.27049949765205383,70.74937438964844,4.937513881932505,3.560546875
03868,0.003834962844848633,0.4308737685335035,0.09182367408274615,0.9501398818775256,0.27860941963614494,4,32.11315092167363,5.666846647093393,0.2102125734090805,65.52839660644531,6.048854794325386,4.22265625
03870,0.08759021759033203,0.8352964139949293,0.25415247634947136,0.7751238499646143,0.9055976050610032,4,34.64654249668046,5.886131369301951,0.2895931005477905,74.31549072265625,2.809042444430334,4.62890625
03879,0.03400230407714844,0.685401899917336,0.1807663065011833,0.9308913445896674,0.5423708904653503,4,27.810607938968044,5.2735763897916605,0.19069182872772217,67.08670043945312,3.9782319924914336,4.3671875
03885,0.060315847396850586,0.7829248472411164,0.21569834955694994,0.8260950340536716,0.7440425693076806,4,3.3504549888184814,1.8304248110257033,0.23010402917861938,54.871734619140625,3.6588534358288443,4.75
03917,0.0336151123046875,0.8948611540930207,0.30213945195922637,0.8265291647753064,0.9755098887515451,4,32.69712273539374,5.718139796769028,0.4400424361228943,76.03919219970703,5.034553699391103,4.984375
03930,0.02778482437133789,0.9008840433313011,0.28545047673397156,0.8628430211604798,0.9424340758332651,4,16.181026353807518,4.022564648803984,0.4165835976600647,57.77458190917969,4.865221659542789,4.55859375
03937,0.03190898895263672,0.7413148849709222,0.21651975667923895,0.6943423294180938,0.795104011405612,4,2.584675869229294,1.6076927160466001,0.38328179717063904,68.49223327636719,4.252950859715964,4.921875
03944,0.0054242610931396484,0.5206416847988843,0.12451705588901235,0.8937189574084655,0.3673103319191415,4,16.180724589027584,4.022527139625982,0.23453804850578308,51.52364730834961,6.010993500369517,4.4140625
03948,0.10878944396972656,0.8892167680053441,0.26328239052488195,0.8531654890684994,0.9284492294424238,4,5.737861305298597,2.395383331598222,0.3490988612174988,73.34249877929688,3.28777138140322,4.9296875
03951,0.08318877220153809,0.8880601255880789,0.2773970129823901,0.8852226447972166,0.8909158553195783,4,23.338880213553026,4.8310330379281226,0.3338816165924072,73.7861328125,3.643080217064654,4.9765625
03964,0.18089723587036133,0.9242108670503414,0.3197521199776903,0.8794801367533984,0.9737354629491576,4,6.553436093817355,2.559967986873538,0.3728851079940796,76.73234558105469,4.307306405324002,4.94921875
03970,0.11095952987670898,0.9131925890521028,0.30979965007065535,0.9142733746169945,0.9121143557177859,4,27.786421280397544,5.27128269782579,0.3094474971294403,74.4749526977539,4.628013687568808,4.9296875
03978,0.0510408878326416,0.8657340218082077,0.27635060307775366,0.8280557359130423,0.9070046501416996,4,18.51731919476944,4.303175478035893,0.31910571455955505,70.13688659667969,3.8193585964663614,4.94921875
03997,0.01997971534729004,0.6070534170852001,0.13448446923873594,0.9074712712258803,0.45607127718543156,4,46.5298684125353,6.82128055518429,0.16978415846824646,45.170738220214844,5.380023762573232,3.837890625
04006,0.18481874465942383,0.9262166775414333,0.3167913495189045,0.8773881365246534,0.9808003300330033,4,39.272181636452636,6.266752080340552,0.3694313168525696,76.45076751708984,3.367043902580681,4.796875
04009,0.02656078338623047,0.8837235608680387,0.265231845729114,0.9517252522351083,0.8247914151431528,4,7.725205104807882,2.779425319163636,0.2388727217912674,68.08644104003906,4.773950044867389,3.333984375
04015,0.11032533645629883,0.8935225742298987,0.2859616608798847,0.8808634691769425,0.9065508387742458,4,86.47495613259777,9.299191154750922,0.2690267264842987,47.4281120300293,3.892063819495375,4.8671875
04016,0.00993967056274414,0.5258085829199985,0.12861318041546835,0.937347085632046,0.36538691424928277,4,23.12835955395814,4.809195312519355,0.33671635389328003,67.47881317138672,5.812551515372374,4.62890625
04025,0.0031065940856933594,0.5056582435234365,0.15718614148333554,0.7778971603990791,0.3745706106870229,4,37.73577851086944,6.142945426330063,0.30936452746391296,57.81745529174805,7.8200544958147304,2.890625
04037,0.08213615417480469,0.6511364989058378,0.20403238796168952,0.5145484522676079,0.8864454390904745,4,26.90714472247807,5.187209724165592,0.30332377552986145,61.42123794555664,3.1274391518860836,4.83203125
04054,0.02605891227722168,0.9251564370374484,0.2910685065201998,0.9281329197888362,0.9221989841649239,4,3.2180495733530545,1.7938922970326436,0.3829728662967682,71.54337310791016,6.389035625921984,4.9609375
04057,0.061102867126464844,0.8315092158589305,0.22152100676675215,0.9339404722885549,0.7493258338222684,4,17.020156452770085,4.125549230438304,0.1926364004611969,69.24617767333984,3.603537178693247,2.6328125
04062,0.018454313278198242,0.841672667857567,0.24109706768253128,0.8546309574564294,0.8291014675867431,4,7.263886076010712,2.69515974962723,0.3259964883327484,70.47837829589844,5.259056325607517,4.25
04068,0.01950550079345703,0.7809548910413611,0.2236938244162473,0.9196817092847015,0.6785942387904067,4,7.460930378381733,2.7314703693032683,0.27969232201576233,68.8213882446289,4.947031186364616,4.90625
04070,0.004869937896728516,0.6642528622674053,0.18266277789581442,0.9300401449133457,0.5166145332050048,4,231.88103804710173,15.22764059357528,0.34155192971229553,74.1286849975586,7.4818366831839755,4.96875
04078,0.0047032833099365234,0.6615620224891723,0.1743174029993736,0.9415521873574288,0.5099251517660044,4,13.921186620532994,3.7311106416900843,0.26499462127685547,64.68585968017578,8.207576323616747,4.8984375
04090,0.007957220077514648,0.6906406009161646,0.1668778441165305,0.9474456928838951,0.543362288735719,4,36.529621175884074,6.0439739555928,0.28271013498306274,57.97101593017578,6.864314903751509,4.12890625
04094,0.0061833858489990234,0.5092357378378284,0.11384748557590846,0.9348756506651243,0.34992035705273783,4,51.291016028053924,7.161774642367206,0.1527247279882431,54.4277458190918,6.812057299630146,4.0390625
04101,0.03336787223815918,0.7463971910072901,0.23615197002841265,0.697252688364117,0.8029947152084557,4,101.5119960036279,10.075316173879006,0.42668354511260986,74.42434692382812,4.101511984481866,4.95703125
04102,0.06058526039123535,0.895790348100494,0.24831553503425752,0.9495460680878192,0.8477949635689633,4,52.46856201331234,7.243518621037178,0.324638694524765,71.53705596923828,4.795113168084647,4.95703125
04116,0.07233977317810059,0.8303818278496995,0.24396178754003198,0.8615559547154887,0.8013849014746183,4,8.67228221625329,2.944873888004933,0.23615552484989166,74.54025268554688,4.187061880070398,4.60546875
04121,0.1788785457611084,0.9016419046004625,0.31172510669198306,0.829900129419903,0.986961007729144,4,13.054988290404347,3.6131687326229796,0.32304564118385315,76.08207702636719,3.9525029695550384,4.28515625
04130,0.0025959014892578125,0.7633452082680302,0.17849437947087543,0.8534166054371786,0.6904713940370669,4,1733.2837767066148,41.63272482923277,0.19353486597537994,61.43571090698242,8.774624895013625,4.2421875
04132,0.00376129150390625,0.5811865695770261,0.15246245713610027,0.9620309330628803,0.41635992504350156,4,23.87606054261433,4.886313594379134,0.2998764216899872,65.31047058105469,7.465811925660724,4.94921875
04140,0.015302419662475586,0.7059905803509637,0.19661171986660314,0.7420033342162254,0.6733117381125373,4,53.95623099989832,7.345490521394628,0.2642973065376282,70.56705474853516,4.417617896560839,4.09765625
04142,0.03566169738769531,0.7841519467013347,0.23707697686829465,0.769521848424881,0.7993491190663226,4,18.44659881295711,4.294950385389464,0.33922824263572693,74.340087890625,4.858670216276183,4.98046875
04163,0.0070629119873046875,0.7770787158647043,0.21787844591326777,0.8568728058331083,0.7108798470414598,4,5.142624940098596,2.2677356415813983,0.36345139145851135,69.85369110107422,6.4096840951858445,4.8203125
04175,0.022180557250976562,0.8278076553490417,0.24308614937991802,0.8278656806260212,0.8277496382054993,4,30.10017144442573,5.486362314359646,0.37420758605003357,69.0853042602539,6.825827700678637,4.28515625
04223,0.04398512840270996,0.8801676531811458,0.261564335934105,0.9011637676367441,0.8601276350181608,4,11.273740825906097,3.3576391744656093,0.3511721193790436,68.36360931396484,3.9903620643930213,4.9765625
04224,0.0352482795715332,0.8884204280424408,0.2600194515668616,0.9251836419961851,0.8544672111105678,4,4.82464683663176,2.1965078731094407,0.35999348759651184,73.5318374633789,4.41668550917443,4.15625
04230,0.036725521087646484,0.5760404355812095,0.16514079163926837,0.6031628559186695,0.5512522778790169,4,112.76862788232883,10.619257407292134,0.2191016972064972,74.55592346191406,4.331962590060544,4.76171875
04235,0.031555891036987305,0.8681261639024856,0.2820577084921764,0.8081825393827207,0.9376743092489298,4,40.639781015767944,6.374933804814599,0.36812564730644226,71.49751281738281,5.599805937518125,4.33203125
04256,0.06422901153564453,0.6459961549308605,0.25046206174409863,0.48429449583512746,0.9698057319741687,4,28.14548573501574,5.305231920945185,0.42190176248550415,76.58489227294922,5.260355236943229,4.890625
04259,0.14696717262268066,0.9275451769392202,0.3030997971533041,0.9107304213813522,0.9449925111961325,4,7.486940549712178,2.7362274301878085,0.3829995393753052,69.75699615478516,3.485875578478836,4.87890625
04260,0.01132655143737793,0.6617928061731473,0.17199610201412768,0.7889153177426484,0.5699529705601021,4,9.11383900458301,3.0189135470534776,0.21510590612888336,65.84326934814453,4.772356009853812,4.765625
04262,0.06548666954040527,0.8588563692350543,0.24052886052655764,0.9217900688460012,0.8039668555645507,4,36.64507820581616,6.053517837242752,0.3108251690864563,72.33399200439453,4.811564309642141,4.9375
04267,0.03058314323425293,0.8973016096507281,0.2854045904850464,0.8425180276749171,0.9597051221005374,4,3676.318733038392,60.632654016119005,0.27543583512306213,69.86090087890625,4.785219133842905,4.36328125
04268,0.0254974365234375,0.7432536777020117,0.24672807953715667,0.6339860113704369,0.8980292742153071,4,13.879549573924479,3.725526751202369,0.3240809142589569,71.60443115234375,5.316309736301922,4.20703125
04270,0.026752471923828125,0.8802454108670901,0.2679625984251969,0.9104698417225153,0.8519631970468147,4,15.470885840104057,3.933304697084127,0.3609698712825775,74.30149841308594,5.418790309159017,4.47265625
04272,0.01627492904663086,0.6814105446792844,0.1857268044858403,0.9941988221851104,0.518335308056872,4,14.229386695389387,3.7721859306494143,0.15943916141986847,66.15000915527344,8.079267670923587,4.10546875
04278,0.011359214782714844,0.9619849231716774,0.3263168633318598,0.9315548652506087,0.9944701646090535,4,14.7810777154985,3.8446167189329157,0.3909881114959717,73.36670684814453,7.659897294515525,4.09765625
04291,0.01691436767578125,0.7638857666251351,0.21976260830370112,0.8925349571493009,0.6676511298525719,4,2.0459718182153437,1.4303747125195354,0.29525071382522583,71.08629608154297,4.800255413797548,4.6640625
04297,0.013089418411254883,0.8384184451844637,0.24129361735368932,0.8976157082748948,0.7865461579509071,4,31.000986980582432,5.567852995597354,0.23942922055721283,70.32120513916016,6.251037006670928,4.06640625
04302,0.08986067771911621,0.8952164295198383,0.25662501616867156,0.8398341217766906,0.9584187204820586,4,45.97912215552197,6.780790673330211,0.3286745250225067,68.28817749023438,5.306931468891326,4.05859375
04317,0.01444244384765625,0.8538938202386882,0.27240838031778575,0.9154945853143159,0.8000602689900186,4,416.9390804816802,20.419086181356896,0.2502695620059967,68.56398010253906,5.590500926439589,4.5390625
04337,0.02456188201904297,0.9388825399496981,0.21660065006322962,0.9673752669384585,0.9120202207985356,4,26.186465706094637,5.11727131448926,0.3493056893348694,74.91100311279297,6.611971492622078,4.41796875
04344,0.13226056098937988,0.9306846051182434,0.3210307800114225,0.9157264381035474,0.9461395630782269,4,28.54522017276471,5.342772704576221,0.362741619348526,76.94632720947266,3.625536481299866,4.75
04360,0.014296770095825195,0.6364420103416444,0.14767188912403806,0.9358792629033603,0.482170255203805,4,1.5078203611022543,1.227933369976667,0.28578242659568787,58.982940673828125,4.841638812499719,4.4453125
04366,0.03581833839416504,0.4407241682089049,0.16801816412585144,0.2890709764166328,0.9271039114974319,4,808.4722130242116,28.433645791987555,0.49206963181495667,72.7381591796875,6.226403311566215,4.9765625
04368,0.06478214263916016,0.8082770137611559,0.24537377362312968,0.7574305524886278,0.8664413941775726,4,12.493706376904399,3.534643741157572,0.31171053647994995,65.90106201171875,3.5385350433225664,3.388671875
04376,0.20458292961120605,0.8516851318681213,0.29908222201578,0.745750702437876,0.992698704521652,4,64.6656620032486,8.041496254009486,0.40655022859573364,76.03672790527344,4.887303882366423,4.80859375
04380,0.02020883560180664,0.9893515164662411,0.3379589155317482,0.9851820391213043,0.9935564358473093,4,33.104706741179925,5.753668980848649,0.46040669083595276,74.9085464477539,8.730842161056927,4.1484375
04388,0.007595539093017578,0.5953844162586226,0.14895815649426858,0.9742293929311319,0.42868375267665954,4,24.49783840499344,4.949529109419748,0.21204958856105804,58.1547966003418,5.540412752054346,3.91015625
04403,0.08107399940490723,0.8546201597195425,0.28212332439678284,0.7778055515528645,0.948269461924627,4,22.961127207382034,4.791777040658511,0.41083550453186035,74.63587951660156,4.167030756244085,4.97265625
04407,0.12742328643798828,0.8873322084568542,0.29379356546982915,0.8271594081414234,0.9569465449369482,4,32.249347142803515,5.67885086463833,0.363066166639328,75.25846099853516,3.6805038466717064,4.90625
04420,0.0048334598541259766,0.7887382633650847,0.22933500739877136,0.9358753021259804,0.6815810242020344,4,206.72681141101742,14.377997475692414,0.3409537971019745,67.98507690429688,5.950733270217866,4.56640625
04433,0.023887157440185547,0.6882417920345243,0.21768335724207027,0.6209501946302026,0.7718906142843147,4,1.4258129848481256,1.1940741119579328,0.3479662835597992,76.79103088378906,4.50002055054802,4.84765625
04443,0.040807485580444336,0.7513318147148536,0.1907710455834615,0.9781957127583124,0.6098864765071688,4,118.68734047502261,10.894371963313104,0.1826687902212143,56.31932830810547,4.596836436351284,3.82421875
04451,0.003966331481933594,0.7291318398796052,0.2514832934318726,0.6628997355133446,0.8100679148311307,4,17.922962552525394,4.233552001868572,0.37213289737701416,70.77737426757812,6.382077338701036,4.4140625
04453,0.03551816940307617,0.8988958284963047,0.3025553397193635,0.8324271349362976,0.9769006237164372,4,30.37792566380624,5.511617336481756,0.29896894097328186,68.81119537353516,4.948648924261912,4.296875
04463,0.07663679122924805,0.8247305519446329,0.24020798685466388,0.8246660320186163,0.8247950819672131,4,8.043672953671656,2.8361369772406366,0.3271225690841675,74.63932037353516,3.9462736169597643,4.7265625
04497,0.05983400344848633,0.8952531678857384,0.26804808304760874,0.874439158119556,0.9170821969572504,4,22.325174510967987,4.724952328962482,0.3843655288219452,75.01225280761719,3.760833854592094,4.9296875
04509,0.04167771339416504,0.5229345369271142,0.14674499460496343,0.4020616787465176,0.7477250957854407,4,25.40190633582729,5.040030390367432,0.30050089955329895,68.33631134033203,3.6860607569287795,4.8984375
04524,0.03426241874694824,0.8255195934690082,0.24055952265219313,0.8787393794317605,0.7783780687071576,4,9.76852062547813,3.1254632657380776,0.28755488991737366,70.14956665039062,3.7066361332692126,4.88671875
04525,0.011289119720458984,0.6366883644988995,0.16074936040273996,0.9438648363252375,0.48035804655870445,4,171.90323397103936,13.111187359314158,0.28143641352653503,68.2531509399414,5.800285941377353,4.87890625
04526,0.019637346267700195,0.7780293180812271,0.22383930159685828,0.9470770351484247,0.6601893725268513,4,17.213189322839703,4.148878080016296,0.28741568326950073,73.58788299560547,5.212962541972883,4.9921875
04528,0.0680840015411377,0.8264581155220753,0.2513431790885333,0.848776985975172,0.8052829354553492,4,20.860381995529664,4.567316717234493,0.3246989846229553,73.6307144165039,3.9464305649692704,4.90234375
04535,0.13296723365783691,0.800985296878676,0.2649889750083643,0.6716400247442644,0.992032067480514,4,803.0378791604543,28.33792298599977,0.3032797873020172,72.59268951416016,5.5926981703696095,4.94921875
04537,0.025597333908081055,0.8701620454476697,0.25655098577298546,0.901986717956838,0.8405065685397896,4,29.043334409629747,5.389186804113376,0.26168620586395264,68.90352630615234,4.110258390138075,4.8515625
04548,0.08939528465270996,0.8702561052796689,0.22828572328219598,0.9783785081250617,0.783653157924874,4,49.18756408611143,7.0133846383976,0.18860280513763428,61.902679443359375,5.934124031848492,4.6640625
04568,0.03582286834716797,0.9220652174586339,0.27748430180404665,0.9226166706599579,0.9215144230769231,4,14.089030489279773,3.753535731717466,0.3165646493434906,65.28277587890625,4.400707624717524,3.4296875
04579,0.06779980659484863,0.8841746866639275,0.2873988171037233,0.8246915143139468,0.952905661471828,4,27.41353874790388,5.235793994028401,0.33489978313446045,74.19236755371094,3.727715531931175,4.8125
04581,0.09989476203918457,0.9161781468965413,0.276442205245707,0.9315542890147473,0.9013013566603025,4,27.949056208868193,5.286686694789865,0.25674617290496826,64.00182342529297,3.7250943191099406,3.982421875
04583,0.017502546310424805,0.9476135874672789,0.3317347822254942,0.9577992398959284,0.9376422927547877,4,6.030947355038305,2.4557987203837177,0.40994998812675476,71.86422729492188,5.260117733244961,4.86328125
04592,0.02782464027404785,0.8956271024250118,0.24953802555714444,0.9398997472259115,0.8553376359647076,4,15.917775222063419,3.98970866380785,0.26302796602249146,66.21665954589844,6.163838087652294,4.67578125
04608,0.2287895679473877,0.7663154733821228,0.26353615291339977,0.6222195822691022,0.9972659848359591,4,123.31689790236258,11.104814176849723,0.4361836612224579,73.42849731445312,6.5648701441896,3.8984375
04641,0.037628889083862305,0.8374393081501805,0.2235691370973102,0.90950217643369,0.7759576173713011,4,50.15148142356215,7.081771065458284,0.24429039657115936,68.7848892211914,4.750481508008072,3.900390625
04653,0.0046384334564208984,0.8877707157151046,0.2933721654162314,0.9338473400154202,0.8460271935415339,4,308.5567750848143,17.565784214910938,0.257657915353775,54.704498291015625,10.174335109244508,2.908203125
04659,0.15607714653015137,0.9449572780895584,0.32792419408339063,0.920665714482116,0.9705654349118288,4,65.0584376073383,8.065881080659342,0.3573992848396301,75.68252563476562,3.8778461627948193,4.37109375
04675,0.018399477005004883,0.598179944962423,0.13640711831175167,0.9881046479986524,0.42892002518891686,4,27.480118967288913,5.2421483160331235,0.18666140735149384,63.78487014770508,7.1646373501722245,4.0390625
04678,0.010884523391723633,0.806009861485677,0.2422522696819221,0.8014150220138874,0.810657692963026,4,34.41328168509984,5.866283464434687,0.33765435218811035,70.42326354980469,6.454985831398611,4.9765625
04694,0.03317141532897949,0.662028570374394,0.20040514234330378,0.6487411144892223,0.6758717126782677,4,59.35908955317759,7.704485028421925,0.27069106698036194,71.66706848144531,4.6173042968160045,4.78515625
04697,0.009526968002319336,0.5024085846953172,0.1164802364240857,0.9472709527265447,0.3418616964237842,4,52.1235179647738,7.219661901001583,0.2689973711967468,70.71405792236328,4.849591309656789,4.984375
04701,0.04426836967468262,0.7423235849394875,0.2124079419828104,0.7001319509896324,0.789926451273969,4,25.67894628846835,5.067439815969041,0.22388744354248047,64.30581665039062,4.385080763135038,3.255859375
04704,0.0360865592956543,0.9417755761981887,0.30536757893550237,0.9333302501354405,0.9503751344912389,4,56.4643903971844,7.514279100298604,0.4048202335834503,73.5427017211914,5.69328911650535,4.9765625
04712,0.009920358657836914,0.49051440116751294,0.1110820405810419,0.9715446177509673,0.32807716003285786,4,55.19573952890758,7.4293835228037315,0.2127508670091629,64.39363098144531,5.9668328772408055,4.67578125
04719,0.010825634002685547,0.6300738262351363,0.17372088393390403,0.8332378980751443,0.5065615522202348,4,6.750638461229863,2.5981990803689126,0.31508660316467285,72.54576110839844,4.273542823032922,4.72265625
04720,0.22392582893371582,0.5738412604591925,0.19251907982052371,0.40382107147154056,0.9911390846404486,4,241.37266741834603,15.536172869093148,0.3063126504421234,67.81932067871094,5.944099544017867,3.056640625
04756,0.05733680725097656,0.8491829707476216,0.25736946829286267,0.809645387711653,0.8927802983098372,4,81.3209572081453,9.017813327417313,0.29148268699645996,70.90541076660156,4.541610516700535,4.42578125
04765,0.15546393394470215,0.9364774896977375,0.31040753498428975,0.9100470353324756,0.9644891025269783,4,51.201128115045634,7.1554963570003745,0.3483877182006836,77.11039733886719,3.185482096359462,4.90234375
04774,0.04615044593811035,0.8818739109901436,0.2891274323043558,0.8523317266711096,0.9135375142369021,4,205.77653927156416,14.344913358802978,0.3040216863155365,64.87108612060547,5.097567598817152,4.07421875
04775,0.05815911293029785,0.7608955424978754,0.21201858425930878,0.938676789498928,0.6397329425967755,4,7.158422203798896,2.6755227907455574,0.19084668159484863,74.98361206054688,3.3035696397950227,4.9609375
04780,0.05652356147766113,0.7214517590930457,0.2291260208992845,0.6094306912943895,0.883929106939363,4,39.61727824554127,6.294225786031295,0.35821533203125,69.11859130859375,4.049437537926742,4.94921875
04783,0.04598236083984375,0.9086672431562265,0.2755467062634989,0.9185384519661524,0.8990059433282638,4,10.66682954948866,3.2660112598533186,0.3856971263885498,72.79825592041016,4.067096328684949,4.90625
04795,0.020395517349243164,0.6436121793971666,0.14981149835758542,0.9761295224735519,0.4800751569210439,4,7.8845778744983805,2.807949051264709,0.21094341576099396,60.576168060302734,6.469470976038556,4.875
04830,0.0021326541900634766,0.9493391149195357,0.3314442364973509,0.9496925656791504,0.9489859271523179,4,510.31972098168745,22.59025721371245,0.41976699233055115,66.78473663330078,11.767064819610132,4.484375
04839,0.03125357627868652,0.8632255745001159,0.23112134972224962,0.8734199424809478,0.8532664338968813,4,84.96929178737791,9.21787892019514,0.33065685629844666,72.04993438720703,5.698183906219565,4.5390625
04856,0.01409292221069336,0.7667541994037272,0.2618987019597862,0.6536288276095416,0.9272330140145467,4,28.60429723609532,5.348298536553034,0.3338145613670349,74.83909606933594,5.298762606466686,4.65625
04864,0.031897783279418945,0.7866269755539614,0.2330779727216239,0.8286406206788302,0.7486680888929451,4,43.505435033928165,6.595864995125974,0.32375282049179077,70.81262969970703,4.229383751587667,4.45703125
04870,0.12401819229125977,0.882753878274863,0.27975832929078803,0.816842570698041,0.9602356202704878,4,44.5183666933618,6.672208531915186,0.38976719975471497,73.12020874023438,3.655884681720964,4.953125
04873,0.03632545471191406,0.7692603355094736,0.22597280096191721,0.704410606458388,0.8472612359550562,4,174.2248696151131,13.199426866917863,0.3095071315765381,72.52216339111328,4.45131887331806,4.08984375
04878,0.027683496475219727,0.7346966353606946,0.20904473579438887,0.9320747892139554,0.6063043314406311,4,15.320884921388116,3.9141901999504465,0.2805531322956085,72.33842468261719,4.652844590704647,4.859375
04890,0.015659093856811523,0.5430755853467824,0.1177553324498681,0.9722742429086922,0.37675962439797006,4,13.95065960836603,3.735058180051019,0.18203143775463104,65.5059814453125,5.830262199474036,4.31640625
04897,0.03836941719055176,0.834176053300792,0.24540290041779614,0.8617996309023009,0.8082683338694114,4,12.244453871253425,3.499207606195069,0.3866206407546997,73.08636474609375,4.40508557741113,4.96484375
04911,0.046381235122680664,0.8505876464332591,0.27332691156874217,0.7697713031454171,0.9503639558232931,4,33.009750045104,5.745411216362498,0.2968641519546509,69.67955780029297,4.307469869826725,4.546875
04916,0.01741480827331543,0.7190589050859206,0.24281003791646322,0.5748120969839684,0.959956057211787,4,6.4456744288530645,2.5388332810275402,0.33552584052085876,68.57550811767578,5.321212859908836,3.6953125
04953,0.0023794174194335938,0.18595612987310925,0.040541906273055275,0.9979959919839679,0.10253027412599013,4,6.81229335115712,2.610037040188725,0.19873137772083282,59.10136795043945,8.71225999464046,4.015625
04958,0.0321958065032959,0.8343943846731563,0.23301078834548916,0.9001251490310207,0.7776101584545257,4,73.14389903423063,8.552420653489316,0.27483025193214417,57.860111236572266,4.649774642938891,4.9375
04960,0.00846552848815918,0.7631212364376625,0.21536331042900145,0.9455881938772637,0.6396836456356736,4,34.29916466505024,5.8565488698593,0.33585962653160095,69.60950469970703,6.148538424144953,4.67578125
04969,0.18048453330993652,0.760040343404149,0.2691622766766621,0.6144844103158887,0.9959577311110408,4,102.5986996349395,10.129101620328404,0.32310330867767334,72.90484619140625,4.3810632187054,4.4296875
04972,0.026446104049682617,0.8352646012993532,0.27274612756388567,0.7596530926859173,0.9275917610308473,4,62.10813688415965,7.880871581504145,0.35059502720832825,69.82868957519531,4.654240199720138,4.703125
04976,0.0944678783416748,0.8721229215617748,0.29046935523372214,0.8028604814916702,0.9544641468346554,4,16.64794771531489,4.080189666585965,0.40303313732147217,75.30260467529297,4.313710391440106,4.984375
04994,0.024609804153442383,0.7363479363134082,0.19441461590301487,0.8330475387760242,0.6597630783908411,4,37.39880505812084,6.115456242842462,0.33794522285461426,73.1876449584961,4.731193394751673,4.84375
